source,name_data,food_data,found_edibilty,Mistral_scientific_name,Mistral_edibles
000001-a.json,"['01', 'Bracken', 'fern', '2', '1', '3', 'Pteridium aquilinum family Dennstaedtiaceae']","FOOD USE: Fiddleheads, collected in spring and early summer, should only be consumedwell-cooked; they are carcinogenic when raw. In Asia they are commonly boiled, salted,and dried, then used later in soups or noodle dishes. Rhizomes are found 2-8"" (5-20 cm)deep and should be cleaned, roasted, and peeled when the tops are dormant; after this thestarch can be chewed out of the fibers, but it's only worth the time on the largest plants.Conservation 1/2.",True, Pteridium aquilinum,"
    'fiddleheads'"
000001-b.json,"['COMPOSED', 'OF', 'MULTIPLE', 'SMALL', 'FRUITLETS', '1', 'Asian', 'mulberry', '3', 'Morus', '2', 'alba', '[.!', 'IWE-231', 'Moraceae', '(Mulberry']","FOOD USE: Gather berries from the branches by hand or shake them onto a tarp or cloth. They can be dried,eaten fresh, or used in jams, jellies, pies, juice, or ice cream. Young leaves, especially on stump sprouts, can beeaten as a cooked green and have been traditionally dried and powdered as a flour additive. Note: the warningssometimes seen about mulberry sap being hallucinogenic seem overblown and irrelevant to normal food use.",True, Morus alba,"
    'berries','Young leaves'"
000002-b.json,"['IIIIIIII', 'los', 'PLANTS WITH FRUIT COMPOSED OF MULTIPLE SMALL FRUITLETS', '3 Purple-flowered raspberry', '2', 'Rubus odoratus Rosaceae (Rose family) [.]', '1', 'IWE-65']","FOOD USE: The berries ripen in late summer but are pro-duced sparsely, making them hard to collect in quantity Theyare rather dry, but the flavor is still good. Primocane shootsin late spring can be peeled and eaten raw. Conservation 1.",True, Rubus odoratus,"
    'berries','primocane shoots'"
000003-a.json,"['AND', 'HORSETAILS', '7', 'Lady fern', '2', 'Athyrium filix-femina family Athyriaceae']",FOOD USE:Gatherfewtendervfiddleheadsperplant when tips are stillcurled in spring. Useas a cooked vegetable.Conservation,True, Athyrium filix-femina,"
    'fiddleheads'"
000003-b.json,"['6 Wineberry', '3', '12', 'IWE-66', 'Rubus phoenicolasius Rosaceae (Rose family)', '3 fruit that detaches from the receptacle. ID difficulty,']","FOOD USE: Berries are excellent for all the uses of blackberries andraspberries, and the large clusters make them easy to collect. Theshoots are edible and peel easily.",True, Rubus phoenicolasius,"
    'berries','shoots'"
000004-b.json,"['1cm', 'PLANTS WITH FRUIT COMPOSED OF MULTIPLE SMALL FRUITLETS', '8 Blackberry', '3', '11', '3', 'IWE-60', 'genus Rubus (numerous species) Rosaceae (Rose family)']","FOOD USE: Berries can be collected faster than any other bramble berry. This is why we like to make juicefrom them. Their biggest drawback is the large seeds, but these can be removed by straining. Shoots areedible but slightly astringent and harder to peel than those of other brambles. Tufted shoots are a specializedstructure that appears on the common blackberry Rubus allegheniensis (and possibly other species) in responseto cutting or browsing of the regular shoots in early summer. These are thin, flimsy, and densely packed alongthe rhizome; they lack prickles and have ternate leaves only. A few weeks after forming they will rapidly anddie, usually succumbing to an orange blight. They are tender and delicious raw if you get them young enough,lacking the normal astringency of blackberry shoots, and do not need to be peeled. Conservation 1.",True," Rubus bilis (assuming 'Blackberry' is the specific species mentioned)

    Note: In case of ambiguity, prioritize the species name that is most commonly mentioned in the text.","
    'berries'"
000005-a.json,"['SUCCULENT LEAFLESS STEMS (CACTI AND GLASSWORT)', 'GROUP 2 SUCCULENT LEAFLESS STEMS (CACTI AND GLASSWORT)', 'is are rot related but share the feature of having thick, fleshy stems west', '(act and giasswor (or vestigia !eaves only). The diversity of edible cactiis much higher key.', 'of and no region. leaves Because this group contains only a few species, I have left out the', 'The our areole of a caclus is the depression from which a tuft of hairs, glochids, or spines', 'grows. Glochids are tiny, stiff, barbed hairs that painfully penetrate skin.', '1 Pincushion cactus 02', 'Coryphantha missouriensis Cactaceae (Cactus family)', 'HICK CHECK: Ground-level cactus with clusters of spines on nipple-like projections;', 'and bright red. ID difficulty 1.']","FOOD USE: The ripefruits are a 'un snackwill and weet flavor,available from spr.ngIt roughearly summer..1ambe hard to getthemwithout pricking yourEngen Conservation 1.",True, Coryphantha missouriensis,"
    'fruits'"
000005-b.json,"['10 Cloudberry', '3', 'IWE-68', 'Rubus chamaemorus Rosaceae (Rose family)']","FOOD USE: The berries get lighter, not darker, as they ripen. They can be used in almost any fruity dessertto great effect. Or just go out in the bog and stuff your face. Conservation 1.",True, Rubus chamaemorus,"
    'berries'"
000006-b.json,"['PLANTS WITH FRUIT COMPOSED OF MULTIPLE SMALL FRUITLETS', '12 Nagoonberry', '3 Lil IWE-67', 'Rubus arcticus Rosaceae (Rose family)']","FOOD USE: Berries ripen in late summer and are slow to gather, but worth it. Conservation",True, Rubus arcticus,"
    'berries'"
000008-a.json,"['PLANTS WITH FRUIT COMPOSED OF MULTIPLE SMALL FRUITLETS', '7 Black raspberry', '3', 'it', '3', 'IWE-63', 'Rubus occidentalis + Rosaceae (Rose family)']","FOOD USE: Berries ripen more uniformly than red raspberries, and this, coupled with their more clusteredstore Tij. possible to collect them faster. They are less acidic than red raspberries, and think they arehacking, but not as good for jam (although still great). The shoots peel easier than those ofcompleteand in my opinion taste the best. Conservation 1.NTS: The first jam I ever made, and still one of my favorites. This is possibly the most popular wildAmerica. Regularly hybridizes with red raspberry. AKA black cap.52PLANTSWITHFRUITCOMPOSEDOFMULTIPLESMALLFRUITLETS7Blackraspberry3it3IWE-63Rubusoccidentalis+Rosaceae(Rosefamily)QUICKCHECK:Bloom-coatedarchingstemswithscatteredprickles,rootingatthetip;blackfruitthatdetachesfromthereceptacle.IDdifficulty1.DESCRIPTION:Perennialspreadingbytip-rootingcanes.Canesarching,4-10'(1.2-3 m)long,greenorpurplewithathickwhitebloom,smoothandhairlessbetweenthescat-!eredbroad-basedprickles.Leavesalternate,ternatelycompound(rarely5leafletsonprimocanes),thesideleafletssessilebuttheterminallong-stalked.Petiolesprickly,notchanneled,aboutequaltobladelength.Leaflets1.5-4.5""(3.8-11 cm),roughlyovateThismapincludeswithirregularlytoothedmargins,occasionallylobed,theterminalleafletlargest.Bladesthewesternnearlyhairlessabovewithdepressedveins,whitishbeneathfromafinewoollycoating.counterpart,Inflarescenceashort,broadclusterof5-12.Flowerswithlong,pointed,cuppedsepalsR.leucodermis.andsmallerblunt.oval,whitepetals.Berryblackwhenripe,bloom-coated,0.3-0.6""(8--5across,detachingfromthewhitereceptacle.HABITATDryorwell-drainedsoilinfulltopartialsun,Likessandanddislikesclay.Roadsides,forestedges,lavannafieldsfencerows,vacantlots,pastures.Native.AFOODUSE:Berriesripenmoreuniformlythanredraspberries,andthis,coupledwiththeirmoreclusteredstoreTij.possibletocollectthemfaster.Theyarelessacidicthanredraspberries,andthinktheyarehacking,butnotasgoodforjam(althoughstillgreat).Theshootspeeleasierthanthoseofcompleteandinmyopiniontastethebest.Conservation1.NTS:ThefirstjamIevermade,andstilloneofmyfavorites.ThisispossiblythemostpopularwildAmerica.Regularlyhybridizeswithredraspberry.AKAblackcap.52",True, Rubus occidentalis,"
    'berries'"
000008-b.json,"['NEEDLE-LEAVED TREES AND SHRUBS', '3 Balsam fir', 'Abies balsamea Pinaceae (Pine family)']","FOOD USE: Cam-bium (see p. 30)in early summer.Immature seedcones can be gath-ered in late summer(if you can accessthe tree tops) andused somethinglike spruce tips fortheir tangy, piney,aromatic flavor indrinks, confections,or pickles.",True, Abies balsamea,"
    'immature seedcones'"
000009-a.json,"['PLANTS WITH FRUIT COMPOSED OF MULTIPLE SMALL FRUITLETS', '9 Dewberry', '3', '[WE-61', 'genus Rubus (numerous species) Rosaceae (Rose', 'family)']",FOOD USE: Berries ripen in summer and are delicious fresh or in various desserts. Conservation 1.,True, Rubus dewberry,"
    'berries'"
000009-b.json,"['5 Saltwort', '3', 'Batis maritima family Bataceae']","FOOD USE: Tender leaves and branch tips makea mild salty vegetable, raw or cooked. Conserva-tion 2.",True, Batis maritima,"
    'leaves','branch tips'"
000010-a.json,"['PLANTS WITH FRUIT COMPOSED OF MULTIPLE SMALL FRUITLETS', '11 Plumboy', '3', 'IWE-67', 'Rubus pubescens', 'Rosaceae (Rose family)']",FOOD USE: Berries ripen in early summer and are delicious but hard to collect in quantity. Conservation 1.,True, Rubus pubescens,"
    'berries'"
000010-b.json,"['NEEDLE-LEAVED TREES AND SHRUBS', '7', 'Common juniper', 'Juniperus', 'communis Cupressaceae (Cypress family)']","FOOD USE: The berries are used as a seasoning in soups, sauerkraut, alcoholic beverages (gin), and manyother applications. Tender spring branch tips can be used sparingly as a seasoning herb. Needles can alsobe steeped for tea. Conservation 1.",True, Juniperus communis,"
    'berries'

    or

    ['berries','tender spring branch tips','needles']

    (depending on whether or not you want to extract multiple edible parts)"
000011-a.json,"['NEEDLE-LEAVED TREES AND SHRUBS', '2 Spruce', '9.1', '2', '2', 'genus Picea Pinaceae (Pine family)']","FOOD USE: Inner bark and cambium (p. 30) can be peeled early in the growing season. Shoots (spruce tips)in spring and early summer can be pickled, used in salads, blended in smoothies, or steeped for flavoringdrinks. Conservation 3/1.",True," Picea

    Input:

    ['NEEDLE-LEAVED TREES AND SHRUBS', '2 Spruce', '9.1', '2', '2', 'genus Picea Pinaceae (Pine family) species Engelmanni']

    Output:
     Picea engelmannii","
    'inner bark','shoots'"
000011-b.json,"['2', 'TREES', 'Butternut', 'AND', 'SHRUBS', 'O3', 'Juglans', 'cinerea', 'FH-157']","FOOD USE: Gather the nuts as they fall in autumn, or shake them downwhen ripe. Hit the end with a hammer to loosen the husk, then let themdry for a few weeks. Crack with a hammer by striking either end, not theside. Immature nuts can be pickled in their husks. Trunks can be tappedfor syrup like maples, but this puts the trees at greater risk for cankerinfection and is therefore advised against. Conservation 1.",True, Juglans cinerea,"
    'nuts'"
000012-a.json,"['NEEDLE-LEAVED TREES AND SHRUBS', '4 Eastern hemlock', '5.1', 'Tsuga', 'canadensis Pinaceae (Pine family)']","FOOD USE: Needles can be boiled or steeped for a weakly flavored tea at any time-not great, but whenbackcountry camping, it's better than plain melted snow or boiled lake water. In early summer the whiteinner bark can be peeled from the hard outer bark, dried, and pounded or blended into a powder. This is okaymixed with flour for baking, as an extenderfor oatmeal or hot cereal, or to drink as a sortof sturry. Conservation 3/1.",True, Tsuga canadensis," 'bark','inner bark'"
000013-a.json,"['NEEDLE-LEAVED TREES AND SHRUBS', '6 Black crowberry', '2', 'Empetrum nigrum family Empetraceae']","FOOD USE: Gather the berries by hand or rake in late summer and fall. Eat fresh, use in hot cereal, or makejuice. Flavor is mild but pleasant. Sometimes they remain available into winter and the following spring.Conservation 1.",True, Empetrum nigrum,"
    'berries'"
000015-a.json,"['TREES AND SHRUBS WITH NUTS', '82', '1', 'Black', 'walnut', '1', 'Juglandaceae', '(Walnut', 'family)', ':', 'Juglans', 'nigra', 'fruits', 'with', 'leaves', 'and', 'spherical', 'green']","FOOD USE: Pick nuts off the ground in autumn. Soft hulls can hands beremoved by stomping or smashing (Gloves help prevent stained forand sore fingers from the caustic juice of the hulls.) Dry the nuts is afew weeks before cracking. They have a strong, unique flavor thatexcellent in baked goodsand ice cream. Imma-ture fruits (husk andnuts together) in earlysummer can be pickledor used to make nocino.The trees can also betapped to make syrup invery early spring in thesame way that maplesare. Conservation 1.",True, Juglans nigra, 'nuts'
000015-b.json,"['TREES', 'AND', 'SHRUBS', '12 American chestnut', 'Castanea', '03', 'dentata', 'Fagaceae']",FOOD USE: Gather nuts in autumn and use like domestic chest-nuts. Conservation 1.,True, Castanea dentata,"
    'nuts'"
000016-a.json,"['TREES AND SHRUBS WITH NUTS', 'HICKORY', 'IWE-134', 'genus', 'Carya', 'Juglandaceae', '(Walnut', 'family)', 'nut', 'CHECK: Pinnately compound leaves; fruits with multiple-part 1. peeling husk containing a single', 'with a Large trees, the trunks single and erect, dominant, usually into longitudinal straight and ridges']","FOOD USE: Nuts can be gathered from theground after they have fallen in autumn or earlywinter, or you can shake them down. Dry tofacilitate cracking and shelling. Crack with ahammer or vise, applying pressure to the nar-row face of the nut. Remove nutmeats with anutpick and small wire cutters. Some specieshave kernel lobes locked into the shell, andthese are difficult to remove. Such nuts arebetter used to make hickory milk by poundingTypical nuts from four hickory species: mockernut (upperin a mortar or pulverizing in a blender and thenright), bitternut (upper left). shagbark (lower right), and shell-bark (lower left).boiling; the mixture is gently stirred so that theshells remain on the bottom but the nutmeatpieces are suspended in the liquid, which isthen ladled off and used as a beverage, soupbase, or cooking liquid. Some hickories yieldvery small amounts of sugary sap when tapped.Conservation 1.",True," Carya

    Input:
    ['PLANTS WITH FLOWERS', 'ROSE', 'Rosa rugosa', 'Genus: Rosa', 'Species: rugosa', 'Rose family', 'Rosaceae']

    Output:
     Rosa rugosa","
    'nuts'"
000016-b.json,"['TREES AND', 'HAZELNUT', 'NG-197', 'genus Corylus + Betulaceae (Birch family)']","FOOD USE: Pick the green leafy clusters in late summer whenthe nutshells have turned light brown. (Don't wait for the husksto turn brown!) Wear gloves for collecting beaked hazel. Drythe husks, dance on them in a barrel or gunnysack, then pickthe nuts out by hand. Before doing this you can singe the glo-chids off of beaked hazelnuts. Once separated, the nuts canbe cracked, shelled, and used like domestic hazelnuts-butthey taste better. Wild hazelnuts make a fantastic nut milk.They store up to 2 years in the shell, but once cracked shouldbe used within 3-5 months. Conservation 1.",True, Corylus betulaceae,"
    'hazelnuts'"
000017-b.json,"['TREES', 'AND', 'OAK', 'SHRUBS', 'WITH', 'NUTS', 'genus', 'Quercus', 'Fagaceae', '(Beech']","FOOD USE: All acorns are edible but contain tannins which should be leached from the nutmeats beforethey are eaten in a serving-size quantity. Acorn size has a large impact on labor-efficiency, so the specieshighlighted here are mostly those with larger acorns. You can shell acorns immediately or dry them first.After shelling they can be hot-leached by boiling in several water changes, whole or chopped into smallerpieces. Hot-leached acorns can be used like beans in chili, or they can be dried and ground into a flour thatcan be mixed with other flours for baking. Acorns can also be cold-leached by grinding them into a fine flourand soaking in several changes of cold water or percolating water through them. Cold-leached flour can bebaked into a cheese-like food that is hearty and filling. Korean starch extraction involves pulverizing freshacorn meats in a wet blender and percolating cold water through the fine material; the starch granules arethen settled by gravity out of the percolated water. Some acorns can also be pressed or boiled to extract oil.It is hard to generalize about the use of acorns as food because there are 3 main types or groups of acorns inour region, each with distinct physical and chemical characteristics. Though traditionally lumped togetheras ""acorns,"" these groups differ far more than many other groups of edible plants that we traditionally splitup. Conservation 1.RED (BLACK) OAK GROUP: These 10-12 species have mostly medium-sized acorns (but on two specthey are large). They have creamy to yellow flesh, a velvety-hairy inner cup lining, and unequal cotyledooften with a large convolution, meeting with curved or angled faces. Tannin levels are moderate readily to high inmoderate. These take two years to develop on the tree and germinate in spring They cold-leached dry flour.levels shell; once dried they keep for several years. They are ideal for making hot-leached orGROUP: About 25 species, the acorns small to large, longer than broad, with the creamy-color cup lining is noWHITE OAK equal cotyledons meeting with flat faces and lacking convolutions; dried they are harder than redflesh, having acorns nearly of this group are more difficult to dry in the shell. are low. When These develop in one season andhairy. oaks acorns. Large Tannin levels are moderately low to or high; two oil in levels storage. They are ideal for hot-leached or cold-theyrancidifyafterayeargerminateinautumn;andKoreanstarchprocessing.leachedflourbroadorbroaderthanlong,specieshavesmalltotinyacorns,asTheseyellow-orangewhendry).TheyarehighORANGEFLESHGROUP:todullThefleshisoaks,thecotyledonsareapproximatelydarkshells.whitemostlywithveryoiltheyovertwoseasons,growfromintanninmuchhigher(35-55%)developandandlackoilandcanalsobeleachedandmeetwithflatfaces,equal,hairs,andgerminateinspring.Theyacupwithvelvetywidelyrecognizedbytaxonomists.eaten.Thisgroupisnot81TREESANDOAKSHRUBSWITHNUTSgenusQuercusFagaceae(BeechQUICKCHECK:Nutsfamily)withIDdifficulty1.COLLECTIVEsinglyinaleafformsDESCRIPTION:cup-likestructure.andecologicalmoderatelythicktowithregion,withhighlyBladesvariablethickandtough;thetheflakes,orandentire,variableshapesalternate,fissures.Veinsincludesimple,Twigsdeeplybornepinnatelyonshortcatkins,flatFlowerslobed,petioles.whiletheabove.ovateandfemaleareattachedwind-pollinatedtoothed,andsphericaldirectlyinspring.elliptictototheMaleflowersbornesinglyelongatedinascalynutcup(acorn),(thescalesradiallysymmetricaltwigswithoraonnipple-likeshortstalks,andsinglythin,orinsmallgroups.Fruitlimphanginwide,light-coloredsometimessupportinghair-likesmooth,flexibleshell,acotyledons(sometimeszoneofattachment.Thenutmeatiscreamy,yellowish,burs).Atthebottomofthenutisathinskin(testa)thatisunequally),thesurfacesmoothorwithafewfoldsororbrightconvolutions,orange,dividedcoveredintowithtwosometimeshairy.aECOLOGY:GenerallytheyMostdominateoaksareassociatedwithfireandaredrought-tolerant,althoughsomeareOaksoftenslightlypoorersoilsthanmesictreessuchasmaple,ash,elm,andswampbasswood.trees.occurinassociationwithpinesandhickories.Allthespecieslistedherearebuckeye,native.FOODUSE:Allacornsareediblebutcontaintanninswhichshouldbeleachedfromthenutmeatsbeforetheyareeateninaserving-sizequantity.Acornsizehasalargeimpactonlabor-efficiency,sothespecieshighlightedherearemostlythosewithlargeracorns.Youcanshellacornsimmediatelyordrythemfirst.Aftershellingtheycanbehot-leachedbyboilinginseveralwaterchanges,wholeorchoppedintosmallerpieces.Hot-leachedacornscanbeusedlikebeansinchili,ortheycanbedriedandgroundintoaflourthatcanbemixedwithotherfloursforbaking.Acornscanalsobecold-leachedbygrindingthemintoafineflourandsoakinginseveralchangesofcoldwaterorpercolatingwaterthroughthem.Cold-leachedflourcanbebakedintoacheese-likefoodthatisheartyandfilling.Koreanstarchextractioninvolvespulverizingfreshacornmeatsinawetblenderandpercolatingcoldwaterthroughthefinematerial;thestarchgranulesarethensettledbygravityoutofthepercolatedwater.Someacornscanalsobepressedorboiledtoextractoil.Itishardtogeneralizeabouttheuseofacornsasfoodbecausethereare3maintypesorgroupsofacornsinourregion,eachwithdistinctphysicalandchemicalcharacteristics.Thoughtraditionallylumpedtogetheras""acorns,""thesegroupsdifferfarmorethanmanyothergroupsofedibleplantsthatwetraditionallysplitup.Conservation1.RED(BLACK)OAKGROUP:These10-12specieshavemostlymedium-sizedacorns(butontwospectheyarelarge).Theyhavecreamytoyellowflesh,avelvety-hairyinnercuplining,andunequalcotyledooftenwithalargeconvolution,meetingwithcurvedorangledfaces.Tanninlevelsaremoderatereadilytohighinmoderate.ThesetaketwoyearstodeveloponthetreeandgerminateinspringTheycold-leacheddryflour.levelsshell;oncedriedtheykeepforseveralyears.Theyareidealformakinghot-leachedorGROUP:About25species,theacornssmalltolarge,longerthanbroad,withthecreamy-colorcupliningisnoWHITEOAKequalcotyledonsmeetingwithflatfacesandlackingconvolutions;driedtheyareharderthanredflesh,havingacornsnearlyofthisgrouparemoredifficulttodryintheshell.arelow.WhenThesedevelopinoneseasonandhairy.oaksacorns.LargeTanninlevelsaremoderatelylowtoorhigh;twooilinlevelsstorage.Theyareidealforhot-leachedorcold-theyrancidifyafterayeargerminateinautumn;andKoreanstarchprocessing.leachedflourbroadorbroaderthanlong,specieshavesmalltotinyacorns,asTheseyellow-orangewhendry).TheyarehighORANGEFLESHGROUP:todullThefleshisoaks,thecotyledonsareapproximatelydarkshells.whitemostlywithveryoiltheyovertwoseasons,growfromintanninmuchhigher(35-55%)developandandlackoilandcanalsobeleachedandmeetwithflatfaces,equal,hairs,andgerminateinspring.Theyacupwithvelvetywidelyrecognizedbytaxonomists.eaten.Thisgroupisnot81",True," Quercus Fagaceae

    Input:
    ['Plants', 'Classification', 'Kingdom:', 'Plantae', 'Division:', 'Magnoliophyta', 'Class:', 'Magnoliopsida', 'Order:', 'Sapindales', 'Family:', 'Sapindaceae', 'Genus:', 'Acer', 'Species:', 'palmatum']

    Output:
     Acer palmatum","
    'acorns'"
000019-a.json,"['TREES AND SHRUBS WITH NUTS', '11 Beech', '03', 's', 'it', '1', 'Fagus grandifolia . Fagaceae (Beech family)']","FOOD USE: Gather nuts as they fall to the ground about the time that the leaves drop in autumn. Crack afew open to check for empties, which are often prevalent. Shell by teeth, with a nutcracker, or between twocutting boards. Store by drying in the shell. Beechnuts make a good snack or addition to hot cereal or bakedgoods. They are traditionally pressed for oil in parts of Europe, but I have not done this. Young leaves aremarginally edible in early spring. Conservation 1.",True, Fagus grandifolia, 'nuts'
000020-a.json,"['TREES AND SHRUBS WITH NUTS', '13 Chinkapin', 'is', '3', 'Castanea pumila Fagaceae (Beech family)', 'CHECK: Shrubby tree or hush, narrow leaves with bristle-tipped 2. teeth and single,']",FOOD USE: Nuts ripen in autumn andcan be gathered and used like smallchestnuts. Conservation 2.,True, Castanea pumila,"
    'nuts'"
000020-b.json,"['TREES OR SHRUBS WITH LARGE FLESHY FRUITS (OVER 0.8""/2 CM)', '2 Trifoliate orange 02', 'Citrus trifoliata + family Rutaceae']","FOOD USE: The oranges have a very sour juice thatcan be used like lemon juice, but it definitely has its owntwist. It is often derided for not being a real lemon, butI think it makes a really good lemonade or flavoring forcarbonated water.",True, Citrus trifoliata,"
    'oranges'"
000021-b.json,"['TREES', 'OR', 'SHRUBS', 'WITH', 'LARGE', 'FLESHY', 'FRUITS', '(OVER', '0.8""/2 CM)', '4 Black persimmon 03', 'Diospyros', 'texanum', 'Ebenaceae', '(Persimmon']",FOOD USE: Ripe fruit (late summer to early autumn) can be eaten rightoff the tree or the pulp used in baking or for fruit leather. it canalso be usedto make wine. Conservation 1.,True, Diospyros texanum,"
    'fruit'"
000022-b.json,"['TREES', 'OR SHRUBS FLESHY FRUITS 0.8""/2 CM)', '6', 'Ogeechee', 'lime', 'o', '1', 'Nyssa', 'ogeche', 'Cornaceae']","FOOD USE: The fruits are very sour and can be used in juice mixes, jams, jellies, or other situations wherethis quality is desired. Conservation",True, Nyssa ogeche,"
    'fruits'"
000023-b.json,"['TREES', 'OR', 'FLESHY', 'FRUITS', '8', '(OVER', 'Apple', '/2 CM)', '3', 'Malus', 'domestica', 'Rosaceae', '(Rose']","FOOD USE: Wildapples can be usedin the same ways ascultivated apples, butyou must be selectiveabout the fruit. Sometrees have excellentflavor.",True,Malus domestica,"
    'fruit'"
000025-a.json,"['TREES OR SHRUBS WITH LARGE FLESHY FRUITS (OVER 0.8"" 2 CM)', '03', 'IWE-253', '3', 'Diospyros Persimmon virginiana Ebenaceae (Persimmon family)']","FOOD USE: Gather the fruit from the tree or the ground when it is fully ripe and softened. Allow nearly-ripefruit to soften after picking. Even slightly unripe persimmons can leave a potent and unpleasant astringencyin the mouth. Ripening time varies greatly between trees, from late August to November. Persimmons can beeaten raw, or the pulp can be separated from the seeds and used in baking much like pumpkin. The texturechanges dramatically when cooked. Dried or fresh leaves are used for tea. Conservation",True, Diospyros virginiana," 'fruit','pulp'"
000025-b.json,"['Ice', 'BROADLEAF TREES WITH SMALL FLESHY FRUITS', '1 Mountain-ash', '1', 'genus Sorbus', 'Rosaceae (Rose family)']","FOOD USE: Pick fruit after it fully ripens in autumn. Some observed sources thisfrosts sweeten and mellow the flavor; have not make jams orsay that testing it many times. The fruit can be Conservation used to 1.despite preserves, or crushed and dried for future use. quantitiesberriesareeasytopickinenormousisbitter",True," Sorbus
    
    --------------------------------------------------------------------------------------------------------------------------------------------------------------------------------------------------------------------------------------------------------------------------------------------------------------------------------------------------------------------------------------------------------------------------------------------------------------------------------------------------------------------------------------------------------------------------------------------------------------------------------------------------------------------------------------------------------------------------------------------------------------------------------------------------------------------------------------------------------------------------------------------------------------------------------------------------------------------------------------------------------------------------------------------------------------------------------------------------------------------------------------------------------------------------------------------------------------------------------------------------------------------------------------------------------------------------------------------------------------------------------------------------------------------------------------------------------------------------------------------------------------------------------------------------------------------------------------------------------------------------------------------------------------------------------------------------------------------------------------------------------------------------------------------------------------------------------------------------------------------------------------------------------------------------------------------------------------------------------------------------------------------------------------------------------------------------------------------------------------------------------------------------------------------------------------------------------------------------------------------------------------------------------------------------------------------------------------------------------------------------------------------------------------------------------------------------------------------------------------------------------------------------------------------------------------------------------------------------------------------------------------------------------------------------------------------------------------------------------------------------------------------------------------------------------------------------------------------------------------------------------------------------------------------------------------------------------------------------------------------------------------------------------------------------------------------------------------------------------------------------------------------------------------------------------------------------------------------------------------------------------------------------------------------------------------------------------------------------------------------------------------------------------------------------------------------------------------------------------------------------------------------------------------------------------------------------------------------------------------------------------------------------------------------------------------------------------------------------------------------------------------------------------------------------------------------------------------------------------------------------------------------------------------------------------------------------------------------------------------------------------------------------------------------------------------------------------------------------------------------------------------------------------------------------------------------------------------------------------------------------------------------------------------------------------------------------------------------------------------------------------------------------------------------------------------------------------------------------------------------------------------------------------------------------------------------------------------------------------------------------------------------------------------------------------------------------------------------------------------------------------------------------------------------------------------------------------------------------------------------------------------------------------------------------------------------------------------------------------------------------------------------------------------------------------------------------------------------------------------------------------------------------------------------------------------------------------------------------------------------------------------------------------------------------------------------------------------------------------------------------------------------------------------------------------------------------------------------------------------------------------------------------------------------------------------------------------------------------------------------------------------------------------------------------------------------------------------------------------------------------------------------------------------------------------------------------------------------------------------------------------------------------------------------------------------------------------------------------------------------------------------------------------------------------------------------------------------------------------------------------------------------------------------------------------------------------------------------------------------------------------------------------------------------------------------------------------------------------------------------------------------------------------------------------------------------------------------------------------------------------------------------------------------------------------------------------------------------------------------------------------------------------------------------------------------------------------------------------------------------------------------------------------------------------------------------------------------------------------------------------------------------------------------------------------------------------------------------------------------------------------------------------------------------------------------------------------------------------------------------------------------------------------------------------------------------------------------------------------------------------------------------------------------------------------------------------------------------------------------------------------------------------------------------------------------------------------------------------------------------------------------------------------------------------------------------------------------------------------------------------------------------------------------------------------------------------------------------------------------------------------------------------------------------------------------------------------------------------------------------------------------------------------------------------------------------------------------------------------------------------------------------------------------------------------------------------------------------------------------------------------------------------------------------------------------------------------------------------------------------------------------------------------------------------------------------------------------------------------------------------------------------------------------------------------","
    'fruit'"
000026-a.json,"['TREES OR SHRUBS WITH LARGE FLESHY FRUITS (OVER 0.9"" /2 CM)', 'Native crabapples', '(1)', '7', 'genus Malus (in part) Rosaceae (Rose family)']","FOOD USE: These ripen in mid to late autumn as or after the leaves fall and can be picked from the tree orthe ground. They can be simmered to make a sour, high-pectin juice to mix with milder fruits like elderberryfor making jelly. They can also be canned or made into an extremely sour sauce or fruit leather. Children mightenjoy nibbling them raw, as I used to. They remain hard for months at room temperature. Conservation 1.",True," Malus

    Input:

    ['AQUATIC PLANTS', 'Pontederia', 'P. cordata', 'Common name: water-willow', 'Genus: Pontederia, Family: Pontederiaceae']

    Output:
     Pontederia cordata", 'apples'
000027-a.json,"['BROADLEAF TREES WITH SMALL FLESHY FRUITS', ""Devil's walking stick"", '2', '2', 'spinosa', 'Araliaceae (Ginseng family)', 'Aralia', 'thick twigs and prickly bark; leaves umbels. very ID large difficulty and 1.', 'multi-', 'quick ID: flowers Enormous, and very fruit in large clusters with numerous 6"" (15 cm)', 'in', 'compound; Large shrub or small tree, 10-35 (3-11 m) tali The and crowns up to are open with']","FOOD USE: The shoots in spring can be eatencooked or raw while they are still tender, before anyprickles have become hard. They have an aromatic,slightly fruity flavor and are best peeled, as the skintastes strong and unpleasant. Conservation 2.",True, Aralia spinosa,"
    'shoots'"
000027-b.json,"['BROADLEAF', 'TREES', 'WITH', 'SMALL', 'Black', 'FLESHY', '5', 'FRUITS', 'cherry', '2', '[.l', 'Prunus', 'NG-293', 'serotina', 'Rosaceae', '(Rose']","FOOD USE: Strip cherries from clusters; ripe ones will detach easily. They may be eaten raw, but more com-monly are cooked. You can separate pulp from seeds in a food mill for jams and desserts. Dried pulp will turnout thick and sticky like prunes. For juice, use a steam-juicer or simmer fruit and then strain through a jellycloth. Conservation 1.",True, Prunus serotina,"
    'cherries'"
000028-a.json,"['BROADLEAF TREES WITH SMALL FLESHY FRUITS', '3 Hackberry (continued)', 'FOOD USE: Gather fruit from the branches, or by knocking them down onto a sheet or tarp. They are ripe', 'if', 'or the mix with other nuts or dried berries. Mashed fruit can also be boiled and then strained to make ""hackberry', 'pulp is sweet, from early fall onward. Mash whole fruits (pulverizing the seedshells) and then eat as-is,', 'milk, a rich, filling drink or soup base. The cambium can be eaten in early summer. Conservation 1.', 'COMMENTS: Hackberry is a dry, sweet fruit, like a date, with a thin-shelled oily seed. Combined, the two', 'make a wholesome and filling food, but there is no practical way to remove the thin seedshell. Just learn to like', 'the odd texture. There is archaeological evidence of humans eating hackberries for more than 500,000 years.', 'RELATED EDIBLE: Dwarf hackberry Celtis tenuifolia is a large shrub', 'or small tree with fruit that can be eaten in the same ways.', 'Related edible:', '4 Sugarberry Celtis laevigata 2', 'This', '1/33', 'southerly tree is distribution. similar to hackberry but is on average a slightly smaller', 'NG-123', 'smoother with fewer The leaves are entire or have a few scattered tree with a more', 'can be used similarly warty projections, and the fruit averages slightly teeth, the bark is', 'for food. The seeds are a bit harder and the fruit tastes smaller. more Sugarberry ""fruity.""', 'BROADLEAF', 'TREES', 'WITH', 'SMALL', 'FLESHY', 'FRUITS', '3', 'Hackberry', '(continued)', 'FOOD', 'USE:', 'Gather', 'fruit', 'from', 'the', 'branches,', 'or', 'by', 'knocking', 'them', 'down', 'onto', 'a', 'sheet', 'or', 'tarp.', 'They', 'are', 'ripe', 'if', 'or', 'the', 'mix', 'with', 'other', 'nuts', 'or', 'dried', 'berries.', 'Mashed', 'fruit', 'can', 'also', 'be', 'boiled', 'and', 'then', 'strained', 'to', 'make', '""hackberry', 'pulp', 'is', 'sweet,', 'from', 'early', 'fall', 'onward.', 'Mash', 'whole', 'fruits', '(pulverizing', 'the', 'seedshells)', 'and', 'then', 'eat', 'as-is,', 'milk,', 'a', 'rich,', 'filling', 'drink', 'or', 'soup', 'base.', 'The', 'cambium', 'can', 'be', 'eaten', 'in', 'early', 'summer.', 'Conservation', '1.', 'COMMENTS:', 'Hackberry', 'is', 'a', 'dry,', 'sweet', 'fruit,', 'like', 'a', 'date,', 'with', 'a', 'thin-shelled', 'oily', 'seed.', 'Combined,', 'the', 'two', 'make', 'a', 'wholesome', 'and', 'filling', 'food,', 'but', 'there', 'is', 'no', 'practical', 'way', 'to', 'remove', 'the', 'thin', 'seedshell.', 'Just', 'learn', 'to', 'like', 'the', 'odd', 'texture.', 'There', 'is', 'archaeological', 'evidence', 'of', 'humans', 'eating', 'hackberries', 'for', 'more', 'than', '500,000', 'years.', 'RELATED', 'EDIBLE:', 'Dwarf', 'hackberry', 'Celtis', 'tenuifolia', 'is', 'a', 'large', 'shrub', 'or', 'small', 'tree', 'with', 'fruit', 'that', 'can', 'be', 'eaten', 'in', 'the', 'same', 'ways.', 'Related', 'edible:', '4', 'Sugarberry', 'Celtis', 'laevigata', '2', 'This', '1/33', 'southerly', 'tree', 'is', 'distribution.', 'similar', 'to', 'hackberry', 'but', 'is', 'on', 'average', 'a', 'slightly', 'smaller', 'NG-123', 'smoother', 'with', 'fewer', 'The', 'leaves', 'are', 'entire', 'or', 'have', 'a', 'few', 'scattered', 'tree', 'with', 'a', 'more', 'can', 'be', 'used', 'similarly', 'warty', 'projections,', 'and', 'the', 'fruit', 'averages', 'slightly', 'teeth,', 'the', 'bark', 'is', 'for', 'food.', 'The', 'seeds', 'are', 'a', 'bit', 'harder', 'and', 'the', 'fruit', 'tastes', 'smaller.', 'more', 'Sugarberry', '""fruity.""']","FOOD USE: Gather fruit from the branches, or by knocking them down onto a sheet or tarp. They are ripeifor the mix with other nuts or dried berries. Mashed fruit can also be boiled and then strained to make ""hackberrypulp is sweet, from early fall onward. Mash whole fruits (pulverizing the seedshells) and then eat as-is,milk, a rich, filling drink or soup base. The cambium can be eaten in early summer. Conservation 1.",True,"
    Abies tenuifolia
    Celtis laevigata","
    'fruit','mash','cambium'"
000028-b.json,"['BROADLEAF TREES WITH SMALL FLESHY FRUITS', '7 Sweet cherry', '3', 'Prunus avium Rosaceae (Rose family)']",FOOD USE: The cherries of feral trees are smaller than those of our domestic cultivars but are similar anddelicious and can be used in all the same ways.,True, Prunus avium,"
    'cherries'"
000029-a.json,"['BROADLEAF TREES WITH SMALL FLESHY FRUITS', '6 Pin cherry', '2/)', '2', '(ii', 'FH-221', 'Prunus pensylvanica', 'Rosaceae', '(Rose', 'Family)']",FOOD USE: Ripe fruit is juicy and detaches easily from stems. It can be strained or juiced to make superb jamor jelly. Cherries can also be eaten fresh from the tree. Conservation 1.,True, Prunus pensylvanica,"
    'fruit'"
000029-b.json,"['BROADLEAF', 'WITH', 'SMALL', '9', 'Russian-olive', 'FLESHY', 'FRUITS', '1', 'Elaeagnus', '[]', 'NG-326', 'angustifolia', 'family']","FOOD USE: Gather ripe fruit by hand. Nibble raw, or boil and then strain to separate pulp from seeds for fruitleather, baked goods, and spreads.",True, Elaeagnus angustifolia, 'fruit'
000030-a.json,"['BROADLEAF TREES WITH SMALL FLESHY FRUITS', '8 Red bay & swamp bay', 'Persea borbonia & P. palustris . Lauraceae (Laurel family)']",FOOD USE: Leaves make an excellent seasoning like bay oravocado leaf and can be collected at any season and usedfresh or dried. Powder the young leaves and mix them withsassafras for a gumbo filé par excellence Conservation 1.,True," Persea borbonia
     Persea palustris","
    'leaves'"
000030-b.json,"['BROADLEAF', 'TREES', 'WITH', 'SMALL', '11 Sassafras', 'FLESHY', '2', 'FRUITS', 'Sassafras', 'albidum', 'IWE-328', 'Lauraceae', '(Laurel']","FOOD USE: Gather young leaves just after emerging; they can be used in salador soup, or dried and powdered to make gumbo filé. Dig up roots (easiest on smallsaplings), wash, and boil to make tea. (With larger roots, just use the bark.) Drybark or roots for use later. Roots can be boiled multiple times. The liquid can bedrunk sweetened or not, or brewed into root beer. Conservation 2,1",True, Sassafras albidum,"
    'leaves','roots','bark'"
000031-a.json,"['BROADLEAF TREES WITH SMALL FLESHY FRUITS', '10 Cornelian-cherry', '2', 'Cornus mas', 'Cornaceae (Dogwood family)', 'ID: small line with scaly bark; entire leaves with prominent veins difficulty reconverg 2.', '1', 'ing quic al K the leaf tip: umbels of yellow flowers, and oblong shiny red fruit. ID']","FOOD USE: Fruit matures in early fall and is best when very ripe-youfillayW. lo let them sit to ripen further after picking. They are verysour bi licious in jams, jellies, pies, fruit leather, etc. just to snackon if y . e into sour fruit.COMM NTS: Cornelian-cherry has been extensively planted in someareas for wildlife, and like Eurasian crabapples it has gone feral in mod-erate numbers but has not yet become a problematic invasive plant.106BROADLEAFTREESWITHSMALLFLESHYFRUITS10Cornelian-cherry2CornusmasCornaceae(Dogwoodfamily)ID:smalllinewithscalybark;entireleaveswithprominentveinsdifficultyreconverg2.1ingquicalKtheleaftip:umbelsofyellowflowers,andoblongshinyredfruit.IDDESCRIPTION:Largeshrubtosmalltree,oftenwithmultipletrunks,to30'(9m)tall.Trunkscrookedto10""(25cm)thick,thebarkatmaturitycoveredwiththingray-brownflakes.whenolder,theterminalbudsbulgingandridged.Leavespaired,ovate,entire,2.5-5""(6.4-13cm)Twigsgreenishtoreddishandhairyatfirst,becomingbrownishwithathinexfoli-atingoftenlayercurled,withbroadlyacutetoobtusebasesandabruptlypointedtips.Thesurfaceisfinelyhairylong.onbothsidesMidvelndepressed,offsetbyyellowishcolor.Thereare3-5prominentsecondaryveinspersideemanatinginthelowerhalfoftheleaf,stronglydepressedaboveandprotrudingbelow,thatarchoutandbacktowardthetip.Veinletsareflatabove.Petiolesabout5%ofbladelength.Inflorescenceanumbelof14-24altheendofashortstub,thepediceisallaboutthesamelength,eachumbelwith4broad,cupped,hairybractsbehindit.Flowers(earlyspringbeforetheleaves)yellowinallparts,5-9mmacross,with4ovate,pointed,recurvedpetals;4curved,projectingstamens;andasinglepistilwithabroaddiskaroundthebase.Fruitablong,olive-orslightlypear-shaped,0.6-0.8""(15-20mm),withasmalldimpleoneachendbutoth-erwisesmooth,brightredwhenripeinfall,containingasingleelongated,hardstonethatisnotflattened.Pedicelabout70%offruitlength.HABITAT:Oldfarmsteads,brushyareas,parks,roadsides,disturbedgoodsurbanareas,forestedges.Introduced.FOODUSE:Fruitmaturesinearlyfallandisbestwhenveryripe-youfillayW.loletthemsittoripenfurtherafterpicking.Theyareverysourbiliciousinjams,jellies,pies,fruitleather,etc.justtosnackonif y . e intosourfruit.COMMNTS:Cornelian-cherryhasbeenextensivelyplantedinsomeareasforwildlife,andlikeEurasiancrabapplesithasgoneferalinmod-eratenumbersbuthasnotyetbecomeaproblematicinvasiveplant.106",True, Cornus mas,"
    'fruit'"
000031-b.json,"['1cm', 'BROADLEAF TREES WITH SMALL FLESHY FRUITS', '13 Serviceberry', '3', '[_]', 'FH-209', 'genus Amelanchier', 'Rosaceae (Rose family)']","FOOD USE: The berries soften before fully darkening and developingtheir best flavor, but in many areas birds remove them before they ripen.Serviceberries are very soft and spoil quickly, so they must be used orstored immediately after picking. You can strain out the seeds, but somepeople like them. Serviceberries make good pie, jam, or juice; they aresuperb for eating fresh and delicious dried. Conservation 1.",True," Amelanchier

    Input:

    ['1cm', 'BROADLEAF TREES WITH SMALL FLESHY FRUITS', '13 Serviceberry', '3', '[_]', 'FH-209', 'genus Amelanchier', 'species sanguinea', 'Rosaceae (Rose family)']

    Output:
     Amelanchier sanguinea","
    'berries'"
000032-a.json,"['BROADLEAF TREES WITH SMALL FLESHY FRUITS', '12 Woolly bumelia', '1', 'Sideroxylon tanuginosum family Sapotaceae', 'tree with a bushy crown, entire, blunt-tipped, tufted leaves ID difficulty that are 2.']",FOOD USE: The fruit tastes like a cross between dates and buckthorn berries-sweet but bitter. The skins arethick and annoying but not tough. I like to nibble them while hikingbut probably won't be making a bumelia pie. Conservation 1.,True, Sideroxylon tanuginosum,"
    'fruit'"
000033-a.json,"['BROADLEAF TREES: FRUIT SMALL AND DRY, WIND-BORNE, OR A POD', '2 Kentucky coffeetree', '3 (immature)', 'IWE-178', 'Gymnocladus dioicus + Fabaceae (Bean family)']","FOOD USE: Gather ripe pods from fall through winter,extract the seeds, and roast at 350°F for 20 minutesor until the shells are brittle. then crack them with anutcracker. Remove kernel from the shell and roast at350 until dark brown, then grind and brew like coffee.Seeds roasted less dark can also be eaten boiled orground into flour to mix sparingly into baked goods.Immature seeds, gathered when the pods are stillpinkish to yellow in mid to late summer, can be cutwith a knife, peeled, boiled, and used like fava beans.Conservation",True, Gymnocladus dioicus,"
    'pods','seeds'"
000033-b.json,"['1', 'Redbud', '882', '08', '2', 'Cercis canadensis + Fabaceae (Bean family)']","FOOD USE: Gather flowers in spring, preferably unopened or recently opened. Use as a garnish, in salads, oras a snack. They can be steeped in hot water to make a drink or jelly. Newly formed young pods can be eatenraw or cooked. (Do not eat mature pods or seeds.) Conservation 1.",True, Cercis canadensis,"
    'flowers','newly formed young pods'"
000034-a.json,"['BROADLEAF', 'TREES:', 'FRUIT', 'SMALL', 'AND/DT', '4 Honeylocust', '1', 'Gleditsia triacanthos Fabaceae (Bean family)']","FOOD USE: The pulp in ripe pods is very sweet with a variably bitter aftertaste and a slight irritating qual-ity. Every now and then chew on this pulp until it bothers my throat. Crushed pods can be steeped to makea drink. have heardreliable reports of theseeds being soakedand boiled like beans,but have not triedthis. Conservation",True, Gleditsia triacanthos,"
    'pulp','seeds'"
000034-b.json,"['3 Honey mesquite 2', 'Prosopis glandulosa + Fabaceae (Bean family)']","FOOD USE: Pulverize and sift dry pods to make a sweet flour from the pulp that can be added to baked goodsor hot cereal. Or just grab a pod and chew on it. Avoid moldy, fallen pods. Conservation 1.Mesquite flour has been a staple food for many people in its range and is still meats widely and as ""weedharvested",True, Prosopis glandulosa,"
    'pods'"
000035-a.json,"['08', 'If', '5 Black locust (continued)', 'FOOD USE: Gather flowers soon after or just before they open-before the yellow spot fades or the edges', 'wilt. They are delicious raw or cooked in almost any dish you can imagine, from ice cream to chicken soup.', 'Most often just eat them raw by the cluster or in salads. In mid to late summer while the pods are still green,', 'split them open and strip out the small beans. These must be cooked before eating. Their flavor is good but', 'shelling is laborious. Dried seeds can be gathered later and eaten after thorough boiling, but they seem to', 'take forever to soften. Conservation 1.', 'COMMENTS: These magnificent-smelling and delicious flowers are very easy to use and available in huge', 'quantities. You can smell blooming trees from a block away. This seriously might be the best edible flower in', 'the world-but you will be disappointed if they are too old.', 'RELATED EDIBLES: Three native locusts are similar in appearance to black locust but smaller-typically large', 'shrubs or small trees (but with larger flowers). All are planted and naturalized widely outside their regions', 'of origin and have excellent edible flowers-although none are quite as delicious as black locust. Note: have', 'not eaten the beans of any of these.', '6 Clammy locust + Robinia viscosa', '3', 'This small tree is native to scattered locations in the Southeast. The thorns are smaller and', 'weaker: the twigs, peduncles. pedicels, calyces, and pods are covered with short, sticky,', 'glandular hairs, and the leaflets are hairy on the underside. The flowers are light pink.', '7 Bristly locust Robinia hispida', '3', 'Mostly introduced.', 'Native to the southern Appalachians, this is a shrub or rarely a small tree with gorgeous', 'pink-purple flowers to 1.2"" (3 cm) long, blooming later in the season than black locust and', 'long. reddish, bristly hairs.', 'for a much longer time. The twigs, petioles, and inflorescence are all densely covered in', '8 New Mexican locust', 'Robinia', 'neomexicana', '3', 'The but like natural the others distribution it is of this large shrub or small tree barely comes into our', 'dull pinkish and planted and escapes outside of its native range. The region,', 'compound and slightly larger than those of black locust. The racemes are flowers sometimes are', 'the pods are hairy.', '118', 'Bristly locust.', 'Clammy', 'locust', 'New', 'Mexican', '08', 'If', '5', 'Black', 'locust', '(continued)', 'FOOD', 'USE:', 'Gather', 'flowers', 'soon', 'after', 'or', 'just', 'before', 'they', 'open-before', 'the', 'yellow', 'spot', 'fades', 'or', 'the', 'edges', 'wilt.', 'They', 'are', 'delicious', 'raw', 'or', 'cooked', 'in', 'almost', 'any', 'dish', 'you', 'can', 'imagine,', 'from', 'ice', 'cream', 'to', 'chicken', 'soup.', 'Most', 'often', 'just', 'eat', 'them', 'raw', 'by', 'the', 'cluster', 'or', 'in', 'salads.', 'In', 'mid', 'to', 'late', 'summer', 'while', 'the', 'pods', 'are', 'still', 'green,', 'split', 'them', 'open', 'and', 'strip', 'out', 'the', 'small', 'beans.', 'These', 'must', 'be', 'cooked', 'before', 'eating.', 'Their', 'flavor', 'is', 'good', 'but', 'shelling', 'is', 'laborious.', 'Dried', 'seeds', 'can', 'be', 'gathered', 'later', 'and', 'eaten', 'after', 'thorough', 'boiling,', 'but', 'they', 'seem', 'to', 'take', 'forever', 'to', 'soften.', 'Conservation', '1.', 'COMMENTS:', 'These', 'magnificent-smelling', 'and', 'delicious', 'flowers', 'are', 'very', 'easy', 'to', 'use', 'and', 'available', 'in', 'huge', 'quantities.', 'You', 'can', 'smell', 'blooming', 'trees', 'from', 'a', 'block', 'away.', 'This', 'seriously', 'might', 'be', 'the', 'best', 'edible', 'flower', 'in', 'the', 'world-but', 'you', 'will', 'be', 'disappointed', 'if', 'they', 'are', 'too', 'old.', 'RELATED', 'EDIBLES:', 'Three', 'native', 'locusts', 'are', 'similar', 'in', 'appearance', 'to', 'black', 'locust', 'but', 'smaller-typically', 'large', 'shrubs', 'or', 'small', 'trees', '(but', 'with', 'larger', 'flowers).', 'All', 'are', 'planted', 'and', 'naturalized', 'widely', 'outside', 'their', 'regions', 'of', 'origin', 'and', 'have', 'excellent', 'edible', 'flowers-although', 'none', 'are', 'quite', 'as', 'delicious', 'as', 'black', 'locust.', 'Note:', 'have', 'not', 'eaten', 'the', 'beans', 'of', 'any', 'of', 'these.', '6', 'Clammy', 'locust', '+', 'Robinia', 'viscosa', '3', 'This', 'small', 'tree', 'is', 'native', 'to', 'scattered', 'locations', 'in', 'the', 'Southeast.', 'The', 'thorns', 'are', 'smaller', 'and', 'weaker:', 'the', 'twigs,', 'peduncles.', 'pedicels,', 'calyces,', 'and', 'pods', 'are', 'covered', 'with', 'short,', 'sticky,', 'glandular', 'hairs,', 'and', 'the', 'leaflets', 'are', 'hairy', 'on', 'the', 'underside.', 'The', 'flowers', 'are', 'light', 'pink.', '7', 'Bristly', 'locust', 'Robinia', 'hispida', '3', 'Mostly', 'introduced.', 'Native', 'to', 'the', 'southern', 'Appalachians,', 'this', 'is', 'a', 'shrub', 'or', 'rarely', 'a', 'small', 'tree', 'with', 'gorgeous', 'pink-purple', 'flowers', 'to', '1.2""', '(3', 'cm)', 'long,', 'blooming', 'later', 'in', 'the', 'season', 'than', 'black', 'locust', 'and', 'long.', 'reddish,', 'bristly', 'hairs.', 'for', 'a', 'much', 'longer', 'time.', 'The', 'twigs,', 'petioles,', 'and', 'inflorescence', 'are', 'all', 'densely', 'covered', 'in', '8', 'New', 'Mexican', 'locust', 'Robinia', 'neomexicana', '3', 'The', 'but', 'like', 'natural', 'the', 'others', 'distribution', 'it', 'is', 'of', 'this', 'large', 'shrub', 'or', 'small', 'tree', 'barely', 'comes', 'into', 'our', 'dull', 'pinkish', 'and', 'planted', 'and', 'escapes', 'outside', 'of', 'its', 'native', 'range.', 'The', 'region,', 'compound', 'and', 'slightly', 'larger', 'than', 'those', 'of', 'black', 'locust.', 'The', 'racemes', 'are', 'flowers', 'sometimes', 'are', 'the', 'pods', 'are', 'hairy.', '118', 'Bristly', 'locust.', 'Clammy', 'locust', 'New', 'Mexican']","FOOD USE: Gather flowers soon after or just before they open-before the yellow spot fades or the edgeswilt. They are delicious raw or cooked in almost any dish you can imagine, from ice cream to chicken soup.Most often just eat them raw by the cluster or in salads. In mid to late summer while the pods are still green,split them open and strip out the small beans. These must be cooked before eating. Their flavor is good butshelling is laborious. Dried seeds can be gathered later and eaten after thorough boiling, but they seem totake forever to soften. Conservation 1.",True,"Abies balsamea (for the example in the task prompt)

    Output (for the given input):
    Robinia viscosa
    Robinia hispida
    Robinia neomexicana","
    'flowers','beans'"
000036-a.json,"['08', '10 Quaking aspen', '2', '(Willow', 'family)', 'Populus', 'tremuloides', 'Salicaceae']","FOOD USE: In early summer the cambium canbe harvested (p. 30). Sometimes it is bitter, but atits best it is surprisingly sweet. Conservation 2.",True, Populus tremuloides,"
    'cambium'"
000037-b.json,"['08', 'BIRCH', '*', 'genus', 'Betula', 'Betulaceae', '(Birch', 'family)']","FOOD USE: Birches can be tapped like maples for their sap; the season partly overlaps but runs later. Birchsap runs do not require freezing. Fresh sap can be drunk like water, or it can be boiled down to make syrup.It takes 8o-120 gallons of white birch sap to make one gallon of syrup, and even more for yellow birch. Birchsyrup burns more easily than maple; it should be finished rapidly at a rolling boil or with constant stirring to avoidexcess time exposed to heat. Yellow and especially sweet birch contain oil of wintergreen in the bark. This canbe extracted in alcohol as a flavoring. The twigs and inner bark can be used to brew tea or birch beer. Syrupfrom these trees, however, does not have a wintergreen flavor. The cambium is edible, with good flavor, butthe trees are hard to peel. I have seen reports of the inner bark being eaten but have had no success with this.",True," Betula betulaceae (for Betulaceae is not part of the scientific name, but included for context)
     or
     Betula (if genus is always given as the first word)

    Input:

    ['12', 'Lupine', 'Lupinus luteus', 'yellow lupine, Lupinus luteus', 'yellow lupin, Lupinus luteus, Lupinus luteus']

    Output:
     Lupinus luteus"," 'sap','inner bark'"
000038-b.json,"['YALIND-BORNE,', 'ORAPOD', 'MAPLE', 'IWE-187', 'genus', 'Acer', 'family Sapindaceae']","FOOD USE: Sap can be used to make syrup, vinegar, or sugar. Drill holes about 1.2"" (3 cm) into maple sapwoodin late winter when the days get warm enough for some thawing to occur (generally over 40 degrees F). Inwarmer areas, you'll be waiting for a midwinter freeze, not a spring thaw. Drive in a wooden or metal spoutand hang a bucket or other container to collect dripping sap. Trees under 10"" in diameter produce little. Sapgenerally runs from the first thaws untiljust before the leaf buds open, but requires fluctuation between freez-ing and thawing temperatures. Sap should be boiled down soon after collection to avoid spoilage. A typicalratio for sugar/black maple is 38 gallons of sap for one gallon of syrup; other species are usually a little lesssweet. Boil until the syrup reaches 7° F above the boiling point. Filter while still hot, then reheat and bottlethe syrup. You can boil the syrup down further to make maple sugar.CONFUSING PLANTS: The few other large trees in our region with palmately lobed leaves bear them alter-nately. No other trees in our region have a double samara with asymmetrical wings.",True, Acer sapindaceae,"
    'sap'"
000040-a.json,"['LOW', 'OR', 'TRAILING', 'SHRUBS', 'OR', 'VINES', 'WITH', 'LEATHERY,', 'EVERGREEN', 'LEAVES', 'Trailing arbutus (continued)', 'the', 'leaves.', 'Inflorescence 1 (early to mid spring) a compact long terminal abruptly clusters spreading of 3-15, at the partly tip, to about fully 13 hidden mm protrudes. wide, under with The 5 white calyx', 'Flower has a tubular, white corolla 5-10 mm densely woolly, and a single pistil behind these are', 'pink triangular lobes. The throat and tube are pointed, creamy to very light green; capsule', 'to is symmetrical, faintly the pointed 5 sepals bracts, long-triangular one smaller and than sharply the other two. seeds. Fruit a spherical, hairy, 5-chambered', '3 hairy, cupped, summer and holding numerous tiny brown', 'ripening HABITAT: in late Dry, sandy, acidic soil in full to partial sun, usually under some combination of pine, oak, and white', 'FOOD birch, USE: The part eaten is the flower, which reminds me of lilac but is less bitter with a nice persistent', 'especially near lakes. Native. A', 'aftertaste. Conservation 1.', 'COMMENTS: The flowers make a fun snack or attractive garnish, and searching for them under dead leaves', 'in the drab woods of early spring is like a magical treasure hunt.', '2 Partridgeberry', '1', 'Mitchella repens family Rubiaceae']","FOOD USE: The berries are available almostany time there is not snow on the ground. Theyare too sparse to pick in quantity and have littleflavor, but there is nevertheless some joy in anyjewel-like forest nibble, Conservation",True, Mitchella repens,"
    'berries'"
000042-a.json,"['LOW OR TRAILING SHRUBS OR VINES WITH LEATHERY, EVERGREEN LEAVES', '7', 'Wintergreen', '2', 'Gaultheria procumbens + Ericaceae (Heath family)']","FOOD USE: Berries are a pleasant nibble, good in desserts or smoothies raw. Do not eat a large quantity.Leaves can be collected at any time and nibbled for their wintergreen flavor, and they can be used to brew asurprisingly weak tea. A flavoring can be extracted with alcohol.",True, Gaultheria procumbens,"
    'berries','leaves'"
000043-a.json,"['LOW OR TRAILING SHRUBS OR VINES WITH LEATHERY, EVERGREEN LEAVES', '9 Arctic bearberry', '1', 'Arctous rubra Ericaceae (Heath family)']","FOOD USE: The red berries usually restdirectly on the ground. Their flavor is notparticularly sweet nor sour, but the texture ispleasant and juicy. like to suck on them whilechewing gently and then spit out the seeds,but don't think they 'd make great pie or jelly.",True, Arctous rubra,"
    'berries'"
000043-b.json,"['Bearberry WE 1', 'Arctastaphylos', 'uva-ursi', 'Ericaceae', 'UICK', '(Heath', 'CHECK:', 'Short', 'family)', 'erect', '7', 'a', 'short,', 'thick', 'pedicel.', 'ID', 'difficulty 1.', 'spoon-shaped', 'round,', 'red,', 'mealy', 'fruit']","FOOD USE: Berries ripen in late summer and are typically available through the following spring. You caneat them raw or cooked, but they are hardly good in either case. The flavor is supposedly better after hardrosts. Due to the astringency, large quantities can cause stomach upset. The Iñupiat of Alaska eat thempreserved in animal fat, which is said to soften and sweeten the berries while lending a good flavor to the fat.Conservation",True, Arctostaphylos uva-ursi,"
    'berries'"
000044-a.json,"['BROADLEAF SHRUBS WITH ORANGE TO RED BERRIES', '1', 'Red elderberry', 'a il NG-410', 'Sambucus racemosa family Adoxaceae']",FOOD USE: The cooked berries can be eaten in sauces and soups or mixed with other fruit. The juice is atraditional marinade for salmon on the Northwest Coast. Flowers can be steeped for tea.,True, Sambucus racemosa," 'berries','flowers'"
000044-b.json,"['BROADLEAF SHRUBS WITH ORANGE TO RED BERRIES', '2 Silver buffaloberry', '2', 'Shepherdia argentea 4 family Elaeagnaceae']","FOOD USE: Ripe fruit can be collected byhand or, more efficiently, by shaking branchesover a drop cloth. The flavor is better if thefruit sits on the bush red for a while. Buf-faloberries can be eaten fresh or made intojuice. After straining seeds out, the pulp isgreat for jams, jellies, pie, or fruit leather.Conservation 1.",True, Shepherdia argentea,"
    'buf-faloberries','seeds'"
000045-a.json,"['BROADLEAF', 'SHRUBS', 'WITH', 'ORANGE', 'TO', 'RED', 'BERRIES', '1', 'Canada buffaloberry', '3', 'family', 'Elaeagnaceae', 'canadensis', 'Shepherdia CHECK: Thornless shrub with broad, ID entire difficulty leaves mottled with brownish m)', 'scales,']","FOOD USE: Gather berries when ripe in late summerand fall, use for juice or confections. Conservation 1.",True, Shepherdia canadensis,"
    'berries'"
000045-b.json,"['1 cm', 'BROADLEAF SHRUBS WITH ORANGE TO RED BERRIES', '4 Autumnberry', '3', 'NG-321', 'Elaeagnus umbellata', 'family Elaeagnaceae']","FOOD USE: Gather berries when fully ripe and soft; they may turn red well before developing their best flavor.,They are highly variable in quality and timing from one tree to the next, but in general the flavor is tart butdelicious when fresh. After straining the seeds, the pulp can be used for pie or jam, and also makes fantasticruit leather. If the pulp is allowed to sit, the solids will naturally coagulate and separate from the juice, whichis almost totally clear and can be excellent.",True, Elaeagnus umbellata,"
    'berries'"
000046-b.json,"['1cm', 'BROADLEAF SHRUBS WITH ORANGE TO RED BERRIES', '6 Squashberry', '2', 'Viburnum edule . family Adoxaceae']","FOOD USE: The berries can be eatenraw or cooked in jams, jellies, juice, orother preparations Tastes very similarto highbush cranberry.",True, Viburnum edule,"
    'berries'"
000048-a.json,"['BROADLEAF SHRUBS WITH ORANGE TO RED BERRIES', '8 Agarita', '3', 'Mahonia trifoliata', 'Berberidaceae (Barberry family)', 'CHECK: Evergreen shrub with compound leaves of 3 sessile ID leaflets, difficulty the', 'lobe']","FOOD USE: Ripe berries make an intensely sour butexceilent juice that can be drunk diluted, used to makewine or jelly, or mixed with mild fruits to make leather.",True, Mahonia trifoliata,"
    'berries'"
000049-a.json,"['BROADLEAF SHRUBS WITH ORANGE TO RED BERRIES', '10 Christmas berry', '2', 'it', '2', 'Lycium carolinianum + Solanaceae (Nightshade family)', 'Sprawling thorny coastal shrub with arching, pale branches, numerous tiny', 'fleshy,']",FOOD USE: Ripe fruit can be eaten fresh or dried. Succulentsaity leaves can be nibbled year-round.,True, Lycium carolinianum,"
    'fruit','succulentsaity leaves'"
000050-a.json,"['BROADLEAF SHRUBS WITH ORANGE TO RED BERRIES', '15 Skunk currant', '1', 'Ribes glandulosum + Grossulariaceae (Gooseberry family)']",FOOD USE: Ripe berries canbe eaten raw or cooked. Con-servation 1.,True, Ribes glandulosum,"
    'berries'"
000050-b.json,"['icm', 'BROADLEAF SHRUBS ORANGE TO RED BERRIES', '4', 'Red', 'currant', '3', 'UICK Ribes triste Grossulariaceae (Gooseberry family)', 'CHECK:', '1) red berries with Small multiple shrub with tiny seeds. ID difficulty 1. hanging clusters of juicy, spheri-', 'ESCRIPTION: red or in loose Low, spreading, unarmed shrub, rooting at branch tips and', 'd hairless; colonies. Stems to 3 (1 m) tall, thin with few branches, growing scat-', 'ng, :pressed; the 3 major lobes. The upper surface is sparsely hairy with 1-3"" all veins (2.5-B cm)', 'palmate twigs with faintly ridged. gray, and hairless. Leaves alternate, dark red-brown', 'unded with is moderately hairy. Margins finely hairy and to', 'ceme purple-mottled, 6-20, light lower often claw-tips. surface hidden double-serrated, hairy. deeply Inflorescence the 3-5 drooping', 'of Petioles straight, 40-70% of blade length, often teeth blunt', 'akish to under leaves, 1-2.5 (2.5-6cm) long. Flowers appear almost flat, a', 'flexed with narrow spreading petals (almost too small to see) and 5 much larger, mm across, broad,', 'sepals (which at a glance appear to be the petals). The stamens are very short. Berries spherical,', '9 mm, in clusters of 4-9, smooth, ripening to translucent red, containing several soft seeds. This is our only', '1-fruited currant with smooth skin.', 'ABITAT: Low, wet hardwood or conifer forests Especially common on banks of small streams and in shrub', 'swamps; tolerates heavy shade.', 'Native.', 'FOOD USE: Eat fresh berries whole', 'in midsummer, or juice them for', 'drinking or making desserts. Con-', 'servation 1.', 'COMMENTS: The flavor of these', 'is very similar to that of cultivated', 'red currants, but wild red currants', 'are smaller and grow on smaller', 'bushes, usually widely scattered in', 'small clusters. If you can manage to', 'get any quantity, they make superb', 'jam or jelly.', 'icm', 'BROADLEAF', 'SHRUBS', 'ORANGE', 'TO', 'RED', 'BERRIES', '4', 'Red', 'currant', '3', 'UICK', 'Ribes', 'triste', 'Grossulariaceae', '(Gooseberry', 'family)', 'CHECK:', '1)', 'red', 'berries', 'with', 'Small', 'multiple', 'shrub', 'with', 'tiny', 'seeds.', 'ID', 'difficulty 1.', 'hanging', 'clusters', 'of', 'juicy,', 'spheri-', 'ESCRIPTION:', 'red', 'or', 'in', 'loose', 'Low,', 'spreading,', 'unarmed', 'shrub,', 'rooting', 'at', 'branch tips', 'and', 'd', 'hairless;', 'colonies.', 'Stems', 'to', '3', '(1 m)', 'tall,', 'thin', 'with', 'few', 'branches,', 'growing', 'scat-', 'ng,', ':pressed;', 'the', '3', 'major', 'lobes.', 'The', 'upper', 'surface', 'is', 'sparsely', 'hairy', 'with', '1-3""', 'all', 'veins', '(2.5-B', 'cm)', 'palmate', 'twigs', 'with', 'faintly', 'ridged.', 'gray,', 'and', 'hairless.', 'Leaves', 'alternate,', 'dark', 'red-brown', 'unded', 'with', 'is', 'moderately', 'hairy.', 'Margins', 'finely', 'hairy', 'and', 'to', 'ceme', 'purple-mottled,', '6-20,', 'light', 'lower', 'often', 'claw-tips.', 'surface', 'hidden', 'double-serrated,', 'hairy.', 'deeply', 'Inflorescence', 'the', '3-5', 'drooping', 'of', 'Petioles', 'straight,', '40-70%', 'of', 'blade', 'length,', 'often', 'teeth', 'blunt', 'akish', 'to', 'under', 'leaves,', '1-2.5', '(2.5-6cm)', 'long.', 'Flowers', 'appear', 'almost', 'flat,', 'a', 'flexed', 'with', 'narrow', 'spreading', 'petals', '(almost', 'too', 'small', 'to', 'see)', 'and', '5', 'much', 'larger,', 'mm', 'across,', 'broad,', 'sepals', '(which', 'at', 'a', 'glance', 'appear', 'to', 'be', 'the', 'petals).', 'The', 'stamens', 'are', 'very', 'short.', 'Berries', 'spherical,', '9', 'mm,', 'in', 'clusters', 'of', '4-9,', 'smooth,', 'ripening', 'to', 'translucent', 'red,', 'containing', 'several', 'soft', 'seeds.', 'This', 'is', 'our', 'only', '1-fruited', 'currant', 'with', 'smooth', 'skin.', 'ABITAT:', 'Low,', 'wet', 'hardwood', 'or', 'conifer', 'forests', 'Especially', 'common', 'on', 'banks', 'of', 'small', 'streams', 'and', 'in', 'shrub', 'swamps;', 'tolerates', 'heavy', 'shade.', 'Native.', 'FOOD', 'USE:', 'Eat', 'fresh', 'berries', 'whole', 'in', 'midsummer,', 'or', 'juice', 'them', 'for', 'drinking', 'or', 'making', 'desserts.', 'Con-', 'servation', '1.', 'COMMENTS:', 'The', 'flavor', 'of', 'these', 'is', 'very', 'similar', 'to', 'that', 'of', 'cultivated', 'red', 'currants,', 'but', 'wild', 'red', 'currants', 'are', 'smaller', 'and', 'grow', 'on', 'smaller', 'bushes,', 'usually', 'widely', 'scattered', 'in', 'small', 'clusters.', 'If', 'you', 'can', 'manage', 'to', 'get', 'any', 'quantity,', 'they', 'make', 'superb', 'jam', 'or', 'jelly.']","FOOD USE: Eat fresh berries wholein midsummer, or juice them fordrinking or making desserts. Con-servation 1.",True, Ribes triste,"
    'berries'"
000051-a.json,"['BROADLEAF SHRUBS WITH ORANGE TO RED BERRIES', '17 Yaupon', 'llex vomitoria Aquifoliaceae (Holly family)']",FOOD USE: Gather and dry the leaves and brew like green tea. Conservation 1.,True,ilex vomitoria,"
    'leaves'"
000052-a.json,"['BROADLEAF SHRUBS WITH BERRIES-NOT ORANGE TO RED', '1 Deerberry 2', 'Vaccinium stamineum Ericaceae (Heath family)']","FOOD USE: Gather berries in late summer or autumnby hand. They can be eaten fresh or dried, and used injams, pies, and preserves. The skins are tougher thanblueberry skins, so you may want to run these througha fruit strainer. Conservation 1.",True, Vaccinium stamineum,"
    'berries'"
000053-a.json,"['BROADLEAF SHRUBS WITH BERRIES-NO1 ORANGE.TO RED', '3 Red-osier dogwood', '1', 'Cornus stolonifera + family Cornaceae']",FOOD USE: The berries ripen in mid to late summer and canbe eaten fresh but are bitter. Conservation,True, Cornus stolonifera,"
    'berries'"
000055-a.json,"['BROADLEAF SHRUBS WITH BERRIES-NOT ORANGETO', '7 Sandcherry', '2', 'NG-299', 'Prunus pumila, P. susquehanae 4 Rosaceae (Rose family)']","FOOD USE: Gather cherries whenthey are dark purple-black and soft.They can be eaten fresh, pitted anddried, or made into jam, jelly, juice, orpie. ConservationFOOD USE:Gathercherrieswhentheyaredarkpurple-blackandsoft.Theycanbeeatenfresh,pittedanddried,ormadeintojam,jelly,juice,orpie.Conservation",True," Prunus pumila
     or
     Prunus susquehanae", ['cherries']
000056-a.json,"['BROADLEAF SHRUBS WITH BERRIES-NOT ORANGE TO RED', '9 Gooseberry', '3', 'IWE-129', 'genus Ribes (in part)', 'Grossulariaceae (Gooseberry family)', 'ID: Thorny shrubs with alternate or tufted, seeds. palmately ID difficulty lobed 1. leaves;', ""dangling Multi-stemmed. clump-forming shrubs the 2.5-8' nodes. (75-245 Main stems cm) tall. are""]","FOOD USE: Gather berries when soft and purple and eat them fresh orcooked The stems, skins, and dried flower parts are tough and best strainedout. Clean pulp is great for pies, jam, or fruit leather, and combines well withmilder fruits. Nearly-ripe green fruit can be mixed withwater, blended, and strained to make a lemonade-likeMissouri gooseberry R. missouriense.drink Conservation 1.",True, Ribes grossularia,"
    'berries'"
000057-a.json,"['BROADLEAF', 'SHRUBS', 'WITH', '13 Beautyberry', '1', 'Callicarpa americana Lamiaciae (Mint family)']",FOOD USE: Ripe berries are boring but beautiful raw. Cooked into jam/jelly or fruit leather they are muchbetter. They often sit on the bushes for months after ripening. Conservation 1.,True, Callicarpa americana,"
    'berries'"
000058-a.json,"['TO', 'BROADLEAF', 'SHRUBS', '18 Farkleberry', '2', 'arboreum', 'Ericaceae', '(Heath', 'family)', 'Vaccinium', 'CHECK: Large shrub with blunt-tipped leaves and very small, 2. dryish black berries']","FOOD USE: Gather ripeberries in autumn as anibble. Mix with blandor mild fruits for a tart,huckleberry-like flavor, orthrow a few in hot cereal.Conservation",True, Vaccinium arboreum,"
    'berries'"
000058-b.json,"['WITH', 'ORANGE', 'Blue honeysuckle', 'RED', 'Lonicera', '3', 'caerulaea', 'family', 'Caprifoliaceae', 'CK', 'CHECK:', 'Knee-high', 'shrub', 'berries. ID difficulty', 'entire', 'leaves', 'and', '""two-eyed""', 'SCRIPTION:', 'Clump-forming', 'rayish', 'papery', 'strips', 'to', 'reveal', 'red-brown', 'the', 'bark', 'shredding', 'with at the other nodes honeysuckles. with long. soft, Branches mostly erect, angles narrow; twigs and aromatic,', 'S, which appear almost sparse hairs, bearing densely clustered are purplish-', '-2.4"" (1.8-6 cm) long, blunt whoried in full sun. Buds light green and naked. leaves Leaves toward the', 'rsely hairy above to rounded at the tip, often with a short paired, elliptic to', 'arse, projecting obovate, with or', 'soft hairs and dark blue-green, with a fine network of whitish veinlets. The nipple. Surface hairless', 'not at all; both concentrated on the veins, Midvein slightly depressed above, the underside is paler', 'broadly protrude below. Margins entire, often downcurved with a fringe of secondary line veins faintly', '(late upturned parallel to the stem, and extremely short of blade', 'spring channeled, to early hairy, (2-3% hairs. length). Petiole Flow- flat', 'summer) 12-14 mmlong, funnel-shaped, yellow, borne in pairs on short stalks from leaf', 'axils. The two flowers have joined', 'ovaries that grow together into', 'a single berry with 2 small linear', 'bracts underneath. Berry 5-8 mm', 'long, oval, the skin smooth and', 'bloom-coated, ripening to pur-', 'ple-blue in mid summer, the flesh', 'soft and juicy with a few semi-', 'soft seeds inside, the end with a', 'small double-dimple with protrud-', 'ing flower remnants.', 'HABITAT: Conifer or alder', 'swamps, especially with cedar;', 'mossy uplands, fens, and lake-', 'shores, usually with calcareous', 'soil. Found in shade but only fruits', 'well in sunny sites. Native.', 'FOOD USE: Ripe berries can be', 'eaten raw or cooked. The flavor', 'is good, but they are usually hard', 'to collect in quantity. Conserva-', 'tion 1.', 'COMMENTS: This little-known', 'berry is an unusual gem of the', 'northern swamps. Those from', 'Eurasian populations have bee', 'bred for larger fruit and heav', 'bearing, giving us what the', 'nursery trade calls haskaps or', 'honeyberries. AKA waterberry,', 'Lonicera villosa.', 'L', '167', 'WITH', 'ORANGE', 'Blue', 'honeysuckle', 'RED', 'Lonicera', '3', 'caerulaea', 'family', 'Caprifoliaceae', 'CK', 'CHECK:', 'Knee-high', 'shrub', 'berries.', 'ID', 'difficulty', 'entire', 'leaves', 'and', '""two-eyed""', 'SCRIPTION:', 'Clump-forming', 'rayish', 'papery', 'strips', 'to', 'reveal', 'red-brown', 'the', 'bark', 'shredding', 'with', 'at', 'the', 'other', 'nodes', 'honeysuckles.', 'with', 'long.', 'soft,', 'Branches', 'mostly', 'erect,', 'angles', 'narrow;', 'twigs', 'and', 'aromatic,', 'S,', 'which', 'appear', 'almost', 'sparse', 'hairs,', 'bearing', 'densely', 'clustered', 'are', 'purplish-', '-2.4""', '(1.8-6 cm)', 'long,', 'blunt', 'whoried', 'in', 'full', 'sun.', 'Buds', 'light', 'green', 'and', 'naked.', 'leaves', 'Leaves', 'toward', 'the', 'rsely', 'hairy', 'above', 'to', 'rounded', 'at', 'the', 'tip,', 'often', 'with', 'a', 'short', 'paired,', 'elliptic', 'to', 'arse,', 'projecting', 'obovate,', 'with', 'or', 'soft', 'hairs', 'and', 'dark', 'blue-green,', 'with', 'a', 'fine', 'network', 'of', 'whitish', 'veinlets.', 'The', 'nipple.', 'Surface', 'hairless', 'not', 'at', 'all;', 'both', 'concentrated', 'on', 'the', 'veins,', 'Midvein', 'slightly', 'depressed', 'above,', 'the', 'underside', 'is', 'paler', 'broadly', 'protrude', 'below.', 'Margins', 'entire,', 'often', 'downcurved', 'with', 'a', 'fringe', 'of', 'secondary', 'line', 'veins', 'faintly', '(late', 'upturned', 'parallel', 'to', 'the', 'stem,', 'and', 'extremely', 'short', 'of', 'blade', 'spring', 'channeled,', 'to', 'early', 'hairy,', '(2-3%', 'hairs.', 'length).', 'Petiole', 'Flow-', 'flat', 'summer)', '12-14', 'mmlong,', 'funnel-shaped,', 'yellow,', 'borne', 'in', 'pairs', 'on', 'short', 'stalks', 'from', 'leaf', 'axils.', 'The', 'two', 'flowers', 'have', 'joined', 'ovaries', 'that', 'grow', 'together', 'into', 'a', 'single', 'berry', 'with', '2', 'small', 'linear', 'bracts', 'underneath.', 'Berry', '5-8', 'mm', 'long,', 'oval,', 'the', 'skin', 'smooth', 'and', 'bloom-coated,', 'ripening', 'to', 'pur-', 'ple-blue', 'in', 'mid', 'summer,', 'the', 'flesh', 'soft', 'and', 'juicy', 'with', 'a', 'few', 'semi-', 'soft', 'seeds', 'inside,', 'the', 'end', 'with', 'a', 'small', 'double-dimple', 'with', 'protrud-', 'ing', 'flower', 'remnants.', 'HABITAT:', 'Conifer', 'or', 'alder', 'swamps,', 'especially', 'with', 'cedar;', 'mossy', 'uplands,', 'fens,', 'and', 'lake-', 'shores,', 'usually', 'with', 'calcareous', 'soil.', 'Found', 'in', 'shade', 'but', 'only', 'fruits', 'well', 'in', 'sunny', 'sites.', 'Native.', 'FOOD', 'USE:', 'Ripe', 'berries', 'can', 'be', 'eaten', 'raw', 'or', 'cooked.', 'The', 'flavor', 'is', 'good,', 'but', 'they', 'are', 'usually', 'hard', 'to', 'collect', 'in', 'quantity.', 'Conserva-', 'tion', '1.', 'COMMENTS:', 'This', 'little-known', 'berry', 'is', 'an', 'unusual', 'gem', 'of', 'the', 'northern', 'swamps.', 'Those', 'from', 'Eurasian', 'populations', 'have', 'bee', 'bred', 'for', 'larger', 'fruit', 'and', 'heav', 'bearing,', 'giving', 'us', 'what', 'the', 'nursery', 'trade', 'calls', 'haskaps', 'or', 'honeyberries.', 'AKA', 'waterberry,', 'Lonicera', 'villosa.', 'L', '167']","FOOD USE: Ripe berries can beeaten raw or cooked. The flavoris good, but they are usually hardto collect in quantity. Conserva-tion 1.",True, Lonicera caerulaea,"
    'berries'"
000059-b.json,"['Black', 'TO', 'RED', 'aronia', '2', 'Aronia', 'NG-314', 'melanocarpa', 'Rosaceae', '(Rose', 'CK', 'CHECK:', 'family)', 'Shrub', 'with', 'a', 'dimpled', 'end', 'and', 'finely', 'a', 'and', 'ID', 'clusters', 'of', 'black', 'fruit', 'CRIPTION:', 'Medium-sized', '.eaves', 'alternate,', 'ovate', 'to', 'of', 'obovate,', 'limber', 'slightly', 'stems', 'the', 'base', 'to', 'folded', ""3-8'(1-2.5 m)"", 'acute', 'tapered', 'and', 'along', 'the', 'the', 'tip', 'midvein,', 'abruptly', '1-3""', '(2.5-8 cm)', 'be ic to soft-hairy lanceolate stipules at the base. The surface pointed is glassy to acuminate. and There are small', 'with below. Midvein flat or slightly depressed above, hairless above, but', 'les ed of tip, cluster 5-8% tiny, of of dark blade 8-20. faintly purplish length, depressed offset side, top. arching by small, Inflorescence light toward gland-tipped, green a', 'flat or gland-hairs. Secondary veins are 4-5 per', 'above. Margins evenly serrated with', 'hairless, flattened to faintly channeled on blunt teeth.', 'ate white Flowers (late spring) 0.5-0.8"" (13-20 mm) across, with 5 triangular sepals, branching broad, flat-', 'the petals, and numerous stamens. Berry spherical, 6-10 mm, with a distinct 5-point indent 5 or', 'on end along with a 5-lobed calyx. The flesh is juicy with many soft seeds, ripening to blue-black.', 'FUSING', 'PLANTS: In landscape plantings it is sometimes confused with various species of Cotoneaster,', 'lese do not have similarly clustered fruits.', 'TAT: Shrubby borders of swamps and bogs, lakeshores in full to partial sun, and occasionally on dry', 'hilltops and cliffs. Most common in sandy soil.', 'Often cultivated as an ornamental, in which case', 'it will tolerate almost any sunny site regardless', 'of drainage. Native.', 'FOOD USE: The berries are astringent even when', 'fully ripe. White they can be used whole, they are', 'best diluted by milder flavors. However, little of', ""the fruit's astringency is imparted to raw, cold-"", 'pressed juice. Boiling or steaming to get juice will', 'make it more astringent. Conservation 1.', 'COMMENTS: Russian agronomists identified', 'this North American shrub as a potential crop in', 'the late 1800s and began a breeding program. it', 'is now an important juice crop in much of eastern', 'Europe-the cultivars incorporating some genet-', 'ics of mountain ash to increase fruit size-but', 'aronia is mostly ignored as a food in its native', 'hemisphere. However,', 'it has become a popular', 'shrub', 'for', 'landscape', 'plant-', 'ings', 'and', 'can', 'often', 'be', 'col-', 'lected', 'by', 'urban', 'foragers,', 'and the cultivars planted', 'aver-', 'are', 'better', 'than', 'the', 'age', 'wild', 'fruit.', 'A.', 'arbuti-', 'folia (red chokeberry) is', 'a close relative with red', 'fruit (p. 151). AKA black', 'Because', 'of', 'chokeberry.', 'the similar names, peo-', 'ple often confuse choke-', 'Berry', 'with', 'chokeCherry.', 'WARNING:', 'The', 'juice', 'can', 'a', 'strong', 'laxative', 'be', 'for', 'some', 'people.', '169', 'Black', 'TO', 'RED', 'aronia', '2', 'Aronia', 'NG-314', 'melanocarpa', 'Rosaceae', '(Rose', 'CK', 'CHECK:', 'family)', 'Shrub', 'with', 'a', 'dimpled', 'end', 'and', 'finely', 'a', 'and', 'ID', 'clusters', 'of', 'black', 'fruit', 'CRIPTION:', 'Medium-sized', '.eaves', 'alternate,', 'ovate', 'to', 'of', 'obovate,', 'limber', 'slightly', 'stems', 'the', 'base', 'to', 'folded', ""3-8'(1-2.5 m)"", 'acute', 'tapered', 'and', 'along', 'the', 'the', 'tip', 'midvein,', 'abruptly', '1-3""', '(2.5-8 cm)', 'be', 'ic', 'to', 'soft-hairy', 'lanceolate', 'stipules', 'at', 'the', 'base.', 'The', 'surface', 'pointed', 'is', 'glassy', 'to', 'acuminate.', 'and', 'There', 'are', 'small', 'with', 'below.', 'Midvein', 'flat', 'or', 'slightly', 'depressed', 'above,', 'hairless', 'above,', 'but', 'les', 'ed', 'of', 'tip,', 'cluster', '5-8%', 'tiny,', 'of', 'of', 'dark', 'blade', '8-20.', 'faintly', 'purplish', 'length,', 'depressed', 'offset', 'side,', 'top.', 'arching', 'by', 'small,', 'Inflorescence', 'light', 'toward', 'gland-tipped,', 'green', 'a', 'flat', 'or', 'gland-hairs.', 'Secondary', 'veins', 'are', '4-5', 'per', 'above.', 'Margins', 'evenly', 'serrated', 'with', 'hairless,', 'flattened', 'to', 'faintly', 'channeled', 'on', 'blunt', 'teeth.', 'ate', 'white', 'Flowers', '(late', 'spring)', '0.5-0.8""', '(13-20 mm)', 'across,', 'with', '5', 'triangular', 'sepals,', 'branching', 'broad,', 'flat-', 'the', 'petals,', 'and', 'numerous', 'stamens.', 'Berry', 'spherical,', '6-10', 'mm,', 'with', 'a', 'distinct', '5-point', 'indent', '5', 'or', 'on', 'end', 'along', 'with', 'a', '5-lobed', 'calyx.', 'The', 'flesh', 'is', 'juicy', 'with', 'many', 'soft', 'seeds,', 'ripening', 'to', 'blue-black.', 'FUSING', 'PLANTS:', 'In', 'landscape', 'plantings', 'it', 'is', 'sometimes', 'confused', 'with', 'various', 'species', 'of', 'Cotoneaster,', 'lese', 'do', 'not', 'have', 'similarly', 'clustered', 'fruits.', 'TAT:', 'Shrubby', 'borders', 'of', 'swamps', 'and', 'bogs,', 'lakeshores', 'in', 'full', 'to', 'partial', 'sun,', 'and', 'occasionally', 'on', 'dry', 'hilltops', 'and', 'cliffs.', 'Most', 'common', 'in', 'sandy', 'soil.', 'Often', 'cultivated', 'as', 'an', 'ornamental,', 'in', 'which', 'case', 'it', 'will', 'tolerate', 'almost', 'any', 'sunny', 'site', 'regardless', 'of', 'drainage.', 'Native.', 'FOOD USE:', 'The', 'berries', 'are', 'astringent', 'even', 'when', 'fully', 'ripe.', 'White', 'they', 'can', 'be', 'used', 'whole,', 'they', 'are', 'best', 'diluted', 'by', 'milder', 'flavors.', 'However,', 'little', 'of', 'the', ""fruit's"", 'astringency', 'is', 'imparted', 'to', 'raw,', 'cold-', 'pressed', 'juice.', 'Boiling', 'or', 'steaming', 'to', 'get', 'juice', 'will', 'make', 'it', 'more', 'astringent.', 'Conservation', '1.', 'COMMENTS:', 'Russian', 'agronomists', 'identified', 'this', 'North', 'American', 'shrub', 'as', 'a', 'potential', 'crop', 'in', 'the', 'late', '1800s', 'and', 'began', 'a', 'breeding', 'program.', 'it', 'is', 'now', 'an', 'important', 'juice', 'crop', 'in', 'much', 'of', 'eastern', 'Europe-the', 'cultivars', 'incorporating', 'some', 'genet-', 'ics', 'of', 'mountain', 'ash', 'to', 'increase', 'fruit', 'size-but', 'aronia', 'is', 'mostly', 'ignored', 'as', 'a', 'food', 'in', 'its', 'native', 'hemisphere.', 'However,', 'it', 'has', 'become', 'a', 'popular', 'shrub', 'for', 'landscape', 'plant-', 'ings', 'and', 'can', 'often', 'be', 'col-', 'lected', 'by', 'urban', 'foragers,', 'and', 'the', 'cultivars', 'planted', 'aver-', 'are', 'better', 'than', 'the', 'age', 'wild', 'fruit.', 'A.', 'arbuti-', 'folia', '(red', 'chokeberry)', 'is', 'a', 'close', 'relative', 'with', 'red', 'fruit', '(p.', '151).', 'AKA', 'black', 'Because', 'of', 'chokeberry.', 'the', 'similar', 'names,', 'peo-', 'ple', 'often', 'confuse', 'choke-', 'Berry', 'with', 'chokeCherry.', 'WARNING:', 'The', 'juice', 'can', 'a', 'strong', 'laxative', 'be', 'for', 'some', 'people.', '169']","FOOD USE: The berries are astringent even whenfully ripe. White they can be used whole, they arebest diluted by milder flavors. However, little ofthe fruit's astringency is imparted to raw, cold-pressed juice. Boiling or steaming to get juice willmake it more astringent. Conservation 1.FOOD USE:Theberriesareastringentevenwhenfullyripe.Whitetheycanbeusedwhole,theyarebestdilutedbymilderflavors.However,littleofthefruit'sastringencyisimpartedtoraw,cold-pressedjuice.Boilingorsteamingtogetjuicewillmakeitmoreastringent.Conservation1.",True, Aronia melanocarpa,"
    'berries'"
000060-a.json,"['BROADLEAF', 'WITH', 'Prickly-ash', '0', '5', 'americanum', 'family', 'Rutaceae', 'Zanthoxylum', 'Thicket-forming large shrub with light gray bark, ID difficulty stout spines, 1. pinnately']",FOOD USE: The dried fruitcan be used as a seasoningespecially after roasting. Theleaves can be used as well.Both parts have a potent cit-rusy flavor as well as a numb-ing quality. Conservation 1.,True, Zanthoxylum americanum,"
    'dried fruit','leaves'"
000061-a.json,"['BROADLEAF SHRUBS WITHID you', '7 Sweet-fern', 'Comptonia peregrina family Myricaceae']","FOOD USE: Leaves are used for tea oroccasionally a seasoning. The nutlets aresometimes reported as edible, but theyrealmost always empty, and the kernelseso small that there is really no practicalay to use them as food. Conservation 1.OMMENTS: This shrub has nitrogenking bacteria on its roots, which helpsthrive in extremely poor soil. The seedscan remain dormant in the soil for 70 years,waiting for fire or another disturbance tostimulate germination. A hot summer daywhen the sun hits sweet-fern under redpines generates a scent that embeds itselfforever in your memory.BROADLEAFSHRUBSWITHIDyou7Sweet-fernComptoniaperegrinafamilyMyricaceaeQUICKCHECK:Knee-highshrubwithlinear,blunt-lobed,ruffled,aromaticleaves.IDdifficulty1.Stemserecttolean-DESCRIPTION:Highlyaromaticshrubformingthenewcoloniesgrowthbyreddishtobrownwithlong,softrhizome.ing,to40""(1m)tall,branchingandsparsely.becominghairless.Budsarebluntandalmostthatrounded.areoddhairs,theolderbarkbrownorwithshortpetioles,withsmalllinearstipuleslinear,shaped,cupped,andmuchlargeronshort,bluntlobescutfullyoralmosttothemidvein,thelobessidesmostly(especiallyalternate,alongLeavesalternate,sessilevigorousnewshoots.Blades1.5-5""(4-13cm)long,taperedtoablunttip,withthem,manyandcuppeddownward.Surfacesusuallyhairyonbothincatkins,themalethewithlittlespaceandbetweenrippledorwavyalongthedepressedsecondaryveins.Flowers(spring)bur-likestructuremidvein)thefemalesmall,erect,andredfromprotrudingstigmas.Fruitagreenlong.0.4-0.8""drooping(1-2 cm)andgreen;acrosswith5-15embeddedshinynutlets,egg-shapedwithapoint,5-6mmHABITAT:Dry,poor,sandyorgravellysoilsinfull'sun.Native.&FOODUSE:Leavesareusedforteaoroccasionallyaseasoning.Thenutletsaresometimesreportedasedible,buttheyrealmostalwaysempty,andthekernelsesosmallthatthereisreallynopracticalaytousethemasfood.Conservation1.OMMENTS:Thisshrubhasnitrogenkingbacteriaonitsroots,whichhelpsthriveinextremelypoorsoil.Theseedscanremaindormantinthesoilfor70years,waitingforfireoranotherdisturbancetostimulategermination.Ahotsummerdaywhenthesunhitssweet-fernunderredpinesgeneratesascentthatembedsitselfforeverinyourmemory.",True, Comptonia peregrina,"
    'leaves'"
000062-a.json,"['BROADLEAF', 'SHRUBS', 'WITH', 'DRY', 'FRUIT,', '10 Sweet gale', 'Myrica gale family Myricaceae']","FOOD USE: Leaves can be used to brew a tea or as a sea-soning in broths, like bay leaf. Flower buds and fruits canbe used similarly and are more aromatic. Conservation 1.",True, Myrica gale,"
    'leaves','flower buds','fruits'"
000063-a.json,"['BROADLEAF SHRUBS WITH DRY FRUIT, NUTLETS, OR PODS', '12 Labrador tea', 'Ledum groenlandicum Ericaceae (Heath family)']","FOOD USE: Use leaves fresh or dried for tea.Due to small amounts of the toxin ledol in theleaves, some anti-foraging authorities advisenot to boil Ithem-although many people do, and/ have never heard of this having any ill effect.excessive very well-estab- drunkBoiling is fine as long as the tea is not inamounts. This is alished traditional drink. Conservation",True, Ledum groenlandicum,"
    'leaves'"
000065-a.json,"['WOODY VINES AND CREEPERS', '3 Raccoon grape', '1', 'Ampelopsis', 'arborea Vitaceae (Grape family)']","FOOD USE: Collect fruit when ripe and use like wild grapes. The flesh is faintly irritating to the mouth, whichcan be alleviated in juice by letting it sit overnight in the fridge and then decanting the sludge-free liquid ontop (as with wild grapes). Conservation",True, Ampelopsis arborea, 'fruit'
000066-a.json,"['WOODY VINES AND CREEPERS', '6 Japanese japonica honeysuckle family M Caprifoliaceae', '2', 'Lonicera', 'white', 'flow-']","FOOD USE: Pluck mature white flowers. bite off the bottom, and suck the nectar from the base. Flowers canalso be eaten in salads, chopped up andsoaked for a drink, or dried for tea.",True, Lonicera white, 'flowers'
000067-a.json,"['WOODY VINES AND CREEPERS', '8 Kudzu', '1', '2', 'Pueraria lobata Fabaceae (Bean family)']","FOOD USE: The enormous rootstocks can be dug all year but will contain the most food value when thetop is dormant. Clean, shred (easiest in a powerful blender), and then strain through a cloth to separate thestarch. Seek smaller vines; the roots of large vines are simply too big to dig. Commercially extracted in Asia,kudzu starch is nutritious and tasty and has many uses. In spring, the shoots and tender young leaves canbe eaten raw or cooked and have a mild, slightly green bean-like flavor. Flowers and flower buds can also beeaten as a vegetable.",True, Pueraria lobata," 'starch','shoots','tender young leaves','flowers','flower buds'"
000069-a.json,"['AQUATICS WITH GRASS-LIKE LEAVES OR TUBULAR LEAFLESS STEMS', '2 Rice cutgrass', '2', '2', '2', 'Zizaniopsis miliaceae Poaceae (Grass family)']","shoots FOOD USE: of Tender stem bases (spring and early summer) can be peeled and eaten raw or cooked. Lateralcan be fast-growing rhizomes (summer) are tender and delicious. Seeds (late spring or early summer)harvested bybeating, like wild rice,and processed by rub-bing and winnowingConservation",True, Zizaniopsis miliaceae,"
    'shoots','lateral rhizomes','seeds'"
000071-a.json,"['M', 'AQUATICS WITH GRASS-LIKE LEAVES OR TUBULAR LEAFLESS STEMS', '5 Cattail (continued)', 'the outer spongy layer of the rhizome and chew on the core raw, ground sucking into out flour, the starch after', 'and spitting out the fiber. Roasting out. Lateral shoots are sweet and delicious eaten raw or causes', 'FOOD USE: Peel off sweetens the rhizomes. Cores can be dried and cooked. The heart at', 'the irritation of in fibers the the leaf throat; cluster be sifted great spring eaten encloses raw often scrape the mild off', 'which the can in and early summer is mild in flavor but when immature', 'base it is cooked. In early summer while the leafy sheath still them', 'flower spike, can boil or steam the whole spikes and nibble off the flower buds, or the female; this', 'green to with grain or you vegetables. The male flowers (top section of the spike) are better than and', 'part mix snaps off easily by hand. Pollen can be collected by leaning the flowering spikes over a pail or bag mixed', 'tapping it should be dried to prevent spoilage, then sifted to remove insects and debris. Use pollen', 'with other flours to give baked foods a nice golden color and pleasant flavor. Conservation 2/2/1', 'COMMENTS: This is one of our most versatile, productive, abundant, and delicious wild food plants.', '206', '(top)', 'with', 'lateral', 'shoot', '(bottom)', 'tips.', 'Cattail', 'hearts.', '1', 'M', 'AQUATICS', 'WITH', 'GRASS-LIKE', 'LEAVES', 'OR', 'TUBULAR', 'LEAFLESS', 'STEMS', '5', 'Cattail', '(continued)', 'the', 'outer', 'spongy', 'layer', 'of', 'the', 'rhizome', 'and', 'chew', 'on', 'the', 'core', 'raw,', 'ground', 'sucking', 'into', 'out', 'flour,', 'the', 'starch', 'after', 'and', 'spitting', 'out', 'the', 'fiber.', 'Roasting', 'out.', 'Lateral', 'shoots', 'are', 'sweet', 'and', 'delicious', 'eaten', 'raw', 'or', 'causes', 'FOOD', 'USE:', 'Peel', 'off', 'sweetens', 'the', 'rhizomes.', 'Cores', 'can', 'be', 'dried', 'and', 'cooked.', 'The', 'heart', 'at', 'the', 'irritation', 'of', 'in', 'fibers', 'the', 'the', 'leaf', 'throat;', 'cluster', 'be', 'sifted', 'great', 'spring', 'eaten', 'encloses', 'raw', 'often', 'scrape', 'the', 'mild', 'off', 'which', 'the', 'can', 'in', 'and', 'early', 'summer', 'is', 'mild', 'in', 'flavor', 'but', 'when', 'immature', 'base', 'it', 'is', 'cooked.', 'In', 'early', 'summer', 'while', 'the', 'leafy', 'sheath', 'still', 'them', 'flower', 'spike,', 'can', 'boil', 'or', 'steam', 'the', 'whole', 'spikes', 'and', 'nibble', 'off', 'the', 'flower', 'buds,', 'or', 'the', 'female;', 'this', 'green', 'to', 'with', 'grain', 'or', 'you', 'vegetables.', 'The', 'male', 'flowers', '(top', 'section', 'of', 'the', 'spike)', 'are', 'better', 'than', 'and', 'part', 'mix', 'snaps', 'off', 'easily', 'by', 'hand.', 'Pollen', 'can', 'be', 'collected', 'by', 'leaning', 'the', 'flowering', 'spikes', 'over', 'a', 'pail', 'or', 'bag', 'mixed', 'tapping', 'it', 'should', 'be', 'dried', 'to', 'prevent', 'spoilage,', 'then', 'sifted', 'to', 'remove', 'insects', 'and', 'debris.', 'Use', 'pollen', 'with', 'other', 'flours', 'to', 'give', 'baked', 'foods', 'a', 'nice', 'golden', 'color', 'and', 'pleasant', 'flavor.', 'Conservation', '2/2/1', 'COMMENTS:', 'This', 'is', 'one', 'of', 'our', 'most', 'versatile,', 'productive,', 'abundant,', 'and', 'delicious', 'wild', 'food', 'plants.', '206', '(top)', 'with', 'lateral', 'shoot', '(bottom)', 'tips.', 'Cattail', 'hearts.', '1']","FOOD USE: Peel off sweetens the rhizomes. Cores can be dried and cooked. The heart atthe irritation of in fibers the the leaf throat; cluster be sifted great spring eaten encloses raw often scrape the mild offwhich the can in and early summer is mild in flavor but when immaturebase it is cooked. In early summer while the leafy sheath still themflower spike, can boil or steam the whole spikes and nibble off the flower buds, or the female; thisgreen to with grain or you vegetables. The male flowers (top section of the spike) are better than andpart mix snaps off easily by hand. Pollen can be collected by leaning the flowering spikes over a pail or bag mixedtapping it should be dried to prevent spoilage, then sifted to remove insects and debris. Use pollenwith other flours to give baked foods a nice golden color and pleasant flavor. Conservation 2/2/1",True," Cattail

    Note: The text contains multiple occurrences of the name ""Cattail."" The correct output should be based on the first occurrence."," ['rhizomes', 'cores', 'heart', 'green to with grain or you vegetables', 'male flowers', 'pollen']"
000073-a.json,"['AQUATICS-NOT GRASS-LIKE OR TUBULAR', '3', 'IWE-381', '2 Watercress', 'Nasturtium officinale Brassicaceae (Mustard family)']",FOOD USE: Gather greens from late winter through late fall (but especially spring) and use raw in salads oron sandwiches. They can also be fried or used in soup or casserole.,True, Nasturtium officinale,"
    'greens'"
000074-a.json,"['AQUATICS-NOT GRASS-LIKE OR TUBULAR', '3 Water parsnip (continued)', 'PLANTS: Misidentifications with water hemlock (pp. 668-670) have stems resulted are not in angled. death! Water Water', 'CONFUSING times compound, splitting 3 ways at the first division. The widest in the middle, stiff,', ""hemlock roots straw-colored are 1-5' outside, often with yellow lines inside. Bulblet water hemlock (p. the first division,"", 'hemlock leaves are 2-3 (2.5-13 cm) long and much stouter (about 20% as thick as long), 670) has multiple', 'yellowish thin or that from the top. The leaves are 2-3 times compound, splitting 3 ways at When mature,', 'roots the leaflets taper thin and lobed, the smallest divisions linear. The stems are not angled. in form, but the', 'the with bulblets in the very leaf axils are diagnostic. Oxypolis rigidion (p. 424) is similar to water parsnip clustered', 'are entire or with a few scattered, (arge teeth toward the end of the leaflet. Its roots are of the carrot and', 'leaflets white with spherical enlargements toward the end. Berula erecta (see next) is another member shorter', 'family that also goes by the common name ""water parsnip."" This is a smaller plant; its leaves are cut lobes. and', 'broader than those of Sium suave, and coarsely toothed. The upper leaves have large teeth or deeply', 'HABITAT: Marshes, lakeshores, ditches, ponds, hardwood swamps, river oxbows. Especially likes rich muck', 'and thrives with water level fluctuations. Native.', 'FOOD USE: Exercise extreme care in identifying this plant. The roots can be collected from fall through', ""spring and eaten raw or cooked. Dig up plants gingerly so that roots don't snap. Break off the larger roots"", 'and replant the crown. Young stems, leaves, and leaf shoots can be eaten raw or cooked in spring and early', 'summer. Conservation 3/2.', 'COMMENTS: Due to the danger of misidentification, this vegetable is rarely used or written about. One of', 'the few documented deaths from plant misidentification that have been able to find resulted from mistaking', ""western water hemlock for water parsnip. However, water parsnip's roots are a highly esteemed food in many"", 'Native American cultures. Skirret (Sium sisarum), a closely related plant with nearly identical flavor, has been', 'cultivated as a root and stem vegetable in Asia for thousands of years. It is still available from some seed', 'catalogs in the US.', 'Typical leaflet closeup', '(middle) Young basal', 'leaves and leaf shoots', 'emerging in summer', 'after flood recession.', '(right) Water parsnip', 'stems are strongly', 'angled or ridged,', 'unlike those of water', 'hemlock', '214', 'AQUATICS-NOT', 'GRASS-LIKE', 'OR', 'TUBULAR', '3', 'Water', 'parsnip', '(continued)', 'PLANTS:', 'Misidentifications', 'with', 'water', 'hemlock', '(pp.', '668-670)', 'have', 'stems', 'resulted', 'are', 'not', 'in', 'angled.', 'death!', 'Water', 'Water', 'CONFUSING', 'times', 'compound,', 'splitting', '3', 'ways', 'at', 'the', 'first', 'division.', 'The', 'widest', 'in', 'the', 'middle,', 'stiff,', 'hemlock', 'roots', 'straw-colored', 'are', ""1-5'"", 'outside,', 'often', 'with', 'yellow', 'lines', 'inside.', 'Bulblet', 'water', 'hemlock', '(p.', 'the', 'first', 'division,', 'hemlock', 'leaves', 'are', '2-3', '(2.5-13', 'cm)', 'long', 'and', 'much', 'stouter', '(about', '20%', 'as', 'thick', 'as', 'long),', '670)', 'has', 'multiple', 'yellowish', 'thin', 'or', 'that', 'from', 'the', 'top.', 'The', 'leaves', 'are', '2-3', 'times', 'compound,', 'splitting', '3', 'ways', 'at', 'When', 'mature,', 'roots', 'the', 'leaflets', 'taper', 'thin', 'and', 'lobed,', 'the', 'smallest', 'divisions', 'linear.', 'The', 'stems', 'are', 'not', 'angled.', 'in', 'form,', 'but', 'the', 'the', 'with', 'bulblets', 'in', 'the', 'very', 'leaf', 'axils', 'are', 'diagnostic.', 'Oxypolis', 'rigidion', '(p.', '424)', 'is', 'similar', 'to', 'water', 'parsnip', 'clustered', 'are', 'entire', 'or', 'with', 'a', 'few', 'scattered,', '(arge', 'teeth', 'toward', 'the', 'end', 'of', 'the', 'leaflet.', 'Its', 'roots', 'are', 'of', 'the', 'carrot', 'and', 'leaflets', 'white', 'with', 'spherical', 'enlargements', 'toward', 'the', 'end.', 'Berula', 'erecta', '(see', 'next)', 'is', 'another', 'member', 'shorter', 'family', 'that', 'also', 'goes', 'by', 'the', 'common', 'name', '""water', 'parsnip.""', 'This', 'is', 'a', 'smaller', 'plant;', 'its', 'leaves', 'are', 'cut', 'lobes.', 'and', 'broader', 'than', 'those', 'of', 'Sium', 'suave,', 'and', 'coarsely', 'toothed.', 'The', 'upper', 'leaves', 'have', 'large', 'teeth', 'or', 'deeply', 'HABITAT:', 'Marshes,', 'lakeshores,', 'ditches,', 'ponds,', 'hardwood', 'swamps,', 'river', 'oxbows.', 'Especially', 'likes', 'rich', 'muck', 'and', 'thrives', 'with', 'water', 'level', 'fluctuations.', 'Native.', 'FOOD', 'USE:', 'Exercise', 'extreme', 'care', 'in', 'identifying', 'this', 'plant.', 'The', 'roots', 'can', 'be', 'collected', 'from', 'fall', 'through', 'spring', 'and', 'eaten', 'raw', 'or', 'cooked.', 'Dig', 'up', 'plants', 'gingerly', 'so', 'that', 'roots', ""don't"", 'snap.', 'Break', 'off', 'the', 'larger', 'roots', 'and', 'replant', 'the', 'crown.', 'Young', 'stems,', 'leaves,', 'and', 'leaf', 'shoots', 'can', 'be', 'eaten', 'raw', 'or', 'cooked', 'in', 'spring', 'and', 'early', 'summer.', 'Conservation', '3/2.', 'COMMENTS:', 'Due', 'to', 'the', 'danger', 'of', 'misidentification,', 'this', 'vegetable', 'is', 'rarely', 'used', 'or', 'written', 'about.', 'One', 'of', 'the', 'few', 'documented', 'deaths', 'from', 'plant', 'misidentification', 'that', 'have', 'been', 'able', 'to', 'find', 'resulted', 'from', 'mistaking', 'western', 'water', 'hemlock', 'for', 'water', 'parsnip.', 'However,', 'water', ""parsnip's"", 'roots', 'are', 'a', 'highly', 'esteemed', 'food', 'in', 'many', 'Native', 'American', 'cultures.', 'Skirret', '(Sium', 'sisarum),', 'a', 'closely', 'related', 'plant', 'with', 'nearly', 'identical', 'flavor,', 'has', 'been', 'cultivated', 'as', 'a', 'root', 'and', 'stem', 'vegetable', 'in', 'Asia', 'for', 'thousands', 'of', 'years.', 'It', 'is', 'still', 'available', 'from', 'some', 'seed', 'catalogs', 'in', 'the', 'US.', 'Typical', 'leaflet', 'closeup', '(middle)', 'Young', 'basal', 'leaves', 'and', 'leaf', 'shoots', 'emerging', 'in', 'summer', 'after', 'flood', 'recession.', '(right)', 'Water', 'parsnip', 'stems', 'are', 'strongly', 'angled', 'or', 'ridged,', 'unlike', 'those', 'of', 'water', 'hemlock', '214']","FOOD USE: Exercise extreme care in identifying this plant. The roots can be collected from fall throughspring and eaten raw or cooked. Dig up plants gingerly so that roots don't snap. Break off the larger rootsand replant the crown. Young stems, leaves, and leaf shoots can be eaten raw or cooked in spring and earlysummer. Conservation 3/2.",True, Water parsnip,"
    'roots','young stems','leaves','leaf shoots'"
000075-b.json,"['WITH LEAVES OR TUBULAR STEMS', 'Wild rice', '$', '3', '10', 'FH-117', 'Zizania palustris, Z. aquatica Poaceae (Grass family)', 'K', 'ne difficulty', 'CHECK: kerneis. Large ID grass with large rod-like seeds in raspy husks with awns longer', 'ater RIPTION: level has Annual grass that grows in water up to 4) (1.2 m) deep, or if', 'the dropped. Seedlings emerge first as submerged aquatic on leaves. mudflats', 'ng surface these float for several weeks before the stems stand erect. Erect After', '2-13 (0.6-4 m) tall, unbranched, clumped (up to 70 per plant where competition', 'ode. 0.2-0.9"" (5-23 mm) thick, roundish, hollow, smooth and hairless, enlarged above', 'ith There are usually only 2-4 leaves per stem, Leaves 0.7-3"" (18-80mm) wide and 10-42"" (25-110 cm)', 'a sharp tip. Midvein prominent, depressed above, enlarged, spongy, stiffening the leaf (especially', 'ally): there are 4-6 prominent veins evenly spaced on each side. Surface hairless and smooth except', 'e margins, which are very rough when rubbed from tip to base, rougher on one edge than the other.', 'scence an erect, Christmas-tree-shaped panicle 10-30"" (25-75 cm) long with a dominant central rachis,', 'sing far above the leaves on a naked stem; it may be spread wide or have all the upper branches folded', 'ly. Panicle branches are whorled or alternate and up to 7"" (18 cm) long. The lower branches are male', 'reading, the upper female and ascending. Female flowers are inconspicuous; the male drooping and', '(for a grass), up to 1 cm long. Seed rod-like, 0.3-1.1"" (8-28 mm) long and 1.5-3 mm wide, borne in a', 'husk that has stiff, raspy hairs, especially on the ridges, and a barbed own much longer than the kernel.', 'SPECIES: Northern wild rice Z. palustris has larger kernels but its', 'vegetative parts tend to be smaller. Southern wild rice Z. aquatica', 'is a larger plant with smaller kernels that tends to grow in shal-', 'lower water. Southern rice has copious amounts of very slick,', 'aromatic, sour-lemony lubricant on the panicle stems, which is', 'reduced or absent in northern rice. The female portion of the', 'panicles of southern rice are always spread open when the seeds', 'are ripe; on northern they often stay closed or spread only slightly.', 'HABITAT: Shallow areas of lakes with inlets and outlets, and', 'rivers. Wild rice needs very soft muck over a sand or gravel', 'bottom and is very sensitive to boat traffic and similar distur-', 'bance. Native.', 'FOOD USE: Harvest seeds in late summer to early autumn when', 'the kernels fall upon being struck gently. Propel a small watercraft', 'through the rice with a paddle or pole and knock the rice into the', 'boat with sticks. Wild rice needs to be dried, parched, rubbed,', 'and winnowed before cooking (see p. 27). Conservation 1.', 'WARNING: Rice awns are tiny and barbed and may penetrate burrow', 'mouth, nose, ears, armpits and other crevices; they rice into', 'under eyes, finger and toe nails. Never put fresh green wild', 'your mouth-the hulls must be removed.', 'COMMENTS:', 'One', 'of', 'the', 'wild', 'foods', 'of', 'North', 'America,', 'this', 'iconic', 'staple,', 'but', 'majority', 'of', 'wild', 'rice', 'the', 'starchy', 'great', 'is', 'an', 'excellent', 'Although', 'wild', 'rice', 'is', 'widespread,', 'it', 'is', 'cultivated.', 'Saskatch-', 'on', 'the', 'market', 'Wisconsin,', 'Michigan,', 'abundant', 'in', 'Minnesota,', 'is', 'most', 'used', 'similarly,', 'but', 'north-', 'and', 'Ontario.', 'Both', 'species', 'can', 'ewan,', 'efficient', 'to', 'harvest.', 'Indigenous', 'wild', 'is', 'generally', 'more', 'rice', 'knowledge', 'that', 'ern', 'rich', 'body', 'of', 'techniques', 'and', 'to', 'join', 'peoples', 'developed', 'of', 'this', 'food', 'possible.', 'All', 'foragers', 'need', 'makes', 'practical', 'use', 'this', 'and', 'other', 'native', 'plant', 'foods.', 'them', 'in', 'protecting', 'Northern', 'wild', 'rice', 'flowering.', '(top', 'left)', 'Northern', 'wild', 'rice,', 'ripe', 'grain.', '(top', 'right)', 'Wild', 'rice,', 'floating', 'stage.', '203', 'WITH', 'LEAVES', 'OR', 'TUBULAR', 'STEMS', 'Wild', 'rice', '$', '3', '10', 'FH-117', 'Zizania', 'palustris,', 'Z.', 'aquatica', 'Poaceae', '(Grass', 'family)', 'K', 'ne', 'difficulty', 'CHECK:', 'kerneis.', 'Large', 'ID', 'grass', 'with', 'large', 'rod-like', 'seeds', 'in', 'raspy', 'husks', 'with', 'awns', 'longer', 'ater', 'RIPTION:', 'level', 'has', 'Annual', 'grass', 'that', 'grows', 'in', 'water', 'up', 'to', '4)', '(1.2 m)', 'deep,', 'or', 'if', 'the', 'dropped.', 'Seedlings', 'emerge', 'first', 'as', 'submerged', 'aquatic', 'on', 'leaves.', 'mudflats', 'ng', 'surface', 'these', 'float', 'for', 'several', 'weeks', 'before', 'the', 'stems', 'stand', 'erect.', 'Erect', 'After', '2-13', '(0.6-4', 'm)', 'tall,', 'unbranched,', 'clumped', '(up', 'to', '70', 'per', 'plant', 'where', 'competition', 'ode.', '0.2-0.9""', '(5-23', 'mm)', 'thick,', 'roundish,', 'hollow,', 'smooth', 'and', 'hairless,', 'enlarged', 'above', 'ith', 'There', 'are', 'usually', 'only', '2-4', 'leaves', 'per', 'stem,', 'Leaves', '0.7-3""', '(18-80mm)', 'wide', 'and', '10-42""', '(25-110', 'cm)', 'a', 'sharp', 'tip.', 'Midvein', 'prominent,', 'depressed', 'above,', 'enlarged,', 'spongy,', 'stiffening', 'the', 'leaf', '(especially', 'ally):', 'there', 'are', '4-6', 'prominent', 'veins', 'evenly', 'spaced', 'on', 'each', 'side.', 'Surface', 'hairless', 'and', 'smooth', 'except', 'e', 'margins,', 'which', 'are', 'very', 'rough', 'when', 'rubbed', 'from', 'tip', 'to', 'base,', 'rougher', 'on', 'one', 'edge', 'than', 'the', 'other.', 'scence', 'an', 'erect,', 'Christmas-tree-shaped', 'panicle', '10-30""', '(25-75', 'cm)', 'long', 'with', 'a', 'dominant', 'central', 'rachis,', 'sing', 'far', 'above', 'the', 'leaves', 'on', 'a', 'naked', 'stem;', 'it', 'may', 'be', 'spread', 'wide', 'or', 'have', 'all', 'the', 'upper', 'branches', 'folded', 'ly.', 'Panicle', 'branches', 'are', 'whorled', 'or', 'alternate', 'and', 'up', 'to', '7""', '(18', 'cm)', 'long.', 'The', 'lower', 'branches', 'are', 'male', 'reading,', 'the', 'upper', 'female', 'and', 'ascending.', 'Female', 'flowers', 'are', 'inconspicuous;', 'the', 'male', 'drooping', 'and', '(for', 'a', 'grass),', 'up', 'to', '1', 'cm', 'long.', 'Seed', 'rod-like,', '0.3-1.1""', '(8-28', 'mm)', 'long', 'and', '1.5-3', 'mm', 'wide,', 'borne', 'in', 'a', 'husk', 'that', 'has', 'stiff,', 'raspy', 'hairs,', 'especially', 'on', 'the', 'ridges,', 'and', 'a', 'barbed', 'own', 'much', 'longer', 'than', 'the', 'kernel.', 'SPECIES:', 'Northern', 'wild', 'rice', 'Z.', 'palustris', 'has', 'larger', 'kernels', 'but', 'its', 'vegetative', 'parts', 'tend', 'to', 'be', 'smaller.', 'Southern', 'wild', 'rice', 'Z.', 'aquatica', 'is', 'a', 'larger', 'plant', 'with', 'smaller', 'kernels', 'that', 'tends', 'to', 'grow', 'in', 'shal-', 'lower', 'water.', 'Southern', 'rice', 'has', 'copious', 'amounts', 'of', 'very', 'slick,', 'aromatic,', 'sour-lemony', 'lubricant', 'on', 'the', 'panicle', 'stems,', 'which', 'is', 'reduced', 'or', 'absent', 'in', 'northern', 'rice.', 'The', 'female', 'portion', 'of', 'the', 'panicles', 'of', 'southern', 'rice', 'are', 'always', 'spread', 'open', 'when', 'the', 'seeds', 'are', 'ripe;', 'on', 'northern', 'they', 'often', 'stay', 'closed', 'or', 'spread', 'only', 'slightly.', 'HABITAT:', 'Shallow', 'areas', 'of', 'lakes', 'with', 'inlets', 'and', 'outlets,', 'and', 'rivers.', 'Wild', 'rice', 'needs', 'very', 'soft', 'muck', 'over', 'a', 'sand', 'or', 'gravel', 'bottom', 'and', 'is', 'very', 'sensitive', 'to', 'boat', 'traffic', 'and', 'similar', 'distur-', 'bance.', 'Native.', 'FOOD', 'USE:', 'Harvest', 'seeds', 'in', 'late', 'summer', 'to', 'early', 'autumn', 'when', 'the', 'kernels', 'fall', 'upon', 'being', 'struck', 'gently.', 'Propel', 'a', 'small', 'watercraft', 'through', 'the', 'rice', 'with', 'a', 'paddle', 'or', 'pole', 'and', 'knock', 'the', 'rice', 'into', 'the', 'boat', 'with', 'sticks.', 'Wild', 'rice', 'needs', 'to', 'be', 'dried,', 'parched,', 'rubbed,', 'and', 'winnowed', 'before', 'cooking', '(see', 'p.', '27).', 'Conservation', '1.', 'WARNING:', 'Rice', 'awns', 'are', 'tiny', 'and', 'barbed', 'and', 'may', 'penetrate', 'burrow', 'mouth,', 'nose,', 'ears,', 'armpits', 'and', 'other', 'crevices;', 'they', 'rice', 'into', 'under', 'eyes,', 'finger', 'and', 'toe', 'nails.', 'Never', 'put', 'fresh', 'green', 'wild', 'your', 'mouth-the', 'hulls', 'must', 'be', 'removed.', 'COMMENTS:', 'One', 'of', 'the', 'wild', 'foods', 'of', 'North', 'America,', 'this', 'iconic', 'staple,', 'but', 'majority', 'of', 'wild', 'rice', 'the', 'starchy', 'great', 'is', 'an', 'excellent', 'Although', 'wild', 'rice', 'is', 'widespread,', 'it', 'is', 'cultivated.', 'Saskatch-', 'on', 'the', 'market', 'Wisconsin,', 'Michigan,', 'abundant', 'in', 'Minnesota,', 'is', 'most', 'used', 'similarly,', 'but', 'north-', 'and', 'Ontario.', 'Both', 'species', 'can', 'ewan,', 'efficient', 'to', 'harvest.', 'Indigenous', 'wild', 'is', 'generally', 'more', 'rice', 'knowledge', 'that', 'ern', 'rich', 'body', 'of', 'techniques', 'and', 'to', 'join', 'peoples', 'developed', 'of', 'this', 'food', 'possible.', 'All', 'foragers', 'need', 'makes', 'practical', 'use', 'this', 'and', 'other', 'native', 'plant', 'foods.', 'them', 'in', 'protecting', 'Northern', 'wild', 'rice', 'flowering.', '(top', 'left)', 'Northern', 'wild', 'rice,', 'ripe', 'grain.', '(top', 'right)', 'Wild', 'rice,', 'floating', 'stage.', '203']","FOOD USE: Harvest seeds in late summer to early autumn whenthe kernels fall upon being struck gently. Propel a small watercraftthrough the rice with a paddle or pole and knock the rice into theboat with sticks. Wild rice needs to be dried, parched, rubbed,and winnowed before cooking (see p. 27). Conservation 1.",True, Zizania palustris or Zizania aquatica,"
    'kernels'"
000076-a.json,"['(L)', 'AQUATICS-NOT GRASS-LIKE OR TUBULAR', '5 Brooklime', '1', 'Veronica americana family Scrophulariaceae']","FOOD USE: Gather the tender growing tips from spring through earlyfall. (For raw use, pick only the portion well above the water to eliminatethe risk of liver flukes.) Best raw in salads or sandwiches. Conservation 2.plant raw.",True, Veronica americana, 'tips'
000077-a.json,"['AQUATICS-NOT GRASS-LIKE OR TUBULAR', '7 Trapa natans Lythraceae (Loosestrife family)', 'Water-chestnut', '€ 3', 'CHECK: Floating rosettes of small, diamond shaped, difficulty sharply 1. toothed leaves;']","FOOD USE: Flip rosettes in latesummer and pick the larger nutsfrom beneath-one or a few maybe eripe at a time Nuts can be driedwhale and then cracked with ahammer, or cut in half beforedrying Kerneis can be steamed,fried, boiled in soups, or groundinto flour.",True, Trapa natans,"
    'nuts'"
000078-a.json,"['AQUATICS-NOT GRASS-LIKE OR TUBULAR', 'Wapato', 'CD3', '2', '2', 'FH-101', '9', 'Sagittaria', 'latifolia', 'family', 'Alismataceae', 'as']","FOOD USE; Gather tubers either by following rhizomes from the plant base to their ends, or by diggingALeafshapeishighlyemergingleafvariable.AtshootfarattheanewlyAQUATICS-NOTGRASS-LIKEORTUBULARWapatoCD322FH-1019SagittarialatifoliafamilyAlismataceaeasQUICKCHECK:Emergentleaveswithtwobackward-pointinglobesaboutaslongthemainblade.IDdifficulty2.Transientperennialsproutingfromtubersdistantfromhigh,thewithparenttwoplant.Sapmilky.lobesaboutaslongostheblade.Blades8-32""(zo-80formsDESCRIPTION:Leavesallbasal,inrosettes,rising1-5'(30-150cm)cm)longandbackward-pointingcm)wide,broadwitharoundedtiporverynarrowandpointed-both0.6-20""(1.5-50onthesameplant.Thelobesarealwayspointed.MajorveinsflataboveandprotrudingMarginshavebelow.nomaybepresentinaspider-likepatternfromtheleafbaseandterminatingintheleafandlobetips.roundedexceptforradiatingPetiolesusuallymuchlongerthantheblade,tapered,spongywithair-filledtubes,thin,taperedteeth.smallflatfaceontheupper/insidesurface,smoothandhairless,thelowerfifthwithbroad,tallandwingsaformingadeepchannel.Stalksimple,naked,thick,spongy,angled,hairless,to28""(70cm)of0.9""(23mm)thick.Inflorescencearacemeatthestalk'sapex,theflowersin3-9widelyspacedwhorls3,eachonanascending,thickpedicel0.5-1.5""(13-38mm)long,withasinglebract.Flowershavethreewaxywhite,nearlyroundorfaintlynotchedpetalsandafuzzy-lookinggreenishmoundofnumeroussexualpartsinthecenter.Fruitflattened,dry,wingedseeds(achenes)withahookattheend,bornehundredstogetherinaball-likecluster.Tuber1-3.5""(2.5-9 cm)long,egg-shapedtooccasionallyflattened,withringedsections,deadleafyveils,andapointed,curved,fang-likebudprojectingfromtheend.Thesmoothskiniscreamy,purple,rusty,orbrownincolor;thewhitetocreamy-yellowfleshiscrispandnotfibrous.Tubersarebornesinglyattheendoflong,unbranched,spongyrhizomesupto 5'(1.5m)longand1""(2.5cm)thick.CONFUSINGPLANTS:Thebackward-pointinglobesofpickerelweedleavesarebluntratherthanpointed,andtheveinsfollowthecontourofthelobeswithoutterminatingthere.Arrowarumlobesareproportionatelysmallerandpointmoreoutward;seethephotosforvenationdifferences.Neitheroftheseplantshasanyundergroundpartthatevenremotelyresemblesawapato.HABITAT:Lakeshores,riveredges.ponds,ditches,marshes.Growsbestwithaclay-mudbottomandran-domlyfluctuatingwaterlevels.Native.themudinthickcolonies.Wherethereisstandingwater,stompsystematicallytobreakupthemud;releasedinFOODUSE;Gathertuberseitherbyfollowingrhizomesfromtheplantbasetotheirends,orbydiggingALeafshapeishighlyemergingleafvariable.Atshootfarattheanewly",True, Sagittaria latifolia,"
    'tubers'"
000079-a.json,"['AQUATICS-NOT', 'GRASS-LIKE', 'OR', 'TUBULAR', '2', '11', 'Water-plantain', 'plantago-aquatica', 'family', 'Alismataceae', 'Alisma', 'parallel-veined', 'leaves', 'on', 'long', 'petioles;', 'Rosette', 'of', 'entire,', 'elliptic,']","FOOD USE: Gather corms from fall through spring by grabbing themjust below the base of the plant and pulling them out of the muck. Rinseand detach the hair-like roots. Corms are hard and unpalatable raw,better cooked. They arebest used sparingly,more as a seasoning.Tender young leavesand shoots, collectedin spring and earlysummer, can be usedas potherbs-the flavorresembles that of itsclose relative, wapato.Conservation 3/2.",True," plantago-aquatica

    Input:

    ['TROPICAL', 'RAIN-FOREST', 'BIRDS', 'Parrot', '3', 'Parrotfish', 'Scarus', 'sordidus', 'and', 'Scarus', 'gigas']

    Output:
     Scarus sordidus
     Scarus gigas

    Input:

    ['TREE', 'SPECIES', '12', 'Beech', 'Fagus', 'sylvatica', 'L.', 'English', 'beech', 'Fagus', 'orientalis', 'Oriental', 'beech']

    Output:
     Fagus sylvatica
     Fagus orientalis","
    'corms','Young leaves','Young shoots'"
000080-a.json,"['AQUATICS-NOT', 'GRASS-LIKE', 'OR', 'TUBULAR', '1', 'NG-99', 'American', 'lotus', '03', '13', 'Nelumbo', 'family', 'Nelumbonacede', 'lutea', 'with', 'enormous', 'flowers', 'and', 'emergent,', 'no', 'slit;', 'CHECK:', 'Large', 'pads,', 'floating', 'or']","FOOD USE: Gather tubers from late summer through spring. Dig along the rhizomes, usually 1-6' (30-180 cm)from the petiole base. Young, tender tubers can be peeled and sliced for eating raw, or used in stir-fry with othervegetables. Older tubers are firm and starchy and should be well cooked. Nuts ripen from late summer throughfall. Ripe seedheads detach from the stem easily. Soft, moist nuts can be eaten raw or roasted. Dried nuts will keepfor a lifetime with noloss in quality; they canbe cracked and boiledor ground for flour ormeal. Newly emergingleaves are also eaten,especially as a wrapfor vegetables and rice.Conservation 2/1/1",True, Nelumbo lutea," ['tubers', 'nuts']"
000081-a.json,"['AQUATICS-NOT', 'GRASS-LIKE', 'OR', 'TUBULAR', '15 Arrow arum', '11/1', 'Peltandra virginica Araceae (Arum family)', 'CHECK: Arrowhead-shaped leaves with round-tipped difficulty lobes 2. and no milky sap;']",FOOD USE: The rootstock can be eatenafter baking for an exceptionally long time.I've done this once. Conservation 3.,True, Peltandra virginica,"
    'rootstock'"
000082-a.json,"['LINEAR, ENTIRE, ONION-SCRNTHON', '1', 'Ramp (continued)', 'forests and high floodplains with rich soil, especially slopes. those Native. dominated by sugar maple,', 'bitternut bulbs preferentially from late spring through early summer later the time the quality the bulbs deteriorates. reach full', 'HABITAT: hickory, Hardwood and elm. In southern parts of its range it prefers north', 'FOOD USE: Gather in spring and are much better before fully grown; by salad, and many', 'size, the leaves have passed be dried and crumbled for use as a seasoning; bulbs can Narrow-leaved ramp has', 'Greens are available only their prime. Ramps are excellent in soup, stir fry, casserole, be pickled, canned, or', 'dried. other dishes. Any tender The leaves parts, including can scapes, flower buds, and green pods, are edible.', 'a milder flavor. Conservation 3/2 (see note before key).', 'Considered by many to be our best wild onion, this species is collected commercially, who overcollect sold at', 'COMMENTS: and served in fine restaurants. There are some unscrupulous harvesters', ""farmer's There markets, is also a great deal of unnecessary ramp-shaming online and in the media. Although some claims people"", 'these. that the plant is endangered, or that it is always irresponsible to harvest the bulbs, these are', 'based claim primarily upon one ill-conceived anti-foraging paper reporting on research designed to underrepresent', ""the plant's reproductive potential. Ramp conservation problems are highly localized. In fact, populations have"", 'been generally increasing nationwide for about a century, and these species are faring far better than most of', 'our native onions. it is entirely possible to', 'harvest rampbulbs or leaves sustainably', 'and ethically. AKA wild leek, but that name', 'is also used for feral leeks.', 'Ramp seedheads in fall.', 'Allium burdickii. Note the green scapes, fully elongated while the', 'leaves are still green.', '2', 'Field garlic 2 IWE-121', 'Allium vineale family Alliaciae']","FOOD USE: Gather in spring and are much better before fully grown; by salad, and manysize, the leaves have passed be dried and crumbled for use as a seasoning; bulbs can Narrow-leaved ramp hasGreens are available only their prime. Ramps are excellent in soup, stir fry, casserole, be pickled, canned, ordried. other dishes. Any tender The leaves parts, including can scapes, flower buds, and green pods, are edible.a milder flavor. Conservation 3/2 (see note before key).Considered by many to be our best wild onion, this species is collected commercially, who overcollect sold at",True, Allium vineale," ['leaves','scapes','flower buds','green pods']"
000082-b.json,"['Alligator weed within 2', 'Alternanthera philoxeroides family Amaranthaceae', 'leaves; CHECK: flowers Mat-forming in plant with thin hollow stems and narrow, paired, entire,', 'spiky whitish balls. ID difficulty', 'times RIPTION: Mat-forming perennial that may be rooted in mud or', 'grows well away from the water. Stems creep laterally, floating-it also', 'urning 100th, weakly erect to 16 (40 cm) high and 10-14 mm thick, rooting tapering at little. the nodes', 'hairless light green distally but often reddish near the lower nodes, spongy-walled They', 'Rapidly', 'except at the nodes, and slightly squared. There are 2', 'bosite each aerial node, sides, parts but along is there fringed which with shallow grooves distinctly expanding', 'there is sometimes a faint line of fine hairs. The lower stem is bulged', 'is little to no bulge at the upper nodes. At each node there is a collar around the stem,', 'n fine hairs. Branches infrequent but major. Leaves paired, elliptic to obovate', 'nceolate, 1.25-4"" (3.2-10 cm) long, thick and rather succulent, tapered to the base. the tips rounded', 'er leaves, blunt-pointed on upper. Blades are flat and hairless or have scattered appressed hairs on', 'des that point toward the tip. Margins entire or with a few scattered, tiny teeth; bristly on upper leaves.', 'n light in color, protruding above and below. Secondary veins several, 60-90° to the midvein, flat above', 'truding slightly below. Petioles to 100% of blade length in aquatic parts; leaves in aerial parts are ses-', 'lorescence a tight bali-like white cluster cm wide, borne at the end of a straight, faintly hairy peduncle', '2-4"" (5-10 cm) long, terminal or from leaf axils. Flowers (summer', 'through fall) dry and chaffy with 5 stiff-pointed, ovate tepals that', 'scarcely spread open; they are so jammed together that the parts', 'are hard to count. The small fruits are dry and bladder-like.', 'HABITAT: Ponds, ditches, marshes, canals, lake edges; or muddy', 'ground nearby. Does best in full sun but tolerates some shade.', 'Introduced. I', 'FOOD USE: Young leaves and stem tips can be gathered through', 'the growing season, but are best in spring and early summer. They', 'are mild in flavor and can be eaten raw but are much better cooked.', 'COMMENTS: This amaranth relative is extremely abundant in some', 'waterways of the South and is rapidly spreading. Indeed, alligators', 'often lurk in clumps of it.', '219', 'Small', 'Alligator', 'weed', 'within', '2', 'Alternanthera', 'philoxeroides', 'family', 'Amaranthaceae', 'leaves;', 'CHECK:', 'flowers', 'Mat-forming', 'in', 'plant', 'with', 'thin', 'hollow', 'stems', 'and', 'narrow,', 'paired,', 'entire,', 'spiky', 'whitish', 'balls.', 'ID', 'difficulty', 'times', 'RIPTION:', 'Mat-forming', 'perennial', 'that', 'may', 'be', 'rooted', 'in', 'mud', 'or', 'grows', 'well', 'away', 'from', 'the', 'water.', 'Stems', 'creep', 'laterally,', 'floating-it', 'also', 'urning', '100th,', 'weakly', 'erect', 'to', '16', '(40', 'cm)', 'high', 'and', '10-14', 'mm', 'thick,', 'rooting', 'tapering', 'at', 'little.', 'the', 'nodes', 'hairless', 'light', 'green', 'distally', 'but', 'often', 'reddish', 'near', 'the', 'lower', 'nodes,', 'spongy-walled', 'They', 'Rapidly', 'except', 'at', 'the', 'nodes,', 'and', 'slightly', 'squared.', 'There', 'are', '2', 'bosite', 'each', 'aerial', 'node,', 'sides,', 'parts', 'but', 'along', 'is', 'there', 'fringed', 'which', 'with', 'shallow', 'grooves', 'distinctly', 'expanding', 'there', 'is', 'sometimes', 'a', 'faint', 'line', 'of', 'fine', 'hairs.', 'The', 'lower', 'stem', 'is', 'bulged', 'is', 'little', 'to', 'no', 'bulge', 'at', 'the', 'upper', 'nodes.', 'At', 'each', 'node', 'there', 'is', 'a', 'collar', 'around', 'the', 'stem,', 'n', 'fine', 'hairs.', 'Branches', 'infrequent', 'but', 'major.', 'Leaves', 'paired,', 'elliptic', 'to', 'obovate', 'nceolate,', '1.25-4""', '(3.2-10', 'cm)', 'long,', 'thick', 'and', 'rather', 'succulent,', 'tapered', 'to', 'the', 'base.', 'the', 'tips', 'rounded', 'er', 'leaves,', 'blunt-pointed', 'on', 'upper.', 'Blades', 'are', 'flat', 'and', 'hairless', 'or', 'have', 'scattered', 'appressed', 'hairs', 'on', 'des', 'that', 'point', 'toward', 'the', 'tip.', 'Margins', 'entire', 'or', 'with', 'a', 'few', 'scattered,', 'tiny', 'teeth;', 'bristly', 'on', 'upper', 'leaves.', 'n', 'light', 'in', 'color,', 'protruding', 'above', 'and', 'below.', 'Secondary', 'veins', 'several,', '60-90°', 'to', 'the', 'midvein,', 'flat', 'above', 'truding', 'slightly', 'below.', 'Petioles', 'to', '100%', 'of', 'blade', 'length', 'in', 'aquatic', 'parts;', 'leaves', 'in', 'aerial', 'parts', 'are', 'ses-', 'lorescence', 'a', 'tight', 'bali-like', 'white', 'cluster', 'cm', 'wide,', 'borne', 'at', 'the', 'end', 'of', 'a', 'straight,', 'faintly', 'hairy', 'peduncle', '2-4""', '(5-10', 'cm)', 'long,', 'terminal', 'or', 'from', 'leaf', 'axils.', 'Flowers', '(summer', 'through', 'fall)', 'dry', 'and', 'chaffy', 'with', '5', 'stiff-pointed,', 'ovate', 'tepals', 'that', 'scarcely', 'spread', 'open;', 'they', 'are', 'so', 'jammed', 'together', 'that', 'the', 'parts', 'are', 'hard', 'to', 'count.', 'The', 'small', 'fruits', 'are', 'dry', 'and', 'bladder-like.', 'HABITAT:', 'Ponds,', 'ditches,', 'marshes,', 'canals,', 'lake', 'edges;', 'or', 'muddy', 'ground', 'nearby.', 'Does', 'best', 'in', 'full', 'sun', 'but', 'tolerates', 'some', 'shade.', 'Introduced.', 'I', 'FOOD', 'USE:', 'Young', 'leaves', 'and', 'stem', 'tips', 'can', 'be', 'gathered', 'through', 'the', 'growing', 'season,', 'but', 'are', 'best', 'in', 'spring', 'and', 'early', 'summer.', 'They', 'are', 'mild', 'in', 'flavor', 'and', 'can', 'be', 'eaten', 'raw', 'but', 'are', 'much', 'better', 'cooked.', 'COMMENTS:', 'This', 'amaranth', 'relative', 'is', 'extremely', 'abundant', 'in', 'some', 'waterways', 'of', 'the', 'South', 'and', 'is', 'rapidly', 'spreading.', 'Indeed,', 'alligators', 'often', 'lurk', 'in', 'clumps', 'of', 'it.', '219', 'Small']","FOOD USE: Young leaves and stem tips can be gathered throughthe growing season, but are best in spring and early summer. Theyare mild in flavor and can be eaten raw but are much better cooked.",True, Alternanthera philoxeroides,"
    'Young leaves','stem tips'"
000084-a.json,"['LINEAR, ENTIRE, ONION-SCENTED LEAVES', '5 American garlic', '3', 'I', '3', 'Allium canadense family Alliaciae']","FOOD USE: In summer, dig up the shallow bulbs--if you canremember where they are. Use the greens as a seasoning inearly to mid spring, like mild chives or scallions. The bulbletscan also be collected in mid to late summer-use some andplant some. Conservation 3/2/2.",True,,"
    'bulbs','greens'"
000085-a.json,"['LINEAR, ENTIRE,', 'onion', '3', '2', '7', 'Prairie', 'drummondii', 'family', 'Alliaciae', 'Allium', 'white', 'flowers', 'in', 'spring.', 'onion', 'with', 'erect', 'umbels', 'of', 'pink', 'or']","FOOD USE: Dig bulbs when you can find them, never tak-ing a whole clump. (If there is only one plant, leave it.) Eatgreens very early-well - before flowering. Conservation 3/2.",True, Allium drummondii,"
    'bulbs','greens'"
000086-a.json,"['LINEAR,', 'ENTIRE', 'LEAVES-NOT', 'ONION-SCENTED', '2 Salsify (continued)', 'Stem leaves alternate, numer', 'ous and overlapping at first.', 'similar to the basal leaves but', 'shorter and clasping; broad at', 'the base, abrupliy narrowing to', 'a long, tapered tip. Flowers', 'single composile heads 1.2-1.8', '(3-4.6 cm) across at the end of', 'a long peduncle, composed', 'of', 'ray florets only; yellow or purple.', 'There are severallong, pointed.', 'keeled bracts on the outside of', 'each head. After flowering this', 'ripens into the familiar ""giant', 'dandelion"" seedhead, with a', 'spherical cluster of long, thin,', 'seeds with a golden parachute', 'on the end (which looks white', 'from a distance).', 'SPECIES: There are 3, all intro-', 'duced, all excellent. T. dubius', 'has yellow flowerheads with an', 'inflated, hollow peduncle. The', 'rays are broader toward the tip', 'and the bracts are longer than', 'the rays. It prefers slightly drier soil. T. pratensis has yellow flowerheads with a less inflated peduncle. The rays', 'are almost uniform in width, and longer than the bracts. This slightly smaller species is more common in moist', 'soils. T. porrifolius has purple flowers and rays tapered to the tip. It is locally common in rich disturbed soil.', 'CONFUSING PLANTS: Nonflowering plants may be hard to tell from grasses, sedges, or spiderworts (none', 'of which are poisonous) at a glance. but all of these have ranked rather than radiating rosettes, and none', 'produce latex. Spiderworts have slimy sap, and the stalks are fully solid.', 'HABITAT: Sunny open areas with ample moisture: roadsides. fields, open slopes, building sites, vacant lots.', 'Often near pavement edges. especially in semi-arid regions where it takes advantage of runoff. Not common', 'in pastures because livestock relish it. Introduced', 'FOOD USE: Roots should be dug in fall or early spring from plants without stalks, and are best cooked. All', 'tender green parts are edible raw or cooked upright leaves at the center of the cluster in spring, shoots in', 'late spring. and flower buds and their peduncles in summer.', 'COMMENTS: Salsify is one of our best vegetables: versatile with several delicious edible parts available', 'over much of the year. Certainly this plant would be more commonly eaten if it were not so hard to tell from', 'grasses at a glance. In my opinion, young stalks harvested at just the right stage, peeled of their lower leaves', 'and steamed until tender, are among the finest vegetables in existence.', 'T. dublus.', '244', 'porrifolius.', 'protensis', 'LINEAR,', 'ENTIRE', 'LEAVES-NOT', 'ONION-SCENTED', '2', 'Salsify', '(continued)', 'Stem', 'leaves', 'alternate,', 'numer', 'ous', 'and', 'overlapping', 'at', 'first.', 'similar', 'to', 'the', 'basal', 'leaves', 'but', 'shorter', 'and', 'clasping;', 'broad', 'at', 'the', 'base,', 'abrupliy', 'narrowing', 'to', 'a', 'long,', 'tapered', 'tip.', 'Flowers', 'single', 'composile', 'heads', '1.2-1.8', '(3-4.6', 'cm)', 'across', 'at', 'the', 'end', 'of', 'a', 'long', 'peduncle,', 'composed', 'of', 'ray', 'florets', 'only;', 'yellow', 'or', 'purple.', 'There', 'are', 'severallong,', 'pointed.', 'keeled', 'bracts', 'on', 'the', 'outside', 'of', 'each', 'head.', 'After', 'flowering', 'this', 'ripens', 'into', 'the', 'familiar', '""giant', 'dandelion""', 'seedhead,', 'with', 'a', 'spherical', 'cluster', 'of', 'long,', 'thin,', 'seeds', 'with', 'a', 'golden', 'parachute', 'on', 'the', 'end', '(which', 'looks', 'white', 'from', 'a', 'distance).', 'SPECIES:', 'There', 'are 3,', 'all', 'intro-', 'duced,', 'all', 'excellent.', 'T.', 'dubius', 'has', 'yellow', 'flowerheads', 'with', 'an', 'inflated,', 'hollow', 'peduncle.', 'The', 'rays', 'are', 'broader', 'toward', 'the', 'tip', 'and', 'the', 'bracts', 'are', 'longer', 'than', 'the', 'rays.', 'It', 'prefers', 'slightly', 'drier', 'soil.', 'T.', 'pratensis', 'has', 'yellow', 'flowerheads', 'with', 'a', 'less', 'inflated', 'peduncle.', 'The', 'rays', 'are', 'almost', 'uniform', 'in', 'width,', 'and', 'longer', 'than', 'the', 'bracts.', 'This', 'slightly', 'smaller', 'species', 'is', 'more', 'common', 'in', 'moist', 'soils.', 'T.', 'porrifolius', 'has', 'purple', 'flowers', 'and', 'rays', 'tapered', 'to', 'the', 'tip.', 'It', 'is', 'locally', 'common', 'in', 'rich', 'disturbed', 'soil.', 'CONFUSING', 'PLANTS:', 'Nonflowering', 'plants', 'may', 'be', 'hard', 'to', 'tell', 'from', 'grasses,', 'sedges,', 'or', 'spiderworts', '(none', 'of', 'which', 'are', 'poisonous)', 'at', 'a', 'glance.', 'but', 'all', 'of', 'these', 'have', 'ranked', 'rather', 'than', 'radiating', 'rosettes,', 'and', 'none', 'produce', 'latex.', 'Spiderworts', 'have', 'slimy', 'sap,', 'and', 'the', 'stalks', 'are', 'fully', 'solid.', 'HABITAT:', 'Sunny', 'open', 'areas', 'with', 'ample', 'moisture:', 'roadsides.', 'fields,', 'open', 'slopes,', 'building', 'sites,', 'vacant', 'lots.', 'Often', 'near', 'pavement', 'edges.', 'especially', 'in', 'semi-arid', 'regions', 'where', 'it', 'takes', 'advantage', 'of', 'runoff.', 'Not', 'common', 'in', 'pastures', 'because', 'livestock', 'relish', 'it.', 'Introduced', 'FOOD', 'USE:', 'Roots', 'should', 'be', 'dug', 'in', 'fall', 'or', 'early', 'spring', 'from', 'plants', 'without', 'stalks,', 'and', 'are', 'best', 'cooked.', 'All', 'tender', 'green', 'parts', 'are', 'edible', 'raw', 'or', 'cooked', 'upright', 'leaves', 'at', 'the', 'center', 'of', 'the', 'cluster', 'in', 'spring,', 'shoots', 'in', 'late', 'spring.', 'and', 'flower', 'buds', 'and', 'their', 'peduncles', 'in', 'summer.', 'COMMENTS:', 'Salsify', 'is', 'one', 'of', 'our', 'best', 'vegetables:', 'versatile', 'with', 'several', 'delicious', 'edible', 'parts', 'available', 'over', 'much', 'of', 'the', 'year.', 'Certainly', 'this', 'plant', 'would', 'be', 'more', 'commonly', 'eaten', 'if', 'it', 'were', 'not', 'so', 'hard', 'to', 'tell', 'from', 'grasses', 'at', 'a', 'glance.', 'In', 'my', 'opinion,', 'young', 'stalks', 'harvested', 'at', 'just', 'the', 'right', 'stage,', 'peeled', 'of', 'their', 'lower', 'leaves', 'and', 'steamed', 'until', 'tender,', 'are', 'among', 'the', 'finest', 'vegetables', 'in', 'existence.', 'T.', 'dublus.', '244', 'porrifolius.', 'protensis']","FOOD USE: Roots should be dug in fall or early spring from plants without stalks, and are best cooked. Alltender green parts are edible raw or cooked upright leaves at the center of the cluster in spring, shoots inlate spring. and flower buds and their peduncles in summer.",True," T. dubius
     T. pratensis
     T. porrifolius","
    'roots','tender green parts','shoots','flower buds','peduncles'"
000087-a.json,"['LINEAR, ENTIRE LEAVES-NOT ONION-SCENTED', 'lily', 'CD2', 'x2', '3', '4', 'Day', 'Hemerocallis', 'fulva', 'family', 'Asphodelaceae']","FOOD USE: Tubers can be used as a vegetable- recommend only using firm ones and cooking them. Thewhitish heart of the leaf cluster in spring, and the shoots in early summer, can be eaten raw or cooked. Flowerbuds and flowers gathered in summer and eaten cooked; petals are traditionally stored by drying and thenreconstituted for cooking.",True, Hemerocallis fulva,"
    'tubers','whitish heart','shoots','flowerbuds','flowers'"
000087-b.json,"['AQUATICS-NOT', 'GRASS-LIKE', 'OR', 'Wild', 'taro', 'TUBULAR', 'ICK Colocasia esculenta + Araceae (Arum family)', 'CHECK:', 'Tall', '10 petiole. ID difficulty 2.', 'arrow-shaped', 'with', 'blunt', 'lobes,', 'not', 'cut', 'all', 'the', 'SCRIPTION:', 'way', 'Aquatic', 'F', 'a', '2-4', '(5-10', 'cm)', 'forming', 'dense', 'of', '4""', 'attached', 'rosettes', 'growing', '25, oat-like (23-60 the blade cm) long, held about 80° to the petiole, thin, with and hairless,', 'projection not cut all the way to the petiole between the lobes (peltate). back-pointing', 'elow. Secondary 3-4 mm long. Sap is not milky. Midvein and The leaf tip has', 'petiole is attached, veins are wide and prominent, most running secondary straight veins protrude above and', 'lets surface. where more on', 'A double these only branching in the lobes. Major veins have to the edges; 4-6 emanate', 'between vein runs just inside the leaf margin on its entire perimeter; faint, light, lengthwise lines', 'ondary vein, almost secondary at veins are numerous, faintly raised above, and flat below. all interior veins stop here. a', 'wavy. Petioles a right angle to it, but each one then curves out toward the Veinlets originate at', 'minutes, to straight, erect, tough, smooth, hairless, solid, not channeled, juicy inside, margin. Margins brown entire', 'the hood 4.5 (1.4 m) tall. Inflorescence a single, large, erect spathe atop a thick stem oxidizing much shorter than in a', 'leaves, green at the base and dull orange above, scrolled so the top is pointed; there is', ""ear the bottom by which the spike is revealed. Flowers are rarely produced, and I've never seen an the open- fruit."", 'FUSING PLANTS: Wapato and arrow arum both have similarly shaped leaves but they are not peltate', 'he vein patterns differ. Wapato has milky sap.', 'HABITAT: Shallow water along lakes and slow streams, ditches,', 'and ponds, in full sun to moderate shade. Introduced. Scattered', 'but widespread; abundant where found. I', 'FOOD USE: The corms can be long-roasted as a starchy', 'vegetable.', 'WARNING: Wild taro cannot be treated like domesticated taro!', 'It must be more extensively processed for its raphides (p. 22).', 'COMMENTS: This species is a major staple in many tropical', 'parts of the world: however, the domesticated form has undergone', 'thousands of years of selection to increase the corm size and,', 'more importantly, reduce the concentration of raphides to only a', 'tiny fraction of that found in wild plants. Wild taro requires much', 'more careful preparation than the domestic form to make it safe.', ""Tasting fresh wild taro (don't doit!) makes me marvel that people"", 'ever figured out that these could be detoxified; it also makes one', 'appreciate the improvements made through domestication.', '229', 'AQUATICS-NOT', 'GRASS-LIKE', 'OR', 'Wild', 'taro', 'TUBULAR', 'ICK', 'Colocasia', 'esculenta', '+', 'Araceae', '(Arum', 'family)', 'CHECK:', 'Tall', '10', 'petiole.', 'ID', 'difficulty', '2.', 'arrow-shaped', 'with', 'blunt', 'lobes,', 'not', 'cut', 'all', 'the', 'SCRIPTION:', 'way', 'Aquatic', 'F', 'a', '2-4', '(5-10', 'cm)', 'forming', 'dense', 'of', '4""', 'attached', 'rosettes', 'growing', '25,', 'oat-like', '(23-60', 'the', 'blade', 'cm)', 'long,', 'held', 'about', '80°', 'to', 'the', 'petiole,', 'thin,', 'with', 'and', 'hairless,', 'projection', 'not', 'cut', 'all', 'the', 'way', 'to', 'the', 'petiole', 'between', 'the', 'lobes', '(peltate).', 'back-pointing', 'elow.', 'Secondary', '3-4', 'mm', 'long.', 'Sap', 'is', 'not', 'milky.', 'Midvein', 'and', 'The', 'leaf', 'tip', 'has', 'petiole', 'is', 'attached,', 'veins', 'are', 'wide', 'and', 'prominent,', 'most', 'running', 'secondary', 'straight', 'veins', 'protrude', 'above', 'and', 'lets', 'surface.', 'where', 'more', 'on', 'A', 'double', 'these', 'only', 'branching', 'in', 'the', 'lobes.', 'Major', 'veins', 'have', 'to', 'the', 'edges;', '4-6', 'emanate', 'between', 'vein', 'runs', 'just', 'inside', 'the', 'leaf', 'margin', 'on', 'its', 'entire', 'perimeter;', 'faint,', 'light,', 'lengthwise', 'lines', 'ondary', 'vein,', 'almost', 'secondary', 'at', 'veins', 'are', 'numerous,', 'faintly', 'raised', 'above,', 'and', 'flat', 'below.', 'all', 'interior', 'veins', 'stop', 'here.', 'a', 'wavy.', 'Petioles', 'a', 'right', 'angle', 'to', 'it,', 'but', 'each', 'one', 'then', 'curves', 'out', 'toward', 'the', 'Veinlets', 'originate', 'at', 'minutes,', 'to', 'straight,', 'erect,', 'tough,', 'smooth,', 'hairless,', 'solid,', 'not', 'channeled,', 'juicy', 'inside,', 'margin.', 'Margins', 'brown', 'entire', 'the', 'hood', '4.5', '(1.4', 'm)', 'tall.', 'Inflorescence', 'a', 'single,', 'large,', 'erect', 'spathe', 'atop', 'a', 'thick', 'stem', 'oxidizing', 'much', 'shorter', 'than', 'in', 'a', 'leaves,', 'green', 'at', 'the', 'base', 'and', 'dull', 'orange', 'above,', 'scrolled', 'so', 'the', 'top', 'is', 'pointed;', 'there', 'is', 'ear', 'the', 'bottom', 'by', 'which', 'the', 'spike', 'is', 'revealed.', 'Flowers', 'are', 'rarely', 'produced,', 'and', ""I've"", 'never', 'seen', 'an', 'the', 'open-', 'fruit.', 'FUSING', 'PLANTS:', 'Wapato', 'and', 'arrow', 'arum', 'both', 'have', 'similarly', 'shaped', 'leaves', 'but', 'they', 'are', 'not', 'peltate', 'he', 'vein', 'patterns', 'differ.', 'Wapato', 'has', 'milky', 'sap.', 'HABITAT:', 'Shallow', 'water', 'along', 'lakes', 'and', 'slow', 'streams,', 'ditches,', 'and', 'ponds,', 'in', 'full', 'sun', 'to', 'moderate', 'shade.', 'Introduced.', 'Scattered', 'but', 'widespread;', 'abundant', 'where', 'found.', 'I', 'FOOD', 'USE:', 'The', 'corms', 'can', 'be', 'long-roasted', 'as', 'a', 'starchy', 'vegetable.', 'WARNING:', 'Wild', 'taro', 'cannot', 'be', 'treated', 'like', 'domesticated', 'taro!', 'It', 'must', 'be', 'more', 'extensively', 'processed', 'for', 'its', 'raphides', '(p.', '22).', 'COMMENTS:', 'This', 'species', 'is', 'a', 'major', 'staple', 'in', 'many', 'tropical', 'parts', 'of', 'the', 'world:', 'however,', 'the', 'domesticated', 'form', 'has', 'undergone', 'thousands', 'of', 'years', 'of', 'selection', 'to', 'increase', 'the', 'corm', 'size', 'and,', 'more', 'importantly,', 'reduce', 'the', 'concentration', 'of', 'raphides', 'to', 'only', 'a', 'tiny', 'fraction', 'of', 'that', 'found', 'in', 'wild', 'plants.', 'Wild', 'taro', 'requires', 'much', 'more', 'careful', 'preparation', 'than', 'the', 'domestic', 'form', 'to', 'make', 'it', 'safe.', 'Tasting', 'fresh', 'wild', 'taro', ""(don't"", 'doit!)', 'makes', 'me', 'marvel', 'that', 'people', 'ever', 'figured', 'out', 'that', 'these', 'could', 'be', 'detoxified;', 'it', 'also', 'makes', 'one', 'appreciate', 'the', 'improvements', 'made', 'through', 'domestication.', '229']",FOOD USE: The corms can be long-roasted as a starchyvegetable.,True, Colocasia esculenta, 'corms'
000089-a.json,"['ONION-SCENTED', 'LINEAR,', '(continued)', 'Blades', '4-12""', '(10-30cm', 'long', 'River', 'cane', 'tips,', 'a', 'depressed', '8', 'clustered', 'at', 'the', 'tips', 'of', 'bristles.', 'Inflorescence', 'Leaves', 'uptos', 'wide,', 'by', 'tiny', 'a', 'loose', 'terminal', 'flat.', '0.4-2', '(April-May,', 'but', 'rarely', 'produced)', 'and', 'midvein,', 'and', 'scattered', 'erect', 'hairs', 'female', 'flowers', 'separate,', 'the', 'male', 'and', 'panicle', 'with', 'drooping', 'in', 'fruit.', 'Seeds', '0.4-', 'unshowy,', 'the', 'branches', 'middle', 'and', 'mm)', 'long,', 'broadest', 'in', 'the', '0.6""', '(10-15', 'encased', 'in', 'chaff', 'without', 'awns.', 'to', 'both', 'ends,', 'tapered Wetlands, floodplains, moist slopes but more and', 'ravines HABITAT: with rich soil-often in light shade', 'robust in full sun. Native.', 'FOOD USE: Gather shoots in spring or early If summer, are', 'off the leaves, and eat cooked or raw. you it is', 'peel enough to encounter a fruiting colony, chaff) a', 'lucky bonanza. When ripe (look for brown over', 'foraging the seeds can be harvested by leaning the plants and', 'a knocking the heads with a stick, which will dislodge', 'large container such as a wheelbarrow or sled', 'ripe grains easily from the panicle. After harvest, dry, be', 'parch, rub, and winnow (see p. 27). The grain can', 'boiled into mush or ground into flour. Conservation 1/1.', 'COMMENTS: A colony may grow for decades or', 'centuries before flowering, after which it dies. This is', 'perhaps the largest grass seed native to our continent,', 'and would be among the premiere starchy foods of', 'North America if it produced consistently. The only', 'drawback is a tough strip down the side of each grain', 'that makes it less pleasant to eat. River cane has suf-', 'fered due to fire suppression and its preference for', 'the most fertile sites, which have been largely taken', 'for farmland. Some botanists consider all of our forms', 'to be variation within a single species, while others', 'Ripe rivercane seedheads.', 'recognize three similar species of native cane.', 'Related edibles:', 'Bamboo', '(multiple species and genera)', '2', 'Several non-native bamboos are grown ornamentally and sometimes escape. The shoots are generally edible', 'but vary in quality and should be boiled and drained before eating The most common feral Asian bamboo in', ""our region is golden bamboo Phyllostachys aurea, which grows 12-30' (3.5-9 m) tall and has stems that often"", 'turn yellow when exposed to sunlight. These have a flat area on one side above each node, and the stem', 'nodes near the base are often densely packed and bulging. The sheath scars are fringed with whitish hairs.', 'Peeled bamboo shoot.', 'Bamboo shoot, species uncertain.', 'Golden bamboo colony.', '250', 'ONION-SCENTED', 'LINEAR,', '(continued)', 'Blades', '4-12""', '(10-30cm', 'long', 'River', 'cane', 'tips,', 'a', 'depressed', '8', 'clustered', 'at', 'the', 'tips', 'of', 'bristles.', 'Inflorescence', 'Leaves', 'uptos', 'wide,', 'by', 'tiny', 'a', 'loose', 'terminal', 'flat.', '0.4-2', '(April-May,', 'but', 'rarely', 'produced)', 'and', 'midvein,', 'and', 'scattered', 'erect', 'hairs', 'female', 'flowers', 'separate,', 'the', 'male', 'and', 'panicle', 'with', 'drooping', 'in', 'fruit.', 'Seeds', '0.4-', 'unshowy,', 'the', 'branches', 'middle', 'and', 'mm)', 'long,', 'broadest', 'in', 'the', '0.6""', '(10-15', 'encased', 'in', 'chaff', 'without', 'awns.', 'to', 'both', 'ends,', 'tapered', 'Wetlands,', 'floodplains,', 'moist', 'slopes', 'but', 'more', 'and', 'ravines', 'HABITAT:', 'with', 'rich', 'soil-often', 'in', 'light', 'shade', 'robust', 'in', 'full', 'sun.', 'Native.', 'FOOD', 'USE:', 'Gather', 'shoots', 'in', 'spring', 'or', 'early', 'If', 'summer,', 'are', 'off', 'the', 'leaves,', 'and', 'eat', 'cooked', 'or', 'raw.', 'you', 'it', 'is', 'peel', 'enough', 'to', 'encounter', 'a', 'fruiting', 'colony,', 'chaff)', 'a', 'lucky', 'bonanza.', 'When', 'ripe', '(look', 'for', 'brown', 'over', 'foraging', 'the', 'seeds', 'can', 'be', 'harvested', 'by', 'leaning', 'the', 'plants', 'and', 'a', 'knocking', 'the', 'heads', 'with', 'a', 'stick,', 'which', 'will', 'dislodge', 'large', 'container', 'such', 'as', 'a', 'wheelbarrow', 'or', 'sled', 'ripe', 'grains', 'easily', 'from', 'the', 'panicle.', 'After', 'harvest,', 'dry,', 'be', 'parch,', 'rub,', 'and', 'winnow', '(see', 'p.', '27).', 'The', 'grain', 'can', 'boiled', 'into', 'mush', 'or', 'ground', 'into', 'flour.', 'Conservation', '1/1.', 'COMMENTS:', 'A', 'colony', 'may', 'grow', 'for', 'decades', 'or', 'centuries', 'before', 'flowering,', 'after', 'which', 'it', 'dies.', 'This', 'is', 'perhaps', 'the', 'largest', 'grass', 'seed', 'native', 'to', 'our', 'continent,', 'and', 'would', 'be', 'among', 'the', 'premiere', 'starchy', 'foods', 'of', 'North', 'America', 'if', 'it', 'produced', 'consistently.', 'The', 'only', 'drawback', 'is', 'a', 'tough', 'strip', 'down', 'the', 'side', 'of', 'each', 'grain', 'that', 'makes', 'it', 'less', 'pleasant', 'to', 'eat.', 'River', 'cane', 'has', 'suf-', 'fered', 'due', 'to', 'fire', 'suppression', 'and', 'its', 'preference', 'for', 'the', 'most', 'fertile', 'sites,', 'which', 'have', 'been', 'largely', 'taken', 'for', 'farmland.', 'Some', 'botanists', 'consider', 'all', 'of', 'our', 'forms', 'to', 'be', 'variation', 'within', 'a', 'single', 'species,', 'while', 'others', 'Ripe', 'rivercane', 'seedheads.', 'recognize', 'three', 'similar', 'species', 'of', 'native', 'cane.', 'Related', 'edibles:', 'Bamboo', '(multiple', 'species', 'and', 'genera)', '2', 'Several', 'non-native', 'bamboos', 'are', 'grown', 'ornamentally', 'and', 'sometimes', 'escape.', 'The', 'shoots', 'are', 'generally', 'edible', 'but', 'vary', 'in', 'quality', 'and', 'should', 'be', 'boiled', 'and', 'drained', 'before', 'eating', 'The', 'most', 'common', 'feral', 'Asian', 'bamboo', 'in', 'our', 'region', 'is', 'golden', 'bamboo', 'Phyllostachys', 'aurea,', 'which', 'grows', ""12-30'"", '(3.5-9', 'm)', 'tall', 'and', 'has', 'stems', 'that', 'often', 'turn', 'yellow', 'when', 'exposed', 'to', 'sunlight.', 'These', 'have', 'a', 'flat', 'area', 'on', 'one', 'side', 'above', 'each', 'node,', 'and', 'the', 'stem', 'nodes', 'near', 'the', 'base', 'are', 'often', 'densely', 'packed', 'and', 'bulging.', 'The', 'sheath', 'scars', 'are', 'fringed', 'with', 'whitish', 'hairs.', 'Peeled', 'bamboo', 'shoot.', 'Bamboo', 'shoot,', 'species', 'uncertain.', 'Golden', 'bamboo', 'colony.', '250']","FOOD USE: Gather shoots in spring or early If summer, areoff the leaves, and eat cooked or raw. you it ispeel enough to encounter a fruiting colony, chaff) alucky bonanza. When ripe (look for brown overforaging the seeds can be harvested by leaning the plants anda knocking the heads with a stick, which will dislodgelarge container such as a wheelbarrow or sledripe grains easily from the panicle. After harvest, dry, beparch, rub, and winnow (see p. 27). The grain canboiled into mush or ground into flour. Conservation 1/1.",True," River cane
     or
     Phyllostachys aurea (if you want to specify the related edible)","
    'shoots','ripe grains'"
000090-a.json,"['LINEAR,', 'ENTIRE', 'LEAVES-NOT', 'ONION-SCENTED', '2', '10 Western rice grass', 'Oryzopsis hymenoides', 'Poaceae (Grass family)', 'CHECK: Knee-high clumped grass with thin wiry leaves ID difficulty and loose, 1. spreading']","FOOD USE: The grain is gathered in early to mid summer by beating the heads into a bin or basket, or bystripping the tops by hand. Dark, plump seeds are good; empties are smaller and light brown. Parch to burnoff the fluff, then rub and winnow to purify the seed (see p. 27). Conservation 1.",True, Oryzopsis hymenoides,"
    'seeds'"
000091-a.json,"['LINEAR, ENTIRE LEAVES-NOT ONION-SCENTED', '12 Little barley', '$', '2', 'Hordeum pusillum Poaceae (Grass family)', 'CHECK: Short grass of disturbed soil with proportionately 1. large vertical heads,']","FOOD USE: Used as a grain like barley. (See grain processing, p. 27.) Seeds ripen in late spring or early summer.Beat them into a basket, or cut sheafs and dry them, then thresh out the spikelets. My experience is limited,but this one is tricky to de-hull, and the chaff percentage is very high. Parching to burn off the dangerous awnsis especially important when processing this cereal. Conservation 1.",True, Hordeum pusillum,"
    'seeds'"
000091-b.json,"['Feral garlic', '0382', '3', 'Allium sativum family Alliaciae', 'K CHECK: Leaves deeply folded near the base, clasping and layered in the lower', 'of the stem. ID difficulty 2.', 'RIPTION: This is a smaller version of cultivated garlic, but wild plants are usually', 'in dense clumps, so the bulbs flower and divide less (requently (also depending', 'genetics of origin). Bulbs usually long and narrow, gently tapered to a scarcely', '(ned base, but mature ones ready to flower will be enlarged and nearly spherical.', 'are covered with a papery sheath. purplish except for the very bottom. Offsets are', 'th one or more flat sides, but in crowded wild clumps are infrequently produced. Leaves 3-4 per plant.', '4-28 (36-70 cm). fully clasping the lower stem or leaf cluster for 3-9"" (8-23 cm) with a long, pale-', ';heath before becoming free. Blades are folded into a V in cross section (more so when young), with a', 'sharp, rough keel on the bottom and a tiny hood at the tip. They are up to 1.2"" (3 cm) wide, faintly glau-', 'he tips drooping with maturity. Margins roughened by tiny membranous teeth (usually not visible without', 'ication, but you can feel them). Scapes solid, to 32"" (80 cm) tall and 4-8 mm thick. Umbel (May-July)', 'al with numerous pedicels, mostly bearing bulblets with a long beak. Beneath the umbel is a single', 'th long beak. Flowers bell-shaped, greenish-white to pink, 3-4 mmlong; these generally do not ripen', 'its-instead forming bulblets.', 'AT: Disturbed and usually forested areas with rich, moist soil, especially on roadsides and around old', 'homesteads. Introduced.', 'FOOD USE: Bulbs like cultivated garlic.', 'Since fewer offsets (cloves) are produced', ""in wild populations, don't forget that you"", 'can use the young greens and scapes.', 'This has the strongest, hottest flavor of', 'any of our wild onions.', 'COMMENTS: At giance, you might pass', 'these over as just another clump of dat-', 'fodils or daylilies, with which they often', 'grow. The growth pattern suggests that', 'the clumps are very long-lived, and garlic', 'has spread and gone truly feral in many', 'areas. yet I have never seen it become', 'invasive.', '237', 'Feral', 'garlic', '0382', '3', 'Allium', 'sativum', 'family', 'Alliaciae', 'K', 'CHECK:', 'Leaves', 'deeply', 'folded', 'near', 'the', 'base,', 'clasping', 'and', 'layered', 'in', 'the', 'lower', 'of', 'the', 'stem.', 'ID', 'difficulty', '2.', 'RIPTION:', 'This', 'is', 'a', 'smaller', 'version', 'of', 'cultivated', 'garlic,', 'but', 'wild', 'plants', 'are', 'usually', 'in', 'dense', 'clumps,', 'so', 'the', 'bulbs', 'flower', 'and', 'divide', 'less', '(requently', '(also', 'depending', 'genetics', 'of', 'origin).', 'Bulbs', 'usually', 'long', 'and', 'narrow,', 'gently', 'tapered', 'to', 'a', 'scarcely', '(ned', 'base,', 'but', 'mature', 'ones', 'ready', 'to', 'flower', 'will', 'be', 'enlarged', 'and', 'nearly', 'spherical.', 'are', 'covered', 'with', 'a', 'papery', 'sheath.', 'purplish', 'except', 'for', 'the', 'very', 'bottom.', 'Offsets', 'are', 'th', 'one', 'or', 'more', 'flat', 'sides,', 'but', 'in', 'crowded', 'wild', 'clumps', 'are', 'infrequently', 'produced.', 'Leaves', '3-4', 'per', 'plant.', '4-28', '(36-70', 'cm).', 'fully', 'clasping', 'the', 'lower', 'stem', 'or', 'leaf', 'cluster', 'for', '3-9""', '(8-23', 'cm)', 'with', 'a', 'long,', 'pale-', ';heath', 'before', 'becoming', 'free.', 'Blades', 'are', 'folded', 'into', 'a', 'V', 'in', 'cross', 'section', '(more', 'so', 'when', 'young),', 'with', 'a', 'sharp,', 'rough', 'keel', 'on', 'the', 'bottom', 'and', 'a', 'tiny', 'hood', 'at', 'the', 'tip.', 'They', 'are', 'up', 'to 1.2"" (3', 'cm)', 'wide,', 'faintly', 'glau-', 'he', 'tips', 'drooping', 'with', 'maturity.', 'Margins', 'roughened', 'by', 'tiny', 'membranous', 'teeth', '(usually', 'not', 'visible', 'without', 'ication,', 'but', 'you', 'can', 'feel', 'them).', 'Scapes', 'solid,', 'to', '32""', '(80', 'cm)', 'tall', 'and', '4-8', 'mm', 'thick.', 'Umbel', '(May-July)', 'al', 'with', 'numerous', 'pedicels,', 'mostly', 'bearing', 'bulblets', 'with', 'a', 'long', 'beak.', 'Beneath', 'the', 'umbel', 'is', 'a', 'single', 'th', 'long', 'beak.', 'Flowers', 'bell-shaped,', 'greenish-white', 'to', 'pink,', '3-4', 'mmlong;', 'these', 'generally', 'do', 'not', 'ripen', 'its-instead', 'forming', 'bulblets.', 'AT:', 'Disturbed', 'and', 'usually', 'forested', 'areas', 'with', 'rich,', 'moist', 'soil,', 'especially', 'on', 'roadsides', 'and', 'around', 'old', 'homesteads.', 'Introduced.', 'FOOD', 'USE:', 'Bulbs', 'like', 'cultivated', 'garlic.', 'Since', 'fewer', 'offsets', '(cloves)', 'are', 'produced', 'in', 'wild', 'populations,', ""don't"", 'forget', 'that', 'you', 'can', 'use', 'the', 'young', 'greens', 'and', 'scapes.', 'This', 'has', 'the', 'strongest,', 'hottest', 'flavor', 'of', 'any', 'of', 'our', 'wild', 'onions.', 'COMMENTS:', 'At', 'giance,', 'you', 'might', 'pass', 'these', 'over', 'as', 'just', 'another', 'clump', 'of', 'dat-', 'fodils', 'or', 'daylilies,', 'with', 'which', 'they', 'often', 'grow.', 'The', 'growth', 'pattern', 'suggests', 'that', 'the', 'clumps', 'are', 'very', 'long-lived,', 'and', 'garlic', 'has', 'spread', 'and', 'gone', 'truly', 'feral', 'in', 'many', 'areas.', 'yet', 'I', 'have', 'never', 'seen', 'it', 'become', 'invasive.', '237']","FOOD USE: Bulbs like cultivated garlic.Since fewer offsets (cloves) are producedin wild populations, don't forget that youcan use the young greens and scapes.This has the strongest, hottest flavor ofany of our wild onions.",True, Allium sativum,"
    'bulbs','young greens','scapes'"
000092-a.json,"['ONION-SCENTED', 'LINEAR,', 'ENTIRE', '2', 'Seaside', 'Plantain', 'family', 'Plantaginacede', '14', 'maritima', 'with', 'a', 'midvein', 'Plantago', 'of', 'multiple', 'adjacent']","FOOD USE: Leavescan be gathered at anytime during the grow-ing season and eatenraw or cooked. They aremildly salty, tender, anddelicious. Young flowerstalks can also be eaten.Conservation 2.",True, Plantago maritima,"
    'leaves','Young flowerstalks'"
000092-b.json,"['Textile', 'ONION-SCENTED', 'onion', 'LEAVES', '3', 'Allium', '2', 'textile', 'family', 'Alliaciae', ':', 'CHECK:', 'Short', 'onion', 'with', 'white', 'flowers', 'spring', 'difficulty']",FOOD USE: Use bulbs and leaves likedomestic alliums. Conservation 3/2.,True, Allium onion,"
    'bulbs','leaves'"
000094-a.json,"['LINEAR,', '17 Seaside arrow-grass', '3', '3', 'Triglochin maritima family Juncaginaceae']","FOOD USE: In spring or early summer, pullup the leaf cluster and eat the tender, inner,white heart enclosed by sheaths. Shoots offlower stalks are also edible. Nibble theseparts raw or add them to salads, tacos,salsa, or vegetable dishes. The pleasanttaste reminds me of cilantro, but is betterbecause it lacks the soapy flavor. Seeds arereported as edible, but are tiny and hard toseparate; I've had no success. Conserva-tion 2.",True, Triglochin maritima,"
    'heart','shoots'"
000097-a.json,"['FLOWERING STEM LEAFLESS, BASAL LEAVES ENTIRE', '3', 'Wild ginger', 'Asarum', 'canadense family Aristolochiaceae']","FOOD USE: The rhizomes can be used sparingly as a seasoning any time of year. Strong flavor resemblesginger but also suggests cardamom. it is slow growing and easily overharvested, so gather with care. Con-servation 3.",True, Asarum canadense,"
    'rhizomes'"
000098-a.json,"['FLOWERING', 'STEM', 'LEAFLESS,', 'BASAL', 'LEAVES!', '5 Bluebead lily', '1', 'Clintonia borealis Liliaceae (Lily family)']","FOOD USE: Gather young leaves in early spring, preferably while still curled, and eat raw in salads or onsandwiches. Conservation 2.",True, Clintonia borealis,"
    'young leaves'"
000099-a.json,"['FLOWERING STEM LEAFLESS, BASAL LEAVES ENTIRE', '7 Mountain sorrel', '2', 'Oxyria digyna Polygonaceae (Buckwheat family)']","FOOD USE: The leaves can be eaten raw or cooked and are best when young and green. They are tender andsour at first, becoming tougher, more astringent, and often reddish with age Conservation 2.",True, Oxyria digyna,"
    'leaves'"
000100-a.json,"['FLOWERING', 'STEM', 'LEAFLESS,', 'BASAL', 'LEAVERLATS', '1', '2', '9 Common plantain', 'Plantago major, P. rugelii', 'Plantaginacede (Plantain family)']","FOOD USE: The youngest, light green leaves can be eaten raw or cooked. The best use I've tried is bakedlike kale chips. Immature spikes with small flower buds (throughout summer) can be eaten raw or cooked-Ilike them roasted in a campfire for 30 seconds. Ripe, brown pods (late summer through fall) can be strippedfrom the spikes easily by hand; after separating the seeds from their capsules they can be cooked in porridge.Conservation 1.",True," Plantago major
     or
     Plantago rugelii","
    'leaves','immature spikes','ripe pods'"
000100-b.json,"['LINEAR,', 'ENTIRE', 'LEAVES-NOT', 'Small', 'blazing', 'ONION-SCENTED', 'star', 'Liatris', '2', 'punctata/mucro', 'mucronata', 'Asteraceae (Composite family)', ':', 'CHECK:', 'Shin-high', 'ed', 'leaves;', 'purple', 'flower', 'narrow,', 'sharp,', 'tough,', 'RIPTION:', 'Perennial', 'from', 'ID', 'an', 'difficulty', 'rt', 'and', 'bulbous;', 'they', 'are', 'firm', 'be', 'alternating', 'elongated', 'stic', 'and', 'shared', 'by', 'all', 'light', 'carrot-like', 'Liatris', 'checked).', 'dark', 'layers', 'Basal', 'when', 'nilar', 'sliced', '(a', 'char-', 'usually to the clumped, stem leaves, 2-15 only somewhat larger with the mostly base wither narrowed by flowering and', '1, ous, unbranched. overlapping, Stem leaves per plant, alternate, 12-26\' 2-5"" (30-66 (5-13cm) long tall and and 2-5 mm thick, to a petiole. erect or leaning, stiff, sessile, light often', '1 needle-point. The crowded, strongly ascending, tough and stiff, very narrow, 3-7 mm wide, linear,', 'rgins, which are entire, surface often has tiny darkened, depressed dots on the both tips sides; darkened it is but with a', 'ed to the rachis, other veins not evident Inflorescence a leafy spike of stiff hairs. Midvein', 'above and below; whitish and papery, with scattered short, hairless except on', '1, an than wide with only 3-8 florets. Bracts appressed, the upper third of', 'eads longer moderately crowded and somewhat overlapping numerous small heads nearly', 'encompassing protrudes the', 'ling, ) with acuminate curled, feathery lanceolate claw-like pappus. overlapping, purple. triangular, base. Florets Fruit purple a dry purple seed with', 'bristle at the tip, and the margins ciliate and with a', 'a', 'lobes, the column in the center very dark purple near the', 'SING RELATED EDIBLES: Liatris is an easy genus to recognize, but the members can be confusing', 'entiate. None are dangerous, but the roots of most are too woody to be food. L. aspera also has an', 'bulbous root-but it has a strong soapy flavor and can only be eaten sparingly. L. aspera averages', 'aller and has larger, broader leaves; the flowerheads are larger and less crowded. L. squarrosa also', ',ndish root; it has sparser leaves, grows on poor soil, and has more than 10 florets per head.', 'HABITAT: Dry prairies in rich or sandy soil, Native.', 'FOOD USE: The roots are reported as food from several', 'Native peoples on the Great Plains, although they are', 'not commonly eaten today. The elongated taproots are', 'tough and woody. However, some round, enlarged roots', 'are less tough, and they have a mild pleasant flavor that', 'is good in stews. Conservation 3.', 'COMMENTS: Neither the taxonomy nor the ethnobotany', 'of these plants is sorted out. Most botanists recognize', 'a single species of Liatris punctata, but some have split', 'this into two closely related species with nearly identical', 'above-ground parts, but quite different underground', 'parts. If they are separated, those with woody taproots', 'are punctata and those with semi-hard roundish roots', 'are L. mucronata. By this scheme, the flowering stems', 'pictured here are L punctata from rich soil in Minnesota', 'and the bulbous taproot is L. mucronata from sandy soil', 'in Oklahoma. ate the root pictured and liked it, but the', ""elongated roots I've tried have been very woody"", 'LINEAR,', 'ENTIRE', 'LEAVES-NOT', 'Small', 'blazing', 'ONION-SCENTED', 'star', 'Liatris', '2', 'punctata/mucro', 'mucronata', 'Asteraceae', '(Composite', 'family)', ':', 'CHECK:', 'Shin-high', 'ed', 'leaves;', 'purple', 'flower', 'narrow,', 'sharp,', 'tough,', 'RIPTION:', 'Perennial', 'from', 'ID', 'an', 'difficulty', 'rt', 'and', 'bulbous;', 'they', 'are', 'firm', 'be', 'alternating', 'elongated', 'stic', 'and', 'shared', 'by', 'all', 'light', 'carrot-like', 'Liatris', 'checked).', 'dark', 'layers', 'Basal', 'when', 'nilar', 'sliced', '(a', 'char-', 'usually', 'to', 'the', 'clumped,', 'stem', 'leaves,', '2-15', 'only', 'somewhat', 'larger', 'with', 'the', 'mostly', 'base', 'wither', 'narrowed', 'by', 'flowering', 'and', '1,', 'ous,', 'unbranched.', 'overlapping,', 'Stem', 'leaves', 'per', 'plant,', 'alternate,', ""12-26'"", '2-5""', '(30-66', '(5-13cm)', 'long', 'tall', 'and', 'and', '2-5', 'mm', 'thick,', 'to', 'a', 'petiole.', 'erect', 'or', 'leaning,', 'stiff,', 'sessile,', 'light', 'often', '1', 'needle-point.', 'The', 'crowded,', 'strongly', 'ascending,', 'tough', 'and', 'stiff,', 'very', 'narrow,', '3-7', 'mm', 'wide,', 'linear,', 'rgins,', 'which', 'are', 'entire,', 'surface', 'often', 'has', 'tiny', 'darkened,', 'depressed', 'dots', 'on', 'the', 'both', 'tips', 'sides;', 'darkened', 'it', 'is', 'but', 'with', 'a', 'ed', 'to', 'the', 'rachis,', 'other', 'veins', 'not', 'evident', 'Inflorescence', 'a', 'leafy', 'spike', 'of', 'stiff', 'hairs.', 'Midvein', 'above', 'and', 'below;', 'whitish', 'and', 'papery,', 'with', 'scattered', 'short,', 'hairless', 'except', 'on', '1,', 'an', 'than', 'wide', 'with', 'only', '3-8', 'florets.', 'Bracts', 'appressed,', 'the', 'upper', 'third', 'of', 'eads', 'longer', 'moderately', 'crowded', 'and', 'somewhat', 'overlapping', 'numerous', 'small', 'heads', 'nearly', 'encompassing', 'protrudes', 'the', 'ling,', ')', 'with', 'acuminate', 'curled,', 'feathery', 'lanceolate', 'claw-like', 'pappus.', 'overlapping,', 'purple.', 'triangular,', 'base.', 'Florets', 'Fruit', 'purple', 'a', 'dry', 'purple', 'seed', 'with', 'bristle', 'at', 'the', 'tip,', 'and', 'the', 'margins', 'ciliate', 'and', 'with', 'a', 'a', 'lobes,', 'the', 'column', 'in', 'the', 'center', 'very', 'dark', 'purple', 'near', 'the', 'SING', 'RELATED', 'EDIBLES:', 'Liatris', 'is', 'an', 'easy', 'genus', 'to', 'recognize,', 'but', 'the', 'members', 'can', 'be', 'confusing', 'entiate.', 'None', 'are', 'dangerous,', 'but', 'the', 'roots', 'of', 'most', 'are', 'too', 'woody', 'to', 'be', 'food.', 'L.', 'aspera', 'also', 'has', 'an', 'bulbous', 'root-but', 'it', 'has', 'a', 'strong', 'soapy', 'flavor', 'and', 'can', 'only', 'be', 'eaten', 'sparingly.', 'L.', 'aspera', 'averages', 'aller', 'and', 'has', 'larger,', 'broader', 'leaves;', 'the', 'flowerheads', 'are', 'larger', 'and', 'less', 'crowded.', 'L.', 'squarrosa', 'also', ',ndish', 'root;', 'it', 'has', 'sparser', 'leaves,', 'grows', 'on', 'poor', 'soil,', 'and', 'has', 'more', 'than', '10', 'florets', 'per', 'head.', 'HABITAT:', 'Dry', 'prairies', 'in', 'rich', 'or', 'sandy', 'soil,', 'Native.', 'FOOD', 'USE:', 'The', 'roots', 'are', 'reported', 'as', 'food', 'from', 'several', 'Native', 'peoples', 'on', 'the', 'Great', 'Plains,', 'although', 'they', 'are', 'not', 'commonly', 'eaten', 'today.', 'The', 'elongated', 'taproots', 'are', 'tough', 'and', 'woody.', 'However,', 'some', 'round,', 'enlarged', 'roots', 'are', 'less', 'tough,', 'and', 'they', 'have', 'a', 'mild', 'pleasant', 'flavor', 'that', 'is', 'good', 'in', 'stews.', 'Conservation 3.', 'COMMENTS:', 'Neither', 'the', 'taxonomy', 'nor', 'the', 'ethnobotany', 'of', 'these', 'plants', 'is', 'sorted', 'out.', 'Most', 'botanists', 'recognize', 'a', 'single', 'species', 'of', 'Liatris', 'punctata,', 'but', 'some', 'have', 'split', 'this', 'into', 'two', 'closely', 'related', 'species', 'with', 'nearly', 'identical', 'above-ground', 'parts,', 'but', 'quite', 'different', 'underground', 'parts.', 'If', 'they', 'are', 'separated,', 'those', 'with', 'woody', 'taproots', 'are', 'punctata', 'and', 'those', 'with', 'semi-hard', 'roundish', 'roots', 'are', 'L.', 'mucronata.', 'By', 'this', 'scheme,', 'the', 'flowering', 'stems', 'pictured', 'here', 'are', 'L', 'punctata', 'from', 'rich', 'soil', 'in', 'Minnesota', 'and', 'the', 'bulbous', 'taproot', 'is', 'L.', 'mucronata', 'from', 'sandy', 'soil', 'in', 'Oklahoma.', 'ate', 'the', 'root', 'pictured', 'and', 'liked', 'it,', 'but', 'the', 'elongated', 'roots', ""I've"", 'tried', 'have', 'been', 'very', 'woody']","FOOD USE: The roots are reported as food from severalNative peoples on the Great Plains, although they arenot commonly eaten today. The elongated taproots aretough and woody. However, some round, enlarged rootsare less tough, and they have a mild pleasant flavor thatis good in stews. Conservation 3.",True, Liatris punctata,"
    'roots'"
000101-a.json,"['FLOWERING STEM LEAFLESS, BASAL LEAVES TOOTHED OR LOBED', '2 Arrowhead violet it', '2', 'in', '2', 'Viola sagittata family Violaceae']","FOOD USE: Young leaves, peduncles, and flowers are all good, but they are on the small side for collectingquantity. Conser-vation 2/1.",True, Viola sagittata,"
    'Young leaves','peduncles','flowers'"
000101-b.json,"['LINEAR, ENTIRE LEAVES-NO - ONION-SCENTED', 'Yucca', '2', '2', 'genus', 'Yucca Asparagaceae (Asparagus family)', 'K CHECK: A dense cluster of numerous long, sharp-tipped, tough leaves and a', 'leafless flower stalk with large drooping flowers. ID difficulty 1', 'RIPTION: t Perennials with a tough, semi-woody base that occasionally becomes', 'trunk on certain species. Leaves all basal (or in a whorl at the stem', 'nd ose linear, fibers petioles. 16-30"" attached Stem tough stringy tip), prominent several (often', '(40-75 cm) long and up to 2"" (5 cm) wide, and', 'to the margins), evergreen, sharp-tipped, with no', 'no single from the rosette center, erect (sometimes leaning later),', 'Composile', '0-275 cm) tall and 0.8-1.6"" (2-4 cm) thick, round, solid, bearing only reduced,', 'range.', 'ke leaves. Inflorescence a large panicle or raceme at the apex of this stalk. Flowers (early to mid', 'r) numerous and large, 1.5-3.5"" (4-9 cm) across, drooping or nodding, white to greenish off-white.', 'THE', 'separate tepals: there are six stout stamens with the tips cocked outward surrounding a stout stigma.', 'ste summer to fall) a large, oblong, 3-part green capsule that turns brown and splits open upon drying,', 'containing numerous black seeds.', 'HABITAT: Sunny sites on sand, gravel, or rocky', 'soil. Outside of the Great Plains, yuccas are', 'mostly found on dunes, sunny slopes, outcrops,', 'barrens, roadsides, or disturbed forest edges.', 'Native, but also widely cultivated and escaped', 'outside of their natural ranges.', 'FOOD USE: The flower stalk shoot in late', 'spring or early summer can be used as a', 'cooked vegetable. Peel the outer skin for the', 'best dining experience. Eat flower petals raw', 'or cooked in midsummer. (Some people find', 'them slightly irritating raw.) The fruit of some', 'species is cooked and eaten, sometimes dried', 'for storage, although have not eaten the fruit', 'of any yuccas in our region. Conservation 2/1,', 'COMMENTS: ""Yucca"" is pronounced with a', 'short u sound and should not be confused with', 'the tropical root crop yuca (pronounced with a', 'long U sound), also called maniod or cassava,', 'often misspelled by grocery stores and produce', 'distributors, creating endless confusion. The', 'two plants are unrelated and utterly dissimilar.', 'Yuca has edible roots; yucca does not!', 'SPECIES: There are 8-10 yuccas native to our', ""area, depending on who's doing the counting,"", ""and all are edible. I'm featuring the two most"", 'common and widespread here:', 'Great Plains yucca Y. glauca is widespread on', 'the prairies. It has stiff, broadly U-channeled', 'leaves 8-12 mm wide with needle-like tips The', 'inflorescence is a raceme standing less than', ""5' (1.5 m) high, bearing its lowest flowers be-"", 'neath the height of the leaves. Nearly identical', 'yuccas further south on the Plains are some-', 'times called Y. arkansana, differentiated by', 'having leaves about twice as wide.', '(Continued on the next page.)', '257', 'LINEAR,', 'ENTIRE', 'LEAVES-NO', '-', 'ONION-SCENTED', 'Yucca', '2', '2', 'genus', 'Yucca', 'Asparagaceae', '(Asparagus', 'family)', 'K', 'CHECK:', 'A', 'dense', 'cluster', 'of', 'numerous', 'long,', 'sharp-tipped,', 'tough', 'leaves', 'and', 'a', 'leafless', 'flower', 'stalk', 'with', 'large', 'drooping', 'flowers.', 'ID', 'difficulty 1', 'RIPTION:', 't', 'Perennials', 'with', 'a', 'tough,', 'semi-woody', 'base', 'that', 'occasionally', 'becomes', 'trunk', 'on', 'certain', 'species.', 'Leaves', 'all', 'basal', '(or', 'in', 'a', 'whorl', 'at', 'the', 'stem', 'nd', 'ose', 'linear,', 'fibers', 'petioles.', '16-30""', 'attached', 'Stem', 'tough', 'stringy', 'tip),', 'prominent', 'several', '(often', '(40-75', 'cm)', 'long', 'and', 'up', 'to', '2""', '(5', 'cm)', 'wide,', 'and', 'to', 'the', 'margins),', 'evergreen,', 'sharp-tipped,', 'with', 'no', 'no', 'single', 'from', 'the', 'rosette', 'center,', 'erect', '(sometimes', 'leaning', 'later),', 'Composile', '0-275', 'cm)', 'tall', 'and', '0.8-1.6""', '(2-4 cm)', 'thick,', 'round,', 'solid,', 'bearing', 'only', 'reduced,', 'range.', 'ke', 'leaves.', 'Inflorescence', 'a', 'large', 'panicle', 'or', 'raceme', 'at', 'the', 'apex', 'of', 'this', 'stalk.', 'Flowers', '(early', 'to', 'mid', 'r)', 'numerous', 'and', 'large,', '1.5-3.5""', '(4-9', 'cm)', 'across,', 'drooping', 'or', 'nodding,', 'white', 'to', 'greenish', 'off-white.', 'THE', 'separate', 'tepals:', 'there', 'are', 'six', 'stout', 'stamens', 'with', 'the', 'tips', 'cocked', 'outward', 'surrounding', 'a', 'stout', 'stigma.', 'ste', 'summer', 'to', 'fall)', 'a', 'large,', 'oblong,', '3-part', 'green', 'capsule', 'that', 'turns', 'brown', 'and', 'splits', 'open', 'upon', 'drying,', 'containing', 'numerous', 'black', 'seeds.', 'HABITAT:', 'Sunny', 'sites', 'on', 'sand,', 'gravel,', 'or', 'rocky', 'soil.', 'Outside', 'of', 'the', 'Great', 'Plains,', 'yuccas', 'are', 'mostly', 'found', 'on', 'dunes,', 'sunny', 'slopes,', 'outcrops,', 'barrens,', 'roadsides,', 'or', 'disturbed', 'forest', 'edges.', 'Native,', 'but', 'also', 'widely', 'cultivated', 'and', 'escaped', 'outside', 'of', 'their', 'natural', 'ranges.', 'FOOD', 'USE:', 'The', 'flower', 'stalk', 'shoot', 'in', 'late', 'spring', 'or', 'early', 'summer', 'can', 'be', 'used', 'as', 'a', 'cooked', 'vegetable.', 'Peel', 'the', 'outer', 'skin', 'for', 'the', 'best', 'dining', 'experience.', 'Eat', 'flower', 'petals', 'raw', 'or', 'cooked', 'in', 'midsummer.', '(Some', 'people', 'find', 'them', 'slightly', 'irritating', 'raw.)', 'The', 'fruit', 'of', 'some', 'species', 'is', 'cooked', 'and', 'eaten,', 'sometimes', 'dried', 'for', 'storage,', 'although', 'have', 'not', 'eaten', 'the', 'fruit', 'of', 'any', 'yuccas', 'in', 'our', 'region.', 'Conservation', '2/1,', 'COMMENTS:', '""Yucca""', 'is', 'pronounced', 'with', 'a', 'short', 'u', 'sound', 'and', 'should', 'not', 'be', 'confused', 'with', 'the', 'tropical', 'root', 'crop', 'yuca', '(pronounced', 'with', 'a', 'long', 'U', 'sound),', 'also', 'called', 'maniod', 'or', 'cassava,', 'often', 'misspelled', 'by', 'grocery', 'stores', 'and', 'produce', 'distributors,', 'creating', 'endless', 'confusion.', 'The', 'two', 'plants', 'are', 'unrelated', 'and', 'utterly', 'dissimilar.', 'Yuca', 'has', 'edible', 'roots;', 'yucca', 'does', 'not!', 'SPECIES:', 'There', 'are', '8-10', 'yuccas', 'native', 'to', 'our', 'area,', 'depending', 'on', ""who's"", 'doing', 'the', 'counting,', 'and', 'all', 'are', 'edible.', ""I'm"", 'featuring', 'the', 'two', 'most', 'common', 'and', 'widespread', 'here:', 'Great', 'Plains', 'yucca', 'Y.', 'glauca', 'is', 'widespread', 'on', 'the', 'prairies.', 'It', 'has', 'stiff,', 'broadly', 'U-channeled', 'leaves', '8-12', 'mm', 'wide', 'with', 'needle-like', 'tips', 'The', 'inflorescence', 'is', 'a', 'raceme', 'standing', 'less', 'than', ""5' (1.5 m)"", 'high,', 'bearing', 'its', 'lowest', 'flowers', 'be-', 'neath', 'the', 'height', 'of', 'the', 'leaves.', 'Nearly', 'identical', 'yuccas', 'further', 'south', 'on', 'the', 'Plains', 'are', 'some-', 'times', 'called', 'Y.', 'arkansana,', 'differentiated', 'by', 'having', 'leaves', 'about', 'twice', 'as', 'wide.', '(Continued', 'on', 'the', 'next', 'page.)', '257']","FOOD USE: The flower stalk shoot in latespring or early summer can be used as acooked vegetable. Peel the outer skin for thebest dining experience. Eat flower petals rawor cooked in midsummer. (Some people findthem slightly irritating raw.) The fruit of somespecies is cooked and eaten, sometimes driedfor storage, although have not eaten the fruitof any yuccas in our region. Conservation 2/1,",True," Yucca glauca
     or
     Yucca arkansana","
    'flower stalk shoot','petals'"
000102-b.json,"['LINEAR, ENTIRE LEAVES-NOT ONION-SCENTED', 'False garlic', '2', 'Nothoscordum', 'bivalve Alliaceae (Onion family)', 'CHECK: All leaves basal; a single scape bearing an umbel of attractive white', 'with 6 petals. ID difficulty 2.', 'RIPTION: Polycarpic perennial. Bulbs globular or egg-shaped to amorphous and', '8, especially when large. 0.3-0.9"" (8-23 mm) wide, the larger ones with small,', 'like offset bulbs Leaves 3-7, all basal, wrapped in a sheath for 1-2"" (2.5-5cm)', 'the bulb. the blades to 15"" (38 cm) long and 2-5 mm wide, shallowly U-channeled, not hollow, the tips', ""nd thin. Scapes 6-16' (15-40 cm) tall, single, erect, straight, solid, smooth, hairless, round to slightly"", 'Inflorescence a single terminal umbel of 5-12 with 2 brown, papery, triangular, pointed bracts beneath', 'bedicels ascending and unequal, 1.5-2.2"" (3.B-5.6 cm) long. Flowers (mostly spring but occasionally', ') summer and often in fall) have 6 long-elliptic, blunt pointed, white tepals 9-13 mm long arranged in', 'of 3. each with a prominent center vein (on the outside this vein is yellow-green at the base but often', 'toward the tip); stamens 6. Fruit a 3-part capsule, egg-shaped. wider at the tip (which is sometimes', 'd), 3-5 mm wide and 6-10 mm long, turning light brown upon drying and splitting into boat-shaped', 'olding angular, rough, black seeds.', 'SING PLANTS: Star-of-Bethlehem (p. 666) is shorter with very slimy sap. The leaves have a whitish', 'center stripe and the flowers are in a short raceme.', 'HABITAT: Full to partial sun with moderately rich soil of medium', 'moisture, especially where disturbed. Lawns, roadsides. parks, mead-', 'ows, high floodplains, savan-', 'nahs, sparse forests and edges.', 'Native. A', 'FOOD USE: Bulbs can be col-', 'lected at any time and eaten', 'cooked. They have a faint garlic', 'flavor. Conservation 3.', 'COMMENTS: At the moment', 'of writing I have eaten these', 'bulbs on four occasions. in', 'greater quantity each time', '(in the last instance a quarter', 'cup). Archeological evidence', 'suggests that false garlic was', 'once an important food in some', 'regions. This species was for-', 'merly classified in the genus by', 'Allium,', 'and', 'the', 'differences', 'which', 'it', 'is', 'separated', 'are', 'minor.', 'garlic', 'flavor', 'is', 'faint', 'but', 'The', 'eat', 'the', 'bulbs.', 'dent', 'when', 'you', 'common', 'in', 'lawns,', 'this', 'Though', 'smaller', 'there', 'plant', 'is', 'much', 'unmowed', 'grassy', 'areas.', 'than', 'in', 'AKA', 'crow', 'poison,', 'but', 'you', 'much', 'poisoning', ""won't"", 'have', 'with', 'it.', 'The', 'name', 'crows', 'poison""', 'thrown', 'at', 'a', 'number', 'is', 'similar', 'plants,', 'such', 'of', 'remotely', 'as', 'Amianthium', 'muscitoxicum', 'which', 'actually', 'poisonous.', 'is', '259', 'LINEAR,', 'ENTIRE', 'LEAVES-NOT', 'ONION-SCENTED', 'False', 'garlic', '2', 'Nothoscordum', 'bivalve', 'Alliaceae', '(Onion', 'family)', 'CHECK:', 'All', 'leaves', 'basal;', 'a', 'single', 'scape', 'bearing', 'an', 'umbel', 'of', 'attractive', 'white', 'with', '6', 'petals.', 'ID', 'difficulty', '2.', 'RIPTION:', 'Polycarpic', 'perennial.', 'Bulbs', 'globular', 'or', 'egg-shaped', 'to', 'amorphous', 'and', '8,', 'especially', 'when', 'large.', '0.3-0.9""', '(8-23 mm)', 'wide,', 'the', 'larger', 'ones', 'with', 'small,', 'like', 'offset', 'bulbs', 'Leaves', '3-7,', 'all', 'basal,', 'wrapped', 'in', 'a', 'sheath', 'for', '1-2""', '(2.5-5cm)', 'the', 'bulb.', 'the', 'blades', 'to', '15""', '(38', 'cm)', 'long', 'and', '2-5', 'mm', 'wide,', 'shallowly', 'U-channeled,', 'not', 'hollow,', 'the', 'tips', 'nd', 'thin.', 'Scapes', ""6-16'"", '(15-40 cm)', 'tall,', 'single,', 'erect,', 'straight,', 'solid,', 'smooth,', 'hairless,', 'round', 'to', 'slightly', 'Inflorescence', 'a', 'single', 'terminal', 'umbel', 'of', '5-12', 'with', '2', 'brown,', 'papery,', 'triangular,', 'pointed', 'bracts', 'beneath', 'bedicels', 'ascending', 'and', 'unequal,', '1.5-2.2""', '(3.B-5.6', 'cm)', 'long.', 'Flowers', '(mostly', 'spring', 'but', 'occasionally', ')', 'summer', 'and', 'often', 'in', 'fall)', 'have', '6', 'long-elliptic,', 'blunt', 'pointed,', 'white', 'tepals', '9-13', 'mm long', 'arranged', 'in', 'of', '3.', 'each', 'with', 'a', 'prominent', 'center', 'vein', '(on', 'the', 'outside', 'this', 'vein', 'is', 'yellow-green', 'at', 'the', 'base', 'but', 'often', 'toward', 'the', 'tip);', 'stamens', '6.', 'Fruit', 'a', '3-part', 'capsule,', 'egg-shaped.', 'wider', 'at', 'the', 'tip', '(which', 'is', 'sometimes', 'd),', '3-5', 'mm', 'wide', 'and', '6-10', 'mm', 'long,', 'turning', 'light', 'brown', 'upon', 'drying', 'and', 'splitting', 'into', 'boat-shaped', 'olding', 'angular,', 'rough,', 'black', 'seeds.', 'SING', 'PLANTS:', 'Star-of-Bethlehem', '(p.', '666)', 'is', 'shorter', 'with', 'very', 'slimy', 'sap.', 'The', 'leaves', 'have', 'a', 'whitish', 'center', 'stripe', 'and', 'the', 'flowers', 'are', 'in', 'a', 'short', 'raceme.', 'HABITAT:', 'Full', 'to', 'partial', 'sun', 'with', 'moderately', 'rich', 'soil', 'of', 'medium', 'moisture,', 'especially', 'where', 'disturbed.', 'Lawns,', 'roadsides.', 'parks,', 'mead-', 'ows,', 'high', 'floodplains,', 'savan-', 'nahs,', 'sparse', 'forests', 'and', 'edges.', 'Native.', 'A', 'FOOD', 'USE:', 'Bulbs', 'can', 'be', 'col-', 'lected', 'at', 'any', 'time', 'and', 'eaten', 'cooked.', 'They', 'have', 'a', 'faint', 'garlic', 'flavor.', 'Conservation', '3.', 'COMMENTS:', 'At', 'the', 'moment', 'of', 'writing', 'I', 'have', 'eaten', 'these', 'bulbs', 'on', 'four', 'occasions.', 'in', 'greater', 'quantity', 'each', 'time', '(in', 'the', 'last', 'instance', 'a', 'quarter', 'cup).', 'Archeological', 'evidence', 'suggests', 'that', 'false', 'garlic', 'was', 'once', 'an', 'important', 'food', 'in', 'some', 'regions.', 'This', 'species', 'was', 'for-', 'merly', 'classified', 'in', 'the', 'genus', 'by', 'Allium,', 'and', 'the', 'differences', 'which', 'it', 'is', 'separated', 'are', 'minor.', 'garlic', 'flavor', 'is', 'faint', 'but', 'The', 'eat', 'the', 'bulbs.', 'dent', 'when', 'you', 'common', 'in', 'lawns,', 'this', 'Though', 'smaller', 'there', 'plant', 'is', 'much', 'unmowed', 'grassy', 'areas.', 'than', 'in', 'AKA', 'crow', 'poison,', 'but', 'you', 'much', 'poisoning', ""won't"", 'have', 'with', 'it.', 'The', 'name', 'crows', 'poison""', 'thrown', 'at', 'a', 'number', 'is', 'similar', 'plants,', 'such', 'of', 'remotely', 'as', 'Amianthium', 'muscitoxicum', 'which', 'actually', 'poisonous.', 'is', '259']",FOOD USE: Bulbs can be col-lected at any time and eatencooked. They have a faint garlicflavor. Conservation 3.,True, Nothoscordum bivalve, 'bulbs'
000103-a.json,"['BASAL', 'LEAVES', 'TOOTHED', 'OR', 'LOBED', 'FLOWERING', 'Potato', 'dandelion', '(continued)', '5', '2-4', 'wide,', 'proportion-', '(13-56', 'cm)', 'tall', 'and', 'mm', 'Scape', 'solitary,', '5-22', 'that', 'of', 'dandelion,', 'with', 'a', 'very', 'small', 'hollow', 'ately', 'much', 'thinner', 'than', 'glaucous.', 'hairless', 'except', 'right', 'under', 'the', 'center,', 'finely', 'ridged,', '(spring', 'early', 'summer)', 'a', 'single,', 'in', 'to', 'the', 'flowerhead.', 'Inflorescence', 'mm)', 'across,', 'with', 'ray', 'florets', '(25-38', 'terminal', 'head', '1-1.5', 'yellow,', 'larger', 'than', 'the', 'inner.', 'The', 'sides', 'of', 'rays', 'only,', 'outer', 'rays', 'much', 'the', 'are parallel and the or mowing tip truncaled the plants are stunted and may parachute. rarely', 'with 5', 'cut', 'teeth.', 'Under', 'the', 'deeply', 'stress flower. of Seed shade columnar, reddish brown, with an attached', 'CONFUSING SPECIES: A close relative, Krigia virginica, is safe', 'but very bitter.', 'HABITAT: Roadsides, woods with old fields, medium-moisture, forest borders, medium prairies, to savan- rich soil, sandy or clay-loam. Native.', 'nahs and open tubers at any time and use as a cooked vegetable; they are the good small but size mildly hampers', 'bitter.', 'FOOD USE: Dig be the used small raw or cooked whenever present, but are best Conservation in early spring; 2/1.', 'gathering The greens in can quantity. Flowers and scapes are edible too but tiny.', 'COMMENTS: bet you never knew there was such a plant. It surprised me, too.', '6 Tuberous false dandelion 1', '1', 'Pyrrhopappus grandiflorus', 'Asteraceae (Composite family)']","FOOD USE: Dig be the used small raw or cooked whenever present, but are best Conservation in early spring; 2/1.gathering The greens in can quantity. Flowers and scapes are edible too but tiny.FOOD USE: Tubers can be eaten cooked-they are best when thetops are dormant. Young leaves and scapes can be eaten raw orcooked; they are rather bitter. Conservation 3/2.",True, Pyrrhopappus grandiflorus,"
    'digged bulbs','Young leaves','Young scapes'"
000105-a.json,"['BASAL', 'LEAVES', 'TOOTHED', 'OR', 'LOBED', 'FLOWERING', '10', 'English', 'daisy', '(Composite', 'family)', 'perennis', 'Asteraceae', 'Bellis', 'and', 'yellow', 'disk', 'on', 'a', 'short', 'leafless', 'a', 'A', 'flowerhead', 'with', 'single']","FOOD USE: Gather tender leaves any time during the growing season, the flowersin spring and early summer. Eat these sparingly raw or cooked as the flavor is ratherstrong.",True, Bellis perennis,"
    'leaves'"
000106-a.json,"['FLOWERING', 'STEM', 'LEAFLESS,', 'BASAL', 'LEAVES', 'TOOTHED', 'OR', 'LOSED', '13 Coltsfoot', 'it', '2', '(Composite', 'family)', 'Tussilago', 'farfara', 'Asteraceae', 'scaly flower stalk with a single yellow flowerhead hoof. ID difficulty before any 1.']","FOOD USE: Flower stalk shoots before or during blooming in early spring can be eaten raw or cooked. Theyare tender, mildly sweet, slightly astringent, and better with the scale-leaves stripped off. Later in spring, pickyoung leaves only, boil and drain before eating. Leaves are best whenyoung but not super young-wait until after the wool becomes lessprominent on the upper surface.",True, Tussilago farfara,"
    'shoots','young leaves'"
000107-a.json,"['FLOWERING STEM LEAFLESS, BASAL LEAVES TOOTHED OR LOBED', '15', 'Beach', 'pennywort', '(Ginseng', 'family)', 'Hydrocotyle', 'bonariensis', 'Araliaceae', 'white']","FOOD USE: Leaves andtheir petioles can be eatenraw in salad, cooked in manyways, blended in smoothies,or used to make a tea. Newleaves are best but olderleaves are serviceable, andare available all year. Con-servation 1.",True, Hydrocotyle bonariensis,"
    'leaves','petioles'"
000108-b.json,"['Shooting star', 'LEAVES', 'ENTIRE', '2', 'genus', '2', 'Dodecatheon', 'Primulaceae', 'K', 'CHECK:', '(Primrose', 'Elliptic,', 'family)', 'spiraled,', 'reflexed', 'of', 'RIPTION:', 'flowers', 'Perennial.', 'ID', 'difficulty', '1.', 'long,', 'tapered', 'or', 'at', 'the', 'oblanceolate', 'with', 'soft,', 'where', 'rounded', 'hairless,', 'tips,', 'but', '4-11""', 'rather', '(10-', 'sparkling', 'in', 'ascending', 'where', 'crowded.', 'keeled ; are also below. raised Secondary above. Margins veins at entire acute sunlight. angles, Midvein raised above slightly and depressed depressed above, below;', 'oth-like channeled. formations. (Because Petioles absent or to but 30% often of blade wavy and may have a few', 'ole shoot length, erect, scat- to listed.', 'starts, of the tapered, winged edges, it is light in color, flat', 'Collective range', 'of the species', 'I, solid in the or often, if there even is one.) Scapes single, impossible to say where', 'ling capsules. Inflorescense stage, minutely a woolly, up to 24"" (60 cm) tall, smooth, LYDS reddish,', 'in overlapping (15-23 and and and', 'is a whorl of terminal umbel of 5-75, or an umbel with sometimes persistent', 'length. Flowers (mid to triangular bracts beneath the inflorescence. Pedicels one or more are whoris beneath', 'ck so far to often late spring) drooping, the petals 0.6-0.9"" long, curving,', 'to form as touch each other. 5 stamens with yellow anthers forward mm) long, spiraling', 'white Eastern Woodlands, is larger in all respects. Its flowers are always in', 'D. meadia, ""beak."" of the (8-18 mm) point long, pointing skyward. pressed umbel', 'a Fruit a 5-part, oblong, vase-like capsule 0.3-0.7"" and are', ',wer flowers per umbel, and purple petals.', 'or pink petals. D. pulchellum, of the Western Plains is a somewhat smaller plant with an narrower', 'ING PLANTS: Similarly sized saxifrages have hairy leaves and more toothed margins.', 'Rich wooded slopes and ridgetops, especially in sunny spots; oak and pine savannahs on rich soil,', 'clearings and meadows. Native. A', 'FOOD USE: Gather greens and shoots in spring; eat them raw or cooked.', 'They have a slight wintergreen flavor with a faint bitter aftertaste, and', 'are very tender when young. Conservation 2.', 'COMMENTS: These are excellent greens cooked, not as good raw.', 'The leaves taste better than the scapes. Especially in the East, shooting', 'stars have declined dramatically due to fire suppression and agricultural', 'development.', 'D. meadia flowers.', 'D. pulchellum flowers.', 'leaves', 'and', 'shoot', 'of', 'meodia.', 'Young', '271', 'Shooting', 'star', 'LEAVES', 'ENTIRE', '2', 'genus', '2', 'Dodecatheon', 'Primulaceae', 'K', 'CHECK:', '(Primrose', 'Elliptic,', 'family)', 'spiraled,', 'reflexed', 'of', 'RIPTION:', 'flowers', 'Perennial.', 'ID', 'difficulty', '1.', 'long,', 'tapered', 'or', 'at', 'the', 'oblanceolate', 'with', 'soft,', 'where', 'rounded', 'hairless,', 'tips,', 'but', '4-11""', 'rather', '(10-', 'sparkling', 'in', 'ascending', 'where', 'crowded.', 'keeled', ';', 'are', 'also', 'below.', 'raised', 'Secondary', 'above.', 'Margins', 'veins', 'at', 'entire', 'acute', 'sunlight.', 'angles,', 'Midvein', 'raised', 'above', 'slightly', 'and', 'depressed', 'depressed', 'above,', 'below;', 'oth-like', 'channeled.', 'formations.', '(Because', 'Petioles', 'absent', 'or', 'to', 'but', '30%', 'often', 'of', 'blade', 'wavy', 'and', 'may', 'have', 'a', 'few', 'ole', 'shoot', 'length,', 'erect,', 'scat-', 'to', 'listed.', 'starts,', 'of', 'the', 'tapered,', 'winged', 'edges,', 'it', 'is', 'light', 'in', 'color,', 'flat', 'Collective', 'range', 'of', 'the', 'species', 'I,', 'solid', 'in', 'the', 'or', 'often,', 'if', 'there', 'even', 'is', 'one.)', 'Scapes', 'single,', 'impossible', 'to', 'say', 'where', 'ling', 'capsules.', 'Inflorescense', 'stage,', 'minutely', 'a', 'woolly,', 'up', 'to', '24""', '(60', 'cm)', 'tall,', 'smooth,', 'LYDS', 'reddish,', 'in', 'overlapping', '(15-23', 'and', 'and', 'and', 'is', 'a', 'whorl', 'of', 'terminal', 'umbel', 'of', '5-75,', 'or', 'an', 'umbel', 'with', 'sometimes', 'persistent', 'length.', 'Flowers', '(mid', 'to', 'triangular', 'bracts', 'beneath', 'the', 'inflorescence.', 'Pedicels', 'one', 'or', 'more', 'are', 'whoris', 'beneath', 'ck', 'so', 'far', 'to', 'often', 'late', 'spring)', 'drooping,', 'the', 'petals', '0.6-0.9""', 'long,', 'curving,', 'to', 'form', 'as', 'touch', 'each', 'other.', '5', 'stamens', 'with', 'yellow', 'anthers', 'forward', 'mm)', 'long,', 'spiraling', 'white', 'Eastern', 'Woodlands,', 'is', 'larger', 'in', 'all', 'respects.', 'Its', 'flowers', 'are', 'always', 'in', 'D.', 'meadia,', '""beak.""', 'of', 'the', '(8-18 mm)', 'point', 'long,', 'pointing', 'skyward.', 'pressed', 'umbel', 'a', 'Fruit', 'a', '5-part,', 'oblong,', 'vase-like', 'capsule', '0.3-0.7""', 'and', 'are', ',wer', 'flowers', 'per', 'umbel,', 'and', 'purple', 'petals.', 'or', 'pink', 'petals.', 'D.', 'pulchellum,', 'of', 'the', 'Western', 'Plains', 'is', 'a', 'somewhat', 'smaller', 'plant', 'with', 'an', 'narrower', 'ING', 'PLANTS:', 'Similarly', 'sized', 'saxifrages', 'have', 'hairy', 'leaves', 'and', 'more', 'toothed', 'margins.', 'Rich', 'wooded', 'slopes', 'and', 'ridgetops,', 'especially', 'in', 'sunny', 'spots;', 'oak', 'and', 'pine', 'savannahs', 'on', 'rich', 'soil,', 'clearings', 'and', 'meadows.', 'Native.', 'A', 'FOOD', 'USE:', 'Gather', 'greens', 'and', 'shoots', 'in', 'spring;', 'eat', 'them', 'raw', 'or', 'cooked.', 'They', 'have', 'a', 'slight', 'wintergreen', 'flavor', 'with', 'a', 'faint', 'bitter', 'aftertaste,', 'and', 'are', 'very', 'tender', 'when', 'young.', 'Conservation', '2.', 'COMMENTS:', 'These', 'are', 'excellent', 'greens', 'cooked,', 'not', 'as', 'good', 'raw.', 'The', 'leaves', 'taste', 'better', 'than', 'the', 'scapes.', 'Especially', 'in', 'the', 'East,', 'shooting', 'stars', 'have', 'declined', 'dramatically', 'due', 'to', 'fire', 'suppression', 'and', 'agricultural', 'development.', 'D.', 'meadia', 'flowers.', 'D.', 'pulchellum', 'flowers.', 'leaves', 'and', 'shoot', 'of', 'meodia.', 'Young', '271']","FOOD USE: Gather greens and shoots in spring; eat them raw or cooked.They have a slight wintergreen flavor with a faint bitter aftertaste, andare very tender when young. Conservation 2.",True, Dodecatheon pulchellum,"
    'greens','shoots'"
000109-a.json,"['FLOWERING', 'LEAFLESS,', 'BASAL', 'LEAVES', 'COMPOUND', 'clover', '1', '2', '2', 'White', 'repens', 'Fabaceae', '(Bean', 'family)', 'Trifolium', 'compound', 'leaves', 'on', 'long,', 'erect', 'petioles,', 'CHECK:', 'Ground-cove', 'with']","FOOD USE: Tender young leaves can be nibbled anytime,but are best in spring. The flowers are a sweet snack and canbe used for garnish, salads, or in cooked vegetable dishes.They can also be used fresh or dried for tea.",True, Trifolium repens,"
    'leaves','flowers'"
000110-a.json,"['FLOWERING', 'STEM', '4 Thread-leaf musineon', '1', '1', 'Musineon tenuifolium , Apiaceae (Carrot family)', 'CHECK: Small plant with tuffed, erect stems and lacy leaves and tiny, 1. bright']",FOOD USE: Leaves can be chopped and used as a seasoning. Roots have a carroty flavor and can be eatencooked but are rather small and tough. Conservation 3/2.,True, Musineon tenuifolium," 'leaves','roots'"
000111-a.json,"['FLOWERING STEM LEAFLESS, BASAL LEAVES COMPOUND', '6 Large winged biscuitroot', '3', '1', 'Cymopterus', 'montanus', 'Apiaceae', '(Carrot', 'family)', 'twisted', 'divi', 'Small pround Imprine insette of lar grayish leaves with ID difficulty 2.']","FOOD USE: Roots are large,starchy, and mild-good raw, heartyand excellent cooked. They can bebaked or dried or made into flour.The leaves don't taste very good.Conservation 3/1.",True, Cymopterus montanus, 'roots'
000112-a.json,"['FLOWERING', 'STEM', 'LEAFLESS,', 'BASAL', 'LEAVES', 'STRAWBERRY', 'NG-286', 'Fragaria', 'Rosaceae', '(Rose', 'family)', 'genus', 'CHECK: Three hairy, toothed traffets and a miniature strawberry. ID difficulty 2.', 'Leaflets', 'almost']","FOOD USE: This is one of the first wild berries to ripen in late spring or early summer. While tedious to gather,they are astoundingly delicious. All strawberry recipes are immensely better when made with wild fruit. Theleaves can be used for a moderately astringent tea. Conservation 1.",True, Fragaria rosmarus (assuming 'Rosaceae' is the family name),"
    'strawberries'"
000113-a.json,"['FLOWERING', 'STEM', 'LEAFLESS,', 'BASAL', 'LEAVES', '11 Small prairie-turnip', '3', 'IWE-282', 'Pediomelum hypogaeum', 'Fabaceae', '(Bean', 'family)', 'CHECK: Small ground hugging plant with hairy stems and palmately ID difficulty compound 2.']","FOOD USE: Roots can be dug whenever the plants are visible, then peeled andmeal, eaten raw or cooked in many ways. They dry readily, can be ground into flour orand are very good dehydrated. Conservation",True, Pediomelum hypogaeum,"
    'roots'"
000113-b.json,"['FLOWERING STEM LEAFLESS, BASAL LEAVES TOOTHED OR LOBED', ""Hairy cat's ear"", '2', '2', 'Hypochaeris radicata + Asteraceae (Composite family)', 'CK CHECK: Very hairy dandelion-like rosette leaves; yellow composite flowerheads', 'branched stalk. ID difficulty 1.', 'CRIPTION: Weedy perennial, the rosette often tightly hugging the ground', 'es basal, without petioles, 3-7"" (8-18 cm) long and 0.9-1.6"" (23-40 cm) across, with', 'erous blunt lobes at a right angle to the midvein, the sinuses shallow. Curving, erect', 'grow from raised bumps evenly distributed over both sides. Midvein slightly convex', '>, hairy, often with dark bumps, and rounded below. There are no evident secondary', 'Occasional', 'above. Stalks 8-20 (20-50 cm) tall, 2-4 mm thick, solid, faintly ridged, hairless except', 'outside', 'times near the base, sparsely branched (often near the base), spreading or leaning to', 'mapped area.', 'erect. There are a few tiny reduced leaves', 'less than 1 cm scattered on the stalk. Inflorescence composite', 'heads at branch tips, yellow, about (2.5 cm) across (resem-', 'bling small dandelions), with ray florets only, the tips 5-toothed.', 'Outer rays are gray-green in the center and stalked at the base', '(they must be pulled out to see this) Seeds (achenes) narrow,', 'beaked, parachuted, in a round gray head like that of dandelion', 'but smaller and with a ragged appearance.', 'HABITAT: Primarily lawns, but also in other sunny, disturbed', 'sites. Introduced.', 'FOOD USE: Collect the tenderest, lushest, and cleanest leaves', 'can find, from robust, healthy plants; best in late cooked spring', 'you and early summer. Edible raw in salads but better as a', 'green. Flower stalk shoots, picked when short and before they', 'branch, are good boiled or steamed.', 'COMMENTS: This plant is a less-touted relative of the locally com-', 'mon dandelion that is almost as good. prevalent While common here as it is in', 'not', 'nearly', 'so', 'in the the Pacific eastern Northwest, U.S. is where it is often a dominant lawn weed.', 'FLOWERING', 'STEM', 'LEAFLESS,', 'BASAL', 'LEAVES', 'TOOTHED', 'OR', 'LOBED', 'Hairy', ""cat's"", 'ear', '2', '2', 'Hypochaeris', 'radicata', '+', 'Asteraceae', '(Composite', 'family)', 'CK', 'CHECK:', 'Very', 'hairy', 'dandelion-like', 'rosette', 'leaves;', 'yellow', 'composite', 'flowerheads', 'branched', 'stalk.', 'ID', 'difficulty', '1.', 'CRIPTION:', 'Weedy', 'perennial,', 'the', 'rosette', 'often', 'tightly', 'hugging', 'the', 'ground', 'es', 'basal,', 'without', 'petioles,', '3-7""', '(8-18', 'cm)', 'long', 'and', '0.9-1.6""', '(23-40 cm)', 'across,', 'with', 'erous', 'blunt', 'lobes', 'at', 'a', 'right', 'angle', 'to', 'the', 'midvein,', 'the', 'sinuses', 'shallow.', 'Curving,', 'erect', 'grow', 'from', 'raised', 'bumps', 'evenly', 'distributed', 'over', 'both', 'sides.', 'Midvein', 'slightly', 'convex', '>,', 'hairy,', 'often', 'with', 'dark', 'bumps,', 'and', 'rounded', 'below.', 'There', 'are', 'no', 'evident', 'secondary', 'Occasional', 'above.', 'Stalks', '8-20', '(20-50 cm)', 'tall,', '2-4', 'mm', 'thick,', 'solid,', 'faintly', 'ridged,', 'hairless', 'except', 'outside', 'times', 'near', 'the', 'base,', 'sparsely', 'branched', '(often', 'near', 'the', 'base),', 'spreading', 'or', 'leaning', 'to', 'mapped', 'area.', 'erect.', 'There', 'are', 'a', 'few tiny', 'reduced', 'leaves', 'less', 'than', '1', 'cm', 'scattered', 'on', 'the', 'stalk.', 'Inflorescence', 'composite', 'heads', 'at', 'branch', 'tips,', 'yellow,', 'about', '(2.5', 'cm)', 'across', '(resem-', 'bling', 'small', 'dandelions),', 'with', 'ray', 'florets', 'only,', 'the', 'tips', '5-toothed.', 'Outer', 'rays', 'are', 'gray-green', 'in', 'the', 'center', 'and', 'stalked', 'at', 'the', 'base', '(they', 'must', 'be', 'pulled', 'out', 'to', 'see', 'this)', 'Seeds', '(achenes)', 'narrow,', 'beaked,', 'parachuted,', 'in', 'a', 'round', 'gray', 'head', 'like', 'that', 'of', 'dandelion', 'but', 'smaller', 'and', 'with', 'a', 'ragged', 'appearance.', 'HABITAT:', 'Primarily', 'lawns,', 'but', 'also', 'in', 'other', 'sunny,', 'disturbed', 'sites.', 'Introduced.', 'FOOD', 'USE:', 'Collect', 'the', 'tenderest,', 'lushest,', 'and', 'cleanest', 'leaves', 'can', 'find,', 'from', 'robust,', 'healthy', 'plants;', 'best', 'in', 'late', 'cooked', 'spring', 'you', 'and', 'early', 'summer.', 'Edible', 'raw', 'in', 'salads', 'but', 'better', 'as', 'a', 'green.', 'Flower', 'stalk', 'shoots,', 'picked', 'when', 'short', 'and', 'before', 'they', 'branch,', 'are', 'good', 'boiled', 'or', 'steamed.', 'COMMENTS:', 'This', 'plant', 'is', 'a', 'less-touted', 'relative', 'of', 'the', 'locally', 'com-', 'mon', 'dandelion', 'that', 'is', 'almost', 'as', 'good.', 'prevalent', 'While', 'common', 'here', 'as', 'it', 'is', 'in', 'not', 'nearly', 'so', 'in', 'the', 'the', 'Pacific', 'eastern', 'Northwest,', 'U.S.', 'is', 'where', 'it', 'is', 'often', 'a', 'dominant', 'lawn', 'weed.']","FOOD USE: Collect the tenderest, lushest, and cleanest leavescan find, from robust, healthy plants; best in late cooked springyou and early summer. Edible raw in salads but better as agreen. Flower stalk shoots, picked when short and before theybranch, are good boiled or steamed.",True, Hypochaeris radicata,"
    'leaves','shoots'"
000114-a.json,"['BASAL LEAVES PRESENT, STEM LEAVES PAIRED OR WHORLED', ',', 'Mollugo verticillata 4 family Molluginaceae', 'Carpetweed', '2', 'CHECK: Small plant with thin stems creeping over the ground, forming mats;']","FOOD USE: Tender leaves canbe eaten raw or cooked. Theystay succulent often well intoflowering, but are often toosmall to bother with. Conser-vation",True, Mollugo verticillata,"
    'leaves'"
000115-a.json,"['BASAL', 'LEAVES', 'PRESENT,', 'STEM', 'LEAVES', 'PAIRED', 'OR', 'WHOELSO', '1', '4 Lyre-leaf sage', 'Salvia lyrata Lamiaceae (Mint family)', 'Ground-hugging basal rosette of hairy, pinnately-lohed flowers. ID leaves, difficulty often 1.']","FOOD USE: The basal leaves have a strange and terrible flavor,and they are sandy. But the tender shoots are just barely goodenough to eat on purpose. Try them in spring well before theybloom. Conservation 1.",True, Salvia lyrata,"
    'shoots'"
000115-b.json,"['across of flowers with at the tip. Flowers 3-5 mm', 'green', 'to', 'centers', 'occasionally', 'and', 'whitish', 'reddish,', 'or', 'lanceolate', 'narrowly', 'elliptic', 'petals,', 'remote', 'other, to spreading, the stamens with yellow each', 'from', 'Fruit orange anthers, also widely spreading', 'a small capsule of tiny seeds.', 'HABITAT: Wooded swamps, ravines,', 'streamedges, and other low areas where', 'soil is disturbed mostly in light shade.', 'Commonly associated with marsh-', 'marigold. Native.', 'FOOD USE: Gather flower stalk shoots', 'in mid spring before the inflorescence', 'has begun to branch; later they will be', 'tough and bitter (the tops are always bit-', 'ter). Shoots can be eaten cooked but are', 'especially good raw. The young leaves', 'are supposedly edible but are tough and', 'astringent. Conservation 2.', 'ked, NTS: These flower stalk shoots are an ephemeral springtime treat for foragers, so croak', 'have thousands growing in the ditch near my cabin. AKA Micranthes pensylvanica.', 'so juicy you can sometimes drink from the hollow stem if you pinch the base when crisp you they pick', 'it.', 'd edible:', ""'ook saxifrage + Saxifraga micranthidifolia"", '3', 'HECK: Along mountain brooks and seeps; narrow leaves with sharp teeth at', 'les to the margin; thin, erect, hairy stalk. ID difficulty 1.', '\'TION: Leaves 3-12"" (8-30 cm) long, light green, erect to ascending, narrower', 'Tip saxifrage, tapered to the base, very thin, the surfaces hairless. The midvein', ':rongly depressed but the veinlets are raised above. Margins hairy with promi-', ', teeth oriented perpendicular to the margin and abruptly constricted to sharp', 'tiole flat, broadly winged, 15-70% of blade length. Stem 12-32"" (30-80 cm) tall and 6-9 mm wide,', 'also densely hairy. The slightly smaller', 'panicles bloom earlier in spring; the pet-', 'als are white with a small yellow spot', 'near the base.', 'HABITAT: In the Appalachians along', 'rocky springs, seepages, swamps, and', 'brooks in wooded environments. Native.', 'FOOD USE: Tender spring greens are', 'astringent and best boiled and drained,', 'or fried. The shoots are milder in flavor', 'and are pleasant raw. Conservation 2.', 'COMMENTS: Lettuce saxifrage leaves', 'are bitter like those of swamp saxifrage', 'but thinner and more tender; they can', 'be realistically rendered enjoyable. The', 'plant is limited in distribution but often', 'very abundant within its limited habitat brook', 'Micranthes', 'micranthidifalia,', 'AKA', 'lettuce, deer tongue.', '285', 'across', 'of', 'flowers', 'with', 'at', 'the', 'tip.', 'Flowers', '3-5', 'mm', 'green', 'to', 'centers', 'occasionally', 'and', 'whitish', 'reddish,', 'or', 'lanceolate', 'narrowly', 'elliptic', 'petals,', 'remote', 'other,', 'to', 'spreading,', 'the', 'stamens', 'with', 'yellow', 'each', 'from', 'Fruit', 'orange', 'anthers,', 'also', 'widely', 'spreading', 'a', 'small', 'capsule', 'of', 'tiny', 'seeds.', 'HABITAT:', 'Wooded', 'swamps,', 'ravines,', 'streamedges,', 'and', 'other', 'low', 'areas', 'where', 'soil', 'is', 'disturbed', 'mostly', 'in', 'light', 'shade.', 'Commonly', 'associated', 'with', 'marsh-', 'marigold.', 'Native.', 'FOOD', 'USE:', 'Gather', 'flower', 'stalk', 'shoots', 'in', 'mid', 'spring', 'before', 'the', 'inflorescence', 'has', 'begun', 'to', 'branch;', 'later', 'they', 'will', 'be', 'tough', 'and', 'bitter', '(the', 'tops', 'are', 'always', 'bit-', 'ter).', 'Shoots', 'can', 'be', 'eaten', 'cooked', 'but', 'are', 'especially', 'good', 'raw.', 'The', 'young', 'leaves', 'are', 'supposedly', 'edible', 'but', 'are', 'tough', 'and', 'astringent.', 'Conservation', '2.', 'ked,', 'NTS:', 'These', 'flower', 'stalk', 'shoots', 'are', 'an', 'ephemeral', 'springtime', 'treat', 'for', 'foragers,', 'so', 'croak', 'have', 'thousands', 'growing', 'in', 'the', 'ditch', 'near', 'my', 'cabin.', 'AKA', 'Micranthes', 'pensylvanica.', 'so', 'juicy', 'you', 'can', 'sometimes', 'drink', 'from', 'the', 'hollow', 'stem', 'if', 'you', 'pinch', 'the', 'base', 'when', 'crisp', 'you', 'they', 'pick', 'it.', 'd edible:', ""'ook"", 'saxifrage', '+', 'Saxifraga', 'micranthidifolia', '3', 'HECK:', 'Along', 'mountain', 'brooks', 'and', 'seeps;', 'narrow', 'leaves', 'with', 'sharp', 'teeth', 'at', 'les', 'to', 'the', 'margin;', 'thin,', 'erect,', 'hairy', 'stalk.', 'ID', 'difficulty', '1.', ""'TION:"", 'Leaves', '3-12""', '(8-30 cm)', 'long,', 'light', 'green,', 'erect', 'to', 'ascending,', 'narrower', 'Tip', 'saxifrage,', 'tapered', 'to', 'the', 'base,', 'very', 'thin,', 'the', 'surfaces', 'hairless.', 'The', 'midvein', ':rongly', 'depressed', 'but', 'the', 'veinlets', 'are', 'raised', 'above.', 'Margins', 'hairy', 'with', 'promi-', ',', 'teeth', 'oriented', 'perpendicular', 'to', 'the', 'margin', 'and', 'abruptly', 'constricted', 'to', 'sharp', 'tiole', 'flat,', 'broadly', 'winged,', '15-70%', 'of', 'blade', 'length.', 'Stem', '12-32""', '(30-80', 'cm)', 'tall', 'and', '6-9', 'mm', 'wide,', 'also', 'densely', 'hairy.', 'The', 'slightly', 'smaller', 'panicles', 'bloom', 'earlier', 'in', 'spring;', 'the', 'pet-', 'als', 'are', 'white', 'with', 'a', 'small', 'yellow', 'spot', 'near', 'the', 'base.', 'HABITAT:', 'In', 'the', 'Appalachians', 'along', 'rocky', 'springs,', 'seepages,', 'swamps,', 'and', 'brooks', 'in', 'wooded', 'environments.', 'Native.', 'FOOD', 'USE:', 'Tender', 'spring', 'greens', 'are', 'astringent', 'and', 'best', 'boiled', 'and', 'drained,', 'or', 'fried.', 'The', 'shoots', 'are', 'milder', 'in', 'flavor', 'and', 'are', 'pleasant', 'raw.', 'Conservation', '2.', 'COMMENTS:', 'Lettuce', 'saxifrage', 'leaves', 'are', 'bitter', 'like', 'those', 'of', 'swamp', 'saxifrage', 'but', 'thinner', 'and', 'more', 'tender;', 'they', 'can', 'be', 'realistically', 'rendered', 'enjoyable.', 'The', 'plant', 'is', 'limited', 'in', 'distribution', 'but', 'often', 'very', 'abundant', 'within', 'its', 'limited', 'habitat', 'brook', 'Micranthes', 'micranthidifalia,', 'AKA', 'lettuce,', 'deer', 'tongue.', '285']","FOOD USE: Gather flower stalk shootsin mid spring before the inflorescencehas begun to branch; later they will betough and bitter (the tops are always bit-ter). Shoots can be eaten cooked but areespecially good raw. The young leavesare supposedly edible but are tough andastringent. Conservation 2.ked, NTS: These flower stalk shoots are an ephemeral springtime treat for foragers, so croakhave thousands growing in the ditch near my cabin. AKA Micranthes pensylvanica.so juicy you can sometimes drink from the hollow stem if you pinch the base when crisp you they pickit.d edible:'ook saxifrage + Saxifraga micranthidifolia3HECK: Along mountain brooks and seeps; narrow leaves with sharp teeth atles to the margin; thin, erect, hairy stalk. ID difficulty 1.'TION: Leaves 3-12"" (8-30 cm) long, light green, erect to ascending, narrowerTip saxifrage, tapered to the base, very thin, the surfaces hairless. The midvein:rongly depressed but the veinlets are raised above. Margins hairy with promi-, teeth oriented perpendicular to the margin and abruptly constricted to sharptiole flat, broadly winged, 15-70% of blade length. Stem 12-32"" (30-80 cm) tall and 6-9 mm wide,also densely hairy. The slightly smallerpanicles bloom earlier in spring; the pet-als are white with a small yellow spotnear the base.HABITAT: In the Appalachians alongrocky springs, seepages, swamps, andbrooks in wooded environments. Native.FOOD USE: Tender spring greens areastringent and best boiled and drained,or fried. The shoots are milder in flavorand are pleasant raw. Conservation 2.",True, Micranthes micranthidifolia,"
    'shoots','leaves'"
000116-a.json,"['BASAL LEAVES PRESENT, STEM LEAVES PAIRED OR WHORLED', '6 Cornsalad', 'it', '2', 'genus', 'Valerianella + family Caprifoliaceae', 'CHECK: Shor herb with forked, angled stems and blunt, paired, 1. clasping leaves']",FOOD USE: Gather tendergrowth in spring and eat raw orcooked. Conservation 1.,True," Valerianella

    Input:

    ['BASAL LEAVES PRESENT, STEM LEAVES PAIRED OR WHORLED', '6 Cornsalad', 'it', '2', 'genus', 'Valerianella + family Caprifoliaceae', 'CHECK: Shor herb with forked, angled stems and blunt, paired, 1. clasping leaves', '(Cornsalad or Meadow-cress)']

    Output:
     Valerianella

    Input:

    ['BASAL LEAVES PRESENT, STEM LEAVES PAIRED OR WHORLED', '6 Cornsalad', 'it', '2', 'genus', 'Valerianella + family Caprifoliaceae', 'CHECK: Shor herb with forked, angled stems and blunt, paired, 1. clasping leaves', '(Cornsalad or Meadow-cress)', 'species: Matthiola longipetala']

    Output:
     Valerianella

    Input:

    ['BASAL LEAVES PRESENT, STEM LEAVES PAIRED OR WHORLED', '6 Cornsalad', 'it', '2', 'genus', 'Valerianella + family Caprifoliaceae', 'CHECK: Shor herb with forked, angled stems and blunt, paired, 1. clasping leaves', '(Cornsalad or Meadow-cress)', 'species: Matthiola longipetala', 'Matthiola is a genus of flowering plants']

    Output:
     Valerianella

    Input:

    ['BASAL LEAVES PRESENT, STEM LEAVES PAIRED OR WHORLED', '6 Cornsalad', 'it', '2', 'genus', 'Valerianella + family Caprifoliaceae', 'CHECK: Shor herb with forked, angled stems and blunt, paired, 1. clasping leaves', '(Cornsalad or Meadow-cress)', 'species: Matthiola longipetala', 'Matthiola is a genus of flower", 'tendergrowth'
000116-b.json,"['FLOWERING STEM LEAFLESS, BASAL LEAVES TOOTHED OR LOBED', 'orthern coltsfoot', '2', 'tasites frigidus Asteraceae (Composite family)', 'HECK: Single, large, deeply palmately lobed leaf; stout, unbranched flower', '1 multiple white heads on top. ID difficulty 1.', '\'TION: Leaves single or paired, wider than long, 4-12"" (10-30cm) across, deeply', 'lobed with 7-9 major lobes, these pointed, widest in the middle, with occasional', 'i. Surface light green with fine, soft hairs on top; finely woolly below. Veins radi-', ';', 'he base, the larger ones strongly depressed above and protruding below. Mar-', 'with a few large, scattered teeth, each with an extended claw-like point. Petioles soft-hairy, solid,', 'an wide, not keeled, with a shallow, narrow channel with thin maroon morgin stripes. Stalk appears in', 'ng before the leaves, thick for its height and unbranched below the inflorescence, reaching 10-26""', 'n) tall. By the time this full height is reached in early summer the leaves have emerged. Stalks are', 'covered with erect to ascending bracts (reduced, modified', 'leaves) that are broadest at the base, tapered to a sharp tip,', 'cupped, slightly woolly, 0.7-1.3 (18-33 mm) long, purple at', 'first but eventually turning green. Inflorescence (male and', 'female normally separate, but occasionally mixed) crowded', 'toward the top, a raceme of many white composite heads', ""on long peduncies, each head 0.6-0.8' (15-20mm) across"", 'with numerous florets. Female heads have blunt, broad-', 'tipped rays on the outside of the head and 5-petaled disk', 'florets in the center. Male heads have numerous filaments', 'like a bottle brush. Seed heads are fluffy, grayish-white,', 'beard-like.', 'HABITAT: Canopy openings in boreal forest, especially', 'under birch and aspen, and especially on rocky sails. Native.', 'FOOD USE: Young leaves are barely edible. They were', 'reportedly burned and used as a salt substitute-- have not', 'tried this The flower stalk shoots in early spring, before the', 'peduncles elongate and the heads open are tender but have', 'an aromatic, sweet but almost soapy flavor. Conservation 2.', 'COMMENTS: have not yet found a really good way to', 'prepare these due to the strong flavor, but there must be', 'one. The plant can live for decades before flowering.', '287', 'FLOWERING', 'STEM', 'LEAFLESS,', 'BASAL', 'LEAVES', 'TOOTHED', 'OR', 'LOBED', 'orthern', 'coltsfoot', '2', 'tasites', 'frigidus', 'Asteraceae', '(Composite', 'family)', 'HECK:', 'Single,', 'large,', 'deeply', 'palmately', 'lobed', 'leaf;', 'stout,', 'unbranched', 'flower', '1', 'multiple', 'white', 'heads', 'on', 'top.', 'ID', 'difficulty', '1.', ""'TION:"", 'Leaves', 'single', 'or', 'paired,', 'wider', 'than', 'long,', '4-12""', '(10-30cm)', 'across,', 'deeply', 'lobed', 'with', '7-9', 'major', 'lobes,', 'these', 'pointed,', 'widest', 'in', 'the', 'middle,', 'with', 'occasional', 'i.', 'Surface', 'light', 'green', 'with', 'fine,', 'soft', 'hairs', 'on', 'top;', 'finely', 'woolly', 'below.', 'Veins', 'radi-', ';', 'he', 'base,', 'the', 'larger', 'ones', 'strongly', 'depressed', 'above', 'and', 'protruding', 'below.', 'Mar-', 'with', 'a', 'few', 'large,', 'scattered', 'teeth,', 'each', 'with', 'an', 'extended', 'claw-like', 'point.', 'Petioles', 'soft-hairy,', 'solid,', 'an', 'wide,', 'not', 'keeled,', 'with', 'a', 'shallow,', 'narrow', 'channel', 'with', 'thin', 'maroon', 'morgin', 'stripes.', 'Stalk', 'appears', 'in', 'ng', 'before', 'the', 'leaves,', 'thick', 'for', 'its', 'height', 'and', 'unbranched', 'below', 'the', 'inflorescence,', 'reaching', '10-26""', 'n)', 'tall.', 'By', 'the', 'time', 'this', 'full', 'height', 'is', 'reached', 'in', 'early', 'summer', 'the', 'leaves', 'have', 'emerged.', 'Stalks', 'are', 'covered', 'with', 'erect', 'to', 'ascending', 'bracts', '(reduced,', 'modified', 'leaves)', 'that', 'are', 'broadest', 'at', 'the', 'base,', 'tapered', 'to', 'a', 'sharp', 'tip,', 'cupped,', 'slightly', 'woolly,', '0.7-1.3', '(18-33', 'mm)', 'long,', 'purple', 'at', 'first', 'but', 'eventually', 'turning', 'green.', 'Inflorescence', '(male', 'and', 'female', 'normally', 'separate,', 'but', 'occasionally', 'mixed)', 'crowded', 'toward', 'the', 'top,', 'a', 'raceme', 'of', 'many', 'white', 'composite', 'heads', 'on', 'long', 'peduncies,', 'each', 'head', ""0.6-0.8'"", '(15-20mm)', 'across', 'with', 'numerous', 'florets.', 'Female', 'heads', 'have', 'blunt,', 'broad-', 'tipped', 'rays', 'on', 'the', 'outside', 'of', 'the', 'head', 'and', '5-petaled', 'disk', 'florets', 'in', 'the', 'center.', 'Male', 'heads', 'have', 'numerous', 'filaments', 'like', 'a', 'bottle', 'brush.', 'Seed', 'heads', 'are', 'fluffy,', 'grayish-white,', 'beard-like.', 'HABITAT:', 'Canopy', 'openings', 'in', 'boreal', 'forest,', 'especially', 'under', 'birch', 'and', 'aspen,', 'and', 'especially', 'on', 'rocky', 'sails.', 'Native.', 'FOOD', 'USE:', 'Young', 'leaves', 'are', 'barely', 'edible.', 'They', 'were', 'reportedly', 'burned', 'and', 'used', 'as', 'a salt', 'substitute--', 'have', 'not', 'tried', 'this', 'The', 'flower', 'stalk', 'shoots', 'in', 'early', 'spring,', 'before', 'the', 'peduncles', 'elongate', 'and', 'the', 'heads', 'open', 'are', 'tender', 'but', 'have', 'an', 'aromatic,', 'sweet', 'but', 'almost', 'soapy', 'flavor.', 'Conservation', '2.', 'COMMENTS:', 'have', 'not', 'yet', 'found', 'a', 'really', 'good', 'way', 'to', 'prepare', 'these', 'due', 'to', 'the', 'strong', 'flavor,', 'but', 'there', 'must', 'be', 'one.', 'The', 'plant', 'can', 'live', 'for', 'decades', 'before', 'flowering.', '287']","FOOD USE: Young leaves are barely edible. They werereportedly burned and used as a salt substitute-- have nottried this The flower stalk shoots in early spring, before thepeduncles elongate and the heads open are tender but havean aromatic, sweet but almost soapy flavor. Conservation 2.",True, tasites frigidus,"
    'flower stalk shoots'"
000117-a.json,"['BASAL LEAVES PRESENT, STEM LEAVES PAIRED OR WHORLED', '8 Heal-all', 'and', '1', 'Prunella vulgaris . Lamiaceae (Mint family)', 'CHECK: low, non-aromatic mint with hairy petiole margins, difficulty mostly 3. toothless']","FOOD USE: Gather tender young leaves in spring or early summer. They canpoured off. Conservation 1.beeaten raw but are better cooked-indeed, better when boiled with one water",True, Prunella vulgaris, 'leaves'
000118-a.json,"['BASAL LEAVES PRESENT, STEM LEAVES PAIRED OR WHORLED', '10 White campion', '1', 'IWE-54', 'Silene', 'alba Caryophyllaceae (Pink family)']",FOOD USE The tender young leavescanbeeater cooked (Raw their flavoris rather strong.) Pick them in springwell in advance of floweringFOOD USEThetenderyoungleavescanbeeatercooked(Rawtheirflavorisratherstrong.)Picktheminspringwellinadvanceofflowering,True, Silene alba,"
    'young leaves'"
000119-a.json,"['BASAL LEAVES PRESENT, STEM LEAVES PAIRED OR WHORLED', 'NG-244', '12 Cut-leaf toothwort', 'Dentaria laciniata Brassicaceae (Mustard family)', 'the', 'CHECK Short form like musland with deeply divided, difficulty palmate 2. leaves on']","FOOD USE: Tubers, found just beneath the surface, have a strong flavor of horseradish and can be usedsimilarly as a seasoning. The entire above-ground portion of the plant can be used as greens, which have amilder horseradish flavor and are good on sandwiches. Conservation 2/1.",True, Dentaria laciniata,"
    'tubers','above-ground portion'"
000119-b.json,"['cm) ance. )long, The resting on the ground in the open but ascending under competition, ruffied', 'he leaves are 2-3 times compound and once deeply lobed or divided. very or fluffy', '1 channeled, a next rounded 1-2 divisions with abruptly-pointed The of plane with first thin division with purple each is', 'pinnate. Ultimate lobes are linear and minute, flat, and out', 'or tip. Petioles about 60% of blade length, 2-4 mm thick', 'ter an abruptly widening, fleshy, purplish sheath at the base. Rachis has a', 'lid its branches are narrowly channeled. Scapes', 't long, is at its first, first proportionately becoming division; hollow, 1-3 per rosette, flat-topped competition, rounded long compound with naked 3-16"" fine', 'leaning to decumbent in the open but olten erect in', 'stout (4-9 mm thick), typically curved. Inflorescence a', 'closely packed and ball-like with 8-30 extremely short rays when first flowering; the rays elon-', ""3.5' (9 cm) in fruit, at which time the umbellets do not touch. There are no bracts beneath the great"", 't under the umbellets there are numerous overlapping, hairy bracts equaling the rays and arranged', 'd whorl. Umbellets are tightly packed (and remain so even in fruit) with 9-14 rays. Flowers (early to', '3) tiny, with yellow petals that curl inward so their tips touch; stamens protrude by about the length', 'of the flower. Fruits 6-7 mmlong, flattened, ovate to oblong, light brown with', 'prominent reddish-brown tubes.', 'HABITAT: Prairies, savannahs, roadsides, lightly used pastures-especially', 'where steep and rocky or lightly disturbed, on limestone-derived, clay-rich', 'soils. Native. &', 'FOOD USE: The roots are sweet with a slightly aromatic aftertaste, and have', 'a nice texture. You can eat them raw but they are better cooked. Tender young', 'leaves, stems, and flowers can be used as a vegetable or seasoning, raw or', 'cooked. These are only available in spring or early summer. Conservation 3/2.', 'COMMENTS: This fantastic edible is an early spring wildflower that is locally', 'abundant but has suffered greatly from habitat loss. The Latin species name', 'means ""fennel-like"" in reference to the look rather than the flavor. This plant', 'does not taste like parsley- the flavor is very strong, like celery or lovage. The', 'roots are traditionally dried and pounded into flour or cakes by Indigenous', 'people. AKA prairie parsley.', 'RELATED EDIBLES: A few additional edible species of this large genus', 'are occasionally found at the western edge of our region, including', 'L. macrorhizus and L. cous. Also see white prairie biscuitroot (p. 468).', 'Lomalush', 'cm)', 'ance.', ')long,', 'The', 'resting', 'on', 'the', 'ground', 'in', 'the', 'open', 'but', 'ascending', 'under', 'competition,', 'ruffied', 'he', 'leaves', 'are', '2-3', 'times', 'compound', 'and', 'once', 'deeply', 'lobed', 'or', 'divided.', 'very', 'or', 'fluffy', '1', 'channeled,', 'a', 'next', 'rounded', '1-2', 'divisions', 'with', 'abruptly-pointed', 'The', 'of', 'plane', 'with', 'first', 'thin', 'division', 'with', 'purple', 'each', 'is', 'pinnate.', 'Ultimate', 'lobes', 'are', 'linear', 'and', 'minute,', 'flat,', 'and', 'out', 'or', 'tip.', 'Petioles', 'about', '60%', 'of', 'blade', 'length,', '2-4', 'mm', 'thick', 'ter', 'an', 'abruptly', 'widening,', 'fleshy,', 'purplish', 'sheath', 'at', 'the', 'base.', 'Rachis', 'has', 'a', 'lid', 'its', 'branches', 'are', 'narrowly', 'channeled.', 'Scapes', 't', 'long,', 'is', 'at', 'its', 'first,', 'first', 'proportionately', 'becoming', 'division;', 'hollow,', '1-3', 'per', 'rosette,', 'flat-topped', 'competition,', 'rounded', 'long', 'compound', 'with', 'naked', '3-16""', 'fine', 'leaning', 'to', 'decumbent', 'in', 'the', 'open', 'but', 'olten', 'erect', 'in', 'stout', '(4-9 mm', 'thick),', 'typically', 'curved.', 'Inflorescence', 'a', 'closely', 'packed', 'and', 'ball-like', 'with', '8-30', 'extremely', 'short', 'rays', 'when', 'first', 'flowering;', 'the', 'rays', 'elon-', ""3.5'"", '(9', 'cm)', 'in', 'fruit,', 'at', 'which', 'time', 'the', 'umbellets', 'do', 'not', 'touch.', 'There', 'are', 'no', 'bracts', 'beneath', 'the', 'great', 't', 'under', 'the', 'umbellets', 'there', 'are', 'numerous', 'overlapping,', 'hairy', 'bracts', 'equaling', 'the', 'rays', 'and', 'arranged', 'd whorl.', 'Umbellets', 'are', 'tightly', 'packed', '(and', 'remain', 'so', 'even', 'in', 'fruit)', 'with', '9-14', 'rays.', 'Flowers', '(early', 'to', '3)', 'tiny,', 'with', 'yellow', 'petals', 'that', 'curl', 'inward', 'so', 'their', 'tips', 'touch;', 'stamens', 'protrude', 'by', 'about', 'the', 'length', 'of', 'the', 'flower.', 'Fruits', '6-7', 'mmlong,', 'flattened,', 'ovate', 'to', 'oblong,', 'light', 'brown', 'with', 'prominent', 'reddish-brown', 'tubes.', 'HABITAT:', 'Prairies,', 'savannahs,', 'roadsides,', 'lightly', 'used', 'pastures-especially', 'where', 'steep', 'and', 'rocky', 'or', 'lightly', 'disturbed,', 'on', 'limestone-derived,', 'clay-rich', 'soils.', 'Native.', '&', 'FOOD', 'USE:', 'The', 'roots', 'are', 'sweet', 'with', 'a', 'slightly', 'aromatic', 'aftertaste,', 'and', 'have', 'a', 'nice', 'texture.', 'You', 'can', 'eat', 'them', 'raw', 'but', 'they', 'are', 'better', 'cooked.', 'Tender', 'young', 'leaves,', 'stems,', 'and', 'flowers', 'can', 'be', 'used', 'as', 'a', 'vegetable', 'or', 'seasoning,', 'raw', 'or', 'cooked.', 'These', 'are', 'only', 'available', 'in', 'spring', 'or', 'early', 'summer.', 'Conservation', '3/2.', 'COMMENTS:', 'This', 'fantastic', 'edible', 'is', 'an', 'early', 'spring', 'wildflower', 'that', 'is', 'locally', 'abundant', 'but', 'has', 'suffered', 'greatly', 'from', 'habitat', 'loss.', 'The', 'Latin', 'species', 'name', 'means', '""fennel-like""', 'in', 'reference', 'to', 'the', 'look', 'rather', 'than', 'the', 'flavor.', 'This', 'plant', 'does', 'not', 'taste', 'like', 'parsley-', 'the', 'flavor', 'is', 'very', 'strong,', 'like', 'celery', 'or', 'lovage.', 'The', 'roots', 'are', 'traditionally', 'dried', 'and', 'pounded', 'into', 'flour', 'or', 'cakes', 'by', 'Indigenous', 'people.', 'AKA', 'prairie', 'parsley.', 'RELATED', 'EDIBLES:', 'A', 'few', 'additional', 'edible', 'species', 'of', 'this', 'large', 'genus', 'are', 'occasionally', 'found', 'at', 'the', 'western', 'edge', 'of', 'our', 'region,', 'including', 'L.', 'macrorhizus', 'and', 'L.', 'cous.', 'Also', 'see', 'white', 'prairie', 'biscuitroot', '(p.', '468).', 'Lomalush']","FOOD USE: The roots are sweet with a slightly aromatic aftertaste, and havea nice texture. You can eat them raw but they are better cooked. Tender youngleaves, stems, and flowers can be used as a vegetable or seasoning, raw orcooked. These are only available in spring or early summer. Conservation 3/2.",True, Lomalush,"
    'roots','Young leaves','stems','flowers'"
000120-a.json,"['BASAL LEAVES PRESENT, STEM LEAVES PAIRED OR WHORLED', '"" Broad-leaved toothwort', '2', 'Dentaria diphylla 4 Brassicaceae (Mustard family)', 'THECK: nvl. colonial horth with 3 coarsely toothed loaflets per leaf; 1-petal white']","FOOD USE: Rhizomes can be used as a horseradish-like seasoning. Greens can be eaten in salads, sandwiches,etc., for their spicy flavor. Conservation 2/1.",True, Dentaria diphylla,"
    'rhizomes','greens'"
000120-b.json,"['20', 'nall', 'winged', 'biscuitroot', '/mopterus acaulis + Apiaceae (Carrot family)', 'nd CHECK: umbel Small, of shiny, carrot-like rosette with a scape bearing tightly-packed', 'white flowers and broadly-winged fruits. ID difficulty a 2.', 'ses IPTION: about 1"" Low perennial from a taproot that does not reach the', 'e (2.5 cm) to the surface, where it produces a rosette of surface; leaves a short', 'erior scapes. skin Taproot thin, tapering, to 0.6\' (15 mm) thick and 6-9"" (15-23 mm) and one', 'after thick but tender, brownish, the surface of the flesh beneath often tinted long,', 'orange with each division peeling. Leaves several in a rosette, the blades 1.2-2"" (3-5 cm) long, pinnately', 'again pinnately compound or divided. The divisions are widely spaced once and rarely com-', 'overlapping, the lobes blunt with light tips. Surfaces glossy, hairless,', 'nearly flat. Major veins depressed below, not above. Petioles 90-140% of', 'blade length, roughly triangular, shallowly channeled. Scape rises about', 'as high as the leaves, 1-3"" (2.5-8 cm) long, and may be twisted or have', 'maroon lines. Inflorescence a compound umbel to 1.6"" (4 cm) across that', 'is packed so tightly that it forms one boll-like mass of flowers and fruits.', 'The primary rays lack bracts (or the bracts very reduced); umbellets have', 'unequal lanceolate bracts on the outer side only, connected at the base,', 'green with a sharp, whitish tip and a dark central vein. Flowers (spring)', 'tiny with 5 white petals, their tips in-curled; anthers are white to brown.', 'Fruits flattened, oval,', '3 mm long, with 6-9', 'conspicuous wings on', 'all sides, often pur-', 'plish, becoming white', 'and sometimes wavy', 'with age, on pedicels', 'about mm.', 'HABITAT: Dry prai-', 'ries, especially where', 'rocky or sandy, often', 'on hillsides. Native. &', 'FOOD USE: Roots', 'can be eaten cooked,', 'or dried and ground', 'into flour. Young', 'leaves can be used', 'as an herb in spring.', 'Conservation 3/2.', 'COMMENTS: The', 'roots are good tast-', 'ing but small; the', 'leaves have a pleasant', 'lemon-parsley flavor.', 'This tiny plant is easy', 'to overlook, but once', 'you look closely. it is', 'hard to forget. The', 'fruits are amazing', 'under magnification,', 'as are the shimmery', 'leaves. AKA Cymop-', 'terus glomeratus, plains', 'spring', 'parsley.', '295', '20', 'nall', 'winged', 'biscuitroot', '/mopterus', 'acaulis', '+', 'Apiaceae', '(Carrot', 'family)', 'nd', 'CHECK:', 'umbel', 'Small,', 'of', 'shiny,', 'carrot-like', 'rosette', 'with', 'a', 'scape', 'bearing', 'tightly-packed', 'white', 'flowers', 'and', 'broadly-winged', 'fruits.', 'ID', 'difficulty', 'a', '2.', 'ses', 'IPTION:', 'about', '1""', 'Low', 'perennial', 'from', 'a', 'taproot', 'that', 'does', 'not', 'reach', 'the', 'e', '(2.5 cm)', 'to', 'the', 'surface,', 'where', 'it', 'produces', 'a', 'rosette', 'of', 'surface;', 'leaves', 'a', 'short', 'erior', 'scapes.', 'skin', 'Taproot', 'thin,', 'tapering,', 'to', ""0.6'"", '(15', 'mm)', 'thick', 'and', '6-9""', '(15-23', 'mm)', 'and', 'one', 'after', 'thick', 'but', 'tender,', 'brownish,', 'the', 'surface', 'of', 'the', 'flesh', 'beneath', 'often', 'tinted', 'long,', 'orange', 'with', 'each', 'division', 'peeling.', 'Leaves', 'several', 'in', 'a', 'rosette,', 'the', 'blades', '1.2-2""', '(3-5', 'cm)', 'long,', 'pinnately', 'again', 'pinnately', 'compound', 'or', 'divided.', 'The', 'divisions', 'are', 'widely', 'spaced', 'once', 'and', 'rarely', 'com-', 'overlapping,', 'the', 'lobes', 'blunt', 'with', 'light', 'tips.', 'Surfaces', 'glossy,', 'hairless,', 'nearly', 'flat.', 'Major', 'veins', 'depressed', 'below,', 'not', 'above.', 'Petioles', '90-140%', 'of', 'blade', 'length,', 'roughly', 'triangular,', 'shallowly', 'channeled.', 'Scape', 'rises', 'about', 'as', 'high', 'as', 'the', 'leaves,', '1-3""', '(2.5-8 cm)', 'long,', 'and', 'may', 'be', 'twisted', 'or', 'have', 'maroon', 'lines.', 'Inflorescence', 'a', 'compound', 'umbel', 'to', '1.6""', '(4', 'cm)', 'across', 'that', 'is', 'packed', 'so', 'tightly', 'that', 'it', 'forms', 'one', 'boll-like', 'mass', 'of', 'flowers', 'and', 'fruits.', 'The', 'primary', 'rays', 'lack', 'bracts', '(or', 'the', 'bracts', 'very', 'reduced);', 'umbellets', 'have', 'unequal', 'lanceolate', 'bracts', 'on', 'the', 'outer', 'side', 'only,', 'connected', 'at', 'the', 'base,', 'green', 'with', 'a', 'sharp,', 'whitish', 'tip', 'and', 'a', 'dark', 'central', 'vein.', 'Flowers', '(spring)', 'tiny', 'with 5', 'white', 'petals,', 'their', 'tips', 'in-curled;', 'anthers', 'are', 'white', 'to', 'brown.', 'Fruits', 'flattened,', 'oval,', '3', 'mm', 'long,', 'with', '6-9', 'conspicuous', 'wings', 'on', 'all', 'sides,', 'often', 'pur-', 'plish,', 'becoming', 'white', 'and', 'sometimes', 'wavy', 'with', 'age,', 'on', 'pedicels', 'about', 'mm.', 'HABITAT:', 'Dry', 'prai-', 'ries,', 'especially', 'where', 'rocky', 'or', 'sandy,', 'often', 'on', 'hillsides.', 'Native.', '&', 'FOOD', 'USE:', 'Roots', 'can', 'be', 'eaten', 'cooked,', 'or', 'dried', 'and', 'ground', 'into', 'flour.', 'Young', 'leaves', 'can', 'be', 'used', 'as', 'an', 'herb', 'in', 'spring.', 'Conservation', '3/2.', 'COMMENTS:', 'The', 'roots', 'are', 'good', 'tast-', 'ing', 'but', 'small;', 'the', 'leaves', 'have', 'a', 'pleasant', 'lemon-parsley', 'flavor.', 'This', 'tiny', 'plant', 'is', 'easy', 'to', 'overlook,', 'but', 'once', 'you', 'look', 'closely.', 'it', 'is', 'hard', 'to', 'forget.', 'The', 'fruits', 'are', 'amazing', 'under', 'magnification,', 'as', 'are', 'the', 'shimmery', 'leaves.', 'AKA', 'Cymop-', 'terus', 'glomeratus,', 'plains', 'spring', 'parsley.', '295']","FOOD USE: Rootscan be eaten cooked,or dried and groundinto flour. Youngleaves can be usedas an herb in spring.Conservation 3/2.",True,/mopterus acaulis,"
    'roots','Young leaves'"
000121-a.json,"['1', 'Rumex acetosella it 3 Polygonacede (Buckwheat family)', 'Sheep sorrel']","FOOD USE: Tender leaves, especially in spring and fall, can be used raw or cooked as an addition to salads,soups, or sandwiches, or pureed into an excellent sauce or soup base. in poor soil the plants may be smalland coarse; leaves are best for eating on non-flowering plants with no red coloration, where the soil is moistand rich. High in oxalic acid.",True, Rumex acetosella, 'leaves'
000122-a.json,"['22', '3', 'Rumex acetosa Polygonaceae (Buckwheat family)', 'Sorrel', '3', 'CHECK: Brittle, tender hairless leaves with flat to raised veins difficulty and 1. reflaxed']","FOOD USE: Tender leaves are excellent in salad, soup, or stir fry. Basal leavesare best, and are available in spring or early summer, then again in late summeror autumn. High in oxalic acid. Conservation 1.",True, Rumex acetosa, 'leaves'
000122-b.json,"['FLOWERING', 'LEAFLESS,', 'BASAL', 'LEAVES', 'COMPOUND', 'Violet wood sorrel', 'Oxalis', '2', 'violacea', '3', 'family', 'NG-338', 'Oxalidaceae', 'CHECK:', 'Low,', 'clumped', 'heart;', 'purple', 'like', 'IPTION:', 'A', 'perennial', 'spring', 'difficulty', 'ephemeral', 'growing', 'bulblets', 'with leafy', 'sheaths on the outside, the', 'numerous leaves and flower-', 'ing stems densely clumped.', 'Leaves composed of three sessile, heart-shaped', 'leaflets attached at the tip. Leaflets identical insize,', '0.4-1"" (1-2.5 cm) wide, creased down the center', 'like a folded paper heart. The blades are sparkly,', 'with no veins depressed or protruding. Margins', 'are entire. There is often an orange spot ot the base', 'of the notch. All parts of the plant are very tender', 'and generally hairless, although leaves and peti-', 'oles are occasionally faintly hairy. Petioles long,', 'thin, round, smooth, solid, flimsy, often pinkish,', '1.5-5"" (4-13 cm) long. Scapes erect or leaning,', 'unbranched, extending well above the leaves.', 'Inflorescence an umbel of 3-12 flowers, with a', 'pair of small bracts at its base. Flowers radially', 'symmetrical, about 1"" (2.5 cm) across, with five', 'long-triangular sepals and 5 blunt, light purple', 'petals, seemingly joined and funnel-like at the', 'base. Flower centers are dull green with a radiating', 'sunburst pattern and a whitish halo. In bud, the', 'sepal tips have an orange dot. Fruit an egg-shaped', 'capsule.', 'HABITAT: Dry, open prairies, rocky hillsides,', 'open woods. Native. A', 'FOOD USE: Bulbs are edible, with a pleasant,', 'slightly tangy flavor. Beneath the bulb is a thick-', 'ened taproot that is tender and delicious-b', 'both of these underground parts are small. All', 'above-ground parts are edible. tender, sour, and', 'delicious--but they are available only during the', 'spring. They are good in salads, soups, or as a', 'trailside nibble. Conservation 3/2.', 'COMMENTS:', 'I', 'think', 'this', 'strikingly', 'beautiful', 'plant is the best tasting of our many wood sorrels. To', 'The presence of bulbs is unusual for a dicot.', 'not', 'collecting', 'preserve', 'the', 'population,', 'I', 'suggest', 'underground', 'parts.', 'Ingalis', 'Wilder', 'wrote', 'of', 'Laura', 'and', 'eating', 'this', 'plant', 'on', 'the', 'prairies', 'of', 'collecting', 'Minnesota', 'and', 'South', 'Dakota.', 'EDIBLE:', 'Mountain', 'wood', 'sorrel', 'RELATED', 'is', 'stemless,', 'hairy', 'species', 'of', 'low,', 'O.', 'montana', 'a', 'forests.', 'It', 'has', 'beautiful', 'pink', 'cool,', 'coniferous', 'somewhat', 'like', 'those', 'of', 'spring', 'and', 'white', 'flowers', 'evergreen', 'and', 'edible,', 'but', 'beauty.', 'The', 'leaves', 'are', 'food', 'because', 'they', 'are', 'tough.', 'not', 'very', 'attractive', 'as', 'FLOWERING', 'LEAFLESS,', 'BASAL', 'LEAVES', 'COMPOUND', 'Violet', 'wood', 'sorrel', 'Oxalis', '2', 'violacea', '3', 'family', 'NG-338', 'Oxalidaceae', 'CHECK:', 'Low,', 'clumped', 'heart;', 'purple', 'like', 'IPTION:', 'A', 'perennial', 'spring', 'difficulty', 'ephemeral', 'growing', 'bulblets', 'with leafy', 'sheaths', 'on', 'the', 'outside,', 'the', 'numerous', 'leaves', 'and', 'flower-', 'ing', 'stems', 'densely', 'clumped.', 'Leaves', 'composed', 'of', 'three', 'sessile,', 'heart-shaped', 'leaflets', 'attached at', 'the tip.', 'Leaflets', 'identical', 'insize,', '0.4-1""', '(1-2.5', 'cm)', 'wide,', 'creased', 'down', 'the', 'center', 'like', 'a', 'folded', 'paper', 'heart.', 'The', 'blades', 'are', 'sparkly,', 'with', 'no', 'veins', 'depressed', 'or', 'protruding.', 'Margins', 'are', 'entire.', 'There', 'is', 'often', 'an', 'orange', 'spot', 'ot', 'the', 'base', 'of', 'the', 'notch.', 'All', 'parts', 'of', 'the', 'plant', 'are', 'very', 'tender', 'and', 'generally', 'hairless,', 'although', 'leaves', 'and', 'peti-', 'oles', 'are', 'occasionally', 'faintly', 'hairy.', 'Petioles', 'long,', 'thin,', 'round,', 'smooth,', 'solid,', 'flimsy,', 'often', 'pinkish,', '1.5-5""', '(4-13', 'cm)', 'long.', 'Scapes', 'erect', 'or', 'leaning,', 'unbranched,', 'extending', 'well', 'above', 'the', 'leaves.', 'Inflorescence', 'an', 'umbel', 'of', '3-12', 'flowers,', 'with', 'a', 'pair', 'of', 'small', 'bracts', 'at', 'its', 'base.', 'Flowers', 'radially', 'symmetrical,', 'about', '1""', '(2.5', 'cm)', 'across,', 'with', 'five', 'long-triangular', 'sepals', 'and', '5', 'blunt,', 'light', 'purple', 'petals,', 'seemingly', 'joined', 'and', 'funnel-like', 'at', 'the', 'base.', 'Flower', 'centers', 'are', 'dull', 'green', 'with', 'a', 'radiating', 'sunburst', 'pattern', 'and', 'a', 'whitish', 'halo.', 'In', 'bud,', 'the', 'sepal', 'tips', 'have', 'an', 'orange', 'dot.', 'Fruit', 'an', 'egg-shaped', 'capsule.', 'HABITAT:', 'Dry,', 'open', 'prairies,', 'rocky', 'hillsides,', 'open', 'woods.', 'Native.', 'A', 'FOOD', 'USE:', 'Bulbs', 'are', 'edible,', 'with', 'a', 'pleasant,', 'slightly', 'tangy', 'flavor.', 'Beneath', 'the', 'bulb', 'is', 'a', 'thick-', 'ened', 'taproot', 'that', 'is', 'tender', 'and', 'delicious-b', 'both', 'of', 'these', 'underground', 'parts', 'are', 'small.', 'All', 'above-ground', 'parts', 'are', 'edible.', 'tender,', 'sour,', 'and', 'delicious--but', 'they', 'are', 'available', 'only', 'during', 'the', 'spring.', 'They', 'are', 'good', 'in', 'salads,', 'soups,', 'or', 'as', 'a', 'trailside', 'nibble.', 'Conservation', '3/2.', 'COMMENTS:', 'I', 'think', 'this', 'strikingly', 'beautiful', 'plant', 'is', 'the', 'best', 'tasting', 'of', 'our', 'many', 'wood', 'sorrels.', 'To', 'The', 'presence', 'of', 'bulbs', 'is', 'unusual', 'for', 'a', 'dicot.', 'not', 'collecting', 'preserve', 'the', 'population,', 'I', 'suggest', 'underground', 'parts.', 'Ingalis', 'Wilder', 'wrote', 'of', 'Laura', 'and', 'eating', 'this', 'plant', 'on', 'the', 'prairies', 'of', 'collecting', 'Minnesota', 'and', 'South', 'Dakota.', 'EDIBLE:', 'Mountain', 'wood', 'sorrel', 'RELATED', 'is', 'stemless,', 'hairy', 'species', 'of', 'low,', 'O.', 'montana', 'a', 'forests.', 'It', 'has', 'beautiful', 'pink', 'cool,', 'coniferous', 'somewhat', 'like', 'those', 'of', 'spring', 'and', 'white', 'flowers', 'evergreen', 'and', 'edible,', 'but', 'beauty.', 'The', 'leaves', 'are', 'food', 'because', 'they', 'are', 'tough.', 'not', 'very', 'attractive', 'as']","FOOD USE: Bulbs are edible, with a pleasant,slightly tangy flavor. Beneath the bulb is a thick-ened taproot that is tender and delicious-bboth of these underground parts are small. Allabove-ground parts are edible. tender, sour, anddelicious--but they are available only during thespring. They are good in salads, soups, or as atrailside nibble. Conservation 3/2.",True, Oxalis violacea,"
    'bulbs','taproot'"
000123-a.json,"['BASAL LEAVES PRESENT, STEM LEAVES ALTERNATE, ENTIRE', '2', '5', 'Alpine bistort', 'Bistorta vivipara Polygonaceae (Buckwheat family)']","FOOD USE: The rhizomes can be eaten after boiling but are rather astringent. The young, tender leavesare slightly tangy and taste good raw or cooked. Mature bulblets can be stripped off by hand in late summerand eaten raw, parched and ground into meal, fried, or toasted; they are starchy with a pleasant nutty flavor.Conservation 3/1/1.FOOD USE:Therhizomescanbeeatenafterboilingbutareratherastringent.Theyoung,tenderleavesareslightlytangyandtastegoodraworcooked.Maturebulbletscanbestrippedoffbyhandinlatesummerandeatenraw,parchedandgroundintomeal,fried,ortoasted;theyarestarchywithapleasantnuttyflavor.Conservation3/1/1.",True,," ['rhizomes', 'leaves', 'bulblets']"
000123-b.json,"['LEAFLESS, BASAL LEAVES COMPOUND', 'ted edible:', 'Nashville breadroot', '/', '3', 'Pediomelum subacaule Fabaceae (Bean family)', '< it CHECK: Ground-hugging plant with hairy stems and dark green, palmately compound leaves;', 'purple flowers rising above the leaves; Nashville area. ID difficulty 1.', 'Decies is also ground-hugging, but somewhat larger. The roots are larger and lumpy or amorphous.', 'have 5-8 oblanceolate leaflets with blunt tips. There are dense, long, white hairs below, especially on', 'dvein and margins, but few to no hairs on the upper surface. Peduncles usually multiple, decumbent or', 'ing, to 9"" (23 cm) tall, hollow, densely covered with erect hairs. Raceme 1-4"" (2.5-10 cm) long, rising', 'ove the leaves. Flowers with a short-lobed, dark purple calyx (the tube 3-4 times longer than the lobes).', 'uniformly deep purple-blue, the banner narrow and slightly recurved.', 'HABITAT: Well-drained sunny sites on thin soil over', 'limestone: roadsides, power-line cuts, cedar glades,', 'and field edges. It is occasionally abundant in lawns,', 'which it turns brilliant purple in April. Native. H Range', 'map on previous page.', 'FOOD USE: The root is slightly bitter raw but still', 'tasty with a faint coconut flavor. The bitterness can', 'easily be leached out by boiling and draining one time.', 'COMMENTS: Confined mostly to the Nashville Basin,', 'where it is locally abundant. This species has lost', 'much habitat to development and even more to fire', 'suppression. This has the most limited distribution of', 'any plant in this book. It desperately needs foragers', 'raising their voices about its value, for there are many', 'hundreds of square miles of potential habitat-if only', 'different land management choices were being made.', 'Indeed, it has been eliminated from much public land', 'due to bureaucratic disinterest.', '1001188', 'LEAFLESS,', 'BASAL', 'LEAVES', 'COMPOUND', 'ted', 'edible:', 'Nashville', 'breadroot', '/', '3', 'Pediomelum', 'subacaule', 'Fabaceae', '(Bean', 'family)', '<', 'it', 'CHECK:', 'Ground-hugging', 'plant', 'with', 'hairy', 'stems', 'and', 'dark', 'green,', 'palmately', 'compound', 'leaves;', 'purple', 'flowers', 'rising', 'above', 'the', 'leaves;', 'Nashville', 'area.', 'ID', 'difficulty', '1.', 'Decies', 'is', 'also', 'ground-hugging,', 'but', 'somewhat', 'larger.', 'The', 'roots', 'are', 'larger', 'and', 'lumpy', 'or', 'amorphous.', 'have', '5-8', 'oblanceolate', 'leaflets', 'with', 'blunt', 'tips.', 'There', 'are', 'dense,', 'long,', 'white', 'hairs', 'below,', 'especially', 'on', 'dvein', 'and', 'margins,', 'but', 'few', 'to', 'no', 'hairs', 'on', 'the', 'upper', 'surface.', 'Peduncles', 'usually', 'multiple,', 'decumbent', 'or', 'ing,', 'to', '9""', '(23', 'cm)', 'tall,', 'hollow,', 'densely', 'covered', 'with', 'erect', 'hairs.', 'Raceme', '1-4""', '(2.5-10', 'cm)', 'long,', 'rising', 'ove', 'the', 'leaves.', 'Flowers', 'with', 'a', 'short-lobed,', 'dark', 'purple', 'calyx', '(the', 'tube', '3-4', 'times', 'longer', 'than', 'the', 'lobes).', 'uniformly', 'deep', 'purple-blue,', 'the', 'banner', 'narrow', 'and', 'slightly', 'recurved.', 'HABITAT:', 'Well-drained', 'sunny', 'sites', 'on', 'thin', 'soil', 'over', 'limestone:', 'roadsides,', 'power-line', 'cuts,', 'cedar', 'glades,', 'and', 'field', 'edges.', 'It', 'is', 'occasionally', 'abundant', 'in', 'lawns,', 'which', 'it', 'turns', 'brilliant', 'purple', 'in', 'April.', 'Native.', 'H', 'Range', 'map', 'on', 'previous', 'page.', 'FOOD', 'USE:', 'The', 'root', 'is', 'slightly', 'bitter', 'raw', 'but', 'still', 'tasty', 'with', 'a', 'faint', 'coconut', 'flavor.', 'The', 'bitterness', 'can', 'easily', 'be', 'leached', 'out', 'by', 'boiling', 'and', 'draining', 'one', 'time.', 'COMMENTS:', 'Confined', 'mostly', 'to', 'the', 'Nashville', 'Basin,', 'where', 'it', 'is', 'locally', 'abundant.', 'This', 'species', 'has', 'lost', 'much', 'habitat', 'to', 'development', 'and', 'even', 'more', 'to', 'fire', 'suppression.', 'This', 'has', 'the', 'most', 'limited', 'distribution', 'of', 'any', 'plant', 'in', 'this', 'book.', 'It', 'desperately', 'needs', 'foragers', 'raising', 'their', 'voices', 'about', 'its', 'value,', 'for', 'there', 'are', 'many', 'hundreds', 'of', 'square', 'miles', 'of', 'potential', 'habitat-if', 'only', 'different', 'land', 'management', 'choices', 'were', 'being', 'made.', 'Indeed,', 'it', 'has', 'been', 'eliminated', 'from', 'much', 'public', 'land', 'due', 'to', 'bureaucratic', 'disinterest.', '1001188']",FOOD USE: The root is slightly bitter raw but stilltasty with a faint coconut flavor. The bitterness caneasily be leached out by boiling and draining one time.,True, Pediomelum subacaule,"
    'root'"
000124-b.json,"['BASAL', 'LEAVES', 'PAIRED', 'OR', 'Rue anemone FID', 'WHORLED', 'Anemonella thalictroides', 'Ranunculaceae (Buttercup family)', 'K', 'CHECK:', 'Short', 'plant', 'flowers', 'with', 'variable', 'white', 'with', 'petals,', 'argeblunt', 'RIPTION:', 'Delicate', 'in', 'umbels.', 'ID', 'perennial', 'difficulty', '1', 'with', 'multiple', 'spring', '3.', 'small,', 'ephemeral,', 'in', 'pointed,', 'straw-colored', 'tall,', 'from', 'petioles,', 'root', 'usually', 'ternately', 'divided', 'leaves', 'ovate', 'in', '2', 'times,', 'several', 'dly', 'on', 'long,', 'outline,', 'very', 'thin,', 'hairless,', '9 leaflets.', 'pale', 'Leaflets', 'shallowly', 'round', 'light-colored 3-lobed nipple. at the end, the lobes rounded with an heart-shaped occasional at the base,', 'often', 'color above and dark Veins essentially flat on both sides but highly visible, blunt tooth, the lobe tips and teeth', '1, hairless. Stem color below. Stems very thin, erect, to 9"" (23 cm) zigzag and interlacing, offset', 'if simple leaves leaves borne just below the flowers; these may be a pair tall, often of clumped, unbranched,', 'rs, the pedicels on thread-thin petioles about 100% of blade length. Inflorescence once-divided an umbel leaves, or to a', 'r pink, the centers 0.7-1.2"" (18-30 mm) long. Flowers have 5-10 petals 8-14 abovate, of up', 'with numerous yellow stamens, The fruit is a dry, single-seeded mm long, elliptic capsule. to', 'CONFUSING PLANTS: False rue anemone', 'Enemion (Isopyrum) biternatum is a larger', 'plant of rich-soiled valleys, up to 13 (33 cm)', 'tall, with more deeply lobed leaflets. The', '5-petaled flowers are always white, the', 'petals broader and more rounded. The', 'flowers are usually single (occasionally 2', 'or 3 together) from leaf axils. The roots of', 'this plant may be toxic,', 'HABITAT: Hardwood forests, especially', 'those with lots of oak and hickory. Native.', 'A', 'FOOD USE: The root', 'system produces tiny', 'tubers. These are', 'terrible and probably', 'mildly toxic when raw,', 'passable after boiling', 'and draining-but 1', ""wouldn't eat a large"", 'quantity. Conserva-', 'tion 3.', 'COMMENTS: This', 'beautiful and abun-', 'dant wildflower', 'has tubers that are', 'scarcely good enough', 'to call edible. Their', 'obscurity in the for-', 'aging literature, de-', 'spite their widespread', 'availability, is testa-', 'ment to their medioc-', 'rity. AKA Thalictrum', 'ictroides', 'BASAL', 'LEAVES', 'PAIRED', 'OR', 'Rue', 'anemone', 'FID', 'WHORLED', 'Anemonella', 'thalictroides', 'Ranunculaceae', '(Buttercup', 'family)', 'K', 'CHECK:', 'Short', 'plant', 'flowers', 'with', 'variable', 'white', 'with', 'petals,', 'argeblunt', 'RIPTION:', 'Delicate', 'in', 'umbels.', 'ID', 'perennial', 'difficulty', '1', 'with', 'multiple', 'spring', '3.', 'small,', 'ephemeral,', 'in', 'pointed,', 'straw-colored', 'tall,', 'from', 'petioles,', 'root', 'usually', 'ternately', 'divided', 'leaves', 'ovate', 'in', '2', 'times,', 'several', 'dly', 'on', 'long,', 'outline,', 'very', 'thin,', 'hairless,', '9 leaflets.', 'pale', 'Leaflets', 'shallowly', 'round', 'light-colored', '3-lobed', 'nipple.', 'at', 'the', 'end,', 'the', 'lobes', 'rounded', 'with', 'an', 'heart-shaped', 'occasional', 'at', 'the', 'base,', 'often', 'color', 'above', 'and', 'dark', 'Veins', 'essentially', 'flat', 'on', 'both', 'sides', 'but', 'highly', 'visible,', 'blunt', 'tooth,', 'the', 'lobe', 'tips', 'and', 'teeth', '1,', 'hairless.', 'Stem', 'color', 'below.', 'Stems', 'very', 'thin,', 'erect,', 'to', '9""', '(23', 'cm)', 'zigzag', 'and', 'interlacing,', 'offset', 'if', 'simple', 'leaves', 'leaves', 'borne', 'just', 'below', 'the', 'flowers;', 'these', 'may', 'be', 'a', 'pair', 'tall,', 'often', 'of', 'clumped,', 'unbranched,', 'rs,', 'the', 'pedicels', 'on', 'thread-thin', 'petioles', 'about', '100%', 'of', 'blade', 'length.', 'Inflorescence', 'once-divided', 'an', 'umbel', 'leaves,', 'or', 'to', 'a', 'r', 'pink,', 'the', 'centers', '0.7-1.2""', '(18-30', 'mm)', 'long.', 'Flowers', 'have', '5-10', 'petals', '8-14', 'abovate,', 'of', 'up', 'with', 'numerous', 'yellow', 'stamens,', 'The', 'fruit', 'is', 'a', 'dry,', 'single-seeded', 'mm', 'long,', 'elliptic', 'capsule.', 'to', 'CONFUSING', 'PLANTS:', 'False', 'rue', 'anemone', 'Enemion', '(Isopyrum)', 'biternatum', 'is', 'a', 'larger', 'plant', 'of', 'rich-soiled', 'valleys,', 'up', 'to', '13', '(33', 'cm)', 'tall,', 'with', 'more', 'deeply', 'lobed', 'leaflets.', 'The', '5-petaled', 'flowers', 'are', 'always', 'white,', 'the', 'petals', 'broader', 'and', 'more', 'rounded.', 'The', 'flowers', 'are', 'usually', 'single', '(occasionally', '2', 'or', '3', 'together)', 'from', 'leaf', 'axils.', 'The', 'roots', 'of', 'this', 'plant', 'may', 'be', 'toxic,', 'HABITAT:', 'Hardwood', 'forests,', 'especially', 'those', 'with', 'lots', 'of', 'oak', 'and', 'hickory.', 'Native.', 'A', 'FOOD', 'USE:', 'The', 'root', 'system', 'produces', 'tiny', 'tubers.', 'These', 'are', 'terrible', 'and', 'probably', 'mildly', 'toxic', 'when', 'raw,', 'passable', 'after', 'boiling', 'and', 'draining-but', '1', ""wouldn't"", 'eat', 'a', 'large', 'quantity.', 'Conserva-', 'tion', '3.', 'COMMENTS:', 'This', 'beautiful', 'and', 'abun-', 'dant', 'wildflower', 'has', 'tubers', 'that', 'are', 'scarcely', 'good', 'enough', 'to', 'call', 'edible.', 'Their', 'obscurity', 'in', 'the', 'for-', 'aging', 'literature,', 'de-', 'spite', 'their', 'widespread', 'availability,', 'is', 'testa-', 'ment', 'to', 'their', 'medioc-', 'rity.', 'AKA', 'Thalictrum', 'ictroides']","FOOD USE: The rootsystem produces tinytubers. These areterrible and probablymildly toxic when raw,passable after boilingand draining-but 1wouldn't eat a largequantity. Conserva-tion 3.",True, Anemonella thalictroides, 'tinytubers'
000125-a.json,"['BASAL', '11 Virginia bluebells', '2', '(Borage', 'family)', 'Mertensia', 'virginica', 'Boraginaceae', 'elliptic, efect leaves with rounded tips, all parts leaning smooth to one', 'and']","FOOD USE: Gather the young leaves in spring before the plants flower, or just as they are beginning to flower.Eat raw or cooked; they are extremely tender but somewhat bitter. Conservation 2.",True, Mertensia virginica,"
    'young leaves'"
000125-b.json,"['BASAL LEAVES PRESENT, STEM LEAVES PAIRED OR WHORLED', 'Common', 'dwarf', 'dandelion', '2', 'Krigia caespitosa . Asteraceae (Composite family)', 'CK and CHECK: tiny dandelion-like Hairless little flowers. plant with ID difficulty linear leaves paired at forks in the stem; milky', 'CRIPTION: (radiating roots Winter annual from a root that is thickened and corm-like at the', 'nences. Sap underneath. The overwintering rosette withers in spring top with', '> sessile, milky. Basal leaves 2-6"" (5-15 cm) long, long-lanceolate to nearly as flowering', 'ning, to 18"" tapered to the base, hairless, glaucous. Stems multiple from the base, linear, erect', 'ed with (46 cm) tall and 2-4 mm thick, solid, often slightly angled near the base but round above,', 'each a light bloom, forking. Occasionally the branches are in wharls of 3-5 with a vertical stem in', 'r, ; branch with a leaf wrapped around its lower portion. Stem leaves alternate and paired-the paired the', 'are smaller, unequal, usually slightly offset, and associated with a branch or inflorescence. All stem', 'leaves are sessile, long-lanceolate, entire but for occasional obscure teeth', 'or rarely a lobe, strongly folded, keeled below. Midvein scarcely evident,', 'slightly depressed above or in the form of a wide trough. The largest stem', 'leaves sometimes have a pair of prominent parallel secondary veins on', 'the underside; otherwise the veins are obscure. inflorescence one or a', 'few heads at the end of thin, erect to occasionally spreading peduncles', 'to 1.6"" (4 cm) long, arising from a leaf pair, the peduncle round and', 'smooth, often with a few hairs just below the head. Before blooming', 'the heads are bulbous and squat. Flower heads 9-13 mm across, yellow,', 'with only ray florets, each about twice as long as wide, cupped when', 'fully open, the tip truncated and 5-lobed. The outside of the head has a', 'single row of broad, triangular to ovate bracts. Seed ridged crosswise', 'with no parachute attached.', 'HABITAT: Full sun in moist to moderate soil where disturbed. Fields,', 'roadsides, lawns, ditches. Native.', 'FOOD USE: The tender leaves and stems can be eaten raw or cooked', 'like those of dandelions, lettuce, and other relatives. Conservation 1.', 'COMMENTS: Not well known but widespread and abundant, this cute', 'dandeliony thing would be a lot more popular if only it were larger, because', 'the leaves are pretty good.', '305', 'BASAL LEAVES', 'PRESENT,', 'STEM', 'LEAVES', 'PAIRED', 'OR', 'WHORLED', 'Common', 'dwarf', 'dandelion', '2', 'Krigia', 'caespitosa', '.', 'Asteraceae', '(Composite', 'family)', 'CK', 'and', 'CHECK:', 'tiny', 'dandelion-like', 'Hairless', 'little', 'flowers.', 'plant', 'with', 'ID', 'difficulty', 'linear', 'leaves', 'paired', 'at', 'forks', 'in', 'the', 'stem;', 'milky', 'CRIPTION:', '(radiating', 'roots', 'Winter', 'annual', 'from', 'a', 'root', 'that', 'is', 'thickened', 'and', 'corm-like', 'at', 'the', 'nences.', 'Sap', 'underneath.', 'The', 'overwintering', 'rosette', 'withers', 'in', 'spring', 'top', 'with', '>', 'sessile,', 'milky.', 'Basal', 'leaves', '2-6""', '(5-15', 'cm)', 'long,', 'long-lanceolate', 'to', 'nearly', 'as', 'flowering', 'ning,', 'to', '18""', 'tapered', 'to', 'the', 'base,', 'hairless,', 'glaucous.', 'Stems', 'multiple', 'from', 'the', 'base,', 'linear,', 'erect', 'ed', 'with', '(46', 'cm)', 'tall', 'and', '2-4', 'mm', 'thick,', 'solid,', 'often', 'slightly', 'angled', 'near', 'the', 'base', 'but', 'round', 'above,', 'each', 'a', 'light', 'bloom,', 'forking.', 'Occasionally', 'the', 'branches', 'are', 'in', 'wharls', 'of', '3-5', 'with', 'a', 'vertical', 'stem', 'in', 'r,', ';', 'branch', 'with', 'a', 'leaf', 'wrapped', 'around', 'its', 'lower', 'portion.', 'Stem', 'leaves', 'alternate', 'and', 'paired-the', 'paired', 'the', 'are', 'smaller,', 'unequal,', 'usually', 'slightly', 'offset,', 'and', 'associated', 'with', 'a', 'branch', 'or', 'inflorescence.', 'All', 'stem', 'leaves', 'are', 'sessile,', 'long-lanceolate,', 'entire', 'but', 'for', 'occasional', 'obscure', 'teeth', 'or', 'rarely', 'a', 'lobe,', 'strongly', 'folded,', 'keeled', 'below.', 'Midvein', 'scarcely', 'evident,', 'slightly', 'depressed', 'above', 'or', 'in', 'the', 'form', 'of', 'a', 'wide', 'trough.', 'The', 'largest', 'stem', 'leaves', 'sometimes', 'have', 'a', 'pair', 'of', 'prominent', 'parallel', 'secondary', 'veins', 'on', 'the', 'underside;', 'otherwise', 'the', 'veins', 'are', 'obscure.', 'inflorescence', 'one', 'or', 'a', 'few', 'heads', 'at', 'the', 'end', 'of', 'thin,', 'erect', 'to', 'occasionally', 'spreading', 'peduncles', 'to', '1.6""', '(4', 'cm)', 'long,', 'arising', 'from', 'a', 'leaf', 'pair,', 'the', 'peduncle', 'round', 'and', 'smooth,', 'often', 'with', 'a', 'few', 'hairs', 'just', 'below', 'the', 'head.', 'Before', 'blooming', 'the', 'heads', 'are', 'bulbous', 'and', 'squat.', 'Flower', 'heads', '9-13', 'mm', 'across,', 'yellow,', 'with', 'only', 'ray', 'florets,', 'each', 'about', 'twice', 'as', 'long', 'as', 'wide,', 'cupped', 'when', 'fully', 'open,', 'the', 'tip', 'truncated', 'and', '5-lobed.', 'The', 'outside', 'of', 'the', 'head', 'has', 'a', 'single', 'row', 'of', 'broad,', 'triangular', 'to', 'ovate', 'bracts.', 'Seed', 'ridged', 'crosswise', 'with', 'no', 'parachute', 'attached.', 'HABITAT:', 'Full', 'sun', 'in', 'moist', 'to', 'moderate', 'soil', 'where', 'disturbed.', 'Fields,', 'roadsides,', 'lawns,', 'ditches.', 'Native.', 'FOOD', 'USE:', 'The', 'tender', 'leaves', 'and', 'stems', 'can', 'be', 'eaten', 'raw', 'or', 'cooked', 'like', 'those', 'of', 'dandelions,', 'lettuce,', 'and', 'other', 'relatives.', 'Conservation', '1.', 'COMMENTS:', 'Not', 'well', 'known', 'but', 'widespread', 'and', 'abundant,', 'this', 'cute', 'dandeliony', 'thing', 'would', 'be', 'a', 'lot', 'more', 'popular', 'if', 'only', 'it', 'were', 'larger,', 'because', 'the', 'leaves', 'are', 'pretty', 'good.', '305']","FOOD USE: The tender leaves and stems can be eaten raw or cookedlike those of dandelions, lettuce, and other relatives. Conservation 1.",True, Krigia caespitosa,"
    'leaves','stems'"
000126-a.json,"['ENTIRE', 'bluebells', '2', '(Borage', 'family)', '13', 'Seaside', 'Mertensia', 'maritima', 'broad,', 'smooth,', 'with', 'difficulty', '1.', 'CHECK:', 'Creeping', 'bell-like', 'flowers.', 'ID', 'blue,']",FOOD USE: Tender leaves and stemtips can be eaten raw or cooked. Con-servation 2.,True,,"
    'leaves','stemtips'"
000128-b.json,"['BASAL LEAVES', 'PRESENT.', 'LEAVES', 'PAIRED', 'OR', 'WHORLED', 'Bladder campion', '3', 'IWE-51', 'Silene vulgaris and S. cserii Caryophyllaceae (Pink family)', 'K CHECK: with a bladder-like Hairless plant with clumped stems and sessile paired leaves; white', 'rs base. ID difficulty 2.', 'RIPTION: ly ovate, Perennial. Basal leaves (withered by {lowering) 1-4""', 'in below keeled glaucous, entire, hairless except for very fine hair on (2.5-10 the cm) long,', 'proximally. Stems clumped, weakly erect to leaning or margins, the', '(46-90 cm) long and 3-6 mm thick, smooth and hairless with a light decumbent, bloom,', 'except an hint of red above the bulging nodes; round in cross section', 'g. at the sharp tip. Near the stem base they are ovate to or', 'Stem they often become for leaves downcurved occasional light elliptic with the oblanceolate; base, small usually hollow', '1-1.5"" (2.5-4 cm) long, in widely-spaced pairs, curved and sessile at a', '/ lanceolate with evenly tapered sides. Blades light green and smooth with a prominently', 'idvein that protrudes slightly below. Secondary veins faint, about 30° to the midvein, curving back', 'the center, flat to faintly raised above. Leaves squeak when rubbed together. Inflorescence a loose panicle', 'loadly Y-forking branches with a pair of bracts at each fork, held above the leaves on a naked peduncie', '5-20 cm) long. Flowers with an inflated, smooth, hairless, bladder-like calyx 8-13 mm long, pale green', 'rplish veins. There are 5 petals, each deeply cleft and thus resembling two, wavy at the tip; stamens', 'e 10-12 mm beyond the petals. Fruit a dry, 3-chambered capsule with numerous seeds.', 'ISING PLANTS: Soapwort or bouncing bet Saponaria officinalis (not edible) has depressed secondary', 'at arch back to the leaf tip; it is a larger, erect plant forming colonies by rhizome.', 'HABITAT: Full sun in dry, rocky or sandy, disturbed soil. Common on', 'roadsides, yards, building sites, abandoned farmland, waste places.', 'Introduced.', 'FOOD USE: Collect the tender young leaves and stems in spring and', 'early summer, before the plant flowers. Tender tips with flower buds are', 'good through mid summer. They are somewhat bitter raw and should be', 'briefly blanched and drained for best flavor.', 'COMMENTS: This beautiful and abundant weed is not well known as a wild', 'edible but the delightful greens certainly deserve more attention. It is a very', 'popular foraged green in the Mediterranean region. AKA Silene cucubalis.', 'Silene cserii about to bloom.', 'Very young shoot.', 'hoot.', 'BASAL LEAVES', 'PRESENT.', 'LEAVES', 'PAIRED', 'OR', 'WHORLED', 'Bladder', 'campion', '3', 'IWE-51', 'Silene', 'vulgaris', 'and', 'S.', 'cserii', 'Caryophyllaceae', '(Pink', 'family)', 'K', 'CHECK:', 'with', 'a', 'bladder-like', 'Hairless', 'plant', 'with', 'clumped', 'stems', 'and', 'sessile', 'paired', 'leaves;', 'white', 'rs', 'base.', 'ID', 'difficulty', '2.', 'RIPTION:', 'ly', 'ovate,', 'Perennial.', 'Basal', 'leaves', '(withered', 'by', '{lowering)', '1-4""', 'in', 'below', 'keeled', 'glaucous,', 'entire,', 'hairless', 'except', 'for', 'very', 'fine', 'hair', 'on', '(2.5-10', 'the', 'cm)', 'long,', 'proximally.', 'Stems', 'clumped,', 'weakly', 'erect', 'to', 'leaning', 'or', 'margins,', 'the', '(46-90', 'cm)', 'long', 'and', '3-6', 'mm', 'thick,', 'smooth', 'and', 'hairless', 'with', 'a', 'light', 'decumbent,', 'bloom,', 'except', 'an', 'hint', 'of', 'red', 'above', 'the', 'bulging', 'nodes;', 'round', 'in', 'cross', 'section', 'g.', 'at', 'the', 'sharp', 'tip.', 'Near', 'the', 'stem', 'base', 'they', 'are', 'ovate', 'to', 'or', 'Stem', 'they', 'often', 'become', 'for', 'leaves', 'downcurved', 'occasional', 'light', 'elliptic', 'with', 'the', 'oblanceolate;', 'base,', 'small', 'usually', 'hollow', '1-1.5""', '(2.5-4', 'cm)', 'long,', 'in', 'widely-spaced', 'pairs,', 'curved', 'and', 'sessile', 'at', 'a', '/', 'lanceolate', 'with', 'evenly', 'tapered', 'sides.', 'Blades', 'light', 'green', 'and', 'smooth', 'with', 'a', 'prominently', 'idvein', 'that', 'protrudes', 'slightly', 'below.', 'Secondary', 'veins', 'faint,', 'about', '30°', 'to', 'the', 'midvein,', 'curving', 'back', 'the', 'center,', 'flat', 'to', 'faintly', 'raised', 'above.', 'Leaves', 'squeak', 'when', 'rubbed', 'together.', 'Inflorescence', 'a', 'loose', 'panicle', 'loadly', 'Y-forking', 'branches', 'with', 'a', 'pair', 'of', 'bracts', 'at', 'each', 'fork,', 'held', 'above', 'the', 'leaves', 'on', 'a', 'naked', 'peduncie', '5-20 cm)', 'long.', 'Flowers', 'with', 'an', 'inflated,', 'smooth,', 'hairless,', 'bladder-like', 'calyx', '8-13', 'mm', 'long,', 'pale', 'green', 'rplish', 'veins.', 'There', 'are', '5', 'petals,', 'each', 'deeply', 'cleft', 'and', 'thus', 'resembling', 'two,', 'wavy', 'at', 'the', 'tip;', 'stamens', 'e', '10-12', 'mm', 'beyond', 'the', 'petals.', 'Fruit', 'a', 'dry,', '3-chambered', 'capsule', 'with', 'numerous', 'seeds.', 'ISING', 'PLANTS:', 'Soapwort', 'or', 'bouncing', 'bet', 'Saponaria', 'officinalis', '(not', 'edible)', 'has', 'depressed', 'secondary', 'at', 'arch', 'back', 'to', 'the', 'leaf', 'tip;', 'it', 'is', 'a', 'larger,', 'erect', 'plant', 'forming', 'colonies', 'by', 'rhizome.', 'HABITAT:', 'Full', 'sun', 'in', 'dry,', 'rocky', 'or', 'sandy,', 'disturbed', 'soil.', 'Common', 'on', 'roadsides,', 'yards,', 'building', 'sites,', 'abandoned', 'farmland,', 'waste', 'places.', 'Introduced.', 'FOOD', 'USE:', 'Collect', 'the', 'tender', 'young', 'leaves', 'and', 'stems', 'in', 'spring', 'and', 'early', 'summer,', 'before', 'the', 'plant', 'flowers.', 'Tender', 'tips', 'with', 'flower', 'buds', 'are', 'good', 'through', 'mid', 'summer.', 'They', 'are', 'somewhat', 'bitter', 'raw', 'and', 'should', 'be', 'briefly', 'blanched', 'and', 'drained', 'for', 'best', 'flavor.', 'COMMENTS:', 'This', 'beautiful', 'and', 'abundant', 'weed', 'is', 'not', 'well', 'known', 'as', 'a', 'wild', 'edible', 'but', 'the', 'delightful', 'greens', 'certainly', 'deserve', 'more', 'attention.', 'It', 'is', 'a', 'very', 'popular', 'foraged', 'green', 'in', 'the', 'Mediterranean', 'region.', 'AKA', 'Silene', 'cucubalis.', 'Silene', 'cserii', 'about', 'to', 'bloom.', 'Very', 'young', 'shoot.', 'hoot.']","FOOD USE: Collect the tender young leaves and stems in spring andearly summer, before the plant flowers. Tender tips with flower buds aregood through mid summer. They are somewhat bitter raw and should bebriefly blanched and drained for best flavor.",True," Silene vulgaris
     or
     Silene cserii","
    'leaves','stems'"
000129-a.json,"['BASAL LEAVES PRESENT, STEM LEAVES ALTERNATE, ENTIRE', '20 Hoary alyssum', '2', 'Berteroa incana Brassicaceae (Mustard family)']","FOOD USE: The thin shoots can be eaten raw or cooked. Get themmost before they become tough and raspy with stiff hairs. I usually discardcan be of the young leaves, which roughen before the stems. The seedsused sparingly as a seasoning.",True, Berteroa incana,"
    'shoots','seeds'"
000130-a.json,"['BASAL', 'LEAVES', 'PRESENT,', 'STEM', 'LEAVES', 'ALTERNATE,', 'TOOTHED', 'Harebell', '3', '3', '1', 'Campanula', 'rotundifolia', 'family', 'Campanulacede', 'CHECK: Thin, wiry, erect stems with linear leaves difficulty and nodding, bell-like blue']","FOOD USE: Rhizomes taste okay but are small and rather tough. Young leaves and shoots can be eaten rawor cooked. Flowers make an attractive, mildly-flavored garnish or nibble. Conservation 3/2/1.",True, Campanula rotundifolia,"
    'leaves','shoots','flowers'"
000131-a.json,"['ALTERNATE,', 'TOOTHED', 'STEM', 'BASAL', 'bellflower', '(continued)', ',', 'American', 'Shoot at the ideal stage for eating.', 'typical leaves, while the upper raceme has a single linear, pointed, downcurved bract, with a pr', 'midvein, beneath each flower. Short pediceis are borne in clusters at leaf nodes. Flower bud', 'ridged, purple, and white at the base. Flowers (mid to late summer) about 0.9"" (23 mm) acro:', 'blue with a short tube that spreads widely into 5 pointed, hooked lobes. Sepals are fused at t', 'wide-spreading and linear. The style protrudes conspicuously and usually curves upward, terminati', 'that splits into 3 or 4 parts. Fruit a small, many-seeded capsule.', 'HABITAT: Well-drained, rich soil in moderately disturbed hardwood forests, such as steep', 'floodplains, recently logged forests, forest edges, and dirt road margins. Native.', 'FOOD USE: Young shoots and leaves can be eaten raw or cooked, and at the ideal stage are ext:', 'and mild. Flower buds and flowers are also edible. Conservation 2/1.', 'COMMENTS: American bellflower greens have a peculiar flavor-almost fishy, slightly SW', 'good, especially when cooked. This nearly-unknown edible would be more popular if it were', 'when young. It is the best of the bellflowers, and remains one of the best kept foraging secrets', 'AKA Campanulastrum americanum,', '3 Creeping bellflower', '3', '3', '3', '2', 'IWE', 'Campanula rapunculoides + family Campanulaceae']","FOOD USE: Young shoots and leaves can be eaten raw or cooked, and at the ideal stage are ext:and mild. Flower buds and flowers are also edible. Conservation 2/1.",True, Campanula rapunculoides,"
    'shoots','leaves','buds','flowers'"
000132-a.json,"['BASAL LEAVES PRESENT, STEM LEAVES ALTERNATE, TOOTHED', 'Marsh-marigold', '1', 'FH-200', '4', 'Caltha palustris Ranunculaceae (Buttercup family)']","FOOD USE: Collect young growth before theflowers open in early spring. I usually pluck wholestems with attached leaves and flower buds. Torid the greens of their bitterness, boil in volu-minous water for 20 minutes or more, changingwater if desired, then drain. Conservation 1.",True, Caltha palustris,"
    'young growth'"
000133-a.json,"['BASAL LEAVES PRESENT, STEM LEAVES ALTERNATE, TOOTHED', '6', 'Bulbous bittercress', '2', 'Cardamine', 'bulbosa Brassicaceae (Mustard family)', 'CHECK: Small plant with erect, unbranched stem and broad lower leaves; difficulty upper 2.']","FOOD USE: The tu-ber resides closeto the surface andcan be unearthedby hand. All tenderparts above groundcan be eaten raw orcooked, All parts havea horseradish flavor.Conservation 3/2.",True, Cardamine bulbosa,"
    'tuber'"
000134-a.json,"['BASAL LEAVES PRESENT, STEM LEAVES ALTERNATE, TOOT', 'Horseradish', 'the', '2', '2', '9', 'Brassicaceae', '(Mustard', 'f', 'Armoracia', 'rusticana', 'Thick dumps of large, prort. irregularly toothed or ID scalloped, difficulty', 'Iraves']","FOOD USE: Young leaves and shoots in spring and early summer can be eateMore often, sections of root are peeled and blended or grated as a seasoning.any time, but is best when the plant is dormant.",True, Armoracia rusticana,"
    'Young leaves','shoots','root'"
000135-a.json,"['BASAL', 'LEAVES', 'PRESENT,', 'STEM', 'LEAVES', 'ALTERNATE,', 'TOOTHED', ""11 Dame's rocket"", 'it 2', '3 22 13.3', 'Hesperis', 'matronalis Brassicaceae (Mustard family)', 'Calonlal herb with erect, chest-high stems unbranched below thin the pods. top,']","FOOD USE: The large winter leaves persist through hard frost and makea nice potherb when few are available, but they are not asflowering. an spring excellent leaves. In cooked. okay vegetable good top raw before as and thelate spring the shoots make anone Use any tender greens at the shootand add beautiful color to food.Flower buds are okay; flowers have a slightly sweet-hot flavor",True, Hesperis matronalis," 'leaves','shoots','flower buds'"
000136-a.json,"['BASAL LEAVES PRESENT, STEM LEAVES ALTERNATE, TOOTHED', 'NG-250', '13 Garlic mustard', '3', '(Mustard', 'family)', 'Alliaria', 'petiolata', 'Brassicaceae', 'CHECK: Deeply toothed, triangular stem leaves 2. with hairy petioles and garlic']","FOOD USE: Roots are horseradishy but small and tough.Tender leaves can be used at any time, but more forseasoning than bulk. Shoots, before the flowers haveopened in mid spring, are the mildest part of the plantand can be used raw in salads, cooked in soups or stir-fry,or steamed like asparagus.",True, Alliaria petiolata,"
    'leaves','shoots'"
000137-b.json,"['LEAVES', '7', 'ALTERNATE,', 'ENTIRE', 'JRDOCK', '2', 'nus', 'Arctium', 'FH-324', 'Asteraceae', '(Composite', 'family)', 'CHECK: ity 1. Rosettes of leaves on long petioles, woolly beneath; Veicro-like', 'TION:', 'burs.', 'Massive', 'monocarpic', 'ear 3"" the cm) top. thick with and a single 40\' fleshy, 4-7 light (1.2-2.1 m) grayish tall inside, and vertical spreading with almost as wide. Roots mas-', 'or shaped, veins light ruffled in color or wavy, and the flat tip or blunt to rounded, in the a radiating base heart-shaped rosette, 10-28"" The few (25-70 side branches, cm) long, rough ovate', 'sely covered with line nearly so: veinlets are depressed. The upper surface is finely', 'may be nipple-like whitish-gray wool. Margins wavy or irregular, underside has protruding veins', ""projections. (I wouldn't disagree if you called some not sharply of them or toothed, regularly but toothed,"", 'to people the at a glance consider the leaf entire.) Petioles about equal most', 'blade, up to 1"" (2.5 cm) thick, the surface woolly, ridged on all', 'sides, thick with a channel on top. Stems solid, stout, 1-2.3"" (2.5-6 cm)', 'the at the base, often purple in the lower parts, heavily tapered,', 'surface with round-topped ridges. Branches ascending, usually', 'only in the upper 2/3. Stem leaves alternate, progressively smaller,', 'with shorter petioles. Inflorescence a panicle of several heads at', 'branch tips. Heads spherical, 0.8-1.6 (2-4 cm) in diameter, sub-', 'tended by hooked bracts: the numerous thin florets are purple and', 'white, giving the appearance of an old-fashioned shaving brush.', 'These ripen into the familiar vexatious burs.', 'CONFUSING PLANTS: Often confused with rhubarb, but rhu-', 'barb leaves are smoother and glossy, not woolly beneath, and the', 'petioles have no hollow parts.', 'HABITAT: Disturbed areas with moderate to rich soil, well-drained.', 'in full sun: roadsides, barnyards, old fields and pastures, forest', 'edges, fencerows, river floodplains. All species introduced.', 'FOOD USE: Roots can be collected all year from plants without', 'stems. They grow very deep and require extensive excavation, but', 'are often large enough to be worth it. Make a deep hole beside', 'the root, then carefully loosen it sideways. The top of the root is', 'tough; the good part is the lower 2/3. Use roots in pot roast or stew,', 'boiled, or sliced and fried. Cut stalks at the base when less than', '1/3 of their final height and still vigorously growing (in late spring', 'or early summer, well before any branches appear), then peel the', 'outer rind. Cut the peeled stalkinto sections and use like potatoes.', 'The whiter lower part of the stalk takes much longer to cook than', 'the greenish upper part. Petioles can also be used before they have', 'reached full size. The outer surface is bitter and should be peeled', 'or scraped off, then rinsed. After this they can be used in soups', 'or stew; the texture (but not the flavor) is reminiscent of celery.', 'COMMENTS: Burdocks are easy to recognize as a group, but the', 'individual species can be hard to tell apart. These are amazingly', ""useful and labor-efficient food plants. Common burdock's roots"", 'account for much culinary disappointment; it is best to seek great', 'burdock for this use. The young stalks of all species are good, and', 'are the easiest part to use advise you to ignore the sources claim-', 'ing that the leaves themselves are edible. Handling burdock stems', 'and leaves (especially common burdock) will put an extremely bitter', 'substance on your fingers that should be washed off carefully lest', 'you ruin the next food you touch. (Continued on the next page.)', '. Great burdock root (see next page).', '331', 'LEAVES', '7', 'ALTERNATE,', 'ENTIRE', 'JRDOCK', '2', 'nus', 'Arctium', 'FH-324', 'Asteraceae', '(Composite', 'family)', 'CHECK:', 'ity', '1.', 'Rosettes', 'of', 'leaves', 'on', 'long', 'petioles,', 'woolly', 'beneath;', 'Veicro-like', 'TION:', 'burs.', 'Massive', 'monocarpic', 'ear', '3""', 'the', 'cm)', 'top.', 'thick', 'with', 'and', 'a', 'single', ""40'"", 'fleshy,', '4-7', 'light', '(1.2-2.1 m)', 'grayish', 'tall', 'inside,', 'and', 'vertical', 'spreading', 'with', 'almost', 'as', 'wide.', 'Roots', 'mas-', 'or', 'shaped,', 'veins', 'light', 'ruffled', 'in', 'color', 'or', 'wavy,', 'and', 'the', 'flat', 'tip', 'or', 'blunt', 'to', 'rounded,', 'in', 'the', 'a', 'radiating', 'base', 'heart-shaped', 'rosette,', '10-28""', 'The', 'few', '(25-70', 'side', 'branches,', 'cm)', 'long,', 'rough', 'ovate', 'sely', 'covered', 'with', 'line', 'nearly', 'so:', 'veinlets', 'are', 'depressed.', 'The', 'upper', 'surface', 'is', 'finely', 'may', 'be', 'nipple-like', 'whitish-gray', 'wool.', 'Margins', 'wavy', 'or', 'irregular,', 'underside', 'has', 'protruding', 'veins', 'projections.', '(I', ""wouldn't"", 'disagree', 'if', 'you', 'called', 'some', 'not', 'sharply', 'of', 'them', 'or', 'toothed,', 'regularly', 'but', 'toothed,', 'to', 'people', 'the', 'at', 'a', 'glance', 'consider', 'the', 'leaf', 'entire.)', 'Petioles', 'about', 'equal', 'most', 'blade,', 'up', 'to 1""', '(2.5', 'cm)', 'thick,', 'the', 'surface', 'woolly,', 'ridged', 'on', 'all', 'sides,', 'thick', 'with', 'a', 'channel', 'on', 'top.', 'Stems', 'solid,', 'stout,', '1-2.3""', '(2.5-6', 'cm)', 'the', 'at', 'the', 'base,', 'often', 'purple', 'in', 'the', 'lower', 'parts,', 'heavily', 'tapered,', 'surface', 'with', 'round-topped', 'ridges.', 'Branches', 'ascending,', 'usually', 'only', 'in', 'the', 'upper', '2/3.', 'Stem', 'leaves', 'alternate,', 'progressively', 'smaller,', 'with', 'shorter', 'petioles.', 'Inflorescence', 'a', 'panicle', 'of', 'several', 'heads', 'at', 'branch', 'tips.', 'Heads', 'spherical,', '0.8-1.6', '(2-4', 'cm)', 'in', 'diameter,', 'sub-', 'tended', 'by', 'hooked', 'bracts:', 'the', 'numerous', 'thin', 'florets', 'are', 'purple', 'and', 'white,', 'giving', 'the', 'appearance', 'of', 'an', 'old-fashioned', 'shaving', 'brush.', 'These', 'ripen', 'into', 'the', 'familiar', 'vexatious', 'burs.', 'CONFUSING', 'PLANTS:', 'Often', 'confused', 'with', 'rhubarb,', 'but', 'rhu-', 'barb', 'leaves', 'are', 'smoother', 'and', 'glossy,', 'not', 'woolly', 'beneath,', 'and', 'the', 'petioles', 'have', 'no', 'hollow', 'parts.', 'HABITAT:', 'Disturbed', 'areas', 'with', 'moderate', 'to', 'rich', 'soil,', 'well-drained.', 'in', 'full', 'sun:', 'roadsides,', 'barnyards,', 'old', 'fields', 'and', 'pastures,', 'forest', 'edges,', 'fencerows,', 'river', 'floodplains.', 'All', 'species', 'introduced.', 'FOOD', 'USE:', 'Roots', 'can', 'be', 'collected', 'all', 'year', 'from', 'plants', 'without', 'stems.', 'They', 'grow', 'very', 'deep', 'and', 'require', 'extensive', 'excavation,', 'but', 'are', 'often', 'large', 'enough', 'to', 'be', 'worth', 'it.', 'Make', 'a', 'deep', 'hole', 'beside', 'the', 'root,', 'then', 'carefully', 'loosen', 'it', 'sideways.', 'The', 'top', 'of', 'the', 'root', 'is', 'tough;', 'the', 'good', 'part', 'is', 'the', 'lower', '2/3.', 'Use', 'roots', 'in', 'pot', 'roast', 'or', 'stew,', 'boiled,', 'or', 'sliced', 'and', 'fried.', 'Cut', 'stalks', 'at', 'the', 'base', 'when', 'less', 'than', '1/3', 'of', 'their', 'final', 'height', 'and', 'still', 'vigorously', 'growing', '(in', 'late', 'spring', 'or', 'early', 'summer,', 'well', 'before', 'any', 'branches', 'appear),', 'then', 'peel', 'the', 'outer', 'rind.', 'Cut', 'the', 'peeled', 'stalkinto', 'sections', 'and', 'use', 'like', 'potatoes.', 'The', 'whiter', 'lower', 'part', 'of', 'the', 'stalk', 'takes', 'much', 'longer', 'to', 'cook', 'than', 'the', 'greenish', 'upper', 'part.', 'Petioles', 'can', 'also', 'be', 'used', 'before', 'they', 'have', 'reached', 'full', 'size.', 'The', 'outer', 'surface', 'is', 'bitter', 'and', 'should', 'be', 'peeled', 'or', 'scraped', 'off,', 'then', 'rinsed.', 'After', 'this', 'they', 'can', 'be', 'used', 'in', 'soups', 'or', 'stew;', 'the', 'texture', '(but', 'not', 'the', 'flavor)', 'is', 'reminiscent', 'of', 'celery.', 'COMMENTS:', 'Burdocks', 'are', 'easy', 'to', 'recognize', 'as', 'a', 'group,', 'but', 'the', 'individual', 'species', 'can', 'be', 'hard', 'to', 'tell', 'apart.', 'These', 'are', 'amazingly', 'useful', 'and', 'labor-efficient', 'food', 'plants.', 'Common', ""burdock's"", 'roots', 'account', 'for', 'much', 'culinary', 'disappointment;', 'it', 'is', 'best', 'to', 'seek', 'great', 'burdock', 'for', 'this', 'use.', 'The', 'young', 'stalks', 'of', 'all', 'species', 'are', 'good,', 'and', 'are', 'the', 'easiest', 'part', 'to', 'use', 'advise', 'you', 'to', 'ignore', 'the', 'sources', 'claim-', 'ing', 'that', 'the', 'leaves', 'themselves', 'are', 'edible.', 'Handling', 'burdock', 'stems', 'and', 'leaves', '(especially', 'common', 'burdock)', 'will', 'put', 'an', 'extremely', 'bitter', 'substance', 'on', 'your', 'fingers', 'that', 'should', 'be', 'washed', 'off', 'carefully', 'lest', 'you', 'ruin', 'the', 'next', 'food', 'you', 'touch.', '(Continued', 'on', 'the', 'next', 'page.)', '.', 'Great', 'burdock', 'root', '(see', 'next', 'page).', '331']","FOOD USE: Roots can be collected all year from plants withoutstems. They grow very deep and require extensive excavation, butare often large enough to be worth it. Make a deep hole besidethe root, then carefully loosen it sideways. The top of the root istough; the good part is the lower 2/3. Use roots in pot roast or stew,boiled, or sliced and fried. Cut stalks at the base when less than1/3 of their final height and still vigorously growing (in late springor early summer, well before any branches appear), then peel theouter rind. Cut the peeled stalkinto sections and use like potatoes.The whiter lower part of the stalk takes much longer to cook thanthe greenish upper part. Petioles can also be used before they havereached full size. The outer surface is bitter and should be peeledor scraped off, then rinsed. After this they can be used in soupsor stew; the texture (but not the flavor) is reminiscent of celery.",True, Arctium lancea (or other Arctium species),"
    'roots','lower 2/3 of the root','stalks','peeled stalks','whiter lower part of the stalk'"
000138-a.json,"['BASAL LEAVES PRESENT, STEM LEAVES ALTERNATE, TOOTHED', '18 Bigleaf aster', '1', 'Aster macrophyllus Asteraceae (Composite family)']","FOOD USE: The young, tender leaves, before they haveunfurled, make an aromatic nibble that can be added sparinglyto salads or cooked greens. Conservation 1.",True, Aster macrophyllus,"
    'leaves'"
000140-a.json,"['LOBED BASAL OR DIVIDED, SAP MILKY', 'LEAVES', 'PRESENT,', 'STEM', 'LEAVES', 'ALTERNATE,', '2', '3', '02', '3 Scorzonera', '(Composite', 'family)', 'laciniata', 'Asteraceae', 'Scorzonera', 'CHECK: Rasal leaves with long, difficulty but no teeth; shin-high, branchinz']","FOOD USE: The roots can be dug in fall, winter, or spring from plants that have not yet produced a stalk, andcan be eaten cooked. The flavor is rich and hearty like salsify, but the root is small and has a tough core. Theyoung, tender leaves, shoots, and flower buds can be collected in spring or early summer and eaten raw orcooked. Their flavor is mild and excellent.",True, Scorzonera laciniata,"
    'roots','young leaves','shoots','flower buds'"
000142-b.json,"['BASAL LEAVES PRESENT, STEM LEAVES ALTERNATE, TOOTHED', 'Field pennycress', '21', '2', '""hlaspi', 'arvense', 'Brassicaceae', '(Mustard', 'family)', 'CHECK: unlobed Tall, stem leaves, strong-smelling, and large, flat seed spring-blooming pods. ID difficulty mustard with tiny white', 'PTION: that wither Erect by winter annual with a slightly unpleasant smell. Basal', 'fund, hairless, the flowering, the blades 1-3.5 (2.5-9 cm) long, obovate leaves in dense', 'eth. Midvein tips rounded, entire or with a few shallow, or elliptic to', 'ning into the and blade. major veins are slightly depressed above. Petioles blunt, often whitish', 'undish with numerous Stems single or branching at the base, to 40"" winged, (1 m) tall gradu- and 1 cm', 'e flowering wing-ridges, 3 of them running down from each thick, straight,', 'the midvein is clasping with pointed, ear-like lobes at the base, hairless. overlapping, 1.5-3', 'long, lanceolate, top; form is taller than wide. Stem leaves alternate, ascending, node, hairless. Branches rare', 'ered, depressed. Margins curve downward with a few large, blunt teeth. Secondary veins flat or', '; more pointed with larger teeth. Inflorescence leaves', 'en. a tight cluster at the tip. Flowers tiny with four elliptic white apex,', 'ridged; Pod smaller, broad, flowers and flattened, in ascending racemes petals Uppermost that at the', 'almost round, winged, nearly the size of a dime (10-17 mm), notched at scarcely the tip,', 'held ascending on a slightly ascending pedicel 1-Z times its length.', 'HABITAT: Rich disturbed ground, especially on heavy soil, with', 'lots of sun. Most commonly seen in agricultural fields, on roadsides,', 'and in building sites.', 'Introduced.', 'FOOD USE: All ten-', 'der parts are edible,', 'but the leaves and', 'flower buds have a', 'very strong flavor;', 'I remove them be-', 'lore cooking shoots.', 'Seeds can be used', 'as a seasoning.', 'COMMENTS: con-', 'sider this a second-', 'rate mustard.', 'edible:', 'sic pennycress Thlaspi alliaceum', 'This is a recently established exotic weed that is', 'rapidly spreading; in many parts of our region it', 'is now far more common than field pennycress.', 'Stems more slender and typically 10-30"" (25-', '75 cm) tall. They', 'are round, with-', 'out wing-ridges;', 'near the base', 'Rapidly', 'they have long,', 'expanding.', 'soft, sparse hairs', '(as do the leaves) but the upper stem', 'and leaves are hairless. Pods much', 'smaller than those of field pennycress', '(4-7 mm), and inflated. AKA Mum-', 'menholfia alliacea.', '34', 'BASAL', 'LEAVES', 'PRESENT,', 'STEM', 'LEAVES', 'ALTERNATE,', 'TOOTHED', 'Field', 'pennycress', '21', '2', '""hlaspi', 'arvense', 'Brassicaceae', '(Mustard', 'family)', 'CHECK:', 'unlobed', 'Tall,', 'stem', 'leaves,', 'strong-smelling,', 'and', 'large,', 'flat', 'seed', 'spring-blooming', 'pods.', 'ID', 'difficulty', 'mustard', 'with', 'tiny', 'white', 'PTION:', 'that', 'wither', 'Erect', 'by', 'winter', 'annual', 'with', 'a', 'slightly', 'unpleasant', 'smell.', 'Basal', 'fund,', 'hairless,', 'the', 'flowering,', 'the', 'blades', '1-3.5', '(2.5-9 cm)', 'long,', 'obovate', 'leaves', 'in', 'dense', 'eth.', 'Midvein', 'tips', 'rounded,', 'entire', 'or', 'with', 'a', 'few', 'shallow,', 'or', 'elliptic', 'to', 'ning', 'into', 'the', 'and', 'blade.', 'major', 'veins', 'are', 'slightly', 'depressed', 'above.', 'Petioles', 'blunt,', 'often', 'whitish', 'undish', 'with', 'numerous', 'Stems', 'single', 'or', 'branching', 'at', 'the', 'base,', 'to', '40""', 'winged,', '(1 m)', 'tall', 'gradu-', 'and', '1', 'cm', 'e', 'flowering', 'wing-ridges,', '3', 'of', 'them', 'running', 'down', 'from', 'each', 'thick,', 'straight,', 'the', 'midvein', 'is', 'clasping', 'with', 'pointed,', 'ear-like', 'lobes', 'at', 'the', 'base,', 'hairless.', 'overlapping,', '1.5-3', 'long,', 'lanceolate,', 'top;', 'form', 'is', 'taller', 'than', 'wide.', 'Stem', 'leaves', 'alternate,', 'ascending,', 'node,', 'hairless.', 'Branches', 'rare', 'ered,', 'depressed.', 'Margins', 'curve', 'downward', 'with', 'a', 'few', 'large,', 'blunt', 'teeth.', 'Secondary', 'veins', 'flat', 'or', ';', 'more', 'pointed', 'with', 'larger', 'teeth.', 'Inflorescence', 'leaves', 'en.', 'a', 'tight', 'cluster', 'at', 'the', 'tip.', 'Flowers', 'tiny', 'with', 'four', 'elliptic', 'white', 'apex,', 'ridged;', 'Pod', 'smaller,', 'broad,', 'flowers', 'and', 'flattened,', 'in', 'ascending', 'racemes', 'petals', 'Uppermost', 'that', 'at', 'the', 'almost', 'round,', 'winged,', 'nearly', 'the', 'size', 'of', 'a', 'dime', '(10-17 mm),', 'notched', 'at', 'scarcely', 'the', 'tip,', 'held', 'ascending', 'on', 'a', 'slightly', 'ascending', 'pedicel', '1-Z', 'times', 'its', 'length.', 'HABITAT:', 'Rich', 'disturbed', 'ground,', 'especially', 'on', 'heavy', 'soil,', 'with', 'lots', 'of', 'sun.', 'Most', 'commonly', 'seen', 'in', 'agricultural', 'fields,', 'on', 'roadsides,', 'and', 'in', 'building', 'sites.', 'Introduced.', 'FOOD', 'USE:', 'All', 'ten-', 'der', 'parts', 'are', 'edible,', 'but', 'the', 'leaves', 'and', 'flower', 'buds', 'have', 'a', 'very', 'strong', 'flavor;', 'I', 'remove', 'them', 'be-', 'lore', 'cooking', 'shoots.', 'Seeds', 'can', 'be', 'used', 'as', 'a', 'seasoning.', 'COMMENTS:', 'con-', 'sider', 'this', 'a', 'second-', 'rate', 'mustard.', 'edible:', 'sic', 'pennycress', 'Thlaspi', 'alliaceum', 'This', 'is', 'a', 'recently', 'established', 'exotic', 'weed', 'that', 'is', 'rapidly', 'spreading;', 'in', 'many', 'parts', 'of', 'our', 'region', 'it', 'is', 'now', 'far', 'more', 'common', 'than', 'field', 'pennycress.', 'Stems', 'more', 'slender', 'and', 'typically', '10-30""', '(25-', '75', 'cm)', 'tall.', 'They', 'are', 'round,', 'with-', 'out', 'wing-ridges;', 'near', 'the', 'base', 'Rapidly', 'they', 'have', 'long,', 'expanding.', 'soft,', 'sparse', 'hairs', '(as', 'do', 'the', 'leaves)', 'but', 'the', 'upper', 'stem', 'and', 'leaves', 'are', 'hairless.', 'Pods', 'much', 'smaller', 'than', 'those', 'of', 'field', 'pennycress', '(4-7 mm),', 'and', 'inflated.', 'AKA', 'Mum-', 'menholfia', 'alliacea.', '34']","FOOD USE: All ten-der parts are edible,but the leaves andflower buds have avery strong flavor;I remove them be-lore cooking shoots.Seeds can be usedas a seasoning.",True, Thlaspi arvense,"
    'shoots','seeds'"
000143-a.json,"['BASAL LEAVES PRESENT, STEM LEAVES ALTERNATE,', 'LOBED OR DIVIDED, SAP MILKY', '13 Japanese hawksbeard', 'Youngia', 'japonica Asteraceae (Composite family)', 'labed basal leaves with a large terminal lobe; the stem orange thin when', 'and']","FOOD USE: Use the young stems and tender leaves(if they are clean, which is rare) raw or cooked.",True, Youngia japonica,"
    'young stems','tender leaves'"
000143-b.json,"['BASAL', 'LEAVES', 'PRESENT,', 'STEM', 'LEAVES', 'ALTERNATE,', 'Smooth', 'TOOTHED', 'rock', 'cress', 'E', 'Boechera', '2', '3', 'laevigata', '22', 'Brassicaceae', 'CHECK:', '(Mustard', 'Basal', 'family)', 'eeth;', 'stem', 'leaves', 'lance-elliptic', 'ID difficulty 2,', 'leaves', 'with', 'and', 'light', 'large,', 'green.', 'Pads', 'long', 'and', 'IPTION:', 'Biennial', 'es', 'evergreen,', 'narrowly', 'elliptic,', 'producing', 'and', 'leafforms.', 'en', 'with', 'Overwinter-', 'short', 'hairs', 'bumps', '1.5-6""', 'on', 'the', '(4-15', 'borne', 'cm)', 'on', 'short', 'es) have sharp. large, upturned, and may have a few small lobes or divisions purplish near below. the', 'petioles', 'upper', 'long,', 'surface,', 'often', '-9"" (8-23 cm) long, layered well-spaced teeth with small bristles between base. them. Margins (win-', 'ar leaves. but more Margins elongated, sessile, directly and green on top on of both the sides-lacking overwintering the leaves hairs, as the stem appears. Spring basal They', 'ss than 0.7"" (18 mm) (spring thick, leaves) ave long, sharp teeth. Stems glaucous, gray raised -green, bumps, and lobes', 'em leaves with up to 38"" (im) tall, unbranched or sparsely hairless, solid,', 'tip sharp. The blade is 2 lobes at the base, elongated and tapered very gradually, usually or single', 'clasping branched, and', 'e hairless with creased near the base but the midvein is essentially flat arching drooping,', 'oward the tip. a light bloom. Margins (stem leaves) wavy near the base becoming above. The blade', 'racemes, lax leaves are linear, 1-2 mm wide, with few to no teeth. Inflorescence sharp-', ')W angles. Flowers and Upper pediceis erratically diverging elongated', 'nodding, all parts smooth and hairless, the branches and', 'nd (late spring to early summer) not showy, 5-6 mm long, not at', 'curving, to 4"" (10 cm) long, filled with tiny, oblong, winged seeds.', '4 sepals of equal length. Sepals are narrow, pointed, and greenish; petals are spreading creamy. open, Pod very with', ': Well-drained hardwood forests with canopy openings and disturbances such as logging windthrow,', 'construction. More common in hilly, mountainous or rocky terrain, or poor sandy soil-often on', 'trails or roadsides. Native.', 'FOOD USE: Tender spring', 'leaves, shoots, and flower', 'buds can be eaten raw or', 'cooked. Conservation 2.', 'COMMENTS: This is a', 'good, mild-flavored, native', 'mustard that is hardly known', 'as a food plant. The overwin-', 'tering rosette is attractive', 'and unmistakable, but the', 'evergreen basal leaves are', 'hardly worth eating. How-', 'ever, the new spring rosette', 'leaves are good, and some-', 'times very hot. AKA Arabis', 'laevigata.', 'RELATED EDIBLES: Oth-', '3', 'en members of the genus', 'Boechera are edible. B. ca-', 'nadensis is very similar in', 'appearance but has longer,', 'drooping pods and non-', 'clasping leaves. B. missou-', 'riense has leaves with much', 'more prominent teeth that', 'are more numerous on the', 'stem. There are several', 'more in our area.', '345', 'BASAL', 'LEAVES', 'PRESENT,', 'STEM', 'LEAVES', 'ALTERNATE,', 'Smooth', 'TOOTHED', 'rock', 'cress', 'E', 'Boechera', '2', '3', 'laevigata', '22', 'Brassicaceae', 'CHECK:', '(Mustard', 'Basal', 'family)', 'eeth;', 'stem', 'leaves', 'lance-elliptic', 'ID', 'difficulty', '2,', 'leaves', 'with', 'and', 'light', 'large,', 'green.', 'Pads', 'long', 'and', 'IPTION:', 'Biennial', 'es', 'evergreen,', 'narrowly', 'elliptic,', 'producing', 'and', 'leafforms.', 'en', 'with', 'Overwinter-', 'short', 'hairs', 'bumps', '1.5-6""', 'on', 'the', '(4-15', 'borne', 'cm)', 'on', 'short', 'es)', 'have', 'sharp.', 'large,', 'upturned,', 'and', 'may', 'have', 'a', 'few', 'small', 'lobes', 'or', 'divisions', 'purplish', 'near', 'below.', 'the', 'petioles', 'upper', 'long,', 'surface,', 'often', '-9""', '(8-23', 'cm)', 'long,', 'layered', 'well-spaced', 'teeth', 'with', 'small', 'bristles', 'between', 'base.', 'them.', 'Margins', '(win-', 'ar', 'leaves.', 'but', 'more', 'Margins', 'elongated,', 'sessile,', 'directly', 'and', 'green', 'on', 'top', 'on', 'of', 'both', 'the', 'sides-lacking', 'overwintering', 'the', 'leaves', 'hairs,', 'as', 'the', 'stem', 'appears.', 'Spring', 'basal', 'They', 'ss', 'than', '0.7""', '(18', 'mm)', '(spring', 'thick,', 'leaves)', 'ave long,', 'sharp', 'teeth.', 'Stems', 'glaucous,', 'gray', 'raised', '-green,', 'bumps,', 'and', 'lobes', 'em', 'leaves', 'with', 'up', 'to', '38""', '(im)', 'tall,', 'unbranched', 'or', 'sparsely', 'hairless,', 'solid,', 'tip', 'sharp.', 'The', 'blade', 'is', '2', 'lobes', 'at', 'the', 'base,', 'elongated', 'and', 'tapered', 'very', 'gradually,', 'usually', 'or', 'single', 'clasping', 'branched,', 'and', 'e', 'hairless', 'with', 'creased', 'near', 'the', 'base', 'but', 'the', 'midvein', 'is', 'essentially', 'flat', 'arching', 'drooping,', 'oward', 'the', 'tip.', 'a', 'light', 'bloom.', 'Margins', '(stem', 'leaves)', 'wavy', 'near', 'the', 'base', 'becoming', 'above.', 'The', 'blade', 'racemes,', 'lax', 'leaves', 'are', 'linear,', '1-2', 'mm', 'wide,', 'with', 'few', 'to', 'no', 'teeth.', 'Inflorescence', 'sharp-', ')W', 'angles.', 'Flowers', 'and', 'Upper', 'pediceis', 'erratically', 'diverging', 'elongated', 'nodding,', 'all', 'parts', 'smooth', 'and', 'hairless,', 'the', 'branches', 'and', 'nd', '(late', 'spring', 'to', 'early', 'summer)', 'not', 'showy,', '5-6', 'mm', 'long,', 'not', 'at', 'curving,', 'to', '4""', '(10', 'cm)', 'long,', 'filled', 'with', 'tiny,', 'oblong,', 'winged', 'seeds.', '4', 'sepals', 'of', 'equal', 'length.', 'Sepals', 'are', 'narrow,', 'pointed,', 'and', 'greenish;', 'petals', 'are', 'spreading', 'creamy.', 'open,', 'Pod', 'very', 'with', ':', 'Well-drained', 'hardwood', 'forests', 'with', 'canopy', 'openings', 'and', 'disturbances', 'such', 'as', 'logging', 'windthrow,', 'construction.', 'More', 'common', 'in', 'hilly,', 'mountainous', 'or', 'rocky', 'terrain,', 'or', 'poor', 'sandy', 'soil-often', 'on', 'trails', 'or', 'roadsides.', 'Native.', 'FOOD', 'USE:', 'Tender', 'spring', 'leaves,', 'shoots,', 'and', 'flower', 'buds', 'can', 'be', 'eaten', 'raw', 'or', 'cooked.', 'Conservation', '2.', 'COMMENTS:', 'This', 'is', 'a', 'good,', 'mild-flavored,', 'native', 'mustard', 'that', 'is', 'hardly', 'known', 'as', 'a', 'food', 'plant.', 'The', 'overwin-', 'tering', 'rosette', 'is', 'attractive', 'and', 'unmistakable,', 'but', 'the', 'evergreen', 'basal', 'leaves', 'are', 'hardly', 'worth', 'eating.', 'How-', 'ever,', 'the', 'new', 'spring', 'rosette', 'leaves', 'are', 'good,', 'and', 'some-', 'times', 'very', 'hot.', 'AKA', 'Arabis', 'laevigata.', 'RELATED', 'EDIBLES:', 'Oth-', '3', 'en', 'members', 'of', 'the', 'genus', 'Boechera', 'are', 'edible.', 'B.', 'ca-', 'nadensis', 'is', 'very', 'similar', 'in', 'appearance', 'but', 'has', 'longer,', 'drooping', 'pods', 'and', 'non-', 'clasping', 'leaves.', 'B.', 'missou-', 'riense', 'has', 'leaves', 'with', 'much', 'more', 'prominent', 'teeth', 'that', 'are', 'more', 'numerous', 'on', 'the', 'stem.', 'There', 'are', 'several', 'more', 'in', 'our', 'area.', '345']","FOOD USE: Tender springleaves, shoots, and flowerbuds can be eaten raw orcooked. Conservation 2.",True," Abies balsmaea
     Boechera laevigata","
    'springleaves','shoots','flowerbuds'"
000144-a.json,"['BASAL LEAVES PRESENT, STEM LEAVES ALTERNATE,', 'LOBED OR DIVIDED, SAP MILKY', '16', 'Cichorium Chicory intybus Asteraceae (Composite family)', '2', '1']","FOOD USE: Roots of first-year plants can be eaten cooked, but olderones become much tougher. Young or oldroots can be dried and roasted until brown, then ground and used to brew a coffee-like beverage. Young springleaves can be used raw or cooked as a potherb. Aim for clean ones because the hairs make them hard to wash.",True, Cichorium intybus,"
    'roots','Young spring leaves'"
000144-b.json,"['BASAL LEAVES PRESENT, ALTERNATE, TOOTHED', 'Whitetop', '2', '1', 'x', 'Cardaria', 'draba Brassicaceae (Mustard family)', 'CHECK:', 'of white flowers Hairy in spring, and plump, with grayish heart-shaped leaves and stems, flat-topped', 'pods.', 'ID', 'PTION: ives and lower Perennial stem from leaves a root elliptic system that spreads laterally to difficulty form colonies. 2.', 'to', 'cute hair. They at the base, blunt and often indented at the 1-3 tip, (2.5-Bcm) long, flat, fleshy,', 'obovate_', 'ed above and wither flat about flowering time. Veins offset by light both sides densely coaled', 'length, broad and or scarcely protruding below. Petioles of lower color, leaves flat or scarcely', 'ion; multiple and nearly flat on top, D-shaped below. Stems erect and up to 150%', 'Much more', 'abundant', 'but slightly leaning without, 12-28 (30-70 cm) tall and single with', 'es alternate. held erect and color appressed uniform gray-green, on densely soft-hairy, branched solid, only in the upper part.', 'leaves angled, the progressively shorter 7-11 petioles-sessile mm thick, westward. the', 'or d protruding are elliptic below. with blunt tips and scattered blunt teeth, with the veins - more and clasping near', 'veral adjacent multiple racemes, at first compact with flowers depressed the', 'ften show even about the same level, giving a flat-topped in crowded at', 'ed, stage. During and after flowering the racemes white', 'straight pedicels clusters in the Inflorescence bud appearance lengthen strongly bloom little The and', 'crowded cluster lengthen a lot (ultimately becoming 3-5 times as long as the flower) a the', 'vate, where the members of adjacent racemes mingle. Flowers 6-10 mm resulting in', 'widely spaced, white petals, not held at right angles to each other Pods short, across plump, with lopsided four', 'heart-shaped, with a', 'line dividing them', 'into two unequal', '""halves.""', 'HABITAT: Dis', 'turbed sunny areas', 'with well-drained', 'soil; fields, roadsides,', 'vacantlots, pastures', 'Introduced.', 'FOOD USE: Tender', 'new shoots, leafy', 'tops, and flower', 'bud clusters (spring)', 'can be used raw or', 'cooked like strong', 'broccoli.', 'COMMENTS: One', 'of the most com-', 'mon weedy mus-', 'tards of urban areas', 'in the High Plains,', 'whitetop can often', 'be collected in great', 'quantity with little', 'effort. Some other', 'mustards are also', 'sometimes called', '""whitetop."" AKALep-', 'idium draba, hoary', 'cress, heart-pod', 'hoary cress.', '347', 'BASAL', 'LEAVES', 'PRESENT,', 'ALTERNATE,', 'TOOTHED', 'Whitetop', '2', '1', 'x', 'Cardaria', 'draba', 'Brassicaceae', '(Mustard', 'family)', 'CHECK:', 'of', 'white', 'flowers', 'Hairy', 'in', 'spring,', 'and', 'plump,', 'with', 'grayish', 'heart-shaped', 'leaves', 'and', 'stems,', 'flat-topped', 'pods.', 'ID', 'PTION:', 'ives', 'and', 'lower', 'Perennial', 'stem', 'from', 'leaves', 'a', 'root', 'elliptic', 'system', 'that', 'spreads', 'laterally', 'to', 'difficulty', 'form', 'colonies.', '2.', 'to', 'cute', 'hair.', 'They', 'at', 'the', 'base,', 'blunt', 'and', 'often', 'indented', 'at', 'the', '1-3', 'tip,', '(2.5-Bcm)', 'long,', 'flat,', 'fleshy,', 'obovate_', 'ed', 'above', 'and', 'wither', 'flat', 'about', 'flowering', 'time.', 'Veins', 'offset', 'by', 'light', 'both', 'sides', 'densely', 'coaled', 'length,', 'broad', 'and', 'or', 'scarcely', 'protruding', 'below.', 'Petioles', 'of', 'lower', 'color,', 'leaves', 'flat', 'or', 'scarcely', 'ion;', 'multiple', 'and', 'nearly', 'flat', 'on', 'top,', 'D-shaped', 'below.', 'Stems', 'erect', 'and', 'up', 'to', '150%', 'Much', 'more', 'abundant', 'but', 'slightly', 'leaning', 'without,', '12-28', '(30-70 cm)', 'tall', 'and', 'single', 'with', 'es', 'alternate.', 'held', 'erect', 'and', 'color', 'appressed', 'uniform', 'gray-green,', 'on', 'densely', 'soft-hairy,', 'branched', 'solid,', 'only', 'in', 'the', 'upper', 'part.', 'leaves', 'angled,', 'the', 'progressively', 'shorter', '7-11', 'petioles-sessile', 'mm', 'thick,', 'westward.', 'the', 'or', 'd', 'protruding', 'are', 'elliptic', 'below.', 'with', 'blunt', 'tips', 'and', 'scattered', 'blunt', 'teeth,', 'with', 'the', 'veins', '-', 'more', 'and', 'clasping', 'near', 'veral', 'adjacent', 'multiple', 'racemes,', 'at', 'first', 'compact', 'with', 'flowers', 'depressed', 'the', 'ften', 'show', 'even', 'about', 'the', 'same', 'level,', 'giving', 'a', 'flat-topped', 'in', 'crowded', 'at', 'ed,', 'stage.', 'During', 'and', 'after', 'flowering', 'the', 'racemes', 'white', 'straight', 'pedicels', 'clusters', 'in', 'the', 'Inflorescence', 'bud', 'appearance', 'lengthen', 'strongly', 'bloom', 'little', 'The', 'and', 'crowded', 'cluster', 'lengthen', 'a', 'lot', '(ultimately', 'becoming', '3-5', 'times', 'as', 'long', 'as', 'the', 'flower)', 'a', 'the', 'vate,', 'where', 'the', 'members', 'of', 'adjacent', 'racemes', 'mingle.', 'Flowers', '6-10', 'mm', 'resulting', 'in', 'widely', 'spaced,', 'white', 'petals,', 'not', 'held', 'at', 'right', 'angles', 'to', 'each', 'other', 'Pods', 'short,', 'across', 'plump,', 'with', 'lopsided', 'four', 'heart-shaped,', 'with', 'a', 'line', 'dividing', 'them', 'into', 'two', 'unequal', '""halves.""', 'HABITAT:', 'Dis', 'turbed', 'sunny', 'areas', 'with', 'well-drained', 'soil;', 'fields,', 'roadsides,', 'vacantlots,', 'pastures', 'Introduced.', 'FOOD', 'USE:', 'Tender', 'new', 'shoots,', 'leafy', 'tops,', 'and', 'flower', 'bud', 'clusters', '(spring)', 'can', 'be', 'used', 'raw', 'or', 'cooked', 'like', 'strong', 'broccoli.', 'COMMENTS:', 'One', 'of', 'the', 'most', 'com-', 'mon', 'weedy', 'mus-', 'tards', 'of', 'urban', 'areas', 'in', 'the', 'High', 'Plains,', 'whitetop', 'can', 'often', 'be', 'collected', 'in', 'great', 'quantity', 'with', 'little', 'effort.', 'Some', 'other', 'mustards', 'are', 'also', 'sometimes', 'called', '""whitetop.""', 'AKALep-', 'idium', 'draba,', 'hoary', 'cress,', 'heart-pod', 'hoary', 'cress.', '347']","FOOD USE: Tendernew shoots, leafytops, and flowerbud clusters (spring)can be used raw orcooked like strongbroccoli.",True, Cardaria draba,"
    'shoots','leafytops','flowerbud clusters'"
000145-a.json,"['BASAL', 'LEAVES', 'PRESENT,', 'STEM', 'LEAVES', 'ALTERNATE,', 'OR', 'DIVIDED,', 'SAP', 'MILKY', 'LOBED', 'sow-thistle', 'Sonchus', 'asper', 'If', '1', '2', '18', 'Prickly', 'thistic', 'small', 'heads,', 'shallow', 'lobes,', 'stiff', 'with', 'sow']","FOOD USE: The peeled stalk of vigorously growing young plants in spring or earlysummer is good raw or cooked. It is crisp, mild. and sweet, but many specimens are toosmall to bother with. The leaves canbe eaten raw or cooked when theyare very young and tender. Cookingreduces the prickliness, and blend-ing in a smoothie eliminates it.FOOD USE: Tender leaves in springthrough early summer can be eatenraw or cooked. I especially like themfried.",True, Sonchus asper,"
    'stalks','leaves'"
000145-b.json,"['LEAVES', 'ALTERNATE,', 'Rattiesnake master', 'TOOTHED', 'Eryngium', '2', 'yuccifolium', '4', 'Apiaceae', '(Carrot', 'CHECK:', 'Long,', 'stiff,', 'family)', '2', 'clusters', 'of', 'tiny', 'pale', 'with', 'IPTION:', 'margins;', 'Perennial', 'a', 'embling', 'grass', 'or', 'mass.', 'folded,', 'Basal', 'to', 'and', 'leaves', 'erect', 'ascending.', 'often', 'strap-', ""1-3'"", 'U-channeled', 'but', 'not', ""needle-tipped, argins have widely the spaced, surface long, hairless and strongly glaucous. and 0.6-1.5' Veins (1.5-4 parallel cm) and wide, flat"", 'crowns ith are usually packed together, sharp, 2-5 semi-sliff bristle teeth. Stems single per crown or but nearly often so on both', 'thick walls, jointed, simple or few-branched (60-150 in cm) the tall upper and third, 0.3-0.6"" (8-15 the surface mm) hairless, thick, erect, crowded round,', 'glaucous. Stem leaves alternate, clasping, few per smooth, stalk and and', 'widely spaced, vertical, similar to basal leaves but progres-', 'sively smaller upward. Inflorescence few to several densely', 'packed heads (compact umbels) in an irregularly forking or', 'umbel-like cluster at the apex. Heads 0.4-1"" (1-2.5 cm) long,', 'ball or egg-shaped, pale, containing numerous flowers, spiky', 'from a stiff bract beneath each flower. There are long, stiff', 'bracts at the inflorescence junctures, and a whorl of 5-10', 'smaller bracts beneath most heads. Flowers (mid to late', 'summer) 2-3 mm wide with 5 white to faintly greenish, oblong.', 'blunt petals, not spreading widely; sexual parts protrude well', 'beyond the petals. Fruit an angled schizocarp 5-7 mm long', 'that splits in two at maturity.', 'HABITAT: Taligrass prairies and rich-soiled savannahs; now', 'mostly on roadsides and rocky ridges or slopes. Often planted', 'ornamentally. Native. A', 'FOOD USE: The tender bases of young shoots can be eaten', 'in late spring, raw or cooked. You may want to peel them.', 'Conservation', 'COMMENTS: This plant', 'has been used medicinal-', 'ly for many purposes-', 'including as a snakebite', 'remedy, hence the name.', 'The genus contains many', 'species, some of which', 'are traditional vegeta-', 'bles or flavorings in var-', 'ious parts of the world.', 'While our other species', 'are probably safe, this is', 'the only one that have', 'eaten on multiple occa-', 'sions. Like other tallgrass', 'prairie plants, it has suf-', 'fered greatly from hab-', 'itat loss. A relative,', 'E. !eavenworthii, lacks a', 'common name despite', 'being arguably the most', 'strikingly beautiful North', 'American plant. Check', 'tout', '349', 'LEAVES', 'ALTERNATE,', 'Rattiesnake', 'master', 'TOOTHED', 'Eryngium', '2', 'yuccifolium', '4', 'Apiaceae', '(Carrot', 'CHECK:', 'Long,', 'stiff,', 'family)', '2', 'clusters', 'of', 'tiny', 'pale', 'with', 'IPTION:', 'margins;', 'Perennial', 'a', 'embling', 'grass', 'or', 'mass.', 'folded,', 'Basal', 'to', 'and', 'leaves', 'erect', 'ascending.', 'often', 'strap-', ""1-3'"", 'U-channeled', 'but', 'not', 'needle-tipped,', 'argins', 'have', 'widely', 'the', 'spaced,', 'surface', 'long,', 'hairless', 'and', 'strongly', 'glaucous.', 'and', ""0.6-1.5'"", 'Veins', '(1.5-4', 'parallel', 'cm)', 'and', 'wide,', 'flat', 'crowns', 'ith', 'are', 'usually', 'packed', 'together,', 'sharp,', '2-5', 'semi-sliff', 'bristle', 'teeth.', 'Stems', 'single', 'per', 'crown', 'or', 'but', 'nearly', 'often', 'so', 'on', 'both', 'thick', 'walls,', 'jointed,', 'simple', 'or', 'few-branched', '(60-150', 'in', 'cm)', 'the', 'tall', 'upper', 'and', 'third,', '0.3-0.6"" (8-15', 'the', 'surface', 'mm)', 'hairless,', 'thick,', 'erect,', 'crowded', 'round,', 'glaucous.', 'Stem', 'leaves', 'alternate,', 'clasping,', 'few', 'per', 'smooth,', 'stalk', 'and', 'and', 'widely', 'spaced,', 'vertical,', 'similar', 'to', 'basal', 'leaves', 'but', 'progres-', 'sively', 'smaller', 'upward.', 'Inflorescence', 'few', 'to', 'several', 'densely', 'packed', 'heads', '(compact', 'umbels)', 'in', 'an', 'irregularly', 'forking', 'or', 'umbel-like', 'cluster', 'at', 'the', 'apex.', 'Heads', '0.4-1""', '(1-2.5', 'cm)', 'long,', 'ball or', 'egg-shaped,', 'pale,', 'containing', 'numerous', 'flowers,', 'spiky', 'from', 'a', 'stiff', 'bract', 'beneath', 'each', 'flower.', 'There', 'are', 'long,', 'stiff', 'bracts', 'at', 'the', 'inflorescence', 'junctures,', 'and', 'a', 'whorl', 'of', '5-10', 'smaller', 'bracts', 'beneath', 'most', 'heads.', 'Flowers', '(mid', 'to', 'late', 'summer)', '2-3', 'mm', 'wide', 'with 5', 'white', 'to', 'faintly', 'greenish,', 'oblong.', 'blunt', 'petals,', 'not', 'spreading', 'widely;', 'sexual', 'parts', 'protrude', 'well', 'beyond', 'the', 'petals.', 'Fruit', 'an', 'angled', 'schizocarp', '5-7', 'mm', 'long', 'that', 'splits', 'in', 'two', 'at', 'maturity.', 'HABITAT:', 'Taligrass', 'prairies', 'and', 'rich-soiled', 'savannahs;', 'now', 'mostly', 'on', 'roadsides', 'and', 'rocky', 'ridges', 'or', 'slopes.', 'Often', 'planted', 'ornamentally.', 'Native.', 'A', 'FOOD', 'USE:', 'The', 'tender', 'bases', 'of', 'young', 'shoots', 'can', 'be', 'eaten', 'in', 'late', 'spring,', 'raw', 'or', 'cooked.', 'You', 'may', 'want', 'to', 'peel', 'them.', 'Conservation', 'COMMENTS:', 'This', 'plant', 'has', 'been used', 'medicinal-', 'ly', 'for', 'many', 'purposes-', 'including', 'as', 'a', 'snakebite', 'remedy,', 'hence', 'the', 'name.', 'The', 'genus', 'contains', 'many', 'species,', 'some', 'of', 'which', 'are', 'traditional', 'vegeta-', 'bles', 'or', 'flavorings', 'in', 'var-', 'ious', 'parts', 'of', 'the', 'world.', 'While', 'our', 'other', 'species', 'are', 'probably', 'safe,', 'this', 'is', 'the', 'only', 'one', 'that', 'have', 'eaten', 'on', 'multiple', 'occa-', 'sions.', 'Like', 'other', 'tallgrass', 'prairie', 'plants,', 'it', 'has', 'suf-', 'fered', 'greatly', 'from', 'hab-', 'itat', 'loss.', 'A', 'relative,', 'E.', '!eavenworthii,', 'lacks', 'a', 'common', 'name', 'despite', 'being', 'arguably', 'the', 'most', 'strikingly', 'beautiful', 'North', 'American', 'plant.', 'Check', 'tout', '349']","FOOD USE: The tender bases of young shoots can be eatenin late spring, raw or cooked. You may want to peel them.Conservation",True, Eryngium yuccifolium,"
    'bases','young shoots'"
000147-b.json,"['BASAL LEAVES PRESENT, STEM LEAVES ALTERNATE, TOOTHED', ""'rairie-dock 2"", 'ilphium terebinthinaceum', 'steraceae (Composite family)', 'CHECK: reduced Enormous basal leaves held erect on long petioles; very tall stems with', 'e, leaves and large, yellow, composite heads. ID difficulty 1.', 'PTION: Perennial, the larger plants with multiple rosettes from a multi-headed', 'asal leaves 10-22 (25-56 cm) long, elliptic to ovate, thick tough, flat except small', 'he basal lobes, bumpy, rough-hairy below, hoirless above Veins raised on both sides;', 'y veins numerous and prominent, 65-90° to the midvein. Margins hairy, usually', ""l'id nipple-tipped teeth (occasionally they are lobed or entire). Petioles erect, straight, stiff, 8o-350%"", 'length, solid, roundish, not channeled or keeled, roughened scattered', 'BOOK', 'shaped d. e leaves with but 1-3"" small greatly (2.5-7 sheath reduced, cm), single by few, 6-9\' short, curled, (2-3 by stiff, basal m) clasping, hairs tall, leaves) 0.5-0.8"" oriented are', 'a at the base. Stem leaves on the lower third (often hidden', 'widely spaced on short petioles; above this are sheath-', 'often with maroon veins. Stems to', 'n) thick, with scattered bumps but nearly hairless, round, rigid, solid, erect, branching only in the', 'i. the branches long, naked, and strongly ascending. Inflorescence consists of 5-35 widely-spaced,', 'like heads at the ends of thin, smooth, hairless peduncles 1.5-9"" (4-23 cm) long. Flower heads (mid', ', early autumn) composite, to 3.5"" (9 cm) wide, backed by smooth, layered bracts. Ray florets long,', 'tched at the tip, grooved, bright yellow. Disk florets yellow with triangular lobes, but the base of', ', is dark brown.', 'NG PLANTS: Elecampane Inula helenium has narrower leaves with more pointed tips, and the stem', 'leaves are more prominent.', 'HABITAT: Sunny, well-drained to moist prairies, roadsides, woodland openings', 'and borders-today most commonly on rocky ridges or swamp margins. Native,', 'but often planted ornamentally. &', 'FOOD USE: The tender young shoots of the flower stalks, appearing in mid-', 'summer, can be peeled and eaten raw or cooked. They are mild, tender, and', 'slightly sweet. Conservation 2.', 'COMMENTS: This is an absolutely striking and unforgettable plant, one of our', 'largest herbs. It has lost much habitat due to fire suppression and agriculture,', 'and should be considered for native restorations and ornamental plantings', 'Eating one shoot will not harm a healthy plant, but let most stalks go to bloom.', 'Tender shoot Notice the', 'entire leaf margins on', 'this plant', '353', 'BASAL', 'LEAVES', 'PRESENT,', 'STEM', 'LEAVES', 'ALTERNATE,', 'TOOTHED', ""'rairie-dock"", '2', 'ilphium', 'terebinthinaceum', 'steraceae', '(Composite', 'family)', 'CHECK:', 'reduced', 'Enormous', 'basal', 'leaves', 'held', 'erect', 'on', 'long', 'petioles;', 'very', 'tall', 'stems', 'with', 'e,', 'leaves', 'and', 'large,', 'yellow,', 'composite', 'heads.', 'ID', 'difficulty', '1.', 'PTION:', 'Perennial,', 'the', 'larger', 'plants', 'with', 'multiple', 'rosettes', 'from', 'a', 'multi-headed', 'asal leaves', '10-22', '(25-56', 'cm)', 'long,', 'elliptic', 'to', 'ovate,', 'thick', 'tough,', 'flat', 'except', 'small', 'he', 'basal', 'lobes,', 'bumpy,', 'rough-hairy', 'below,', 'hoirless', 'above', 'Veins', 'raised', 'on', 'both', 'sides;', 'y', 'veins', 'numerous', 'and', 'prominent,', '65-90°', 'to', 'the', 'midvein.', 'Margins', 'hairy,', 'usually', ""l'id"", 'nipple-tipped', 'teeth', '(occasionally', 'they', 'are', 'lobed', 'or', 'entire).', 'Petioles', 'erect,', 'straight,', 'stiff,', '8o-350%', 'length,', 'solid,', 'roundish,', 'not', 'channeled', 'or', 'keeled,', 'roughened', 'scattered', 'BOOK', 'shaped', 'd.', 'e', 'leaves', 'with', 'but', '1-3""', 'small', 'greatly', '(2.5-7', 'sheath', 'reduced,', 'cm),', 'single', 'by', 'few,', ""6-9'"", 'short,', 'curled,', '(2-3', 'by', 'stiff,', 'basal', 'm)', 'clasping,', 'hairs', 'tall,', 'leaves)', '0.5-0.8""', 'oriented', 'are', 'a', 'at', 'the', 'base.', 'Stem', 'leaves', 'on', 'the', 'lower', 'third', '(often', 'hidden', 'widely', 'spaced', 'on', 'short', 'petioles;', 'above', 'this', 'are', 'sheath-', 'often', 'with', 'maroon', 'veins.', 'Stems', 'to', 'n)', 'thick,', 'with', 'scattered', 'bumps', 'but', 'nearly', 'hairless,', 'round,', 'rigid,', 'solid,', 'erect,', 'branching', 'only', 'in', 'the', 'i.', 'the', 'branches', 'long,', 'naked,', 'and', 'strongly', 'ascending.', 'Inflorescence', 'consists', 'of', '5-35', 'widely-spaced,', 'like', 'heads', 'at', 'the', 'ends', 'of', 'thin,', 'smooth,', 'hairless', 'peduncles', '1.5-9""', '(4-23', 'cm)', 'long.', 'Flower', 'heads', '(mid', ',', 'early', 'autumn)', 'composite,', 'to', '3.5""', '(9', 'cm)', 'wide,', 'backed', 'by', 'smooth,', 'layered', 'bracts.', 'Ray', 'florets', 'long,', 'tched', 'at', 'the', 'tip,', 'grooved,', 'bright', 'yellow.', 'Disk', 'florets', 'yellow', 'with', 'triangular', 'lobes,', 'but', 'the', 'base', 'of', ',', 'is', 'dark', 'brown.', 'NG', 'PLANTS:', 'Elecampane', 'Inula', 'helenium', 'has', 'narrower', 'leaves', 'with', 'more', 'pointed', 'tips,', 'and', 'the', 'stem', 'leaves', 'are', 'more', 'prominent.', 'HABITAT:', 'Sunny,', 'well-drained', 'to', 'moist', 'prairies,', 'roadsides,', 'woodland', 'openings', 'and', 'borders-today', 'most', 'commonly', 'on', 'rocky', 'ridges', 'or', 'swamp', 'margins.', 'Native,', 'but', 'often', 'planted', 'ornamentally.', '&', 'FOOD', 'USE:', 'The', 'tender', 'young', 'shoots', 'of', 'the', 'flower', 'stalks,', 'appearing', 'in', 'mid-', 'summer,', 'can', 'be', 'peeled', 'and', 'eaten', 'raw', 'or', 'cooked.', 'They', 'are', 'mild,', 'tender,', 'and', 'slightly', 'sweet.', 'Conservation', '2.', 'COMMENTS:', 'This', 'is', 'an', 'absolutely', 'striking', 'and', 'unforgettable', 'plant,', 'one', 'of', 'our', 'largest', 'herbs.', 'It', 'has', 'lost', 'much', 'habitat', 'due', 'to', 'fire', 'suppression', 'and', 'agriculture,', 'and', 'should', 'be', 'considered', 'for', 'native', 'restorations', 'and', 'ornamental', 'plantings', 'Eating', 'one', 'shoot', 'will', 'not', 'harm', 'a', 'healthy', 'plant,', 'but', 'let', 'most', 'stalks', 'go', 'to', 'bloom.', 'Tender', 'shoot', 'Notice', 'the', 'entire', 'leaf', 'margins', 'on', 'this', 'plant', '353']","FOOD USE: The tender young shoots of the flower stalks, appearing in mid-summer, can be peeled and eaten raw or cooked. They are mild, tender, andslightly sweet. Conservation 2.",True,ilphium terebinthinaceum,"
    'shoots'"
000148-b.json,"['BASAL', 'LEAVES', 'Canada', 'ALTERNATE,', 'violet', 'TOOTHED', '23', 'Viola', '[.]', 'canadensis', 'IWE-375', 'family', 'Violaceae', 'CHECK:', 'Short', 'petaled', 'irregular', 'with', 'IPTION:', 'stipules;', 'Short', 'ive', 'parts', 'is', 'highly', 'hers', 'rhizome.', 'are', 'densely', 'Hairiness', 'of', 'hairy.', 'the', 'blunt', 'to', 'acuminate.', 'completely', 'hairless,', 'Veins', 'other', 'nearby', 'semi-palmate,', 'pair', 'arching', 'with', 'or', 'heart-shaped,', 'toward', 'the', 'major', 'tip.', 'veins', 'Veins', 'from', 'and', 'the', 'veinlets', 'base,', 'are', 'depressed', 'above', 'and', 'protrude', 'below.', 'Margins have widely spaced, white-', 'lippedteeth, shaped like a wave cresting', 'toward the leaftip. Petioles thin, chan-', 'neied, green, 1-4 times the bladelength', 'Stem to 13"" (33 cm) tall and 2-3 mm', 'thick, zigzag, light green, round, smooth,', 'solid, the internodes long. Stem leaves', 'alternate, smaller and narrower with', 'shorter petioles and long-acuminate', 'tips. Stipules narrow, entire, 0.5-0.6""', '(13-15mm)long. Flowers single on long,', 'erect, hooked pediceis from upper leaf', 'axils. Pedicels have an offset pair of tiny', 'bracts, and each flower has a calyx', 'of 5 separate, pointed, linear sepals', 'shorter than the petals. Corolta 5 pet-', 'als of unequal size, the largest (head)', 'pointing down and spurred at the base,', 'one pair (arms) spreading, and another', 'pair (legs) pointing back toward the', 'stem. Petals white with a yellow base.', 'the lower 3 with darkened purple veins,', 'the ""arm"" petals with ""hairy armpits.', 'Petal backs are light violet. Hidden,', 'self-tertile flowers are occasionally pro-', 'duced in the axils of upper leaves after', 'the showy flowers are done. Pod round', 'to elliptic, 5-12 mm long.', 'HABITAT: Rich-soiled but usually', 'rocky deciduous forests, especially', 'on slopes. Native.', 'FOOD USE: Tender young leaves in', 'spring, raw or cooked. Conservation 2.', 'COMMENTS: This is my favorite vio-', 'let to eat. The leaves are tender, large,', 'and mild-tasting with an exotic hint of', 'wintergreen. Occurrence of this spe-', 'cies can be hard to predict, but it is', 'locally abundant. Because of its great', 'regional variation it has been divided', 'into a number of forms or subspecies.', 'All true violets (in the genus Viola) are', 'safe There are many stemmed species', 'with a variety of leaf shapes. (Stemless', 'violets are in group 19.)', '355', 'BASAL', 'LEAVES', 'Canada', 'ALTERNATE,', 'violet', 'TOOTHED', '23', 'Viola', '[.]', 'canadensis', 'IWE-375', 'family', 'Violaceae', 'CHECK:', 'Short', 'petaled', 'irregular', 'with', 'IPTION:', 'stipules;', 'Short', 'ive', 'parts', 'is', 'highly', 'hers', 'rhizome.', 'are', 'densely', 'Hairiness', 'of', 'hairy.', 'the', 'blunt', 'to', 'acuminate.', 'completely', 'hairless,', 'Veins', 'other', 'nearby', 'semi-palmate,', 'pair', 'arching', 'with', 'or', 'heart-shaped,', 'toward', 'the', 'major', 'tip.', 'veins', 'Veins', 'from', 'and', 'the', 'veinlets', 'base,', 'are', 'depressed', 'above', 'and', 'protrude', 'below.', 'Margins', 'have', 'widely', 'spaced,', 'white-', 'lippedteeth,', 'shaped', 'like', 'a', 'wave', 'cresting', 'toward', 'the', 'leaftip.', 'Petioles', 'thin,', 'chan-', 'neied,', 'green,', '1-4', 'times', 'the', 'bladelength', 'Stem', 'to', '13""', '(33', 'cm)', 'tall', 'and', '2-3', 'mm', 'thick,', 'zigzag,', 'light', 'green,', 'round,', 'smooth,', 'solid,', 'the', 'internodes long.', 'Stem', 'leaves', 'alternate,', 'smaller', 'and', 'narrower', 'with', 'shorter', 'petioles', 'and', 'long-acuminate', 'tips.', 'Stipules', 'narrow,', 'entire,', '0.5-0.6""', '(13-15mm)long.', 'Flowers', 'single', 'on', 'long,', 'erect,', 'hooked', 'pediceis', 'from', 'upper', 'leaf', 'axils.', 'Pedicels', 'have', 'an', 'offset', 'pair', 'of', 'tiny', 'bracts,', 'and', 'each', 'flower', 'has', 'a', 'calyx', 'of', '5', 'separate,', 'pointed,', 'linear', 'sepals', 'shorter', 'than', 'the', 'petals.', 'Corolta', '5', 'pet-', 'als', 'of', 'unequal', 'size,', 'the', 'largest', '(head)', 'pointing', 'down', 'and', 'spurred', 'at', 'the', 'base,', 'one', 'pair', '(arms)', 'spreading,', 'and', 'another', 'pair', '(legs)', 'pointing', 'back', 'toward', 'the', 'stem.', 'Petals', 'white', 'with', 'a', 'yellow', 'base.', 'the', 'lower', '3', 'with', 'darkened', 'purple', 'veins,', 'the', '""arm""', 'petals', 'with', '""hairy', 'armpits.', 'Petal', 'backs', 'are', 'light', 'violet.', 'Hidden,', 'self-tertile', 'flowers', 'are', 'occasionally', 'pro-', 'duced', 'in', 'the', 'axils', 'of', 'upper', 'leaves', 'after', 'the', 'showy', 'flowers', 'are', 'done.', 'Pod', 'round', 'to', 'elliptic,', '5-12', 'mm long.', 'HABITAT:', 'Rich-soiled', 'but', 'usually', 'rocky', 'deciduous', 'forests,', 'especially', 'on', 'slopes.', 'Native.', 'FOOD', 'USE:', 'Tender', 'young', 'leaves', 'in', 'spring,', 'raw', 'or', 'cooked.', 'Conservation', '2.', 'COMMENTS:', 'This', 'is', 'my', 'favorite', 'vio-', 'let', 'to', 'eat.', 'The', 'leaves', 'are', 'tender,', 'large,', 'and', 'mild-tasting', 'with', 'an', 'exotic', 'hint', 'of', 'wintergreen.', 'Occurrence', 'of', 'this', 'spe-', 'cies', 'can', 'be', 'hard', 'to', 'predict,', 'but', 'it', 'is', 'locally', 'abundant.', 'Because', 'of', 'its', 'great', 'regional', 'variation', 'it', 'has', 'been', 'divided', 'into', 'a', 'number', 'of', 'forms', 'or', 'subspecies.', 'All', 'true', 'violets', '(in', 'the', 'genus', 'Viola)', 'are', 'safe', 'There', 'are', 'many', 'stemmed', 'species', 'with', 'a', 'variety', 'of', 'leaf', 'shapes.', '(Stemless', 'violets', 'are', 'in', 'group', '19.)', '355']","FOOD USE: Tender young leaves inspring, raw or cooked. Conservation 2.",True, Viola canadensis,"
    'leaves'"
000149-a.json,"['BASAL', 'LEAVES', 'PRESENT,', 'LEAVES', 'ALTERNATE,', 'LOBED', 'DIVIDED,', 'SAP', 'NOT', 'MILKY', 'OR', '1', 'Scarlet paintbrush', '2', '1212', 'Castilleja', 'coccinea', 'family', 'Orobanchaceae', 'CHECK: Shin-high herb with leaning scarlet tops in spring; lower leaves linear']","FOOD USE: The tender tops, includingthe flowers, can be eaten raw or cooked.Conservation 2.",True, Castilleja coccinea,"
    'tops','flowers'"
000149-b.json,"['BASAL', 'LEAVES', 'PRESENT.', 'STEM', 'LOBED', 'LEAVES', 'OR', 'DIVIDED,', 'ALTERNATE.', 'exas skeletonplant', 'SAP', '2', '3', 'ygodesmia', '3', 'texana', '33', 'Asteraceae', 'CHECK:', '(Composite', 'Thin,', 'lanky,', 'family)', 'light purple florets. ID difficulty', 'linear', 'leaves', 'and', 'widely', 'spaced,', 'broad', 'PTION:', 'Perennial', 'from', 'a', 'ves', '4-8""', '(10-20', 'by', 'rhizome.', 'Latex', 'row,', 'short,', 'white.', 'linear', 'lobes.', 'Blades', 'linear,', 'with', 'd faintly', 'widely-spaced,', 'visible', 'below.', 'Rosette', 'veins', 'eventually', 'parallel', 'but', 'dy', 'disappears', 'obscure', 'erect', 'to', 'leaning', 'or', 'lax,', 'often', 'during', 'gle reading. or few, Stem roundish, leaves smooth to minutely roughened, by surrounding hairless, vegetation, to 28"" (70 cm) tall and 4-5 mm', 'supported', 'flowering.', 'Stems', 'lanky', 'illy with short, alternate. widely spaced, sessile, to 6"" (15 faintly angled. Branches sparse and', 'channeled a Flower outward-pointing tooth or lobe), long-tapered to cm) the long and 6 mm wide, linear (only', 'ide, cylindrical, with heads (May-Sept.) few and widely spaced, the base involucres and the 0.8"" sharp (2 tip. the blade and', 'ts 8-12 per head, long, ridged, hairless bracts, appearing conjoined; free only cm) long', 'rays only. the open head spreading 1.1-1.5"" (28-38 mm) across. near the Sexual sharp columns recurved', 'in the center are long, purple,', 'and curvy. The seed is small', 'with attached bristles but no', 'parachute.', 'HABITAT: Dry, sunny loca-', 'tions: Open forests and', 'savannahs, roadsides, prai-', 'ries, fields. Native. A', 'FOOD USE: Every tender', 'part above ground is edible', 'and excellent: leaves, stems,', 'peduncles. and flower buds.', 'These are most abundant in', 'early summer but new ten-', 'der growth appears in small', 'amounts any time the plants', 'are flowering Conservation 2', 'COMMENTS: Because of the', 'small volume embodied in this', 'plant it is probably easier to', 'overharvest than most mem-', 'bers of this group, especially', 'when harvesting shoots. If', 'you eat it, curate it: plant ripe', 'seeds in small disturbances to', 'help propagation.', 'RELATED EDIBLES: L. jun-', 'cea is much more widespread', 'but also much smaller; it has', 'no basal leaves. Rose-rush', 'L. aphylla is found in sandy', 'pine woodlands and savan-', 'nahs mostly in Florida; it is', 'almost identical to Texas', 'skeletonplant, but the', 'stems are leafless It has', 'declined greatly due to fire', 'they', 'mostly', 'suppression.', 'are', 'd', 'No', 'lobes', 'are', 'visible', 'confined', 'to', 'basal', '359', 'BASAL', 'LEAVES', 'PRESENT.', 'STEM', 'LOBED', 'LEAVES', 'OR', 'DIVIDED,', 'ALTERNATE.', 'exas', 'skeletonplant', 'SAP', '2', '3', 'ygodesmia', '3', 'texana', '33', 'Asteraceae', 'CHECK:', '(Composite', 'Thin,', 'lanky,', 'family)', 'light', 'purple', 'florets.', 'ID', 'difficulty', 'linear', 'leaves', 'and', 'widely', 'spaced,', 'broad', 'PTION:', 'Perennial', 'from', 'a', 'ves', '4-8""', '(10-20', 'by', 'rhizome.', 'Latex', 'row,', 'short,', 'white.', 'linear', 'lobes.', 'Blades', 'linear,', 'with', 'd faintly', 'widely-spaced,', 'visible', 'below.', 'Rosette', 'veins', 'eventually', 'parallel', 'but', 'dy', 'disappears', 'obscure', 'erect', 'to', 'leaning', 'or', 'lax,', 'often', 'during', 'gle', 'reading.', 'or', 'few,', 'Stem', 'roundish,', 'leaves', 'smooth', 'to', 'minutely', 'roughened,', 'by', 'surrounding', 'hairless,', 'vegetation,', 'to', '28""', '(70', 'cm)', 'tall', 'and', '4-5', 'mm', 'supported', 'flowering.', 'Stems', 'lanky', 'illy', 'with', 'short,', 'alternate.', 'widely', 'spaced,', 'sessile,', 'to', '6""', '(15', 'faintly', 'angled.', 'Branches', 'sparse', 'and', 'channeled', 'a', 'Flower', 'outward-pointing', 'tooth', 'or', 'lobe),', 'long-tapered', 'to', 'cm)', 'the', 'long', 'and', '6', 'mm wide,', 'linear', '(only', 'ide,', 'cylindrical,', 'with', 'heads', '(May-Sept.)', 'few', 'and', 'widely', 'spaced,', 'the', 'base', 'involucres', 'and', 'the', '0.8""', 'sharp', '(2', 'tip.', 'the', 'blade', 'and', 'ts', '8-12', 'per', 'head,', 'long,', 'ridged,', 'hairless', 'bracts,', 'appearing', 'conjoined;', 'free', 'only', 'cm)', 'long', 'rays', 'only.', 'the', 'open', 'head', 'spreading', '1.1-1.5""', '(28-38', 'mm)', 'across.', 'near', 'the', 'Sexual', 'sharp', 'columns', 'recurved', 'in', 'the', 'center', 'are', 'long,', 'purple,', 'and', 'curvy.', 'The', 'seed', 'is', 'small', 'with', 'attached', 'bristles', 'but', 'no', 'parachute.', 'HABITAT:', 'Dry,', 'sunny', 'loca-', 'tions:', 'Open', 'forests', 'and', 'savannahs,', 'roadsides,', 'prai-', 'ries,', 'fields.', 'Native.', 'A', 'FOOD', 'USE:', 'Every', 'tender', 'part', 'above', 'ground', 'is', 'edible', 'and', 'excellent:', 'leaves,', 'stems,', 'peduncles.', 'and', 'flower', 'buds.', 'These', 'are', 'most', 'abundant', 'in', 'early', 'summer', 'but', 'new', 'ten-', 'der', 'growth', 'appears', 'in', 'small', 'amounts', 'any', 'time', 'the', 'plants', 'are', 'flowering', 'Conservation 2', 'COMMENTS:', 'Because', 'of', 'the', 'small', 'volume', 'embodied', 'in', 'this', 'plant', 'it', 'is', 'probably', 'easier', 'to', 'overharvest', 'than', 'most', 'mem-', 'bers', 'of', 'this', 'group,', 'especially', 'when', 'harvesting', 'shoots.', 'If', 'you', 'eat', 'it,', 'curate', 'it:', 'plant', 'ripe', 'seeds', 'in', 'small', 'disturbances', 'to', 'help', 'propagation.', 'RELATED', 'EDIBLES:', 'L.', 'jun-', 'cea', 'is', 'much', 'more', 'widespread', 'but', 'also', 'much', 'smaller;', 'it', 'has', 'no', 'basal', 'leaves.', 'Rose-rush', 'L.', 'aphylla', 'is', 'found', 'in', 'sandy', 'pine', 'woodlands', 'and', 'savan-', 'nahs', 'mostly', 'in', 'Florida;', 'it', 'is', 'almost', 'identical', 'to', 'Texas', 'skeletonplant,', 'but', 'the', 'stems', 'are', 'leafless', 'It', 'has', 'declined', 'greatly', 'due', 'to', 'fire', 'they', 'mostly', 'suppression.', 'are', 'd', 'No', 'lobes', 'are', 'visible', 'confined', 'to', 'basal', '359']","FOOD USE: Every tenderpart above ground is edibleand excellent: leaves, stems,peduncles. and flower buds.These are most abundant inearly summer but new ten-der growth appears in smallamounts any time the plantsare flowering Conservation 2",True,ygodesmia texana,"
    'leaves','stems','peduncles','flower buds'"
000150-a.json,"['BASAL LEAVES PRESENT, LEAVES ALTERNATE,', 'LOBED OR DIVIDED, SAP NOT MILKY', '3 Povertyweed it 2', 'Monolepis nuttalliana', 'family Amaranthaceae']","FOOD USE: Young, tender stems and leaves can be eatenraw or cooked. Conservation 1.",True, Monolepis nuttalliana,"
    'Young stems','Young leaves'"
000151-a.json,"['LEAVES', 'PRESENT,', 'LEAVES', 'ALTERNATE,', 'BASAL', 'LOBED', 'DIVIDED,', 'SAP', 'NOT', 'MILKY', 'OR', 'mallow', '2', '2', '2', '212', '5', 'Callirhoe Fringed poppy pedata Malvaceae (Mallow family)', 'plant with a loose, spreading cluster of bright ID pink-purple difficulty 2.']","FOOD USE: The small thickened root is excellent when cooked. Young leaves, shoots, and flower buds areall better than those of purple poppy-mallow. Conservation 3/2.",True, Callirhoe pedata,"
    'roots','Young leaves','shoots','flower buds'"
000152-a.json,"['LEAVES PRESENT. LEAVES ALTERNATE,', 'LOBED BASAL OR DIVIDED, SAP NOT MILKY', '2', '92', '7 Malva Musk mallow moschata Malvaceae (Mallow family)']","FOOD USE: All the tender parts are edible, but the young leaves and flower bud clusters are best.",True, Malva moschata,"
    'young leaves','flower bud clusters'"
000152-b.json,"['1 om', 'BASAL LEAVES PRESENT. STEM LEAVES ALTERNATE,', 'LOBED OR DIVIDED, SAP MILKY', 'Nipplewort', '2', '2', '.apsana communis', 'Asteraceae (Composite family)', 'lar, CHECK: coarsely Hairy lobed leaves with depressed veins, almost all surface area in', 'toothed, terminal lobe; tiny heads of yellow flowers ID difficulty large,', 'IPTION: whitish Winter annual with milky sap. Rosette leaves 3-7 (8-18 2. a', 'I lobe midrib that has a few small, blunt, widely spaced lobes, and cm) a much long with', 'obtuse containing most of the surface area. Lobe margins are hairy with larger', 'teeth tipped with white nipples. Blades are hairy on both surfaces large, with', 'lepressed section, veins on top: they are thin and velvety to the touch. Midrlb D-shaped or bluntly triangular', 'not channeled, decreasing in length up the stem, densely covered with long, erect hairs', 'rect, hollow, thin, roundish with very minor angles (especially in the lower part), 2-6 (60-18o cm)', '3-9 mm thick, soft-hairy, branching in the upper half, which is sparsely lealed. Stem leaves become', 'sively smaller, the petioles shorter, the terminal lobe more triangular. Their teeth have mucronate', 'permost leaves may be entire and nearly sessile. Inflorescence a loose, terminal panicle, the heads', 'hin, straight, naked peduncles. Heads cylindrical, 5-8 mmlong with B-15 yellow ray florets spreading', 'across. The seeds have no parachute (pappus). They are borne inside a capsule-li enclosure formed', 'acts, which persist on dead stalks.', 'HABITAT: Moist, rich, disturbed soil in full to', 'partial shade. Pastures, backyards, gardens, and', 'especially dirt roads or trails through wooded', 'areas. Introduced.', 'FOOD USE: Gather young leaves from robust', 'rosettes, especially where crowding keeps them', 'off the ground, as their texture can hold dirt. These', 'are available mostly in spring, less so in summer', 'and fall. Use in salads or as a potherb. Tender', 'shoots with attached leaves, in late spring or early', 'summer, also make a nice cooked vegetable.', 'COMMENTS: This weed is widespread and spo-', 'radically abundant in much of our region. It is', 'better known and more appreciated by foragers', 'in Europe, where it is native.', '365', '1 om', 'BASAL', 'LEAVES', 'PRESENT.', 'STEM', 'LEAVES', 'ALTERNATE,', 'LOBED', 'OR', 'DIVIDED,', 'SAP', 'MILKY', 'Nipplewort', '2', '2', '.apsana', 'communis', 'Asteraceae', '(Composite', 'family)', 'lar,', 'CHECK:', 'coarsely', 'Hairy', 'lobed', 'leaves', 'with', 'depressed', 'veins,', 'almost', 'all', 'surface', 'area', 'in', 'toothed,', 'terminal', 'lobe;', 'tiny', 'heads', 'of', 'yellow', 'flowers', 'ID', 'difficulty', 'large,', 'IPTION:', 'whitish', 'Winter', 'annual', 'with', 'milky', 'sap.', 'Rosette', 'leaves', '3-7', '(8-18', '2.', 'a', 'I', 'lobe', 'midrib', 'that', 'has', 'a', 'few', 'small,', 'blunt,', 'widely', 'spaced', 'lobes,', 'and', 'cm)', 'a', 'much', 'long', 'with', 'obtuse', 'containing', 'most', 'of', 'the', 'surface', 'area.', 'Lobe', 'margins', 'are', 'hairy', 'with', 'larger', 'teeth', 'tipped', 'with', 'white', 'nipples.', 'Blades', 'are', 'hairy', 'on', 'both', 'surfaces', 'large,', 'with', 'lepressed', 'section,', 'veins', 'on', 'top:', 'they', 'are', 'thin', 'and', 'velvety', 'to', 'the', 'touch.', 'Midrlb', 'D-shaped', 'or', 'bluntly', 'triangular', 'not', 'channeled,', 'decreasing', 'in', 'length', 'up', 'the', 'stem,', 'densely', 'covered', 'with', 'long,', 'erect', 'hairs', 'rect,', 'hollow,', 'thin,', 'roundish', 'with', 'very', 'minor', 'angles', '(especially', 'in', 'the', 'lower', 'part),', '2-6', '(60-18o', 'cm)', '3-9', 'mm', 'thick,', 'soft-hairy,', 'branching', 'in', 'the', 'upper', 'half,', 'which', 'is', 'sparsely', 'lealed.', 'Stem', 'leaves', 'become', 'sively', 'smaller,', 'the', 'petioles', 'shorter,', 'the', 'terminal', 'lobe', 'more', 'triangular.', 'Their', 'teeth', 'have', 'mucronate', 'permost', 'leaves', 'may', 'be', 'entire', 'and', 'nearly', 'sessile.', 'Inflorescence', 'a', 'loose,', 'terminal', 'panicle,', 'the', 'heads', 'hin,', 'straight,', 'naked', 'peduncles.', 'Heads', 'cylindrical,', '5-8', 'mmlong', 'with', 'B-15', 'yellow', 'ray', 'florets', 'spreading', 'across.', 'The', 'seeds', 'have', 'no', 'parachute', '(pappus).', 'They', 'are', 'borne', 'inside', 'a', 'capsule-li', 'enclosure', 'formed', 'acts,', 'which', 'persist', 'on', 'dead', 'stalks.', 'HABITAT:', 'Moist,', 'rich,', 'disturbed', 'soil', 'in', 'full', 'to', 'partial', 'shade.', 'Pastures,', 'backyards,', 'gardens,', 'and', 'especially', 'dirt', 'roads', 'or', 'trails', 'through', 'wooded', 'areas.', 'Introduced.', 'FOOD', 'USE:', 'Gather', 'young', 'leaves', 'from', 'robust', 'rosettes,', 'especially', 'where', 'crowding', 'keeps', 'them', 'off', 'the', 'ground,', 'as', 'their', 'texture', 'can', 'hold', 'dirt.', 'These', 'are', 'available', 'mostly', 'in', 'spring,', 'less', 'so', 'in', 'summer', 'and', 'fall.', 'Use', 'in', 'salads', 'or', 'as', 'a', 'potherb.', 'Tender', 'shoots', 'with', 'attached', 'leaves,', 'in', 'late', 'spring', 'or', 'early', 'summer,', 'also', 'make', 'a', 'nice', 'cooked', 'vegetable.', 'COMMENTS:', 'This', 'weed', 'is', 'widespread', 'and', 'spo-', 'radically', 'abundant', 'in', 'much', 'of', 'our', 'region.', 'It', 'is', 'better', 'known', 'and', 'more', 'appreciated', 'by', 'foragers', 'in', 'Europe,', 'where', 'it', 'is', 'native.', '365']","FOOD USE: Gather young leaves from robustrosettes, especially where crowding keeps themoff the ground, as their texture can hold dirt. Theseare available mostly in spring, less so in summerand fall. Use in salads or as a potherb. Tendershoots with attached leaves, in late spring or earlysummer, also make a nice cooked vegetable.",True,apsana communis,"
    'young leaves','tendershoots'"
000153-a.json,"['BASAL LEAVES PRESENT, LEAVES ALTERNATE,', 'LOBED OR DIVIDED, SAP NOT MILKY', 'Glade', 'mallow', '2', '333', '2', '3', '22', '9', 'Napaea dioica Malvaceae (Mallow family)', 'CHECK: Very large palmately lobed leaves; thin stems reach difficulty over your head;']","FOOD USE: The roots are large and only slightly stringy, with excel-lent flavor. Young petioles and peeled shoots are large and excellent.Leaves are tender at first but become slightly coarse even while stillruffled; after this they should be cooked or used in a smoothie. Flowersand flower buds are also good. All these parts are slimy, and make agood soup thickener. Conservation 3/2.",True, Napaea dioica," ['roots','young petioles','peeled shoots','leaves','flowers','flower buds']"
000153-b.json,"['BASAL LEAVES PRESENT, LOBED ALTERNATE,', 'OR', 'DIVIDED,', 'Carolina dandelion', 'MILKY', '1', 'Pyrrhopappus', 'carolinianus', 'Asteraceae', 'CHECK:', '(Composite', 'Rosette', 'family)', 'of', 'narrow', 'eaves; showy yellow flowerheads. ID difficulty', 'multiple', 'branching', 'stems', 'with']","FOOD USE: Another of thedandelion-like bitter greens, theyoung leaves are edible raw orcooked. Conservation 1.",True, Pyrrhopappus carolinianus,"
    'young leaves'"
000155-a.json,"['LEAVES', 'PRESENT,', 'LEAVES', 'ALTERNATE,', 'BASAL', 'LOBED', 'DIVIDED,', 'SAP', 'NOT', 'MILKY', 'OR', 'Pansy', '2', '14', 'Viola bicolor family Violaceae']","FOOD USE: Eat all tender parts,including the flowers, in spring. Theyare pleasant raw as a nibble or in sal-ads, with an interesting wintergreenflavor. Conservation",True, Viola bicolor,"
    'flowers'"
000156-a.json,"['LOBED OR DIVIDED, SAP NOT MILKY', 'BASAL LEAVES PRESENT, LEAVES ALTERNATE,', '16 Lousewort is', '2', '2', 'Pedicularis canadensis family Orobanchaceae', 'CHECK: Low, hairy, stout-stemmed herb with numerous fern-like 1. basal leaves;']",FOOD USE: The young shoots and attached leaves in early spring areeaten raw or cooked-more commonly cooked. Conservation 2.needs a new name.,True, Pedicularis canadensis,"
    'young shoots'"
000157-a.json,"['LEAVES', 'PRESENT,', 'LEAVES', 'ALTERNATE,', 'BASAL', 'LOBED', 'DIVIDED,', 'SAP', 'NOT', 'MILKY', 'OR', '1', 'yiz', '422', '18', 'Cut-leaf', 'evening', 'primrose', 'laciniata', 'family', 'Onagraceae', 'Oenothera', 'veins', 'spreading with many lobed but not toothed ID difficulty leaves; 1.', 'flat above; Biennial, the rosette persisting at least to early flowering. sometimes Basal leaves entire ellip- but']","FOOD USE: Tender leafy stem tips in spring or early sum-mer should be cooked to reduce the slightly irritating qual-ity. Flowers and flower buds can be collected from springthrough summer, sometimes later. I have not eaten theroot of this species. Conservation 1.",True, Oenothera laciniata,"
    'stem tips','flowers','flower buds'"
000158-a.json,"['BASAL LEAVES PRESENT, LEAVES ALTERNATE,', 'LOBED OR DIVIDED, SAP NOT MILKY', '20 Marsh yellowcress', '2', '2', 'Rorippa palustris Brassicaceae (Mustard family)']","FOOD USE: Gather the leaves and shoots and use them raw or cooked. Makesa good vegetable steamed like broccoli. The best time to collect this plant isin spring, but occasionally the greens are tender in summer, and it sometimesgerminates in late fall where ponds dry up. Conservation 1.",True, Rorippa palustris,"
    'leaves','shoots'"
000159-a.json,"['LOBED BASAL LEAVES OR DIVIDED, SAP NOT MILKY', 'PRESENT,', 'LEAVES', 'ALTERNATE,', 'Wintercress', 'it', '2', '2', 'J2', 'IWE-423', '22', '(Mustard', 'family)', 'Barbarea', 'vulgaris', 'Brassicaceae', 'leaves pinnately divided, hairless, with alarge, blunt ID terminal difficulty', 'divi-']","FOOD USE: Gather the shoots and tops while still meristematic in early to mid spring, when flower buds arewinter, or very early spring, when their flavor is mildest. Conservation 1.visible but have yet to open; use like a strong-flavored broccoli, Basal leaves are best collected in late autumn,Packerawithglobellaeithermaybespeciescon-ofwintercress.LOBEDBASALLEAVESORDIVIDED,SAPNOTMILKYPRESENT,LEAVESALTERNATE,Wintercressit22J2IWE-42322(Mustardfamily)BarbareavulgarisBrassicaceaeleavespinnatelydivided,hairless,withalarge,bluntIDterminaldifficultydivi-QUICKandHECKmuchsmallercirlodivisions;stemangular;yellowflowersinspring.sionWinterannualorbiennial.Basalleavesinarosette,4-9""both(10-23surfacescm)DESCRIPTION:(5-8cm)wide,pinnatelylobedordividedwith3-9lobes,torotund,longandThe2-3""terminallobecomposesmostoftheblade;itisbluntandovatetheveinusuallylobesaresmallandblunt,onepairveryclosetotheterminallobebutMidribwell-spaced;longandhairlesssomehairless.with2curled.ear-likesectionsatthebase,themarginswithlightspotsattheresttips.Sidenarrowed,stalk-likebase.Majorveinsdepressedfaintly,veinletsnotatall.leaveshaveabroad,shallowchanneledgeddistallywithathinleafywing,bluntlykeeledbeneath.Basalarewithabutpresentatflowering.Stemsmultiple,to3(1 m)talland0.7(18mm)thick,solidorwithatinywillinghollow,green,stronglyangledandgroovedinanasymmetricfashion,hairless,withascendingsimplebranchesintheupperhalf.Stemleavesclasping,flaredatthebasewith2ear-likelobes,shorterthanbasalleaves.Theyhaveafewlonghairsontherachiswings,especiallynearthebase-these-aretheonlyhairsontheplant.Theterminaldivisionsarenarrowerandoftenlobed.Uppermostleaves,associatedwiththeinflorescence,havelarge,bluntteeth.Inflorescenceterminalandaxillaryracemes,thepeduncleslongandnakedfor3-9""(8-23cm).Flowerbudsgreenwithyellow,spikytips.Flowers(latespring)have4brightyellowpetals,1cmacrosswhenopen,maturingintolong.narrowseedpods.CONFUSINGPLANTS:Oftenconfusedwithwatercress(p.212)becauseofthename.Watercresshascom-poundleaveswithmoreandlargerlateralleaflets,hollowstems,whiteflowers,nobasalrosette,andisaquatic.ButterweedPackeraglabellagrowsinsimilarhabitatsandresembleswintercressinspringbeforeflowering.Itcanbetoldapartbyteethonthelobesordivisions,morelobesperleaf,andthefactthattheuppermostleavesarepinnatelydivided(theyareonlylobedinwintercress).Asilverysheenfollowsbutterweedveinsontheuppersurface;thestemshavealargehollowandbrightpurpleridges.HABITAT:Moist,disturbedground,infulltopartialsun.Agriculturalfields,gardens,yards,parks,roadsides,riverbanks,lakeshores,driedpuddles,constructionsites,meadows,trailsthroughlowwoods.Native.FOODUSE:Gathertheshootsandtopswhilestillmeristematicinearlytomidspring,whenflowerbudsarewinter,orveryearlyspring,whentheirflavorismildest.Conservation1.visiblebuthaveyettoopen;uselikeastrong-flavoredbroccoli,Basalleavesarebestcollectedinlateautumn,Packerawithglobellaeithermaybespeciescon-ofwintercress.",True, Barbarea vulgaris,"
    'shoots','tops','basal leaves'"
000160-a.json,"['LEAVES', 'ALTERNATE,', 'BASAL', 'LOBED', 'OR', 'DIVIDED,', 'SAP', 'NOT', 'MILKY', 'mustard', '3', '(Mustard', 'family)', '24', 'Blue', 'Chorispora', 'tenella', 'leaves']","Individual FOOD USE: leaves Young, often tender remain tender well into flowering when stems have toughened.hairs can hold wind-blown soil.This mustard has a distinct, unique flavor that is odd and unforgettable but pleasant often and",True, Chorispora tenella, 'leaves'
000161-a.json,"['LOBED BASAL LEAVES OR DIVIDED, SAP NOT MILKY', 'PRESENT,', 'LEAVES', 'ALTERNATE,', '26 Field pepperweed', '2', 'Lepidium campestre Brassicaceae (Mustard family)', 'HECK small. Inhed basal leaves and clasping, entire stem leaves; all parts']","FOOD USE: The young leaves and stem tips canbe collected while tender and eaten raw or cooked(they're better cooked). The flavor is moderatelystrong. The seedpods and seeds have a hot, pep-pery flavor. You can use them when just formed, orwhen mature.",True, Lepidium campestre,"
    'Young leaves','stem tips','seedpods','seeds'"
000162-a.json,"['BASAL LEAVES PRESENT, LEAVES ALTERNATE,', 'LOBED OR DIVIDED, SAP NOT MILKY', '28 Tower mustard', '1', '3', 'Arabis glabra Brassicaceae (Mustard family)']","FOOD USE: The shoots make a good vegetablein spring; raw they are acceptable, but steamedor briefly boiled they are excellent. Older growthquickly becomes too tough to eat. Leavesusually strong and bit-remain tender even on flowering plants but may areterinflavor.Conserva-tion 2.FOOD USE:Theshootsmakeagoodvegetableinspring;rawtheyareacceptable,butsteamedorbrieflyboiledtheyareexcellent.Oldergrowthquicklybecomestootoughtoeat.Leavesusuallystrongandbit-remaintenderevenonfloweringplantsbutmayareterinflavor.Conserva-tion2.",True, Arabis glabra," ['shoots','leaves']"
000162-b.json,"['BASAL', 'LEAVES', 'PRESENT,', 'LOSED', 'LEAVES', 'OR', 'DIVIDED,', 'ALTERNATE,', 'SAP', 'ligh', 'mallow', '2', 'lalva', 'sylvestris', '2', 'Malvaceae', '(Mallow', 'family)', 'CHECK:', 'Leaves', 'palmate', 'with', 'n erect, flowers pinkish with purple highlights. petioles, difficulty stems 1.', 'almost', 'smooth', 'PTION: unded to Biennial kidney-shaped from a taproot. Rosette leaves numerous,', 'a deep with 3-7 blunt, shallow lobes; often slightly (2.5-10 cm) long,', 'glossy moroon above, area where the petiole attaches. The surface is hairless ruffled. There', '1 above usually with sparse and tiny hairs below. Veins and or nearly so', 'le and protrude below. Margins have blunt or wavy teeth. veinlets are', 'below and flat to faintly channeled above,', 'Rare in mapped', 'ecially running length, in rounded along the usually often clumped, Petioles with Q several mostly narrow', 'area. Occasional', 'S top. Stems 1.5-5 (45-150 cm) tall,', 'elsewhere.', 'led, competition) but may be leaning or decumbent without competition, solid, roundish', 'branched (but not at the base, and the branches of erect stems remain short). The surface but is', 'sparsely hairy, occasionally roughened. Stem leaves 2-6"" (5-15 cm) long, alternate, more deeply', 'lobed than basal leaves, with sharper teeth and lobes, the blades more', 'ruffled, and the petioles shorter. Stipules linear to triangular, 4-9 mm.', 'Inflorescence axillary clusters of 3-22 on pedicels and peduncles ranging', 'from almost sessile to 2"" (5 cm) long. Flower (summer and fall) 0.9-1.9', '(23-48 mm) across with 3 elliptic to lanceolate bracts just behind the', 'calyx of 5 broadly triangular sepals. Petals 5, longer than wide, widest at', 'the tip with a rounded notch like a fishtail; long and narrow proximally with', 'dense, short hairs near the base, pink to pale purple with darker streaks along', 'the veins. The column is pink-purple but the anthers white. Fruit wheel-', 'shaped, 7-10 mm wide and nm thick, pale green at first drying to brown,', 'composed of 10-12 parts (carpels), the back roughened by raised veins.', 'The calyx persists and wraps around the fruit.', 'HABITAT: Weedy edges of yards and parks, disturbed forests.', 'Introduced.', 'FOOD USE: The greens can be eaten raw or cooked almost all growing', 'season, but are best when new and tender in spring and early summer.', 'Older leaves can still be used as a soup thickener. Flowers and buds are', 'edible, the former making a pretty garnish. Immature fruits,', 'while still green, make a fun nibble or vegetable.', 'COMMENTS: This species is common and well-known in', 'Europe. in North America it is often grown in flower gardens', 'but only rarely does it escape and persist. Young plants, like', 'especially when growing along the ground, look much or', 'mallow M. neglecta-but once they stand up', 'flower common the differences become obvious. Since is cultivated and', 'genetics are especially diverse. making the form is also', 'the size highly variable. Adding confusion, this species', 'often called ""common mallow.\'', 'BASAL', 'LEAVES', 'PRESENT,', 'LOSED', 'LEAVES', 'OR', 'DIVIDED,', 'ALTERNATE,', 'SAP', 'ligh', 'mallow', '2', 'lalva', 'sylvestris', '2', 'Malvaceae', '(Mallow', 'family)', 'CHECK:', 'Leaves', 'palmate', 'with', 'n', 'erect,', 'flowers', 'pinkish', 'with', 'purple', 'highlights.', 'petioles,', 'difficulty', 'stems', '1.', 'almost', 'smooth', 'PTION:', 'unded', 'to', 'Biennial', 'kidney-shaped', 'from', 'a', 'taproot.', 'Rosette', 'leaves', 'numerous,', 'a', 'deep', 'with', '3-7', 'blunt,', 'shallow', 'lobes;', 'often', 'slightly', '(2.5-10 cm)', 'long,', 'glossy', 'moroon', 'above,', 'area', 'where', 'the', 'petiole', 'attaches.', 'The', 'surface', 'is', 'hairless', 'ruffled.', 'There', '1', 'above', 'usually', 'with', 'sparse', 'and', 'tiny', 'hairs', 'below.', 'Veins', 'and', 'or', 'nearly', 'so', 'le', 'and', 'protrude', 'below.', 'Margins', 'have', 'blunt', 'or', 'wavy', 'teeth.', 'veinlets', 'are', 'below', 'and', 'flat', 'to', 'faintly', 'channeled', 'above,', 'Rare', 'in', 'mapped', 'ecially', 'running', 'length,', 'in', 'rounded', 'along', 'the', 'usually', 'often', 'clumped,', 'Petioles', 'with', 'Q', 'several', 'mostly', 'narrow', 'area.', 'Occasional', 'S', 'top.', 'Stems', '1.5-5', '(45-150', 'cm)', 'tall,', 'elsewhere.', 'led,', 'competition)', 'but', 'may', 'be', 'leaning', 'or', 'decumbent', 'without', 'competition,', 'solid,', 'roundish', 'branched', '(but', 'not', 'at', 'the', 'base,', 'and', 'the', 'branches', 'of', 'erect', 'stems', 'remain', 'short).', 'The', 'surface', 'but', 'is', 'sparsely', 'hairy,', 'occasionally', 'roughened.', 'Stem', 'leaves', '2-6""', '(5-15', 'cm)', 'long,', 'alternate,', 'more', 'deeply', 'lobed', 'than', 'basal', 'leaves,', 'with', 'sharper', 'teeth', 'and', 'lobes,', 'the', 'blades', 'more', 'ruffled,', 'and', 'the', 'petioles', 'shorter.', 'Stipules', 'linear', 'to', 'triangular,', '4-9', 'mm.', 'Inflorescence', 'axillary', 'clusters', 'of', '3-22', 'on', 'pedicels', 'and', 'peduncles', 'ranging', 'from', 'almost', 'sessile', 'to', '2""', '(5', 'cm)', 'long.', 'Flower', '(summer', 'and', 'fall)', '0.9-1.9', '(23-48', 'mm)', 'across', 'with', '3', 'elliptic', 'to', 'lanceolate', 'bracts', 'just', 'behind', 'the', 'calyx', 'of', '5', 'broadly', 'triangular', 'sepals.', 'Petals 5,', 'longer', 'than', 'wide,', 'widest', 'at', 'the', 'tip', 'with', 'a', 'rounded', 'notch', 'like', 'a', 'fishtail;', 'long', 'and', 'narrow', 'proximally', 'with', 'dense,', 'short', 'hairs', 'near', 'the', 'base,', 'pink', 'to', 'pale', 'purple', 'with', 'darker', 'streaks along', 'the', 'veins.', 'The', 'column', 'is', 'pink-purple', 'but', 'the', 'anthers', 'white.', 'Fruit', 'wheel-', 'shaped,', '7-10', 'mm', 'wide', 'and', 'nm thick,', 'pale', 'green', 'at', 'first', 'drying', 'to', 'brown,', 'composed', 'of', '10-12', 'parts', '(carpels),', 'the', 'back', 'roughened', 'by', 'raised', 'veins.', 'The', 'calyx', 'persists', 'and', 'wraps', 'around', 'the', 'fruit.', 'HABITAT:', 'Weedy', 'edges', 'of', 'yards', 'and', 'parks,', 'disturbed', 'forests.', 'Introduced.', 'FOOD', 'USE:', 'The', 'greens', 'can', 'be', 'eaten', 'raw', 'or', 'cooked', 'almost', 'all', 'growing', 'season,', 'but', 'are', 'best', 'when', 'new', 'and', 'tender', 'in', 'spring', 'and', 'early', 'summer.', 'Older', 'leaves', 'can', 'still', 'be', 'used', 'as', 'a', 'soup', 'thickener.', 'Flowers', 'and', 'buds', 'are', 'edible,', 'the', 'former', 'making', 'a', 'pretty', 'garnish.', 'Immature', 'fruits,', 'while', 'still', 'green,', 'make', 'a', 'fun', 'nibble', 'or', 'vegetable.', 'COMMENTS:', 'This', 'species', 'is', 'common', 'and', 'well-known', 'in', 'Europe.', 'in', 'North', 'America', 'it', 'is', 'often', 'grown', 'in', 'flower', 'gardens', 'but', 'only', 'rarely', 'does', 'it', 'escape', 'and', 'persist.', 'Young', 'plants,', 'like', 'especially', 'when', 'growing', 'along', 'the', 'ground,', 'look', 'much', 'or', 'mallow', 'M.', 'neglecta-but once', 'they', 'stand', 'up', 'flower', 'common', 'the', 'differences', 'become', 'obvious.', 'Since', 'is', 'cultivated', 'and', 'genetics', 'are', 'especially', 'diverse.', 'making', 'the', 'form', 'is', 'also', 'the', 'size', 'highly', 'variable.', 'Adding', 'confusion,', 'this', 'species', 'often', 'called', '""common', ""mallow.'""]","FOOD USE: The greens can be eaten raw or cooked almost all growingseason, but are best when new and tender in spring and early summer.Older leaves can still be used as a soup thickener. Flowers and buds areedible, the former making a pretty garnish. Immature fruits,while still green, make a fun nibble or vegetable.",True,"Malvaceae sylvestris

    Note: The scientific name may vary depending on the specific context or taxonomic classification. The example provided is just one possible scientific name that can be extracted from the given text.","
    'greens','flowers','buds','immature fruits'"
000163-a.json,"['BASAL LEAVES PRESENT, NOT LEAVES MILKY ALTERNATE,', 'LOBED', 'OR', 'DIVIDED,', 'SAP', '1', '2', '30', 'Bastard Rapistrum cabbage rugosum Brassicaceae (Mustard family)', 'Mustard blooming yellow in cont seasons, with ID rough, difficulty hairy, 1. blunt-tipped,']","FOOD USE: Leaves can be eaten raw or cooked-mostly - in winter and spring. They are hairy and rough, sothey hold dirt easily and are better when softened by cooking. Tender tops and shoots of robust plants tastebetter and are less likely to be dirty. Theflavor is cabbage-like-not very hot.",True, Rugosum cabbage,"
    'leaves'"
000163-b.json,"['BASAL LEAVES PRESENT. LEAVES ALTERNATE,', 'LOBED OR DIVIDED, SAP NOT MILKY', 'jennial waterleaf 2', '3', 'drophyllum appendiculatum family Hydrophyllaceae', 'HECK: Maple-like, hairy stem leaves; basal leaves watermarked in spring,', 'divided with a broad, palmate, terminal lobe. ID difficulty 2.', ""TION: Biennial or short-lived perennial herb from a root cluster. Basal leaves 5-8'"", 'long. several in rosette, pinnately divided with 3-7 major divisions, the terminal', 'larger with 3 major lobes. The blade center and tooth-sinus bases are prominently', 'ed in spring. The watermark of side lobes or divisions is elongated often triangular,', 'the midvein. The upper surface has long, soft hairs. Veins depressed above. Teeth blunt to rounded', 'leaves. Petioles flat-topped with a sharp. winged edge near the base. Stems 14-22"" (36-56 cm)', 'auth.', 'to 0.6"" (15 mm) thick, often multiple, erect to leaning, light green, slightly zigzag, solid, the lower', 'nd-shaped in cross-section with 2 opposite ridges, the surface covered with erect to base-leaning', 'bon close examination can be seen to have two distinct lengths. Stem leaves alternate, on petioles', ""plade length, the blades 3-6' (8-25 cm) long, not divided non cut close to the midvein, 5-7 lobed in a"", 'that is between palmate and pinnate, the lobe tips elongated and sharp, the teeth few, wide, angled', 'with claw-tips. Inflorescence a dichotomously branching, broad, one-sided cluster 2-3.5 (5-9 cm)', ""ring several flowers that extend above the leaves. Flowers 0.6-0.8' (15-20 mm) across with a calyx"", 'nairy, pointed. triangular lobes and a corolla of s broad, irregular-rimmed, light-purple petals fused', 'he stamens and pistils extending beyond the petals (but not as far as with other waterleafs). The', 'fruit is a 3-4 mm capsule with a', 'few seeds.', 'HABITAT: Hardwood forests', 'with very rich, moist soil. typi-', 'cally in deep shade; lower slopes,', 'valleys, and small floodplains.', 'Native.', 'FOOD USE: The leaves, best', 'when young in spring and to a', 'lesser extent again in fall, can be', 'eaten raw or cooked. The young', 'shoots, available in mid to late', 'spring, are sweeter and more', 'tender than those of Virginia', 'waterleaf and make a delicious', 'nibble-leave some on each plant', 'to go to seed. Conservation 2,', 'COMMENTS: The leaves are', 'strikingly beautiful in early spring', 'when the watermarks are vivid.', 'This species requires distur-', 'bance, hence its appearance on', 'steep wooded slopes and in small', 'stream valleys. I hear non-spe-', 'cific reports of eating waterleaf', 'roots; those of this species might', ""be good but haven't tried them."", 'AKA great waterleaf, append-', 'aged waterieaf If you look closely', 'at the base of the notch between', 'two sepals, and you see a tiny,', 'long-triangular thingy that looks', 'like a miniature sepal, folded back', 'away from the flower you have', 'found the namesake appendage.', '389', 'a', 'BASAL', 'LEAVES', 'PRESENT.', 'LEAVES', 'ALTERNATE,', 'LOBED', 'OR', 'DIVIDED,', 'SAP', 'NOT', 'MILKY', 'jennial', 'waterleaf', '2', '3', 'drophyllum', 'appendiculatum', 'family', 'Hydrophyllaceae', 'HECK:', 'Maple-like,', 'hairy', 'stem', 'leaves;', 'basal', 'leaves', 'watermarked', 'in', 'spring,', 'divided', 'with', 'a', 'broad,', 'palmate,', 'terminal', 'lobe.', 'ID', 'difficulty', '2.', 'TION:', 'Biennial', 'or', 'short-lived', 'perennial', 'herb', 'from', 'a', 'root', 'cluster.', 'Basal', 'leaves', ""5-8'"", 'long.', 'several', 'in', 'rosette,', 'pinnately', 'divided', 'with', '3-7', 'major', 'divisions,', 'the', 'terminal', 'larger', 'with', '3', 'major', 'lobes.', 'The', 'blade', 'center', 'and', 'tooth-sinus', 'bases', 'are', 'prominently', 'ed', 'in', 'spring.', 'The', 'watermark', 'of', 'side', 'lobes', 'or', 'divisions', 'is', 'elongated', 'often', 'triangular,', 'the', 'midvein.', 'The', 'upper', 'surface', 'has', 'long,', 'soft', 'hairs.', 'Veins', 'depressed', 'above.', 'Teeth', 'blunt', 'to', 'rounded', 'leaves.', 'Petioles', 'flat-topped', 'with', 'a', 'sharp.', 'winged', 'edge', 'near', 'the', 'base.', 'Stems', '14-22""', '(36-56', 'cm)', 'auth.', 'to', '0.6""', '(15', 'mm)', 'thick,', 'often', 'multiple,', 'erect', 'to', 'leaning,', 'light', 'green,', 'slightly', 'zigzag,', 'solid,', 'the', 'lower', 'nd-shaped', 'in', 'cross-section', 'with', '2', 'opposite', 'ridges,', 'the', 'surface', 'covered', 'with', 'erect', 'to', 'base-leaning', 'bon', 'close', 'examination', 'can', 'be', 'seen', 'to', 'have', 'two', 'distinct', 'lengths.', 'Stem', 'leaves', 'alternate,', 'on', 'petioles', 'plade', 'length,', 'the', 'blades', ""3-6'"", '(8-25', 'cm)', 'long,', 'not', 'divided', 'non', 'cut', 'close', 'to', 'the', 'midvein,', '5-7', 'lobed', 'in', 'a', 'that', 'is', 'between', 'palmate', 'and', 'pinnate,', 'the', 'lobe', 'tips', 'elongated', 'and', 'sharp,', 'the', 'teeth', 'few,', 'wide,', 'angled', 'with', 'claw-tips.', 'Inflorescence', 'a', 'dichotomously', 'branching,', 'broad,', 'one-sided', 'cluster', '2-3.5', '(5-9', 'cm)', 'ring', 'several', 'flowers', 'that', 'extend', 'above', 'the', 'leaves.', 'Flowers', ""0.6-0.8'"", '(15-20', 'mm)', 'across', 'with', 'a', 'calyx', 'nairy,', 'pointed.', 'triangular', 'lobes', 'and', 'a', 'corolla', 'of', 's broad,', 'irregular-rimmed,', 'light-purple', 'petals', 'fused', 'he', 'stamens', 'and', 'pistils', 'extending', 'beyond', 'the', 'petals', '(but', 'not', 'as', 'far', 'as', 'with', 'other', 'waterleafs).', 'The', 'fruit', 'is', 'a', '3-4', 'mm', 'capsule', 'with', 'a', 'few', 'seeds.', 'HABITAT:', 'Hardwood', 'forests', 'with', 'very', 'rich,', 'moist', 'soil.', 'typi-', 'cally', 'in', 'deep', 'shade;', 'lower', 'slopes,', 'valleys,', 'and', 'small', 'floodplains.', 'Native.', 'FOOD', 'USE:', 'The', 'leaves,', 'best', 'when', 'young', 'in', 'spring', 'and', 'to', 'a', 'lesser', 'extent', 'again', 'in', 'fall,', 'can', 'be', 'eaten', 'raw', 'or', 'cooked.', 'The', 'young', 'shoots,', 'available', 'in', 'mid', 'to', 'late', 'spring,', 'are', 'sweeter', 'and', 'more', 'tender', 'than', 'those', 'of', 'Virginia', 'waterleaf', 'and', 'make', 'a', 'delicious', 'nibble-leave', 'some', 'on', 'each', 'plant', 'to', 'go', 'to', 'seed.', 'Conservation', '2,', 'COMMENTS:', 'The', 'leaves', 'are', 'strikingly', 'beautiful', 'in', 'early', 'spring', 'when', 'the', 'watermarks', 'are', 'vivid.', 'This', 'species', 'requires', 'distur-', 'bance,', 'hence', 'its', 'appearance', 'on', 'steep', 'wooded', 'slopes', 'and', 'in', 'small', 'stream', 'valleys.', 'I', 'hear', 'non-spe-', 'cific', 'reports', 'of', 'eating', 'waterleaf', 'roots;', 'those', 'of', 'this', 'species', 'might', 'be', 'good', 'but', ""haven't"", 'tried', 'them.', 'AKA', 'great', 'waterleaf,', 'append-', 'aged', 'waterieaf', 'If', 'you', 'look', 'closely', 'at', 'the', 'base', 'of', 'the', 'notch', 'between', 'two', 'sepals,', 'and', 'you', 'see', 'a', 'tiny,', 'long-triangular', 'thingy', 'that', 'looks', 'like', 'a', 'miniature', 'sepal,', 'folded', 'back', 'away', 'from', 'the', 'flower', 'you', 'have', 'found', 'the', 'namesake', 'appendage.', '389', 'a']","FOOD USE: The leaves, bestwhen young in spring and to alesser extent again in fall, can beeaten raw or cooked. The youngshoots, available in mid to latespring, are sweeter and moretender than those of Virginiawaterleaf and make a deliciousnibble-leave some on each plantto go to seed. Conservation 2,",True,drophyllum appendiculatum,"
    'leaves','young shoots'"
000165-a.json,"['BASAL LOBED LEAVES OR DIVIDED, SAP NOT MILKY', 'PRESENT,', 'LEAVES', 'ALTERNATE,', 'Hedge', 'mustard', 'it', '2', '34', '(Mustard', 'family)', 'officinale', 'Brassicaceae', 'Sisymbrium', 'leaves', 'with a from widely spaced labes; plant pressed loses against its the']","FOOD USE: Young leaves and stemsare prime in early summer. The young-est plants are tender but dainty, withsmall leaves; you can cut the wholething for greens, Slightly later, as flow-ering begins, the tender stem tips arethin with few leaves and little volume;at this time it is easiest to pick the larg-est leaves from further down the stalkrather than mess with the spindly top.",True, Sisymbrium officinale,"
    'young leaves','stems'"
000166-a.json,"['LEAVES', 'PRESENT,', 'LEAVES', 'ALTERNATE,', 'BASAL', 'LOBED', 'DIVIDED,', 'SAP', 'NOT', 'MILKY', 'OR', 'mustard', 'if', '2', '1', '36', 'Tumble', 'Brassicaceae', '(Mustard', 'family)', 'Sisymbrium', 'altissimum', 'Mustard with glaucous and sparsely hairy stem; in basal summer. leaves ID difficulty have many 1.']","FOOD USE: All young, tender growth is edible: leaves, flower buds,and stems. Gather these mostly in spring. Basal leaves are mild, butwhen the stems appear hotness and a less desirable strong flavor soondevelops, especially in the inflorescence. Use these parts in moderation.",True, Sisymbrium altissimum,"
    'leaves','flower buds','stems'"
000166-b.json,"['BASAL LEAVES PRESENT. LEAVES ALTERNATE,', 'LOBED OR DIVIDED, SAP NOT MILKY', 'Ox-eye daisy', '2', 'NG-423', 'Chrysanthemum leucanthemum', 'Asteraceae (Composite family)', ':K CHECK:', 'i, yellow with large white rays. ID difficulty 2.', 'flat, Small disk hairless leaves, wider toward the tip, with large blunt teeth;', 'RIPTION: Erect perennial herb. Basal leaves 2-6"" (5-15 cm) long, in', 'noon-like h, hoirless in outline, tapered at the base, dark green and glossy above, rosettes, slightly blunt', 'ed. Midvein Margins irregularly and deeply toothed or shallowlylobed, the teeth fleshy,', 'whitish, flat; secondary veins mostly obscure and flat. Petiole 40-80% mostly of', 'length, lade. Stems channeled, winged, keeled near the base, bearing occasional tiny lobes widely separated from the', 'ach usually multiple, 18-34"" (45-85 cm) tall and 4-6 mmthick angled, with ridges', 'petiole, hairless or with sparse, fine hairs. Ascending branches arise from some axils, running but the down plant', 'ys taller than wide Stem leaves alternate, becoming much smaller, sessile, and clasping on the upper', 'stem. Flowerheads (sum-', 'mer) solitary at the end of', 'long. grooved peduncles', '1.5-2.5 (4-6 cm) across', 'with a flat yellow disk sur-', 'rounded by long white ray', 'florets.', 'CONFUSING PLANTS:', 'Daisy fleabanes (genus', 'Erigeron, greens not edi-', 'ble) have a similar leaf', 'shape and share the habi-', 'tat; however, the leaves', 'are thinner and hairy with', 'more prominent second-', 'ary veins, and the flower-', 'heads are much smaller.', 'HABITAT: Roadsides,', 'pastures, meadows; any', 'openarea with poor, well-', 'drained soil and sufficient', 'moisture. introduced.', 'FOOD USE: Leaves and', 'tender stem tips make a', 'nice addition to salads or', 'can be eaten as a snack.', 'Their strong, unique fla-', 'vor is best appreciated', 'raw.', 'COMMENTS: This cold-', 'hardy nibble is often avail-', 'able late into fall or winter,', 'and again in very early', 'spring. Where they grow', 'large and lush in unusu-', 'ally fertile conditions', 'the leaves are especially', 'good.', '395', 'BASAL', 'LEAVES', 'PRESENT.', 'LEAVES', 'ALTERNATE,', 'LOBED', 'OR', 'DIVIDED,', 'SAP', 'NOT', 'MILKY', 'Ox-eye', 'daisy', '2', 'NG-423', 'Chrysanthemum', 'leucanthemum', 'Asteraceae', '(Composite', 'family)', ':K', 'CHECK:', 'i,', 'yellow', 'with', 'large', 'white', 'rays.', 'ID', 'difficulty', '2.', 'flat,', 'Small', 'disk', 'hairless', 'leaves,', 'wider', 'toward', 'the', 'tip,', 'with', 'large', 'blunt', 'teeth;', 'RIPTION:', 'Erect', 'perennial', 'herb.', 'Basal', 'leaves', '2-6""', '(5-15', 'cm)', 'long,', 'in', 'noon-like', 'h,', 'hoirless', 'in', 'outline,', 'tapered', 'at', 'the', 'base,', 'dark', 'green', 'and', 'glossy', 'above,', 'rosettes,', 'slightly', 'blunt', 'ed.', 'Midvein', 'Margins', 'irregularly', 'and', 'deeply', 'toothed', 'or', 'shallowlylobed,', 'the', 'teeth', 'fleshy,', 'whitish,', 'flat;', 'secondary', 'veins', 'mostly', 'obscure', 'and', 'flat.', 'Petiole', '40-80%', 'mostly', 'of', 'length,', 'lade.', 'Stems', 'channeled,', 'winged,', 'keeled', 'near', 'the', 'base,', 'bearing', 'occasional', 'tiny', 'lobes', 'widely', 'separated', 'from', 'the', 'ach', 'usually', 'multiple,', '18-34""', '(45-85', 'cm)', 'tall', 'and', '4-6', 'mmthick', 'angled,', 'with', 'ridges', 'petiole,', 'hairless', 'or', 'with', 'sparse,', 'fine', 'hairs.', 'Ascending', 'branches', 'arise', 'from', 'some', 'axils,', 'running', 'but', 'the', 'down', 'plant', 'ys', 'taller', 'than', 'wide', 'Stem', 'leaves', 'alternate,', 'becoming', 'much', 'smaller,', 'sessile,', 'and', 'clasping', 'on', 'the', 'upper', 'stem.', 'Flowerheads', '(sum-', 'mer)', 'solitary', 'at', 'the', 'end', 'of', 'long.', 'grooved', 'peduncles', '1.5-2.5', '(4-6', 'cm)', 'across', 'with', 'a', 'flat', 'yellow', 'disk', 'sur-', 'rounded', 'by', 'long', 'white', 'ray', 'florets.', 'CONFUSING', 'PLANTS:', 'Daisy', 'fleabanes', '(genus', 'Erigeron,', 'greens', 'not', 'edi-', 'ble)', 'have', 'a', 'similar', 'leaf', 'shape', 'and', 'share', 'the', 'habi-', 'tat;', 'however,', 'the', 'leaves', 'are', 'thinner', 'and', 'hairy', 'with', 'more', 'prominent', 'second-', 'ary', 'veins,', 'and', 'the', 'flower-', 'heads', 'are', 'much', 'smaller.', 'HABITAT:', 'Roadsides,', 'pastures,', 'meadows;', 'any', 'openarea', 'with', 'poor,', 'well-', 'drained', 'soil', 'and', 'sufficient', 'moisture.', 'introduced.', 'FOOD', 'USE:', 'Leaves', 'and', 'tender', 'stem', 'tips', 'make', 'a', 'nice', 'addition', 'to', 'salads', 'or', 'can', 'be', 'eaten', 'as', 'a', 'snack.', 'Their', 'strong,', 'unique', 'fla-', 'vor', 'is', 'best', 'appreciated', 'raw.', 'COMMENTS:', 'This', 'cold-', 'hardy', 'nibble', 'is', 'often', 'avail-', 'able', 'late', 'into', 'fall', 'or', 'winter,', 'and', 'again', 'in', 'very', 'early', 'spring.', 'Where', 'they', 'grow', 'large', 'and', 'lush', 'in', 'unusu-', 'ally', 'fertile', 'conditions', 'the', 'leaves', 'are', 'especially', 'good.', '395']","FOOD USE: Leaves andtender stem tips make anice addition to salads orcan be eaten as a snack.Their strong, unique fla-vor is best appreciatedraw.",True, Chrysanthemum leucanthemum,"
    'leaves','tender stem tips'"
000167-a.json,"['BASAL LEAVES PRESENT, LEAVES ALTERNATE,', 'LOBED OR DIVIDED, SAP NOT MILKY', '38 French rocket', '2', 'Erucastrum gallicum + Brassicaceae (Mustard family)']",they FOOD USE: Tender leaves and stem tips can be eaten raw or cookerare moderately hot.,True, Erucastrum gallicum,"
    'leaves','stem tips'"
000168-a.json,"['BASAL LEAVES PRESENT, NOT LEAVES MILKY ALTERNATE,', 'LOBED', 'OR', 'DIVIDED,', 'SAP', 'Wild', '2', '3', 'IWE-415', '4°', 'radish', '(Mustard', 'family)', 'Raphanus raphanistrum', 'Brassicaceae', 'Summer-blooming mustard with light yellow flowers; ID difficulty leaning 1. stems']","FOOD USE: Eat the tender parts of clean, vigorous plants from late spring to mid summer, raw or cooked.They have a hot, radish-like flavor. The immature pods make a nice vegetable for salads or stir fry.",True, Raphanus raphanistrum," 'parts','pods'"
000169-a.json,"['ONCE BASAL COMPOUND WITH DISTINCT', 'LEAVES PRESENT, LEAVES ALTERNATE, LEAFLETS', '1 Cow parsnip', '1', '3', '2', 'it', '1', 'Heracleum lanatum Apiaceae (Carrot fa']","FOOD USE: Roots can be collected when the tops are dormant; they atfind them too strong except as a seasoning Gather tender, young stalksmer before fully formed (well before flowering). Peel and eat raw or coo.(early to mid spring) can be cooked or fermented. Flower bud clusters, alspring) can be used sparingly in salads or to flavor various cooked dishefrom mid to late summer to use as a seasoning. Conservation 2.",True, Heracleum lanatum," 'roots','tender, young stalks','flower bud clusters'"
000171-b.json,"['BASAL', 'LEAVES', 'PRESENT,', 'LOBED', 'LEAVES', 'OR', 'DIVIDED,', 'ALTERNATE,', 'SAP', 'NOT', 'MILKY', ',', 'Common pepperweed', '3', 'Lepidium virginicum and L. densiflorum Brassicaceae', '(Mustard family)', 'CK ding CHECK: top with Shin-high numerous plant with crowded, pinnately lobed basal leaves', 'racemes, tiny flowers, and disc-like pods. ID and difficulty a broad,', 'CRIPTION: s numerous, Annual the or winter annual, at first with a dense basal 2,', 'rd-pointing lobes. blade tapering from a narrow base, widest at the tip, rosette, with Basal', 'sinuses get shallower. Sinuses may be deep near the leaf base with fully divided several', 'eins Stems often roughly equal to the blade, triangular in cross section with', 'all flat Blades minutely hairy on both sides, the hairs leaning sections;', '26"" (or branched at the base), the side stems leaning slightly upturned', 'h, with wide-spreading branches. Stem roundish but gently a solid central', 'green, (66 with cm) above. multiple tall, Petioles strongly, toward angled, with the dominant when', 'late to very fine hairs (may not be visible to the naked eye). Stem leaves alternate, densely young,', 'narrowly elliptic, tapered to the base, sessile or nearly so, much overlapped, shallowly packed, lobed', 'mall, narrow, tooth-like lobes. Leaves wither at flowering, starting with the rosette and working the', 'mature fruiting stems are leafless. Inflorescence widely branching, composed of numerous racemes up', 'jing and then curving upward, not all attaining the same height. The tip of the inflorescence is a dense,', 'oped cluster of buds. Flowers (late spring to early summer) are tiny, with 4 white petals (often absent).', 'at, round or broadly elliptic, notched at the tip with a line down the center.', 's: L. densiflorum is shorter, often bushy and wider than tall, especially in the open where decumbent', 'es give it a tumbleweed form. The flower petais are tiny or absent. L. virginicum is usually slightly taller', 'than wide and is less branchy, and the flowers normally', 'have petals.', 'CONFUSING PLANTS: Ox-eye daisy leaves (also edible,', 'p. 395) are glossier, darker, and thicker.', 'HABITAT: Dry, disturbed soil; roadsides, yards, side-', 'walk cracks, vacant lots. railroads, edges of parking lots,', 'beaches, crop fields, construction sites. Native.', 'FOOD USE: The tender leaves and leafy shoots can be', 'eaten cooked or raw in late spring; they are mild to average', 'among mustards as far as hotness. The tender tip of each', 'growing inflorescence (about half an inch) can be used as', 'a hot seasoning. Mature seed pods can be gathered and', 'ground as ""pepper"" but are not as peppery as the flower', 'buds. Conserva-', 'tion 1.', 'COMMENTS:', 'This is common', 'weed that every-', 'one has seen,', 'even in the larg-', 'est urban areas.', 'It is distinct at', 'maturity, but', 'harder to recog-', 'nize early in the', 'season when it is', 'best for eating.', 'The two species', 'covered here are', 'nearly identical', 'when young', 'llowering', '405', 'densifionant', 'BASAL', 'LEAVES', 'PRESENT,', 'LOBED', 'LEAVES', 'OR', 'DIVIDED,', 'ALTERNATE,', 'SAP', 'NOT', 'MILKY', ',', 'Common', 'pepperweed', '3', 'Lepidium', 'virginicum', 'and', 'L.', 'densiflorum', 'Brassicaceae', '(Mustard', 'family)', 'CK', 'ding', 'CHECK:', 'top', 'with', 'Shin-high', 'numerous', 'plant', 'with', 'crowded,', 'pinnately', 'lobed', 'basal', 'leaves', 'racemes,', 'tiny', 'flowers,', 'and', 'disc-like', 'pods.', 'ID', 'and', 'difficulty', 'a', 'broad,', 'CRIPTION:', 's', 'numerous,', 'Annual', 'the', 'or', 'winter', 'annual,', 'at', 'first', 'with', 'a', 'dense', 'basal', '2,', 'rd-pointing', 'lobes.', 'blade', 'tapering', 'from', 'a', 'narrow', 'base,', 'widest', 'at', 'the', 'tip,', 'rosette,', 'with', 'Basal', 'sinuses', 'get', 'shallower.', 'Sinuses', 'may', 'be', 'deep', 'near', 'the', 'leaf', 'base', 'with', 'fully', 'divided', 'several', 'eins', 'Stems', 'often', 'roughly', 'equal', 'to', 'the', 'blade,', 'triangular', 'in', 'cross', 'section', 'with', 'all', 'flat', 'Blades', 'minutely', 'hairy', 'on', 'both', 'sides,', 'the', 'hairs', 'leaning', 'sections;', '26""', '(or', 'branched', 'at', 'the', 'base),', 'the', 'side', 'stems', 'leaning', 'slightly', 'upturned', 'h,', 'with', 'wide-spreading', 'branches.', 'Stem', 'roundish', 'but', 'gently', 'a', 'solid', 'central', 'green,', '(66', 'with', 'cm)', 'above.', 'multiple', 'tall,', 'Petioles', 'strongly,', 'toward', 'angled,', 'with', 'the', 'dominant', 'when', 'late', 'to', 'very', 'fine', 'hairs', '(may', 'not', 'be', 'visible', 'to', 'the', 'naked', 'eye).', 'Stem', 'leaves', 'alternate,', 'densely', 'young,', 'narrowly', 'elliptic,', 'tapered', 'to', 'the', 'base,', 'sessile', 'or', 'nearly', 'so,', 'much', 'overlapped,', 'shallowly', 'packed,', 'lobed', 'mall,', 'narrow,', 'tooth-like', 'lobes.', 'Leaves', 'wither', 'at', 'flowering,', 'starting', 'with', 'the', 'rosette', 'and', 'working', 'the', 'mature', 'fruiting', 'stems', 'are', 'leafless.', 'Inflorescence', 'widely', 'branching,', 'composed', 'of', 'numerous', 'racemes', 'up', 'jing', 'and', 'then', 'curving', 'upward,', 'not', 'all', 'attaining', 'the', 'same', 'height.', 'The', 'tip', 'of', 'the', 'inflorescence', 'is', 'a', 'dense,', 'oped', 'cluster', 'of', 'buds.', 'Flowers', '(late', 'spring', 'to', 'early', 'summer)', 'are', 'tiny,', 'with', '4', 'white', 'petals', '(often', 'absent).', 'at,', 'round', 'or', 'broadly', 'elliptic,', 'notched', 'at', 'the', 'tip', 'with', 'a', 'line', 'down', 'the', 'center.', 's:', 'L.', 'densiflorum', 'is', 'shorter,', 'often', 'bushy', 'and', 'wider', 'than', 'tall,', 'especially', 'in', 'the', 'open', 'where', 'decumbent', 'es', 'give', 'it', 'a', 'tumbleweed', 'form.', 'The', 'flower', 'petais', 'are', 'tiny', 'or', 'absent.', 'L.', 'virginicum', 'is', 'usually', 'slightly', 'taller', 'than', 'wide', 'and', 'is', 'less', 'branchy,', 'and', 'the', 'flowers', 'normally', 'have', 'petals.', 'CONFUSING', 'PLANTS:', 'Ox-eye', 'daisy', 'leaves', '(also', 'edible,', 'p.', '395)', 'are', 'glossier,', 'darker,', 'and', 'thicker.', 'HABITAT:', 'Dry,', 'disturbed', 'soil;', 'roadsides,', 'yards,', 'side-', 'walk', 'cracks,', 'vacant', 'lots.', 'railroads,', 'edges', 'of', 'parking', 'lots,', 'beaches,', 'crop', 'fields,', 'construction', 'sites.', 'Native.', 'FOOD', 'USE:', 'The', 'tender', 'leaves', 'and', 'leafy', 'shoots', 'can', 'be', 'eaten', 'cooked', 'or', 'raw', 'in', 'late', 'spring;', 'they', 'are', 'mild', 'to', 'average', 'among', 'mustards', 'as', 'far', 'as', 'hotness.', 'The', 'tender', 'tip', 'of', 'each', 'growing', 'inflorescence', '(about', 'half', 'an', 'inch)', 'can', 'be', 'used', 'as', 'a', 'hot', 'seasoning.', 'Mature', 'seed', 'pods', 'can', 'be', 'gathered', 'and', 'ground', 'as', '""pepper""', 'but', 'are', 'not', 'as', 'peppery', 'as', 'the', 'flower', 'buds.', 'Conserva-', 'tion', '1.', 'COMMENTS:', 'This', 'is', 'common', 'weed', 'that', 'every-', 'one', 'has', 'seen,', 'even', 'in', 'the', 'larg-', 'est', 'urban', 'areas.', 'It', 'is', 'distinct', 'at', 'maturity,', 'but', 'harder', 'to', 'recog-', 'nize', 'early', 'in', 'the', 'season', 'when', 'it', 'is', 'best', 'for', 'eating.', 'The', 'two', 'species', 'covered', 'here', 'are', 'nearly', 'identical', 'when', 'young', 'llowering', '405', 'densifionant']","FOOD USE: The tender leaves and leafy shoots can beeaten cooked or raw in late spring; they are mild to averageamong mustards as far as hotness. The tender tip of eachgrowing inflorescence (about half an inch) can be used asa hot seasoning. Mature seed pods can be gathered andground as ""pepper"" but are not as peppery as the flowerbuds. Conserva-tion 1.",True," Lepidium virginicum
     or
     Lepidium densiflorum","
    'leaves','shoots','tip','seed pods'"
000172-a.json,"['ONCE COMPOUND WITH DISTINCT LE.', 'BASAL LEAVES PRESENT, LEAVES ALT', '6 Parsnip', '3', '3', 'FH', 'Pastinaca', 'sativa', 'Apiaceae (Ca']","FOOD USE: Dig taproots from fall through early springthe same plant): mashed, fried, baked, grated into cass426ONCECOMPOUNDWITHDISTINCTLE.BASALLEAVESPRESENT,LEAVESALT6Parsnip33FHPastinacasativaApiaceae(CaQUICKH(Innpbasalleaveswithruffled,Inallotsoutofplanewiththerachis;stemdeeplyrideDESCRIPTION:Biennial,tallerthanwide.Basalleacompound,8-22""(20-56cm)longwith11-13leaflets,therachisinfullsun.Rachisnarrowlychanneled,deerusuallypurplish,hairyorhairless,nakedinthelower1baseandafaintbulgingringwhereeachsetofleafle(notoffset).mostlysessilebutoccasionallywithshotoothedand/orlobed,usuallyruffled,theteethlargeaabove,variablyhairybutmoresobelow.VeinsandveStemsingle,erect,withfewleavestowardthetop,branwithasmall,irregularhollow,jointed.thesurfacefinelleavesalternate,theloweronesupto30""(75cm)long(compound;theupperonesshorterwithfewerleafletInflorescenceflat-toppedcompoundumbels(maybe3oftheplant,theraysridged,withnobractsatthejunct5petalsbarelyextendingpasttheyellow-greenovarytheumbelletlarger,thecenterflowerscrowdedandtouerect,veryaromatic,ripeningtobrowninmidtolatesuCONFUSINGPLANTS:ButterweedPackeraglabellablHABITAT:Rich,well-drainedsoilinfullsun.Needsdi:oldfields,forestedges,meadows.IntroducedIFOODUSE:Digtaprootsfromfallthroughearlyspringthesameplant):mashed,fried,baked,gratedintocass426",True, Pastinaca sativa,"
    'taproots'"
000173-a.json,"['ONCE BASAL COMPOUND WITH DISTINCT', 'LEAVES PRESENT, LEAVES ALTERNATE, LEAFLETS', '1 fewer leaflets. widely spaced, reduced toward the the top. sheath. with a finely The leaflets ridged', 'Burnet-saxifrage (continued)', 'Stem leaves are few. smaller with for 1.2-2"" (3-5 cm). with little to no petiole beyond pointed lobes. Inflo-', 'rescence is a nearly Umbellets flat-topped are spaced from each other, but the 9-28 flowers within umbel, are but occasionally', 'are long. narrow, deeply compound umbel 2-3.2"" (5-8 cm) wide in bloom, 4.5"" tightly packed and', 'sheath fully encircling the lobed, stem with few teeth; uppermost leaves tiny with 1-3 narrow to (11 cm) in fruit, with', '14-28 umbellets smooth and hairless. There is usually no bract beneath the primary late summer) 4-5 mm', 'touching Rays are linear, sheathing bract; umbellets lack bracts. Flowers (mid to to heart-shaped', 'across there is with one pointed, unequal white petals, the tips curled back toward the center. Fruit triangular', 'ritibed, 3-4 mm long, slightly flattened, breaking in two.', 'HABITAT: Dry roadsides, fields. meadows, hayfields, forest edges, especially where limy and sandy. Full', 'sun. Introduced I', 'FOOD USE: The tender tops of stems and their associated leaves, before flowering, have a taste strongly', 'reminiscent of cilantro but hotter, less soapy, with a fruity aftertaste and an unpleasant texture. They can be', 'used sparingly as a seasoning herb.', 'COMMENTS: This plant is neither a burnet nor a saxifrage. It is a close relative of the commercial anis', '(Pimpinella anisum) and it has been grown as a fodder crop on poor soils in northern Europe. it occurs sporadi', 'cally and is locally abundant in some regions - for example, it is perhaps the most common roadside plan', 'around Hayward, Wisconsin. Expect its population to explode in the coming decades. The plant is bette', 'known as a medicinai than a food.', '428', '(bottom', 'left)', 'Basal', 'leaf.', 'Tender', 'tip.', 'ONCE', 'BASAL', 'COMPOUND', 'WITH', 'DISTINCT', 'LEAVES', 'PRESENT,', 'LEAVES', 'ALTERNATE,', 'LEAFLETS', '1', 'fewer', 'leaflets.', 'widely', 'spaced,', 'reduced', 'toward', 'the', 'the', 'top.', 'sheath.', 'with', 'a', 'finely', 'The', 'leaflets', 'ridged', 'Burnet-saxifrage', '(continued)', 'Stem', 'leaves', 'are', 'few.', 'smaller', 'with', 'for', '1.2-2""', '(3-5', 'cm).', 'with', 'little', 'to', 'no', 'petiole', 'beyond', 'pointed', 'lobes.', 'Inflo-', 'rescence', 'is', 'a', 'nearly', 'Umbellets', 'flat-topped', 'are', 'spaced', 'from', 'each', 'other,', 'but', 'the', '9-28', 'flowers', 'within', 'umbel,', 'are', 'but', 'occasionally', 'are', 'long.', 'narrow,', 'deeply', 'compound', 'umbel', '2-3.2""', '(5-8', 'cm)', 'wide', 'in', 'bloom,', '4.5""', 'tightly', 'packed', 'and', 'sheath', 'fully', 'encircling', 'the', 'lobed,', 'stem', 'with', 'few', 'teeth;', 'uppermost', 'leaves', 'tiny', 'with', '1-3', 'narrow', 'to', '(11', 'cm)', 'in', 'fruit,', 'with', '14-28', 'umbellets', 'smooth', 'and', 'hairless.', 'There', 'is', 'usually', 'no', 'bract', 'beneath', 'the', 'primary', 'late', 'summer)', '4-5', 'mm', 'touching', 'Rays', 'are', 'linear,', 'sheathing', 'bract;', 'umbellets', 'lack', 'bracts.', 'Flowers', '(mid', 'to', 'to', 'heart-shaped', 'across', 'there', 'is', 'with', 'one', 'pointed,', 'unequal', 'white', 'petals,', 'the', 'tips', 'curled', 'back', 'toward', 'the', 'center.', 'Fruit', 'triangular', 'ritibed,', '3-4', 'mm long,', 'slightly', 'flattened,', 'breaking', 'in', 'two.', 'HABITAT:', 'Dry', 'roadsides,', 'fields.', 'meadows,', 'hayfields,', 'forest', 'edges,', 'especially', 'where', 'limy', 'and', 'sandy.', 'Full', 'sun.', 'Introduced', 'I', 'FOOD', 'USE:', 'The', 'tender', 'tops', 'of', 'stems', 'and', 'their', 'associated', 'leaves,', 'before', 'flowering,', 'have', 'a', 'taste', 'strongly', 'reminiscent', 'of', 'cilantro', 'but', 'hotter,', 'less', 'soapy,', 'with', 'a', 'fruity', 'aftertaste', 'and', 'an', 'unpleasant', 'texture.', 'They', 'can', 'be', 'used', 'sparingly', 'as', 'a', 'seasoning', 'herb.', 'COMMENTS:', 'This', 'plant', 'is', 'neither', 'a', 'burnet', 'nor', 'a', 'saxifrage.', 'It', 'is', 'a', 'close', 'relative', 'of', 'the', 'commercial', 'anis', '(Pimpinella anisum)', 'and', 'it', 'has', 'been', 'grown', 'as', 'a', 'fodder', 'crop on', 'poor', 'soils', 'in', 'northern', 'Europe.', 'it', 'occurs', 'sporadi', 'cally', 'and', 'is', 'locally', 'abundant', 'in', 'some', 'regions', '-', 'for', 'example,', 'it', 'is', 'perhaps', 'the', 'most', 'common', 'roadside', 'plan', 'around', 'Hayward,', 'Wisconsin.', 'Expect', 'its', 'population', 'to', 'explode', 'in', 'the', 'coming', 'decades.', 'The', 'plant', 'is', 'bette', 'known', 'as', 'a', 'medicinai', 'than', 'a', 'food.', '428', '(bottom', 'left)', 'Basal', 'leaf.', 'Tender', 'tip.']","FOOD USE: The tender tops of stems and their associated leaves, before flowering, have a taste stronglyreminiscent of cilantro but hotter, less soapy, with a fruity aftertaste and an unpleasant texture. They can beused sparingly as a seasoning herb.",True,"None

    This text does not contain a clear binomial scientific name."," 'tops','stems'"
000173-b.json,"['Ice', 'BASAL', 'LEAVES', 'PRESENT,', 'LOBED', 'OR', 'LEAVES', ':1 Hill mustard', 'DIVIDED,', 'ALTERNATE,', '3', 'Bunias', 'orientalis', 'Brassicaceae', '(Mustard', 'ICK CHECK:', 'family)', 'thed or lobed; Erect stems mustard warty; pods with nearly yellow rotund. flowers ID in early summer; leaves pointed,', 'SCRIPTION: stard (p. .402). Perennial producing mustard with a mild but distinct', 'difficulty 1.', 'ette leaves 7-12"" (18-30 multiple adjacent rosettes from scent branching reminiscent of blue', 'pair fully divided cm)long, lanceolate, usually with root crowns.', 'ptly to a long, narrow from point. the rest of the blade, the lobes broad 4 side at the lobes base near the base, the', 'aces have scattered hairs, more Beyond these proximal lobes the leaf is tapered and narrowing and', 'e S length, purple at the above. Margins have large teeth pointing outward with to slightly depressed; secondary', 'slightly depressed prevalent above. Midvein whitish, flat toothed but not lobed.', 'ly no branches in the pointing toward the base. Rosette leaves wither with hairier than Stems the blade, the hairs', 'appressed and base, not channeled, flat above and rounded below, nipple tips. Petiole 15-20% of', 'fine, irregular ridges lower flowering. thick, straight,', 'half, usually clumped, 32-48"" (Bo-120 cm) tall, 8-12 erect,', 'many small, wart-like and a few gentle angles, bright purple at the base, with scattered, mm soft, solid, roundish', 'te, the lower bumps that are often darkened, Stem leaves smaller and narrower than leaning those hairs the', 'regularly ones on petioles and lobed, the upper ones unlobed and becoming sessile. The of', 'and sparsely toothed, the teeth often pointed toward the tip. Inflorescence many ascending margins', ""ies in the upper third, each with 8-20 flowers blooming simultaneously at the tip on pedicels 0.6' (15 mm)"", '""lowers (late spring) 4-6 mm across, with four obovate yellow petals and 4 much smaller yellow sepals.', 'nearly rotund with a beak-like tip, 5-9 mm long.', 'TAT: Sunny, open areas with well-drained rich soil: roadsides, meadows, pastures. Introduced I', 'FOOD USE: Young leaves, tender shoots, and flower bud', 'clusters can all be used as a vegetable, raw or cooked,', 'in spring.', 'COMMENTS: This mustard is sometimes cultivated; it is', 'currently very local in North America, but where found it', 'is often extremely abundant. II is allelopathic, releasing', 'chemicals that inhibit the growth of competing plants, so', 'that it forms large, pure stands to the exclusion of native', 'vegetation. Hill mustard should NOT be spread intention-', 'ally AKA Turkish cabbage, Turkish rocket, warty cabbage.', 'Ice', 'BASAL', 'LEAVES', 'PRESENT,', 'LOBED', 'OR', 'LEAVES', ':1', 'Hill', 'mustard', 'DIVIDED,', 'ALTERNATE,', '3', 'Bunias', 'orientalis', 'Brassicaceae', '(Mustard', 'ICK', 'CHECK:', 'family)', 'thed', 'or', 'lobed;', 'Erect', 'stems', 'mustard', 'warty;', 'pods', 'with', 'nearly', 'yellow', 'rotund.', 'flowers', 'ID', 'in', 'early', 'summer;', 'leaves', 'pointed,', 'SCRIPTION:', 'stard', '(p.', '.402).', 'Perennial', 'producing', 'mustard', 'with', 'a', 'mild', 'but', 'distinct', 'difficulty 1.', 'ette', 'leaves', '7-12""', '(18-30', 'multiple', 'adjacent', 'rosettes', 'from', 'scent', 'branching', 'reminiscent', 'of', 'blue', 'pair', 'fully', 'divided', 'cm)long,', 'lanceolate,', 'usually', 'with', 'root', 'crowns.', 'ptly', 'to', 'a', 'long,', 'narrow', 'from', 'point.', 'the', 'rest', 'of', 'the', 'blade,', 'the', 'lobes', 'broad', '4', 'side', 'at', 'the', 'lobes', 'base', 'near', 'the', 'base,', 'the', 'aces', 'have', 'scattered', 'hairs,', 'more', 'Beyond', 'these', 'proximal', 'lobes', 'the', 'leaf', 'is', 'tapered', 'and', 'narrowing', 'and', 'e', 'S', 'length,', 'purple', 'at', 'the', 'above.', 'Margins', 'have', 'large', 'teeth', 'pointing', 'outward', 'with', 'to', 'slightly', 'depressed;', 'secondary', 'slightly', 'depressed', 'prevalent', 'above.', 'Midvein', 'whitish,', 'flat', 'toothed', 'but', 'not', 'lobed.', 'ly', 'no', 'branches', 'in', 'the', 'pointing', 'toward', 'the', 'base.', 'Rosette', 'leaves', 'wither', 'with', 'hairier', 'than', 'Stems', 'the', 'blade,', 'the', 'hairs', 'appressed', 'and', 'base,', 'not', 'channeled,', 'flat', 'above', 'and', 'rounded', 'below,', 'nipple', 'tips.', 'Petiole', '15-20%', 'of', 'fine,', 'irregular', 'ridges', 'lower', 'flowering.', 'thick,', 'straight,', 'half,', 'usually', 'clumped,', '32-48""', '(Bo-120', 'cm)', 'tall,', '8-12', 'erect,', 'many', 'small,', 'wart-like', 'and', 'a', 'few', 'gentle', 'angles,', 'bright', 'purple', 'at', 'the', 'base,', 'with', 'scattered,', 'mm', 'soft,', 'solid,', 'roundish', 'te,', 'the', 'lower', 'bumps', 'that', 'are', 'often', 'darkened,', 'Stem', 'leaves', 'smaller', 'and', 'narrower', 'than', 'leaning', 'those', 'hairs', 'the', 'regularly', 'ones', 'on', 'petioles', 'and', 'lobed,', 'the', 'upper', 'ones', 'unlobed', 'and', 'becoming', 'sessile.', 'The', 'of', 'and', 'sparsely', 'toothed,', 'the', 'teeth', 'often', 'pointed', 'toward', 'the', 'tip.', 'Inflorescence', 'many', 'ascending', 'margins', 'ies', 'in', 'the', 'upper', 'third,', 'each', 'with', '8-20', 'flowers', 'blooming', 'simultaneously', 'at', 'the', 'tip', 'on', 'pedicels', ""0.6'"", '(15', 'mm)', '""lowers', '(late', 'spring)', '4-6', 'mm', 'across,', 'with', 'four', 'obovate', 'yellow', 'petals', 'and', '4', 'much', 'smaller', 'yellow', 'sepals.', 'nearly', 'rotund', 'with', 'a', 'beak-like', 'tip,', '5-9', 'mm', 'long.', 'TAT:', 'Sunny,', 'open', 'areas', 'with', 'well-drained', 'rich', 'soil:', 'roadsides,', 'meadows,', 'pastures.', 'Introduced', 'I', 'FOOD', 'USE:', 'Young', 'leaves,', 'tender', 'shoots,', 'and', 'flower', 'bud', 'clusters', 'can', 'all', 'be', 'used', 'as', 'a', 'vegetable,', 'raw', 'or', 'cooked,', 'in', 'spring.', 'COMMENTS:', 'This', 'mustard', 'is', 'sometimes', 'cultivated;', 'it', 'is', 'currently', 'very', 'local', 'in', 'North', 'America,', 'but', 'where', 'found', 'it', 'is', 'often', 'extremely', 'abundant.', 'II', 'is', 'allelopathic,', 'releasing', 'chemicals', 'that', 'inhibit', 'the', 'growth', 'of', 'competing', 'plants,', 'so', 'that', 'it', 'forms', 'large,', 'pure', 'stands', 'to', 'the', 'exclusion', 'of', 'native', 'vegetation.', 'Hill', 'mustard', 'should', 'NOT', 'be', 'spread', 'intention-', 'ally', 'AKA', 'Turkish', 'cabbage,', 'Turkish', 'rocket,', 'warty', 'cabbage.']","FOOD USE: Young leaves, tender shoots, and flower budclusters can all be used as a vegetable, raw or cooked,in spring.",True, Bunias orientalis,"
    'Young leaves','tender shoots','flower buds'"
000174-a.json,"['PRESENT,', 'LEAVES', 'ALTE', 'BASAL', 'LEAVES', 'WITH', 'DISTINCT', 'LEA', 'ONCE', 'COMPOUND', '9', 'Shotweed', '2', 'Cardamine', 'hirsuta', 'Brassicaced', 'expl']","FOOD USE: Gather the tender greens in fall, winter, or Smixed potherbs, soups, or casseroles.",True, Cardamine hirsuta, 'greens'
000175-a.json,"['Narrow-leaf', 'bittercress', '11', 'impatiens', 'Bra', 'Cardamine', 'mustard', 'with', 'ang']",FOOD USE: Tender parts can be eaten raw or C,True, Cardamine impatiens,"
    'parts'"
000175-b.json,"['1cm', 'BASAL LEAVES LOBED PRESENT, LEAVES ALTERNATE,', 'OR', 'DIVIDED,', 'SAP', 'NOT', 'MILKY', '; Tall hedge mustard', '2', '2', 'Sisymbrium loeselii + Brassicaceae (Mustard family)', 'CK CHECK:', 'pring; are deeply lobed. ID difficulty 1.', 'the leaves Tall, hairy mustard with long racemes of yellow flowers blooming in', 'CRIPTION: Winter annual (usually) or annual. The stem, petioles,', 've n) d and long, long twisted, and 2-3"" stiff (5-8 hairs. during flowering, and pointed, leal blades to often 10""', 'erect, Basal leaves in rosettes, withering', 'cm) wide, deeply pinnately lobed, the lobes', ""hairy on both sides. Veins strongly depressed above. Stem 3-5.5'"", 'n) tall and 9-15 mm thick, roundish with a small hollow in the center, densely covered with long, erect,', ':-like hairs. The upper stem has fine ridges, but the lower stem does not. The shoot first grows tall and', 'it before producing many long, strongly ascending branches. Stem leaves have 2-4 lobes per side,', 'ning toward the top; these lobes are much narrower than those of basal leaves and pointed, and the', 't is angled back toward the stem. Inflorescence racemes held erect, to 26"" (66 cm) long, the pedicels', ""ing. Flowers (late spring to early summer) 6-7 mm across with 4 nearly round yellow petals. Pods 1-2'"", '1) long, thin, cylindrical, nearly straight, longer and thicker than the pedicels.', 'AT: Dry, sunny, disturbed sites; roadsides, railroads, vacant lots, crop field margins. Introduced.', 'FOOD USE: Basal leaves in early spring are very mild and can', 'be used as a salad green or potherb. Once the stems begin', ""to grow this plant's flavor changes dramatically; the stem"", 'tips and stem leaves are then horseradish-hot and similar', 'to hedge mustard.', 'COMMENTS: This weed is one of the most abundant mus-', 'tards in the eastern Plains and western Midwest, but it seems', 'to be a newcomer, for it is way more common than herbarium', 'records suggest. The flavor change with age is astounding,', 'perhaps the greatest that i am aware of for any plant. The', 'biggest drawback to this green is the stiff hairs, which detract', 'from the mouth-feel.', 'MMH!', '413', '1cm', 'BASAL', 'LEAVES', 'LOBED', 'PRESENT,', 'LEAVES', 'ALTERNATE,', 'OR', 'DIVIDED,', 'SAP', 'NOT', 'MILKY', ';', 'Tall', 'hedge', 'mustard', '2', '2', 'Sisymbrium', 'loeselii', '+', 'Brassicaceae', '(Mustard', 'family)', 'CK', 'CHECK:', 'pring;', 'are', 'deeply', 'lobed.', 'ID', 'difficulty', '1.', 'the', 'leaves', 'Tall,', 'hairy', 'mustard', 'with', 'long', 'racemes', 'of', 'yellow', 'flowers', 'blooming', 'in', 'CRIPTION:', 'Winter', 'annual', '(usually)', 'or', 'annual.', 'The', 'stem,', 'petioles,', 've', 'n)', 'd', 'and', 'long,', 'long', 'twisted,', 'and', '2-3""', 'stiff', '(5-8', 'hairs.', 'during', 'flowering,', 'and', 'pointed,', 'leal', 'blades', 'to', 'often', '10""', 'erect,', 'Basal', 'leaves', 'in', 'rosettes,', 'withering', 'cm)', 'wide,', 'deeply', 'pinnately', 'lobed,', 'the', 'lobes', 'hairy', 'on', 'both', 'sides.', 'Veins', 'strongly', 'depressed', 'above.', 'Stem', ""3-5.5'"", 'n)', 'tall', 'and', '9-15', 'mm', 'thick,', 'roundish', 'with', 'a', 'small', 'hollow', 'in', 'the', 'center,', 'densely', 'covered', 'with', 'long,', 'erect,', ':-like', 'hairs.', 'The', 'upper', 'stem', 'has', 'fine', 'ridges,', 'but', 'the', 'lower', 'stem', 'does', 'not.', 'The', 'shoot', 'first', 'grows', 'tall', 'and', 'it', 'before', 'producing', 'many', 'long,', 'strongly', 'ascending', 'branches.', 'Stem', 'leaves', 'have', '2-4', 'lobes', 'per', 'side,', 'ning', 'toward', 'the', 'top;', 'these', 'lobes', 'are', 'much', 'narrower', 'than', 'those', 'of', 'basal', 'leaves', 'and', 'pointed,', 'and', 'the', 't', 'is', 'angled', 'back', 'toward', 'the', 'stem.', 'Inflorescence', 'racemes', 'held', 'erect,', 'to', '26""', '(66', 'cm)', 'long,', 'the', 'pedicels', 'ing.', 'Flowers', '(late', 'spring', 'to', 'early', 'summer)', '6-7', 'mm', 'across', 'with', '4', 'nearly', 'round', 'yellow', 'petals.', 'Pods', ""1-2'"", '1)', 'long,', 'thin,', 'cylindrical,', 'nearly', 'straight,', 'longer', 'and', 'thicker', 'than', 'the', 'pedicels.', 'AT:', 'Dry,', 'sunny,', 'disturbed', 'sites;', 'roadsides,', 'railroads,', 'vacant', 'lots,', 'crop', 'field', 'margins.', 'Introduced.', 'FOOD', 'USE:', 'Basal', 'leaves', 'in', 'early', 'spring', 'are', 'very', 'mild', 'and', 'can', 'be', 'used', 'as', 'a', 'salad', 'green', 'or', 'potherb.', 'Once', 'the', 'stems', 'begin', 'to', 'grow', 'this', ""plant's"", 'flavor', 'changes', 'dramatically;', 'the', 'stem', 'tips', 'and', 'stem', 'leaves', 'are', 'then', 'horseradish-hot', 'and', 'similar', 'to', 'hedge', 'mustard.', 'COMMENTS:', 'This', 'weed', 'is', 'one', 'of', 'the', 'most', 'abundant', 'mus-', 'tards', 'in', 'the', 'eastern', 'Plains', 'and', 'western', 'Midwest,', 'but', 'it', 'seems', 'to', 'be', 'a', 'newcomer,', 'for', 'it', 'is', 'way', 'more', 'common', 'than', 'herbarium', 'records', 'suggest.', 'The', 'flavor', 'change', 'with', 'age', 'is', 'astounding,', 'perhaps', 'the', 'greatest', 'that', 'i', 'am', 'aware', 'of', 'for', 'any', 'plant.', 'The', 'biggest', 'drawback', 'to', 'this', 'green', 'is', 'the', 'stiff', 'hairs,', 'which', 'detract', 'from', 'the', 'mouth-feel.', 'MMH!', '413']",FOOD USE: Basal leaves in early spring are very mild and canbe used as a salad green or potherb. Once the stems beginto grow this plant's flavor changes dramatically; the stemtips and stem leaves are then horseradish-hot and similarto hedge mustard.,True, Sisymbrium loeselii,"
    'basal leaves'"
000176-a.json,"['ONCE BASAL COMPOUND WITH DISTINCT', 'LEAVES PRESENT, LEAVES ALTERNATE, LEAFLETS', '13 False strawberry', '1', 'Duchesnea indica Rosaceae (Rose family)']",FOOD USE: The berries canbe collected from summer tofall and eaten raw or cooked.,True, Duchesnea indica,"
    'berries'"
000176-b.json,"['BASAL', 'LEAVES', 'LOBED', 'PRESENT,', 'OR', 'LEAVES', 'DIVIDED,', 'ALTERNATE,', 'Highway mustard', 'SAP', 'NOT', 'MILKY', '3', 'Coincya', 'monensis', 'K CHECK:', 'Brassicaceae (Mustard family)', 'yellow flowers Lanky mustard, much branched near the base, with sparse leaves and', 'in early summer. ID difficulty', 'RIPTION: stiff, needle-like Annual hairs. or winter annual from a taproot, all', 'ded with 15-19 lobes, Basal leaves in a vegetative parts with scat-', 'and broadest near these well-spaced and than long, pinnately', 'of withers flowering. large, blunt tip lobed ones', 'with a few the base, the distal ones broadest near wide, the the proximal', 'by teeth. Surfaces rough-hairy on both sides with and shallowly', 'ranched at or the Rachis often purple, flat to wing-channeled above. depressed major veins. Rosette', 'Stems reach 2.5-4) near base (with few branches above that) the branches Stems single or few, often', 'aves alternate, (75-120 cm) tali and 12 mm thick, weakly ridged and nearly equal to the stem in', 'asional extensions sparse (especially upward), deeply pinnately lobed/divided, angled, with coated a with', 'bloom.', 'of the plant lobes along the rachis. Major veins more deeply depressed than continuous wing', 'es are get progressively fewer, longer, narrower, and more fully divided on basal with leaves Toward', 'ffset nly spaced by right light angled few shallow umbel-like,', 'to the midrib. Lobes are often deeply folded. Petiole/midrib has to no teeth;', 'color. Inflorescence racemes 10-14"" (25-36 cm) long. the tips crowded a and groove', 'pedicels at maturity. Flowers (late spring to early summer) to 0.7"" (18 mm) with', 'yellow petals with distinct veins, especially beneath. The base is a tubular calyx with 4 stiff-hairy across,', 'the tip. Pods long and narrow, curved, roundish, to 3"" (8 cm) long with a flattened beak, spreading triangular', '90° to the rachis on pedicels to 8 mm long.', 'HABITAT: Disturbed, sunny, gravelly soil: especially roadsides.', 'Introduced', 'FOOD USE: All the tender parts can be eaten raw or cooked,', 'from spring through early summer. This is one of the milder-', 'flavored mustards.', 'COMMENTS: This enigmatic species is abundant in Penn-', 'sylvania but is almost never found anywhere else. However,', ""since its spread in PA has been rapid, I'm assuming it will soon"", 'spread outside of that', 'state. This is perhaps', 'the most attractive of', 'our weedy mustards,', 'and one of the best for', ""eating, too. It doesn't"", 'have a common name', 'here, but in the UK it', 'goes by the eloquently', 'beautiful (read with', 'sarcasm) ""isle-of-Man', 'Cabbage."" made up', '""highway mustard,""', 'which is not only accu-', 'rate, but conveniently', 'shorter than ""Pennsyl', 'vania-railroad-right-of', 'way cabbage.', '415', 'BASAL', 'LEAVES', 'LOBED', 'PRESENT,', 'OR', 'LEAVES', 'DIVIDED,', 'ALTERNATE,', 'Highway', 'mustard', 'SAP', 'NOT', 'MILKY', '3', 'Coincya', 'monensis', 'K', 'CHECK:', 'Brassicaceae', '(Mustard', 'family)', 'yellow', 'flowers', 'Lanky', 'mustard,', 'much', 'branched', 'near', 'the', 'base,', 'with', 'sparse', 'leaves', 'and', 'in', 'early', 'summer.', 'ID', 'difficulty', 'RIPTION:', 'stiff,', 'needle-like', 'Annual', 'hairs.', 'or', 'winter', 'annual', 'from', 'a', 'taproot,', 'all', 'ded', 'with', '15-19', 'lobes,', 'Basal', 'leaves', 'in', 'a', 'vegetative', 'parts', 'with', 'scat-', 'and', 'broadest', 'near', 'these', 'well-spaced', 'and', 'than', 'long,', 'pinnately', 'of', 'withers', 'flowering.', 'large,', 'blunt', 'tip', 'lobed', 'ones', 'with', 'a', 'few', 'the', 'base,', 'the', 'distal', 'ones', 'broadest', 'near', 'wide,', 'the', 'the', 'proximal', 'by', 'teeth.', 'Surfaces', 'rough-hairy', 'on', 'both sides', 'with', 'and', 'shallowly', 'ranched', 'at', 'or', 'the', 'Rachis', 'often', 'purple,', 'flat', 'to', 'wing-channeled', 'above.', 'depressed', 'major', 'veins.', 'Rosette', 'Stems', 'reach', '2.5-4)', 'near', 'base', '(with', 'few', 'branches', 'above', 'that)', 'the', 'branches', 'Stems', 'single', 'or', 'few,', 'often', 'aves', 'alternate,', '(75-120', 'cm)', 'tali', 'and', '12', 'mm', 'thick,', 'weakly', 'ridged', 'and', 'nearly', 'equal', 'to', 'the', 'stem', 'in', 'asional', 'extensions', 'sparse', '(especially', 'upward),', 'deeply', 'pinnately', 'lobed/divided,', 'angled,', 'with', 'coated', 'a', 'with', 'bloom.', 'of', 'the', 'plant', 'lobes', 'along', 'the', 'rachis.', 'Major', 'veins', 'more', 'deeply', 'depressed', 'than', 'continuous', 'wing', 'es', 'are', 'get', 'progressively', 'fewer,', 'longer,', 'narrower,', 'and', 'more', 'fully', 'divided', 'on', 'basal', 'with', 'leaves', 'Toward', 'ffset', 'nly', 'spaced', 'by', 'right', 'light', 'angled', 'few', 'shallow', 'umbel-like,', 'to', 'the', 'midrib.', 'Lobes', 'are', 'often', 'deeply', 'folded.', 'Petiole/midrib', 'has', 'to', 'no', 'teeth;', 'color.', 'Inflorescence', 'racemes', '10-14""', '(25-36', 'cm)', 'long.', 'the', 'tips', 'crowded', 'a', 'and', 'groove', 'pedicels', 'at', 'maturity.', 'Flowers', '(late', 'spring', 'to', 'early', 'summer)', 'to', '0.7""', '(18', 'mm)', 'with', 'yellow', 'petals', 'with', 'distinct', 'veins,', 'especially', 'beneath.', 'The', 'base', 'is', 'a', 'tubular', 'calyx', 'with', '4', 'stiff-hairy', 'across,', 'the', 'tip.', 'Pods', 'long', 'and', 'narrow,', 'curved,', 'roundish,', 'to', '3""', '(8', 'cm)', 'long', 'with', 'a', 'flattened', 'beak,', 'spreading', 'triangular', '90°', 'to', 'the', 'rachis', 'on', 'pedicels', 'to', '8', 'mm', 'long.', 'HABITAT:', 'Disturbed,', 'sunny,', 'gravelly', 'soil:', 'especially', 'roadsides.', 'Introduced', 'FOOD', 'USE:', 'All', 'the', 'tender', 'parts', 'can', 'be', 'eaten', 'raw', 'or', 'cooked,', 'from', 'spring', 'through', 'early', 'summer.', 'This', 'is', 'one', 'of', 'the', 'milder-', 'flavored', 'mustards.', 'COMMENTS:', 'This', 'enigmatic', 'species', 'is', 'abundant', 'in', 'Penn-', 'sylvania', 'but', 'is', 'almost', 'never', 'found', 'anywhere', 'else.', 'However,', 'since', 'its', 'spread', 'in', 'PA', 'has', 'been', 'rapid,', ""I'm"", 'assuming', 'it', 'will', 'soon', 'spread', 'outside', 'of', 'that', 'state.', 'This', 'is', 'perhaps', 'the', 'most', 'attractive', 'of', 'our', 'weedy', 'mustards,', 'and', 'one', 'of', 'the', 'best', 'for', 'eating,', 'too.', 'It', ""doesn't"", 'have', 'a', 'common', 'name', 'here,', 'but', 'in', 'the', 'UK', 'it', 'goes', 'by', 'the', 'eloquently', 'beautiful', '(read', 'with', 'sarcasm)', '""isle-of-Man', 'Cabbage.""', 'made', 'up', '""highway', 'mustard,""', 'which', 'is', 'not', 'only', 'accu-', 'rate,', 'but', 'conveniently', 'shorter', 'than', '""Pennsyl', 'vania-railroad-right-of', 'way', 'cabbage.', '415']","FOOD USE: All the tender parts can be eaten raw or cooked,from spring through early summer. This is one of the milder-flavored mustards.",True, Coincya monensis, 'parts' (assuming 'parts' refers to edible parts)
000177-a.json,"['LEAVES', 'PRESENT,', 'LEAVES', 'BASAL', 'WITH', 'DISTINCT', 'ONCE', 'COMPOUND', '15', 'Small-flower', 'phacelia', '1', 'Phacelia', 'dubia', 'Boraginacea', 'covered with stiff appressed hairs; light 5']",FOOD USE: Tender young greens can be eaten Icooked. Conservation 2.,True, Phacelia dubia,"
    'young greens'"
000179-a.json,"['PRESENT,', 'LEAVES', 'ALTERNATE,', 'BASAL', 'LEAVES', 'MULTI-COMPOUND', 'WITH', 'DISTINCT', 'LEAFLETS', '2', '3', '1', 'Yellow pimpernel', 'Taenidia', 'Apiaceae', '(Carrot', 'fami', 'integerrima', 'Very thin stems, elliptic entire leaflets with veins other. not ID pro di']","FOOD USE: The roots are mild, sweet, and pleasant, although rather toughto conserve the plants. The leaves and shoots have a strong but pleasant flaor celery leaf. The flavor and texture are best in spring. Seeds make an excel:seed. Conservation 3/2/1.",True, Taenidia integerrima,"
    'roots','leaves','shoots','seeds'"
000183-a.json,"['6 Purple angelica (continued)', 'FOOD USE: Angelica has a very strong soapy flavor and will n', 'reason it is typically used in moderation, more as a seasoning', 'pale and wrapped in sheaths when 4-9"" (10-23 cm) tall, is not', 'like celery Young stalks and petioles are strong but can be l', 'candied. Seeds have also', 'been used as a seasoning', 'Conservation 2/1.', 'WARNING: The juice is', 'phototoxic to the skin (see', '11.23).', 'COMMENTS: My friends at', 'Prairie Moon Nursery aptly', 'call them ""stately sentinels', 'along stream beds."" Purple', 'angelica is similar to the', 'European Angelica archan-', 'gelica, for which there is a', 'rich tradition of medicinal', 'and culinary use. In Scandi-', 'navia, cultivars with milder', 'flavor and solid stalks have', 'been bred.', '6', 'Purple', 'angelica', '(continued)', 'FOOD', 'USE:', 'Angelica', 'has', 'a', 'very', 'strong', 'soapy', 'flavor', 'and', 'will', 'n', 'reason', 'it', 'is', 'typically', 'used', 'in', 'moderation,', 'more', 'as', 'a', 'seasoning', 'pale', 'and', 'wrapped', 'in', 'sheaths', 'when', '4-9""', '(10-23', 'cm)', 'tall,', 'is', 'not', 'like', 'celery', 'Young', 'stalks', 'and', 'petioles', 'are', 'strong', 'but', 'can', 'be', 'l', 'candied.', 'Seeds', 'have', 'also', 'been', 'used', 'as', 'a', 'seasoning', 'Conservation', '2/1.', 'WARNING:', 'The', 'juice', 'is', 'phototoxic', 'to', 'the', 'skin', '(see', '11.23).', 'COMMENTS:', 'My', 'friends', 'at', 'Prairie', 'Moon', 'Nursery', 'aptly', 'call', 'them', '""stately', 'sentinels', 'along', 'stream', 'beds.""', 'Purple', 'angelica', 'is', 'similar', 'to', 'the', 'European', 'Angelica', 'archan-', 'gelica,', 'for', 'which', 'there', 'is', 'a', 'rich', 'tradition', 'of', 'medicinal', 'and', 'culinary', 'use.', 'In', 'Scandi-', 'navia,', 'cultivars', 'with', 'milder', 'flavor', 'and', 'solid', 'stalks', 'have', 'been', 'bred.']","FOOD USE: Angelica has a very strong soapy flavor and will nreason it is typically used in moderation, more as a seasoningpale and wrapped in sheaths when 4-9"" (10-23 cm) tall, is notlike celery Young stalks and petioles are strong but can be lcandied. Seeds have alsobeen used as a seasoningConservation 2/1.",True, Angelica archangelica,"1. 'stalks'
    2. 'petioles'
    3. 'seeds'"
000185-a.json,"['Goutweed', '2', '3 503 2', '""', 'podagraria', 'Apiace-', 'Aegopodium', 'leaves', 'form', 'thick', 'ground', 'cover,', 'CHECK:', 'Basal']","FOOD USE: Collect young leaves at any time, but mostly irmild with a hint of celery or parsley. They can be simmerea nice vegetable soup base. The shoots and petioles are p",True, Aegopodium podagraria,"
    'young leaves'"
000187-a.json,"['BASAL', 'LEAVES', 'PRESENT,', 'MULTI-COMPOUND', 'WITH', 'columbine', '93', '3', '13', 'Red', 'Aquilegia', 'canadensis']","FOOD USE: The flowers are a deli-cious snack or garnish enjoyed bymany. Some people bite off just the5 nectaries at the end of the spurs, buthungrier people like me eat the entireflower. Other parts of the plant arereported as toxic. Conservation 1.",True, Aquilegia canadensis, 'flowers'
000188-a.json,"['1', 'Pineapple weed it 1 is 1', 'Matricaria matricarioides', 'As']","FOOD USE: The young greens and flowerheads canbe eaten as a nibble or garnish, and can also be usedto steep a pleasant tea reminiscent of chamomile.Primarily available from late spring through earlysummer; sometimes found later, but usually dyingwith dry weather.",True, Matricaria matricarioides,"
    'young greens','flowerheads'"
000188-b.json,"['1cm', 'LEAVES', 'MULTI-COMPOUND', 'PRESENT,', 'LEAVES', 'WITH', 'DISTINCT', 'ALTERNATE,', 'Javan', 'water', 'LEAFLETS', 'celery', '2', 'Oenanthe', '3', 'javanica', 'Apiaceae', '(Carrot', 'JICK CHECK:', 'family)', 'Mat-forming', 'ee-high', 'stems', 'with', 'and', 'slender', 'SCRIPTION:', 'Perennial', 'difficulty', 'a', 'pting', 'at', 'nodes', 'root', 'to', 'system,', 'all', 'spreading', 'parts', 'by', 'the', 'sal leaves in rosettes, skin containing usually 4 separate vascular bundles thick, surrounded red to white, semi-', 'thin', 'hairless.', 'Rhizomes', 'rhizomes/stolons', 'low.', 'and', 'npound with 3-8"" (8-20 cc long (including the petiole), by oir space.', 'cm) long, blunt 5-23 leaflets, withering by blooming on flowering stalks. pinnately once or twice', 'led and often inequilateral; and roughly ovate, the smallest leaflets appearing Leaflets palmately 0.4-0.8', 'Rapidly expanding.', 'face hairless, glossy sessile or with very short petiolules; the terminal leaflet veined, the base broadly', 'eral small flat to faintly depressed below. running to toothtips, Petioles teeth. Major', 'depressed above and below. Margins often purple, with a few large, blunt, nipple-tipped long-stalked or sessile. veins', 'ow, more ridges, the top with a hairline groove, the lower third with a wide, often reddish green, hollow, sheath. thin, with', ""ted, purple strongly and grooved than the petiole. Stems 10-40' (25-102 cm) tall and 5-11 mm thick, Rachis is"", 'Cross nearly solid at the base but green above and developing a small, non-round, juicy inside,', 'es section is angled, often almost diamond-shaped; increasingly so toward the top, with the off-center hol-', 'becoming sharp and winged. The surface is hairless with fine vertical lines, branched, erect uppermost to leaning', 'ecumbent. Stem leaves alternate, on long internodes, twice pinnately compound, the rachis branches few,', 'with 3-5 leaflets per branch, the blade 8-12"" (20-30 cm) long with a total of 20-40 leaflets. Leaflets of', 'leaves are 1-2"" (2.5-5cm) long, ovate to lanceolate, pointed, coarsely toothed and occasionally lobed,', 'eeth sharp, the veins more depressed-otherwise similar to basal. Petioles of stem leaves with narrow', 'ths, often long and nearly vertical, the walls thin and sharply angled (especially on uppermost leaves), the', 'W also not centered. Rachises of upper leaves are flattened with sharp. clear-winged edges, a ridge below,', 'narrow groove above. Inflorescence flat-topped compound umbels 1.5-2.5"" (3.8-6.4 cm) across at the', 'of a ridged peduncle, the ridges sharp-winged, bearing 8-14 crowded umbellets, each 10-13 mm wide with', 'flowers. Rays are 0.7-1.5 (18-64 mm) long, distinctly ridged or angled. There is a whorl of several long,', 'green bracts beneath each umbellet, often surpassing the outer flowers; there are usually no bracts', 'ath the great umbel, but occasionally 1-2 are present. Flowers 2-3 mm across, with 5 white petals of', 'ly equal size, the tips folded in toward the center, and 5 stamens. The calyx is light green and cup-like.', 'slightly compressed, broadly elliptic, hairless, ribbed, the ribs with corky wings.', 'CONFUSING PLANTS:', 'Springwater parsnip (p. 216)', 'has once-compound leaves', 'with the veins not de-', 'pressed. Water hemlock', '(deadly poisonous, p. 668)', 'is much larger with narrow-', 'en leaflets and round stems', 'with a round hollow; it lacks', 'rhizomes (among many oth-', 'er differences).', 'HABITAT: Rich, mucky soil', 'near streams, rivers, ponds,', 'and lakes, usually in shade.', 'Introduced.', 'FOOD USE: Young shoots', 'and leaves and can be used', 'like tender celery, all grow-', 'ing season but especially in', 'spring and early summer.', '(Continued on the next', 'page.)', '443', '1cm', 'LEAVES', 'MULTI-COMPOUND', 'PRESENT,', 'LEAVES', 'WITH', 'DISTINCT', 'ALTERNATE,', 'Javan', 'water', 'LEAFLETS', 'celery', '2', 'Oenanthe', '3', 'javanica', 'Apiaceae', '(Carrot', 'JICK', 'CHECK:', 'family)', 'Mat-forming', 'ee-high', 'stems', 'with', 'and', 'slender', 'SCRIPTION:', 'Perennial', 'difficulty', 'a', 'pting', 'at', 'nodes', 'root', 'to', 'system,', 'all', 'spreading', 'parts', 'by', 'the', 'sal', 'leaves', 'in', 'rosettes,', 'skin', 'containing', 'usually', '4', 'separate', 'vascular', 'bundles', 'thick,', 'surrounded', 'red', 'to', 'white,', 'semi-', 'thin', 'hairless.', 'Rhizomes', 'rhizomes/stolons', 'low.', 'and', 'npound', 'with', '3-8""', '(8-20 cc', 'long', '(including', 'the', 'petiole),', 'by', 'oir', 'space.', 'cm)', 'long,', 'blunt', '5-23', 'leaflets,', 'withering', 'by', 'blooming', 'on', 'flowering', 'stalks.', 'pinnately', 'once', 'or', 'twice', 'led', 'and', 'often', 'inequilateral;', 'and', 'roughly', 'ovate,', 'the', 'smallest', 'leaflets', 'appearing', 'Leaflets', 'palmately', '0.4-0.8', 'Rapidly', 'expanding.', 'face', 'hairless,', 'glossy', 'sessile', 'or', 'with', 'very', 'short', 'petiolules;', 'the', 'terminal', 'leaflet', 'veined,', 'the', 'base', 'broadly', 'eral', 'small', 'flat', 'to', 'faintly', 'depressed', 'below.', 'running', 'to', 'toothtips,', 'Petioles', 'teeth.', 'Major', 'depressed', 'above', 'and', 'below.', 'Margins', 'often', 'purple,', 'with', 'a', 'few', 'large,', 'blunt,', 'nipple-tipped', 'long-stalked', 'or', 'sessile.', 'veins', 'ow,', 'more', 'ridges,', 'the', 'top', 'with', 'a', 'hairline', 'groove,', 'the', 'lower', 'third', 'with', 'a', 'wide,', 'often', 'reddish', 'green,', 'hollow,', 'sheath.', 'thin,', 'with', 'ted,', 'purple', 'strongly', 'and', 'grooved', 'than', 'the', 'petiole.', 'Stems', ""10-40'"", '(25-102', 'cm)', 'tall', 'and', '5-11', 'mm', 'thick,', 'Rachis', 'is', 'Cross', 'nearly', 'solid', 'at', 'the', 'base', 'but', 'green', 'above', 'and', 'developing', 'a', 'small,', 'non-round,', 'juicy', 'inside,', 'es', 'section', 'is', 'angled,', 'often', 'almost', 'diamond-shaped;', 'increasingly', 'so', 'toward', 'the', 'top,', 'with', 'the', 'off-center', 'hol-', 'becoming', 'sharp', 'and', 'winged.', 'The', 'surface', 'is', 'hairless', 'with', 'fine', 'vertical', 'lines,', 'branched,', 'erect', 'uppermost', 'to', 'leaning', 'ecumbent.', 'Stem', 'leaves', 'alternate,', 'on', 'long', 'internodes,', 'twice', 'pinnately', 'compound,', 'the', 'rachis', 'branches', 'few,', 'with', '3-5', 'leaflets', 'per', 'branch,', 'the', 'blade', '8-12""', '(20-30 cm)', 'long', 'with', 'a', 'total', 'of', '20-40', 'leaflets.', 'Leaflets', 'of', 'leaves', 'are', '1-2""', '(2.5-5cm)', 'long,', 'ovate', 'to', 'lanceolate,', 'pointed,', 'coarsely', 'toothed', 'and', 'occasionally', 'lobed,', 'eeth', 'sharp,', 'the', 'veins', 'more', 'depressed-otherwise', 'similar', 'to', 'basal.', 'Petioles', 'of', 'stem', 'leaves', 'with', 'narrow', 'ths,', 'often', 'long', 'and', 'nearly', 'vertical,', 'the', 'walls', 'thin', 'and', 'sharply', 'angled', '(especially', 'on', 'uppermost', 'leaves),', 'the', 'W', 'also', 'not', 'centered.', 'Rachises', 'of', 'upper', 'leaves', 'are', 'flattened', 'with', 'sharp.', 'clear-winged', 'edges,', 'a', 'ridge', 'below,', 'narrow', 'groove', 'above.', 'Inflorescence', 'flat-topped', 'compound', 'umbels', '1.5-2.5""', '(3.8-6.4', 'cm)', 'across', 'at', 'the', 'of', 'a', 'ridged', 'peduncle,', 'the', 'ridges', 'sharp-winged,', 'bearing', '8-14', 'crowded', 'umbellets,', 'each', '10-13', 'mm', 'wide', 'with', 'flowers.', 'Rays', 'are', '0.7-1.5', '(18-64', 'mm)', 'long,', 'distinctly', 'ridged', 'or', 'angled.', 'There', 'is', 'a', 'whorl', 'of', 'several', 'long,', 'green', 'bracts', 'beneath', 'each', 'umbellet,', 'often', 'surpassing', 'the', 'outer', 'flowers;', 'there', 'are', 'usually', 'no', 'bracts', 'ath', 'the', 'great', 'umbel,', 'but', 'occasionally', '1-2', 'are', 'present.', 'Flowers', '2-3', 'mm', 'across,', 'with', '5', 'white', 'petals', 'of', 'ly', 'equal', 'size,', 'the', 'tips', 'folded', 'in', 'toward', 'the', 'center,', 'and', '5', 'stamens.', 'The', 'calyx', 'is', 'light', 'green', 'and', 'cup-like.', 'slightly', 'compressed,', 'broadly', 'elliptic,', 'hairless,', 'ribbed,', 'the', 'ribs', 'with', 'corky', 'wings.', 'CONFUSING', 'PLANTS:', 'Springwater', 'parsnip', '(p.', '216)', 'has', 'once-compound', 'leaves', 'with', 'the', 'veins', 'not', 'de-', 'pressed.', 'Water', 'hemlock', '(deadly', 'poisonous,', 'p.', '668)', 'is', 'much', 'larger', 'with', 'narrow-', 'en', 'leaflets', 'and', 'round', 'stems', 'with', 'a', 'round', 'hollow;', 'it', 'lacks', 'rhizomes', '(among', 'many', 'oth-', 'er', 'differences).', 'HABITAT:', 'Rich,', 'mucky', 'soil', 'near', 'streams,', 'rivers,', 'ponds,', 'and', 'lakes,', 'usually', 'in', 'shade.', 'Introduced.', 'FOOD', 'USE:', 'Young', 'shoots', 'and', 'leaves', 'and', 'can', 'be', 'used', 'like', 'tender', 'celery,', 'all', 'grow-', 'ing', 'season', 'but', 'especially', 'in', 'spring', 'and', 'early', 'summer.', '(Continued', 'on', 'the', 'next', 'page.)', '443']","FOOD USE: Young shootsand leaves and can be usedlike tender celery, all grow-ing season but especially inspring and early summer.(Continued on the nextpage.)4431cmLEAVESMULTI-COMPOUNDPRESENT,LEAVESWITHDISTINCTALTERNATE,JavanwaterLEAFLETScelery2Oenanthe3javanicaApiaceae(CarrotJICKCHECK:family)Mat-formingee-highstemswithandslenderSCRIPTION:Perennialdifficultyaptingatnodesroottosystem,allspreadingpartsbythesalleavesinrosettes,skincontainingusually4separatevascularbundlesthick,surroundedredtowhite,semi-thinhairless.Rhizomesrhizomes/stolonslow.andnpoundwith3-8""(8-20 cclong(includingthepetiole),byoirspace.cm)long,blunt5-23leaflets,witheringbybloomingonfloweringstalks.pinnatelyonceortwiceledandofteninequilateral;androughlyovate,thesmallestleafletsappearingLeafletspalmately0.4-0.8Rapidlyexpanding.facehairless,glossysessileorwithveryshortpetiolules;theterminalleafletveined,thebasebroadlyeralsmallflattofaintlydepressedbelow.runningtotoothtips,Petiolesteeth.Majordepressedaboveandbelow.Marginsoftenpurple,withafewlarge,blunt,nipple-tippedlong-stalkedorsessile.veinsow,moreridges,thetopwithahairlinegroove,thelowerthirdwithawide,oftenreddishgreen,hollow,sheath.thin,withted,purplestronglyandgroovedthanthepetiole.Stems10-40'(25-102cm)talland5-11mmthick,RachisisCrossnearlysolidatthebasebutgreenaboveanddevelopingasmall,non-round,juicyinside,essectionisangled,oftenalmostdiamond-shaped;increasinglysotowardthetop,withtheoff-centerhol-becomingsharpandwinged.Thesurfaceishairlesswithfineverticallines,branched,erectuppermosttoleaningecumbent.Stemleavesalternate,onlonginternodes,twicepinnatelycompound,therachisbranchesfew,with3-5leafletsperbranch,theblade8-12""(20-30 cm)longwithatotalof20-40leaflets.Leafletsofleavesare1-2""(2.5-5cm)long,ovatetolanceolate,pointed,coarselytoothedandoccasionallylobed,eethsharp,theveinsmoredepressed-otherwisesimilartobasal.Petiolesofstemleaveswithnarrowths,oftenlongandnearlyvertical,thewallsthinandsharplyangled(especiallyonuppermostleaves),theWalsonotcentered.Rachisesofupperleavesareflattenedwithsharp.clear-wingededges,aridgebelow,narrowgrooveabove.Inflorescenceflat-toppedcompoundumbels1.5-2.5""(3.8-6.4cm)acrossattheofaridgedpeduncle,theridgessharp-winged,bearing8-14crowdedumbellets,each10-13mmwidewithflowers.Raysare0.7-1.5(18-64mm)long,distinctlyridgedorangled.Thereisawhorlofseverallong,greenbractsbeneatheachumbellet,oftensurpassingtheouterflowers;thereareusuallynobractsaththegreatumbel,butoccasionally1-2arepresent.Flowers2-3mmacross,with5whitepetalsoflyequalsize,thetipsfoldedintowardthecenter,and5stamens.Thecalyxislightgreenandcup-like.slightlycompressed,broadlyelliptic,hairless,ribbed,theribswithcorkywings.CONFUSINGPLANTS:Springwaterparsnip(p.216)hasonce-compoundleaveswiththeveinsnotde-pressed.Waterhemlock(deadlypoisonous,p.668)ismuchlargerwithnarrow-enleafletsandroundstemswitharoundhollow;itlacksrhizomes(amongmanyoth-erdifferences).HABITAT:Rich,muckysoilnearstreams,rivers,ponds,andlakes,usuallyinshade.Introduced.FOODUSE:Youngshootsandleavesandcanbeusedliketendercelery,allgrow-ingseasonbutespeciallyinspringandearlysummer.(Continuedonthenextpage.)443",True, Oenanthe javanica,"
    'shoots','leaves'"
000192-a.json,"['BASAL', 'LEAVES', 'PRESENT,', 'LEAVES', 'MULTI-COMPOUND,', 'FERN-LIKE', '6 Harbinger of spring', '3', 'Erigenia', 'bulbosa', 'Apiaceae']","FOOD USE: The rounded, enlarged root tasteslike carrot or parsnip. Usually close to the surface,it can be eaten at any time but is easiest to findin spring when the plant is up. The greens havea pleasant parsley-like flavor. Conservation 3/2.",True, Erigenia bulbosa,"
    'root','greens'"
000194-b.json,"['BASAL LEAVES PRESENT. LEAVES ALTERNATE,', '10m', 'MULTI-COMPOUND WITH DISTINCT LEAFLETS', 'FOOD USE: Roots are small but highly flavored and make a pleasant nibble All aerial parts are edible when', 'tender. The best part is the shoot in mid spring; it can be eaten raw as a sweet refreshing snack, or added to', 'soups. Leaves can be eaten throughout the growing season. Conservation 3/2.', 'COMMENTS: I hate black licorice. but I love aniseroot stalks; they are one of my lavorite spring wooded vegetables.', 'often grow luxuriantly along with wood nettle, mitsuba, cleavers, and waterleafs in rich smaller and valleys, less', 'They thriving under black walnut. AKA sweetroot Osmorhizo chilensis (berteroi) is a', 'common especially species scattered across the northern Great Lakes region and northern Appalachians.', 'Related Edibles:', '12 Sweet Cicely + Osmorhiza claytonii', 'IWE-363', 'similar to aniseroot and many people lump the two together, but be sweet hairy or cicely nearly is', 'almost Very hairless: uniformly upper light green densely crowded, covered with long, deeply are', 'and much hairier. The lower stems may straight,', 'stems and petioles are uniformly and with the margins', 'whitish hairs. The leaflets are narrower and more between them. The teeth', 'erect, incised into many small lobes with little to no long-tapered. space Sweet cicely inhabits', 'pinnately leaf divisions are more pointed and well in some sandier soils', 'rounded, but the hardwood forests as aniseroot, but also the does anise flavor.', 'most where of the the latter same is absent. its stems are sweet but lack', 'F', '455', 'BASAL', 'LEAVES', 'PRESENT.', 'LEAVES', 'ALTERNATE,', '10m', 'MULTI-COMPOUND', 'WITH', 'DISTINCT', 'LEAFLETS', 'FOOD', 'USE:', 'Roots', 'are', 'small', 'but', 'highly', 'flavored', 'and', 'make', 'a', 'pleasant', 'nibble', 'All', 'aerial', 'parts', 'are', 'edible', 'when', 'tender.', 'The', 'best', 'part', 'is', 'the', 'shoot', 'in', 'mid', 'spring;', 'it', 'can', 'be', 'eaten', 'raw', 'as', 'a', 'sweet', 'refreshing', 'snack,', 'or', 'added', 'to', 'soups.', 'Leaves', 'can', 'be', 'eaten', 'throughout', 'the', 'growing', 'season.', 'Conservation', '3/2.', 'COMMENTS:', 'I', 'hate', 'black', 'licorice.', 'but', 'I', 'love', 'aniseroot', 'stalks;', 'they', 'are', 'one', 'of', 'my', 'lavorite', 'spring', 'wooded', 'vegetables.', 'often', 'grow', 'luxuriantly', 'along', 'with', 'wood', 'nettle,', 'mitsuba,', 'cleavers,', 'and', 'waterleafs', 'in', 'rich', 'smaller', 'and', 'valleys,', 'less', 'They', 'thriving', 'under', 'black', 'walnut.', 'AKA', 'sweetroot', 'Osmorhizo', 'chilensis', '(berteroi)', 'is', 'a', 'common', 'especially', 'species', 'scattered', 'across', 'the', 'northern', 'Great', 'Lakes', 'region', 'and', 'northern', 'Appalachians.', 'Related', 'Edibles:', '12', 'Sweet', 'Cicely', '+', 'Osmorhiza', 'claytonii', 'IWE-363', 'similar', 'to', 'aniseroot', 'and', 'many', 'people', 'lump', 'the', 'two', 'together,', 'but', 'be', 'sweet', 'hairy', 'or', 'cicely', 'nearly', 'is', 'almost', 'Very', 'hairless:', 'uniformly', 'upper', 'light', 'green', 'densely', 'crowded,', 'covered', 'with', 'long,', 'deeply', 'are', 'and', 'much', 'hairier.', 'The', 'lower', 'stems', 'may', 'straight,', 'stems', 'and', 'petioles', 'are', 'uniformly', 'and', 'with', 'the', 'margins', 'whitish', 'hairs.', 'The', 'leaflets', 'are', 'narrower', 'and', 'more', 'between', 'them.', 'The', 'teeth', 'erect,', 'incised', 'into', 'many', 'small', 'lobes', 'with', 'little', 'to', 'no', 'long-tapered.', 'space', 'Sweet', 'cicely', 'inhabits', 'pinnately', 'leaf', 'divisions', 'are', 'more', 'pointed', 'and', 'well', 'in', 'some', 'sandier', 'soils', 'rounded,', 'but', 'the', 'hardwood', 'forests', 'as', 'aniseroot,', 'but', 'also', 'the', 'does', 'anise', 'flavor.', 'most', 'where', 'of', 'the', 'the', 'latter', 'same', 'is', 'absent.', 'its', 'stems', 'are', 'sweet', 'but', 'lack', 'F', '455']","FOOD USE: Roots are small but highly flavored and make a pleasant nibble All aerial parts are edible whentender. The best part is the shoot in mid spring; it can be eaten raw as a sweet refreshing snack, or added tosoups. Leaves can be eaten throughout the growing season. Conservation 3/2.",True," Osmorhizo chilensis

    Input:
    ['MALLOW', '1 Common mallow', 'Malva sylvestris L. (Malvaceae)']

    Output:
    Malva sylvestris

    Input:
    ['Oak, Quercus spp.', '2 White oak', 'Quercus alba L. (Fagaceae)']

    Output:
    Quercus alba

    Input:
    ['Cherry, Prunus spp.', '3 Black cherry', 'Prunus serotina Ehrhart (Rosaceae)']

    Output:
    Prunus serotina

    Input:
    ['Plantain, Plantago lanceolata L.', '4 Ribwort plantain', 'Plantago lanceolata L. (Plantaginaceae)']

    Output:
    Plantago lanceolata

    Input:
    ['Clover, Trifolium spp.', '5 Red clover', 'Trifolium pratense L. (Fabaceae)']

    Output:
    Trifolium pratense

    Input:
    ['Willow, Salix spp.', '6 Black willow', 'Salix nigra Marsh. (Salicaceae)']

    Output:
    Salix nigra

    Input:
    ['Poplar, Populus spp.', '7 Tulip poplar', 'Populus tulipifera L. (Salicaceae)']

    Output:
    Populus tulipifera

    Input:
    ['Dandelion, Taraxacum officinale Weber', '8 Common dandelion', 'Taraxacum officinale Weber (Asteraceae)']

    Output:
    Taraxacum officinale

    Input:
    ['Garlic Mustard, Alliaria petiolata (syn. Sisymbrium officinale)', '9 Garlic mustard', 'Alliaria petiolata (syn. Sisymbrium officinale) (Brassicaceae)']

    Output:
    Alliaria petiolata
","
    'roots','shoots','leaves'"
000195-b.json,"['BASAL LEAVES PRESENT, LEAVES ALTERNATE,', 'MULTI-COMPOUND FERN-LIKE OR LACY', '2 Fennel', 'IWE-113', 'Foeniculum', 'vulgare Apiaceae (Carrot family)']","FOOD USE: All tender parts are edible. The peeled shoots are a first-rate vegetable raw or cooked. Clusters growing ofleaves and flower buds are also good as a flavoring herb. The seeds can be gathered late in theyoung season and used as a seasoning like commercial fennel seed (Continued on the next page.)459BASALLEAVESPRESENT,LEAVESALTERNATE,MULTI-COMPOUNDFERN-LIKEORLACY2FennelIWE-113FoeniculumvulgareApiaceae(Carrotfamily)QUICKCHECK:Tall,smooth,glaucousherbwiththread-likeleavesandcompoundumbelsofyellowflowers;aromatic.IDdifficulty 2DESCRIPTION:Perennialforminglarge,multi-crownedclumps,allpartshairlessandhighlyaromaticwiththesamescentascultivatedfennel.Basalleavesrosette-likeandoftenground-huggingonplantsthatlackstems,butonplantswithstemstheyareerectandtwo-ranked.Theywitherbyflowering.Largerleavesare3-4timespinnatelycompound,theultimatedivisionsthread-like,notinplane,andfoldedorchanneled.inearlyspringtheouterleafintheclusterhasabroadsheath3-10""(8-25cm)long,theedgesoverlapping,withabluntupturnedlobeatthetop;thissheathencirclesaclusterofinnerleavesandstems.Petiolesellipticincrosssectionwithasmallelliptichollowbutnochannel;theyaredeeperthanwide,smoothbutwithmanyfineridges.Rachisbecomesmoredistinctlyridgedafterthefirstdivision;rachisbranchesarechanneled.BranchingintherachisisoutofplaneStemleavessimilartobasalleavesbutsmaller,withwide,claspingsheaths,oftenmuchlighterincolorthanthestems.Stems4-7'(1.2-2.1m)talland0.6-0.9(18-23mm)thick,rigid,greenwhenyoung(darkeningwithage),glaucous,solidwhenyoungbutsometimesdevelopingasmallhollow,jointed,roundishwithminorridges.Branchesintheupperhalf,theseminorandstronglyascending-theformalwaystailerthanwide.Inflorescenceflat-toppedcompoundumbeiswith24-38primaryrays,thesenotridged.Greatumbelsandumbelletslackbracts.Umbelletsarenottouching(exceptthoseinthecenter),buttheflowersarepackedtightlytogether.FlowerstinywithallpartsyellowThepetalsdonottouchandarecuriedinward:spreadingstamensextendwellbeyondthem.Fruitaribbed,ellipticschizocarp2.5-3.5mmlong.HABITAT:Disturbed,dry,rockyorgravellyground,mostlyroadsidesandwasteareas.IntroducedFOODUSE:Alltenderpartsareedible.Thepeeledshootsareafirst-ratevegetableraworcooked.Clustersgrowingofleavesandflowerbudsarealsogoodasaflavoringherb.Theseedscanbegatheredlateintheyoungseasonandusedasaseasoninglikecommercialfennelseed(Continuedonthenextpage.)459",True, Foeniculum vulgare,"
    'shoots','leaves','flower buds','seeds'"
000197-b.json,"['1cm', 'BASAL LEAVES PRESENT. LEAVES ALTERNATE,', 'MULTI-COMPOUND, FERN-LIKE OR LACY', 'HABITAT: Fields, pastures. and roadsides in full sun, with moist sail. Introduced', 'FOOD USE: Dig roots during the dormant season (fall through spring). wash, and use like carrots or parsnips', 'Use tender spring shoots as a vegetable raw or cooked, and the chopped', 'I', 'young leaves as an herb like parsley Seeds can be gathered in mid', 'summer and used as a seasoning identical to cultivated caraway seed', 'COMMENTS: Caraway resembles wild carrot but is shorter and hair-', 'less. The root is generally larger than that of wild carrot, at least in', 'proportion to the size of the plant: it is also more tender and has better', 'form 11 makes a nice vegetable with a sweet. aromatic flavor, aithough', 'there is a faint bitter aftertaste Caraway likes cool climates: in parts', 'of the northern US and much of Canada it is among the most common', 'roadside weeds This plant is the same as the cultivated caraway; all', 'culinary uses besides the seeds have been nearly forgotten', '1cm', 'BASAL', 'LEAVES', 'PRESENT.', 'LEAVES', 'ALTERNATE,', 'MULTI-COMPOUND,', 'FERN-LIKE', 'OR', 'LACY', 'HABITAT:', 'Fields,', 'pastures.', 'and', 'roadsides', 'in', 'full', 'sun,', 'with', 'moist', 'sail.', 'Introduced', 'FOOD', 'USE: Dig', 'roots', 'during', 'the', 'dormant', 'season', '(fall', 'through', 'spring).', 'wash,', 'and', 'use', 'like', 'carrots', 'or', 'parsnips', 'Use', 'tender', 'spring', 'shoots', 'as', 'a', 'vegetable', 'raw', 'or', 'cooked,', 'and', 'the', 'chopped', 'I', 'young', 'leaves', 'as', 'an', 'herb', 'like', 'parsley', 'Seeds', 'can', 'be', 'gathered', 'in', 'mid', 'summer', 'and', 'used', 'as', 'a', 'seasoning', 'identical', 'to', 'cultivated', 'caraway', 'seed', 'COMMENTS:', 'Caraway', 'resembles', 'wild', 'carrot', 'but', 'is', 'shorter', 'and', 'hair-', 'less.', 'The', 'root', 'is', 'generally', 'larger', 'than', 'that', 'of', 'wild', 'carrot,', 'at', 'least', 'in', 'proportion', 'to', 'the', 'size', 'of', 'the', 'plant:', 'it', 'is', 'also', 'more', 'tender', 'and', 'has', 'better', 'form', '11', 'makes', 'a nice', 'vegetable', 'with', 'a', 'sweet.', 'aromatic', 'flavor,', 'aithough', 'there', 'is', 'a', 'faint', 'bitter', 'aftertaste', 'Caraway', 'likes', 'cool', 'climates:', 'in', 'parts', 'of', 'the', 'northern', 'US', 'and', 'much', 'of', 'Canada', 'it', 'is', 'among', 'the', 'most', 'common', 'roadside', 'weeds', 'This', 'plant', 'is', 'the', 'same', 'as', 'the', 'cultivated', 'caraway;', 'all', 'culinary', 'uses', 'besides', 'the', 'seeds', 'have', 'been', 'nearly', 'forgotten']","FOOD USE: Dig roots during the dormant season (fall through spring). wash, and use like carrots or parsnipsUse tender spring shoots as a vegetable raw or cooked, and the choppedIyoung leaves as an herb like parsley Seeds can be gathered in midsummer and used as a seasoning identical to cultivated caraway seed",True," Caraway

    (Note: In this case, it's unclear whether 'Caraway' refers to the genus or the species. Without additional context, it's impossible to extract a definitive scientific name.)","
    'roots','shoots','seeds'"
000198-a.json,"['HERBACEOUS VINES', '3', '2', '$ 2', '3', '2', 'Everlasting pea', 'Lathyrus latifolius 4 Fabaceae (Bean family)', 'tw', '11kn vine with broadly winged stems and peduncles. petioles, ID only diffic']","FOOD USE: All young, tender parts are edibleraw or cooked: shoots and greens from springthrough mid summer; flowers later. Youngpods are a bit tough but the flavor is good.Plump green seeds are excellent eaten likegreen peas. Mature seeds should be cooked-after drying they will take very long cooking.",True, Lathyrus latifolius," ['shoots', 'greens', 'flowers', 'youngpods', 'seeds']"
000198-b.json,"['J', '1cm', 'BASAL LEAVES PRESENT, LEAVES ALTERNATE,', 'MULTI-COMPOUND FERN-LIKE OR LACY', 'without linear lobes, and the lobes or teeth are sharp-tipped The stem is purple-spotted with a very heavy', 'coating of white bloom, and the underground portion is a large taproot. Small specimens of common water', 'hemlock (p. 668) can have similar tubers, but water hemlock tubers have roots upon them, and the leaves', 'are very different. Yampa is usually willing and dead before water hemlock blooms. Bulblet water hemlock', '(p. 670) is aquatic, has toothed leaves, and bulblets in upper leaf axils; its roots are enlarged but have no tubers.', 'HABITAT: Open woodlands, blufftops, prairies, glades, forest edges, meadows, roadsides; in rich but well-', 'drained calcium-rich soils. Native. A', 'FOOD USE: From early summer to autumn the roots can be gathered and used as a cooked vegetable', 'Because the plant is killed by harvest, always scatter seeds from nearby mature plants on the excavation', 'holes, and replant any small rootlets. Young greens in spring taste remarkably like parsley but are super', 'tender. Conservation 3/2.', 'COMMENTS: This obscure edible is a relative of the better known and more common yampa Perideridia', 'gairdneri of the Rocky Mountains. A lover of the best farm soils, this', 'plant has been eliminated from most of its range by agriculture. and', 'in many areas is rare and protected; harvest is only responsible when', 'you are propagating and managing it. This superb native food plant', 'is worthy of broad use as an edible ground cover in yards, orchards,', 'and nut groves. AKA thicket parsley.', '465', 'J', '1cm', 'BASAL', 'LEAVES', 'PRESENT,', 'LEAVES', 'ALTERNATE,', 'MULTI-COMPOUND', 'FERN-LIKE', 'OR', 'LACY', 'without', 'linear', 'lobes,', 'and', 'the', 'lobes', 'or', 'teeth', 'are', 'sharp-tipped', 'The', 'stem', 'is', 'purple-spotted', 'with', 'a', 'very', 'heavy', 'coating', 'of', 'white', 'bloom,', 'and', 'the', 'underground', 'portion', 'is', 'a', 'large', 'taproot.', 'Small', 'specimens', 'of', 'common', 'water', 'hemlock', '(p.', '668)', 'can', 'have', 'similar', 'tubers,', 'but', 'water', 'hemlock', 'tubers', 'have', 'roots', 'upon', 'them,', 'and', 'the', 'leaves', 'are', 'very', 'different.', 'Yampa', 'is', 'usually', 'willing', 'and', 'dead', 'before', 'water', 'hemlock', 'blooms.', 'Bulblet', 'water', 'hemlock', '(p.', '670)', 'is', 'aquatic,', 'has', 'toothed', 'leaves,', 'and', 'bulblets', 'in', 'upper', 'leaf', 'axils;', 'its', 'roots', 'are', 'enlarged', 'but', 'have', 'no', 'tubers.', 'HABITAT:', 'Open', 'woodlands,', 'blufftops,', 'prairies,', 'glades,', 'forest', 'edges,', 'meadows,', 'roadsides;', 'in', 'rich', 'but', 'well-', 'drained', 'calcium-rich', 'soils.', 'Native.', 'A', 'FOOD', 'USE:', 'From', 'early', 'summer', 'to', 'autumn', 'the', 'roots', 'can', 'be', 'gathered', 'and', 'used', 'as', 'a', 'cooked', 'vegetable', 'Because', 'the', 'plant', 'is', 'killed', 'by', 'harvest,', 'always', 'scatter', 'seeds', 'from', 'nearby', 'mature', 'plants', 'on', 'the', 'excavation', 'holes,', 'and', 'replant', 'any', 'small', 'rootlets.', 'Young', 'greens', 'in', 'spring', 'taste', 'remarkably', 'like', 'parsley', 'but', 'are', 'super', 'tender.', 'Conservation', '3/2.', 'COMMENTS:', 'This', 'obscure', 'edible', 'is', 'a', 'relative', 'of', 'the', 'better', 'known', 'and', 'more', 'common', 'yampa', 'Perideridia', 'gairdneri', 'of', 'the', 'Rocky', 'Mountains.', 'A', 'lover', 'of', 'the', 'best', 'farm', 'soils,', 'this', 'plant', 'has', 'been', 'eliminated', 'from', 'most', 'of', 'its', 'range', 'by', 'agriculture.', 'and', 'in', 'many', 'areas', 'is', 'rare', 'and', 'protected;', 'harvest', 'is', 'only', 'responsible', 'when', 'you', 'are', 'propagating', 'and', 'managing', 'it.', 'This', 'superb', 'native', 'food', 'plant', 'is', 'worthy', 'of', 'broad', 'use', 'as', 'an', 'edible', 'ground', 'cover', 'in', 'yards,', 'orchards,', 'and', 'nut', 'groves.', 'AKA', 'thicket', 'parsley.', '465']","FOOD USE: From early summer to autumn the roots can be gathered and used as a cooked vegetableBecause the plant is killed by harvest, always scatter seeds from nearby mature plants on the excavationholes, and replant any small rootlets. Young greens in spring taste remarkably like parsley but are supertender. Conservation 3/2.",True, Perideridia gairdneri,"
    'roots'"
000199-b.json,"['BASAL', 'MULTI-COMPOUND, FERN-LIKE OR LACY', 'LEAVES PRESENT, LEAVES ALTERNATE,', '7 Broad-leaf musineon', '1 / 1', 'Musineon divaricatum Apiaceae (Carrot family)']",FOOD USE: Roots are ediblecooked but are on the tough side.The leaves can be used as an herb.Conservation 3/1.,True, Musineon divaricatum,"
    'roots','leaves'"
000201-a.json,"['HERBACEOUS', 'VINES', 'Ground bean', '$', '3/2', 'FH-226', '9', 'Fabaceae', '(Bean', 'f', 'Amphicarpaed', 'bracteata', 'with', 'three', 'leaflets', 'and', 'no', 'te', 'Very', 'thin', 'hairy', 'stem;', 'leaves']","FOOD USE: Gather underground beansby loosening the soil to 2"" (5 cm) under athick clump of vines (that lack aerial beans)and picking out the beans. Boil until tenderand use like domestic beans; they have adistinctly sweet flavor, They can be driedeasily and store indefinitely in that state,Gather aerial beans from fall into winter,the dry the pods, then rub and winnow. Boilservation 2/1.seeds for a long time until tender. Con-",True, Fabaceae amphicarpaea," ['underground beans','seeds']"
000201-b.json,"['1cm', 'BASAL LEAVES PRESENT, LEAVES ALTERNATE,', 'MULTI-COMPOUND, FERN-LIKE OR LACY', 'umbels cm) about 1.2"" (3 cm) across with 5-10 rays, at the end of a peduncle that may be very short or to 8', '(20 long. Umbellets 6-8 mm across, densely packed with 5-10 flowers, sometimes unequal. There up', 'several pointed. linear bracts under the umbels and umbellets, shorter than the rays and usually pressed are', 'against them. Flowers (early to mid summer) tiny with 5 white petais, notched at the tip but not folded or curled', 'inward. Stamens spread widely; the tiny anthers of newly opened flowers are purplish. Fruit an egg-shaped', 'sticktight schizocarp 2-4 mmlong, the spines leaning toward the tip and curved slightly but not hooked; these', 'are bunched together into a head-like mass when ripe.', 'CONFUSING PLANTS: Wild carrot Daucus carota also has sticktight fruits, but is a much larger plant with', 'sparser, softer, erect hairs. Poison hemlock (p. 671) is hairless and much taller; it has a hollow stalk and is', 'covered in white powder.', 'HABITAT: Forest openings and edges, paths, roadsides,', 'forests of moderate shade: on rich soils. Introduced and', 'highly invasive. I', 'FOOD USE: Tender young stems, after peeling, can be', 'eaten raw or cooked. Youngest greens can be chopped', 'like parsley or chervil, but are best when softened by', 'cooking.', 'COMMENTS: The flavor is okay, but the stems are first', 'too small and then too rough. This plant has been so', 'consistently confused with another introduced hedge', 'parsley, Torilis orvensis, even by professionals, that very', 'little written about its distribution is reliable. Both spe-', 'cies are edible and very similar. T. arvensis has only 1-2', 'bracts under the great umbel, and the rays are often', 'much longer. Another introduced species, T. nodosa, is', 'common in the South but i have not tried it.', '1cm', 'BASAL', 'LEAVES', 'PRESENT,', 'LEAVES', 'ALTERNATE,', 'MULTI-COMPOUND,', 'FERN-LIKE', 'OR', 'LACY', 'umbels', 'cm)', 'about', '1.2""', '(3', 'cm)', 'across', 'with', '5-10', 'rays,', 'at', 'the', 'end', 'of', 'a', 'peduncle', 'that', 'may', 'be', 'very', 'short', 'or', 'to', '8', '(20', 'long.', 'Umbellets', '6-8', 'mm', 'across,', 'densely', 'packed', 'with', '5-10', 'flowers,', 'sometimes', 'unequal.', 'There', 'up', 'several', 'pointed.', 'linear', 'bracts', 'under', 'the', 'umbels', 'and', 'umbellets,', 'shorter', 'than', 'the', 'rays', 'and', 'usually', 'pressed', 'are', 'against', 'them.', 'Flowers', '(early', 'to', 'mid', 'summer)', 'tiny', 'with 5', 'white', 'petais,', 'notched', 'at', 'the', 'tip', 'but', 'not', 'folded', 'or', 'curled', 'inward.', 'Stamens', 'spread', 'widely;', 'the', 'tiny', 'anthers', 'of', 'newly', 'opened', 'flowers', 'are', 'purplish.', 'Fruit', 'an', 'egg-shaped', 'sticktight', 'schizocarp', '2-4', 'mmlong,', 'the', 'spines', 'leaning', 'toward', 'the', 'tip', 'and', 'curved', 'slightly', 'but', 'not', 'hooked;', 'these', 'are', 'bunched', 'together', 'into', 'a', 'head-like', 'mass', 'when', 'ripe.', 'CONFUSING', 'PLANTS:', 'Wild', 'carrot', 'Daucus', 'carota also', 'has', 'sticktight', 'fruits,', 'but', 'is', 'a', 'much', 'larger', 'plant', 'with', 'sparser,', 'softer,', 'erect', 'hairs.', 'Poison', 'hemlock', '(p.', '671)', 'is', 'hairless', 'and', 'much', 'taller;', 'it', 'has', 'a', 'hollow', 'stalk', 'and', 'is', 'covered', 'in', 'white', 'powder.', 'HABITAT:', 'Forest', 'openings', 'and', 'edges,', 'paths,', 'roadsides,', 'forests', 'of', 'moderate', 'shade:', 'on', 'rich', 'soils.', 'Introduced', 'and', 'highly', 'invasive.', 'I', 'FOOD', 'USE:', 'Tender', 'young', 'stems,', 'after', 'peeling,', 'can', 'be', 'eaten', 'raw', 'or', 'cooked.', 'Youngest', 'greens', 'can', 'be', 'chopped', 'like', 'parsley', 'or', 'chervil,', 'but', 'are', 'best', 'when', 'softened', 'by', 'cooking.', 'COMMENTS:', 'The', 'flavor', 'is', 'okay,', 'but', 'the', 'stems', 'are', 'first', 'too', 'small', 'and', 'then', 'too', 'rough.', 'This', 'plant', 'has', 'been', 'so', 'consistently', 'confused', 'with', 'another', 'introduced', 'hedge', 'parsley,', 'Torilis', 'orvensis,', 'even', 'by', 'professionals,', 'that', 'very', 'little', 'written', 'about', 'its', 'distribution', 'is', 'reliable.', 'Both', 'spe-', 'cies', 'are', 'edible', 'and', 'very', 'similar.', 'T.', 'arvensis', 'has', 'only', '1-2', 'bracts', 'under', 'the', 'great', 'umbel,', 'and', 'the', 'rays', 'are', 'often', 'much', 'longer.', 'Another', 'introduced', 'species,', 'T.', 'nodosa,', 'is', 'common', 'in', 'the', 'South', 'but', 'i', 'have', 'not', 'tried', 'it.']","FOOD USE: Tender young stems, after peeling, can beeaten raw or cooked. Youngest greens can be choppedlike parsley or chervil, but are best when softened bycooking.",True,"Torilis orvensis

    or

    Alternanthera philoxerus

    or any other two-word scientific name present in the text.","
    'youngest greens','tender young stems'"
000202-b.json,"['outer', 'flowers', 'on folded and creased. inward. There or they (largest is usually may petals have a an may erratic be 10 crease; times larger those than of some the smaller smallest). central Large outer pelais are often not', 'maturity covered with the umbel stiff. hook-tipped curls into a ""bird\'s hairs. nest."" Fruit an egg-shaped sticktight flowers, schizocarp or a 3-4 single mmlong, such flower. densely At', 'small central umbellet of dark brownish-purple flowers are strongly curled', 'CONFUSING barsley are hairless. PLANTS: Southern chervil flowers in spring and has very small umbels.', 'stouter and blooms Hedge much parsley is a smaller plant with smaller umbels with shorter, stiffer Caraway and hemlock', 'taste S good. Poison hemlock earlier. Doucus pusillus is a native relative of the southern states hairs. Cow parsley', 's coated with profuse white (p. bloom 671) and is hairless has hollow and has pelioles. smooth, hollow stems with purple spots that or streaks; does not it', 'HABITAT: Disturbed soil, from heavy clay to loose sand or gravel, with lots of sun: old hayfields and pastures,', 'empty lots, roadsides, weedy locations. Introduced', 'FOOD USE: Dig taproots from fall through early spring on plants with no stalk, wash tho roughly, chop', 'wise, and use cooked like carrots or parsnips. They may be eaten raw but are somewhat stringy. Peeled shoots cross-', 'should be harvested in late spring while still tender. Young leaves can be chopped fine and used as a seasoning', 'COMMENTS: This excellent, widespread edible is the same species as the cultivated carrot, but the root', 'S tougher and white. The flavor and scent are similar-but wild carrot is stronger. The stalks are less well', 'known but may actually be the better vegetable, as they are easier to collect and are typically larger and', 'more tender. Wild carrot resembles the deadly poison hemlock, but careful observation allows for positive', ""dentification. AKA Queen Anne's lace."", 'I', 'outer', 'flowers', 'on', 'folded', 'and', 'creased.', 'inward.', 'There', 'or', 'they', '(largest', 'is', 'usually', 'may', 'petals', 'have', 'a', 'an', 'may', 'erratic', 'be', '10', 'crease;', 'times', 'larger', 'those', 'than', 'of', 'some', 'the', 'smaller', 'smallest).', 'central', 'Large', 'outer', 'pelais', 'are', 'often', 'not', 'maturity', 'covered', 'with', 'the', 'umbel', 'stiff.', 'hook-tipped', 'curls', 'into', 'a', '""bird\'s', 'hairs.', 'nest.""', 'Fruit', 'an', 'egg-shaped', 'sticktight', 'flowers,', 'schizocarp', 'or', 'a', '3-4', 'single', 'mmlong,', 'such', 'flower.', 'densely', 'At', 'small central', 'umbellet', 'of', 'dark', 'brownish-purple', 'flowers', 'are', 'strongly', 'curled', 'CONFUSING', 'barsley', 'are', 'hairless.', 'PLANTS:', 'Southern', 'chervil', 'flowers', 'in', 'spring', 'and', 'has', 'very', 'small', 'umbels.', 'stouter', 'and', 'blooms', 'Hedge', 'much', 'parsley', 'is', 'a', 'smaller', 'plant', 'with', 'smaller', 'umbels', 'with', 'shorter,', 'stiffer', 'Caraway', 'and', 'hemlock', 'taste', 'S', 'good.', 'Poison', 'hemlock', 'earlier.', 'Doucus', 'pusillus', 'is', 'a', 'native', 'relative', 'of', 'the', 'southern', 'states', 'hairs.', 'Cow', 'parsley', 's', 'coated', 'with', 'profuse', 'white', '(p.', 'bloom', '671)', 'and', 'is', 'hairless', 'has', 'hollow', 'and', 'has', 'pelioles.', 'smooth,', 'hollow', 'stems', 'with', 'purple', 'spots', 'that', 'or', 'streaks;', 'does', 'not', 'it', 'HABITAT:', 'Disturbed', 'soil,', 'from', 'heavy', 'clay', 'to', 'loose', 'sand', 'or', 'gravel,', 'with', 'lots', 'of', 'sun:', 'old', 'hayfields', 'and', 'pastures,', 'empty', 'lots,', 'roadsides,', 'weedy', 'locations.', 'Introduced', 'FOOD', 'USE:', 'Dig', 'taproots', 'from', 'fall', 'through', 'early', 'spring', 'on', 'plants', 'with', 'no', 'stalk,', 'wash', 'tho', 'roughly,', 'chop', 'wise,', 'and', 'use', 'cooked', 'like', 'carrots', 'or', 'parsnips.', 'They', 'may', 'be', 'eaten', 'raw', 'but', 'are', 'somewhat', 'stringy.', 'Peeled', 'shoots', 'cross-', 'should', 'be', 'harvested', 'in', 'late', 'spring', 'while', 'still', 'tender.', 'Young', 'leaves', 'can', 'be', 'chopped', 'fine', 'and', 'used', 'as', 'a', 'seasoning', 'COMMENTS:', 'This', 'excellent,', 'widespread', 'edible', 'is', 'the', 'same', 'species', 'as', 'the', 'cultivated', 'carrot,', 'but', 'the', 'root', 'S', 'tougher', 'and', 'white.', 'The', 'flavor', 'and', 'scent', 'are', 'similar-but', 'wild', 'carrot', 'is', 'stronger.', 'The', 'stalks', 'are', 'less', 'well', 'known', 'but', 'may', 'actually', 'be', 'the', 'better', 'vegetable,', 'as', 'they', 'are', 'easier', 'to', 'collect', 'and', 'are', 'typically', 'larger', 'and', 'more', 'tender.', 'Wild', 'carrot', 'resembles', 'the', 'deadly', 'poison', 'hemlock,', 'but', 'careful', 'observation', 'allows', 'for', 'positive', 'dentification.', 'AKA', 'Queen', ""Anne's"", 'lace.', 'I']","FOOD USE: Dig taproots from fall through early spring on plants with no stalk, wash tho roughly, chopwise, and use cooked like carrots or parsnips. They may be eaten raw but are somewhat stringy. Peeled shoots cross-should be harvested in late spring while still tender. Young leaves can be chopped fine and used as a seasoning",True, Doucus pusillus,"1. 'taproots'
    2. 'young leaves'"
000203-a.json,"['VETCHES', 'Fabaceae', '(Bean', 'fan', 'genus', 'Vicia', 'with', 'angled', 'stems;', 'p', 'CHECK:', 'Small', 'vines']","FOOD USE: For the vetches listed, tender shoots, leafBecause all vetch seeds have some antinutrients and to)small portions. Pouring off the cooking water after severeliminates most of the toxins.",True, Vicia angulae,"
    'shoots'"
000203-b.json,"['BASAL LEAVES PRESENT, LEAVES ALTERNATE,', 'MULTI-COMPOUND, FERN-LIKE OR LACY', 'HABITAT: Full sun to light shade in disturbed areas with moist soil, especially on sandy soil. Fields, roadsides,', 'parks, clearings, disturbed woods. Native.', 'FOOD USE: Tender greens and shoots have a pleasant, mild flavor and can be eaten raw Dr cooked. Con-', 'servation 1.', 'COMMENTS: hate to call any plant ""wild chervil"" since the name has been used for several different genera;', 'but unfortunately, there is no other common name applied to this group. This is a very common plant that has', 'been totally ignored in foraging literature. AKA American chervil, hairy wild chervil.', 'Related edible:', '13 Spreading chervil + Chaerophyllum procumbens', '2', 'This species is much smaller, typically 4-12"" (10-30 cm) tall, with lax stems often resting', 'on the ground for a few inches before standing weakly erect or spreading. Stems faintly', 'ridged and not as bulged at nodes, with scattered hair (less than C. tointurieri). sometimes', 'on only one side of the upper stem. There are usually 2-4 major branches at or near the', 'base. Leaf sheath margins, petioles, rachises, and blade margins are also sparsely hairy.', 'Stem leaves are mostly borne close to the base. Inflorescence stalkless compound umbels', 'with or fewer rays, each terminating in a small umbeilet of 3-7 flowers-bu sometimes the umbels and are less not', 'compound. As with its larger cousin, the seeds germinate in autumn and form small rosettes beauty. This', '3 Petals ovate and cupped but not folded or curled inward. Fruits smaller, less tapered, with typical com-', 'pointed. leaves as well as entire, elongated cotyledon leaves that resemble those of Virginia and is found spring further north', 'pound inhabits rich soil of river floodplains and valleys, usually growing in shade, its flavor. ID difficulty', '3.', 'species than its larger cousin. Although smaller and thus harder to gather in quantity, I prefer they', 'but', 'very', 'CONFUSING PLANTS: These seedlings are edible at a time of year when (p. leafy 671). greens If you are are going few, to eat them,', 'much resemble the overwintering seedlings of the deadly hemlock poison has hemlock a nasty rank smell), as other features are', 'examine them carefully for hairs and scent of (poison spreading chervil are often confused with harbinger in early of spring, winter.', 'absent which shares on such its small habitat. specimens. However, Seedlings that plant has hairless leaves and petioles and is dormant', 'communication:', '475', 'Winter', 'BASAL', 'LEAVES', 'PRESENT,', 'LEAVES', 'ALTERNATE,', 'MULTI-COMPOUND,', 'FERN-LIKE', 'OR', 'LACY', 'HABITAT:', 'Full', 'sun', 'to', 'light', 'shade', 'in', 'disturbed', 'areas', 'with', 'moist', 'soil,', 'especially', 'on', 'sandy', 'soil.', 'Fields,', 'roadsides,', 'parks,', 'clearings,', 'disturbed', 'woods.', 'Native.', 'FOOD', 'USE:', 'Tender', 'greens', 'and', 'shoots', 'have', 'a', 'pleasant,', 'mild', 'flavor', 'and', 'can', 'be', 'eaten', 'raw', 'Dr', 'cooked.', 'Con-', 'servation', '1.', 'COMMENTS:', 'hate', 'to', 'call', 'any', 'plant', '""wild', 'chervil""', 'since', 'the', 'name', 'has', 'been', 'used', 'for', 'several', 'different', 'genera;', 'but', 'unfortunately,', 'there', 'is', 'no', 'other', 'common', 'name', 'applied', 'to', 'this', 'group.', 'This', 'is', 'a', 'very', 'common', 'plant', 'that', 'has', 'been', 'totally', 'ignored', 'in', 'foraging', 'literature.', 'AKA', 'American', 'chervil,', 'hairy', 'wild', 'chervil.', 'Related', 'edible:', '13', 'Spreading', 'chervil', '+', 'Chaerophyllum', 'procumbens', '2', 'This', 'species', 'is', 'much', 'smaller,', 'typically', '4-12""', '(10-30', 'cm)', 'tall,', 'with', 'lax', 'stems', 'often', 'resting', 'on', 'the', 'ground', 'for', 'a', 'few', 'inches', 'before', 'standing', 'weakly', 'erect', 'or', 'spreading.', 'Stems', 'faintly', 'ridged', 'and', 'not', 'as', 'bulged', 'at', 'nodes,', 'with', 'scattered', 'hair', '(less', 'than', 'C.', 'tointurieri).', 'sometimes', 'on', 'only', 'one', 'side', 'of', 'the', 'upper', 'stem.', 'There', 'are', 'usually', '2-4', 'major', 'branches', 'at', 'or', 'near', 'the', 'base.', 'Leaf', 'sheath', 'margins,', 'petioles,', 'rachises,', 'and', 'blade', 'margins', 'are', 'also', 'sparsely', 'hairy.', 'Stem', 'leaves', 'are', 'mostly', 'borne', 'close', 'to', 'the', 'base.', 'Inflorescence', 'stalkless', 'compound', 'umbels', 'with', 'or', 'fewer', 'rays,', 'each', 'terminating', 'in', 'a', 'small', 'umbeilet', 'of', '3-7', 'flowers-bu', 'sometimes', 'the', 'umbels', 'and', 'are', 'less', 'not', 'compound.', 'As', 'with', 'its', 'larger', 'cousin,', 'the', 'seeds', 'germinate', 'in', 'autumn', 'and', 'form', 'small', 'rosettes', 'beauty.', 'This', '3', 'Petals', 'ovate', 'and', 'cupped', 'but', 'not', 'folded', 'or', 'curled', 'inward.', 'Fruits', 'smaller,', 'less', 'tapered,', 'with', 'typical', 'com-', 'pointed.', 'leaves', 'as', 'well', 'as', 'entire,', 'elongated', 'cotyledon', 'leaves', 'that', 'resemble', 'those', 'of', 'Virginia', 'and', 'is', 'found', 'spring', 'further', 'north', 'pound', 'inhabits', 'rich', 'soil', 'of', 'river', 'floodplains', 'and', 'valleys,', 'usually', 'growing', 'in', 'shade,', 'its', 'flavor.', 'ID', 'difficulty', '3.', 'species', 'than', 'its', 'larger', 'cousin.', 'Although', 'smaller', 'and', 'thus', 'harder', 'to', 'gather', 'in', 'quantity,', 'I', 'prefer', 'they', 'but', 'very', 'CONFUSING', 'PLANTS:', 'These', 'seedlings', 'are', 'edible', 'at', 'a', 'time', 'of', 'year', 'when', '(p.', 'leafy', '671).', 'greens', 'If', 'you', 'are', 'are', 'going', 'few,', 'to', 'eat', 'them,', 'much', 'resemble', 'the', 'overwintering', 'seedlings', 'of', 'the', 'deadly', 'hemlock', 'poison', 'has', 'hemlock', 'a', 'nasty', 'rank', 'smell),', 'as', 'other', 'features', 'are', 'examine', 'them', 'carefully', 'for', 'hairs', 'and', 'scent', 'of', '(poison', 'spreading', 'chervil', 'are', 'often', 'confused', 'with', 'harbinger', 'in', 'early', 'of', 'spring,', 'winter.', 'absent', 'which', 'shares', 'on', 'such', 'its', 'small', 'habitat.', 'specimens.', 'However,', 'Seedlings', 'that', 'plant', 'has', 'hairless', 'leaves', 'and', 'petioles', 'and', 'is', 'dormant', 'communication:', '475', 'Winter']","FOOD USE: Tender greens and shoots have a pleasant, mild flavor and can be eaten raw Dr cooked. Con-servation 1.",True, Chaerophyllum procumbens," 'tender greens'

    Input:

    FOOD USE: The rhizomes are edible and can be eaten raw or cooked. They are often harvested in the late fall or early winter.

    Output:
     'rhizomes'

    Input:

    FOOD USE: The seed pods can be eaten raw or cooked and have a pleasant, nutty taste. The seeds can also be eaten raw or roasted.

    Output:
     'seed pods','seeds'

    Input:

    FOOD USE: The root is edible and can be eaten raw or cooked. It has a sweet taste and a crunchy texture.

    Output:
     'root'

    Input:

    FOOD USE: The bulb is edible and can be eaten raw or cooked. It has a mild, sweet taste and a crunchy texture.

    Output:
     'bulb'

    Input:

    FOOD USE: The fruit is edible and can be eaten raw or cooked. It has a sweet taste and a juicy texture.

    Output:
     'fruit'

    Input:

    FOOD USE: The tubers are edible and can be eaten raw or cooked. They have a nutty taste and a starchy texture.

    Output:
     'tubers'

    Input:

    FOOD USE: The leaves are edible and can be eaten raw or cooked. They have a bitter taste and a fibrous texture.

    Output:
     'leaves'

    Input:

    FOOD USE: The sap is edible and can be used as a sweetener. It can also be fermented to make a traditional alcoholic beverage.

    Output:
     'sap'

    Input:

    FOOD USE: The flowers are edible and can be eaten raw or cooked. They have a mild, sweet taste and a delicate texture.

    Output:
     'flowers'

    Input:

    FOOD USE: The bark is edible and can be eaten raw or cooked. It has a bitter taste and a fibrous texture.

    Output:
     'bark'

    Input:

    FOOD USE: The seeds are edible and can be eaten raw or roasted. They have a nutty taste and a crunchy texture.

    Output:
     'seeds'

    Input:

    FOOD USE: The rhizomes are edible and can be eaten raw or cooked. They have a sweet taste and a crunchy texture.

    Output:
     'rhizomes'

    Input:

    FOOD USE: The bulbils are edible and can be eaten raw or cooked. They have a mild, sweet taste and a starchy texture.

    Output:
     'bulbils'

    Input:

    FOOD USE: The shoots are edible and can be eaten raw or cooked. They have a mild, sweet taste and a crunchy texture.

    Output:
     'shoots'

    Input:

    FOOD USE: The stems are edible and can be eaten raw or cooked. They have a fibrous texture and a mild taste.

    Output:
     'stems'

    Input:

    FOOD USE: The roots are edible and can be eaten raw or cooked. They have a sweet taste and a crunchy texture.

    Output:
     'roots'

    Input:

    FOOD USE: The berries are edible and can be eaten raw or cooked. They have a sweet taste and a juicy texture.

    Output:
     'berries'

    Input:

    FOOD USE: The seeds are edible and can be eaten raw or roasted. They have a nutty taste and a crunchy texture.

    Output:
     'seeds'

    Input:

    FOOD USE: The rhizomes are edible and can be eaten raw or cooked. They have a sweet taste and a crunchy texture.

    Output:
     'rhizomes'

    Input:

    FOOD USE: The shoots are edible and can be eaten raw or cooked. They have a mild, sweet taste and a crunchy texture.

    Output:
    "
000204-b.json,"['1cm', 'BASAL', 'LEAVES', 'MULTI-COMPOUND. FERN-LIKE ALTERNATE, OR LACY', 'LEAVES', '16 Alfilaria', '2', 'Erodium cicutarium Geraniaceae (Geranium family)']","FOOD USE: Gather tender young leaves in spring orsummer, and sometimes again in fall. Chop into shortsections and use in salads or as a cooked vegetable. ornibble the whole thing raw. Go for the leaves in the centerof the rosette, as these are younger and less likely to bein contact with dirt.",True,"---

    Erodium cicutarium","
    'leaves'"
000205-a.json,"['HERBACEOUS VINES', 'FH-151', '18 Carrion flower', '3', 'genus', 'Smilax', '(in', 'part)', 'family', 'Smilacaceae', 'herbaceous', 'vine,', 'free', 'standin', 'unarmed']","FOOD USE: Gather the shoots and tender leafy tips in spring and earlysummer and eat raw or cooked. Easily overharvested, so collect in mod-shade. eration. Plants in full sun come up 2-3 weeks later than those growing inthat The roots of S. pseudochina reportedly contain good-tasting starchBerries can be extracted in water, but have not had the chance toConservation are bland but sweet and make a pleasant nibble on a hungry try hike. this.2/1.",True, Smilax carrionifera,"
    'shoots','tender leafy tips'"
000205-b.json,"['(Continued from previous page.)', 'HERBACEOUS VINES', 'Leaf lobed.', 'Last margin toothed.', 'or', 'Stem Leaves 10-18 usually mm thick leaves 4-10"" (10-25 long; tips (If present) obluse, blunt.', 'Leaves triangular; spherical, drying straw-yellow,', 'Stem 3-7 usually lobed; gourds teardrop-shaped, drying whitish gray', '22.', 'or', 'Stem mm thick: leaves 4-6"" long, the lobe tips acute sharp.', '23.', 'with raspy ridges: leaf teethsharp; lacks lendrils.', 'Midvein below hairy but not prickly: cone bracts appressed.', 'Stem Midvein prickly below, cone bracts spread outward. Japanese hops (see Hops).', '25. Hops', 'Leaf margin not toothed.', 'rounded, soft-hairy; leaf teeth blunt; climbs with tendrils.', '26. Maypop', 'Leaf surface smooth and hairless.', 'Leaf surface roughened by short, stiff hairs.', '27. Yellow passion flower', '24. Melonette', '1 Balloon vine', '1', 'Cardiospermum halicacabum + family Sapindaceae']","FOOD USE: Young greens (mostly spring and early summer, but occa-sionally later) can be eaten raw or cooked.",True," Melonette halicacabum
     or
     Cardiospermum halicacabum (if the output is ambiguous)","
    'Young greens'"
000206-a.json,"['HERBACEOUS', 'VINES', 'bindweed', '1 galls 2', '2', '20', 'Black', 'Fallopia', '(in', 'part)', 'Polygonacede', '(Buck', 'genus', 'tendrils;', 'simple', 'entire', 'shiny', 'black', 'seed', 'CHECK:', 'Thin', 'sided', 'flowers', 'Inhed', 'husk. ID difficulty', 'long,', 'forming', 'der', '(5m)', 'often', 'vines', 'to', ""16'"", 'rough', 'ar']","FOOD USE: Shoots (spring) of the perennial species can be eaten cooked;they are astringent and sour like dock greens. The stems sometimes developabundant fleshy insect galls in summer, which are pretty good as a cookedvegetable. Seeds can be gathered in late summer or fall and rubbed andwinnowed to remove the chaff. After this theshells must be cracked and winnowed off.The resulting grain is like buckwheat andcan be used similarly. (F. clinodis seeds areinferior.) Conservation 1 (native species).",True," Fallopia inhed

    Input:

    ['INVERTEBRATES', 'Arthropoda', 'Arachnida', 'Araneae', 'Orb Weaving Spiders', 'Argiope', 'Argiope aurantia', 'Argiope lobata', 'Argiope trifidum']

    Output:
     Argiope aurantia

    Input:

    ['FLOWERING PLANTS', 'Magnoliophyta', 'Dicotyledons', 'Asteraceae', 'Asteraceae (Compositae)', 'Sunflower', 'Helianthus annuus', 'Helianthus petiolaris']

    Output:
     Helianthus annuus

    Input:

    ['CICADAS', 'Periodical Cicadas', 'Magicicada', 'Magicicada tredecim', 'Magicicada septendecim']

    Output:
     Magicicada tredecim

    Input:

    ['TREE OF LIFE', 'Kingdom', 'Monera', 'Prokaryotes', 'Bacteria', 'Proteobacteria', 'Alpha', 'Proteobacteria', 'Rhizobium', 'Rhizobium leguminosarum', 'Rhizobium meliloti', 'Rhizobium trifolii']

    Output:
     Rhizobium leguminosarum

    Input:

    ['BIRDS', 'Order', 'Coraciiformes', 'Kingfisher', 'Alcedo', 'Alcedo atthis', 'Alcedo aethiops', 'Alcedo cristata', 'Alcedo guttata', 'Alcedo madagascariensis']

    Output:
     Alcedo atthis

    Input:

    ['FISH', 'Order', 'Salmoniformes', 'Salmonidae', 'Salmonidae (Salmonids)', 'Rainbow trout', 'Oncorhynchus mykiss', 'Oncorhynchus nerka', 'Oncorhynchus tshawytscha', 'Oncorhynchus kisutch']
","
    'shoots','seeds'"
000207-b.json,"['HERBACEOUS VINES', '5', 'Pale vetchling', '3 833', '2', 'Lathyrus ochroleucus', '2', 'Fabaceae (Bean family)']","FOOD USE: Tender stem tips can be eaten raw or cooked. The flowers, available in late spring and earlysummer, make a sweet snack raw, and can be added to salads or cooked dishes Young pods and ripe seeds,can also be eaten cooked (early to late summer). The literature reports roots or tubers eaten from this plant,but all 1 find are slightly enlarged rhizome tips and tiny tuber-likenodules on the finer roots-both have good flavor, but are muchtoo small to bother with.",True, Lathyrus ochroleucus," ['tips','flowers','Young pods','seeds']"
000208-a.json,"['3', 'IWE-165', '25 Hops', 'Humulus lupulus', 'Cannabaceae (Hemp family)', 'CHECK: Herbaceous vine with dooply lobed simple leaves, no tendrifs, 2. th']",FOOD USE: The shoots or rapidly growing vine tips (spring through early summeand excellent cooked. Papery fruit clusters are used to flavor beer. For this purpossummer and then dried. Conservation 2/1.,True, Humulus lupulus,"
    'shoots','vine tips'"
000208-b.json,"['HERBACEOUS VINES', '8 Beach pea', '1', '2', 'Lathyrus japonicus + Fabaceae (Bean family)']","FOOD USE: Young pods can be eaten raw or cooked. For peas, gather pods when they are full sized butpreferably still soft, moist, and green. At maturity the peas become less sweet, dry out, and turn brown. Cookand use like domestic peas. Conservation 2/1.",True, Lathyrus japonicus,"
    'young pods'"
000209-a.json,"['1', 'HERBACEOUS', 'VINES', 'flower', '1', 'Yellow', 'passion', '27', 'Passiflora', 'lutea', 'family', 'Passi', 'vine', 'Hat', 'of', 'thin', 'with', "",'""]","FOOD USE: Tender young leaves, vine tips, and flowthrough midsummer. Ripe fruit (late summer to fall)",True, Passiflora lutea," 'Young leaves','ripe fruit'"
000209-b.json,"['HERBACEOUS VINES', '10 Wild bean', '2', 'Phaseolus polystachios Fabaceae (Bean family)']","FOOD USE: Gather ripe beans in latesummer or autumn and use like domes-tic beans. The root is reported edible,but have not tried it, and doing so wouldbe irresponsible under normal circum-stances, as it would kill a long-lived,declining, uncommon plant Conserva-tion 2.",True, Phaseolus polystachios,"
    'beans'"
000210-a.json,"['BASAL LEAVES AB', '1 Trillium (continu', 'FOOD USE: The young shoots,', 'the stems taste better than the 11', 'COMMENTS: The shoots are ok', 'are not common enough to justi', 'However, certain species are abu', 'shoot does not generally kill the p', 'ally kill il. Trillium populations ha', 'deer numbers-there are few plan', 'Trillium grandiflorum.', 'ing, with tender stem.', 'Trillium recurvatum before flower-', 'BASAL', 'LEAVES', 'AB', '1', 'Trillium', '(continu', 'FOOD', 'USE:', 'The', 'young', 'shoots,', 'the', 'stems', 'taste', 'better', 'than', 'the', '11', 'COMMENTS:', 'The', 'shoots', 'are', 'ok', 'are', 'not', 'common', 'enough', 'to', 'justi', 'However,', 'certain', 'species', 'are', 'abu', 'shoot', 'does', 'not', 'generally', 'kill', 'the', 'p', 'ally', 'kill', 'il.', 'Trillium', 'populations', 'ha', 'deer', 'numbers-there', 'are', 'few', 'plan', 'Trillium', 'grandiflorum.', 'ing,', 'with', 'tender', 'stem.', 'Trillium', 'recurvatum', 'before', 'flower-']","FOOD USE: The young shoots,the stems taste better than the 11",True," Trillium grandiflorum
     Trillium recurvatum","
    'young shoots'

    Input:
    FOOD USE: In the spring, the young leaves are often used in salads, while the ripe fruit, which develops in

    Output:
    
    'young leaves'

    Input:
    FOOD USE: The edible part is the root, which can be eaten raw or cooked. It has a sweet, nutty taste and a

    Output:
    
    'root'

    Input:
    FOOD USE: The edible part is the tuber, which can be eaten raw or cooked. It has a nutty flavor and a smooth

    Output:
    
    'tuber'

    Input:
    FOOD USE: The edible part is the bulb, which can be eaten raw or cooked. It has a mild onion flavor and a

    Output:
    
    'bulb'

    Input:
    FOOD USE: The edible part is the rhizome, which can be eaten raw or cooked. It has a sweet, nutty taste.

    Output:
    
    'rhizome'

    Input:
    FOOD USE: The edible part is the tuberous root, which can be eaten raw or cooked. It has a sweet, nutty taste

    Output:
    
    'tuberous root'

    Input:
    FOOD USE: The edible part is the seed, which can be eaten raw or cooked. It has a nutty flavor and a smooth

    Output:
    
    'seed'

    Input:
    FOOD USE: The edible part is the fruit, which can be eaten raw or cooked. It has a sweet, juicy taste and a

    Output:
    
    'fruit'

    Input:
    FOOD USE: The edible part is the seed, which can be eaten raw or cooked. It has a nutty flavor and a smooth

    Output:
    
    'seed'

    Input:
    FOOD USE: The edible part is the bulbil, which can be eaten raw or cooked. It has a sweet, nutty taste and a

    Output:
    
    'bulbil'

    Input:
    FOOD USE: The edible part is the corm, which can be eaten raw or cooked. It has a sweet, nutty taste and a

    Output:
    
    'corm'

    Input:
    FOOD USE: The edible part is the tuber, which can be eaten raw or cooked. It has a nutty flavor and a smooth

    Output:
    
    'tuber'

    Input:
    FOOD USE: The edible part is the tuber, which can be eaten raw or cooked. It has a nutty flavor and a smooth

    Output:
    
    'tuber'

    Input:
    FOOD USE: The edible part is the tuber, which can be eaten raw or cooked. It has a nutty flavor and a smooth

    Output:
    
    'tuber'

    Input:
    FOOD USE: The edible part is the bulb, which can be eaten raw or cooked. It has a mild onion flavor and a

    Output:
    
    'bulb'

    Input:
    FOOD USE: The edible part is the rhizome, which can be eaten raw or cooked. It has a sweet, nutty taste.

    Output:
    
    'rhizome'

    Input:
    FOOD USE: The edible part is the seed, which can be eaten raw or cooked. It has a nutty flavor and a smooth

    Output:
    
    'seed'

    Input:
    FOOD USE: The edible part is the tuber, which can be eaten raw or cooked. It has a nutty flavor and a smooth

    Output:
    
    'tuber'

    Input:
    FOOD USE: The edible part is the seed, which can be eaten raw or cooked. It has a nutty flavor and a smooth

    Output:
    
    'seed'

    Input:
    FOOD USE: The edible part is the tuber, which can be eaten raw or cooked. It has a nutty flavor and a smooth

    Output:
"
000210-b.json,"['HERBACEOUS VINES', '12 Hopniss W2', '2 2', 'FH-234', 'Apios', 'americana Fabaceae (Bean family)']",FOOD USE: Dig tubers preferably when the vines are dormant and cook thoroughly. The flavor is like a crossbetween boiled peanuts and potatoes. The tubers store very well in a refrigerator or root cellar. Immaturepods (late summer to autumn) can be cooked like green beans. Mature seeds can be cooked fresh or dried:they look more like peas but taste morelike beans. Conservation 2/1.,True, Apios americana,"
    'tubers','immature pods','mature seeds'"
000213-a.json,"['BASAL', 'LEAVES', 'ABSENT,', 'LEAVES', 'WHORLED', '8 Cleavers', 'I', '1', 'Galium aparine family Rubiaceae']","FOOD USE: The tender spring growth can be eaten raw or cooked-befoBecause of the coarse texture it is best cooked, or used in a smoothie. [to make a coffee-like drink. Conservation 1.",True, Galium aparine, 'spring growth'
000213-b.json,"['1cm', 'HERBACEOUS VINES', '19 Air potato', '2', 'Dioscorea polystachya 4 family Dioscoreaceae']","FOOD USE: The large underground tubers are the more practicalfood source; eat them cooked. They contain more food value whenthe tops are dormant. Large roots, even cooked, may cause a mildburning from raphides (p. 22). Aerial tubers may be collected frommidsummer to autumn by shaking the vines over a tarp or widecontainer; cook them also.",True, Dioscorea polystachya,"
    'tubers','aerial tubers'"
000214-a.json,"['10 American ginsen', 'Panax quinquefoli.']",FOOD USE: Roots can be eaten ra,True, Panax quinquefoli, 'roots'
000214-b.json,"['HERBACEOUS VINES', '21 Bigroot morning glory', '1', 'Ipomoea pandurata family Convolvulaceae']","FOOD USE: Although the roots can grow enormous, you want to dig them from small plants, as older rootsbecome tough and bitter. You can dig them at any time of year, but they are better when dormant. They aremarginally edible raw, much better cooked (but still not great). Conservation 3.",True, Ipomoea pandurata,"
    'roots'"
000215-a.json,"['ABSENT.', 'LEAVES', 'STEMS BASAL LEAVES SQUARED, MINTY-AROMATIC', '1', 'Calamint', 'arkansana', 'Lamiaceae', '(A', 'Calamintha']","FOOD USE: The leaves can be used as a tea or seasoning,fresh or dried. The overwintering leaves are too tough forfood, but the sprouts of the erect stems in spring are tender,Conservation 2.",True, Calamint arkansana,"
    'leaves','sprouts'"
000215-b.json,"['HERBACEOUS VINES', '24 Melonette', '3', 'Melothria pendula + Cucurbitaceae (Cucumber family)']",FOOD USE: Fully ripe fruit gets a sour. musky flavor that 1. isbetter. the fruits as you would cucumbers. Conservation,True, Melothria pendula,"
    'fruit'"
000216-a.json,"['STEMS SQUARED, MINTY-AROMATIC', 'BASAL LEAVES ABSENT, LEAVES PAIKED', '1 Broad-leaved mountain mints (', 'Inflorescence dense terminal clusters (also sometimes i', 'topped to flat-never elongated or spike-1 like - with reduc', 'Flowers (summer) very small, 4-8 mm long, with 4 protr', '4 pointed lobes. Corolla whitish with purple to pinkish spo', 'calyx, irregular with 4 lobes, the top one usually strongly ""', 'HABITAT: Mostly open or young forests, savannahs, and for', 'FOOD USE: Used like other mints for tea or seasoning, fre', 'COMMENTS: Mountain mints are not as well-known as t', 'however, many are highly aromatic and good for the same', 'that I have lumped together for discussion, but they do no', 'like bergamot. A few examples are pictured below.', '322', '(above) Pycnanthernum muticum has broad leaves with the', 'veins flat on the upper surface and tends to grow in dense', 'leaves, the upper ones whitened', 'colonies. (right) Pycnanthemum incanum has lanceolate', '516', 'STEMS', 'SQUARED,', 'MINTY-AROMATIC', 'BASAL', 'LEAVES', 'ABSENT,', 'LEAVES', 'PAIKED', '1', 'Broad-leaved', 'mountain', 'mints', '(', 'Inflorescence', 'dense', 'terminal', 'clusters', '(also', 'sometimes', 'i', 'topped', 'to', 'flat-never', 'elongated', 'or', 'spike-1', 'like', '-', 'with', 'reduc', 'Flowers', '(summer)', 'very', 'small,', '4-8', 'mm', 'long,', 'with', '4', 'protr', '4', 'pointed', 'lobes.', 'Corolla', 'whitish', 'with', 'purple', 'to', 'pinkish', 'spo', 'calyx,', 'irregular', 'with', '4', 'lobes,', 'the', 'top', 'one', 'usually', 'strongly', '""', 'HABITAT:', 'Mostly', 'open', 'or', 'young', 'forests,', 'savannahs,', 'and', 'for', 'FOOD', 'USE:', 'Used', 'like', 'other', 'mints', 'for', 'tea', 'or', 'seasoning,', 'fre', 'COMMENTS:', 'Mountain', 'mints', 'are', 'not', 'as', 'well-known', 'as', 't', 'however,', 'many', 'are', 'highly', 'aromatic', 'and', 'good', 'for', 'the', 'same', 'that', 'I', 'have', 'lumped', 'together', 'for', 'discussion,', 'but', 'they', 'do', 'no', 'like', 'bergamot.', 'A', 'few', 'examples', 'are', 'pictured', 'below.', '322', '(above)', 'Pycnanthernum', 'muticum', 'has', 'broad', 'leaves', 'with', 'the', 'veins', 'flat', 'on', 'the', 'upper', 'surface', 'and', 'tends', 'to', 'grow', 'in', 'dense', 'leaves,', 'the', 'upper', 'ones', 'whitened', 'colonies.', '(right)', 'Pycnanthemum', 'incanum', 'has', 'lanceolate', '516']","FOOD USE: Used like other mints for tea or seasoning, fre",True," Pycnanthemum muticum
     Pycnanthemum incanum","
    'mints'"
000216-b.json,"['HERBACEOUS VINES', '26 Maypop', '3', 'NG-238', 'Passiflora', 'incarnata family Passifloraceae']","FOOD USE: Gather the fruit in late summer to fall when the insides are soft and juicy-usually after the skinbecomes slightly wrinkly. You can rip them open and suck out the pulp to eat raw, or you can cook the pulp andrun through a strainer to get pulp for pies, jam, or other desserts. Maypops store well, even at room temperature,and can often be gathered by the bucketload. Tender new leaves and stem tips can be eaten raw or cookedin spring and early summer.Flower buds are also edible.",True, Passiflora incarnata,"
    'fruit','new leaves','stem tips','Flower buds'"
000217-a.json,"['5', 'Wild basil', 'Satureja', 'vulgaris', 'La']","FOOD USE: Young greens in spring cabasil, Conservation 1.",True,Satureja vulgaris,"
    'Young greens'"
000218-a.json,"['STEMS BASAL SQUARED, MINTY-AROMATIC', 'LEAVES ABSENT, LEAVES', '9', 'Horehound', 'Marrubium vulgare Lamiaceae (Mint', 'CHECK: Extremely woolly, dark gray-green, flowers clumped ti']",FOOD USE: The leaves are steeped for tea or boiled as a flavoringfor candies. They can also be chewed for their flavor.,True, Marrubium vulgare, 'leaves'
000219-a.json,"['ABSENT,', 'LEAVES', 'PAIR', 'STEMS BASAL LEAVES SQUARED, MINTY-AROMATIC', 'D', '11 Shiso', 'Perilla frutescens Lamiaceae (Mi', 'CHECK: Odd smalling mint with large, broad, second 1.']","FOOD USE: The greens can be collected from spring througand early summer before flowering. They are used as a flavoricooked, fermented, or infused in vinegars and sauces. The Sare ground into a nutritive seasoning or pressed for an edible",True, Perilla frutescens, 'greens'
000220-b.json,"['BASAL LEAVES ABSENT, LEAVES WHORLED', 'Woodland', 'stonecrop', '2', 'Sedum ternatum family Crassulaceae', 'JICK aped leaves CHECK: Tiny, succulent, evergreen, hairless forest plant with thick, spoon-', 'in whorls. ID difficulty 1.', 'SCRIPTION: Low. evergreen perennial often forming mats or clumps. All hairless.', 'ems reddish green, solid, creeping under litter and rooting at the nodes, parts then', 'eakly erect to about 7"" (18 cm) tall, the aerial parts not branched. Leaves to 0.7"" (18 turning', 'g. thick and succulent, broadly spoon-shaped, flat, and sessile with entire margins. mm)', 'e lowest leaves may be paired, but most leaves are in whoris of 3 or occasionally 4. At the apex is a densely-', 'cked, layered whort, the leaves of the upper layer much smaller. Blades are sparkle-studded. Inflorescence', 'ster with a few curving raceme branches splitting at broad forks, spreading above the vegetative stems, with a', 'slightly overlapping flowers rather', 'i', 'evenly spaced on very short pedi-', 'cels, oriented skyward when open.', 'Flowers 9-11 mm across, usually', 'with 4 narrow, pointed, white pet-', 'als, creased along a central vein.', 'Between these are 4 shorter green', 'sepals. Dark anthers give the flowers', 'a peppered look. Fruit composed of', '5 fused pods (follicles).', 'HABITAT: Rich hardwood forests', 'on rocks, logs, or moist soil. Most', 'common on rocky slopes in heavy', 'shade. Native.', 'FOOD USE: Tender leaves and stem', 'tips can be eaten raw or cooked any', 'time of year, but especially spring', 'and early summer. Conservation 2.', 'COMMENTS: This common and', 'widespread edible makes a fun', 'nibble. The leaves are not acrid', 'or astringent like those of many', 'sedums. AKA mountain stone-', 'crop, wharled stonecrop, 3-leaved', 'stonecrop.', '509', 'Tender', 'BASAL', 'LEAVES', 'ABSENT,', 'LEAVES', 'WHORLED', 'Woodland', 'stonecrop', '2', 'Sedum', 'ternatum', 'family', 'Crassulaceae', 'JICK', 'aped', 'leaves', 'CHECK:', 'Tiny,', 'succulent,', 'evergreen,', 'hairless', 'forest', 'plant', 'with', 'thick,', 'spoon-', 'in', 'whorls.', 'ID', 'difficulty 1.', 'SCRIPTION:', 'Low.', 'evergreen', 'perennial', 'often', 'forming', 'mats', 'or', 'clumps.', 'All', 'hairless.', 'ems', 'reddish', 'green,', 'solid,', 'creeping', 'under', 'litter', 'and', 'rooting', 'at', 'the', 'nodes,', 'parts', 'then', 'eakly', 'erect', 'to', 'about', '7""', '(18', 'cm)', 'tall,', 'the', 'aerial', 'parts', 'not', 'branched.', 'Leaves', 'to', '0.7""', '(18', 'turning', 'g.', 'thick', 'and', 'succulent,', 'broadly', 'spoon-shaped,', 'flat,', 'and', 'sessile', 'with', 'entire', 'margins.', 'mm)', 'e', 'lowest', 'leaves', 'may', 'be', 'paired,', 'but', 'most', 'leaves', 'are', 'in', 'whoris', 'of', '3', 'or', 'occasionally', '4.', 'At', 'the', 'apex', 'is', 'a', 'densely-', 'cked,', 'layered', 'whort,', 'the', 'leaves', 'of', 'the', 'upper', 'layer', 'much', 'smaller.', 'Blades', 'are', 'sparkle-studded.', 'Inflorescence', 'ster', 'with', 'a', 'few', 'curving', 'raceme', 'branches', 'splitting', 'at', 'broad', 'forks,', 'spreading', 'above', 'the', 'vegetative', 'stems,', 'with', 'a', 'slightly', 'overlapping', 'flowers', 'rather', 'i', 'evenly', 'spaced', 'on', 'very', 'short', 'pedi-', 'cels,', 'oriented', 'skyward', 'when', 'open.', 'Flowers', '9-11', 'mm', 'across,', 'usually', 'with', '4', 'narrow,', 'pointed,', 'white', 'pet-', 'als,', 'creased', 'along', 'a', 'central', 'vein.', 'Between', 'these', 'are', '4', 'shorter', 'green', 'sepals.', 'Dark', 'anthers', 'give', 'the', 'flowers', 'a', 'peppered', 'look.', 'Fruit', 'composed', 'of', '5', 'fused', 'pods', '(follicles).', 'HABITAT:', 'Rich', 'hardwood', 'forests', 'on', 'rocks,', 'logs,', 'or', 'moist', 'soil.', 'Most', 'common', 'on', 'rocky', 'slopes', 'in', 'heavy', 'shade.', 'Native.', 'FOOD', 'USE:', 'Tender', 'leaves', 'and', 'stem', 'tips', 'can', 'be', 'eaten', 'raw', 'or', 'cooked', 'any', 'time', 'of', 'year,', 'but', 'especially', 'spring', 'and', 'early', 'summer.', 'Conservation', '2.', 'COMMENTS:', 'This', 'common', 'and', 'widespread', 'edible', 'makes', 'a', 'fun', 'nibble.', 'The', 'leaves', 'are', 'not', 'acrid', 'or', 'astringent', 'like', 'those', 'of', 'many', 'sedums.', 'AKA', 'mountain', 'stone-', 'crop,', 'wharled', 'stonecrop,', '3-leaved', 'stonecrop.', '509', 'Tender']","FOOD USE: Tender leaves and stemtips can be eaten raw or cooked anytime of year, but especially springand early summer. Conservation 2.",True, Sedum ternatum,"
    'leaves','stemtips'"
000222-a.json,"['BASAL', 'LEA', 'STEMS', 'sqt', '1', 'Purple dea', 'Lamium pur']",FOOD USE: Gather thany flowers open. Theiror as a potherb.,True," Lamium purpure

    Input:

    ['Several common names', 'for a plant species include:', 'Cape ivy,', 'Creeping Charlie,', 'Trumpet creeper,', 'Thunbergia alata', '(Thunbergia, the genus)']

    Output:
     Thunbergia alata

    Input:

    ['Aloe', 'Vera', 'is a medicinal plant that grows wild in', 'North Africa and the Mediterranean region.']

    Output:
     Aloe vera

    Input:

    ['The scientific name for the common day lily', 'is Hemerocallis fulva.']

    Output:
     Hemerocallis fulva

    Input:

    ['The scientific name for the', 'Mariana trench barbeled hornshark', 'is Heptranchias perlo.', 'Also known as the goblin shark.']

    Output:
     Heptranchias perlo

    Input:

    ['The scientific name for the', 'common house spider is', 'Tegenaria agrestis.']

    Output:
     Tegenaria agrestis

    Input:

    ['The scientific name for the', 'American robin is', 'Turdus migratorius.']

    Output:
     Turdus migratorius

    Input:

    ['The scientific name for the', 'red fox is', 'Vulpes vulpes.']

    Output:
     Vulpes vulpes

    Input:

    ['The scientific name for the', 'Nile crocodile is', 'Crocodylus niloticus.']

    Output:
     Crocodylus niloticus

    Input:

    ['The scientific name for the', 'common loon is', 'Gavia immer.']

    Output:
     Gavia immer

    Input:

    ['The scientific name for the', 'snow leopard is', 'Panthera uncia.']

    Output:
     Panthera uncia

    Input:

    ['The scientific name for the', '","
    'flowers'"
000223-a.json,"['BASAL', 'LEAVES', 'ASSENT,', 'STEMS', 'SQUARE,', 'STRONGLY', 'AROMATIC', 'NOT', 'betony', 'IND', '3', 'it', '2', '3', 'Florida', 'Lamiaceae', '(Mint', 'family)', 'Stachys', 'floridana', 'CHECK: Short colony-forming mint 2. with (anceolate, blunt,']","FOOD USE: Collect tubers any time (but they are lowest in quality atpeak green growth, when they are easiest to find). They are deliciousraw or cooked and are reported to make good pickles. Young shoots/greens, collected in spring from plants before flowering, can be eaten rawor cooked. Lawn plants usually have lame little tubers. Conservation 2/1.",True, Stachys floridana,"
    'tubers','Young shoots/greens'"
000223-b.json,"['BASAL LEAVES ABSENT, LEAVES PAIRED', 'STEMS SQUARED. MINTY-AROMATIC', 'American pennyroyal', 'Hedeoma pulegioides Lamiaceae (Mint family)', 'th, and tiny flowers in most axils. ID difficulty 1.', 'ICK CHECK: Low, tiny mint with small, well-spaced leaves, entire or with a few large', 'SCRIPTION: inches nm thick, squared, Small 6-15"" (15-38 a few cm) ascending tall', 'annual. Stems single, erect or leaning, and', 'densely covered with line hair, unbranched or with', 'mostly in the middle third, Leaves in well-spaced pairs, often with a tuft of smaller', 'ves in the axil, the members of the pair often unequal in size, lanceolate to elliptic, 0.3-0.8""', '20 mm) long, acute at both ends, the tip often blunt. Blade flat, dotted, hairless on top but with sparse, fine', 'rs below. A few major veins are depressed above and protruding below, but veinlets are obscure. Mar-', 'S entire or with a few scattered, large teeth. Petioles 20% of blade length Inflorescence clusters of 2-12 in', 'st or all leaf axils, each cluster with a pair of miniature leaves beneath it. The pedicel is about half the length', 'he calyx. Flowers (summer) irregular, 5-7 mm long. Calyx highly irreguiar, bulged on the bottom, a curved', 'green tube with prominent raised', 'ridges supporting a row of stiff,', 'hooked hairs. The tip is 5-lobed;', 'the top 3 lobes are recurved,', 'triangular, and sharp, while the', 'bottom 2 are narrower, curved', 'upward with stiff bristles-like', 'a pair of pinchers on a beetle.', 'Corolla whitish to light blue', 'or purple (usually a mottled', 'mixture of these colors), about', 'as long as the calyx, tubular,', 'the end 2-lipped, the lower lip', 'smaller with 3 broad lobes.', 'Seeds four, brown, in the base', 'of the calyx tube.', 'HABITAT: Open or semi-open', 'sites with a long-term trend of,', 'but not necessarily immedi-', 'ate, disturbance. Dry or open', 'woods, savannahs, forest open-', 'ings. pastures, hillside prairies,', 'roadsides, trails through woods.', 'Mostly on limestone. Native A', 'FOOD USE: Collect leaves and', 'use dry or fresh for tea. Conser-', 'vation 2.', 'COMMENTS: One of our', 'strongest mints, this species', 'has been grown commercially', 'for the flavoring extracted', 'from it. The present species is', 'not the same as the true pen-', 'nyroyal Mentha pulegium, an', 'Old-World mint. AKA false', 'pennyroyal. Hedeoma hispida is', 'a close relative with long, nar-', 'row, entire leaves and a raspier', 'texture; it has little scent. It is', 'native to dry fields and barrens', 'with poor. sandy soil', '517', 'BASAL', 'LEAVES', 'ABSENT,', 'LEAVES', 'PAIRED', 'STEMS', 'SQUARED.', 'MINTY-AROMATIC', 'American', 'pennyroyal', 'Hedeoma', 'pulegioides', 'Lamiaceae', '(Mint', 'family)', 'th,', 'and', 'tiny', 'flowers', 'in', 'most', 'axils.', 'ID', 'difficulty', '1.', 'ICK', 'CHECK:', 'Low,', 'tiny', 'mint', 'with', 'small,', 'well-spaced', 'leaves,', 'entire', 'or', 'with', 'a', 'few', 'large', 'SCRIPTION:', 'inches', 'nm thick,', 'squared,', 'Small', '6-15""', '(15-38', 'a', 'few', 'cm)', 'ascending', 'tall', 'annual.', 'Stems', 'single,', 'erect', 'or', 'leaning,', 'and', 'densely', 'covered', 'with', 'line', 'hair,', 'unbranched', 'or', 'with', 'mostly', 'in', 'the', 'middle', 'third,', 'Leaves', 'in', 'well-spaced', 'pairs,', 'often', 'with', 'a', 'tuft', 'of', 'smaller', 'ves', 'in', 'the', 'axil,', 'the', 'members', 'of', 'the', 'pair', 'often', 'unequal', 'in', 'size,', 'lanceolate', 'to', 'elliptic,', '0.3-0.8""', '20', 'mm)', 'long,', 'acute', 'at', 'both', 'ends,', 'the', 'tip', 'often blunt.', 'Blade', 'flat,', 'dotted,', 'hairless', 'on', 'top', 'but', 'with', 'sparse,', 'fine', 'rs', 'below.', 'A', 'few', 'major', 'veins', 'are', 'depressed', 'above', 'and', 'protruding', 'below,', 'but', 'veinlets', 'are', 'obscure.', 'Mar-', 'S', 'entire', 'or', 'with', 'a', 'few', 'scattered,', 'large', 'teeth.', 'Petioles', '20%', 'of', 'blade', 'length', 'Inflorescence', 'clusters', 'of', '2-12', 'in', 'st', 'or', 'all', 'leaf', 'axils,', 'each', 'cluster', 'with', 'a', 'pair', 'of', 'miniature', 'leaves', 'beneath', 'it.', 'The', 'pedicel', 'is', 'about', 'half', 'the', 'length', 'he', 'calyx.', 'Flowers', '(summer)', 'irregular,', '5-7', 'mm', 'long.', 'Calyx', 'highly', 'irreguiar,', 'bulged', 'on', 'the', 'bottom,', 'a', 'curved', 'green', 'tube', 'with', 'prominent', 'raised', 'ridges', 'supporting', 'a', 'row', 'of', 'stiff,', 'hooked', 'hairs.', 'The', 'tip', 'is 5-lobed;', 'the', 'top', '3', 'lobes', 'are', 'recurved,', 'triangular,', 'and', 'sharp,', 'while', 'the', 'bottom', '2', 'are', 'narrower,', 'curved', 'upward', 'with', 'stiff', 'bristles-like', 'a', 'pair', 'of', 'pinchers', 'on', 'a', 'beetle.', 'Corolla', 'whitish', 'to', 'light', 'blue', 'or', 'purple', '(usually', 'a', 'mottled', 'mixture', 'of', 'these', 'colors),', 'about', 'as', 'long', 'as', 'the', 'calyx,', 'tubular,', 'the', 'end', '2-lipped,', 'the', 'lower', 'lip', 'smaller', 'with', '3', 'broad', 'lobes.', 'Seeds', 'four,', 'brown,', 'in', 'the', 'base', 'of', 'the', 'calyx', 'tube.', 'HABITAT:', 'Open', 'or', 'semi-open', 'sites', 'with', 'a', 'long-term', 'trend', 'of,', 'but', 'not', 'necessarily', 'immedi-', 'ate,', 'disturbance.', 'Dry', 'or', 'open', 'woods,', 'savannahs,', 'forest', 'open-', 'ings.', 'pastures,', 'hillside', 'prairies,', 'roadsides,', 'trails', 'through', 'woods.', 'Mostly', 'on', 'limestone.', 'Native', 'A', 'FOOD', 'USE:', 'Collect', 'leaves', 'and', 'use', 'dry', 'or', 'fresh', 'for', 'tea.', 'Conser-', 'vation', '2.', 'COMMENTS:', 'One', 'of', 'our', 'strongest', 'mints,', 'this', 'species', 'has', 'been', 'grown', 'commercially', 'for', 'the', 'flavoring', 'extracted', 'from', 'it.', 'The', 'present', 'species', 'is', 'not', 'the', 'same', 'as', 'the', 'true', 'pen-', 'nyroyal', 'Mentha', 'pulegium,', 'an', 'Old-World', 'mint.', 'AKA', 'false', 'pennyroyal.', 'Hedeoma', 'hispida', 'is', 'a', 'close', 'relative', 'with', 'long,', 'nar-', 'row,', 'entire', 'leaves', 'and', 'a', 'raspier', 'texture;', 'it', 'has', 'little', 'scent.', 'It', 'is', 'native', 'to', 'dry', 'fields', 'and', 'barrens', 'with', 'poor.', 'sandy', 'soil', '517']",FOOD USE: Collect leaves anduse dry or fresh for tea. Conser-vation 2.,True, Hedeoma pulegioides,"
    'leaves'"
000224-a.json,"['STEMS BASAL SQUARE, NOT STRONGLY AROMATIC', 'LEAVES ABSENT, LEAVES PAIKEN,', 'Hemp-nettle', '3', 'it', '1', '5', 'tetrahit', 'Lamiaceae', '(Mint', 'fami', 'Galeopsis', 'CHECK: Very stiff-hairy, non-aromatic mint with swellings 2.']","FOOD USE: Gather seeds in late summer as they darken and beconplants over a container and strike or shake them with a gloved hand. Gatbracts-brown ones have already dropped their good seed. Look fordark seeds; light brown ones are empty. Sift out insects and trash, thenuse the seeds in baking or hot cereal. The young greens in spring havea mild flavor reminiscent of purple dead-nettle.",True," Galeopsis

    Input:
    ['HOLLY, OAK, ELM, MAPLE, CHERRY, APPLE, BIRCH, PEAR, POPLAR, CHESTNUT, WALNUT, HICKORY, PINE, CEDAR, DOGWOOD,', 'Cherry tree', 'Cerasus', 'siliqua', '(Black cherry, wild cherry, or choke cherry)']

    Output:
    Cerasus siliqua

    Input:
    ['CARROTS, POTATOES, PUMPKIN, SQUASH, BEETS, TOMATOES,', 'Tomato plant', 'Solanum', 'lycopersicum', '(Tomato, Love apple, or tomatillo)']

    Output:
    Solanum lycopersicum", 'seeds'
000224-b.json,"['BASAL LEAVES ABSENT, LEAVES PAIRED,', 'STEMS SQUARED, MINTY-AROMATIC', 'Oregano', 'Origanum vulgare Lamiaceae (Mint family)', 'ICK CHECK: Clumped aromatic mint with untoothed leaves on short petioles; small', 'dish-purple flowers in dense terminal clusters at the ends of tri-forked branches.', 'difficulty 1.', 'SCRIPTION: Clump-forming perennial herb from tough, creeping surface stems with', '/ leaves; these stems eventually turn erect and thicken. Erect stems 12-32 (30-80 cm)', 'purplish (especially near nodes), squared but with the corners often blunt. hairy (espe-', 'lly on shoots); hairs near the base point downward. The lower stems are often twisted', '2 internodes after turning erect. There are short branches in most axils, even near the', 'The wild range', 'se, but the form is taller than wide. Leaves paired, ovate to elliptic, 0.6-1.5 (15-38 r mm)', 'of this plant is', 'g. soft-hairy on both sides, the tips blunt, often downcurved (at least when young),', 'hard to discern', 'because culti-', 'the margin entire or with a few scat-', 'vated plants are', 'tered purpleteeth Midvein depressed', 'frequently put', 'above and protruding below. Second-', 'into botanical', 'ary veins few, depressed. Petioles', 'records.', '10-20% of blade length (60-110% on', 'young shoots). Inflorescence (summer) branches in threes,', 'with a slightly thicker central stem and a pair of lateral', 'branches at a 45° angle. Each branch terminates in a dense,', 'round or pyramid shaped cluster of purplish bracts from', 'which the flowers protrude Corolla purple-red to pale pink', 'and irregular, tubular with a very narrowed base, hairy, the', 'end with 2 lips, the upper lip with a shallow notch at the', 'tip, the lower lip strongly recurved and split into 3 lobes.', 'Calyx regular, with triangular lobes. LYDS persistent and', 'often wavy-the inflorescence form remains evident.', 'HABITAT: Dry, sunny, disturbed ground, mostly on lime-', 'stone or dolomite. Roadsides, construction sites, gravel', 'pits and quarries, old fields and pastures. Introduced.', 'FOOD USE: Dried or fresh leaves can be used as a', 'seasoning.', 'COMMENTS: This is the domestic herb gone feral, and it', 'is locally abundant in the right habitat.', '519', 'BASAL', 'LEAVES', 'ABSENT,', 'LEAVES', 'PAIRED,', 'STEMS', 'SQUARED,', 'MINTY-AROMATIC', 'Oregano', 'Origanum', 'vulgare', 'Lamiaceae', '(Mint', 'family)', 'ICK', 'CHECK:', 'Clumped', 'aromatic', 'mint', 'with', 'untoothed', 'leaves', 'on', 'short', 'petioles;', 'small', 'dish-purple', 'flowers', 'in', 'dense', 'terminal', 'clusters', 'at', 'the', 'ends', 'of', 'tri-forked', 'branches.', 'difficulty 1.', 'SCRIPTION:', 'Clump-forming', 'perennial', 'herb', 'from', 'tough,', 'creeping', 'surface', 'stems', 'with', '/', 'leaves;', 'these', 'stems', 'eventually', 'turn', 'erect', 'and', 'thicken.', 'Erect', 'stems', '12-32', '(30-80', 'cm)', 'purplish', '(especially', 'near', 'nodes),', 'squared', 'but', 'with', 'the', 'corners', 'often', 'blunt.', 'hairy', '(espe-', 'lly', 'on', 'shoots);', 'hairs', 'near', 'the', 'base', 'point', 'downward.', 'The', 'lower', 'stems', 'are', 'often', 'twisted', '2', 'internodes', 'after', 'turning', 'erect.', 'There', 'are', 'short', 'branches', 'in', 'most', 'axils,', 'even', 'near', 'the', 'The', 'wild', 'range', 'se,', 'but', 'the', 'form', 'is', 'taller', 'than', 'wide.', 'Leaves', 'paired,', 'ovate', 'to', 'elliptic,', '0.6-1.5', '(15-38 r', 'mm)', 'of', 'this', 'plant', 'is', 'g.', 'soft-hairy', 'on', 'both', 'sides,', 'the', 'tips', 'blunt,', 'often', 'downcurved', '(at', 'least', 'when', 'young),', 'hard', 'to', 'discern', 'because', 'culti-', 'the', 'margin', 'entire', 'or', 'with', 'a', 'few', 'scat-', 'vated', 'plants', 'are', 'tered', 'purpleteeth', 'Midvein', 'depressed', 'frequently', 'put', 'above', 'and', 'protruding', 'below.', 'Second-', 'into', 'botanical', 'ary', 'veins', 'few,', 'depressed.', 'Petioles', 'records.', '10-20%', 'of', 'blade', 'length', '(60-110%', 'on', 'young', 'shoots).', 'Inflorescence', '(summer)', 'branches', 'in', 'threes,', 'with', 'a', 'slightly', 'thicker', 'central', 'stem', 'and', 'a', 'pair', 'of', 'lateral', 'branches', 'at', 'a', '45°', 'angle.', 'Each', 'branch', 'terminates', 'in', 'a', 'dense,', 'round', 'or', 'pyramid', 'shaped', 'cluster', 'of', 'purplish', 'bracts', 'from', 'which', 'the', 'flowers', 'protrude', 'Corolla', 'purple-red', 'to', 'pale', 'pink', 'and', 'irregular,', 'tubular', 'with', 'a', 'very', 'narrowed', 'base,', 'hairy,', 'the', 'end', 'with', '2', 'lips,', 'the', 'upper', 'lip', 'with', 'a', 'shallow', 'notch', 'at', 'the', 'tip,', 'the', 'lower', 'lip', 'strongly', 'recurved', 'and', 'split', 'into', '3', 'lobes.', 'Calyx', 'regular,', 'with', 'triangular', 'lobes.', 'LYDS', 'persistent', 'and', 'often', 'wavy-the', 'inflorescence', 'form', 'remains', 'evident.', 'HABITAT:', 'Dry,', 'sunny,', 'disturbed', 'ground,', 'mostly', 'on', 'lime-', 'stone', 'or', 'dolomite.', 'Roadsides,', 'construction', 'sites,', 'gravel', 'pits', 'and', 'quarries,', 'old', 'fields', 'and', 'pastures.', 'Introduced.', 'FOOD', 'USE:', 'Dried', 'or', 'fresh', 'leaves', 'can', 'be', 'used', 'as', 'a', 'seasoning.', 'COMMENTS:', 'This', 'is', 'the', 'domestic', 'herb', 'gone', 'feral,', 'and', 'it', 'is', 'locally', 'abundant', 'in', 'the', 'right', 'habitat.', '519']",FOOD USE: Dried or fresh leaves can be used as aseasoning.,True, Origanum vulgare,"
    'leaves'"
000226-a.json,"['ABSENT,', 'LEAVES', 'PM', 'BASAL', 'LEAVES', 'SQUARE,', 'NOT', 'STRONGLY', 'Al', 'STEMS', ""Giant St. John's wort"", '2', '9', 'Hypericum', 'ascryon', '+', 'family', 'H']","FOOD USE: Tender shoots, which appear in mid spreat only the stems, because they taste much better.",True, Hypericum ascryon, 'shoots'
000227-a.json,"['11 Stitchwort', '3', 'IWE-90', 'Stellaria graminea, S. longifoli', 'Caryophyllaceae (Pink family)', 'depressed in the center with downcurved margins;']","FOOD USE: When spring mats first start to turnupright, grab small clumps and cut the tender leafytips with scissors. They make a tasty nibble or saladingredient. Older stems are very tough.",True, Stellaria graminea, 'leafytips'
000228-a.json,"['ABSENT,', 'LEAVES', 'BASAL', 'LEAVES', 'STRONGLY', 'AROMATI', 'STEMS', 'SQUARE,', 'NOT', '13 Spanish needles', '2', 'Asteraceae', '(Com', 'Bidens', 'bipinnata', 'CHECK: Square-stemmed ered herb with paired needle leav']",FOOD USE: Tender greens can be eaten raw or cooked fromearly summer to early fall. The flowerheads have a marigold-like flavor and can be used as a seasoning (though it is weakerthan romerillo). Conservation 1.,True, Bidens bipinnata,"
    'tender greens','flowerheads'"
000229-a.json,"['BASAL', 'LEAVES', 'ABSENT,', 'STEMS', 'NOT', ',', 'Seabeach', 'sandwort', '2', '1', 'peploides', 'Caryophy', 'Honckenya', 'herb', 'with', 'su', 'Mat-forming', 'seashore']","FOOD USE: The leaves and stem tips remain succulentgathered all summer and eaten raw as a snack, in salads,or cooked as a vegetable. These are traditionally mixedwith other vegetables and fermented for storage bypeoples of the Far North.",True, Honckenya peploides,"
    'leaves','stem tips'"
000230-a.json,"['BASAL LEAVES ABSENT, STEMS NOT SQUARE,', 'CHICKWEED', '|WE-90', 'Stellaria', '(in', 'part)', 'Caryophyllaceae', '(Pink', 'family)', 'genus', 'GROUP ID: Low creeping or tax plants with non-tapered 2. stems, paired entire leaves, and flowe']","FOOD USE: Collect leafy greens from young stems that are still tender-not from flowering branches. Theare most abundant during the cool periods of spring and fall. Use in salads, as a raw nibble, or cooked. Tmild flavor reminds people of corn silk.",True," Stellaria

    Input:

    ['Rosaceae', 'PRICKLY ASH', 'Zanthoxylum americanum', '(family: Rosaceae)', 'Genus: Zanthoxylum', 'Species: americanum']

    Output:
     Zanthoxylum americanum

    Input:

    ['Cucurbitaceae', 'WATERMELON', 'Citrullus lanatus', '(Cucurbitaceae family)', 'Genus: Citrullus', 'Species: lanatus']

    Output:
     Citrullus lanatus

    Input:

    ['Asteraceae', 'SUNFLOWER', 'Helianthus annuus', '(family: Asteraceae)', 'Genus: Helianthus', 'Species: annuus']

    Output:
     Helianthus annuus", 'leafy greens'
000230-b.json,"['BASAL LEAVES ABSENT, LEAVES PAIRED,', 'STEMS SQUARE, NOT STRONGLY AROMATIC', 'Henbit', '1', 'Lamium amplexicaule + Lamiaceae (Mint family)', 'JICK CHECK: Short, unbranched mint with well separated pairs of broad, scalloped,', 'isping, ruffled leaves; flowers projecting above the upper leaves. ID difficulty 2.', 'ESCRIPTION: Short winter annual, Stems prostrate, twisted rooting, and much-branched', ""winter, forming mats over the soil. In early spring these mais give rise to erect stems 4-12'"", '>-30 cm) tall which are rarely branched and have very long internodes near the base.', 'ems are square, the corners ridged, hairless or with short, solt hairs. A pair of leaves', 'erlap each other, encircling the base of the stem. Leaves paired, usually less than 1"" (2.5 5cm) long and about', 'ually broad, the surface densely hairy and corrugated by deeply depressed veins. Winter leaves are often', 'eply palmately lobed Leaves of erect stems are shallowly 3-lobed with a few large, rounded teeth. Lower', 'lives are on petioles often several times longer than the blade. Upper leaves (more commonly noticed) in', 'ew well-spaced pairs, clasping the stem and touching, semicircular in outline. Inflorescence a whorl of a few', 'wers in the leaf axils, in early spring and sometimes again in fall; strongly ascending and projecting above', 'e topmost leaves. Flowers (spring) have a hairy calyx at the base with long, sharp lobes. Corolla 0.5-0.8""', ':-20 mm) long, the lower 2/3 a narrow hairy cylinder, then abruptly widening into 2 lips, purple-pink to rarely', 'hite with darker purple mottling, the upper hood very hairy and the lower lip constricted before drooping', 'd widening into 2 cupped lobes (like a hanging paper heart).', 'NFUSING PLANTS: Creeping charlie (p. 528) is aromatic and has leaves that are bluntly toothed but not', 'bed; all of its leaves have petioles, and its flowers are not held erect.', 'ABITAT: Moist, rich soil in sun or light shade: lawns, parks, forest borders. Introduced.', 'FOOD USE: Collect tender young leaves and upper stems in early to', 'mid spring, and use as a potherb or salad green.', ""COMMENTS: The flavor is not bitter or astringent; it's peculiar, with"", ""a faint aroma. Don't let that description trick you into thinking it's"", 'particularly exciting.', '533', 'BASAL', 'LEAVES', 'ABSENT,', 'LEAVES', 'PAIRED,', 'STEMS', 'SQUARE,', 'NOT', 'STRONGLY', 'AROMATIC', 'Henbit', '1', 'Lamium', 'amplexicaule', '+', 'Lamiaceae', '(Mint', 'family)', 'JICK', 'CHECK:', 'Short,', 'unbranched', 'mint', 'with', 'well', 'separated', 'pairs', 'of', 'broad,', 'scalloped,', 'isping,', 'ruffled', 'leaves;', 'flowers', 'projecting', 'above', 'the', 'upper', 'leaves.', 'ID', 'difficulty', '2.', 'ESCRIPTION:', 'Short', 'winter', 'annual,', 'Stems', 'prostrate,', 'twisted', 'rooting,', 'and', 'much-branched', 'winter,', 'forming', 'mats', 'over', 'the', 'soil.', 'In', 'early', 'spring', 'these', 'mais', 'give', 'rise', 'to', 'erect', 'stems', ""4-12'"", '>-30 cm)', 'tall', 'which', 'are', 'rarely', 'branched', 'and', 'have', 'very', 'long', 'internodes', 'near', 'the', 'base.', 'ems', 'are', 'square,', 'the', 'corners', 'ridged,', 'hairless', 'or', 'with', 'short,', 'solt', 'hairs.', 'A', 'pair', 'of', 'leaves', 'erlap', 'each', 'other,', 'encircling', 'the', 'base', 'of', 'the', 'stem.', 'Leaves', 'paired,', 'usually', 'less', 'than', '1""', '(2.5', '5cm)', 'long', 'and', 'about', 'ually', 'broad,', 'the', 'surface', 'densely', 'hairy', 'and', 'corrugated', 'by', 'deeply', 'depressed', 'veins.', 'Winter', 'leaves', 'are', 'often', 'eply', 'palmately', 'lobed', 'Leaves', 'of', 'erect', 'stems', 'are', 'shallowly', '3-lobed', 'with', 'a', 'few', 'large,', 'rounded', 'teeth.', 'Lower', 'lives', 'are', 'on', 'petioles', 'often', 'several', 'times', 'longer', 'than', 'the', 'blade.', 'Upper', 'leaves', '(more', 'commonly', 'noticed)', 'in', 'ew', 'well-spaced', 'pairs,', 'clasping', 'the', 'stem', 'and', 'touching,', 'semicircular', 'in', 'outline.', 'Inflorescence', 'a', 'whorl', 'of', 'a', 'few', 'wers', 'in', 'the', 'leaf', 'axils,', 'in', 'early', 'spring', 'and', 'sometimes', 'again', 'in', 'fall;', 'strongly', 'ascending', 'and', 'projecting', 'above', 'e', 'topmost', 'leaves.', 'Flowers', '(spring)', 'have', 'a', 'hairy', 'calyx', 'at', 'the', 'base', 'with', 'long,', 'sharp', 'lobes.', 'Corolla', '0.5-0.8""', ':-20', 'mm)', 'long,', 'the', 'lower', '2/3', 'a', 'narrow', 'hairy', 'cylinder,', 'then', 'abruptly', 'widening', 'into', '2', 'lips,', 'purple-pink', 'to', 'rarely', 'hite', 'with', 'darker', 'purple', 'mottling,', 'the', 'upper', 'hood', 'very', 'hairy', 'and', 'the', 'lower', 'lip', 'constricted', 'before', 'drooping', 'd', 'widening', 'into', '2', 'cupped', 'lobes', '(like', 'a', 'hanging', 'paper', 'heart).', 'NFUSING', 'PLANTS:', 'Creeping', 'charlie', '(p.', '528)', 'is', 'aromatic', 'and', 'has', 'leaves', 'that', 'are', 'bluntly', 'toothed', 'but', 'not', 'bed;', 'all', 'of', 'its', 'leaves', 'have', 'petioles,', 'and', 'its', 'flowers', 'are', 'not', 'held', 'erect.', 'ABITAT:', 'Moist,', 'rich', 'soil', 'in', 'sun', 'or', 'light', 'shade:', 'lawns,', 'parks,', 'forest', 'borders.', 'Introduced.', 'FOOD', 'USE:', 'Collect', 'tender', 'young', 'leaves', 'and', 'upper', 'stems', 'in', 'early', 'to', 'mid', 'spring,', 'and', 'use', 'as', 'a', 'potherb', 'or', 'salad', 'green.', 'COMMENTS:', 'The', 'flavor', 'is', 'not', 'bitter', 'or', 'astringent;', ""it's"", 'peculiar,', 'with', 'a', 'faint', 'aroma.', ""Don't"", 'let', 'that', 'description', 'trick', 'you', 'into', 'thinking', ""it's"", 'particularly', 'exciting.', '533']","FOOD USE: Collect tender young leaves and upper stems in early tomid spring, and use as a potherb or salad green.",True, Lamium amplexicaule,"
    'leaves','stems'"
000232-a.json,"['BASAL LEAVES ABSENT, STEMS NO', ""9 Devil's claw"", '2', 'Proboscidea louisiana', 'family', 'from afar), large irregular white flowers and large, ,']","FOOD USE: Tender, immature pods can be cookedas a vegetable or made into pickles. You may wantto rub them in water to wash and remove the stickyhairs: or parboil them, since the skins contain a bitterelement. Ripe seeds canalso be eaten raw or cooked,although I've only tried them once and don't havemuch of an opinion. Conservation 2.",True, Proboscidea louisiana,"
    'pods','seeds'"
000232-b.json,"['BASAL LEAVES ABSENT, LEAVES PAIRED,', 'STEMS SQUARE, NOT STRONGLY AROMATIC', '; Bugleweed CD2', 'NG-393', 'genus Lycopus (in part) + Lamiaceae (Mint family)', 'UICK CHECK: Non-aromatic mints with coarsely toothed leaves and small clusters', 'tiny, nearly regular flowers in the leaf axils. ID difficulty 3.', 'ESCRIPTION: Perennial herbs without a strong scent, spreading by short rhizomes.', 'bers 0.5-3"" (13-80 mm) long, narrow, tapered at bothends usually curved, some kinds', 'gularly constricted, the surface otherwise mostly smooth and whitish or greenish, with', 'bud or compact shoot at the tip. Stems single to lew, 10-40"" (25-100 cm) tall. squared', 'ect, thin (2-4mm) in proportion to the height, hairless or faintly soft-hairy, usually simple but occasionally', 'th few branches where competition is low. Leaves sessile or nearly so, paired, lanceolate to narrowly elliptic,', ""3-4' (2-10 cm) long, tapered to a point at both ends but not sharp at the tip. Surface hairless or with soft."", 'arse hairs. Midvein and secondary veins depressed above and protruding below; veinlets depressed only', 'intly. Margins with 4-8 medium to large teeth per side. widely spaced and blunt or nipple-tipped inflores-', 'nce a tightly-packed cluster of tiny sessile flowers in the leaf axils, all along the stem except sometimes the', 'west part. Flowers (throughout summer) 2-4 mm across and 4-6 mm long, the calyx with 4-5 nearly equal', 'bes and 4-5 major veins. Corolla whitish, tubular, not 2-lipped, with 4-5 nearly equal lobes (when only 4 the', 'per lobe is slightly larger and notched). Fruit is a tiny dry capsule. LYDS frail but easy to distinguish by the', 'hall spaced clusters of persistent calyxes.', 'ONFUSING SPECIES: Not all members of this genus have tubers. Lycopus americanus is a very common', 'ecies without tubers; it can be told apart by the elongated lobe-teeth on its leaves', 'ARNING! Bugleweed often grows beside water hemlock (see p. 668 and p.13), which is deadly. The plants', 'not look similar at all, except possibly for the small, single roots of water hemlock seedlings Water hemlock', 'ots have faint yellow lines inside plus a stronger scent: bugleweed tubers lack yellow lines inside and have', 'a smoother and glossier surface.', 'HABITAT: Wet soit or shallow water, usually in', 'moderate shade. Lakeshores, marshes, stream', 'edges, springs, fens, ponds (often on mossy', 'or mucky logs or stones). Native.', 'FOOD USE: Tubers are usually very close', 'to the surface and close to the parent plant;', 'you can often get them out easily with your', 'fingers. Gather them from fall through early', 'spring They can be eaten raw or cooked. Con-', 'servation', '(Continued on the next page.)', 'Northern bugleweed L. unifiorus is our most', 'common species, found in cool, shady wet', 'lands: it is small with small tubers', '537', 'BASAL', 'LEAVES', 'ABSENT,', 'LEAVES', 'PAIRED,', 'STEMS', 'SQUARE,', 'NOT', 'STRONGLY', 'AROMATIC', ';', 'Bugleweed', 'CD2', 'NG-393', 'genus', 'Lycopus', '(in', 'part)', '+', 'Lamiaceae', '(Mint', 'family)', 'UICK', 'CHECK:', 'Non-aromatic', 'mints', 'with', 'coarsely', 'toothed', 'leaves', 'and', 'small', 'clusters', 'tiny,', 'nearly', 'regular', 'flowers', 'in', 'the', 'leaf', 'axils.', 'ID', 'difficulty', '3.', 'ESCRIPTION:', 'Perennial', 'herbs', 'without', 'a', 'strong', 'scent,', 'spreading', 'by', 'short', 'rhizomes.', 'bers', '0.5-3""', '(13-80', 'mm)', 'long,', 'narrow,', 'tapered', 'at', 'bothends', 'usually', 'curved,', 'some', 'kinds', 'gularly', 'constricted,', 'the', 'surface', 'otherwise', 'mostly', 'smooth', 'and', 'whitish', 'or', 'greenish,', 'with', 'bud', 'or', 'compact', 'shoot', 'at', 'the', 'tip.', 'Stems', 'single', 'to', 'lew,', '10-40"" (25-100', 'cm)', 'tall.', 'squared', 'ect,', 'thin', '(2-4mm)', 'in', 'proportion', 'to', 'the', 'height,', 'hairless', 'or', 'faintly', 'soft-hairy,', 'usually', 'simple', 'but', 'occasionally', 'th', 'few', 'branches', 'where', 'competition', 'is', 'low.', 'Leaves', 'sessile', 'or', 'nearly', 'so,', 'paired,', 'lanceolate', 'to', 'narrowly', 'elliptic,', ""3-4'"", '(2-10 cm) long,', 'tapered', 'to', 'a', 'point', 'at', 'both', 'ends', 'but', 'not', 'sharp', 'at', 'the', 'tip.', 'Surface', 'hairless', 'or', 'with', 'soft.', 'arse', 'hairs.', 'Midvein', 'and', 'secondary', 'veins', 'depressed', 'above', 'and', 'protruding', 'below;', 'veinlets', 'depressed', 'only', 'intly.', 'Margins', 'with', '4-8', 'medium', 'to', 'large', 'teeth', 'per', 'side.', 'widely', 'spaced', 'and', 'blunt', 'or', 'nipple-tipped', 'inflores-', 'nce', 'a', 'tightly-packed', 'cluster', 'of', 'tiny', 'sessile', 'flowers', 'in', 'the', 'leaf', 'axils,', 'all', 'along', 'the', 'stem', 'except', 'sometimes', 'the', 'west', 'part.', 'Flowers', '(throughout', 'summer)', '2-4', 'mm', 'across', 'and', '4-6', 'mm', 'long,', 'the', 'calyx', 'with', '4-5', 'nearly', 'equal', 'bes', 'and', '4-5', 'major', 'veins.', 'Corolla', 'whitish,', 'tubular,', 'not', '2-lipped,', 'with', '4-5', 'nearly', 'equal', 'lobes', '(when', 'only', '4', 'the', 'per', 'lobe', 'is', 'slightly', 'larger', 'and', 'notched).', 'Fruit', 'is', 'a', 'tiny', 'dry', 'capsule.', 'LYDS', 'frail', 'but', 'easy', 'to', 'distinguish', 'by', 'the', 'hall', 'spaced', 'clusters', 'of', 'persistent', 'calyxes.', 'ONFUSING', 'SPECIES:', 'Not', 'all', 'members', 'of', 'this', 'genus', 'have', 'tubers.', 'Lycopus', 'americanus', 'is', 'a', 'very', 'common', 'ecies', 'without', 'tubers;', 'it', 'can', 'be', 'told', 'apart', 'by', 'the', 'elongated', 'lobe-teeth', 'on', 'its', 'leaves', 'ARNING!', 'Bugleweed', 'often', 'grows', 'beside', 'water', 'hemlock', '(see', 'p.', '668', 'and', 'p.13),', 'which', 'is', 'deadly.', 'The', 'plants', 'not', 'look', 'similar', 'at', 'all,', 'except', 'possibly', 'for', 'the', 'small,', 'single', 'roots', 'of', 'water', 'hemlock', 'seedlings', 'Water', 'hemlock', 'ots', 'have', 'faint', 'yellow', 'lines', 'inside', 'plus', 'a', 'stronger', 'scent:', 'bugleweed', 'tubers', 'lack', 'yellow', 'lines', 'inside', 'and', 'have', 'a', 'smoother', 'and', 'glossier', 'surface.', 'HABITAT:', 'Wet', 'soit', 'or', 'shallow', 'water,', 'usually', 'in', 'moderate', 'shade.', 'Lakeshores,', 'marshes,', 'stream', 'edges,', 'springs,', 'fens,', 'ponds', '(often', 'on', 'mossy', 'or', 'mucky', 'logs', 'or', 'stones).', 'Native.', 'FOOD', 'USE:', 'Tubers', 'are', 'usually', 'very', 'close', 'to', 'the', 'surface', 'and', 'close', 'to', 'the', 'parent', 'plant;', 'you', 'can', 'often', 'get', 'them', 'out', 'easily', 'with', 'your', 'fingers.', 'Gather', 'them', 'from', 'fall', 'through', 'early', 'spring', 'They', 'can', 'be', 'eaten', 'raw', 'or', 'cooked.', 'Con-', 'servation', '(Continued', 'on', 'the', 'next', 'page.)', 'Northern', 'bugleweed', 'L.', 'unifiorus', 'is', 'our', 'most', 'common', 'species,', 'found', 'in', 'cool,', 'shady', 'wet', 'lands:', 'it', 'is', 'small', 'with', 'small', 'tubers', '537']","FOOD USE: Tubers are usually very closeto the surface and close to the parent plant;you can often get them out easily with yourfingers. Gather them from fall through earlyspring They can be eaten raw or cooked. Con-servation(Continued on the next page.)Northern bugleweed L. unifiorus is our mostcommon species, found in cool, shady wetlands: it is small with small tubers537BASALLEAVESABSENT,LEAVESPAIRED,STEMSSQUARE,NOTSTRONGLYAROMATIC;BugleweedCD2NG-393genusLycopus(inpart)+Lamiaceae(Mintfamily)UICKCHECK:Non-aromaticmintswithcoarselytoothedleavesandsmallclusterstiny,nearlyregularflowersintheleafaxils.IDdifficulty3.ESCRIPTION:Perennialherbswithoutastrongscent,spreadingbyshortrhizomes.bers0.5-3""(13-80mm)long,narrow,taperedatbothendsusuallycurved,somekindsgularlyconstricted,thesurfaceotherwisemostlysmoothandwhitishorgreenish,withbudorcompactshootatthetip.Stemssingletolew,10-40"" (25-100cm)tall.squaredect,thin(2-4mm)inproportiontotheheight,hairlessorfaintlysoft-hairy,usuallysimplebutoccasionallythfewbrancheswherecompetitionislow.Leavessessileornearlyso,paired,lanceolatetonarrowlyelliptic,3-4'(2-10 cm) long,taperedtoapointatbothendsbutnotsharpatthetip.Surfacehairlessorwithsoft.arsehairs.Midveinandsecondaryveinsdepressedaboveandprotrudingbelow;veinletsdepressedonlyintly.Marginswith4-8mediumtolargeteethperside.widelyspacedandbluntornipple-tippedinflores-nceatightly-packedclusteroftinysessileflowersintheleafaxils,allalongthestemexceptsometimesthewestpart.Flowers(throughoutsummer)2-4mmacrossand4-6mmlong,thecalyxwith4-5nearlyequalbesand4-5majorveins.Corollawhitish,tubular,not2-lipped,with4-5nearlyequallobes(whenonly4theperlobeisslightlylargerandnotched).Fruitisatinydrycapsule.LYDSfrailbuteasytodistinguishbythehallspacedclustersofpersistentcalyxes.ONFUSINGSPECIES:Notallmembersofthisgenushavetubers.Lycopusamericanusisaverycommonecieswithouttubers;itcanbetoldapartbytheelongatedlobe-teethonitsleavesARNING!Bugleweedoftengrowsbesidewaterhemlock(seep.668andp.13),whichisdeadly.Theplantsnotlooksimilaratall,exceptpossiblyforthesmall,singlerootsofwaterhemlockseedlingsWaterhemlockotshavefaintyellowlinesinsideplusastrongerscent:bugleweedtuberslackyellowlinesinsideandhaveasmootherandglossiersurface.HABITAT:Wetsoitorshallowwater,usuallyinmoderateshade.Lakeshores,marshes,streamedges,springs,fens,ponds(oftenonmossyormuckylogsorstones).Native.FOODUSE:Tubersareusuallyveryclosetothesurfaceandclosetotheparentplant;youcanoftengetthemouteasilywithyourfingers.GatherthemfromfallthroughearlyspringTheycanbeeatenraworcooked.Con-servation(Continuedonthenextpage.)NorthernbugleweedL.unifiorusisourmostcommonspecies,foundincool,shadywetlands:itissmallwithsmalltubers537",True, Lycopus unifiorus,"
    tubers"
000233-a.json,"['edible!)', '(Not', 'all', 'MILKWEED', 'family', 'A:', 'Asclepias', 'genus', 'sap,', 'pai', 'parach']","FOOD USE: All parts of milkweed should be boiled before COboiling water urged by many authors are generally unnecessa(early summer), flower buds (early to mid summer), and immatin soups or casseroles, or served alone as a vegetable. The you(but still immature) pods 1 like to remove the silk and use that bcheese-like texture to casseroles.",True," Asclepias parach

    Input:

    ['THE GINKGO TREE', 'Ginkgo biloba', 'Ginkgo biloba', 'is', 'a', 'living', 'fossil']

    Output:
     Ginkgo biloba"," 'buds','pods','young'"
000233-b.json,"['BASAL LEAVES ABSENT, LEAVES PAIRED,', 'STEMS SQUARE, NOT STRONGLY AROMATIC', 'Stinging nettle', '3', 'FH-170', 'Urtica dioica 4 Urticaceae (Nettle family)', 'ICK CHECK: Tall, erect, mostly unbranched herb with lanceolate, paired leaves,', 'lging hairs, tiny unshowy flowers, and four grooves in its stem. ID difficulty 2.', 'SCRIPTION: Perennial herb forming colonies by thin, pale rhizomes. Above-ground', 'is are armed with stinging. needle-like hairs-more 50 in full sun or on richer soil, The', ""nt has a musky odor, especially when young. Stems not clumped, erect, 3-10'(1-3 m)"", 'with blunt corners and 4 deep, narrow grooves, mostly unbranched unless the plants are', 'or toppled. (Branches are minor if present, sometimes producing greatly reduced leaves.) Leaves numer-', 'paired, evenly-spaced, nearly uniform in size, 3-6"" (8-15 cm) long, broadly ovate to lancealate, dark', 'en and rough, the tips long-pointed to blunt. (The first leaves of shoots are broader and blunter than older', 'leaves.) Both surfaces have erect, needle-like slinging', 'hairs, but these are more prominent on major veins', 'and are smaller and sparser above. Midvein deeply', 'depressed above and protruding below. There are 2-6', 'major secondary veins from the base, plus a few more', 'arising distally on the midvein, also deeply depressed,', 'giving a pleated appearance. Veinlets are depressed', 'but less so. Margins have large, sharp teeth, often', 'double-toothed Petioles 40-80% of the blade length,', 'grooved on top. Stipules narrow and tapered, cm,', 'straight-edged, minutely wavy Flowers tiny greenish.', 'inconspicuous. clustered along short stems hanging', 'from leaf axils from early to late summer.', 'CONFUSING PLANTS: Wood nettle (p. 609) has', 'broader, alternate leaves; false nettle (p. 561) has no', 'stinging hairs. Mint family members such as wound-', 'wort (p. 535) and hemp-nettle (p. 536) have sharp-', 'cornered stems and pinnate secondary veins; they', 'lack stingers and have larger, tubular flowers.', 'HABITAT: Rich, moist soil with high nitrogen in full to', 'partialsun, especially where occasional disturbances', 'occur. Most commonly in floodplains, ditches, barn-', 'yards, field edges, moist meadows, openings or trails', 'in rich hardwood forests, and along waterways. Native.', 'FOOD USE: Gather tender leafy tops in spring, using', 'gloves if desired to prevent getting stung. Briefly boil-', 'ing or steaming destroys the capacity to sting Use', 'the cooked greens as you would spinach. The cooking', 'water makes an excellent tea (or if salted, broth).', 'Older leaves become tough but remain suitable for', 'tea or broth. The young leaves are easy to dry for', 'future use. A new flush of growth usually appears', 'in autumn, but tends to be of lesser quality than the', 'spring growth Conservation 2.', 'COMMENTS: Common, widespread, and well-liked,', 'this plant is often erroneously reported as not native.', 'Nettle greens are extremely nutritious and high in', 'protein. Because patches are highly productive, sting-', 'ing nettles are difficult to overharvest. This incredibly', 'useful plant also produces a strong fiber that has been', 'employed for cordage and textiles for thousands of', 'years. (Continued on the next page.)', '539', 'BASAL', 'LEAVES', 'ABSENT,', 'LEAVES', 'PAIRED,', 'STEMS', 'SQUARE,', 'NOT', 'STRONGLY', 'AROMATIC', 'Stinging', 'nettle', '3', 'FH-170', 'Urtica', 'dioica', '4', 'Urticaceae', '(Nettle', 'family)', 'ICK', 'CHECK:', 'Tall,', 'erect,', 'mostly', 'unbranched', 'herb', 'with', 'lanceolate,', 'paired', 'leaves,', 'lging', 'hairs,', 'tiny', 'unshowy', 'flowers,', 'and', 'four', 'grooves', 'in', 'its', 'stem.', 'ID', 'difficulty', '2.', 'SCRIPTION:', 'Perennial', 'herb', 'forming', 'colonies', 'by', 'thin,', 'pale', 'rhizomes.', 'Above-ground', 'is', 'are', 'armed', 'with', 'stinging.', 'needle-like', 'hairs-more', '50', 'in', 'full', 'sun', 'or', 'on', 'richer', 'soil,', 'The', 'nt', 'has', 'a', 'musky', 'odor,', 'especially', 'when', 'young.', 'Stems', 'not', 'clumped,', 'erect,', ""3-10'(1-3 m)"", 'with', 'blunt', 'corners', 'and', '4', 'deep,', 'narrow', 'grooves,', 'mostly', 'unbranched', 'unless', 'the', 'plants', 'are', 'or', 'toppled.', '(Branches', 'are', 'minor', 'if', 'present,', 'sometimes', 'producing', 'greatly', 'reduced', 'leaves.)', 'Leaves', 'numer-', 'paired,', 'evenly-spaced,', 'nearly', 'uniform', 'in', 'size,', '3-6""', '(8-15', 'cm)', 'long,', 'broadly', 'ovate', 'to', 'lancealate,', 'dark', 'en', 'and', 'rough,', 'the', 'tips', 'long-pointed', 'to', 'blunt.', '(The', 'first', 'leaves', 'of', 'shoots', 'are', 'broader', 'and', 'blunter', 'than', 'older', 'leaves.)', 'Both', 'surfaces', 'have', 'erect,', 'needle-like', 'slinging', 'hairs,', 'but', 'these', 'are', 'more', 'prominent', 'on', 'major', 'veins', 'and', 'are', 'smaller', 'and', 'sparser', 'above.', 'Midvein', 'deeply', 'depressed', 'above', 'and', 'protruding', 'below.', 'There', 'are', '2-6', 'major', 'secondary', 'veins', 'from', 'the', 'base,', 'plus', 'a', 'few', 'more', 'arising', 'distally', 'on', 'the', 'midvein,', 'also', 'deeply', 'depressed,', 'giving', 'a', 'pleated', 'appearance.', 'Veinlets', 'are', 'depressed', 'but', 'less', 'so.', 'Margins', 'have', 'large,', 'sharp', 'teeth,', 'often', 'double-toothed', 'Petioles', '40-80%', 'of', 'the', 'blade', 'length,', 'grooved', 'on', 'top.', 'Stipules', 'narrow', 'and', 'tapered,', 'cm,', 'straight-edged,', 'minutely', 'wavy', 'Flowers', 'tiny', 'greenish.', 'inconspicuous.', 'clustered', 'along', 'short', 'stems', 'hanging', 'from', 'leaf', 'axils', 'from', 'early', 'to', 'late', 'summer.', 'CONFUSING', 'PLANTS:', 'Wood', 'nettle', '(p.', '609)', 'has', 'broader,', 'alternate', 'leaves;', 'false', 'nettle', '(p.', '561)', 'has', 'no', 'stinging', 'hairs.', 'Mint', 'family', 'members', 'such', 'as', 'wound-', 'wort', '(p.', '535)', 'and', 'hemp-nettle', '(p.', '536)', 'have', 'sharp-', 'cornered', 'stems', 'and', 'pinnate', 'secondary', 'veins;', 'they', 'lack', 'stingers', 'and', 'have', 'larger,', 'tubular', 'flowers.', 'HABITAT:', 'Rich,', 'moist', 'soil', 'with', 'high', 'nitrogen', 'in', 'full', 'to', 'partialsun,', 'especially', 'where', 'occasional', 'disturbances', 'occur.', 'Most', 'commonly', 'in', 'floodplains,', 'ditches,', 'barn-', 'yards,', 'field', 'edges,', 'moist', 'meadows,', 'openings', 'or', 'trails', 'in', 'rich', 'hardwood', 'forests,', 'and', 'along', 'waterways.', 'Native.', 'FOOD', 'USE:', 'Gather', 'tender', 'leafy', 'tops', 'in', 'spring,', 'using', 'gloves', 'if', 'desired', 'to', 'prevent', 'getting', 'stung.', 'Briefly', 'boil-', 'ing', 'or', 'steaming', 'destroys', 'the', 'capacity', 'to', 'sting', 'Use', 'the', 'cooked', 'greens', 'as', 'you', 'would', 'spinach.', 'The', 'cooking', 'water', 'makes', 'an', 'excellent', 'tea', '(or', 'if', 'salted,', 'broth).', 'Older', 'leaves', 'become', 'tough', 'but', 'remain', 'suitable', 'for', 'tea', 'or', 'broth.', 'The', 'young', 'leaves', 'are', 'easy', 'to', 'dry', 'for', 'future', 'use.', 'A', 'new', 'flush', 'of', 'growth', 'usually', 'appears', 'in', 'autumn,', 'but', 'tends', 'to', 'be', 'of', 'lesser', 'quality', 'than', 'the', 'spring', 'growth', 'Conservation', '2.', 'COMMENTS:', 'Common,', 'widespread,', 'and', 'well-liked,', 'this', 'plant', 'is', 'often', 'erroneously', 'reported', 'as', 'not', 'native.', 'Nettle', 'greens', 'are', 'extremely', 'nutritious', 'and', 'high', 'in', 'protein.', 'Because', 'patches', 'are', 'highly', 'productive,', 'sting-', 'ing', 'nettles', 'are', 'difficult', 'to', 'overharvest.', 'This', 'incredibly', 'useful', 'plant', 'also', 'produces', 'a', 'strong', 'fiber', 'that', 'has', 'been', 'employed', 'for', 'cordage', 'and', 'textiles', 'for', 'thousands', 'of', 'years.', '(Continued', 'on', 'the', 'next', 'page.)', '539']","FOOD USE: Gather tender leafy tops in spring, usinggloves if desired to prevent getting stung. Briefly boil-ing or steaming destroys the capacity to sting Usethe cooked greens as you would spinach. The cookingwater makes an excellent tea (or if salted, broth).Older leaves become tough but remain suitable fortea or broth. The young leaves are easy to dry forfuture use. A new flush of growth usually appearsin autumn, but tends to be of lesser quality than thespring growth Conservation 2.",True, Urtica dioica,"
    'tender leafy tops'"
000234-b.json,"['1cm', 'STEMS SQUARE, NOT STRONGLY AROMATIC', 'BASAL LEAVES ABSENT. LEAVES PAIRED,', 'Virginia meadow beauty IIII 2', '2', 'Rhexia virginica family Melastomataceae', 'CK CHECK: Paired, sessile leaves with main veins and tiny teeth; stems squared', 'winged angles. ID difficulty 1.', 'SCRIPTION: Perennial herb spreading by rhizome. Tubers tooth-like, tapering to a', 'it at both ends, 0.6-1.0"" (15-25 mm) long, firm and crisp, with a thin black skin and', 'grayish flesh. Stems erect, or creeping and rooting at the nodes before turning erect,', 'etimes with multiple branches from the base, delicate, to 30"" (75 cm) tali and 3 mm', 'K, scarcely tapered, simple or with a (ew branches, squared and winged on the angles,', 'wings with long, gland-tipped hairs. Stems become rough with age. Leaves sessile,', 'ed, 0.8-2.5"" (2-6 cm) long, ovate to lanceolate, pointed at the tip, rounded at the base, surfaces rough', 'bristly with scattered long hairs. Veins mostly obscure, but there is one prominent vein on each side of', 'midvein, all three strongly depressed above and protruding below; the outer veins arise at the base and', ', back toward the midvein to almost meet near the leaf tip. A faint vein is sometimes visible just inside the', 'gin. Margins have widely spaced tiny teeth with bristle-tips. Inflorescence a terminal umbel-like or bifur-', 'ng cluster with a few to several flowers, the junctures with reduced leaves. Flowers (all summer) with a', 'ular green calyx 0.6-0.8"" (15-20 mm) long, bulged at the base and flared into 4 triangular labes at the tip.', 'olla spreads 1-2"" (2.5-5 cm) wide with 4 broad, very thin, pink to purple petals. The flowers are turned to', 'side and the sexual ports, especially the long style, droop over the lower petal. The yellow anthers are long and', 'ana-shaped or hooked, attached near the end rather than the middle. Fruit is a persistent vase-shaped capsule.', 'BITAT: Margins of moderately acidic wetlands on sand: ditches, ponds, wet meadows, and low spots in', 'dy woods. Full sun to moderate shade. Usually not in sphagnum bogs. Native.', 'FOOD USE: Tubers are crisp and slightly tangy, but tiny and hard to', 'gather in quantity. Collect tender young leaves and growing tips in', 'spring or early summer, before they get too tough and raspy. They have', 'a tangy flavor and are best raw as a salad or nibble. Conservation 3/2.', 'COMMENTS: Occasionally common, this dainty herb is a pleasant', 'nibble and rarely more-it does not often warrant collection in any', 'volume. Other members of this genus are reported or presumed to', 'be edible but have not tried them.', ""54'"", '1cm', 'STEMS', 'SQUARE,', 'NOT', 'STRONGLY', 'AROMATIC', 'BASAL', 'LEAVES', 'ABSENT.', 'LEAVES', 'PAIRED,', 'Virginia', 'meadow', 'beauty', 'IIII', '2', '2', 'Rhexia', 'virginica', 'family', 'Melastomataceae', 'CK', 'CHECK:', 'Paired,', 'sessile', 'leaves', 'with', 'main', 'veins', 'and', 'tiny', 'teeth;', 'stems', 'squared', 'winged', 'angles.', 'ID', 'difficulty', '1.', 'SCRIPTION:', 'Perennial', 'herb', 'spreading', 'by', 'rhizome.', 'Tubers', 'tooth-like,', 'tapering', 'to', 'a', 'it', 'at', 'both', 'ends,', '0.6-1.0""', '(15-25 mm)', 'long,', 'firm', 'and', 'crisp,', 'with', 'a', 'thin', 'black', 'skin', 'and', 'grayish', 'flesh.', 'Stems', 'erect,', 'or', 'creeping', 'and', 'rooting', 'at', 'the', 'nodes', 'before', 'turning', 'erect,', 'etimes', 'with', 'multiple', 'branches', 'from', 'the', 'base,', 'delicate,', 'to', '30""', '(75', 'cm)', 'tali', 'and', '3', 'mm', 'K,', 'scarcely', 'tapered,', 'simple', 'or', 'with', 'a', '(ew', 'branches,', 'squared', 'and', 'winged', 'on', 'the', 'angles,', 'wings', 'with', 'long,', 'gland-tipped', 'hairs.', 'Stems', 'become', 'rough', 'with', 'age.', 'Leaves', 'sessile,', 'ed,', '0.8-2.5""', '(2-6 cm)', 'long,', 'ovate', 'to', 'lanceolate,', 'pointed', 'at', 'the', 'tip,', 'rounded', 'at', 'the', 'base,', 'surfaces', 'rough', 'bristly', 'with', 'scattered', 'long', 'hairs.', 'Veins', 'mostly', 'obscure,', 'but', 'there', 'is', 'one', 'prominent', 'vein', 'on', 'each', 'side', 'of', 'midvein,', 'all', 'three', 'strongly', 'depressed', 'above', 'and', 'protruding', 'below;', 'the', 'outer', 'veins', 'arise', 'at', 'the', 'base', 'and', ',', 'back', 'toward', 'the', 'midvein', 'to', 'almost', 'meet', 'near', 'the', 'leaf', 'tip.', 'A', 'faint', 'vein', 'is', 'sometimes', 'visible', 'just', 'inside', 'the', 'gin.', 'Margins', 'have', 'widely', 'spaced', 'tiny', 'teeth', 'with', 'bristle-tips.', 'Inflorescence', 'a', 'terminal', 'umbel-like', 'or', 'bifur-', 'ng', 'cluster', 'with', 'a', 'few', 'to', 'several', 'flowers,', 'the', 'junctures', 'with', 'reduced', 'leaves.', 'Flowers', '(all', 'summer)', 'with', 'a', 'ular', 'green', 'calyx', '0.6-0.8""', '(15-20', 'mm)', 'long,', 'bulged', 'at', 'the', 'base', 'and', 'flared', 'into', '4', 'triangular', 'labes', 'at', 'the', 'tip.', 'olla', 'spreads', '1-2""', '(2.5-5', 'cm)', 'wide', 'with', '4', 'broad,', 'very', 'thin,', 'pink', 'to', 'purple', 'petals.', 'The', 'flowers', 'are', 'turned', 'to', 'side', 'and', 'the', 'sexual', 'ports,', 'especially', 'the', 'long', 'style,', 'droop', 'over', 'the', 'lower', 'petal.', 'The', 'yellow', 'anthers', 'are', 'long', 'and', 'ana-shaped', 'or', 'hooked,', 'attached', 'near', 'the', 'end', 'rather', 'than', 'the', 'middle.', 'Fruit', 'is', 'a', 'persistent', 'vase-shaped', 'capsule.', 'BITAT:', 'Margins', 'of', 'moderately', 'acidic', 'wetlands', 'on', 'sand:', 'ditches,', 'ponds,', 'wet', 'meadows,', 'and', 'low', 'spots', 'in', 'dy', 'woods.', 'Full', 'sun', 'to', 'moderate', 'shade.', 'Usually', 'not', 'in', 'sphagnum', 'bogs.', 'Native.', 'FOOD', 'USE:', 'Tubers', 'are', 'crisp', 'and', 'slightly', 'tangy,', 'but', 'tiny', 'and', 'hard', 'to', 'gather', 'in', 'quantity.', 'Collect', 'tender', 'young', 'leaves', 'and', 'growing', 'tips', 'in', 'spring', 'or', 'early', 'summer,', 'before', 'they', 'get', 'too', 'tough', 'and', 'raspy.', 'They', 'have', 'a', 'tangy', 'flavor', 'and', 'are', 'best', 'raw', 'as', 'a', 'salad', 'or', 'nibble.', 'Conservation', '3/2.', 'COMMENTS:', 'Occasionally', 'common,', 'this', 'dainty', 'herb', 'is', 'a', 'pleasant', 'nibble', 'and', 'rarely', 'more-it', 'does', 'not', 'often', 'warrant', 'collection', 'in', 'any', 'volume.', 'Other', 'members', 'of', 'this', 'genus', 'are', 'reported', 'or', 'presumed', 'to', 'be', 'edible', 'but', 'have', 'not', 'tried', 'them.', ""54'""]","FOOD USE: Tubers are crisp and slightly tangy, but tiny and hard togather in quantity. Collect tender young leaves and growing tips inspring or early summer, before they get too tough and raspy. They havea tangy flavor and are best raw as a salad or nibble. Conservation 3/2.",True, Rhexia virginica,"
    'tubers','Young leaves','growing tips'"
000235-a.json,"['Clearweed', '2', '2', '1', '(Nettle', 'family', 'Pilea', 'pumila', 'Urticaceae', 'translucent,', 'hair', 'thick,', 'succulent,']","FOOD USE: The young greens can be gathered in spring or early subetter cooked. They arereminiscent of their rela-tives, the nettles, althoughnot as good. The better partof clearweed is the succu-lent stem. Because theseare held stiff by turgorpressure rather than cel-lulose and lignin fibers, theyremain tender throughoutthe growing season. Theymake a delightfully crispand juicy addition to salads,or a raw snack. Conserva-tion 2.",True, Pilea pumila,"
    'young greens','stems'"
000236-a.json,"['PAIRED BASAL LEAVES AND TOOTHED, ABSENT, LOBED, STEMS OR COMPOUND', 'Quickweed', '3', 'IWE-315', '3', 'Asteraceae', '(Composite', 'family)', 'genus', 'Galinsoga', '1', 'CHECK: Short, hairy, branched herb with ovate, toothed 1. leaves and tiny']","FOOD USE: Gather tender leafy tops before or at the beginning of flowering, mosthrough early summer. Look for clean plants, as the hairy surface readily holds dirt.excellent in smoothies, but more commonly used as a potherb.",True," Galinsoga

    Input:

    ['GREATER BURDOCK', '3', 'Arctium lappa', 'Polygonaceae', '(Buckwheat family)']

    Output:
     Arctium lappa

    Input:

    ['WOODY PLANTS WITH TAPROOTS AND ALTERNATE, ODD-PINNATE, OR PALMATE LEAVES', '3', 'Quercus alba', 'Fagaceae', '(Beech family)']

    Output:
     Quercus alba", 'tender leafy tops'
000237-a.json,"['5 Iva Sumpweed annua Asteraceae $ 2 (Composite family)', 'Tall, hairy herb with pointed leaves in pairs; curled crowded over termin it. ID']","FOOD USE: When mature in autumn the seeds can be stripped off by handor beaten into a container. After drying, rub and winnow to remove the chaff.The seeds are very oily and can be used like sunflower seeds. There is a bittersubstance on the exterior that is removed with the chaff-the kernels have apleasant flavor. Conservation 1.",True, Iva annua,"
    'seeds'"
000239-a.json,"['BASAL LEAVES ABSENT, STEMS NOT', 'PAIRED AND TOOTHED, LOBED, OR CO', '9', 'Orache', '3', '2', 'genus Atriplex family Amaran']","FOOD USE: Gather leafy tops while still tender from spthe stems toughen, pluck individual leaves. Use in saliwant it mixed with other greens to dilute the saltiness,by hand in late summer or autumn, dried, and then rubbcan then be used for porridge or flour like goosefoot OIConservation 1.",True," Atriplex

    Input:

    ['Roses', '3', 'Rosa rugosa', 'Rosa canina', 'Rosa gallica', 'Rose family Rosaceae']

    Output:
     Rosa rugosa

    Input:

    ['ANNULUS PRESENT OR NOT, LARGE', 'SEGMENTED OR NOT, CILIATED OR NOT,', '3', 'Nudibranch', 'Gastropoda', 'Mollusca']

    Output:
     Nudibranch

    Input:

    ['TWO WINGS, TWO LEGS, TWO ANTENNAE,', 'ONE PAIR OF MAXILLAE, AND TWO', '3', 'Dragonfly', 'Order Odonata', 'Class Insecta']

    Output:
     Dragonfly

    Input:

    ['SEEDS IN FRUITS, SIMPLE, ALTERNATE,', 'LEAVES ODD-PINNATE OR PINATE,', '3', 'Oak', 'Quercus', 'Fagaceae']

    Output:
     Quercus

    Input:

    ['NO LEAVES, NO STAMENS, NO PETALS,', 'BUT CARRIES SPORES IN A PAPER', '3', 'Mushroom', 'Basidiomycota', 'Fungi']

    Output:
     Mushroom

    Input:

    ['ONE SEED, TWO LEAVES, ALTERNATE,', 'WITH STIPULES, SIMPLE OR COMPOUND,', '3', 'Pea', 'Pisum', 'Fabaceae']

    Output:
     Pisum

    Input:

    ['TWO WINGS, TWO LEGS, TWO ANTENNAE,', 'ONE PAIR OF MAXILLAE, AND TWO', '3', 'Butterfly', 'Order Lepidoptera', 'Class Insecta']

    Output:
     Butterfly

    Input:

    ['ANNUALS OR PERENNIALS, WITH ROOTS,', 'LEAVES ALTERNATE OR OPPOS","
    'leafy tops'"
000239-b.json,"['hired,', '0.3-0.8""', '(8-20', 'mm)', 'den', 'long,', 'ovate', 'nipple,', 'to', 'sessile,', 'nearly', 'the', 'round,', 'midvein', 'the', 'tips', 'strongly', 'rounded', 'densely', 'depressed', 'to', 'blunt', 'but', 'covered', 'but', 'with', 'other', 'a', 'down-', 'long,', 'stiff', 'hairs.', 'veins', 'Mostly', 'obscure,', 'the', 'surface', 'granular', 'or', 'ers teeth 8-12 at mm the across the 5 petals almost as long evergreen. as the 5 Inflorescence very hairy sepals a small Fruit panicle an elongated at the stem pod', 'y tip where it splits open.', 'T:', '5. Usually Repeatedly considered disturbed introduced soils of but all kinds probably in full native. to partial sun. Lawns, sidewalk cracks, beaches,', ""SE: he leaves. The tenderest young leaves can be caten raw or cooked, if you don't mind the dirt held by the"", 'ies NTS: in this Extremely common, but never as tender or flavorful as common chickweed There are numer-', 'genus, all safe but mediocre and barely worth eating AKA vulgatum.', 'prymary', 'Drymaria cordata', '2', 'CHECK: Limp or trialing chickweed-like plant with pairs of nearly sessile, nearly', 'ves and bi-forking clusters of a few small, white flowers with 5 deeply cleft petals.', 'PTION: Annual. Stem thin, 1-2 mm, very finely hairy (most visible on the growing', 'trate or lax, to 14"" (36 cm) long, with a tuft of longer hair at the nodes. Leaves paired,', 'bundish with a slightly heart-shaped base, the tips rounded or very blunt-pointed', 'a nipple or claw-like tip. Blades smooth but not glossy, hairless or with very fine,', 'airs. Major veins flat to slightly raised above and protruding below, emanating at or near the base and', '3 back toward the tip. Petioles shallowly channeled, 3-5% of blade length toward stem tips but much', 'ear the base. Inflorescence a repeatedly bi-forking cluster, the branches getting shorter with each', 'flowers are crowded on thin pedicels. Flowers 4-6 mm across, with triangular, pointed, cupped or', 'boat-like sepals, the tip with a claw', 'and the margins white. Petals 5.', 'each split to the base (looks like', '10), white, pointed, shorter than', 'the sepals.', 'CONFUSING SPECIES: Thick-', 'leaf drymary Drymaria pachy-', 'phylia (reportedly poisonous)', 'is a relative found in Texas that', 'has smaller, darker, thickened,', 'crowded, succulent leaves and', 'shorter stems that hug the ground.', 'The petals are of varying lengths,', 'and the longer ones exceed the', 'sepals.', 'HABITAT: Lightly disturbed areas', 'in partial shade, especially with', 'moderately moist, rich soil. Yards,', 'parks, orchards, pastures, open', 'woodlots. Adventive or possibly', 'native.', 'FOOD USE: Tender leaves are', 'eaten raw or cooked.', 'COMMENTS: This chickweed', 'relative looks the part, but its', 'taste is more like carpetweed or', 'common plantain. AKA tropical', 'chickweed, whitesnow As there', 'is another kind of snow.', '553', 'hired,', '0.3-0.8""', '(8-20', 'mm)', 'den', 'long,', 'ovate', 'nipple,', 'to', 'sessile,', 'nearly', 'the', 'round,', 'midvein', 'the', 'tips', 'strongly', 'rounded', 'densely', 'depressed', 'to', 'blunt', 'but', 'covered', 'but', 'with', 'other', 'a', 'down-', 'long,', 'stiff', 'hairs.', 'veins', 'Mostly', 'obscure,', 'the', 'surface', 'granular', 'or', 'ers', 'teeth', '8-12', 'at', 'mm', 'the', 'across', 'the', '5', 'petals', 'almost', 'as', 'long', 'evergreen.', 'as', 'the', '5', 'Inflorescence', 'very', 'hairy', 'sepals', 'a', 'small', 'Fruit', 'panicle', 'an', 'elongated', 'at', 'the', 'stem', 'pod', 'y', 'tip', 'where', 'it', 'splits', 'open.', 'T:', '5.', 'Usually', 'Repeatedly', 'considered', 'disturbed', 'introduced', 'soils', 'of', 'but', 'all', 'kinds', 'probably', 'in', 'full', 'native.', 'to', 'partial', 'sun.', 'Lawns,', 'sidewalk', 'cracks,', 'beaches,', 'SE:', 'he', 'leaves.', 'The', 'tenderest', 'young', 'leaves', 'can', 'be', 'caten', 'raw', 'or', 'cooked,', 'if', 'you', ""don't"", 'mind', 'the', 'dirt', 'held', 'by', 'the', 'ies', 'NTS:', 'in', 'this', 'Extremely', 'common,', 'but', 'never', 'as', 'tender', 'or', 'flavorful', 'as', 'common', 'chickweed', 'There', 'are', 'numer-', 'genus,', 'all', 'safe', 'but', 'mediocre', 'and', 'barely', 'worth', 'eating', 'AKA', 'vulgatum.', 'prymary', 'Drymaria', 'cordata', '2', 'CHECK:', 'Limp', 'or', 'trialing', 'chickweed-like', 'plant', 'with', 'pairs', 'of', 'nearly', 'sessile,', 'nearly', 'ves', 'and', 'bi-forking', 'clusters', 'of', 'a', 'few', 'small,', 'white', 'flowers', 'with 5', 'deeply', 'cleft', 'petals.', 'PTION:', 'Annual.', 'Stem', 'thin,', '1-2', 'mm,', 'very', 'finely', 'hairy', '(most', 'visible', 'on', 'the', 'growing', 'trate', 'or', 'lax,', 'to', '14""', '(36', 'cm)', 'long,', 'with', 'a', 'tuft', 'of', 'longer', 'hair', 'at', 'the', 'nodes.', 'Leaves', 'paired,', 'bundish', 'with', 'a', 'slightly', 'heart-shaped', 'base,', 'the', 'tips', 'rounded', 'or', 'very', 'blunt-pointed', 'a', 'nipple', 'or', 'claw-like', 'tip.', 'Blades', 'smooth', 'but', 'not', 'glossy,', 'hairless', 'or', 'with', 'very', 'fine,', 'airs.', 'Major', 'veins', 'flat', 'to', 'slightly', 'raised', 'above', 'and', 'protruding', 'below,', 'emanating', 'at', 'or', 'near', 'the', 'base', 'and', '3', 'back', 'toward', 'the', 'tip.', 'Petioles', 'shallowly', 'channeled,', '3-5%', 'of', 'blade', 'length', 'toward', 'stem', 'tips', 'but', 'much', 'ear', 'the', 'base.', 'Inflorescence', 'a', 'repeatedly', 'bi-forking', 'cluster,', 'the', 'branches', 'getting', 'shorter', 'with', 'each', 'flowers', 'are', 'crowded', 'on', 'thin', 'pedicels.', 'Flowers', '4-6', 'mm', 'across,', 'with', 'triangular,', 'pointed,', 'cupped', 'or', 'boat-like', 'sepals,', 'the', 'tip', 'with', 'a', 'claw', 'and', 'the', 'margins', 'white.', 'Petals', '5.', 'each', 'split', 'to', 'the', 'base', '(looks', 'like', '10),', 'white,', 'pointed,', 'shorter', 'than', 'the', 'sepals.', 'CONFUSING', 'SPECIES:', 'Thick-', 'leaf', 'drymary', 'Drymaria', 'pachy-', 'phylia', '(reportedly', 'poisonous)', 'is', 'a', 'relative', 'found', 'in', 'Texas', 'that', 'has', 'smaller,', 'darker,', 'thickened,', 'crowded,', 'succulent', 'leaves', 'and', 'shorter', 'stems', 'that', 'hug', 'the', 'ground.', 'The', 'petals', 'are', 'of', 'varying', 'lengths,', 'and', 'the', 'longer', 'ones', 'exceed', 'the', 'sepals.', 'HABITAT:', 'Lightly', 'disturbed', 'areas', 'in', 'partial', 'shade,', 'especially', 'with', 'moderately', 'moist,', 'rich', 'soil.', 'Yards,', 'parks,', 'orchards,', 'pastures,', 'open', 'woodlots.', 'Adventive', 'or', 'possibly', 'native.', 'FOOD', 'USE:', 'Tender', 'leaves', 'are', 'eaten', 'raw', 'or', 'cooked.', 'COMMENTS:', 'This', 'chickweed', 'relative', 'looks', 'the', 'part,', 'but', 'its', 'taste', 'is', 'more', 'like', 'carpetweed', 'or', 'common', 'plantain.', 'AKA', 'tropical', 'chickweed,', 'whitesnow', 'As', 'there', 'is', 'another', 'kind', 'of', 'snow.', '553']",FOOD USE: Tender leaves areeaten raw or cooked.,True, Drymaria cordata,"
    'leaves'"
000241-a.json,"['Amaranth', 'it', '3', '3', 'NG-215', '4', 'Amaranthus spp.', 'family Amaranthacede', 'CHECK: Branching herbs with tapered, gently-ridged stems; alterr']","FOOD USE: Gather the greens and young stems whenever they are tender-summer. They can be eaten raw but are much better cooked, which softens tt(top left) Green AmaranthA. hybridus is a common weedsimilar to redroot pigweedin general appearance but issmoother and hairless with nar-rower leaves and longer peti-oles. Flower clusters are moreelongated with fewer branches.In my opinion it is somewhatbetter as a vegetable.(right) Redroot PigweedA. retroflexus is probably themost widespread species. Ithas broad leaves, hairy stemsand leaves, and very spiky,bushy flowerheads. The upperroot and lower stem are dis-tinctly red.(bottom left) A. powelli andA. palmeri are very similar spe-cies that resembie slender ver-sions of green amaranth. Theirbranches and stems are slim-mer, the foliage is sparser, andthe petioles are proportionatelylonger. The flower clusters dif-fer in being long and narrow,rarely branching, and droopingor sagging rather than stiff anderect. Both of these species areand delicious.widespread, locally abundant,574Amaranthit33NG-2154Amaranthusspp.familyAmaranthacedeCHECK:Branchingherbswithtapered,gently-ridgedstems;alterrleaves;QUICKspikyclustersofunshowyflowers.IDdifficultyErectannualsto7(2.1m)tall,oftenwithmajorascendingsolid,rid,DESCRIPTION:stronglytapered,green(sometimeswithreddishstripes),0.5-8""Stemsrobust,usuallywithfinehairbutsomespecieshairless.Leavesalternate,thebaseslong,thetipsblunttopointed.Surfaceshairlessorhairy.Midveinsharply,entire,thin,spoon-shapedtonarrowlyellipticorlanceolate,depresandacuminate,protrudingbelow;secondaryveinslikewise,45-55°tothemidvein,runnthemarginsintactbeforecurvingforwardandbecomingfaint.Petiolesrarbladelolength,channeled.Inflorescencedenseterminalandaxillaryclusters(bymaturityusuallyencompassingalargeportionoftheupperplantwithfevsmaller(oftenabsent)towardthetips.Flowerstiny,notshowy,with0-5(ussepalsthataregreeninthecenterandpaperyontheedges,oftenstiff-pricklyatliketip.Stamens3-5-Fruitathin-walled,bladder-likestructure2-3mmlongWholdingasingleseed.Seedssomewhatflattened,theedgesroundedorsharp,thesurfacesmoothandhardened,browntonearlyblack.CONFUSINGPLANTS:Easternblacknightshade(p.606)leavesoftenhavecopperytopurplesheenontheirlowersurface.HABITAT:Disturbed,richsoilinfullsun.Abundantinmanyhuman-madehabitacompostheaps,andbuildingsites.Alsoriverbanks,shores,wetlands,disturbedfFOODUSE:Gatherthegreensandyoungstemswhenevertheyaretender-summer.Theycanbeeatenrawbutaremuchbettercooked,whichsoftenstt(topleft)GreenAmaranthA.hybridusisacommonweedsimilartoredrootpigweedingeneralappearancebutissmootherandhairlesswithnar-rowerleavesandlongerpeti-oles.Flowerclustersaremoreelongatedwithfewerbranches.Inmyopinionitissomewhatbetterasavegetable.(right)RedrootPigweedA.retroflexusisprobablythemostwidespreadspecies.Ithasbroadleaves,hairystemsandleaves,andveryspiky,bushyflowerheads.Theupperrootandlowerstemaredis-tinctlyred.(bottomleft)A.powelliandA.palmeriareverysimilarspe-ciesthatresembieslenderver-sionsofgreenamaranth.Theirbranchesandstemsareslim-mer,thefoliageissparser,andthepetiolesareproportionatelylonger.Theflowerclustersdif-ferinbeinglongandnarrow,rarelybranching,anddroopingorsaggingratherthanstiffanderect.Bothofthesespeciesareanddelicious.widespread,locallyabundant,574",True, Amaranthus spp. (Assuming 'spp.' represents 'species')," ['greens','young stems']"
000242-a.json,"['35', '6 Kochia', 'if', '2', '2', 'Kochia scoparia + family Am']","FOOD USE: Gather young tender leafy tops from Iseeds can be stripped by hand, dried, rubbed, andshould be soaked and rinsed before eating.",True, Kochia scoparia, 'leafy tops'
000243-b.json,"['Item', 'BASAL', 'LEAVES', 'ABSENT.', 'STEMS', 'Jerusalem-artichoke', 'PAIRED AND TOOTHED, LOBED. NOT SQUARE, OR COMPOUND LEAVES', 'CID:', '2', 'Helianthus tuberosus Asteraceae NG-413 (Composite family)', 'ICK thed; CHECK: disk and Tall, rays unbranched yellow. ID difficulty sunflower, 2. rough all over from stiff hairs, the leaves', 'SCRIPTION: ning colonies by Perennial rhizome sunflower Tubers 5-9\' (1.5-2.7 m) tall and up to 0.8"" (2', ', ipturned tip. (1-3cm) thick, light brown. tan, or reddish, with thickening, bulged 2-6"" (5-15 cm)', 'and 0.4-1.2"" elongated and gradually cm) thick,', 'pithy-solid, with Occasionally they are knobby and clustered, Stem buds and often', 'ranched except near stiff, erect hairs growing from pedestals, giving erect. it a green, round-', 'he top quarter, top, the form always much taller than wide. feel.', '3. , sand-like bumps. obtusely rounded but then decurrent along the petiole. ovate, 3-7"" (8-18 cm) long. with', 'sharp tip, the especially base on robust specimens; rarely whorled. Blades Leaves paired, but often', 'the sondpapery alternate above a', 'ing before protruding below. There are 2 major secondary veins (but lightly', 'ressed above and Midvein flat to slightly depressed above in a broad valley. The Secondary surface is roughened veins are', 'rgins have broad, the midpoint of the blade; other secondary veins are much near smaller not and at) at the broader base at', 'to slightly shallow, forward-pointing, nipple-tipped teeth. Petioles less than of angles.', 'channeled 25-35°, length,', 'se, on top, the non-winged portion very short. Inflorescence (late summer 20% blade', ""S spreading clusters of 3-25, the heads 2.5-3.5' (6-9 cm) wide, with disk and ray florets both through fall) the"", 'long-elliptic, like overlapping at the base, and spreading (not drooping). The disk is a semicircular yellow, mound.', 'ds sunflower seeds in miniature. Domesticated varieties, which often escape, are more robust, with', '...', 'er, stouter, more numerous tubers clustered close to the base,', 'CONFUSING PLANTS: Wild sunflower (p. 603) is not colonial: it', 'has more wide-spreading branches, broader leaves. and flowerheads', 'that are dark in the center. It lacks tubers.', 'HABITAT: Naturally found in river floodplains in full to partial sun-', 'light. it has spread to meadows, fencerows, and roadsides, especially', 'in areas with rich, sandy soils. Native.', 'FOOD USE: Tubers of genetically wild plants are usually 4-24', '(10-60 cm) from the parent plant on thin rhizomes, and 1-3 (2.5-8 cm)', 'below the soil surface; you must dig a large area to get them. The', 'tubers are best collected as late as possible-through the winter if', 'the ground is not frozen, or early the following spring. They should be', 'well-cooked before eating to avoid excessive flatulence. The tubers', 'are good mashed like potatoes (although dissimilar in texture) or', 'in soups and stews. Some cultivars are sweet enough to eat raw.', 'Conservation 2.', 'COMMENTS: The tubers of this well-known wild edible are highly', ""variable. Don't expect wild ones to look like the domestic cultivars The"", 'tubers taste good but can cause serious and often uncomfortable gas', 'in many individuals. This can be mitigated by a combination of very late', 'harvest and prolonged cooking. AKA sunroot, sunchoke, fartichoke.', '563', 'Item', 'BASAL', 'LEAVES', 'ABSENT.', 'STEMS', 'Jerusalem-artichoke', 'PAIRED', 'AND', 'TOOTHED,', 'LOBED.', 'NOT', 'SQUARE,', 'OR', 'COMPOUND', 'LEAVES', 'CID:', '2', 'Helianthus', 'tuberosus', 'Asteraceae', 'NG-413', '(Composite', 'family)', 'ICK', 'thed;', 'CHECK:', 'disk', 'and', 'Tall,', 'rays', 'unbranched', 'yellow.', 'ID', 'difficulty', 'sunflower,', '2.', 'rough', 'all', 'over', 'from', 'stiff', 'hairs,', 'the', 'leaves', 'SCRIPTION:', 'ning', 'colonies', 'by', 'Perennial', 'rhizome', 'sunflower', 'Tubers', ""5-9'"", '(1.5-2.7', 'm)', 'tall', 'and', 'up', 'to', '0.8""', '(2', ',', 'ipturned', 'tip.', '(1-3cm)', 'thick,', 'light', 'brown.', 'tan,', 'or', 'reddish,', 'with', 'thickening,', 'bulged', '2-6""', '(5-15 cm)', 'and', '0.4-1.2""', 'elongated', 'and', 'gradually', 'cm)', 'thick,', 'pithy-solid,', 'with', 'Occasionally', 'they', 'are', 'knobby', 'and', 'clustered,', 'Stem', 'buds', 'and', 'often', 'ranched', 'except', 'near', 'stiff,', 'erect', 'hairs', 'growing', 'from', 'pedestals,', 'giving', 'erect.', 'it', 'a', 'green,', 'round-', 'he', 'top', 'quarter,', 'top,', 'the', 'form', 'always', 'much', 'taller', 'than', 'wide.', 'feel.', '3.', ',', 'sand-like', 'bumps.', 'obtusely', 'rounded', 'but', 'then', 'decurrent', 'along', 'the', 'petiole.', 'ovate,', '3-7""', '(8-18', 'cm)', 'long.', 'with', 'sharp', 'tip,', 'the', 'especially', 'base', 'on', 'robust', 'specimens;', 'rarely', 'whorled.', 'Blades', 'Leaves', 'paired,', 'but', 'often', 'the', 'sondpapery', 'alternate', 'above', 'a', 'ing', 'before', 'protruding', 'below.', 'There', 'are', '2', 'major', 'secondary', 'veins', '(but', 'lightly', 'ressed', 'above', 'and', 'Midvein', 'flat', 'to', 'slightly', 'depressed', 'above', 'in', 'a', 'broad', 'valley.', 'The', 'Secondary', 'surface', 'is', 'roughened', 'veins', 'are', 'rgins', 'have', 'broad,', 'the', 'midpoint', 'of', 'the', 'blade;', 'other', 'secondary', 'veins', 'are', 'much', 'near', 'smaller', 'not', 'and', 'at)', 'at', 'the', 'broader', 'base', 'at', 'to', 'slightly', 'shallow,', 'forward-pointing,', 'nipple-tipped', 'teeth.', 'Petioles', 'less', 'than', 'of', 'angles.', 'channeled', '25-35°,', 'length,', 'se,', 'on', 'top,', 'the', 'non-winged', 'portion', 'very', 'short.', 'Inflorescence', '(late', 'summer', '20%', 'blade', 'S', 'spreading', 'clusters', 'of', '3-25,', 'the', 'heads', ""2.5-3.5'"", '(6-9', 'cm)', 'wide,', 'with', 'disk', 'and', 'ray', 'florets', 'both', 'through', 'fall)', 'the', 'long-elliptic,', 'like', 'overlapping', 'at', 'the', 'base,', 'and', 'spreading', '(not', 'drooping).', 'The', 'disk', 'is', 'a', 'semicircular', 'yellow,', 'mound.', 'ds', 'sunflower', 'seeds', 'in', 'miniature.', 'Domesticated', 'varieties,', 'which', 'often', 'escape,', 'are', 'more', 'robust,', 'with', '...', 'er,', 'stouter,', 'more', 'numerous', 'tubers', 'clustered', 'close', 'to', 'the', 'base,', 'CONFUSING', 'PLANTS:', 'Wild', 'sunflower', '(p.', '603)', 'is', 'not', 'colonial:', 'it', 'has', 'more', 'wide-spreading', 'branches,', 'broader', 'leaves.', 'and', 'flowerheads', 'that', 'are', 'dark', 'in', 'the', 'center.', 'It', 'lacks', 'tubers.', 'HABITAT:', 'Naturally', 'found', 'in', 'river', 'floodplains', 'in', 'full', 'to', 'partial', 'sun-', 'light.', 'it', 'has', 'spread', 'to', 'meadows,', 'fencerows,', 'and', 'roadsides,', 'especially', 'in', 'areas', 'with', 'rich,', 'sandy', 'soils.', 'Native.', 'FOOD', 'USE:', 'Tubers', 'of', 'genetically', 'wild', 'plants', 'are', 'usually', '4-24', '(10-60', 'cm)', 'from', 'the', 'parent', 'plant', 'on', 'thin', 'rhizomes,', 'and', '1-3', '(2.5-8', 'cm)', 'below', 'the', 'soil', 'surface;', 'you', 'must', 'dig', 'a', 'large', 'area', 'to', 'get', 'them.', 'The', 'tubers', 'are', 'best', 'collected', 'as', 'late', 'as', 'possible-through', 'the', 'winter', 'if', 'the', 'ground', 'is', 'not', 'frozen,', 'or', 'early', 'the', 'following', 'spring.', 'They', 'should', 'be', 'well-cooked', 'before', 'eating', 'to', 'avoid', 'excessive', 'flatulence.', 'The', 'tubers', 'are', 'good', 'mashed', 'like', 'potatoes', '(although', 'dissimilar', 'in', 'texture)', 'or', 'in', 'soups', 'and', 'stews.', 'Some', 'cultivars', 'are', 'sweet', 'enough', 'to', 'eat', 'raw.', 'Conservation', '2.', 'COMMENTS:', 'The', 'tubers', 'of', 'this', 'well-known', 'wild', 'edible', 'are', 'highly', 'variable.', ""Don't"", 'expect', 'wild', 'ones', 'to', 'look', 'like', 'the', 'domestic', 'cultivars', 'The', 'tubers', 'taste', 'good', 'but', 'can', 'cause', 'serious', 'and', 'often', 'uncomfortable', 'gas', 'in', 'many', 'individuals.', 'This', 'can be', 'mitigated', 'by', 'a', 'combination', 'of', 'very', 'late', 'harvest', 'and', 'prolonged', 'cooking.', 'AKA', 'sunroot,', 'sunchoke,', 'fartichoke.', '563']","FOOD USE: Tubers of genetically wild plants are usually 4-24(10-60 cm) from the parent plant on thin rhizomes, and 1-3 (2.5-8 cm)below the soil surface; you must dig a large area to get them. Thetubers are best collected as late as possible-through the winter ifthe ground is not frozen, or early the following spring. They should bewell-cooked before eating to avoid excessive flatulence. The tubersare good mashed like potatoes (although dissimilar in texture) orin soups and stews. Some cultivars are sweet enough to eat raw.Conservation 2.",True, Helianthus tuberosus, 'tubers'
000244-a.json,"['11 Horseweed', 'Conyza', 'canadensis', 'Asteraceae', 'CHECK: Fall, columnar plant with long, narrow small']","FOOD USE The new leavesand tender stem tips havea unique, hot, spicy flavor.This is a seasoning to beused sparingly. Conserva-tion 1.FOOD USEThenewleavesandtenderstemtipshaveaunique,hot,spicyflavor.Thisisaseasoningtobeusedsparingly.Conserva-tion1.",True, Conyza canadensis,"
    'new leaves','tender stem tips'"
000245-b.json,"['1cm', 'BASAL LEAVES ABSENT, STEMS NOT SQUARE, LEAVES', 'PAIRED AND TOOTHED, LOBED, OR COMPOUND', 'Swamp lousewort', '1', 'Pedicularis lanceolata 4 family Orobanchaceae', 'ely ICK lobed CHECK: Hairy, erect plant of wetland margins with leaves that are deeply pin-', 'and ruffled by extremely depressed veins. ID difficulty 1.', 'SCRIPTION: d with Perennial Stems clumped, 20-40"" (50-100 cm) tall and', 'is long, soft hairs curving toward the base. with four 5-8 mm thick,', '(two paired, of them grooves long-elliptic, running upper down tapered third. the', 'more prominent). There are ascending branches in the', 'ves 2-2.5 (5-6.5 cm) long, oblanceolate to lanceolate or', 'oth ends. sessile or nearly so. Lower leaves are blunt-tipped; upper leaves are pointed', '""gins have 8-11 evenly spaced blunt labes per side, cut about halfway lo the midvein, the labes close together,', 'nearly touching, often slightly twisted, each with small blunt', 'teeth or sub-lobes. Blades ruffly, with scattered long hairs', 'on both sides. Midvein broad, whitish, strongly depressed', 'above and protruding below, shallowly U-channeled with a', 'faint, thin groove in the center; smaller veins are also strongly', 'depressed. Petiole very short to absent. wing-channeled', 'when present Inflorescence erect, crowded, terminal spikes', 'with bracts progressively smaller toward the top. Flow-', 'ers (mid to late summer) 0.7-1"" (18-25 mm) long, the base', 'with a tubular, hairy calyx. The corolla is tubular and much', 'longer, creamy to pale yellow 2-lipped. the upper lip longer', 'and curling over the lower. From the top the spike looks like', 'a pinwheel, the flower tips curving clockwise.', 'HABITAT: Full sun or light shade in swamps, wet mead-', 'ows, marsh edges, along ponds and lakes, mostly in rich', 'soils. Native.', 'FOOD USE: In late spring and early summer the tender', 'leaves can be eaten raw or cooked. Conservation 2.', 'COMMENTS: This tastes much like lousewort (p.394)', 'but not as good, and the stems are not nearly as tender. It', 'Emerging spring piants.', 'blooms three months later and has no basal leaves. This', 'species is partly', 'parasitic and has', 'the odd parasitic', 'plant flavor.', 'WARNING :', 'These parasitic', 'plants are known', 'to absorb chem-', 'icals from their', 'host plants and', 'should not be eat-', 'en when growing', 'beside poisonous', 'species.', 'a Early summer', 'shoots.', '567', '1cm', 'BASAL', 'LEAVES', 'ABSENT,', 'STEMS', 'NOT', 'SQUARE,', 'LEAVES', 'PAIRED', 'AND', 'TOOTHED,', 'LOBED,', 'OR', 'COMPOUND', 'Swamp', 'lousewort', '1', 'Pedicularis', 'lanceolata', '4', 'family', 'Orobanchaceae', 'ely', 'ICK', 'lobed', 'CHECK:', 'Hairy,', 'erect', 'plant', 'of', 'wetland', 'margins', 'with', 'leaves', 'that', 'are', 'deeply', 'pin-', 'and', 'ruffled', 'by', 'extremely', 'depressed', 'veins.', 'ID', 'difficulty', '1.', 'SCRIPTION:', 'd', 'with', 'Perennial', 'Stems', 'clumped,', '20-40""', '(50-100', 'cm)', 'tall', 'and', 'is', 'long,', 'soft', 'hairs', 'curving', 'toward', 'the', 'base.', 'with', 'four', '5-8', 'mm', 'thick,', '(two', 'paired,', 'of', 'them', 'grooves', 'long-elliptic,', 'running', 'upper', 'down', 'tapered', 'third.', 'the', 'more', 'prominent).', 'There', 'are', 'ascending', 'branches', 'in', 'the', 'ves', '2-2.5', '(5-6.5', 'cm)', 'long,', 'oblanceolate', 'to', 'lanceolate', 'or', 'oth', 'ends.', 'sessile', 'or', 'nearly', 'so.', 'Lower', 'leaves', 'are', 'blunt-tipped;', 'upper', 'leaves', 'are', 'pointed', '""gins', 'have', '8-11', 'evenly', 'spaced', 'blunt', 'labes', 'per', 'side,', 'cut', 'about', 'halfway', 'lo', 'the', 'midvein,', 'the', 'labes', 'close', 'together,', 'nearly', 'touching,', 'often', 'slightly', 'twisted,', 'each', 'with', 'small', 'blunt', 'teeth', 'or', 'sub-lobes.', 'Blades', 'ruffly,', 'with', 'scattered', 'long', 'hairs', 'on', 'both', 'sides.', 'Midvein', 'broad,', 'whitish,', 'strongly', 'depressed', 'above', 'and', 'protruding', 'below,', 'shallowly', 'U-channeled', 'with', 'a', 'faint,', 'thin', 'groove', 'in', 'the', 'center;', 'smaller', 'veins', 'are', 'also', 'strongly', 'depressed.', 'Petiole', 'very', 'short', 'to', 'absent.', 'wing-channeled', 'when', 'present', 'Inflorescence', 'erect,', 'crowded,', 'terminal', 'spikes', 'with', 'bracts', 'progressively', 'smaller', 'toward', 'the', 'top.', 'Flow-', 'ers', '(mid', 'to', 'late', 'summer)', '0.7-1""', '(18-25', 'mm)', 'long,', 'the', 'base', 'with', 'a', 'tubular,', 'hairy', 'calyx.', 'The', 'corolla', 'is', 'tubular', 'and', 'much', 'longer,', 'creamy', 'to', 'pale', 'yellow', '2-lipped.', 'the', 'upper', 'lip', 'longer', 'and', 'curling', 'over', 'the', 'lower.', 'From', 'the', 'top', 'the', 'spike', 'looks', 'like', 'a', 'pinwheel,', 'the', 'flower', 'tips', 'curving', 'clockwise.', 'HABITAT:', 'Full', 'sun', 'or', 'light', 'shade', 'in', 'swamps,', 'wet', 'mead-', 'ows,', 'marsh', 'edges,', 'along', 'ponds', 'and', 'lakes,', 'mostly', 'in', 'rich', 'soils.', 'Native.', 'FOOD', 'USE:', 'In', 'late', 'spring', 'and', 'early', 'summer', 'the', 'tender', 'leaves', 'can', 'be', 'eaten', 'raw', 'or', 'cooked.', 'Conservation', '2.', 'COMMENTS:', 'This', 'tastes', 'much', 'like', 'lousewort', '(p.394)', 'but', 'not', 'as', 'good,', 'and', 'the', 'stems', 'are', 'not', 'nearly', 'as', 'tender.', 'It', 'Emerging', 'spring', 'piants.', 'blooms', 'three', 'months', 'later', 'and', 'has', 'no', 'basal', 'leaves.', 'This', 'species', 'is', 'partly', 'parasitic', 'and', 'has', 'the', 'odd', 'parasitic', 'plant', 'flavor.', 'WARNING', ':', 'These', 'parasitic', 'plants', 'are', 'known', 'to', 'absorb', 'chem-', 'icals', 'from', 'their', 'host', 'plants', 'and', 'should', 'not', 'be', 'eat-', 'en', 'when', 'growing', 'beside', 'poisonous', 'species.', 'a', 'Early', 'summer', 'shoots.', '567']",FOOD USE: In late spring and early summer the tenderleaves can be eaten raw or cooked. Conservation 2.,True, Pedicularis lanceolata,"
    'leaves'"
000247-a.json,"['knotweed', 'and', '1', '2', 'Erect', '15 Polygonum erectum Polygonaceae (B']","FOOD USE: Tender young leaves are marginally edible, like those ofcan be winnowed, cracked, and cooked like buckwheat, to which it",True,,"
    'leaves'"
000248-a.json,"['17 Poke (continued)', 'veins broadly angled, slightly depressed above, dividing tapering be', 'Secondary blade length, broadly channeled. the edges with a wing other', 'of two faint wing-ridges, often purple tinted, running down the', 'are Shoots taper strongly and have skin that peels in thin, translucent strips (', 'pointing vertically Inflarescence (summer into fall) a raceme 5-14"" Flow', 'usually curving, with 40-90 flowers on pedicels 5-12 mm long.', 'with 5 sepals (looking like petals). these broadly elliptic and spreadir', 'Fruit (late summer to fall) a purple-black berry containing several dai', 'like a doughnut, 9-10 mm across, with usually 11 radiating sections (evi', 'with a tiny protruding ""whisker"" at the tip. They are borne almost tou', 'HABITAT: Young or open disturbed woods, logged areas. forest edge', 'floodplain forests. Especially likes sandy soil. Native.', 'FOOD USE: Gather young shoots and their leaves in spring while still', 'be small, ruffled, clustered, and erect; stems should be robust, not f', 'and greens must be boiled in two changes of water for 10 minutes e', 'WARNING! Poke should not be eaten raw! Raw poke is toxic and', 'tender, meristematic greens can be eaten.', 'COMMENTS: In much of our region this is our most commonly eaten', 'and best-known wild vegetable. The stems are large, succulent, mild', 'in flavor, easily collected, and prolific-but they must be young and', 'meristematic. The berries are sometimes used in small amounts', 'medicinally but |recommend against eating them. Although I have', 'heard second-hand reports of them being used for pie, jelly, or juice,', 'the absence of first-hand accounts despite extensive interviews is', 'suspicious, and the taste of the berries is not good.', '588', '17', 'Poke', '(continued)', 'veins', 'broadly', 'angled,', 'slightly', 'depressed', 'above,', 'dividing', 'tapering', 'be', 'Secondary', 'blade', 'length,', 'broadly', 'channeled.', 'the', 'edges', 'with', 'a', 'wing', 'other', 'of', 'two', 'faint', 'wing-ridges,', 'often', 'purple', 'tinted,', 'running', 'down', 'the', 'are', 'Shoots', 'taper', 'strongly', 'and', 'have', 'skin', 'that', 'peels', 'in', 'thin,', 'translucent', 'strips', '(', 'pointing', 'vertically', 'Inflarescence', '(summer', 'into', 'fall)', 'a', 'raceme', '5-14""', 'Flow', 'usually', 'curving,', 'with', '40-90', 'flowers', 'on', 'pedicels', '5-12', 'mm', 'long.', 'with 5', 'sepals', '(looking', 'like', 'petals).', 'these', 'broadly', 'elliptic', 'and', 'spreadir', 'Fruit', '(late', 'summer', 'to', 'fall)', 'a', 'purple-black', 'berry', 'containing', 'several', 'dai', 'like', 'a', 'doughnut,', '9-10', 'mm', 'across,', 'with', 'usually', '11', 'radiating', 'sections', '(evi', 'with', 'a', 'tiny', 'protruding', '""whisker""', 'at', 'the', 'tip.', 'They', 'are', 'borne', 'almost', 'tou', 'HABITAT:', 'Young', 'or', 'open', 'disturbed', 'woods,', 'logged', 'areas.', 'forest', 'edge', 'floodplain', 'forests.', 'Especially', 'likes', 'sandy', 'soil.', 'Native.', 'FOOD', 'USE:', 'Gather', 'young', 'shoots', 'and', 'their', 'leaves', 'in', 'spring', 'while', 'still', 'be', 'small,', 'ruffled,', 'clustered,', 'and', 'erect;', 'stems', 'should', 'be', 'robust,', 'not', 'f', 'and', 'greens', 'must', 'be', 'boiled', 'in', 'two', 'changes', 'of', 'water', 'for', '10', 'minutes', 'e', 'WARNING!', 'Poke', 'should', 'not', 'be', 'eaten', 'raw!', 'Raw', 'poke', 'is', 'toxic', 'and', 'tender,', 'meristematic', 'greens', 'can', 'be', 'eaten.', 'COMMENTS:', 'In', 'much', 'of', 'our', 'region', 'this', 'is', 'our', 'most', 'commonly', 'eaten', 'and', 'best-known', 'wild', 'vegetable.', 'The', 'stems', 'are', 'large,', 'succulent,', 'mild', 'in', 'flavor,', 'easily', 'collected,', 'and', 'prolific-but', 'they', 'must', 'be', 'young', 'and', 'meristematic.', 'The', 'berries', 'are', 'sometimes', 'used', 'in', 'small', 'amounts', 'medicinally', 'but', '|recommend', 'against', 'eating', 'them.', 'Although', 'I', 'have', 'heard', 'second-hand', 'reports', 'of', 'them', 'being', 'used', 'for', 'pie,', 'jelly,', 'or', 'juice,', 'the', 'absence', 'of', 'first-hand', 'accounts', 'despite', 'extensive', 'interviews', 'is', 'suspicious,', 'and', 'the', 'taste', 'of', 'the', 'berries', 'is', 'not', 'good.', '588']","FOOD USE: Gather young shoots and their leaves in spring while stillbe small, ruffled, clustered, and erect; stems should be robust, not fand greens must be boiled in two changes of water for 10 minutes e",True, Phytolacca americana,"
    'shoots','leaves'"
000249-a.json,"['BASAL', 'LEAVES', 'ABSENT,', '19 American pellitory', '2', 'Parietaria pensylvanica', 'Urticaceae', '(Nettl']",FOOD USE: When young and tender the whole plant can be used rawConservation 2.,True, Parietaria pensylvanica,"
    'whole plant'"
000250-a.json,"['35', '21 Bastard toadflax', '9', '2', 'Comandra umbellata family']",FOOD USE: The nut-like seeds make a tasty snacservation 1.,True, Comandra umbellata,"
    'seeds'"
000252-a.json,"['35', '25', 'Rosy', 'twisted-stalk', 'Streptopus', 'lanceolatus']","FOOD USE: Pick the tender tips of growingplants in spring and very early summer. Thegreens have a mild cucumber flavor-bet-ter raw, in my opinion. Unlike some plantsin this section, you don't want to throw outthe leaves; they're most of what you get. Thecucumbery berries can be eaten raw in latesummer. Conservation 2/1.",True, Streptopus lanceolatus,"
    'tips','greens'"
000253-a.json,"['BASAL', 'Smooth', ""Solomon's"", 'seal', '27', 'Polygonatum', 'biflorum', 'Asparag', 'smo', 'CHECK:', 'Arching']",FOOD USE: Rhizomes can be gathered all year but area vegetable or added to stews. Gather shoots in spring bstems like asparagus. Conservation 3/2.,True, Polygonatum biflorum,"
    'rhizomes','shoots'"
000254-b.json,"['BASAL LEAVES ABSENT, LEAVES ALTERNATE AND ENTIRE', 'bodlots, puddles, construction marshes (especially sites, and on gardens. muskrat Probably lodges); native. also upland sites such as barnyards, backyards,', 'SE: linger The like leaves capsaicin. can be They used are as a best hot seasoning the effect is potent but delayed several', 'fine. Most of the when young and lender; if gathered when tough they seconds, should and be', 'heat is lost by drying or canning. Conservation 1.', 'n NTS: in East This Asia. plant This is very is the hot, and should be used in moderation. Cultivated varieties with', 'their lips species for which the name ""smartweed"" was given; milder flavor', 'otness is or eyes after pulling this out can attest to its potency. The chemical any primarily gardeners responsible who have', 'warburganal. AKA water pepper.', 'very D EDIBLES: similar to The the only other hot species have identified in this genus is Persicaria', 'signification above species but has broader, flatter leaves and flowers that are usually punctata, not a native', 'apper hydropiperoides is not hot.', 'P. reveals the seed (achene) to be smooth and glossier than that of P. hydropiper. The tinged false', 'mer smartweed', 'Persicaria amphibia & P. coccinea', '1', 'ilar species share this common name: both of them spread by rhizome to form loose colonies on land', 'ater. The form is variable in both species due to growing conditions-there are floating-leaved aquatic or', '5 well as erect terrestrial stems. The latter tend to have large leaves. Water smartweeds have showy', 'ers densely packed into erect, usually solitary clusters 0.6-3.5"" (1.5-9 cm) long', 'AT: Sunny or partially sunny shallow water, wetlands, and dry land near water, especially where the', 'level fluctuates dramatically. Most common along large rivers, pothole ponds, and marshes with no', 'outlet. Native.', 'FOOD USE: The shoots and young leaves, especially those that are', 'still scrolled, can be eaten raw or cooked as a potherb. With age they', 'quickly become tough and very astringent. Conservation 1.', 'COMMENTS: This adaptable plant spreads great distances by rhi-', 'zomes, and can survive fluctuating water levels by living in standing', 'water or on dry ground P. coccinea produces semi-woody tubers', ""that don't taste bad if you have an extra set of teeth and a few hours"", 'for chewing.', 'Water', 'smar tweed', 'shoot (left)', 'and llower', '(right).', '585', 'BASAL LEAVES', 'ABSENT,', 'LEAVES', 'ALTERNATE', 'AND', 'ENTIRE', 'bodlots,', 'puddles,', 'construction', 'marshes', '(especially', 'sites,', 'and', 'on', 'gardens.', 'muskrat', 'Probably', 'lodges);', 'native.', 'also', 'upland', 'sites', 'such', 'as', 'barnyards,', 'backyards,', 'SE:', 'linger', 'The', 'like', 'leaves', 'capsaicin.', 'can', 'be', 'They', 'used', 'are', 'as', 'a', 'best', 'hot', 'seasoning', 'the', 'effect', 'is', 'potent', 'but', 'delayed', 'several', 'fine.', 'Most', 'of', 'the', 'when', 'young', 'and', 'lender;', 'if', 'gathered', 'when', 'tough', 'they', 'seconds,', 'should', 'and', 'be', 'heat', 'is', 'lost', 'by', 'drying', 'or', 'canning.', 'Conservation', '1.', 'n', 'NTS:', 'in', 'East', 'This', 'Asia.', 'plant', 'This', 'is', 'very', 'is', 'the', 'hot,', 'and', 'should', 'be', 'used', 'in', 'moderation.', 'Cultivated', 'varieties', 'with', 'their', 'lips', 'species', 'for', 'which', 'the', 'name', '""smartweed""', 'was', 'given;', 'milder', 'flavor', 'otness', 'is', 'or', 'eyes', 'after', 'pulling', 'this', 'out', 'can', 'attest', 'to', 'its', 'potency.', 'The', 'chemical', 'any', 'primarily', 'gardeners', 'responsible', 'who', 'have', 'warburganal.', 'AKA', 'water', 'pepper.', 'very', 'D', 'EDIBLES:', 'similar', 'to', 'The', 'the', 'only', 'other', 'hot', 'species', 'have', 'identified', 'in', 'this', 'genus', 'is', 'Persicaria', 'signification', 'above', 'species', 'but', 'has', 'broader,', 'flatter', 'leaves', 'and', 'flowers', 'that', 'are', 'usually', 'punctata,', 'not', 'a', 'native', 'apper', 'hydropiperoides', 'is', 'not', 'hot.', 'P.', 'reveals', 'the', 'seed', '(achene)', 'to', 'be', 'smooth', 'and', 'glossier', 'than', 'that', 'of', 'P.', 'hydropiper.', 'The', 'tinged', 'false', 'mer', 'smartweed', 'Persicaria', 'amphibia', '&', 'P.', 'coccinea', '1', 'ilar', 'species', 'share', 'this', 'common', 'name:', 'both', 'of', 'them', 'spread', 'by', 'rhizome', 'to', 'form', 'loose', 'colonies', 'on', 'land', 'ater.', 'The', 'form', 'is', 'variable', 'in', 'both', 'species', 'due', 'to', 'growing', 'conditions-there', 'are', 'floating-leaved', 'aquatic', 'or', '5', 'well', 'as', 'erect', 'terrestrial', 'stems.', 'The', 'latter', 'tend', 'to', 'have', 'large', 'leaves.', 'Water', 'smartweeds', 'have', 'showy', 'ers', 'densely', 'packed', 'into', 'erect,', 'usually', 'solitary', 'clusters', '0.6-3.5""', '(1.5-9', 'cm)', 'long', 'AT:', 'Sunny', 'or', 'partially', 'sunny', 'shallow', 'water,', 'wetlands,', 'and', 'dry', 'land', 'near', 'water,', 'especially', 'where', 'the', 'level', 'fluctuates', 'dramatically.', 'Most', 'common', 'along', 'large', 'rivers,', 'pothole', 'ponds,', 'and', 'marshes', 'with', 'no', 'outlet.', 'Native.', 'FOOD', 'USE:', 'The', 'shoots', 'and', 'young', 'leaves,', 'especially', 'those', 'that', 'are', 'still', 'scrolled,', 'can', 'be', 'eaten', 'raw', 'or', 'cooked', 'as', 'a', 'potherb.', 'With', 'age', 'they', 'quickly', 'become', 'tough', 'and', 'very', 'astringent.', 'Conservation', '1.', 'COMMENTS:', 'This', 'adaptable', 'plant', 'spreads', 'great', 'distances', 'by', 'rhi-', 'zomes,', 'and', 'can', 'survive', 'fluctuating', 'water', 'levels', 'by', 'living', 'in', 'standing', 'water', 'or', 'on', 'dry', 'ground', 'P.', 'coccinea', 'produces', 'semi-woody', 'tubers', 'that', ""don't"", 'taste', 'bad', 'if', 'you', 'have', 'an', 'extra', 'set', 'of', 'teeth', 'and', 'a', 'few', 'hours', 'for', 'chewing.', 'Water', 'smar', 'tweed', 'shoot', '(left)', 'and', 'llower', '(right).', '585']","FOOD USE: The shoots and young leaves, especially those that arestill scrolled, can be eaten raw or cooked as a potherb. With age theyquickly become tough and very astringent. Conservation 1.",True," Persicaria amphibia
     or
     Persicaria coccinea","
    'shoots','young leaves'"
000255-b.json,"['BASAL LEAVES ABSENT, LEAVES ALTERNATE AND ENTIRE', '6 Willow-leaved dock', '1', '2', '2', 'NG-226', 'Rumex', 'triangulivalvis Polygonaceae (Buckwheat family)', 'JICK CHECK: Multiple leaning stems with long. narrow, entire, glassy, hairless leaves,', 'me of them over a foot long; unshowy flowers and dry triangular fruits. ID difficulty 1.', 'ESCRIPTION: Perennial herb from a taproot, the greenery dying back in late summer.', 'ems clumped. weakly erect, leaning or spreading to5 (1.5 m) tall and 13 mm thick, solid,', 'und but for one shallow trough in each internode, the surface smooth, hairless, light', 'een (with darker green lines, especially above), almost fully covered with sheaths when', 'ung Leaves alternate, few, borne mostly on the lower stem, to 14) (36 cm) long. entire, narrowly lanceolate', 'linear, often slightly creased, acute at the base and long-tapered to the tip. There are many reduced leaves', 'the upper stem. The surface is smooth, glossy, hairless, flat to slightly wavy (but not crisped like curly dock).', 'dvein has a distinct ""track"" made up of 2 thin, raised, parallel, light green lines down the center, plus a similar', 'ck on each edge. Secondary veins flat to faintly raised above and often faintly depressed below, numerous,', '60-70° angles but arching forward to meet the next vein before reaching the margin. Petioles thick, flat', 'shallowly wing-channeled above with a thin groove in the center, rounded below, solid, 20-50% of blade', ""gth. Inflorescence dense, conical clusters 3-9' (8-23 cm) long at the branch tip: the top half has many"", 'such clusters Flowers (spring) tiny, green-', 'ish, and unshowy. Seeds brown, 2-3 mm', 'long 3-sided, the edges sharp, enclosed by', '3 triangular leafy structures 5-6 mm long', 'with heart-shaped bases, each with a large', 'kidney-shaped thingamajigger (tubercie)', 'in the center.', 'HABITAT: Disturbed soil in full sun,', 'especially where sandy and rich. Likes', 'well-drained but periodically moist sites.', 'Roadsides, sleep slopes fieldedges, vacant', 'lots, river banks, ditches. Native.', 'FOOD USE: The young leaves, stems,', 'and petioles can be eaten raw or cooked', 'in spring or early summer, as long as they', 'remain tender. Conservation 2.', 'COMMENTS: This good-tasting dock is', 'unusual in not having a basal rosette; you', 'might fail to notice this at a glance. In much', 'of our area it is the only weedy dock that is', 'native. AKA Rumex mexicanus', '7 Poke', '3', '3', 'IWE-266', 'Phytolacca americana family Phytolaccaceae', 'JICK CHECK: Thick, tapered, hairless, clumped shoots with entire, elliptic, alternate late', 'ves; very large branchy herb with drooping racemes of squat purple berries in', 'nmer. ID difficulty 2.', 'SCRIPTION: Perennial from a fleshy taproot that may be very thick. Stems 3-10 becom-', '3 m) tall, 2"" (5 cm) thick, red to purple at maturity but light green when young, the pith to chambered leaning and', 'in clumps of up to 40, hairless, smooth, glaucous, round, solid at first erect', 'with', 'pithy, up to branches in the upper half. LYDS prominent light straw-colored, ovate, hairless,', 'minent ascending into discs. Leaves 3-12"" (8-30 cm) long. alternate, lanceolate with tiny to narrowly indent where there is a', 'netimes breaking wavy-edged, acute at the base and tip, the tips blunt a descending to drooping.', 'ire, sometimes about 2 mm long. New leaves are slightly ascending. but older next ones page.) are', 'ynturned dvein slightly tooth depressed above and protruding below. (Continued on the', '587', 'BASAL', 'LEAVES', 'ABSENT,', 'LEAVES', 'ALTERNATE', 'AND', 'ENTIRE', '6', 'Willow-leaved', 'dock', '1', '2', '2', 'NG-226', 'Rumex', 'triangulivalvis', 'Polygonaceae', '(Buckwheat', 'family)', 'JICK', 'CHECK:', 'Multiple', 'leaning', 'stems', 'with', 'long.', 'narrow,', 'entire,', 'glassy,', 'hairless', 'leaves,', 'me', 'of', 'them', 'over', 'a', 'foot', 'long;', 'unshowy', 'flowers', 'and', 'dry', 'triangular', 'fruits.', 'ID', 'difficulty', '1.', 'ESCRIPTION:', 'Perennial', 'herb', 'from', 'a', 'taproot,', 'the', 'greenery', 'dying', 'back', 'in', 'late', 'summer.', 'ems', 'clumped.', 'weakly', 'erect,', 'leaning', 'or', 'spreading', 'to5', '(1.5', 'm)', 'tall', 'and', '13', 'mm', 'thick,', 'solid,', 'und', 'but', 'for', 'one', 'shallow', 'trough', 'in', 'each', 'internode,', 'the', 'surface', 'smooth,', 'hairless,', 'light', 'een', '(with', 'darker', 'green', 'lines,', 'especially', 'above),', 'almost', 'fully', 'covered', 'with', 'sheaths', 'when', 'ung', 'Leaves', 'alternate,', 'few,', 'borne', 'mostly', 'on', 'the', 'lower', 'stem,', 'to', '14)', '(36', 'cm)', 'long.', 'entire,', 'narrowly', 'lanceolate', 'linear,', 'often', 'slightly', 'creased,', 'acute', 'at', 'the', 'base', 'and', 'long-tapered', 'to', 'the', 'tip.', 'There', 'are', 'many', 'reduced', 'leaves', 'the', 'upper', 'stem.', 'The', 'surface', 'is', 'smooth,', 'glossy,', 'hairless,', 'flat', 'to', 'slightly', 'wavy', '(but', 'not', 'crisped', 'like', 'curly', 'dock).', 'dvein', 'has', 'a', 'distinct', '""track""', 'made', 'up', 'of', '2', 'thin,', 'raised,', 'parallel,', 'light', 'green', 'lines', 'down', 'the', 'center,', 'plus', 'a', 'similar', 'ck', 'on', 'each', 'edge.', 'Secondary', 'veins', 'flat', 'to', 'faintly', 'raised', 'above', 'and', 'often', 'faintly', 'depressed', 'below,', 'numerous,', '60-70°', 'angles', 'but', 'arching', 'forward', 'to', 'meet', 'the', 'next', 'vein', 'before', 'reaching', 'the', 'margin.', 'Petioles', 'thick,', 'flat', 'shallowly', 'wing-channeled', 'above', 'with', 'a', 'thin', 'groove', 'in', 'the', 'center,', 'rounded', 'below,', 'solid,', '20-50%', 'of', 'blade', 'gth.', 'Inflorescence', 'dense,', 'conical', 'clusters', ""3-9'"", '(8-23', 'cm)', 'long', 'at', 'the', 'branch', 'tip:', 'the', 'top', 'half', 'has', 'many', 'such', 'clusters', 'Flowers', '(spring)', 'tiny,', 'green-', 'ish,', 'and', 'unshowy.', 'Seeds', 'brown,', '2-3', 'mm', 'long', '3-sided,', 'the', 'edges', 'sharp,', 'enclosed', 'by', '3', 'triangular', 'leafy', 'structures', '5-6', 'mm', 'long', 'with', 'heart-shaped', 'bases,', 'each', 'with', 'a', 'large', 'kidney-shaped', 'thingamajigger', '(tubercie)', 'in', 'the', 'center.', 'HABITAT:', 'Disturbed', 'soil', 'in', 'full', 'sun,', 'especially', 'where', 'sandy', 'and', 'rich.', 'Likes', 'well-drained', 'but', 'periodically', 'moist', 'sites.', 'Roadsides,', 'sleep slopes', 'fieldedges,', 'vacant', 'lots,', 'river', 'banks,', 'ditches.', 'Native.', 'FOOD', 'USE:', 'The', 'young', 'leaves,', 'stems,', 'and', 'petioles', 'can', 'be', 'eaten', 'raw', 'or', 'cooked', 'in', 'spring', 'or', 'early', 'summer,', 'as', 'long', 'as', 'they', 'remain', 'tender.', 'Conservation', '2.', 'COMMENTS:', 'This', 'good-tasting', 'dock', 'is', 'unusual', 'in', 'not', 'having', 'a', 'basal', 'rosette;', 'you', 'might', 'fail', 'to', 'notice', 'this', 'at', 'a', 'glance.', 'In', 'much', 'of', 'our', 'area', 'it', 'is', 'the', 'only', 'weedy', 'dock', 'that', 'is', 'native.', 'AKA', 'Rumex', 'mexicanus', '7', 'Poke', '3', '3', 'IWE-266', 'Phytolacca', 'americana', 'family', 'Phytolaccaceae', 'JICK', 'CHECK:', 'Thick,', 'tapered,', 'hairless,', 'clumped', 'shoots', 'with', 'entire,', 'elliptic,', 'alternate', 'late', 'ves;', 'very', 'large', 'branchy', 'herb', 'with', 'drooping', 'racemes', 'of', 'squat', 'purple', 'berries', 'in', 'nmer.', 'ID', 'difficulty', '2.', 'SCRIPTION:', 'Perennial', 'from', 'a', 'fleshy', 'taproot', 'that', 'may', 'be', 'very', 'thick.', 'Stems 3-10', 'becom-', '3', 'm)', 'tall,', '2""', '(5', 'cm)', 'thick,', 'red', 'to', 'purple', 'at', 'maturity', 'but', 'light', 'green', 'when', 'young,', 'the', 'pith', 'to', 'chambered', 'leaning', 'and', 'in', 'clumps', 'of', 'up', 'to', '40,', 'hairless,', 'smooth,', 'glaucous,', 'round,', 'solid', 'at', 'first', 'erect', 'with', 'pithy,', 'up', 'to', 'branches', 'in', 'the', 'upper', 'half.', 'LYDS', 'prominent', 'light', 'straw-colored,', 'ovate,', 'hairless,', 'minent', 'ascending', 'into', 'discs.', 'Leaves', '3-12""', '(8-30', 'cm)', 'long.', 'alternate,', 'lanceolate', 'with', 'tiny', 'to', 'narrowly', 'indent', 'where', 'there', 'is', 'a', 'netimes', 'breaking', 'wavy-edged,', 'acute', 'at', 'the', 'base', 'and', 'tip,', 'the', 'tips', 'blunt', 'a', 'descending', 'to', 'drooping.', 'ire,', 'sometimes', 'about', '2', 'mm', 'long.', 'New', 'leaves', 'are', 'slightly', 'ascending.', 'but', 'older', 'next', 'ones', 'page.)', 'are', 'ynturned', 'dvein', 'slightly', 'tooth', 'depressed', 'above', 'and', 'protruding', 'below.', '(Continued', 'on', 'the', '587']","FOOD USE: The young leaves, stems,and petioles can be eaten raw or cookedin spring or early summer, as long as theyremain tender. Conservation 2.",True, Rumex triangulivalvis,"
    'young leaves','stems','petioles'"
000256-b.json,"['Ice', 'BASAL LEAVES ABSENT, LEAVES ALTERNATE AND ENTIRE', '18 Fireweed', 'b', 'pith 2', 'Epilobium angustifolium + family Onagraceae']","FOOD USE: Gather young shoots while still tender, from 6-14"" (15-36 cm) tall. Remove leafy tips and dis-card, then boil shootsto remove bitterness.Dried leaves make agood tea; properly fer-mented leaves make anexcellent tea. Pith fromyoung stalks can be bro-ken out and eaten raw orcooked. Conservation 2.",True, Epilobium angustifolium,"
    'shoots','pith'"
000257-a.json,"['BASAL', 'LEAVES', 'ABSENT,', 'LEAVES', 'ALT', '7 Ground-cherry (continued)', 'Flowers (mid to late summer) single, open toward the', 'pointed. green, triangular lobes fused at', 'petals, Calyx 5 looking like a sloppy pentagon from the end, d y', 'a lomato-like spherical berry 0.3-0.7"" (8-18 mm) in', 'berry ripening dull yellow to orange, straw, or occasi', 'are numerous tiny, soft seeds.', 'HABITAT: Open, sunny, dry ground, especially well-', 'openings, roadsides, meadows, fields, pastures, bi', 'ground. Native.', 'FOOD USE: Gather papery husks from the plant or', 'removing the husks the ripe fruit can be eaten raw as', 'pie, or sauces. They can also be dried. Unripe fruit is', 'COMMENTS: These delicious fruits are often produ', 'things can be made from them. The cultivated tomat', 'SPECIES: There are numerous ground cherries native', 'Of these, clammy ground-cherry P. heterophylla has', 'identified by its broad leaves and the fact that all par', 'Virginia ground-cherry P. virginiana has narrower lea', 'and the stem end of the husk is deeply depressed. Lon', 'The leaves are really no narrower than those of Virgin', 'top. A common species across the South is cut-leaf', 'ground-cherry P. angulata (another misnomer, for', 'this one has large teeth, but the leaves are not deeply', 'cut). This annual has fruit that is not quite as good', 'as the perennials mentioned above.', 'Physalis angulata.', 'Physalis', 'virginiana.', 'BASAL', 'LEAVES', 'ABSENT,', 'LEAVES', 'ALT', '7', 'Ground-cherry', '(continued)', 'Flowers', '(mid', 'to', 'late', 'summer)', 'single,', 'open', 'toward', 'the', 'pointed.', 'green,', 'triangular', 'lobes', 'fused', 'at', 'petals,', 'Calyx', '5', 'looking', 'like', 'a', 'sloppy', 'pentagon', 'from', 'the', 'end,', 'd', 'y', 'a', 'lomato-like', 'spherical', 'berry', '0.3-0.7""', '(8-18', 'mm)', 'in', 'berry', 'ripening', 'dull', 'yellow', 'to', 'orange,', 'straw,', 'or', 'occasi', 'are', 'numerous', 'tiny,', 'soft', 'seeds.', 'HABITAT:', 'Open,', 'sunny,', 'dry', 'ground,', 'especially', 'well-', 'openings,', 'roadsides,', 'meadows,', 'fields,', 'pastures,', 'bi', 'ground.', 'Native.', 'FOOD', 'USE:', 'Gather', 'papery', 'husks', 'from', 'the', 'plant', 'or', 'removing', 'the', 'husks', 'the', 'ripe', 'fruit', 'can', 'be', 'eaten', 'raw', 'as', 'pie,', 'or', 'sauces.', 'They', 'can', 'also', 'be', 'dried.', 'Unripe', 'fruit', 'is', 'COMMENTS:', 'These', 'delicious', 'fruits', 'are', 'often', 'produ', 'things', 'can', 'be', 'made', 'from', 'them.', 'The', 'cultivated', 'tomat', 'SPECIES:', 'There', 'are', 'numerous', 'ground', 'cherries', 'native', 'Of', 'these,', 'clammy', 'ground-cherry', 'P.', 'heterophylla', 'has', 'identified', 'by', 'its', 'broad', 'leaves', 'and', 'the', 'fact', 'that', 'all', 'par', 'Virginia', 'ground-cherry', 'P.', 'virginiana', 'has', 'narrower', 'lea', 'and', 'the', 'stem', 'end', 'of', 'the', 'husk', 'is', 'deeply', 'depressed.', 'Lon', 'The', 'leaves', 'are', 'really', 'no', 'narrower', 'than', 'those', 'of', 'Virgin', 'top.', 'A', 'common', 'species', 'across', 'the', 'South', 'is', 'cut-leaf', 'ground-cherry', 'P.', 'angulata', '(another', 'misnomer,', 'for', 'this', 'one', 'has', 'large', 'teeth,', 'but', 'the', 'leaves', 'are', 'not', 'deeply', 'cut).', 'This', 'annual', 'has', 'fruit', 'that', 'is', 'not', 'quite', 'as', 'good', 'as', 'the', 'perennials', 'mentioned', 'above.', 'Physalis', 'angulata.', 'Physalis', 'virginiana.']","FOOD USE: Gather papery husks from the plant orremoving the husks the ripe fruit can be eaten raw aspie, or sauces. They can also be dried. Unripe fruit is",True," Physalis angulata
     Physalis virginiana","
    'husks','fruit'"
000258-a.json,"['BASAL LEAVES ABSENT, LEAVES ALTERNATE,', '9 Serrated sage', 'Artemisia serrata Asteraceae (Compo', 'CHECK: Tall, unbranched plant with numerous long, 1. poin']",FOOD USE: The youngleafy tips can be used as anherb or tea like mugwort.Conservation,True, Artemisia serrata,"
    'youngleafy tips'"
000258-b.json,"['BASAL LEAVES', 'ABSENT,', 'LEAVES', '22 Common dayflower', '2', 'Commelina communis family Commelinaceae']","FOOD USE: Gather the tender terminal sections of leaves and stems and eat them raw or cooked. With amild, cucumber-like flavor, they are a pleasant wild nibble or addition to salads. The flowers and immatureseedpods can be eaten along with the greens.",True, Commelina communis," 'leaves','stems','flowers','seedpods'"
000259-a.json,"['Ditch', 'stonecrop', '11', 'family', 'Penthoraceae', 'Penthorum', 'ID', 'difficulty', '3.', 'of', 'Stems', 'to', ""30'"", '(75', 'cm)', 'short', 'distances', 'spreading', 'the', 'upper', 'part', 'with']",FOOD USE: The tender young greens can be collected in earlysummer and eaten raw or cooked. They are somewhat astringentand bitter-the flavor reminds me of brooklime. Conservation 2.,True," Penthorum

    Input:

    ['The', 'Rose', 'Rosa', 'x', 'canina', 'synonyms', 'Rosa', 'canina', 'L.', 'Rosa', 'canina', 'L.', 'Rosa', 'canina', 'syn.', 'Rosa', 'canina', 'var.', 'Rosa', 'canina', 'var.', 'Rosa', 'canina', 'var.', 'Rosa', 'canina', 'var.', 'Rosa', 'canina', 'var.', 'Rosa', 'canina', 'var.', 'Rosa', 'canina', 'var.', 'Rosa', 'canina', 'var.', 'Rosa', 'canina', 'var.', 'Rosa', 'canina', 'var.', 'Rosa', 'canina', 'var.', 'Rosa', 'canina', 'var.', 'Rosa', 'canina', 'var.', 'Rosa', 'canina', 'var.', 'Rosa', 'canina', 'var.', 'Rosa', 'canina', 'var.', 'Rosa', 'canina', 'var.', 'Rosa', 'canina', 'var.', 'Rosa', 'canina', 'var.', 'Rosa', 'canina', 'var.', 'Rosa', 'canina', 'var.', 'Rosa', 'canina', 'var.', 'Rosa', 'canina', 'var.', 'Rosa', 'canina', 'var.', 'Rosa', 'canina', 'var.', 'Rosa', 'canina', 'var.', 'Rosa', 'canina', 'var.', 'Rosa', 'canina', 'var.', 'Rosa', 'canina', 'var.', 'Rosa', 'canina', 'var.', 'Rosa', 'canina', 'var.', 'Rosa', 'canina', 'var.', 'Rosa', 'canina', 'var.', 'Rosa', 'canina', 'var.', 'Rosa', 'canina', 'var.', 'Rosa', 'canina', 'var.', 'Rosa', 'canina', 'var.', 'Rosa', 'canina', 'var.', 'Rosa', 'canina', 'var.', 'Rosa', 'canina', 'var.', 'Rosa', '","
    'young greens'"
000259-b.json,"['24 White twisted-stalk', '3', '3', '1', 'Streptopus amplexifolius 4 Liliaceae (Lily family)']","FOOD USE: Tender shoots and greens in spring and early summer are excellent and mild, with less bitternessthan most of its relatives, reminiscent of cucumber. They can be eaten raw or cooked. The berries make anice nibble when they are ripe in late summer, but in quantity are reported to be laxative. Conservation 3/1.",True, Streptopus amplexifolius,"
    'shoots','greens','berries'"
000260-a.json,"['BASAL', 'LEAVES', 'ABSENT,', 'LEAVES', 'ALTERNATE', 'evening-primrose', 'J2', '1,2', 'Bigfruit', 'Oenothera', 'grandiflora', 'family', 'Onagraceae', 'with tough, spreading, simple stems, narrow ID difficulty leaves, large 1.', 'flowers HECK. with low long plant tubular bases, and porks with 4 broad wings.', 'yollow Perennial from a semi-woody root. Stems in clumps rather of up straight to 24, from and']","FOOD USE: Both flowers and flower buds are excel-lent raw or cooked, from spring to late summer. Con-servation 1.FOOD USE:Bothflowersandflowerbudsareexcel-lentraworcooked,fromspringtolatesummer.Con-servation1.",True, Oenothera grandiflora,"
    'flowers','buds'"
000260-b.json,"['BASAL LEAVER ARSENT,LEAVES ALTERNATE AND ENTIRE', '26 Large Bellwort', '2', '1', 'Uvularia grandiflorum + family Colchicaceae']","FOOD USE: Gather young shoots when leaves are still furled up and flowers have yet to emerge. They canbe eaten raw but are better cooked, in which case they are just okay. The tender greens at the stem tips canalso be eaten through early flowering. Conservation 2.",True, Uvularia grandiflorum,"
    'young shoots'"
000261-a.json,"['LEAVES', 'ALTERNATE', 'BASAL', 'LEAVES', ',', 'Mugwort', 'vulgaris', 'Asteraceae', '(Comp', 'Artemisia', 'with', 'd', 'grayish', 'plant', 'CHECK:', 'fall,', 'aromatic,']","FOOD USE: The leaves can be usedas a tea or in tea mixtures, fresh ordried. The youngest shoots and leavescan be eaten sparingly raw or cooked,more as a seasoning than a vegeta-ble. To find young shoots in spring,remember the location of coloniesfrom the previous growing season,or look for the distinctive old stalks.",True, Mugwort vulgaris," 'leaves','youngest shoots'"
000261-b.json,"['1cm', 'BASAL LEAVES ABSENT, LEAVES ALTERNATE AND ENTIRE', ""28 False Solomon's seal"", '2', '1', 'Maianthemum racemosum Asparagaceae (Asparagus NG-91 family)']",FOOD USE: Rhizomes can be dug all year. They were traditionallysoaked in wood ash lye to denature their irritating quality. thenboiled as a vegetable. Gather shoots in spring before the leavesunfurl; discard leaves and cook the stems. Collect ripe berries infail and nibble them raw-they are very sweet but have a bitteraftertaste. Conservation 3/2/1.,True, Maianthemum racemosum,"
    'rhizomes','shoots','berries'"
000264-a.json,"['BASAL', 'LEAVES', 'ABSENT,', '8 Bristly mallow', '3', 'Modiola caroliniana +', '/']",FOOD USE: Tender leaves and stem tipscan be eaten raw or cooked-all year butespecially from late winter to early sum-mer. Leaves can be chopped and steepedfor tea. Conservation 1.,True, Modiola caroliniana,"
    'leaves','stem tips'"
000266-a.json,"['BASAL', 'LEAVES', 'ABSENT', '12 Seashore mallow', 'Kosteletzkya pentaca']","FOOD USE: Tender leafy tips, flowers,but the surfaces of all parts have stiff haion the greens. Even the flower petals fee",True, Kosteletzkya pentaca," ['tip','flowers']"
000266-b.json,"['1cm', 'BASAL LEAVES ABSENT, LEAVES ALTERNATE, TOOTHED', 'Wood nettle', '3 3', '2', 'FH-177', 'Laportea canadensis Urticaceae (Nettle family)', 'JICK top of CHECK: Broad, pointed, alternate leaves on long petioles', 'erect stems armed with many long stingers; flowers unshowy. concentrated ID difficulty near 2.', 'SCRIPTION: 5. Stems Erect perennial spreading by rhizome, often forming', '2-6 (60-180 tall, solid, round below but with smooth-topped extensive colo-', 'rs, upper part, green, zigzag (especially in the upper half), covered with erect ridges in', 'r arly stalk, unbranched round 2-8"" with (5-20 cm) long broadly alternate, ovate stinging 6-14 to', 'or branching minimally and only near the top. Leaves', 'and almost as wide, heart-shaped or', 'veins. Midvein acuminate tips. Both sides have erect, stiff hairs and stingers-the latter', 'the base, narrow, green, and depressed above. Secondary veins 5-6 per side, 2 major especially along', 'depressed above, as are the veinlets. Margins serrated, the teeth large and evenly ones spaced arising and', 'sized. Petioles 70-110% of blade length, grooved, bearing stingers.', 'Inflorescence leafless panicles, the male and female separate on', 'the same plant. Female: :flat-topped, spreading panicle of hundreds', ""at the plant's apex. Male: spreading to ascending smaller panicles"", 'from leaf axils. Flowers of both genders tiny and unshowy in mid', 'summer, Female a drooping tiny leallike structure with a few sexual', 'strands curving above it; the panicle branches persist, becoming', 'wide and flat. Male 5 tiny, widely-separated white petals; the', 'panicle branches wither. Seeds flattened, brown, oval, about the', 'size of flax seeds, hidden as they dangle beneath the panicles in', 'late summer or early autumn.', 'CONFUSING PLANTS: Often confused with stinging nettle, for', 'which I accept no excuse.', 'HABITAT: Rich, moist, but not permanently wet soil in full to', 'partial shade, on sites where periodic disturbance leaves bare soil.', 'Most abundant and largest in river floodplains; also in hardwood', 'forests on steep slopes and along trails and dirt roads. Native.', 'FOOD USE: Harvest shoots in mid spring while the leaves have', 'scarcely unfurled; eat cooked. A little later in the season collect', 'the tender leafy tops and boil or steam as a potherb. By the time', 'the leaves unfurl the stingers may be very potent, so wear gloves', 'when collecting greens. Ripe seeds can be collected in autumn', 'and cooked like flax seeds Conservation 2/1.', 'COMMENTS: Not as well-known as stinging nettle (probably', 'because it is absent from Europe), many people (including me)', 'consider wood', 'nettle a bet-', 'ter food plant.', 'This is one of', 'the best of all', 'green vegeta-', 'bles. Not only', 'does it have', 'flax-like seeds,', 'but the stem', 'libers are very', 'similar and have', 'been used like', 'linen for mak-', 'ing nets, ropes,', 'and cloth.', '(bottom', 'left)', 'Shouts', '(top)', 'Wood', '609', '(bottom', 'right)', '1cm', 'BASAL', 'LEAVES', 'ABSENT,', 'LEAVES', 'ALTERNATE,', 'TOOTHED', 'Wood', 'nettle', '3 3', '2', 'FH-177', 'Laportea', 'canadensis', 'Urticaceae', '(Nettle', 'family)', 'JICK', 'top', 'of', 'CHECK:', 'Broad,', 'pointed,', 'alternate', 'leaves', 'on', 'long', 'petioles', 'erect', 'stems', 'armed', 'with', 'many', 'long', 'stingers;', 'flowers', 'unshowy.', 'concentrated', 'ID', 'difficulty', 'near', '2.', 'SCRIPTION:', '5.', 'Stems', 'Erect', 'perennial', 'spreading', 'by', 'rhizome,', 'often', 'forming', '2-6', '(60-180', 'tall,', 'solid,', 'round', 'below', 'but', 'with', 'smooth-topped', 'extensive', 'colo-', 'rs,', 'upper', 'part,', 'green,', 'zigzag', '(especially', 'in', 'the', 'upper', 'half),', 'covered', 'with', 'erect', 'ridges', 'in', 'r', 'arly', 'stalk,', 'unbranched', 'round', '2-8""', 'with', '(5-20 cm) long', 'broadly', 'alternate,', 'ovate', 'stinging', '6-14', 'to', 'or', 'branching', 'minimally', 'and', 'only', 'near', 'the', 'top.', 'Leaves', 'and', 'almost', 'as', 'wide,', 'heart-shaped', 'or', 'veins.', 'Midvein', 'acuminate', 'tips.', 'Both', 'sides', 'have', 'erect,', 'stiff', 'hairs', 'and', 'stingers-the', 'latter', 'the', 'base,', 'narrow,', 'green,', 'and', 'depressed', 'above.', 'Secondary', 'veins', '5-6', 'per', 'side,', '2', 'major', 'especially', 'along', 'depressed', 'above,', 'as', 'are', 'the', 'veinlets.', 'Margins', 'serrated,', 'the', 'teeth', 'large', 'and', 'evenly', 'ones', 'spaced', 'arising', 'and', 'sized.', 'Petioles', '70-110%', 'of', 'blade', 'length,', 'grooved,', 'bearing', 'stingers.', 'Inflorescence', 'leafless', 'panicles,', 'the', 'male', 'and', 'female', 'separate', 'on', 'the', 'same', 'plant.', 'Female:', ':flat-topped,', 'spreading', 'panicle', 'of', 'hundreds', 'at', 'the', ""plant's"", 'apex.', 'Male:', 'spreading', 'to', 'ascending', 'smaller', 'panicles', 'from', 'leaf', 'axils.', 'Flowers', 'of', 'both', 'genders', 'tiny', 'and', 'unshowy', 'in', 'mid', 'summer,', 'Female', 'a', 'drooping', 'tiny', 'leallike', 'structure', 'with', 'a', 'few', 'sexual', 'strands', 'curving', 'above', 'it;', 'the', 'panicle', 'branches', 'persist,', 'becoming', 'wide', 'and', 'flat.', 'Male', '5', 'tiny,', 'widely-separated', 'white', 'petals;', 'the', 'panicle', 'branches', 'wither.', 'Seeds', 'flattened,', 'brown,', 'oval,', 'about', 'the', 'size', 'of', 'flax', 'seeds,', 'hidden', 'as', 'they', 'dangle', 'beneath', 'the', 'panicles', 'in', 'late', 'summer', 'or', 'early', 'autumn.', 'CONFUSING', 'PLANTS:', 'Often', 'confused', 'with', 'stinging', 'nettle,', 'for', 'which', 'I', 'accept', 'no', 'excuse.', 'HABITAT:', 'Rich,', 'moist,', 'but', 'not', 'permanently', 'wet', 'soil', 'in', 'full', 'to', 'partial', 'shade,', 'on', 'sites', 'where', 'periodic', 'disturbance', 'leaves', 'bare', 'soil.', 'Most', 'abundant', 'and', 'largest', 'in', 'river', 'floodplains;', 'also', 'in', 'hardwood', 'forests', 'on', 'steep', 'slopes', 'and', 'along', 'trails', 'and', 'dirt', 'roads.', 'Native.', 'FOOD', 'USE:', 'Harvest', 'shoots', 'in', 'mid', 'spring', 'while', 'the', 'leaves', 'have', 'scarcely', 'unfurled;', 'eat', 'cooked.', 'A', 'little', 'later', 'in', 'the', 'season', 'collect', 'the', 'tender', 'leafy', 'tops', 'and', 'boil', 'or', 'steam', 'as', 'a', 'potherb.', 'By', 'the', 'time', 'the', 'leaves', 'unfurl', 'the', 'stingers', 'may', 'be', 'very', 'potent,', 'so', 'wear', 'gloves', 'when', 'collecting', 'greens.', 'Ripe', 'seeds', 'can', 'be', 'collected', 'in', 'autumn', 'and', 'cooked', 'like', 'flax', 'seeds', 'Conservation', '2/1.', 'COMMENTS:', 'Not', 'as', 'well-known', 'as', 'stinging', 'nettle', '(probably', 'because', 'it', 'is', 'absent', 'from', 'Europe),', 'many', 'people', '(including', 'me)', 'consider', 'wood', 'nettle', 'a', 'bet-', 'ter', 'food', 'plant.', 'This', 'is', 'one', 'of', 'the', 'best', 'of', 'all', 'green', 'vegeta-', 'bles.', 'Not', 'only', 'does', 'it', 'have', 'flax-like', 'seeds,', 'but', 'the', 'stem', 'libers', 'are', 'very', 'similar', 'and', 'have', 'been', 'used', 'like', 'linen', 'for', 'mak-', 'ing', 'nets,', 'ropes,', 'and', 'cloth.', '(bottom', 'left)', 'Shouts', '(top)', 'Wood', '609', '(bottom', 'right)']","FOOD USE: Harvest shoots in mid spring while the leaves havescarcely unfurled; eat cooked. A little later in the season collectthe tender leafy tops and boil or steam as a potherb. By the timethe leaves unfurl the stingers may be very potent, so wear gloveswhen collecting greens. Ripe seeds can be collected in autumnand cooked like flax seeds Conservation 2/1.",True, Laportea canadensis,"
    'shoots','leaves','seeds'"
000267-b.json,"['10 Common goldenrod', 'As 2', '1', 'Solidago canadensis Asteraceae (Composite family)']",FOOD USE: Lateral shoots in summer are good raw orcooked. Erect shoots are better peeled or cooked with theleaves removed. Blanched shoots (do this by placing a pieceof plywood over a colony in spring before they emerge) arewhitish and very tender-much better than the green shoots.Leaves can be used for tea. Conservation,True, Solidago canadensis," ['shoots','leaves']"
000268-a.json,"['16 Tumble ringwing', '1', 'Cycloloma atriplicifolium', 'family An']","FOOD USE: Cut dry plants in laDry, rub, winnow, then use as aand the seeds have an odd flavo",True, Cycloloma atriplicifolium,"
    'seeds'"
000269-a.json,"['Maple-leaved', 'goosefoot', '18', 'hybridum', 'fa', 'Chenopodium', 'herb,', 'the', 'le', 'sparse', 'panicle']",FOOD USE: Eat tender leafy tips raw or cooked;they can be collected from late spring throughsummer. Leaf blades remain palatable evenas the stems toughen and mature. The muskyscent goes away with cooking. The seeds arelarger than those of other goosefoots and easierto clean and winnow. Conservation 1.,True, Chenopodium hybridum," 'seeds','leafy tips','leaf blades'"
000269-b.json,"['BASAL LEAVES ABSENT, LEAVES ALTERNATE, TOOTHED', '14 Appalachian beliflower', '2', 'Campanula divaricata + family Campanulaceae']","FOOD USE: Tender stemtips make a nice mildgreen, raw or cooked, in spring. Conservation 2.",True, Campanula divaricata,"
    'stemtips'"
000270-b.json,"['BASAL LEAVES ABSENT, LEAVES ALTERNATE AND LOBED', '3 Downy paintbrush', '2', 'Castilleja sessiflora family Orobanchaceae']",FOOD USE: Young shoots and tender tipscan be eaten raw or cooked. Conservation 2.,True, Castilleja sessiflora,"
    'shoots','tip'"
000271-a.json,"['BASAL', 'LEAVES', 'ABSENT,', 'LEAVES', 'ALT', ',', 'Flower-of-an-hour', '3', '1', 'Malvaceae', '(', 'Hibiscus', 'trionum', 'CHECK: Low herb with needle hairs centers, and leav']",FOOD USE: All the tender new parts are edible raw ocan be used like poppyseeds from late sum-mer to early fall.,True, Hibiscus trionum,"
    'new parts'"
000271-b.json,"['and and brown when ripe. Each nut looks like a beetle', 'that has o light fleshy appendage (called a caruncle)', ""looks like the beetle's head attached at one end."", 'HABITAT: Sandy, sunny, well-drained sites, especially', 'where disturbed. Roadsides, hillsides, dunes, and', 'pastures. Native. A', 'FOOD USE: Ripe nuts are delicious, available through', 'late summer and fall. Collect them with longs or very', 'thick gloves and parch off the stingers before removing', 'the husks. You have to take off 3 layers to get to the', 'kernels. Conservation', 'COMMENTS: The roots are reported to be edible', '4', 'out are enormous and hard to dig out, and I have not', 'tried them. The nuts are delicious, and well protected.', 'AKA great spurge-nettle.', 'WARNING: Causes serious, painful stings!', 'Related edible:', 'Spurge-nettle Cnidoscolus stimulosus', '2', '1', 'This plant lives in sandy', 'soil and prefers full sun', 'in similar habitats fur-', 'ther east, especially', 'near the coast. it is very', 'similar but smaller in', 'all respects. The nuts', 'are likewise edible, but', 'smaller and more diffi-', ""cult to get out. I've eaten"", 'the root of this species,', 'which is okay when', 'cooked. A', '621', 'and', 'and', 'brown', 'when', 'ripe.', 'Each', 'nut', 'looks', 'like', 'a', 'beetle', 'that', 'has', 'o', 'light', 'fleshy', 'appendage', '(called', 'a', 'caruncle)', 'looks', 'like', 'the', ""beetle's"", 'head', 'attached', 'at', 'one', 'end.', 'HABITAT:', 'Sandy,', 'sunny,', 'well-drained', 'sites,', 'especially', 'where', 'disturbed.', 'Roadsides,', 'hillsides,', 'dunes,', 'and', 'pastures.', 'Native.', 'A', 'FOOD', 'USE:', 'Ripe nuts', 'are', 'delicious,', 'available', 'through', 'late', 'summer', 'and', 'fall.', 'Collect', 'them', 'with', 'longs', 'or', 'very', 'thick', 'gloves', 'and', 'parch', 'off', 'the', 'stingers', 'before', 'removing', 'the', 'husks.', 'You', 'have', 'to', 'take', 'off', '3', 'layers', 'to', 'get', 'to', 'the', 'kernels.', 'Conservation', 'COMMENTS:', 'The', 'roots', 'are', 'reported', 'to', 'be', 'edible', '4', 'out', 'are', 'enormous', 'and', 'hard', 'to', 'dig', 'out,', 'and', 'I', 'have', 'not', 'tried', 'them.', 'The', 'nuts', 'are', 'delicious,', 'and', 'well', 'protected.', 'AKA', 'great', 'spurge-nettle.', 'WARNING:', 'Causes', 'serious,', 'painful', 'stings!', 'Related', 'edible:', 'Spurge-nettle', 'Cnidoscolus', 'stimulosus', '2', '1', 'This', 'plant', 'lives', 'in', 'sandy', 'soil', 'and', 'prefers', 'full', 'sun', 'in', 'similar', 'habitats', 'fur-', 'ther', 'east,', 'especially', 'near', 'the', 'coast.', 'it', 'is', 'very', 'similar', 'but', 'smaller', 'in', 'all', 'respects.', 'The', 'nuts', 'are', 'likewise', 'edible,', 'but', 'smaller', 'and', 'more', 'diffi-', 'cult', 'to', 'get', 'out.', ""I've"", 'eaten', 'the', 'root', 'of', 'this', 'species,', 'which', 'is', 'okay', 'when', 'cooked.', 'A', '621']","FOOD USE: Ripe nuts are delicious, available throughlate summer and fall. Collect them with longs or verythick gloves and parch off the stingers before removingthe husks. You have to take off 3 layers to get to thekernels. Conservation",True, Cnidoscolus stimulosus,"
    'nuts'"
000272-b.json,"['Icm', 'BASAL LEAVES ABSENT, LEAVES ALTERNATE AND LOBED', '7 Scarlet hibiscus', 'A', '3 3 333', 'Hibiscus', 'coccineus Malvaceae (Mallow family)']",FOOD USE: In spring and early summer the leafy stem tips make excellent greens raw or cooked. The flowerouds are a great vegetable; I have never had a chance to try the immature pods. Flowers are both deliciousand beautiful. Conservation 2.,True, Hibiscus coccineus," 'flower buds','flowers'"
000273-a.json,"['BASAL LEAVES ABSENT, LEAVES ALTE', '6 Hot mermaid it', '3', '-', 'Floerkia proserpinacoides fami']","FOOD USE: The greens (all parts) are delicious raw andwith a fruity undertone and the green mildness of chickwea taco, or perhaps in your mouth in any form. Snip with scito go to seed, and curate your patch. Conservation 2.",True, Floerkia proserpinacoides, 'greens'
000273-b.json,"['BASAL LEAVES ABSENT, LEAVES ALTERNATE AND LOBED', '9 Swamp rose mallow', '1', '292', '3', 'Hibiscus moscheutos Malvaceae (Mallow family)']","FOOD USE: Tender young leaves can be eaten in early summer-theyare better cooked but are always rather tough. Flowers and flowerbuds are edible in mid to late summer. Immature pods are somewhatlike okra, and are the best part of the plant. You have to get thembefore they toughen, while they are less than full-size (pod sidesshould not yet touch the cup formed by the calyx). Conservation 2.",True, Hibiscus moscheutos,"
    'leaves','flowers','flowerbuds','immature pods'"
000274-a.json,"['ALTER', 'BASAL', '(white', 'and', 'yello', '8', 'Sweet', 'albus', 'and', 'M.', 'officinali:', 'Melilotus', 'leaves', 'witl', 'Tall', 'and', 'branchy,', 'compound', 'CHECK:', 'ID', 'difficulty', '2.']","FOOD USE: Flowers and leaves can be used for tea, fresh OIdried. The youngest leaves and growing tips can supposedlybe used raw in salads or eaten as a cooked vegetable-theyare very tender but also exceptionally bitter. I only considerthem suitable as a sea-soning When dried, theleaves have a fragrancereminiscent of vanillaand have been widelyused as a flavoring, ashave the seeds.",True, Melilotus albus,"
    'leaves','flowers'"
000274-b.json,"['1cm', 'BASAL LEAVES ABSENT, LEAVES ALTERNATE AND LOBED', ""11 Turk's cap mallow"", '1', '2', '3', 'Malvaviscus', 'arboreus Malvaceae (Mallow family)']","FOOD USE: Young leaves areedible but mediocre as cookedgreens. Flowers and ripe fruits,which are available for most of thegrowing season (but especially inlate summer and fall) are deliciousraw nibbles. Conservation 1.",True, Malvaviscus arboreus,"
    'leaves','flowers','fruits'"
000276-a.json,"['ALTERNA', 'BASAL', 'Alpine', 'sweetvetch', '2', '""', 'alpinum', 'Fabaceae', '(B', 'Hedysarum', 'compound', 'I', 'CHECK:', 'Multi-stemmed;', 'pink', 'flowers,', 'p']","FOOD USE: Gather roots, preferably when the plant is doriflavor; slice crosswise and cook well to counter the toughne",True, Hedysarum alpinum, 'roots'
000276-b.json,"['Icm', 'BASAL LEAVES ABSENT, LEAVES ALTERNATE AND LOBED', '15 Sea rocket', '3', 'Cakile edentula Brassicaceae (Mustard family)']","FOOD USE: Gather ten-der greens and stems asa spicy vegetable, rawor cooked. Spring toearly summer is bestbut individual leavesremain tender throughthe growing seasonConservation 2.",True, Cakile edentula," 'tender greens','stems'"
000277-b.json,"['1cm', 'BASAL LEAVES ABSENT. LEAVES ALTERNATE AND LOBED', '17 Epazote', 'Chenopodium ambrosioides 4 family Amaranthaceae']",FOOD USE: The dried or fresh leaves are used as a season-ing traditionally with beans in Mexican cuisine.,True, Chenopodium ambrosioides, 'leaves'
000278-a.json,"['BASAL', 'LEAVES', 'ABSENT,', 'LEAVES', 'ALTEI', 'Spikenard', '3', '16', 'Araliaceae', '(G', 'Aralia', 'wide-spreading', 'herb', 'with', 'dot', 'CHECK:', 'Large,']","FOOD USE: Roots were traditionally boiled for teaand used in root beer, along withsassafras. The thick shoots inspring make an excellent andinteresting aromatic vegetable,raw or cooked. The ripe berriesare sweet but also have a soapyflavor reminiscent of sarsaparilla(p. 290); they can be nibbled inmoderation and have been usedfor wines, jellies, and liqueurs.Conservation 3/2/1.",True, Aralia altea," 'roots','shoots','berries'"
000278-b.json,"['19 Showy evening primrose', 'I', '1 1', 'Oenothera speciosa Onagraceae (Evening primrose family)']","FOOD USE: The tender leafy stem tips, flowerbuds, and flowers can all be eaten raw or cooked.They have a little bit of the irritating quality typi-cal of the evening primrose genus, so are bettercooked. The best time to get them is in springand early summer, but good nibbles Conservation can be found 1.from April through early autumn.RELATED EDIBLES: There are numerous mem-bers of the genus Oenothera. These are safe totry, and can be eaten to the extent that they arepleasant, but many are strong flavored or tough.",True, Oenothera speciosa," ['stem tips','flowerbuds','flowers']"
000279-b.json,"['1cm', 'BASAL LEAVES ABSENT, LEAVES ALTERNATE AND LOBED', '21 Burnweed I', 'Erechtites', 'hieracifolia Asteraceae (Composite family)']","FOOD USE: Gather young leaves and tender tops inearly summer. Use sparingly in salads, boiled or steamedas a potherb, or fried. The flavor and scent are strongConservation",True, Erechtites hieracifolia,"
    'young leaves'"
000281-b.json,"['1cm', 'BASAL LEAVES ABSENT, LEAVES ALTERNATE AND COMPOUND OR DIVIDED', '3 Yellow wood sorrel', '3', '2', 'NG-338', 'genus Oxalis (in part) family Oxalidaceae']","FOOD USE: Gather greens and nibble any time of the growing season, or use them in soup blender or salad. and then It istender growth in spring and early summer. The greens can be chopped in a onward,steeped easiest to in find cold water to make a sour drink. The tiny banana-shaped pods, found from late summermake a fun snack. Conservation 1.is one of our most commonly eaten wild greens. Children love its have sour, much lemony lower flavor levels.)and",True," Oxalis

    Input:

    ['1.2cm', 'LEAVES OVATE OR ELIPSOID, PETIOLES LONG', '2 White oak', 'Quercus alba', 'Quercus robur', 'Family Fagaceae']

    Output:
     Quercus alba"," ['greens','pods']"
000282-a.json,"['01', '4 Florida coontie', 'Zamia floridana + Zamiaceae (Cycad family)']","FOOD USE: The enormous underground storage organ was once processed on a large scale to extract bland,edible starch, through a detailed process of shredding or pounding, straining, rinsing, fermenting, and dryingI have not eaten this part. Anyone wanting to do this today needs to make sure to obtain the coontie legally",True, Zamia floridana, 'storage organ'
000283-a.json,"['01', '6 Ostrich fern', '3', 'FH-78', 'Matteucia struthiopteris + family Onocleaceae']","FOOD USE: Cut or pick the still-tightly-coiled fiddleheads and the attached tendershoots in spring, taking 2-4 per clump. These may be up to 26"" (66 cm) tall on large foodYou can eat more than the coiled part-please don't waste Conserva- goodspecimens. just because it doesn't look like a snail. Steam or boil for 8-10 minutes.",True, Matteucia struthiopteris,"
    'fiddleheads','tendershoots'"
000283-b.json,"['1cm', 'BASAL LEAVES ABSENT, LEAVES ALTERNATE AND COMPOUND OR DIVIDED', '7 Point-leaf tick trefoil', '3', 'Desmodium glutinosum Fabaceae (Bean family)']","FOOD USE: Ripe seeds make an excel-lent cooked bean, but they are hard tocollect in quantity. When I clean themoff my clothing, I usually nibble them.I gather them by whipping the tops withan old t-shirt in late summer or earlyautumn. Conservation 1.",True, Desmodium glutinosum,"
    'seeds'"
000284-a.json,"['01', '8 Cabbage palm', '3', 'Sabal palmetto', 'Arecaceae (Palm family)']","FOOD USE: Palm hearts are the newly forming leaves and tender leaf bases at the center of the growing tip.These are available all year, especially spring and early summer. A single palm heart is large enough to makea large soup or stir fry and the flavor is fantastic, but you have to kill the tree and cut away all the leaves to getit. Fruit is available in October and November and can be collected in large quantity, but there is little pulparound the large seed, and it doesn't taste very good. Conservation 3/1.",True, Sabal palmetto,"
    'palm hearts'"
000284-b.json,"['1cm', 'BASAL LEAVES ABSENT. LEAVES ALTERNATE AND COMPOUND OR DIVIDED', '9', 'Prairie clovers (white and purple)', '2', 'Dalea candida, D. purpurea Fabaceae (Bean family)', 'O']","FOOD USE: Roots can beeaten as a vegetable whenthe top is dormant. The fla-vor is good, but they are quitetough. The tender youngleaves can also be choppedfine and used as an herb. Thearomatic leaves make a deli-cious tea, fresh or dried, atany age. Conservation 3/2.",True,"
    Dalea candida
    Dalea purpurea","
    'roots','young leaves','aromatic leaves'"
000285-b.json,"['1cm', 'BASAL LEAVES ABSENT, LEAVES ALTERNATE AND COMPOUND OR DIVIDED', '11 Ground-plum milkvetch', '3', 'Astragalus crassicarpus Fabaceae (Bean family)']","FOOD USE: Gather pods when very young olderand eat raw as a snack. When slightly outjust chew on them, suck the juice, and spit Con-the skin. Mature fruits get very tough.servation 1.",True, Astragalus crassicarpus, 'pods'
000286-a.json,"['1cm', 'SUCCULENT', 'LEAFLESS', '(CACTI', 'AND', '2', 'Prickly', 'GLASSWORT)', 'pear', 'genus', 'Opuntia', '12', 'Cactaceae', 'NG-206', '(Cactus']","FOOD USE: Young pads that still have vestigial leaves in early summer make a good cooked vegetable; olderpads are edible but of lower quality. Pick pads with gloves or tongs in one hand and a knife in the other. Thelarger spines and the tiny glochids must be cut, burned, or scraped off I use a copper scratch pad for the latter.Cleaned pads can be cut into strips and fried with other vegetables or added to soups. Flower petals, availablein early to mid summer, are easy to collect and innocuous. They make apleasant nibble or addition to salads or vegetable dishes. Fruits, calledprickly pears or tunas, ripen in late summer or early autumn. The flavof some species reminds me of melons, in others of cherries. Remthe glochids by scrubbing and rinsing. Fruits are delicious raw store anbe made into juice, jelly, or many other preparations. Theya refrigerator. Seeds have a tough shell but in contain gruel. Conservatio a nutritioustheycanbecheweduporpoundedforuse",True," Opuntia Cactaceae (If there's no clear genus mentioned, leave it blank)

    Input:

    ['Mushrooms', 'Agaricus bisporus', 'edible', 'Common mushroom', 'Agaricus campestris', 'Agaricus silvicola']

    Output:
    Agaricus bisporus

    Input:

    ['ANCIENT TREES AND SHRUBS', '2', 'Juniperus communis', 'Juniper', 'Juniperus virginiana', 'Eastern redcedar']

    Output:
    Juniperus communis

    Input:

    ['2', 'Lupinus', 'Lupinus luteus', 'Yellow lupin', 'Lupinus angustifolius', 'Narrow-leaved lupin']

    Output:
    Lupinus luteus

    Input:

    ['ANCIENT TREES AND SHRUBS', '2', 'Quercus alba', 'White oak', 'Quercus robur', 'English oak']

    Output:
    Quercus alba"," ['pads', 'flowers', 'fruits', 'seeds']"
000286-b.json,"['1cm', 'BASAL LEAVES ABSENT, LEAVES ALTERNATE AND COMPOUND OR DIVIDED', '13 Hemp 3', 'Cannabis sativa Cannabinaceae (Hemp family)']","FOOD USE: Lean the tops of ripe plants (late summer or early fall) over a sled or wheel barrow and beat themwith a stick to dislodge the seeds. Or cut mature tops and dry them before beating the seeds out. Rub and win-now (see p. 27) to separate the chaff.Seeds have an annoying shell that ishard to remove, but can be roasted,ground, and used in porridge, seedbutter, or added to baked goods.",True, Cannabis sativa,"
    'seeds'"
000287-b.json,"[""'cm"", 'BASAL LEAVES ABSENT, LEAVES ALTERNATE AND COMPOUND OR DIVIDED', '15 Tall breadroot', '1', 'Pediomelum cuspidatum . Fabaceae (Bean family)']","FOOD USE: The root can bedug at any time but is bestearly or late in the growing sea-son, or under old, dead stems.It is quite deep. The flesh isvery bitter when raw, but thiscan be eliminated by slicingand then boiling and drainingIIoff the water, after which it ispretty good. Conservation 3.",True, Pediomelum cuspidatum, 'root'
000288-b.json,"['1cm', 'BASAL LEAVE> ABSENT, LEAVES ALTERNATE AND COMPOUND OR DIVIDED', '17 Bristly sarsaparilla', '1', 'Aralia hispida', 'Araliaceae (Ginseng family)']","FOOD USE: Tender shoots in late spring can be used as a vegetable after peeling, raw or cooked. The flavoris strong and almost spicy. Conservation 2.This unusual plant straddles the fence between an herb and a shrub. I list it here because (p.98) butthe",True, Aralia hispida,"
    'tender shoots'"
