searchedName,usageKey,canonicalName,formattedName,rank,family,family_key,genus,genus_key,species,species_key,confidence,matchType,searched_sp,matched_sp,scientificName,first_of_searched,first_of_binomial,first_of_canonical
Equisetum arvense,7924597,Equisetum arvense,<i>Equisetum</i> <i>arvense</i> L.,SPECIES,Equisetaceae,3105.0,Equisetum,2687913.0,Equisetum arvense,7924597.0,100,EXACT,2,2,Equisetum arvense,Equisetum,Equisetum,Equisetum
Botrychium virginianum,7917024,Botrychium virginianum,"<i>Botrychium</i> <i>virginianum</i> Hook.f., 1850",SPECIES,Ophioglossaceae,6627.0,Botrychium,2650152.0,Botrychium virginianum,7917024.0,99,EXACT,2,2,Botrychium virginianum,Botrychium,Botrychium,Botrychium
Pteridium aquilinum,5275012,Pteridium aquilinum,<i>Pteridium</i> <i>aquilinum</i> (L.) Kuhn,SPECIES,Dennstaedtiaceae,6623.0,Pteridium,5275011.0,Pteridium aquilinum,5275012.0,100,EXACT,2,2,Pteridium aquilinum,Pteridium,Pteridium,Pteridium
Zamia floridana,5284056,Zamia floridana,<i>Zamia</i> <i>floridana</i> A.DC.,SPECIES,Zamiaceae,5375.0,Zamia,2683306.0,Zamia integrifolia,5284049.0,100,EXACT,2,2,Zamia floridana,Zamia,Zamia,Zamia
Osmunda cinnamomea,2651326,Osmunda cinnamomea,<i>Osmunda</i> <i>cinnamomea</i> L.,SPECIES,Osmundaceae,2370.0,Osmundastrum,7319889.0,Osmundastrum cinnamomeum,7319895.0,100,EXACT,2,2,Osmunda cinnamomea,Osmunda,Osmunda,Osmunda
Matteucia struthiopteris,2650999,Matteuccia struthiopteris,<i>Matteuccia</i> <i>struthiopteris</i> (L.) Tod.,SPECIES,Onocleaceae,3229275.0,Matteuccia,2650998.0,Matteuccia struthiopteris,2650999.0,89,VARIANT,2,2,Matteuccia struthiopteris,Matteucia,Matteuccia,Matteuccia
Athyrium filix-femina,5275044,Athyrium filix-femina,<i>Athyrium</i> <i>filix-femina</i> (L.) Roth,SPECIES,Athyriaceae,4922264.0,Athyrium,2650888.0,Athyrium filix-femina,5275044.0,99,EXACT,2,2,Athyrium filix-femina,Athyrium,Athyrium,Athyrium
Sabal palmetto,4925538,Sabal palmetto,<i>Sabal</i> <i>palmetto</i> (Walter) Lodd. ex Schult. & Schult.f.,SPECIES,Arecaceae,7681.0,Sabal,2732480.0,Sabal palmetto,4925538.0,99,EXACT,2,2,Sabal palmetto,Sabal,Sabal,Sabal
Serenoa repens,2735055,Serenoa repens,<i>Serenoa</i> <i>repens</i> (W.Bartram) Small,SPECIES,Arecaceae,7681.0,Serenoa,2735054.0,Serenoa repens,2735055.0,100,EXACT,2,2,Serenoa repens,Serenoa,Serenoa,Serenoa
Sabal minor,2732511,Sabal minor,<i>Sabal</i> <i>minor</i> (Jacq.) Pers.,SPECIES,Arecaceae,7681.0,Sabal,2732480.0,Sabal minor,2732511.0,100,EXACT,2,2,Sabal minor,Sabal,Sabal,Sabal
Coryphantha missouriensis,6382387,Coryphantha missouriensis,<i>Coryphantha</i> <i>missouriensis</i> (Sweet) Britton & Rose,SPECIES,Cactaceae,2519.0,Pelecyphora,3231951.0,Pelecyphora missouriensis,11426715.0,100,EXACT,2,2,Coryphantha missouriensis,Coryphantha,Coryphantha,Coryphantha
Opuntia,9502688,Opuntia,<i>Opuntia</i> sp.,SPECIES,Cactaceae,2519.0,Opuntia,3084187.0,Opuntia,9502688.0,98,HIGHERRANK,1,1,Opuntia,Opuntia,Opuntia,Opuntia
Cylindropuntia imbricata,6381277,Cylindropuntia imbricata,<i>Cylindropuntia</i> <i>imbricata</i> (Haw.) F.M.Knuth,SPECIES,Cactaceae,2519.0,Cylindropuntia,7628502.0,Cylindropuntia imbricata,6381277.0,100,EXACT,2,2,Cylindropuntia imbricata,Cylindropuntia,Cylindropuntia,Cylindropuntia
Salicornia glasswort,3083796,Salicornia,<i>Salicornia</i> L.,GENUS,Amaranthaceae,3064.0,Salicornia,3083796.0,,,95,HIGHERRANK,2,1,Salicornia,Salicornia,Salicornia,Salicornia
Morus alba,5361889,Morus alba,<i>Morus</i> <i>alba</i> L.,SPECIES,Moraceae,6640.0,Morus,2984545.0,Morus alba,5361889.0,99,EXACT,2,2,Morus alba,Morus,Morus,Morus
Morus rubra,5361886,Morus rubra,<i>Morus</i> <i>rubra</i> L.,SPECIES,Moraceae,6640.0,Morus,2984545.0,Morus rubra,5361886.0,99,EXACT,2,2,Morus rubra,Morus,Morus,Morus
Rubus odoratus,2994912,Rubus odoratus,<i>Rubus</i> <i>odoratus</i> L.,SPECIES,Rosaceae,5015.0,Rubus,2988638.0,Rubus odoratus,2994912.0,100,EXACT,2,2,Rubus odoratus,Rubus,Rubus,Rubus
Rubus idaeus,2993094,Rubus idaeus,<i>Rubus</i> <i>idaeus</i> L.,SPECIES,Rosaceae,5015.0,Rubus,2988638.0,Rubus idaeus,2993094.0,99,EXACT,2,2,Rubus idaeus,Rubus,Rubus,Rubus
Rubus phoenicolasius,2995149,Rubus phoenicolasius,<i>Rubus</i> <i>phoenicolasius</i> Maxim.,SPECIES,Rosaceae,5015.0,Rubus,2988638.0,Rubus phoenicolasius,2995149.0,100,EXACT,2,2,Rubus phoenicolasius,Rubus,Rubus,Rubus
Rubus occidentalis,2991466,Rubus occidentalis,<i>Rubus</i> <i>occidentalis</i> L.,SPECIES,Rosaceae,5015.0,Rubus,2988638.0,Rubus occidentalis,2991466.0,99,EXACT,2,2,Rubus occidentalis,Rubus,Rubus,Rubus
Rubus,2988638,Rubus,<i>Rubus</i> L.,GENUS,Rosaceae,5015.0,Rubus,2988638.0,,,96,HIGHERRANK,1,1,Rubus,Rubus,Rubus,Rubus
Rubus chamaemorus,2998290,Rubus chamaemorus,<i>Rubus</i> <i>chamaemorus</i> L.,SPECIES,Rosaceae,5015.0,Rubus,2988638.0,Rubus chamaemorus,2998290.0,99,EXACT,2,2,Rubus chamaemorus,Rubus,Rubus,Rubus
Rubus pubescens,2989228,Rubus pubescens,<i>Rubus</i> <i>pubescens</i> Raf.,SPECIES,Rosaceae,5015.0,Rubus,2988638.0,Rubus pubescens,2989228.0,99,EXACT,2,2,Rubus pubescens,Rubus,Rubus,Rubus
Rubus arcticus,2992051,Rubus arcticus,<i>Rubus</i> <i>arcticus</i> L.,SPECIES,Rosaceae,5015.0,Rubus,2988638.0,Rubus arcticus,2992051.0,99,EXACT,2,2,Rubus arcticus,Rubus,Rubus,Rubus
Pinus,2684241,Pinus,<i>Pinus</i> L.,GENUS,Pinaceae,3925.0,Pinus,2684241.0,,,80,HIGHERRANK,1,1,Pinus,Pinus,Pinus,Pinus
Picea,7606064,Picea,<i>Picea</i> A.Dietr.,GENUS,Pinaceae,3925.0,Picea,7606064.0,,,95,HIGHERRANK,1,1,Picea,Picea,Picea,Picea
Abies balsamea,2685383,Abies balsamea,<i>Abies</i> <i>balsamea</i> (L.) Mill.,SPECIES,Pinaceae,3925.0,Abies,2684876.0,Abies balsamea,2685383.0,100,EXACT,2,2,Abies balsamea,Abies,Abies,Abies
Tsuga canadensis,2687182,Tsuga canadensis,<i>Tsuga</i> <i>canadensis</i> (L.) Carrière,SPECIES,Pinaceae,3925.0,Tsuga,8527396.0,Tsuga canadensis,2687182.0,100,EXACT,2,2,Tsuga canadensis,Tsuga,Tsuga,Tsuga
Batis maritima,5414196,Batis maritima,<i>Batis</i> <i>maritima</i> L.,SPECIES,Bataceae,6353.0,Batis,2870361.0,Batis maritima,5414196.0,100,EXACT,2,2,Batis maritima,Batis,Batis,Batis
Empetrum nigrum,8925249,Empetrum nigrum,<i>Empetrum</i> <i>nigrum</i> L.,SPECIES,Ericaceae,2505.0,Empetrum,2888367.0,Empetrum nigrum,8925249.0,100,EXACT,2,2,Empetrum nigrum,Empetrum,Empetrum,Empetrum
Juniperus communis,2684709,Juniperus communis,<i>Juniperus</i> <i>communis</i> L.,SPECIES,Cupressaceae,8144.0,Juniperus,2684359.0,Juniperus communis,2684709.0,99,EXACT,2,2,Juniperus communis,Juniperus,Juniperus,Juniperus
Juniperus virginiana,2684391,Juniperus virginiana,<i>Juniperus</i> <i>virginiana</i> L.,SPECIES,Cupressaceae,8144.0,Juniperus,2684359.0,Juniperus virginiana,2684391.0,99,EXACT,2,2,Juniperus virginiana,Juniperus,Juniperus,Juniperus
Taxus canadensis,5284570,Taxus canadensis,<i>Taxus</i> <i>canadensis</i> Marshall,SPECIES,Taxaceae,4863.0,Taxus,2684902.0,Taxus canadensis,5284570.0,99,EXACT,2,2,Taxus canadensis,Taxus,Taxus,Taxus
Juglans nigra,3054357,Juglans nigra,<i>Juglans</i> <i>nigra</i> L.,SPECIES,Juglandaceae,2499.0,Juglans,3054350.0,Juglans nigra,3054357.0,99,EXACT,2,2,Juglans nigra,Juglans,Juglans,Juglans
Juglans cinerea,3054352,Juglans cinerea,<i>Juglans</i> <i>cinerea</i> L.,SPECIES,Juglandaceae,2499.0,Juglans,3054350.0,Juglans cinerea,3054352.0,100,EXACT,2,2,Juglans cinerea,Juglans,Juglans,Juglans
Carya,3054287,Carya,<i>Carya</i> Nutt.,GENUS,Juglandaceae,2499.0,Carya,3054287.0,,,80,HIGHERRANK,1,1,Carya,Carya,Carya,Carya
Carya laciniosa,7915743,Carya laciniosa,<i>Carya</i> <i>laciniosa</i> (F.Michx.) Loudon,SPECIES,Juglandaceae,2499.0,Carya,3054287.0,Carya laciniosa,7915743.0,99,EXACT,2,2,Carya laciniosa,Carya,Carya,Carya
Carya glabra,3054325,Carya glabra,<i>Carya</i> <i>glabra</i> (Mill.) Sweet,SPECIES,Juglandaceae,2499.0,Carya,3054287.0,Carya glabra,3054325.0,100,EXACT,2,2,Carya glabra,Carya,Carya,Carya
Fagus grandifolia,2882274,Fagus grandifolia,<i>Fagus</i> <i>grandifolia</i> Ehrh.,SPECIES,Fagaceae,4689.0,Fagus,2874875.0,Fagus grandifolia,2882274.0,100,EXACT,2,2,Fagus grandifolia,Fagus,Fagus,Fagus
Castanea dentata,5333230,Castanea dentata,<i>Castanea</i> <i>dentata</i> (Marshall) Borkh.,SPECIES,Fagaceae,4689.0,Castanea,2882140.0,Castanea dentata,5333230.0,99,EXACT,2,2,Castanea dentata,Castanea,Castanea,Castanea
Castanea pumila,5333212,Castanea pumila,<i>Castanea</i> <i>pumila</i> (L.) Mill.,SPECIES,Fagaceae,4689.0,Castanea,2882140.0,Castanea pumila,5333212.0,99,EXACT,2,2,Castanea pumila,Castanea,Castanea,Castanea
Corylus,2875967,Corylus,<i>Corylus</i> L.,GENUS,Betulaceae,4688.0,Corylus,2875967.0,,,80,HIGHERRANK,1,1,Corylus,Corylus,Corylus,Corylus
Corylus cornuta,2876032,Corylus cornuta,<i>Corylus</i> <i>cornuta</i> Marshall,SPECIES,Betulaceae,4688.0,Corylus,2875967.0,Corylus cornuta,2876032.0,99,EXACT,2,2,Corylus cornuta,Corylus,Corylus,Corylus
Corylus americana,2876060,Corylus americana,<i>Corylus</i> <i>americana</i> Walter,SPECIES,Betulaceae,4688.0,Corylus,2875967.0,Corylus americana,2876060.0,99,EXACT,2,2,Corylus americana,Corylus,Corylus,Corylus
Quercus,2877951,Quercus,<i>Quercus</i> L.,GENUS,Fagaceae,4689.0,Quercus,2877951.0,,,80,HIGHERRANK,1,1,Quercus,Quercus,Quercus,Quercus
Quercus rubra,2880539,Quercus rubra,<i>Quercus</i> <i>rubra</i> L.,SPECIES,Fagaceae,4689.0,Quercus,2877951.0,Quercus rubra,2880539.0,99,EXACT,2,2,Quercus rubra,Quercus,Quercus,Quercus
Quercus alba,2879737,Quercus alba,<i>Quercus</i> <i>alba</i> L.,SPECIES,Fagaceae,4689.0,Quercus,2877951.0,Quercus alba,2879737.0,99,EXACT,2,2,Quercus alba,Quercus,Quercus,Quercus
Quercus macrocarpa,2878213,Quercus macrocarpa,<i>Quercus</i> <i>macrocarpa</i> Michx.,SPECIES,Fagaceae,4689.0,Quercus,2877951.0,Quercus macrocarpa,2878213.0,99,EXACT,2,2,Quercus macrocarpa,Quercus,Quercus,Quercus
Quercus michauxii,2880340,Quercus michauxii,<i>Quercus</i> <i>michauxii</i> Nutt.,SPECIES,Fagaceae,4689.0,Quercus,2877951.0,Quercus michauxii,2880340.0,99,EXACT,2,2,Quercus michauxii,Quercus,Quercus,Quercus
Quercus montana,2881118,Quercus montana,<i>Quercus</i> <i>montana</i> Willd.,SPECIES,Fagaceae,4689.0,Quercus,2877951.0,Quercus montana,2881118.0,99,EXACT,2,2,Quercus montana,Quercus,Quercus,Quercus
Quercus virginiana,2878092,Quercus virginiana,<i>Quercus</i> <i>virginiana</i> Mill.,SPECIES,Fagaceae,4689.0,Quercus,2877951.0,Quercus virginiana,2878092.0,100,EXACT,2,2,Quercus virginiana,Quercus,Quercus,Quercus
Rosa,11360568,Rosa,<i>Rosa</i> sp. Lej.,SPECIES,Rosaceae,5015.0,Rosa,8395064.0,Rosa mollis,3003048.0,97,HIGHERRANK,1,1,Rosa,Rosa,Rosa,Rosa
Citrus trifoliata,3190129,Citrus trifoliata,<i>Citrus</i> <i>trifoliata</i> L.,SPECIES,Rutaceae,2396.0,Citrus,3190155.0,Citrus trifoliata,3190129.0,99,EXACT,2,2,Citrus trifoliata,Citrus,Citrus,Citrus
Diospyros virginiana,3032986,Diospyros virginiana,<i>Diospyros</i> <i>virginiana</i> L.,SPECIES,Ebenaceae,6709.0,Diospyros,3030169.0,Diospyros virginiana,3032986.0,100,EXACT,2,2,Diospyros virginiana,Diospyros,Diospyros,Diospyros
Diospyros texanum,3032981,Diospyros texana,<i>Diospyros</i> <i>texana</i> Scheele,SPECIES,Ebenaceae,6709.0,Diospyros,3030169.0,Diospyros texana,3032981.0,98,VARIANT,2,2,Diospyros texana,Diospyros,Diospyros,Diospyros
Asimina triloba,3158040,Asimina triloba,<i>Asimina</i> <i>triloba</i> (L.) Dunal,SPECIES,Annonaceae,9291.0,Asimina,3158021.0,Asimina triloba,3158040.0,99,EXACT,2,2,Asimina triloba,Asimina,Asimina,Asimina
Nyssa ogeche,5383722,Nyssa ogeche,<i>Nyssa</i> <i>ogeche</i> W.Bartram ex Marshall,SPECIES,Nyssaceae,6712.0,Nyssa,3082211.0,Nyssa ogeche,5383722.0,99,EXACT,2,2,Nyssa ogeche,Nyssa,Nyssa,Nyssa
Malus,3001068,Malus,<i>Malus</i> Mill.,GENUS,Rosaceae,5015.0,Malus,3001068.0,,,80,HIGHERRANK,1,1,Malus,Malus,Malus,Malus
Malus domestica,3001244,Malus domestica,<i>Malus</i> <i>domestica</i> (Suckow) Borkh.,SPECIES,Rosaceae,5015.0,Malus,3001068.0,Malus domestica,3001244.0,99,EXACT,2,2,Malus domestica,Malus,Malus,Malus
Prunus,11580994,Prunus,"<i>Prunus</i> sp. (Mill.) D.A.Webb, 1967",SPECIES,Rosaceae,5015.0,Prunus,3020559.0,Prunus,11580994.0,97,HIGHERRANK,1,1,Prunus,Prunus,Prunus,Prunus
Sorbus,3012146,Sorbus,<i>Sorbus</i> L.,GENUS,Rosaceae,5015.0,Sorbus,3012146.0,,,80,HIGHERRANK,1,1,Sorbus,Sorbus,Sorbus,Sorbus
Aralia spinosa,3036972,Aralia spinosa,<i>Aralia</i> <i>spinosa</i> L.,SPECIES,Araliaceae,8800.0,Aralia,3036858.0,Aralia spinosa,3036972.0,100,EXACT,2,2,Aralia spinosa,Aralia,Aralia,Aralia
Celtis occidentalis,2984481,Celtis occidentalis,<i>Celtis</i> <i>occidentalis</i> L.,SPECIES,Cannabaceae,2384.0,Celtis,2984479.0,Celtis occidentalis,2984481.0,99,EXACT,2,2,Celtis occidentalis,Celtis,Celtis,Celtis
Celtis laevigata,2984491,Celtis laevigata,<i>Celtis</i> <i>laevigata</i> Willd.,SPECIES,Cannabaceae,2384.0,Celtis,2984479.0,Celtis laevigata,2984491.0,99,EXACT,2,2,Celtis laevigata,Celtis,Celtis,Celtis
Prunus serotina,3021850,Prunus serotina,<i>Prunus</i> <i>serotina</i> Ehrh.,SPECIES,Rosaceae,5015.0,Prunus,3020559.0,Prunus serotina,3021850.0,99,EXACT,2,2,Prunus serotina,Prunus,Prunus,Prunus
Prunus pensylvanica,8202030,Prunus pensylvanica,<i>Prunus</i> <i>pensylvanica</i> L.fil.,SPECIES,Rosaceae,5015.0,Prunus,3020559.0,Prunus pensylvanica,8202030.0,100,EXACT,2,2,Prunus pensylvanica,Prunus,Prunus,Prunus
Prunus avium,3020791,Prunus avium,<i>Prunus</i> <i>avium</i> (L.) L.,SPECIES,Rosaceae,5015.0,Prunus,3020559.0,Prunus avium,3020791.0,99,EXACT,2,2,Prunus avium,Prunus,Prunus,Prunus
Elaeagnus angustifolia,3039269,Elaeagnus angustifolia,<i>Elaeagnus</i> <i>angustifolia</i> L.,SPECIES,Elaeagnaceae,2408.0,Elaeagnus,3039266.0,Elaeagnus angustifolia,3039269.0,99,EXACT,2,2,Elaeagnus angustifolia,Elaeagnus,Elaeagnus,Elaeagnus
Cornus mas,3082263,Cornus mas,<i>Cornus</i> <i>mas</i> L.,SPECIES,Cornaceae,6713.0,Cornus,3082226.0,Cornus mas,3082263.0,100,EXACT,2,2,Cornus mas,Cornus,Cornus,Cornus
Sassafras albidum,3034002,Sassafras albidum,<i>Sassafras</i> <i>albidum</i> (Nutt.) Nees,SPECIES,Lauraceae,6688.0,Sassafras,8099774.0,Sassafras albidum,3034002.0,100,EXACT,2,2,Sassafras albidum,Sassafras,Sassafras,Sassafras
Sideroxylon lanuginosum,2887069,Sideroxylon lanuginosum,<i>Sideroxylon</i> <i>lanuginosum</i> Michx.,SPECIES,Sapotaceae,8802.0,Sideroxylon,2886817.0,Sideroxylon lanuginosum,2887069.0,100,EXACT,2,2,Sideroxylon lanuginosum,Sideroxylon,Sideroxylon,Sideroxylon
Amelanchier,3023817,Amelanchier,<i>Amelanchier</i> Medik.,GENUS,Rosaceae,5015.0,Amelanchier,3023817.0,,,80,HIGHERRANK,1,1,Amelanchier,Amelanchier,Amelanchier,Amelanchier
Crataegus,3013395,Crataegus,<i>Crataegus</i> L.,GENUS,Rosaceae,5015.0,Crataegus,3013395.0,,,80,HIGHERRANK,1,1,Crataegus,Crataegus,Crataegus,Crataegus
Cercis canadensis,5353583,Cercis canadensis,<i>Cercis</i> <i>canadensis</i> L.,SPECIES,Fabaceae,5386.0,Cercis,2955919.0,Cercis canadensis,5353583.0,99,EXACT,2,2,Cercis canadensis,Cercis,Cercis,Cercis
Gymnocladus dioicus,2944215,Gymnocladus dioicus,<i>Gymnocladus</i> <i>dioicus</i> (L.) K.Koch,SPECIES,Fabaceae,5386.0,Gymnocladus,2944210.0,Gymnocladus dioicus,2944215.0,100,EXACT,2,2,Gymnocladus dioicus,Gymnocladus,Gymnocladus,Gymnocladus
Prosopis glandulosa,5358457,Prosopis glandulosa,<i>Prosopis</i> <i>glandulosa</i> Torr.,SPECIES,Fabaceae,5386.0,Prosopis,2970763.0,Prosopis glandulosa,5358457.0,100,EXACT,2,2,Prosopis glandulosa,Prosopis,Prosopis,Prosopis
Gleditsia triacanthos,2959443,Gleditsia triacanthos,<i>Gleditsia</i> <i>triacanthos</i> L.,SPECIES,Fabaceae,5386.0,Gleditsia,2959442.0,Gleditsia triacanthos,2959443.0,100,EXACT,2,2,Gleditsia triacanthos,Gleditsia,Gleditsia,Gleditsia
Robinia pseudoacacia,5352251,Robinia pseudoacacia,<i>Robinia</i> <i>pseudoacacia</i> L.,SPECIES,Fabaceae,5386.0,Robinia,2952066.0,Robinia pseudoacacia,5352251.0,100,EXACT,2,2,Robinia pseudoacacia,Robinia,Robinia,Robinia
Robinia viscosa,5352245,Robinia viscosa,<i>Robinia</i> <i>viscosa</i> Michx. ex Vent.,SPECIES,Fabaceae,5386.0,Robinia,2952066.0,Robinia viscosa,5352245.0,99,EXACT,2,2,Robinia viscosa,Robinia,Robinia,Robinia
Robinia hispida,5352221,Robinia hispida,<i>Robinia</i> <i>hispida</i> L.,SPECIES,Fabaceae,5386.0,Robinia,2952066.0,Robinia hispida,5352221.0,100,EXACT,2,2,Robinia hispida,Robinia,Robinia,Robinia
Robinia neomexicana,5352212,Robinia neomexicana,<i>Robinia</i> <i>neomexicana</i> A.Gray,SPECIES,Fabaceae,5386.0,Robinia,2952066.0,Robinia neomexicana,5352212.0,100,EXACT,2,2,Robinia neomexicana,Robinia,Robinia,Robinia
Tilia americana,3152042,Tilia americana,<i>Tilia</i> <i>americana</i> L.,SPECIES,Malvaceae,6685.0,Tilia,3152041.0,Tilia americana,3152042.0,99,EXACT,2,2,Tilia americana,Tilia,Tilia,Tilia
Populus tremuloides,3040215,Populus tremuloides,<i>Populus</i> <i>tremuloides</i> Michx.,SPECIES,Salicaceae,6664.0,Populus,3040183.0,Populus tremuloides,3040215.0,99,EXACT,2,2,Populus tremuloides,Populus,Populus,Populus
Betula,9596658,Betula,<i>Betula</i> sp.,SPECIES,Betulaceae,4688.0,Betula,2875008.0,Betula,9596658.0,96,HIGHERRANK,1,1,Betula,Betula,Betula,Betula
Betula papyrifera,5332120,Betula papyrifera,<i>Betula</i> <i>papyrifera</i> Marshall,SPECIES,Betulaceae,4688.0,Betula,2875008.0,Betula papyrifera,5332120.0,99,EXACT,2,2,Betula papyrifera,Betula,Betula,Betula
Betula nigra,5331532,Betula nigra,<i>Betula</i> <i>nigra</i> L.,SPECIES,Betulaceae,4688.0,Betula,2875008.0,Betula nigra,5331532.0,99,EXACT,2,2,Betula nigra,Betula,Betula,Betula
Betula alleghaniensis,5331779,Betula alleghaniensis,<i>Betula</i> <i>alleghaniensis</i> Britton,SPECIES,Betulaceae,4688.0,Betula,2875008.0,Betula alleghaniensis,5331779.0,100,EXACT,2,2,Betula alleghaniensis,Betula,Betula,Betula
Betula lenta,5331709,Betula lenta,<i>Betula</i> <i>lenta</i> L.,SPECIES,Betulaceae,4688.0,Betula,2875008.0,Betula lenta,5331709.0,99,EXACT,2,2,Betula lenta,Betula,Betula,Betula
Acer,11599995,Acer,"<i>Acer</i> sp. Linnaeus, 1753",SPECIES,Sapindaceae,6657.0,Acer,3189834.0,Acer,11599995.0,98,HIGHERRANK,1,1,Acer,Acer,Acer,Acer
Acer saccharum,3189859,Acer saccharum,<i>Acer</i> <i>saccharum</i> Marshall,SPECIES,Sapindaceae,6657.0,Acer,3189834.0,Acer saccharum,3189859.0,100,EXACT,2,2,Acer saccharum,Acer,Acer,Acer
Acer rubrum,3189883,Acer rubrum,<i>Acer</i> <i>rubrum</i> L.,SPECIES,Sapindaceae,6657.0,Acer,3189834.0,Acer rubrum,3189883.0,99,EXACT,2,2,Acer rubrum,Acer,Acer,Acer
Acer saccharinum,3189837,Acer saccharinum,<i>Acer</i> <i>saccharinum</i> L.,SPECIES,Sapindaceae,6657.0,Acer,3189834.0,Acer saccharinum,3189837.0,99,EXACT,2,2,Acer saccharinum,Acer,Acer,Acer
Acer negundo,3189866,Acer negundo,<i>Acer</i> <i>negundo</i> L.,SPECIES,Sapindaceae,6657.0,Acer,3189834.0,Acer negundo,3189866.0,100,EXACT,2,2,Acer negundo,Acer,Acer,Acer
Ulmus rubra,5361867,Ulmus rubra,<i>Ulmus</i> <i>rubra</i> Muhl.,SPECIES,Ulmaceae,2382.0,Ulmus,2984510.0,Ulmus rubra,5361867.0,99,EXACT,2,2,Ulmus rubra,Ulmus,Ulmus,Ulmus
Ulmus pumila,5361877,Ulmus pumila,<i>Ulmus</i> <i>pumila</i> L.,SPECIES,Ulmaceae,2382.0,Ulmus,2984510.0,Ulmus pumila,5361877.0,99,EXACT,2,2,Ulmus pumila,Ulmus,Ulmus,Ulmus
Epigaea repens,2882805,Epigaea repens,<i>Epigaea</i> <i>repens</i> L.,SPECIES,Ericaceae,2505.0,Epigaea,2882804.0,Epigaea repens,2882805.0,100,EXACT,2,2,Epigaea repens,Epigaea,Epigaea,Epigaea
Gaultheria hispidula,2882756,Gaultheria hispidula,<i>Gaultheria</i> <i>hispidula</i> (L.) Muhl. ex Bigelow,SPECIES,Ericaceae,2505.0,Gaultheria,2882751.0,Gaultheria hispidula,2882756.0,99,EXACT,2,2,Gaultheria hispidula,Gaultheria,Gaultheria,Gaultheria
Vaccinium,2882813,Vaccinium,<i>Vaccinium</i> L.,GENUS,Ericaceae,2505.0,Vaccinium,2882813.0,,,80,HIGHERRANK,1,1,Vaccinium,Vaccinium,Vaccinium,Vaccinium
Vaccinium macrocarpon,2882841,Vaccinium macrocarpon,<i>Vaccinium</i> <i>macrocarpon</i> Aiton,SPECIES,Ericaceae,2505.0,Vaccinium,2882813.0,Vaccinium macrocarpon,2882841.0,100,EXACT,2,2,Vaccinium macrocarpon,Vaccinium,Vaccinium,Vaccinium
Vaccinium oxycoccus,2882949,Vaccinium oxycoccus,<i>Vaccinium</i> <i>oxycoccus</i> L.,SPECIES,Ericaceae,2505.0,Vaccinium,2882813.0,Vaccinium oxycoccos,2882940.0,99,EXACT,2,2,Vaccinium oxycoccus,Vaccinium,Vaccinium,Vaccinium
Vaccinium vitis-idaea,2882835,Vaccinium vitis-idaea,<i>Vaccinium</i> <i>vitis-idaea</i> L.,SPECIES,Ericaceae,2505.0,Vaccinium,2882813.0,Vaccinium vitis-idaea,2882835.0,100,EXACT,2,2,Vaccinium vitis-idaea,Vaccinium,Vaccinium,Vaccinium
Gaultheria procumbens,2882753,Gaultheria procumbens,<i>Gaultheria</i> <i>procumbens</i> L.,SPECIES,Ericaceae,2505.0,Gaultheria,2882751.0,Gaultheria procumbens,2882753.0,100,EXACT,2,2,Gaultheria procumbens,Gaultheria,Gaultheria,Gaultheria
Arctostaphylos uva-ursi,2882580,Arctostaphylos uva-ursi,<i>Arctostaphylos</i> <i>uva-ursi</i> (L.) Spreng.,SPECIES,Ericaceae,2505.0,Arctostaphylos,2882486.0,Arctostaphylos uva-ursi,2882580.0,100,EXACT,2,2,Arctostaphylos uva-ursi,Arctostaphylos,Arctostaphylos,Arctostaphylos
Arctous rubra,2882597,Arctous rubra,<i>Arctous</i> <i>rubra</i> (Rehder & E.H.Wilson) Nakai,SPECIES,Ericaceae,2505.0,Arctostaphylos,2882486.0,Arctostaphylos rubra,2882596.0,100,EXACT,2,2,Arctous rubra,Arctous,Arctous,Arctous
Arctous alpina,2882527,Arctous alpina,<i>Arctous</i> <i>alpina</i> (L.) Nied.,SPECIES,Ericaceae,2505.0,Arctostaphylos,2882486.0,Arctostaphylos alpinus,8317978.0,100,EXACT,2,2,Arctous alpina,Arctous,Arctous,Arctous
Sambucus racemosa,2888723,Sambucus racemosa,<i>Sambucus</i> <i>racemosa</i> L.,SPECIES,Viburnaceae,4924416.0,Sambucus,2888721.0,Sambucus racemosa,2888723.0,99,EXACT,2,2,Sambucus racemosa,Sambucus,Sambucus,Sambucus
Shepherdia argentea,5372429,Shepherdia argentea,<i>Shepherdia</i> <i>argentea</i> (Pursh) Nutt.,SPECIES,Elaeagnaceae,2408.0,Shepherdia,3039276.0,Shepherdia argentea,5372429.0,99,EXACT,2,2,Shepherdia argentea,Shepherdia,Shepherdia,Shepherdia
Shepherdia canadensis,5372427,Shepherdia canadensis,<i>Shepherdia</i> <i>canadensis</i> (L.) Nutt.,SPECIES,Elaeagnaceae,2408.0,Shepherdia,3039276.0,Shepherdia canadensis,5372427.0,100,EXACT,2,2,Shepherdia canadensis,Shepherdia,Shepherdia,Shepherdia
Elaeagnus umbellata,3039267,Elaeagnus umbellata,<i>Elaeagnus</i> <i>umbellata</i> Thunb.,SPECIES,Elaeagnaceae,2408.0,Elaeagnus,3039266.0,Elaeagnus umbellata,3039267.0,99,EXACT,2,2,Elaeagnus umbellata,Elaeagnus,Elaeagnus,Elaeagnus
Viburnum edule,2888613,Viburnum edule,<i>Viburnum</i> <i>edule</i> (Michx.) Raf.,SPECIES,Viburnaceae,4924416.0,Viburnum,2888580.0,Viburnum edule,2888613.0,100,EXACT,2,2,Viburnum edule,Viburnum,Viburnum,Viburnum
Lycium barbarum,2928835,Lycium barbarum,<i>Lycium</i> <i>barbarum</i> L.,SPECIES,Solanaceae,7717.0,Lycium,2928808.0,Lycium barbarum,2928835.0,99,EXACT,2,2,Lycium barbarum,Lycium,Lycium,Lycium
Lycium carolinianum,2928830,Lycium carolinianum,<i>Lycium</i> <i>carolinianum</i> Walter,SPECIES,Solanaceae,7717.0,Lycium,2928808.0,Lycium carolinianum,2928830.0,100,EXACT,2,2,Lycium carolinianum,Lycium,Lycium,Lycium
Berberis vulgaris,3033894,Berberis vulgaris,<i>Berberis</i> <i>vulgaris</i> L.,SPECIES,Berberidaceae,6673.0,Berberis,3033893.0,Berberis vulgaris,3033894.0,99,EXACT,2,2,Berberis vulgaris,Berberis,Berberis,Berberis
Berberis thunbergii,3033896,Berberis thunbergii,<i>Berberis</i> <i>thunbergii</i> DC.,SPECIES,Berberidaceae,6673.0,Berberis,3033893.0,Berberis thunbergii,3033896.0,100,EXACT,2,2,Berberis thunbergii,Berberis,Berberis,Berberis
Lindera benzoin,5371740,Lindera benzoin,<i>Lindera</i> <i>benzoin</i> (L.) Blume,SPECIES,Lauraceae,6688.0,Lindera,3034035.0,Lindera benzoin,5371740.0,99,EXACT,2,2,Lindera benzoin,Lindera,Lindera,Lindera
Ribes triste,2986159,Ribes triste,<i>Ribes</i> <i>triste</i> Pall.,SPECIES,Grossulariaceae,2403.0,Ribes,2986095.0,Ribes triste,2986159.0,99,EXACT,2,2,Ribes triste,Ribes,Ribes,Ribes
Ribes glandulosum,2986208,Ribes glandulosum,<i>Ribes</i> <i>glandulosum</i> Grauer,SPECIES,Grossulariaceae,2403.0,Ribes,2986095.0,Ribes glandulosum,2986208.0,99,EXACT,2,2,Ribes glandulosum,Ribes,Ribes,Ribes
Aronia arbutifolia,5363629,Aronia arbutifolia,<i>Aronia</i> <i>arbutifolia</i> (L.) Pers.,SPECIES,Rosaceae,5015.0,Aronia,2988529.0,Aronia arbutifolia,5363629.0,99,EXACT,2,2,Aronia arbutifolia,Aronia,Aronia,Aronia
Ilex vomitoria,5414250,Ilex vomitoria,<i>Ilex</i> <i>vomitoria</i> Aiton,SPECIES,Aquifoliaceae,6716.0,Ilex,10792217.0,Ilex vomitoria,5414250.0,100,EXACT,2,2,Ilex vomitoria,Ilex,Ilex,Ilex
Vaccinium stamineum,2882913,Vaccinium stamineum,<i>Vaccinium</i> <i>stamineum</i> L.,SPECIES,Ericaceae,2505.0,Vaccinium,2882813.0,Vaccinium stamineum,2882913.0,100,EXACT,2,2,Vaccinium stamineum,Vaccinium,Vaccinium,Vaccinium
Elaeagnus commutata,3039274,Elaeagnus commutata,<i>Elaeagnus</i> <i>commutata</i> Bernh. ex Rydb.,SPECIES,Elaeagnaceae,2408.0,Elaeagnus,3039266.0,Elaeagnus commutata,3039274.0,99,EXACT,2,2,Elaeagnus commutata,Elaeagnus,Elaeagnus,Elaeagnus
Cornus stolonifera,6427418,Cornus stolonifera,<i>Cornus</i> <i>stolonifera</i> Michx.,SPECIES,Cornaceae,6713.0,Cornus,3082226.0,Cornus sericea,3082244.0,100,EXACT,2,2,Cornus stolonifera,Cornus,Cornus,Cornus
Viburnum,2888580,Viburnum,<i>Viburnum</i> L.,GENUS,Viburnaceae,4924416.0,Viburnum,2888580.0,,,80,HIGHERRANK,1,1,Viburnum,Viburnum,Viburnum,Viburnum
Viburnum lentago,2888586,Viburnum lentago,<i>Viburnum</i> <i>lentago</i> L.,SPECIES,Viburnaceae,4924416.0,Viburnum,2888580.0,Viburnum lentago,2888586.0,99,EXACT,2,2,Viburnum lentago,Viburnum,Viburnum,Viburnum
Viburnum cassinoides,6369862,Viburnum cassinoides,<i>Viburnum</i> <i>cassinoides</i> L.,SPECIES,Viburnaceae,4924416.0,Viburnum,2888580.0,Viburnum cassinoides,6369862.0,99,EXACT,2,2,Viburnum cassinoides,Viburnum,Viburnum,Viburnum
Viburnum nudum,2888627,Viburnum nudum,<i>Viburnum</i> <i>nudum</i> L.,SPECIES,Viburnaceae,4924416.0,Viburnum,2888580.0,Viburnum nudum,2888627.0,100,EXACT,2,2,Viburnum nudum,Viburnum,Viburnum,Viburnum
Viburnum prunifolium,2888608,Viburnum prunifolium,<i>Viburnum</i> <i>prunifolium</i> L.,SPECIES,Viburnaceae,4924416.0,Viburnum,2888580.0,Viburnum prunifolium,2888608.0,100,EXACT,2,2,Viburnum prunifolium,Viburnum,Viburnum,Viburnum
Viburnum rufidulum,2888590,Viburnum rufidulum,<i>Viburnum</i> <i>rufidulum</i> Raf.,SPECIES,Viburnaceae,4924416.0,Viburnum,2888580.0,Viburnum rufidulum,2888590.0,100,EXACT,2,2,Viburnum rufidulum,Viburnum,Viburnum,Viburnum
Viburnum obovatum,2888620,Viburnum obovatum,<i>Viburnum</i> <i>obovatum</i> Walter,SPECIES,Viburnaceae,4924416.0,Viburnum,2888580.0,Viburnum obovatum,2888620.0,99,EXACT,2,2,Viburnum obovatum,Viburnum,Viburnum,Viburnum
Viburnum alnifolium,2888603,Viburnum alnifolium,<i>Viburnum</i> <i>alnifolium</i> Marshall,SPECIES,Viburnaceae,4924416.0,Viburnum,2888580.0,Viburnum lantanoides,2888601.0,100,EXACT,2,2,Viburnum alnifolium,Viburnum,Viburnum,Viburnum
Prunus virginiana,3022668,Prunus virginiana,<i>Prunus</i> <i>virginiana</i> L.,SPECIES,Rosaceae,5015.0,Prunus,3020559.0,Prunus virginiana,3022668.0,99,EXACT,2,2,Prunus virginiana,Prunus,Prunus,Prunus
Sambucus canadensis,6369819,Sambucus canadensis,<i>Sambucus</i> <i>canadensis</i> L.,SPECIES,Viburnaceae,4924416.0,Sambucus,2888721.0,Sambucus canadensis,6369819.0,99,EXACT,2,2,Sambucus canadensis,Sambucus,Sambucus,Sambucus
Ribes,2986095,Ribes,<i>Ribes</i> L.,GENUS,Grossulariaceae,2403.0,Ribes,2986095.0,,,80,HIGHERRANK,1,1,Ribes,Ribes,Ribes,Ribes
Ribes americanum,2986121,Ribes americanum,<i>Ribes</i> <i>americanum</i> Mill.,SPECIES,Grossulariaceae,2403.0,Ribes,2986095.0,Ribes americanum,2986121.0,99,EXACT,2,2,Ribes americanum,Ribes,Ribes,Ribes
Ribes odoratum,7510171,Ribes odoratum,<i>Ribes</i> <i>odoratum</i> Schlecht. ex Hemsl.,SPECIES,Grossulariaceae,2403.0,Ribes,2986095.0,Ribes odoratum,7510171.0,99,EXACT,2,2,Ribes odoratum,Ribes,Ribes,Ribes
Lonicera caerulaea,5334269,Lonicera caerulea,<i>Lonicera</i> <i>caerulea</i> L.,SPECIES,Caprifoliaceae,6710.0,Lonicera,2888645.0,Lonicera caerulea,5334269.0,95,VARIANT,2,2,Lonicera caerulea,Lonicera,Lonicera,Lonicera
Callicarpa americana,5341129,Callicarpa americana,<i>Callicarpa</i> <i>americana</i> L.,SPECIES,Lamiaceae,2497.0,Callicarpa,2925549.0,Callicarpa americana,5341129.0,99,EXACT,2,2,Callicarpa americana,Callicarpa,Callicarpa,Callicarpa
Aronia melanocarpa,5363627,Aronia melanocarpa,<i>Aronia</i> <i>melanocarpa</i> (Michx.) Elliott,SPECIES,Rosaceae,5015.0,Aronia,2988529.0,Aronia melanocarpa,5363627.0,99,EXACT,2,2,Aronia melanocarpa,Aronia,Aronia,Aronia
Gaylussacia baccata,2882739,Gaylussacia baccata,<i>Gaylussacia</i> <i>baccata</i> (Wangenh.) K.Koch,SPECIES,Ericaceae,2505.0,Gaylussacia,2882726.0,Gaylussacia baccata,2882739.0,100,EXACT,2,2,Gaylussacia baccata,Gaylussacia,Gaylussacia,Gaylussacia
Vaccinium arboreum,2882828,Vaccinium arboreum,<i>Vaccinium</i> <i>arboreum</i> Marshall,SPECIES,Ericaceae,2505.0,Vaccinium,2882813.0,Vaccinium arboreum,2882828.0,99,EXACT,2,2,Vaccinium arboreum,Vaccinium,Vaccinium,Vaccinium
Vaccinium corymbosum,2882849,Vaccinium corymbosum,<i>Vaccinium</i> <i>corymbosum</i> L.,SPECIES,Ericaceae,2505.0,Vaccinium,2882813.0,Vaccinium corymbosum,2882849.0,99,EXACT,2,2,Vaccinium corymbosum,Vaccinium,Vaccinium,Vaccinium
Vaccinium elliotti,2882911,Vaccinium elliottii,<i>Vaccinium</i> <i>elliottii</i> Chapm.,SPECIES,Ericaceae,2505.0,Vaccinium,2882813.0,Vaccinium corymbosum,2882849.0,97,VARIANT,2,2,Vaccinium elliottii,Vaccinium,Vaccinium,Vaccinium
Vaccinium uliginosum,8073364,Vaccinium uliginosum,<i>Vaccinium</i> <i>uliginosum</i> L.,SPECIES,Ericaceae,2505.0,Vaccinium,2882813.0,Vaccinium uliginosum,8073364.0,100,EXACT,2,2,Vaccinium uliginosum,Vaccinium,Vaccinium,Vaccinium
Rhus,3190534,Rhus,<i>Rhus</i> L.,GENUS,Anacardiaceae,2398.0,Rhus,3190534.0,,,80,HIGHERRANK,1,1,Rhus,Rhus,Rhus,Rhus
Rhus coppalina,3190557,Rhus copallina,<i>Rhus</i> <i>copallina</i> L.,SPECIES,Anacardiaceae,2398.0,Rhus,3190534.0,Rhus copallina,3190557.0,97,VARIANT,2,2,Rhus copallina,Rhus,Rhus,Rhus
Rhus typhina,3190538,Rhus typhina,<i>Rhus</i> <i>typhina</i> L.,SPECIES,Anacardiaceae,2398.0,Rhus,3190534.0,Rhus typhina,3190538.0,100,EXACT,2,2,Rhus typhina,Rhus,Rhus,Rhus
Rhus glabra,3190544,Rhus glabra,<i>Rhus</i> <i>glabra</i> L.,SPECIES,Anacardiaceae,2398.0,Rhus,3190534.0,Rhus glabra,3190544.0,100,EXACT,2,2,Rhus glabra,Rhus,Rhus,Rhus
Rhus aromatica,3190558,Rhus aromatica,<i>Rhus</i> <i>aromatica</i> Aiton,SPECIES,Anacardiaceae,2398.0,Rhus,3190534.0,Rhus aromatica,3190558.0,100,EXACT,2,2,Rhus aromatica,Rhus,Rhus,Rhus
Zanthoxylum americanum,3190089,Zanthoxylum americanum,<i>Zanthoxylum</i> <i>americanum</i> Mill.,SPECIES,Rutaceae,2396.0,Zanthoxylum,3190076.0,Zanthoxylum americanum,3190089.0,100,EXACT,2,2,Zanthoxylum americanum,Zanthoxylum,Zanthoxylum,Zanthoxylum
Amorpha canescens,5357388,Amorpha canescens,<i>Amorpha</i> <i>canescens</i> Pursh,SPECIES,Fabaceae,5386.0,Amorpha,2965599.0,Amorpha canescens,5357388.0,99,EXACT,2,2,Amorpha canescens,Amorpha,Amorpha,Amorpha
Comptonia peregrina,5414197,Comptonia peregrina,<i>Comptonia</i> <i>peregrina</i> (L.) J.M.Coult.,SPECIES,Myricaceae,2432.0,Comptonia,8464883.0,Comptonia peregrina,5414197.0,100,EXACT,2,2,Comptonia peregrina,Comptonia,Comptonia,Comptonia
Myrica gale,5414202,Myrica gale,<i>Myrica</i> <i>gale</i> L.,SPECIES,Myricaceae,2432.0,Myrica,5938218.0,Myrica gale,5414202.0,100,EXACT,2,2,Myrica gale,Myrica,Myrica,Myrica
Ledum groenlandicum,2882982,Ledum groenlandicum,<i>Ledum</i> <i>groenlandicum</i> Oeder,SPECIES,Ericaceae,2505.0,Rhododendron,2883026.0,Rhododendron groenlandicum,2882984.0,99,EXACT,2,2,Ledum groenlandicum,Ledum,Ledum,Ledum
Chamaedaphne calyculata,5333436,Chamaedaphne calyculata,<i>Chamaedaphne</i> <i>calyculata</i> (L.) Moench,SPECIES,Ericaceae,2505.0,Chamaedaphne,8388331.0,Chamaedaphne calyculata,5333436.0,99,EXACT,2,2,Chamaedaphne calyculata,Chamaedaphne,Chamaedaphne,Chamaedaphne
Vitis,7467468,Vitis,<i>Vitis</i> L.,GENUS,Vitaceae,6672.0,Vitis,7467468.0,,,80,HIGHERRANK,1,1,Vitis,Vitis,Vitis,Vitis
Ampelopsis cordata,3039183,Ampelopsis cordata,<i>Ampelopsis</i> <i>cordata</i> Michx.,SPECIES,Vitaceae,6672.0,Ampelopsis,3039178.0,Ampelopsis cordata,3039183.0,100,EXACT,2,2,Ampelopsis cordata,Ampelopsis,Ampelopsis,Ampelopsis
Vitis rotundifolia,5372394,Vitis rotundifolia,<i>Vitis</i> <i>rotundifolia</i> Michx.,SPECIES,Vitaceae,6672.0,Vitis,7467468.0,Vitis rotundifolia,5372394.0,99,EXACT,2,2,Vitis rotundifolia,Vitis,Vitis,Vitis
Ampelopsis arborea,8363567,Ampelopsis arborea,"<i>Ampelopsis</i> <i>arborea</i> Kochne, 1893",SPECIES,Vitaceae,6672.0,Ampelopsis,3039178.0,Ampelopsis arborea,8363567.0,99,EXACT,2,2,Ampelopsis arborea,Ampelopsis,Ampelopsis,Ampelopsis
Smilax,2740627,Smilax,<i>Smilax</i> L.,GENUS,Smilacaceae,7702.0,Smilax,2740627.0,,,80,HIGHERRANK,1,1,Smilax,Smilax,Smilax,Smilax
Celastrus scandens,3169171,Celastrus scandens,<i>Celastrus</i> <i>scandens</i> L.,SPECIES,Celastraceae,6715.0,Celastrus,3169168.0,Celastrus scandens,3169171.0,99,EXACT,2,2,Celastrus scandens,Celastrus,Celastrus,Celastrus
Lonicera japonica,5334240,Lonicera japonica,<i>Lonicera</i> <i>japonica</i> Thunb.,SPECIES,Caprifoliaceae,6710.0,Lonicera,2888645.0,Lonicera japonica,5334240.0,99,EXACT,2,2,Lonicera japonica,Lonicera,Lonicera,Lonicera
Parthenocissus quinquefolia,3039194,Parthenocissus quinquefolia,<i>Parthenocissus</i> <i>quinquefolia</i> (L.) Planch.,SPECIES,Vitaceae,6672.0,Parthenocissus,3039188.0,Parthenocissus quinquefolia,3039194.0,100,EXACT,2,2,Parthenocissus quinquefolia,Parthenocissus,Parthenocissus,Parthenocissus
Parthenocissus vitacea,3039193,Parthenocissus vitacea,<i>Parthenocissus</i> <i>vitacea</i> (Knerr) Hitchc.,SPECIES,Vitaceae,6672.0,Parthenocissus,3039188.0,Parthenocissus inserta,3039203.0,100,EXACT,2,2,Parthenocissus vitacea,Parthenocissus,Parthenocissus,Parthenocissus
Pueraria lobata,2977654,Pueraria lobata,<i>Pueraria</i> <i>lobata</i> (Willd.) Ohwi,SPECIES,Fabaceae,5386.0,Pueraria,2977604.0,Pueraria montana,2977636.0,99,EXACT,2,2,Pueraria lobata,Pueraria,Pueraria,Pueraria
Wisteria,2977309,Wisteria,<i>Wisteria</i> Nutt.,GENUS,Fabaceae,5386.0,Wisteria,2977309.0,,,80,HIGHERRANK,1,1,Wisteria,Wisteria,Wisteria,Wisteria
Zizaniopsis miliaceae,2703487,Zizaniopsis miliacea,<i>Zizaniopsis</i> <i>miliacea</i> (Michx.) Döll & Asch.,SPECIES,Poaceae,3073.0,Zizaniopsis,2703486.0,Zizaniopsis miliacea,2703487.0,97,VARIANT,2,2,Zizaniopsis miliacea,Zizaniopsis,Zizaniopsis,Zizaniopsis
Zizania palustris,2703230,Zizania palustris,<i>Zizania</i> <i>palustris</i> L.,SPECIES,Poaceae,3073.0,Zizania,2703227.0,Zizania palustris,2703230.0,100,EXACT,2,2,Zizania palustris,Zizania,Zizania,Zizania
Zizania aquatica,2703228,Zizania aquatica,<i>Zizania</i> <i>aquatica</i> L.,SPECIES,Poaceae,3073.0,Zizania,2703227.0,Zizania aquatica,2703228.0,100,EXACT,2,2,Zizania aquatica,Zizania,Zizania,Zizania
Bolboschoenus fluviatilis,7953794,Bolboschoenus fluviatilis,<i>Bolboschoenus</i> <i>fluviatilis</i> (Torr.) Soják,SPECIES,Cyperaceae,7708.0,Bolboschoenus,2718273.0,Bolboschoenus fluviatilis,7953794.0,99,EXACT,2,2,Bolboschoenus fluviatilis,Bolboschoenus,Bolboschoenus,Bolboschoenus
Typha,2702102,Typha,<i>Typha</i> L.,GENUS,Typhaceae,4246.0,Typha,2702102.0,,,80,HIGHERRANK,1,1,Typha,Typha,Typha,Typha
Sparganium eurycarpum,2702394,Sparganium eurycarpum,<i>Sparganium</i> <i>eurycarpum</i> Engelm.,SPECIES,Typhaceae,4246.0,Sparganium,2702260.0,Sparganium eurycarpum,2702394.0,99,EXACT,2,2,Sparganium eurycarpum,Sparganium,Sparganium,Sparganium
Acorus,11457635,Acorus,"<i>Acorus</i> sp. Linnaeus, 1753",SPECIES,Acoraceae,3719.0,Acorus,2730063.0,Acorus,11457635.0,98,HIGHERRANK,1,1,Acorus,Acorus,Acorus,Acorus
Vallisneria americana,2865501,Vallisneria americana,<i>Vallisneria</i> <i>americana</i> Michx.,SPECIES,Hydrocharitaceae,3721.0,Vallisneria,2865241.0,Vallisneria americana,2865501.0,100,EXACT,2,2,Vallisneria americana,Vallisneria,Vallisneria,Vallisneria
Nasturtium officinale,7701037,Nasturtium officinale,<i>Nasturtium</i> <i>officinale</i> R.Br.,SPECIES,Brassicaceae,3112.0,Nasturtium,7774084.0,Nasturtium officinale,7701037.0,99,EXACT,2,2,Nasturtium officinale,Nasturtium,Nasturtium,Nasturtium
Sium suave,3034526,Sium suave,<i>Sium</i> <i>suave</i> Walter,SPECIES,Apiaceae,6720.0,Sium,3034525.0,Sium suave,3034526.0,100,EXACT,2,2,Sium suave,Sium,Sium,Sium
Berula erecta,3034699,Berula erecta,<i>Berula</i> <i>erecta</i> (Huds.) Coville,SPECIES,Apiaceae,6720.0,Berula,7607352.0,Berula erecta,3034699.0,100,EXACT,2,2,Berula erecta,Berula,Berula,Berula
Berula pusilla,8594625,Berula pusilla,<i>Berula</i> <i>pusilla</i> (Nutt.) Fernald,SPECIES,Apiaceae,6720.0,Berula,7607352.0,Berula erecta,3034699.0,100,EXACT,2,2,Berula pusilla,Berula,Berula,Berula
Veronica americana,3172084,Veronica americana,<i>Veronica</i> <i>americana</i> (Raf.) Schwein. ex Benth.,SPECIES,Plantaginaceae,2420.0,Veronica,3172047.0,Veronica americana,3172084.0,99,EXACT,2,2,Veronica americana,Veronica,Veronica,Veronica
Alternanthera philoxeroides,3084923,Alternanthera philoxeroides,<i>Alternanthera</i> <i>philoxeroides</i> (Mart.) Griseb.,SPECIES,Amaranthaceae,3064.0,Alternanthera,3084921.0,Alternanthera philoxeroides,3084923.0,100,EXACT,2,2,Alternanthera philoxeroides,Alternanthera,Alternanthera,Alternanthera
Trapa natans,3188757,Trapa natans,<i>Trapa</i> <i>natans</i> L.,SPECIES,Lythraceae,6684.0,Trapa,3188756.0,Trapa natans,3188757.0,99,EXACT,2,2,Trapa natans,Trapa,Trapa,Trapa
Hydrocotyle umbellata,3034614,Hydrocotyle umbellata,<i>Hydrocotyle</i> <i>umbellata</i> L.,SPECIES,Araliaceae,8800.0,Hydrocotyle,3034601.0,Hydrocotyle umbellata,3034614.0,100,EXACT,2,2,Hydrocotyle umbellata,Hydrocotyle,Hydrocotyle,Hydrocotyle
Sagittaria latifolia,5328909,Sagittaria latifolia,<i>Sagittaria</i> <i>latifolia</i> Willd.,SPECIES,Alismataceae,3720.0,Sagittaria,2766037.0,Sagittaria latifolia,5328909.0,100,EXACT,2,2,Sagittaria latifolia,Sagittaria,Sagittaria,Sagittaria
Sagittaria rigida,5329027,Sagittaria rigida,<i>Sagittaria</i> <i>rigida</i> Pursh,SPECIES,Alismataceae,3720.0,Sagittaria,2766037.0,Sagittaria rigida,5329027.0,100,EXACT,2,2,Sagittaria rigida,Sagittaria,Sagittaria,Sagittaria
Alisma plantago-aquatica,2865100,Alisma plantago-aquatica,<i>Alisma</i> <i>plantago-aquatica</i> L.,SPECIES,Alismataceae,3720.0,Alisma,2865099.0,Alisma plantago-aquatica,2865100.0,100,EXACT,2,2,Alisma plantago-aquatica,Alisma,Alisma,Alisma
Brasenia schreberi,2882446,Brasenia schreberi,<i>Brasenia</i> <i>schreberi</i> J.F.Gmel.,SPECIES,Cabombaceae,6681.0,Brasenia,2882445.0,Brasenia schreberi,2882446.0,100,EXACT,2,2,Brasenia schreberi,Brasenia,Brasenia,Brasenia
Nelumbo lutea,7503234,Nelumbo lutea,<i>Nelumbo</i> <i>lutea</i> (Willd.) Pers.,SPECIES,Nelumbonaceae,2424.0,Nelumbo,2882448.0,Nelumbo lutea,7503234.0,99,EXACT,2,2,Nelumbo lutea,Nelumbo,Nelumbo,Nelumbo
Nuphar,2882408,Nuphar,<i>Nuphar</i> Sm.,GENUS,Nymphaeaceae,2423.0,Nuphar,2882408.0,,,80,HIGHERRANK,1,1,Nuphar,Nuphar,Nuphar,Nuphar
Peltandra virginica,5330182,Peltandra virginica,<i>Peltandra</i> <i>virginica</i> (L.) Schott,SPECIES,Araceae,6979.0,Peltandra,2867745.0,Peltandra virginica,5330182.0,99,EXACT,2,2,Peltandra virginica,Peltandra,Peltandra,Peltandra
Colocasia esculenta,5330776,Colocasia esculenta,<i>Colocasia</i> <i>esculenta</i> (L.) Schott,SPECIES,Araceae,6979.0,Colocasia,5330758.0,Colocasia esculenta,5330776.0,100,EXACT,2,2,Colocasia esculenta,Colocasia,Colocasia,Colocasia
Eichhornia crassipes,2765940,Eichhornia crassipes,<i>Eichhornia</i> <i>crassipes</i> (Mart.) Solms,SPECIES,Pontederiaceae,3731.0,Pontederia,2740415.0,Pontederia crassipes,2765942.0,100,EXACT,2,2,Eichhornia crassipes,Eichhornia,Eichhornia,Eichhornia
Pontederia cordata,2766030,Pontederia cordata,<i>Pontederia</i> <i>cordata</i> L.,SPECIES,Pontederiaceae,3731.0,Pontederia,2740415.0,Pontederia cordata,2766030.0,99,EXACT,2,2,Pontederia cordata,Pontederia,Pontederia,Pontederia
Allium,11893016,Allium,"<i>Allium</i> sp. Boiss.Following Stearn, 1882",SPECIES,Amaryllidaceae,7682.0,Allium,9624496.0,Allium,11893016.0,97,HIGHERRANK,1,1,Allium,Allium,Allium,Allium
Allium vineale,7792960,Allium vineale,<i>Allium</i> <i>vineale</i> L.,SPECIES,Amaryllidaceae,7682.0,Allium,9624496.0,Allium vineale,7792960.0,99,EXACT,2,2,Allium vineale,Allium,Allium,Allium
Allium anadence,9624496,Allium,<i>Allium</i> L.,GENUS,Amaryllidaceae,7682.0,Allium,9624496.0,,,95,HIGHERRANK,2,1,Allium,Allium,Allium,Allium
Allium schoenophrasum,2855860,Allium schoenoprasum,<i>Allium</i> <i>schoenoprasum</i> L.,SPECIES,Amaryllidaceae,7682.0,Allium,9624496.0,Allium schoenoprasum,2855860.0,96,VARIANT,2,2,Allium schoenoprasum,Allium,Allium,Allium
Allium sativum,2856681,Allium sativum,<i>Allium</i> <i>sativum</i> L.,SPECIES,Amaryllidaceae,7682.0,Allium,9624496.0,Allium sativum,2856681.0,100,EXACT,2,2,Allium sativum,Allium,Allium,Allium
Allium canadense,2855611,Allium canadense,<i>Allium</i> <i>canadense</i> L.,SPECIES,Amaryllidaceae,7682.0,Allium,9624496.0,Allium canadense,2855611.0,99,EXACT,2,2,Allium canadense,Allium,Allium,Allium
Allium textile,2855724,Allium textile,<i>Allium</i> <i>textile</i> A.Nelson & J.F.Macbr.,SPECIES,Amaryllidaceae,7682.0,Allium,9624496.0,Allium textile,2855724.0,100,EXACT,2,2,Allium textile,Allium,Allium,Allium
Allium drummondii,2856855,Allium drummondii,<i>Allium</i> <i>drummondii</i> Regel,SPECIES,Amaryllidaceae,7682.0,Allium,9624496.0,Allium drummondii,2856855.0,100,EXACT,2,2,Allium drummondii,Allium,Allium,Allium
Allium cernuum,2856745,Allium cernuum,<i>Allium</i> <i>cernuum</i> Roth,SPECIES,Amaryllidaceae,7682.0,Allium,9624496.0,Allium cernuum,2856745.0,99,EXACT,2,2,Allium cernuum,Allium,Allium,Allium
Allium stellatum,2856866,Allium stellatum,<i>Allium</i> <i>stellatum</i> Nutt. ex Ker Gawl.,SPECIES,Amaryllidaceae,7682.0,Allium,9624496.0,Allium stellatum,2856866.0,99,EXACT,2,2,Allium stellatum,Allium,Allium,Allium
Nothocalais cuspidata,3130419,Nothocalais cuspidata,<i>Nothocalais</i> <i>cuspidata</i> (Pursh) Greene,SPECIES,Asteraceae,3065.0,Microseris,3130201.0,Microseris cuspidata,5399495.0,100,EXACT,2,2,Nothocalais cuspidata,Nothocalais,Nothocalais,Nothocalais
Tragopogon,3092408,Tragopogon,<i>Tragopogon</i> L.,GENUS,Asteraceae,3065.0,Tragopogon,3092408.0,,,80,HIGHERRANK,1,1,Tragopogon,Tragopogon,Tragopogon,Tragopogon
Tradescantia,2765096,Tradescantia,<i>Tradescantia</i> Ruppius ex L.,GENUS,Commelinaceae,2763195.0,Tradescantia,2765096.0,,,80,HIGHERRANK,1,1,Tradescantia,Tradescantia,Tradescantia,Tradescantia
Hemerocallis fulva,2781074,Hemerocallis fulva,<i>Hemerocallis</i> <i>fulva</i> (L.) L.,SPECIES,Asphodelaceae,4259209.0,Hemerocallis,9557223.0,Hemerocallis fulva,2781074.0,100,EXACT,2,2,Hemerocallis fulva,Hemerocallis,Hemerocallis,Hemerocallis
Cyperus esculentus,2716226,Cyperus esculentus,<i>Cyperus</i> <i>esculentus</i> L.,SPECIES,Cyperaceae,7708.0,Cyperus,2713455.0,Cyperus esculentus,2716226.0,99,EXACT,2,2,Cyperus esculentus,Cyperus,Cyperus,Cyperus
Cyperus rotundus,2714818,Cyperus rotundus,<i>Cyperus</i> <i>rotundus</i> L.,SPECIES,Cyperaceae,7708.0,Cyperus,2713455.0,Cyperus rotundus,2714818.0,99,EXACT,2,2,Cyperus rotundus,Cyperus,Cyperus,Cyperus
Leucocrinum montanum,2770873,Leucocrinum montanum,<i>Leucocrinum</i> <i>montanum</i> Nutt. ex A.Gray,SPECIES,Asparagaceae,7683.0,Leucocrinum,2770872.0,Leucocrinum montanum,2770873.0,99,EXACT,2,2,Leucocrinum montanum,Leucocrinum,Leucocrinum,Leucocrinum
Arundinaria gigantea,2705964,Arundinaria gigantea,<i>Arundinaria</i> <i>gigantea</i> (Walter) Muhl.,SPECIES,Poaceae,3073.0,Arundinaria,2705960.0,Arundinaria gigantea,2705964.0,99,EXACT,2,2,Arundinaria gigantea,Arundinaria,Arundinaria,Arundinaria
Acorus calamus,2873769,Acorus calamus,<i>Acorus</i> <i>calamus</i> L.,SPECIES,Acoraceae,3719.0,Acorus,2730063.0,Acorus calamus,2873769.0,100,EXACT,2,2,Acorus calamus,Acorus,Acorus,Acorus
Phragmites communis,5290153,Phragmites communis,<i>Phragmites</i> <i>communis</i> Trin.,SPECIES,Poaceae,3073.0,Phragmites,2705783.0,Phragmites australis,5290149.0,100,EXACT,2,2,Phragmites communis,Phragmites,Phragmites,Phragmites
Oryzopsis hymenoides,2703429,Oryzopsis hymenoides,<i>Oryzopsis</i> <i>hymenoides</i> (Roem. & Schult.) Ricker ex Piper,SPECIES,Poaceae,3073.0,Eriocoma,6432088.0,Eriocoma hymenoides,5676924.0,99,EXACT,2,2,Oryzopsis hymenoides,Oryzopsis,Oryzopsis,Oryzopsis
Phalaris caroliniana,5289760,Phalaris caroliniana,<i>Phalaris</i> <i>caroliniana</i> Walter,SPECIES,Poaceae,3073.0,Phalaris,2703277.0,Phalaris caroliniana,5289760.0,100,EXACT,2,2,Phalaris caroliniana,Phalaris,Phalaris,Phalaris
Hordeum pusillum,2706070,Hordeum pusillum,<i>Hordeum</i> <i>pusillum</i> Nutt.,SPECIES,Poaceae,3073.0,Hordeum,2706050.0,Hordeum pusillum,2706070.0,100,EXACT,2,2,Hordeum pusillum,Hordeum,Hordeum,Hordeum
Liatris punctata,3104349,Liatris punctata,<i>Liatris</i> <i>punctata</i> Hook.,SPECIES,Asteraceae,3065.0,Liatris,3104263.0,Liatris punctata,3104349.0,100,EXACT,2,2,Liatris punctata,Liatris,Liatris,Liatris
Plantago maritima,3189755,Plantago maritima,<i>Plantago</i> <i>maritima</i> L.,SPECIES,Plantaginaceae,2420.0,Plantago,3189695.0,Plantago maritima,3189755.0,99,EXACT,2,2,Plantago maritima,Plantago,Plantago,Plantago
Yucca,2775496,Yucca,<i>Yucca</i> L.,GENUS,Asparagaceae,7683.0,Yucca,2775496.0,,,80,HIGHERRANK,1,1,Yucca,Yucca,Yucca,Yucca
Nothoscordum bivalve,2855600,Nothoscordum bivalve,<i>Nothoscordum</i> <i>bivalve</i> (L.) Britton,SPECIES,Amaryllidaceae,7682.0,Nothoscordum,2771093.0,Nothoscordum bivalve,2855600.0,100,EXACT,2,2,Nothoscordum bivalve,Nothoscordum,Nothoscordum,Nothoscordum
Triglochin maritima,2865368,Triglochin maritima,<i>Triglochin</i> <i>maritima</i> L.,SPECIES,Juncaginaceae,7679.0,Triglochin,2777072.0,Triglochin maritima,2865368.0,99,EXACT,2,2,Triglochin maritima,Triglochin,Triglochin,Triglochin
Muscari,2772004,Muscari,<i>Muscari</i> Mill.,GENUS,Asparagaceae,7683.0,Muscari,2772004.0,,,80,HIGHERRANK,1,1,Muscari,Muscari,Muscari,Muscari
Camassia,2769068,Camassia,<i>Camassia</i> Lindl.,GENUS,Asparagaceae,7683.0,Camassia,2769068.0,,,80,HIGHERRANK,1,1,Camassia,Camassia,Camassia,Camassia
Camassia angusta,2769080,Camassia angusta,<i>Camassia</i> <i>angusta</i> (Engelm. & A.Gray) Blank.,SPECIES,Asparagaceae,7683.0,Camassia,2769068.0,Camassia angusta,2769080.0,100,EXACT,2,2,Camassia angusta,Camassia,Camassia,Camassia
Aplectrum hyemale,7585836,Aplectrum hyemale,<i>Aplectrum</i> <i>hyemale</i> (Muhl. ex Willd.) Torr.,SPECIES,Orchidaceae,7689.0,Aplectrum,2814441.0,Aplectrum hyemale,7585836.0,99,EXACT,2,2,Aplectrum hyemale,Aplectrum,Aplectrum,Aplectrum
Tipularia discolor,5308378,Tipularia discolor,<i>Tipularia</i> <i>discolor</i> (Pursh) Nutt.,SPECIES,Orchidaceae,7689.0,Tipularia,2795828.0,Tipularia discolor,5308378.0,100,EXACT,2,2,Tipularia discolor,Tipularia,Tipularia,Tipularia
Asarum canadense,2873947,Asarum canadense,<i>Asarum</i> <i>canadense</i> L.,SPECIES,Aristolochiaceae,3066.0,Asarum,2873945.0,Asarum canadense,2873947.0,100,EXACT,2,2,Asarum canadense,Asarum,Asarum,Asarum
Erythronium,2740136,Erythronium,<i>Erythronium</i> L.,GENUS,Liliaceae,7699.0,Erythronium,2740136.0,,,80,HIGHERRANK,1,1,Erythronium,Erythronium,Erythronium,Erythronium
Clintonia borealis,2753574,Clintonia borealis,<i>Clintonia</i> <i>borealis</i> (Aiton) Raf.,SPECIES,Liliaceae,7699.0,Clintonia,2753553.0,Clintonia borealis,2753574.0,100,EXACT,2,2,Clintonia borealis,Clintonia,Clintonia,Clintonia
Symplocarpus foetidus,2870117,Symplocarpus foetidus,<i>Symplocarpus</i> <i>foetidus</i> (L.) Salisb. ex W.P.C.Barton,SPECIES,Araceae,6979.0,Symplocarpus,8211840.0,Symplocarpus foetidus,2870117.0,99,EXACT,2,2,Symplocarpus foetidus,Symplocarpus,Symplocarpus,Symplocarpus
Oxyria digyna,2889358,Oxyria digyna,<i>Oxyria</i> <i>digyna</i> (L.) Hill,SPECIES,Polygonaceae,2416.0,Oxyria,2889357.0,Oxyria digyna,2889358.0,100,EXACT,2,2,Oxyria digyna,Oxyria,Oxyria,Oxyria
Dodecatheon,7597718,Dodecatheon,<i>Dodecatheon</i> L.,GENUS,Primulaceae,6674.0,Dodecatheon,7597718.0,,,80,HIGHERRANK,1,1,Dodecatheon,Dodecatheon,Dodecatheon,Dodecatheon
Plantago major,3189767,Plantago major,<i>Plantago</i> <i>major</i> L.,SPECIES,Plantaginaceae,2420.0,Plantago,3189695.0,Plantago major,3189767.0,99,EXACT,2,2,Plantago major,Plantago,Plantago,Plantago
Plantago rugelii,3189781,Plantago rugelii,<i>Plantago</i> <i>rugelii</i> Decne.,SPECIES,Plantaginaceae,2420.0,Plantago,3189695.0,Plantago rugelii,3189781.0,100,EXACT,2,2,Plantago rugelii,Plantago,Plantago,Plantago
Plantago lanceolata,8208358,Plantago lanceolata,<i>Plantago</i> <i>lanceolata</i> L.,SPECIES,Plantaginaceae,2420.0,Plantago,3189695.0,Plantago lanceolata,8208358.0,99,EXACT,2,2,Plantago lanceolata,Plantago,Plantago,Plantago
Viola sororia,5331238,Viola sororia,<i>Viola</i> <i>sororia</i> Willd.,SPECIES,Violaceae,6631.0,Viola,2874237.0,Viola sororia,5331238.0,100,EXACT,2,2,Viola sororia,Viola,Viola,Viola
Viola sagittata,5331364,Viola sagittata,<i>Viola</i> <i>sagittata</i> Aiton,SPECIES,Violaceae,6631.0,Viola,2874237.0,Viola sagittata,5331364.0,100,EXACT,2,2,Viola sagittata,Viola,Viola,Viola
Viola pedata,5331278,Viola pedata,<i>Viola</i> <i>pedata</i> L.,SPECIES,Violaceae,6631.0,Viola,2874237.0,Viola pedata,5331278.0,100,EXACT,2,2,Viola pedata,Viola,Viola,Viola
Taraxacum officinale,5394163,Taraxacum officinale,<i>Taraxacum</i> <i>officinale</i> Weber ex F.H.Wigg.,SPECIES,Asteraceae,3065.0,Taraxacum,7787708.0,Taraxacum officinale,5394163.0,99,EXACT,2,2,Taraxacum officinale,Taraxacum,Taraxacum,Taraxacum
Krigia dandelion,3132416,Krigia dandelion,<i>Krigia</i> <i>dandelion</i> (L.) Nutt.,SPECIES,Asteraceae,3065.0,Krigia,3132392.0,Krigia dandelion,3132416.0,100,EXACT,2,2,Krigia dandelion,Krigia,Krigia,Krigia
Pyrrhopappus grandiflorus,3145231,Pyrrhopappus grandiflorus,<i>Pyrrhopappus</i> <i>grandiflorus</i> (Nutt.) Nutt.,SPECIES,Asteraceae,3065.0,Pyrrhopappus,3145230.0,Pyrrhopappus grandiflorus,3145231.0,100,EXACT,2,2,Pyrrhopappus grandiflorus,Pyrrhopappus,Pyrrhopappus,Pyrrhopappus
Hypochaeris radicata,3093702,Hypochaeris radicata,<i>Hypochaeris</i> <i>radicata</i> L.,SPECIES,Asteraceae,3065.0,Hypochaeris,3093681.0,Hypochaeris radicata,3093702.0,100,EXACT,2,2,Hypochaeris radicata,Hypochaeris,Hypochaeris,Hypochaeris
Leontodon autumnalis,8058115,Leontodon autumnalis,"<i>Leontodon</i> <i>autumnalis</i> Oeder, 1816",SPECIES,Asteraceae,3065.0,Leontodon,3137422.0,Leontodon autumnalis,8058115.0,99,EXACT,2,2,Leontodon autumnalis,Leontodon,Leontodon,Leontodon
Bellis perennis,3117424,Bellis perennis,<i>Bellis</i> <i>perennis</i> L.,SPECIES,Asteraceae,3065.0,Bellis,3117399.0,Bellis perennis,3117424.0,100,EXACT,2,2,Bellis perennis,Bellis,Bellis,Bellis
Saxifraga pensylvanica,3032700,Saxifraga pensylvanica,<i>Saxifraga</i> <i>pensylvanica</i> L.,SPECIES,Saxifragaceae,2402.0,Micranthes,6447095.0,Micranthes pensylvanica,5939580.0,100,EXACT,2,2,Saxifraga pensylvanica,Saxifraga,Saxifraga,Saxifraga
Saxifraga micranthidifolia,3032853,Saxifraga micranthidifolia,<i>Saxifraga</i> <i>micranthidifolia</i> (Haw.) Steud.,SPECIES,Saxifragaceae,2402.0,Micranthes,6447095.0,Micranthes micranthidifolia,5939569.0,99,EXACT,2,2,Saxifraga micranthidifolia,Saxifraga,Saxifraga,Saxifraga
Tussilago farfara,3149879,Tussilago farfara,<i>Tussilago</i> <i>farfara</i> L.,SPECIES,Asteraceae,3065.0,Tussilago,3149878.0,Tussilago farfara,3149879.0,100,EXACT,2,2,Tussilago farfara,Tussilago,Tussilago,Tussilago
Petasites frigidus,3088323,Petasites frigidus,<i>Petasites</i> <i>frigidus</i> (L.) Fr.,SPECIES,Asteraceae,3065.0,Petasites,10717129.0,Petasites frigidus,3088323.0,100,EXACT,2,2,Petasites frigidus,Petasites,Petasites,Petasites
Hydrocotyle bonariensis,3034611,Hydrocotyle bonariensis,<i>Hydrocotyle</i> <i>bonariensis</i> Comm. ex Lam.,SPECIES,Araliaceae,8800.0,Hydrocotyle,3034601.0,Hydrocotyle bonariensis,3034611.0,99,EXACT,2,2,Hydrocotyle bonariensis,Hydrocotyle,Hydrocotyle,Hydrocotyle
Centella erecta,8598241,Centella erecta,<i>Centella</i> <i>erecta</i> (L.fil.) Fernald,SPECIES,Apiaceae,6720.0,Centella,3034124.0,Centella erecta,8598241.0,100,EXACT,2,2,Centella erecta,Centella,Centella,Centella
Aralia nudicaulis,3037021,Aralia nudicaulis,<i>Aralia</i> <i>nudicaulis</i> L.,SPECIES,Araliaceae,8800.0,Aralia,3036858.0,Aralia nudicaulis,3037021.0,99,EXACT,2,2,Aralia nudicaulis,Aralia,Aralia,Aralia
Trifolium repens,5358748,Trifolium repens,<i>Trifolium</i> <i>repens</i> L.,SPECIES,Fabaceae,5386.0,Trifolium,2973363.0,Trifolium repens,5358748.0,99,EXACT,2,2,Trifolium repens,Trifolium,Trifolium,Trifolium
Lomatium foeniculaceum,3034267,Lomatium foeniculaceum,<i>Lomatium</i> <i>foeniculaceum</i> (Nutt.) J.M.Coult. & Rose,SPECIES,Apiaceae,6720.0,Lomatium,8394726.0,Lomatium foeniculaceum,3034267.0,100,EXACT,2,2,Lomatium foeniculaceum,Lomatium,Lomatium,Lomatium
Musineon tenuifolium,7658142,Musineon tenuifolium,<i>Musineon</i> <i>tenuifolium</i> Nutt.,SPECIES,Apiaceae,6720.0,Musineon,3034879.0,Musineon tenuifolium,7658142.0,99,EXACT,2,2,Musineon tenuifolium,Musineon,Musineon,Musineon
Cymopterus acaulis,3034473,Cymopterus acaulis,<i>Cymopterus</i> <i>acaulis</i> Raf.,SPECIES,Apiaceae,6720.0,Cymopterus,3034443.0,Cymopterus glomeratus,6026405.0,99,EXACT,2,2,Cymopterus acaulis,Cymopterus,Cymopterus,Cymopterus
Cymopterus montanus,7911387,Cymopterus montanus,<i>Cymopterus</i> <i>montanus</i> Nutt.,SPECIES,Apiaceae,6720.0,Cymopterus,3034443.0,Cymopterus montanus,7911387.0,99,EXACT,2,2,Cymopterus montanus,Cymopterus,Cymopterus,Cymopterus
Potentilla anserina,5366829,Potentilla anserina,<i>Potentilla</i> <i>anserina</i> L.,SPECIES,Rosaceae,5015.0,Argentina,3026341.0,Argentina anserina,5367246.0,99,EXACT,2,2,Potentilla anserina,Potentilla,Potentilla,Potentilla
Fragaria,3029779,Fragaria,<i>Fragaria</i> L.,GENUS,Rosaceae,5015.0,Fragaria,3029779.0,,,80,HIGHERRANK,1,1,Fragaria,Fragaria,Fragaria,Fragaria
Fragaria virginiana,7950792,Fragaria virginiana,<i>Fragaria</i> <i>virginiana</i> Duchesne,SPECIES,Rosaceae,5015.0,Fragaria,3029779.0,Fragaria virginiana,7950792.0,99,EXACT,2,2,Fragaria virginiana,Fragaria,Fragaria,Fragaria
Fragaria vesca,3029817,Fragaria vesca,<i>Fragaria</i> <i>vesca</i> L.,SPECIES,Rosaceae,5015.0,Fragaria,3029779.0,Fragaria vesca,3029817.0,99,EXACT,2,2,Fragaria vesca,Fragaria,Fragaria,Fragaria
Oxalis violacea,2891708,Oxalis violacea,<i>Oxalis</i> <i>violacea</i> L.,SPECIES,Oxalidaceae,6697.0,Oxalis,2891642.0,Oxalis violacea,2891708.0,99,EXACT,2,2,Oxalis violacea,Oxalis,Oxalis,Oxalis
Pediomelum hypogaeum,2944196,Pediomelum hypogaeum,<i>Pediomelum</i> <i>hypogaeum</i> (Nutt.) Rydb.,SPECIES,Fabaceae,5386.0,Pediomelum,2959963.0,Pediomelum hypogaeum,2944196.0,100,EXACT,2,2,Pediomelum hypogaeum,Pediomelum,Pediomelum,Pediomelum
Pediomelum subacaule,2959964,Pediomelum subacaule,<i>Pediomelum</i> <i>subacaule</i> (Torr. & A.Gray) Rydb.,SPECIES,Fabaceae,5386.0,Pediomelum,2959963.0,Pediomelum subacaule,2959964.0,100,EXACT,2,2,Pediomelum subacaule,Pediomelum,Pediomelum,Pediomelum
Anemonella thalictroides,3033115,Anemonella thalictroides,<i>Anemonella</i> <i>thalictroides</i> (L.) Spach,SPECIES,Ranunculaceae,2410.0,Thalictrum,3033112.0,Thalictrum thalictroides,3033114.0,99,EXACT,2,2,Anemonella thalictroides,Anemonella,Anemonella,Anemonella
Mollugo verticillata,3084611,Mollugo verticillata,<i>Mollugo</i> <i>verticillata</i> L.,SPECIES,Molluginaceae,2517.0,Mollugo,3084606.0,Mollugo verticillata,3084611.0,99,EXACT,2,2,Mollugo verticillata,Mollugo,Mollugo,Mollugo
Krigia caespitosa,4273501,Krigia caespitosa,<i>Krigia</i> <i>caespitosa</i> (Raf.) K.L.Chambers,SPECIES,Asteraceae,3065.0,Krigia,3132392.0,Krigia caespitosa,4273501.0,100,EXACT,2,2,Krigia caespitosa,Krigia,Krigia,Krigia
Salvia lyrata,2927027,Salvia lyrata,<i>Salvia</i> <i>lyrata</i> L.,SPECIES,Lamiaceae,2497.0,Salvia,2926981.0,Salvia lyrata,2927027.0,100,EXACT,2,2,Salvia lyrata,Salvia,Salvia,Salvia
Silphium perfoliatum,3092576,Silphium perfoliatum,<i>Silphium</i> <i>perfoliatum</i> L.,SPECIES,Asteraceae,3065.0,Silphium,3092563.0,Silphium perfoliatum,3092576.0,100,EXACT,2,2,Silphium perfoliatum,Silphium,Silphium,Silphium
Valerianella,11070217,Valerianella,<i>Valerianella</i> sp. Boiss. & Balansa,SPECIES,Caprifoliaceae,6710.0,Valerianella,2888767.0,Valerianella lasiocarpa,4094788.0,97,HIGHERRANK,1,1,Valerianella,Valerianella,Valerianella,Valerianella
Claytonia,3084729,Claytonia,<i>Claytonia</i> L.,GENUS,Montiaceae,4898338.0,Claytonia,3084729.0,,,95,HIGHERRANK,1,1,Claytonia,Claytonia,Claytonia,Claytonia
Prunella vulgaris,5341297,Prunella vulgaris,<i>Prunella</i> <i>vulgaris</i> L.,SPECIES,Lamiaceae,2497.0,Prunella,2926553.0,Prunella vulgaris,5341297.0,99,EXACT,2,2,Prunella vulgaris,Prunella,Prunella,Prunella
Silene vulgaris,9172281,Silene vulgaris,<i>Silene</i> <i>vulgaris</i> (Moench) Garcke,SPECIES,Caryophyllaceae,2518.0,Silene,3085897.0,Silene vulgaris,9172281.0,100,EXACT,2,2,Silene vulgaris,Silene,Silene,Silene
Silene cserii,5384782,Silene csereii,<i>Silene</i> <i>csereii</i> Baumg.,SPECIES,Caryophyllaceae,2518.0,Silene,3085897.0,Silene csereii,5384782.0,95,VARIANT,2,2,Silene csereii,Silene,Silene,Silene
Podophyllum peltatum,3033839,Podophyllum peltatum,<i>Podophyllum</i> <i>peltatum</i> L.,SPECIES,Berberidaceae,6673.0,Podophyllum,3033838.0,Podophyllum peltatum,3033839.0,100,EXACT,2,2,Podophyllum peltatum,Podophyllum,Podophyllum,Podophyllum
Dentaria laciniata,5374824,Dentaria laciniata,<i>Dentaria</i> <i>laciniata</i> Muhl.,SPECIES,Brassicaceae,3112.0,Cardamine,3045622.0,Cardamine concatenata,3046217.0,99,EXACT,2,2,Dentaria laciniata,Dentaria,Dentaria,Dentaria
Dentaria multifida,5374763,Dentaria multifida,<i>Dentaria</i> <i>multifida</i> Muhl. ex Elliott,SPECIES,Brassicaceae,3112.0,Cardamine,3045622.0,Cardamine dissecta,3045698.0,99,EXACT,2,2,Dentaria multifida,Dentaria,Dentaria,Dentaria
Dentaria heterophylla,5374774,Dentaria heterophylla,<i>Dentaria</i> <i>heterophylla</i> Nutt.,SPECIES,Brassicaceae,3112.0,Cardamine,3045622.0,Cardamine angustata,3045786.0,100,EXACT,2,2,Dentaria heterophylla,Dentaria,Dentaria,Dentaria
Dentaria diphylla,5374767,Dentaria diphylla,<i>Dentaria</i> <i>diphylla</i> Michx.,SPECIES,Brassicaceae,3112.0,Cardamine,3045622.0,Cardamine diphylla,3045717.0,100,EXACT,2,2,Dentaria diphylla,Dentaria,Dentaria,Dentaria
Rumex acetosella,2888995,Rumex acetosella,<i>Rumex</i> <i>acetosella</i> L.,SPECIES,Polygonaceae,2416.0,Rumex,2888942.0,Rumex acetosella,2888995.0,99,EXACT,2,2,Rumex acetosella,Rumex,Rumex,Rumex
Rumex hastatalus,7840099,Rumex hastatulus,<i>Rumex</i> <i>hastatulus</i> Baldwin ex Elliott,SPECIES,Polygonaceae,2416.0,Rumex,2888942.0,Rumex hastatulus,7840099.0,95,VARIANT,2,2,Rumex hastatulus,Rumex,Rumex,Rumex
Rumex acetosa,2888951,Rumex acetosa,<i>Rumex</i> <i>acetosa</i> L.,SPECIES,Polygonaceae,2416.0,Rumex,2888942.0,Rumex acetosa,2888951.0,100,EXACT,2,2,Rumex acetosa,Rumex,Rumex,Rumex
Ficaria verna,9094061,Ficaria verna,<i>Ficaria</i> <i>verna</i> Huds.,SPECIES,Ranunculaceae,2410.0,Ficaria,3234342.0,Ficaria verna,9094061.0,100,EXACT,2,2,Ficaria verna,Ficaria,Ficaria,Ficaria
Bistorta vivipara,2889299,Bistorta vivipara,<i>Bistorta</i> <i>vivipara</i> (L.) Delarbre,SPECIES,Polygonaceae,2416.0,Bistorta,8148051.0,Bistorta vivipara,2889299.0,99,EXACT,2,2,Bistorta vivipara,Bistorta,Bistorta,Bistorta
Rumex,2888942,Rumex,<i>Rumex</i> L.,GENUS,Polygonaceae,2416.0,Rumex,2888942.0,,,80,HIGHERRANK,1,1,Rumex,Rumex,Rumex,Rumex
Rumex crispus,8195144,Rumex crispus,<i>Rumex</i> <i>crispus</i> L.,SPECIES,Polygonaceae,2416.0,Rumex,2888942.0,Rumex crispus,8195144.0,99,EXACT,2,2,Rumex crispus,Rumex,Rumex,Rumex
Rumex longifolius,2888946,Rumex longifolius,<i>Rumex</i> <i>longifolius</i> DC.,SPECIES,Polygonaceae,2416.0,Rumex,2888942.0,Rumex longifolius,2888946.0,99,EXACT,2,2,Rumex longifolius,Rumex,Rumex,Rumex
Rumex fueginus,2888982,Rumex fueginus,<i>Rumex</i> <i>fueginus</i> Phil.,SPECIES,Polygonaceae,2416.0,Rumex,2888942.0,Rumex fueginus,2888982.0,100,EXACT,2,2,Rumex fueginus,Rumex,Rumex,Rumex
Rumex patientia,2889019,Rumex patientia,<i>Rumex</i> <i>patientia</i> L.,SPECIES,Polygonaceae,2416.0,Rumex,2888942.0,Rumex patientia,2889019.0,99,EXACT,2,2,Rumex patientia,Rumex,Rumex,Rumex
Rumex obtusifolius,2889011,Rumex obtusifolius,<i>Rumex</i> <i>obtusifolius</i> L.,SPECIES,Polygonaceae,2416.0,Rumex,2888942.0,Rumex obtusifolius,2889011.0,99,EXACT,2,2,Rumex obtusifolius,Rumex,Rumex,Rumex
Mertensia virginica,5341242,Mertensia virginica,<i>Mertensia</i> <i>virginica</i> (L.) Pers. ex Link,SPECIES,Boraginaceae,2498.0,Mertensia,2663415.0,Mertensia virginica,5341242.0,99,EXACT,2,2,Mertensia virginica,Mertensia,Mertensia,Mertensia
Mertensia paniculata,5341214,Mertensia paniculata,<i>Mertensia</i> <i>paniculata</i> (Aiton) G.Don,SPECIES,Boraginaceae,2498.0,Mertensia,2663415.0,Mertensia paniculata,5341214.0,100,EXACT,2,2,Mertensia paniculata,Mertensia,Mertensia,Mertensia
Mertensia maritima,5341246,Mertensia maritima,<i>Mertensia</i> <i>maritima</i> (L.) Gray,SPECIES,Boraginaceae,2498.0,Mertensia,2663415.0,Mertensia maritima,5341246.0,100,EXACT,2,2,Mertensia maritima,Mertensia,Mertensia,Mertensia
Solidago sempervirens,5388927,Solidago sempervirens,<i>Solidago</i> <i>sempervirens</i> L.,SPECIES,Asteraceae,3065.0,Solidago,5388868.0,Solidago sempervirens,5388927.0,99,EXACT,2,2,Solidago sempervirens,Solidago,Solidago,Solidago
Symphtum officinale,7558421,Symphytum officinale,<i>Symphytum</i> <i>officinale</i> L.,SPECIES,Boraginaceae,2498.0,Symphytum,2926061.0,Symphytum officinale,7558421.0,89,VARIANT,2,2,Symphytum officinale,Symphtum,Symphytum,Symphytum
Arctium,11572432,Arctium,"<i>Arctium</i> sp. Linnaeus, 1753",SPECIES,Asteraceae,3065.0,Arctium,8106066.0,Arctium,11572432.0,98,HIGHERRANK,1,1,Arctium,Arctium,Arctium,Arctium
Arctium lappa,7353729,Arctium lappa,<i>Arctium</i> <i>lappa</i> L.,SPECIES,Asteraceae,3065.0,Arctium,8106066.0,Arctium lappa,7353729.0,99,EXACT,2,2,Arctium lappa,Arctium,Arctium,Arctium
Arctium minus,5393103,Arctium minus,<i>Arctium</i> <i>minus</i> (Hill) Bernh.,SPECIES,Asteraceae,3065.0,Arctium,8106066.0,Arctium minus,5393103.0,99,EXACT,2,2,Arctium minus,Arctium,Arctium,Arctium
Arctium tomentosa,5393080,Arctium tomentosum,<i>Arctium</i> <i>tomentosum</i> Mill.,SPECIES,Asteraceae,3065.0,Arctium,8106066.0,Arctium tomentosum,5393080.0,98,VARIANT,2,2,Arctium tomentosum,Arctium,Arctium,Arctium
Aster novae-angliae,5406425,Aster novae-angliae,<i>Aster</i> <i>novae-angliae</i> L.,SPECIES,Asteraceae,3065.0,Symphyotrichum,3151391.0,Symphyotrichum novae-angliae,3151618.0,100,EXACT,2,2,Aster novae-angliae,Aster,Aster,Aster
Berteroa incana,3053522,Berteroa incana,<i>Berteroa</i> <i>incana</i> (L.) DC.,SPECIES,Brassicaceae,3112.0,Berteroa,3053514.0,Berteroa incana,3053522.0,100,EXACT,2,2,Berteroa incana,Berteroa,Berteroa,Berteroa
Campanula rotundifolia,5410907,Campanula rotundifolia,<i>Campanula</i> <i>rotundifolia</i> L.,SPECIES,Campanulaceae,8801.0,Campanula,3161935.0,Campanula rotundifolia,5410907.0,99,EXACT,2,2,Campanula rotundifolia,Campanula,Campanula,Campanula
Campanula americana,7639571,Campanula americana,"<i>Campanula</i> <i>americana</i> hort. ex Steud., 1840",SPECIES,Campanulaceae,8801.0,Campanula,3161935.0,Campanula americana,7639571.0,99,EXACT,2,2,Campanula americana,Campanula,Campanula,Campanula
Campanula rapunculoides,5410436,Campanula rapunculoides,<i>Campanula</i> <i>rapunculoides</i> L.,SPECIES,Campanulaceae,8801.0,Campanula,3161935.0,Campanula rapunculoides,5410436.0,99,EXACT,2,2,Campanula rapunculoides,Campanula,Campanula,Campanula
Caltha palustris,5371685,Caltha palustris,<i>Caltha</i> <i>palustris</i> L.,SPECIES,Ranunculaceae,2410.0,Caltha,3033282.0,Caltha palustris,5371685.0,100,EXACT,2,2,Caltha palustris,Caltha,Caltha,Caltha
Cochlearia,3040481,Cochlearia,<i>Cochlearia</i> L.,GENUS,Brassicaceae,3112.0,Cochlearia,3040481.0,,,80,HIGHERRANK,1,1,Cochlearia,Cochlearia,Cochlearia,Cochlearia
Cardamine bulbosa,3045907,Cardamine bulbosa,"<i>Cardamine</i> <i>bulbosa</i> (Schreb. ex Muhl.) Britton, Sterns & Poggenb.",SPECIES,Brassicaceae,3112.0,Cardamine,3045622.0,Cardamine bulbosa,3045907.0,100,EXACT,2,2,Cardamine bulbosa,Cardamine,Cardamine,Cardamine
Thlaspi arvense,3052680,Thlaspi arvense,<i>Thlaspi</i> <i>arvense</i> L.,SPECIES,Brassicaceae,3112.0,Thlaspi,3052635.0,Thlaspi arvense,3052680.0,100,EXACT,2,2,Thlaspi arvense,Thlaspi,Thlaspi,Thlaspi
Thlaspi alliaceum,3052738,Thlaspi alliaceum,<i>Thlaspi</i> <i>alliaceum</i> L.,SPECIES,Brassicaceae,3112.0,Mummenhoffia,11109737.0,Mummenhoffia alliacea,10944522.0,100,EXACT,2,2,Thlaspi alliaceum,Thlaspi,Thlaspi,Thlaspi
Armoracia rusticana,3041022,Armoracia rusticana,"<i>Armoracia</i> <i>rusticana</i> P.Gaertn., B.Mey. & Scherb.",SPECIES,Brassicaceae,3112.0,Armoracia,3041017.0,Armoracia rusticana,3041022.0,99,EXACT,2,2,Armoracia rusticana,Armoracia,Armoracia,Armoracia
Boechera laevigata,3043265,Boechera laevigata,<i>Boechera</i> <i>laevigata</i> (Muhl. ex Willd.) Al-Shehbaz,SPECIES,Brassicaceae,3112.0,Borodinia,3050986.0,Borodinia laevigata,8221492.0,100,EXACT,2,2,Boechera laevigata,Boechera,Boechera,Boechera
Hesperis matronalis,3042291,Hesperis matronalis,<i>Hesperis</i> <i>matronalis</i> L.,SPECIES,Brassicaceae,3112.0,Hesperis,3042187.0,Hesperis matronalis,3042291.0,100,EXACT,2,2,Hesperis matronalis,Hesperis,Hesperis,Hesperis
Cardaria draba,3052311,Cardaria draba,<i>Cardaria</i> <i>draba</i> (L.) Desv.,SPECIES,Brassicaceae,3112.0,Lepidium,3051713.0,Lepidium draba,5376961.0,100,EXACT,2,2,Cardaria draba,Cardaria,Cardaria,Cardaria
Alliaria petiolata,5376075,Alliaria petiolata,<i>Alliaria</i> <i>petiolata</i> (M.Bieb.) Cavara & Grande,SPECIES,Brassicaceae,3112.0,Alliaria,3050645.0,Alliaria petiolata,5376075.0,100,EXACT,2,2,Alliaria petiolata,Alliaria,Alliaria,Alliaria
Eryngium yuccifolium,3034408,Eryngium yuccifolium,<i>Eryngium</i> <i>yuccifolium</i> Michx.,SPECIES,Apiaceae,6720.0,Eryngium,3034387.0,Eryngium yuccifolium,3034408.0,100,EXACT,2,2,Eryngium yuccifolium,Eryngium,Eryngium,Eryngium
Chenopodium capitatum,11379590,Chenopodium capitatum,"<i>Chenopodium</i> <i>capitatum</i> (Linnaeus, 1753) Ach.",SPECIES,Amaranthaceae,3064.0,Chenopodium,3083823.0,Chenopodium capitatum,11379590.0,99,EXACT,2,2,Chenopodium capitatum,Chenopodium,Chenopodium,Chenopodium
Oenothera biennis,3188924,Oenothera biennis,<i>Oenothera</i> <i>biennis</i> L.,SPECIES,Onagraceae,2430.0,Oenothera,3188799.0,Oenothera biennis,3188924.0,99,EXACT,2,2,Oenothera biennis,Oenothera,Oenothera,Oenothera
Silphium terebinthinaceum,7475866,Silphium terebinthinaceum,<i>Silphium</i> <i>terebinthinaceum</i> Jacq.,SPECIES,Asteraceae,3065.0,Silphium,3092563.0,Silphium terebinthinaceum,7475866.0,99,EXACT,2,2,Silphium terebinthinaceum,Silphium,Silphium,Silphium
Aster macrophyllus,5396109,Aster macrophyllus,<i>Aster</i> <i>macrophyllus</i> L.,SPECIES,Asteraceae,3065.0,Eurybia,3120531.0,Eurybia macrophylla,5396106.0,100,EXACT,2,2,Aster macrophyllus,Aster,Aster,Aster
Viola canadensis,5331231,Viola canadensis,<i>Viola</i> <i>canadensis</i> L.,SPECIES,Violaceae,6631.0,Viola,2874237.0,Viola canadensis,5331231.0,100,EXACT,2,2,Viola canadensis,Viola,Viola,Viola
Viola pubescens,5331338,Viola pubescens,<i>Viola</i> <i>pubescens</i> Aiton,SPECIES,Violaceae,6631.0,Viola,2874237.0,Viola pubescens,5331338.0,100,EXACT,2,2,Viola pubescens,Viola,Viola,Viola
Lygodesmia texana,7811240,Lygodesmia texana,<i>Lygodesmia</i> <i>texana</i> (Torr. & A.Gray) Greene ex Small,SPECIES,Asteraceae,3065.0,Lygodesmia,3091131.0,Lygodesmia texana,7811240.0,99,EXACT,2,2,Lygodesmia texana,Lygodesmia,Lygodesmia,Lygodesmia
Scorzonera laciniata,8286501,Scorzonera laciniata,<i>Scorzonera</i> <i>laciniata</i> L.,SPECIES,Asteraceae,3065.0,Scorzonera,3110888.0,Scorzonera laciniata,8286501.0,99,EXACT,2,2,Scorzonera laciniata,Scorzonera,Scorzonera,Scorzonera
Cirsium,3112554,Cirsium,<i>Cirsium</i> Mill.,GENUS,Asteraceae,3065.0,Cirsium,3112554.0,,,95,HIGHERRANK,1,1,Cirsium,Cirsium,Cirsium,Cirsium
Carduus,11666629,Carduus,"<i>Carduus</i> sp. (Linnaeus, 1767) Gren.",SPECIES,Asteraceae,3065.0,Carduus,3114511.0,Carduus,11666629.0,97,HIGHERRANK,1,1,Carduus,Carduus,Carduus,Carduus
Onopordum,3094883,Onopordum,<i>Onopordum</i> L.,GENUS,Asteraceae,3065.0,Onopordum,3094883.0,,,80,HIGHERRANK,1,1,Onopordum,Onopordum,Onopordum,Onopordum
Silybum,3145213,Silybum,<i>Silybum</i> Vaill. ex Adans.,GENUS,Asteraceae,3065.0,Silybum,3145213.0,,,95,HIGHERRANK,1,1,Silybum,Silybum,Silybum,Silybum
Cirsium discolor,3112737,Cirsium discolor,<i>Cirsium</i> <i>discolor</i> (Muhl. ex Willd.) Spreng.,SPECIES,Asteraceae,3065.0,Cirsium,3112554.0,Cirsium discolor,3112737.0,99,EXACT,2,2,Cirsium discolor,Cirsium,Cirsium,Cirsium
Cirsium altissimum,8078803,Cirsium altissimum,<i>Cirsium</i> <i>altissimum</i> (L.) Spreng.,SPECIES,Asteraceae,3065.0,Cirsium,3112554.0,Cirsium altissimum,8078803.0,99,EXACT,2,2,Cirsium altissimum,Cirsium,Cirsium,Cirsium
Cirsium horridulum,3112777,Cirsium horridulum,<i>Cirsium</i> <i>horridulum</i> Michx.,SPECIES,Asteraceae,3065.0,Cirsium,3112554.0,Cirsium horridulum,3112777.0,99,EXACT,2,2,Cirsium horridulum,Cirsium,Cirsium,Cirsium
Cirsium vulgare,3112801,Cirsium vulgare,<i>Cirsium</i> <i>vulgare</i> (Savi) Ten.,SPECIES,Asteraceae,3065.0,Cirsium,3112554.0,Cirsium vulgare,3112801.0,99,EXACT,2,2,Cirsium vulgare,Cirsium,Cirsium,Cirsium
Cirsium muticum,3113181,Cirsium muticum,<i>Cirsium</i> <i>muticum</i> Michx.,SPECIES,Asteraceae,3065.0,Cirsium,3112554.0,Cirsium muticum,3113181.0,100,EXACT,2,2,Cirsium muticum,Cirsium,Cirsium,Cirsium
Onopordum acanthium,3094900,Onopordum acanthium,<i>Onopordum</i> <i>acanthium</i> L.,SPECIES,Asteraceae,3065.0,Onopordum,3094883.0,Onopordum acanthium,3094900.0,100,EXACT,2,2,Onopordum acanthium,Onopordum,Onopordum,Onopordum
Carduus nutans,8185959,Carduus nutans,<i>Carduus</i> <i>nutans</i> L.,SPECIES,Asteraceae,3065.0,Carduus,3114511.0,Carduus nutans,8185959.0,99,EXACT,2,2,Carduus nutans,Carduus,Carduus,Carduus
Silybum marianum,3145214,Silybum marianum,<i>Silybum</i> <i>marianum</i> (L.) Gaertn.,SPECIES,Asteraceae,3065.0,Silybum,3145213.0,Silybum marianum,3145214.0,100,EXACT,2,2,Silybum marianum,Silybum,Silybum,Silybum
Lapsana communis,3134857,Lapsana communis,<i>Lapsana</i> <i>communis</i> L.,SPECIES,Asteraceae,3065.0,Lapsana,3134850.0,Lapsana communis,3134857.0,100,EXACT,2,2,Lapsana communis,Lapsana,Lapsana,Lapsana
Youngia japonica,5387974,Youngia japonica,<i>Youngia</i> <i>japonica</i> (L.) DC.,SPECIES,Asteraceae,3065.0,Youngia,3095748.0,Youngia japonica,5387974.0,100,EXACT,2,2,Youngia japonica,Youngia,Youngia,Youngia
Pyrrhopappus carolinianus,3145236,Pyrrhopappus carolinianus,<i>Pyrrhopappus</i> <i>carolinianus</i> (Walter) DC.,SPECIES,Asteraceae,3065.0,Pyrrhopappus,3145230.0,Pyrrhopappus carolinianus,3145236.0,100,EXACT,2,2,Pyrrhopappus carolinianus,Pyrrhopappus,Pyrrhopappus,Pyrrhopappus
Cichorium intybus,5392252,Cichorium intybus,<i>Cichorium</i> <i>intybus</i> L.,SPECIES,Asteraceae,3065.0,Cichorium,3106707.0,Cichorium intybus,5392252.0,100,EXACT,2,2,Cichorium intybus,Cichorium,Cichorium,Cichorium
Sonchus oleroceus,8228544,Sonchus oleraceus,<i>Sonchus</i> <i>oleraceus</i> L.,SPECIES,Asteraceae,3065.0,Sonchus,3105646.0,Sonchus oleraceus,8228544.0,95,VARIANT,2,2,Sonchus oleraceus,Sonchus,Sonchus,Sonchus
Sonchus asper,3105782,Sonchus asper,<i>Sonchus</i> <i>asper</i> (L.) Hill,SPECIES,Asteraceae,3065.0,Sonchus,3105646.0,Sonchus asper,3105782.0,99,EXACT,2,2,Sonchus asper,Sonchus,Sonchus,Sonchus
Sonchus arvensis,3105813,Sonchus arvensis,<i>Sonchus</i> <i>arvensis</i> L.,SPECIES,Asteraceae,3065.0,Sonchus,3105646.0,Sonchus arvensis,3105813.0,100,EXACT,2,2,Sonchus arvensis,Sonchus,Sonchus,Sonchus
Lactuca,3140231,Lactuca,<i>Lactuca</i> L.,GENUS,Asteraceae,3065.0,Lactuca,3140231.0,,,94,HIGHERRANK,1,1,Lactuca,Lactuca,Lactuca,Lactuca
Lactuca canadensis,3140315,Lactuca canadensis,<i>Lactuca</i> <i>canadensis</i> L.,SPECIES,Asteraceae,3065.0,Lactuca,3140231.0,Lactuca canadensis,3140315.0,99,EXACT,2,2,Lactuca canadensis,Lactuca,Lactuca,Lactuca
Lactuca hirsuta,7521930,Lactuca hirsuta,<i>Lactuca</i> <i>hirsuta</i> Muhl. ex Nutt.,SPECIES,Asteraceae,3065.0,Lactuca,3140231.0,Lactuca hirsuta,7521930.0,99,EXACT,2,2,Lactuca hirsuta,Lactuca,Lactuca,Lactuca
Lactuca floridana,3140423,Lactuca floridana,<i>Lactuca</i> <i>floridana</i> (L.) Gaertn.,SPECIES,Asteraceae,3065.0,Lactuca,3140231.0,Lactuca floridana,3140423.0,100,EXACT,2,2,Lactuca floridana,Lactuca,Lactuca,Lactuca
Lactuca biennis,3140515,Lactuca biennis,<i>Lactuca</i> <i>biennis</i> (Moench) Fernald,SPECIES,Asteraceae,3065.0,Lactuca,3140231.0,Lactuca biennis,3140515.0,100,EXACT,2,2,Lactuca biennis,Lactuca,Lactuca,Lactuca
Lactuca pulchella,3140419,Lactuca pulchella,<i>Lactuca</i> <i>pulchella</i> (Pursh) DC.,SPECIES,Asteraceae,3065.0,Lactuca,3140231.0,Lactuca pulchella,3140419.0,100,EXACT,2,2,Lactuca pulchella,Lactuca,Lactuca,Lactuca
Lactuca saligna,3140467,Lactuca saligna,<i>Lactuca</i> <i>saligna</i> L.,SPECIES,Asteraceae,3065.0,Lactuca,3140231.0,Lactuca saligna,3140467.0,100,EXACT,2,2,Lactuca saligna,Lactuca,Lactuca,Lactuca
Lactuca serriola,3140490,Lactuca serriola,<i>Lactuca</i> <i>serriola</i> L.,SPECIES,Asteraceae,3065.0,Lactuca,3140231.0,Lactuca serriola,3140490.0,100,EXACT,2,2,Lactuca serriola,Lactuca,Lactuca,Lactuca
Lactuca ludoviciana,3140324,Lactuca ludoviciana,<i>Lactuca</i> <i>ludoviciana</i> (Nutt.) Riddell,SPECIES,Asteraceae,3065.0,Lactuca,3140231.0,Lactuca ludoviciana,3140324.0,100,EXACT,2,2,Lactuca ludoviciana,Lactuca,Lactuca,Lactuca
Castilleja coccinea,3170660,Castilleja coccinea,<i>Castilleja</i> <i>coccinea</i> (L.) Spreng.,SPECIES,Orobanchaceae,6651.0,Castilleja,3170565.0,Castilleja coccinea,3170660.0,99,EXACT,2,2,Castilleja coccinea,Castilleja,Castilleja,Castilleja
Rudbeckia laciniata,3114229,Rudbeckia laciniata,<i>Rudbeckia</i> <i>laciniata</i> L.,SPECIES,Asteraceae,3065.0,Rudbeckia,3114220.0,Rudbeckia laciniata,3114229.0,100,EXACT,2,2,Rudbeckia laciniata,Rudbeckia,Rudbeckia,Rudbeckia
Monolepis nuttalliana,5383905,Monolepis nuttalliana,<i>Monolepis</i> <i>nuttalliana</i> (Roem. & Schult.) Greene,SPECIES,Amaranthaceae,3064.0,Blitum,7723712.0,Blitum nuttallianum,5568899.0,100,EXACT,2,2,Monolepis nuttalliana,Monolepis,Monolepis,Monolepis
Callirhoe involucrata,5406702,Callirhoe involucrata,<i>Callirhoe</i> <i>involucrata</i> (Nutt. ex Torr. & A.Gray) A.Gray,SPECIES,Malvaceae,6685.0,Callirhoe,3152285.0,Callirhoe involucrata,5406702.0,100,EXACT,2,2,Callirhoe involucrata,Callirhoe,Callirhoe,Callirhoe
Callirhoe pedata,5406705,Callirhoe pedata,<i>Callirhoe</i> <i>pedata</i> (Nutt. ex Hook.) A.Gray,SPECIES,Malvaceae,6685.0,Callirhoe,3152285.0,Callirhoe pedata,5406705.0,100,EXACT,2,2,Callirhoe pedata,Callirhoe,Callirhoe,Callirhoe
Malva neglecta,3152373,Malva neglecta,<i>Malva</i> <i>neglecta</i> Wallr.,SPECIES,Malvaceae,6685.0,Malva,3152364.0,Malva neglecta,3152373.0,100,EXACT,2,2,Malva neglecta,Malva,Malva,Malva
Malva moschata,3152379,Malva moschata,<i>Malva</i> <i>moschata</i> L.,SPECIES,Malvaceae,6685.0,Malva,3152364.0,Malva moschata,3152379.0,99,EXACT,2,2,Malva moschata,Malva,Malva,Malva
Malva sylvestris,3152374,Malva sylvestris,<i>Malva</i> <i>sylvestris</i> L.,SPECIES,Malvaceae,6685.0,Malva,3152364.0,Malva sylvestris,3152374.0,100,EXACT,2,2,Malva sylvestris,Malva,Malva,Malva
Napaea dioica,5406715,Napaea dioica,<i>Napaea</i> <i>dioica</i> L.,SPECIES,Malvaceae,6685.0,Napaea,3152362.0,Napaea dioica,5406715.0,100,EXACT,2,2,Napaea dioica,Napaea,Napaea,Napaea
Hydrophyllum appendiculatum,2928279,Hydrophyllum appendiculatum,<i>Hydrophyllum</i> <i>appendiculatum</i> Michx.,SPECIES,Hydrophyllaceae,2387.0,Hydrophyllum,8906001.0,Hydrophyllum appendiculatum,2928279.0,100,EXACT,2,2,Hydrophyllum appendiculatum,Hydrophyllum,Hydrophyllum,Hydrophyllum
Hydrophyllum canadense,2928284,Hydrophyllum canadense,<i>Hydrophyllum</i> <i>canadense</i> L.,SPECIES,Hydrophyllaceae,2387.0,Hydrophyllum,8906001.0,Hydrophyllum canadense,2928284.0,100,EXACT,2,2,Hydrophyllum canadense,Hydrophyllum,Hydrophyllum,Hydrophyllum
Hydrophyllum virginianum,2928281,Hydrophyllum virginianum,<i>Hydrophyllum</i> <i>virginianum</i> L.,SPECIES,Hydrophyllaceae,2387.0,Hydrophyllum,8906001.0,Hydrophyllum virginianum,2928281.0,100,EXACT,2,2,Hydrophyllum virginianum,Hydrophyllum,Hydrophyllum,Hydrophyllum
Hydrophyllum macrophyllum,2928283,Hydrophyllum macrophyllum,<i>Hydrophyllum</i> <i>macrophyllum</i> Nutt.,SPECIES,Hydrophyllaceae,2387.0,Hydrophyllum,8906001.0,Hydrophyllum macrophyllum,2928283.0,100,EXACT,2,2,Hydrophyllum macrophyllum,Hydrophyllum,Hydrophyllum,Hydrophyllum
Viola bicolor,2874237,Viola,<i>Viola</i> L.,GENUS,Violaceae,6631.0,Viola,2874237.0,,,99,HIGHERRANK,2,1,Viola,Viola,Viola,Viola
Silphium laciniatum,3092583,Silphium laciniatum,<i>Silphium</i> <i>laciniatum</i> L.,SPECIES,Asteraceae,3065.0,Silphium,3092563.0,Silphium laciniatum,3092583.0,99,EXACT,2,2,Silphium laciniatum,Silphium,Silphium,Silphium
Pedicularis canadensis,3171674,Pedicularis canadensis,<i>Pedicularis</i> <i>canadensis</i> L.,SPECIES,Orobanchaceae,6651.0,Pedicularis,3171670.0,Pedicularis canadensis,3171674.0,100,EXACT,2,2,Pedicularis canadensis,Pedicularis,Pedicularis,Pedicularis
Chrysanthemum leucanthemum,3134125,Chrysanthemum leucanthemum,<i>Chrysanthemum</i> <i>leucanthemum</i> L.,SPECIES,Asteraceae,3065.0,Leucanthemum,7684028.0,Leucanthemum vulgare,8848598.0,100,EXACT,2,2,Chrysanthemum leucanthemum,Chrysanthemum,Chrysanthemum,Chrysanthemum
Oenothera laciniata,3188867,Oenothera laciniata,<i>Oenothera</i> <i>laciniata</i> Hill,SPECIES,Onagraceae,2430.0,Oenothera,3188799.0,Oenothera laciniata,3188867.0,100,EXACT,2,2,Oenothera laciniata,Oenothera,Oenothera,Oenothera
Diplotaxis muralis,5376337,Diplotaxis muralis,<i>Diplotaxis</i> <i>muralis</i> (L.) DC.,SPECIES,Brassicaceae,3112.0,Diplotaxis,3051461.0,Diplotaxis muralis,5376337.0,99,EXACT,2,2,Diplotaxis muralis,Diplotaxis,Diplotaxis,Diplotaxis
Rorippa palustris,3053168,Rorippa palustris,<i>Rorippa</i> <i>palustris</i> (L.) Besser,SPECIES,Brassicaceae,3112.0,Rorippa,3053118.0,Rorippa palustris,3053168.0,99,EXACT,2,2,Rorippa palustris,Rorippa,Rorippa,Rorippa
Rorippa sylvestris,3053376,Rorippa sylvestris,<i>Rorippa</i> <i>sylvestris</i> (L.) Besser,SPECIES,Brassicaceae,3112.0,Rorippa,3053118.0,Rorippa sylvestris,3053376.0,100,EXACT,2,2,Rorippa sylvestris,Rorippa,Rorippa,Rorippa
Barbarea vulgaris,5708780,Barbarea vulgaris,<i>Barbarea</i> <i>vulgaris</i> (L.) W.T.Aiton,SPECIES,Brassicaceae,3112.0,Barbarea,8370997.0,Barbarea vulgaris,5708780.0,99,EXACT,2,2,Barbarea vulgaris,Barbarea,Barbarea,Barbarea
Barbarea verna,5374672,Barbarea verna,<i>Barbarea</i> <i>verna</i> (Mill.) Asch.,SPECIES,Brassicaceae,3112.0,Barbarea,8370997.0,Barbarea verna,5374672.0,100,EXACT,2,2,Barbarea verna,Barbarea,Barbarea,Barbarea
Chorispora tenella,3044349,Chorispora tenella,<i>Chorispora</i> <i>tenella</i> (Pall.) DC.,SPECIES,Brassicaceae,3112.0,Chorispora,3044348.0,Chorispora tenella,3044349.0,100,EXACT,2,2,Chorispora tenella,Chorispora,Chorispora,Chorispora
Capsella bursa-pastoris,5375388,Capsella bursa-pastoris,<i>Capsella</i> <i>bursa-pastoris</i> (L.) Medik.,SPECIES,Brassicaceae,3112.0,Capsella,3047430.0,Capsella bursa-pastoris,5375388.0,100,EXACT,2,2,Capsella bursa-pastoris,Capsella,Capsella,Capsella
Lepidium campestre,7703116,Lepidium campestre,<i>Lepidium</i> <i>campestre</i> (L.) W.T.Aiton,SPECIES,Brassicaceae,3112.0,Lepidium,3051713.0,Lepidium campestre,7703116.0,99,EXACT,2,2,Lepidium campestre,Lepidium,Lepidium,Lepidium
Lepidium virginicum,5376648,Lepidium virginicum,<i>Lepidium</i> <i>virginicum</i> L.,SPECIES,Brassicaceae,3112.0,Lepidium,3051713.0,Lepidium virginicum,5376648.0,99,EXACT,2,2,Lepidium virginicum,Lepidium,Lepidium,Lepidium
Arabis glabra,5376011,Arabis glabra,<i>Arabis</i> <i>glabra</i> (L.) Bernh.,SPECIES,Brassicaceae,3112.0,Turritis,5375994.0,Turritis glabra,5376000.0,100,EXACT,2,2,Arabis glabra,Arabis,Arabis,Arabis
Brassica rapa,7903057,Brassica rapa,<i>Brassica</i> <i>rapa</i> L.,SPECIES,Brassicaceae,3112.0,Brassica,3042506.0,Brassica rapa,7903057.0,99,EXACT,2,2,Brassica rapa,Brassica,Brassica,Brassica
Rapistrum cabbage,8306649,Rapistrum,<i>Rapistrum</i> Crantz,GENUS,Brassicaceae,3112.0,Rapistrum,8306649.0,,,95,HIGHERRANK,2,1,Rapistrum,Rapistrum,Rapistrum,Rapistrum
Bunias orientalis,3050364,Bunias orientalis,<i>Bunias</i> <i>orientalis</i> L.,SPECIES,Brassicaceae,3112.0,Bunias,3050356.0,Bunias orientalis,3050364.0,100,EXACT,2,2,Bunias orientalis,Bunias,Bunias,Bunias
Brassica nigra,3042658,Brassica nigra,<i>Brassica</i> <i>nigra</i> (L.) W.D.J.Koch,SPECIES,Brassicaceae,3112.0,Brassica,3042506.0,Brassica nigra,3042658.0,99,EXACT,2,2,Brassica nigra,Brassica,Brassica,Brassica
Sinapis alba,3047621,Sinapis alba,<i>Sinapis</i> <i>alba</i> L.,SPECIES,Brassicaceae,3112.0,Sinapis,3047584.0,Sinapis alba,3047621.0,100,EXACT,2,2,Sinapis alba,Sinapis,Sinapis,Sinapis
Sisymbrium officinale,3046890,Sisymbrium officinale,<i>Sisymbrium</i> <i>officinale</i> (L.) Scop.,SPECIES,Brassicaceae,3112.0,Sisymbrium,3046735.0,Sisymbrium officinale,3046890.0,100,EXACT,2,2,Sisymbrium officinale,Sisymbrium,Sisymbrium,Sisymbrium
Sisymbrium loeselii,3046875,Sisymbrium loeselii,<i>Sisymbrium</i> <i>loeselii</i> L.,SPECIES,Brassicaceae,3112.0,Sisymbrium,3046735.0,Sisymbrium loeselii,3046875.0,99,EXACT,2,2,Sisymbrium loeselii,Sisymbrium,Sisymbrium,Sisymbrium
Sisymbrium altissimum,3046736,Sisymbrium altissimum,<i>Sisymbrium</i> <i>altissimum</i> L.,SPECIES,Brassicaceae,3112.0,Sisymbrium,3046735.0,Sisymbrium altissimum,3046736.0,99,EXACT,2,2,Sisymbrium altissimum,Sisymbrium,Sisymbrium,Sisymbrium
Coincya monensis,3040600,Coincya monensis,<i>Coincya</i> <i>monensis</i> (L.) Greuter & Burdet,SPECIES,Brassicaceae,3112.0,Coincya,3040581.0,Coincya monensis,3040600.0,100,EXACT,2,2,Coincya monensis,Coincya,Coincya,Coincya
Erucastrum gallicum,5375547,Erucastrum gallicum,<i>Erucastrum</i> <i>gallicum</i> (Willd.) O.E.Schulz,SPECIES,Brassicaceae,3112.0,Erucastrum,7508856.0,Erucastrum gallicum,5375547.0,100,EXACT,2,2,Erucastrum gallicum,Erucastrum,Erucastrum,Erucastrum
Sinapis arvensis,3047598,Sinapis arvensis,<i>Sinapis</i> <i>arvensis</i> L.,SPECIES,Brassicaceae,3112.0,Sinapis,3047584.0,Sinapis arvensis,3047598.0,99,EXACT,2,2,Sinapis arvensis,Sinapis,Sinapis,Sinapis
Raphanus raphanistrum,3040983,Raphanus raphanistrum,<i>Raphanus</i> <i>raphanistrum</i> L.,SPECIES,Brassicaceae,3112.0,Raphanus,3040962.0,Raphanus raphanistrum,3040983.0,99,EXACT,2,2,Raphanus raphanistrum,Raphanus,Raphanus,Raphanus
Heracleum lanatum,3034828,Heracleum lanatum,<i>Heracleum</i> <i>lanatum</i> Michx.,SPECIES,Apiaceae,6720.0,Heracleum,3034824.0,Heracleum maximum,3034826.0,100,EXACT,2,2,Heracleum lanatum,Heracleum,Heracleum,Heracleum
Heracleum mantegazzianum,3034825,Heracleum mantegazzianum,<i>Heracleum</i> <i>mantegazzianum</i> Sommier & Levier,SPECIES,Apiaceae,6720.0,Heracleum,3034824.0,Heracleum mantegazzianum,3034825.0,100,EXACT,2,2,Heracleum mantegazzianum,Heracleum,Heracleum,Heracleum
Cryptotaenia canadensis,3034433,Cryptotaenia canadensis,<i>Cryptotaenia</i> <i>canadensis</i> (L.) DC.,SPECIES,Apiaceae,6720.0,Cryptotaenia,3034431.0,Cryptotaenia canadensis,3034433.0,100,EXACT,2,2,Cryptotaenia canadensis,Cryptotaenia,Cryptotaenia,Cryptotaenia
Sanicula,3034831,Sanicula,<i>Sanicula</i> L.,GENUS,Apiaceae,6720.0,Sanicula,3034831.0,,,80,HIGHERRANK,1,1,Sanicula,Sanicula,Sanicula,Sanicula
Oxypolis rigidior,3034755,Oxypolis rigidior,<i>Oxypolis</i> <i>rigidior</i> (L.) Raf.,SPECIES,Apiaceae,6720.0,Oxypolis,3034746.0,Oxypolis rigidior,3034755.0,100,EXACT,2,2,Oxypolis rigidior,Oxypolis,Oxypolis,Oxypolis
Pimpinella saxifraga,7622278,Pimpinella saxifraga,<i>Pimpinella</i> <i>saxifraga</i> L.,SPECIES,Apiaceae,6720.0,Pimpinella,3034784.0,Pimpinella saxifraga,7622278.0,99,EXACT,2,2,Pimpinella saxifraga,Pimpinella,Pimpinella,Pimpinella
Pimpinella anisum,8080300,Pimpinella anisum,<i>Pimpinella</i> <i>anisum</i> L.,SPECIES,Apiaceae,6720.0,Pimpinella,3034784.0,Pimpinella anisum,8080300.0,99,EXACT,2,2,Pimpinella anisum,Pimpinella,Pimpinella,Pimpinella
Cardamine pratensis,7972010,Cardamine pratensis,<i>Cardamine</i> <i>pratensis</i> L.,SPECIES,Brassicaceae,3112.0,Cardamine,3045622.0,Cardamine pratensis,7972010.0,99,EXACT,2,2,Cardamine pratensis,Cardamine,Cardamine,Cardamine
Cardamine hirsuta,3046258,Cardamine hirsuta,<i>Cardamine</i> <i>hirsuta</i> L.,SPECIES,Brassicaceae,3112.0,Cardamine,3045622.0,Cardamine hirsuta,3046258.0,99,EXACT,2,2,Cardamine hirsuta,Cardamine,Cardamine,Cardamine
Cardamine pensylvanica,3045880,Cardamine pensylvanica,<i>Cardamine</i> <i>pensylvanica</i> Muhl.,SPECIES,Brassicaceae,3112.0,Cardamine,3045622.0,Cardamine pensylvanica,3045880.0,99,EXACT,2,2,Cardamine pensylvanica,Cardamine,Cardamine,Cardamine
Cardamine imaptiens,3046187,Cardamine impatiens,<i>Cardamine</i> <i>impatiens</i> L.,SPECIES,Brassicaceae,3112.0,Cardamine,3045622.0,Cardamine impatiens,3046187.0,96,VARIANT,2,2,Cardamine impatiens,Cardamine,Cardamine,Cardamine
Lepidium didymum,5377060,Lepidium didymum,<i>Lepidium</i> <i>didymum</i> L.,SPECIES,Brassicaceae,3112.0,Lepidium,3051713.0,Lepidium didymum,5377060.0,100,EXACT,2,2,Lepidium didymum,Lepidium,Lepidium,Lepidium
Duchesnea indica,3031919,Duchesnea indica,<i>Duchesnea</i> <i>indica</i> (Andrews) Focke,SPECIES,Rosaceae,5015.0,Potentilla,8079058.0,Potentilla indica,5365717.0,99,EXACT,2,2,Duchesnea indica,Duchesnea,Duchesnea,Duchesnea
Trifolium pratense,8324121,Trifolium pratense,<i>Trifolium</i> <i>pratense</i> L.,SPECIES,Fabaceae,5386.0,Trifolium,2973363.0,Trifolium pratense,8324121.0,100,EXACT,2,2,Trifolium pratense,Trifolium,Trifolium,Trifolium
Phacelia dubia,2928259,Phacelia dubia,<i>Phacelia</i> <i>dubia</i> (L.) Trel.,SPECIES,Hydrophyllaceae,2387.0,Phacelia,8988077.0,Phacelia dubia,2928259.0,100,EXACT,2,2,Phacelia dubia,Phacelia,Phacelia,Phacelia
Phacelia bipinnatifida,2928138,Phacelia bipinnatifida,<i>Phacelia</i> <i>bipinnatifida</i> Michx.,SPECIES,Hydrophyllaceae,2387.0,Phacelia,8988077.0,Phacelia bipinnatifida,2928138.0,99,EXACT,2,2,Phacelia bipinnatifida,Phacelia,Phacelia,Phacelia
Geum rivale,5369701,Geum rivale,<i>Geum</i> <i>rivale</i> L.,SPECIES,Rosaceae,5015.0,Geum,3024294.0,Geum rivale,5369701.0,99,EXACT,2,2,Geum rivale,Geum,Geum,Geum
Taenidia integerrima,5371759,Taenidia integerrima,<i>Taenidia</i> <i>integerrima</i> (L.) Drude,SPECIES,Apiaceae,6720.0,Taenidia,7679098.0,Taenidia integerrima,5371759.0,100,EXACT,2,2,Taenidia integerrima,Taenidia,Taenidia,Taenidia
Ligusticum canadense,3034793,Ligusticum canadense,<i>Ligusticum</i> <i>canadense</i> (L.) Britton,SPECIES,Apiaceae,6720.0,Ligusticum,3034791.0,Ligusticum canadense,3034793.0,99,EXACT,2,2,Ligusticum canadense,Ligusticum,Ligusticum,Ligusticum
Oenanthe javanica,5371886,Oenanthe javanica,<i>Oenanthe</i> <i>javanica</i> (Blume) DC.,SPECIES,Apiaceae,6720.0,Oenanthe,3034893.0,Oenanthe javanica,5371886.0,100,EXACT,2,2,Oenanthe javanica,Oenanthe,Oenanthe,Oenanthe
Ligusticum scoticum,9199378,Ligusticum scoticum,"<i>Ligusticum</i> <i>scoticum</i> Lour., 1790",SPECIES,Apiaceae,6720.0,Ligusticum,3034791.0,Ligusticum scoticum,9199378.0,100,EXACT,2,2,Ligusticum scoticum,Ligusticum,Ligusticum,Ligusticum
Dysphania ambrosioides,5568446,Dysphania ambrosioides,<i>Dysphania</i> <i>ambrosioides</i> (L.) Mosyakin & Clemants,SPECIES,Amaranthaceae,3064.0,Dysphania,3083582.0,Dysphania ambrosioides,5568446.0,100,EXACT,2,2,Dysphania ambrosioides,Dysphania,Dysphania,Dysphania
Angelica lucida,5371791,Angelica lucida,<i>Angelica</i> <i>lucida</i> L.,SPECIES,Apiaceae,6720.0,Angelica,3034560.0,Angelica lucida,5371791.0,100,EXACT,2,2,Angelica lucida,Angelica,Angelica,Angelica
Angelica atropurpurea,5371822,Angelica atropurpurea,<i>Angelica</i> <i>atropurpurea</i> L.,SPECIES,Apiaceae,6720.0,Angelica,3034560.0,Angelica atropurpurea,5371822.0,100,EXACT,2,2,Angelica atropurpurea,Angelica,Angelica,Angelica
Angelica triquinata,5371789,Angelica triquinata,<i>Angelica</i> <i>triquinata</i> Michx.,SPECIES,Apiaceae,6720.0,Angelica,3034560.0,Angelica triquinata,5371789.0,99,EXACT,2,2,Angelica triquinata,Angelica,Angelica,Angelica
Angelica venenosa,5371819,Angelica venenosa,<i>Angelica</i> <i>venenosa</i> (Greenway) Fernald,SPECIES,Apiaceae,6720.0,Angelica,3034560.0,Angelica venenosa,5371819.0,100,EXACT,2,2,Angelica venenosa,Angelica,Angelica,Angelica
Angelica sylvestris,5371818,Angelica sylvestris,<i>Angelica</i> <i>sylvestris</i> L.,SPECIES,Apiaceae,6720.0,Angelica,3034560.0,Angelica sylvestris,5371818.0,100,EXACT,2,2,Angelica sylvestris,Angelica,Angelica,Angelica
Aegopodium podagraria,3034620,Aegopodium podagraria,<i>Aegopodium</i> <i>podagraria</i> L.,SPECIES,Apiaceae,6720.0,Aegopodium,3034619.0,Aegopodium podagraria,3034620.0,100,EXACT,2,2,Aegopodium podagraria,Aegopodium,Aegopodium,Aegopodium
Polytaenia nuttallii,5371857,Polytaenia nuttallii,<i>Polytaenia</i> <i>nuttallii</i> DC.,SPECIES,Apiaceae,6720.0,Polytaenia,2653076.0,Polytaenia nuttallii,5371857.0,100,EXACT,2,2,Polytaenia nuttallii,Polytaenia,Polytaenia,Polytaenia
Osmorhiza longistylis,3034155,Osmorhiza longistylis,<i>Osmorhiza</i> <i>longistylis</i> (Torr.) DC.,SPECIES,Apiaceae,6720.0,Osmorhiza,3034140.0,Osmorhiza longistylis,3034155.0,100,EXACT,2,2,Osmorhiza longistylis,Osmorhiza,Osmorhiza,Osmorhiza
Osmorhiza claytonii,3034145,Osmorhiza claytonii,<i>Osmorhiza</i> <i>claytonii</i> (Michx.) C.B.Clarke,SPECIES,Apiaceae,6720.0,Osmorhiza,3034140.0,Osmorhiza claytonii,3034145.0,99,EXACT,2,2,Osmorhiza claytonii,Osmorhiza,Osmorhiza,Osmorhiza
Aquilegia canadensis,3033197,Aquilegia canadensis,<i>Aquilegia</i> <i>canadensis</i> L.,SPECIES,Ranunculaceae,2410.0,Aquilegia,3033167.0,Aquilegia canadensis,3033197.0,99,EXACT,2,2,Aquilegia canadensis,Aquilegia,Aquilegia,Aquilegia
Matricaria matricarioides,3103805,Matricaria matricarioides,"<i>Matricaria</i> <i>matricarioides</i> (Less.) Porter, 1894",SPECIES,Asteraceae,3065.0,Matricaria,3103757.0,Matricaria discoidea,3103791.0,99,EXACT,2,2,Matricaria matricarioides,Matricaria,Matricaria,Matricaria
Foeniculum vulgare,3034922,Foeniculum vulgare,<i>Foeniculum</i> <i>vulgare</i> Mill.,SPECIES,Apiaceae,6720.0,Foeniculum,10704390.0,Foeniculum vulgare,3034922.0,99,EXACT,2,2,Foeniculum vulgare,Foeniculum,Foeniculum,Foeniculum
Conioselinum chinense,3034690,Conioselinum chinense,"<i>Conioselinum</i> <i>chinense</i> (L.) Britton, Sterns & Poggenb.",SPECIES,Apiaceae,6720.0,Kreidion,6026518.0,Kreidion chinensis,3631470.0,100,EXACT,2,2,Conioselinum chinense,Conioselinum,Conioselinum,Conioselinum
Carum carvi,3034714,Carum carvi,<i>Carum</i> <i>carvi</i> L.,SPECIES,Apiaceae,6720.0,Carum,3034712.0,Carum carvi,3034714.0,100,EXACT,2,2,Carum carvi,Carum,Carum,Carum
Perideridia americana,7827848,Perideridia americana,<i>Perideridia</i> <i>americana</i> (Nutt. ex DC.) Rchb.,SPECIES,Apiaceae,6720.0,Perideridia,3034536.0,Perideridia americana,7827848.0,99,EXACT,2,2,Perideridia americana,Perideridia,Perideridia,Perideridia
Perideridia gairdneri,3034543,Perideridia gairdneri,<i>Perideridia</i> <i>gairdneri</i> (Hook. & Arn.) Mathias,SPECIES,Apiaceae,6720.0,Perideridia,3034536.0,Perideridia gairdneri,3034543.0,100,EXACT,2,2,Perideridia gairdneri,Perideridia,Perideridia,Perideridia
Erigenia bulbosa,3034769,Erigenia bulbosa,<i>Erigenia</i> <i>bulbosa</i> (Michx.) Nutt.,SPECIES,Apiaceae,6720.0,Erigenia,3034768.0,Erigenia bulbosa,3034769.0,100,EXACT,2,2,Erigenia bulbosa,Erigenia,Erigenia,Erigenia
Musineon divaricatum,3034880,Musineon divaricatum,<i>Musineon</i> <i>divaricatum</i> (Pursh) Nutt.,SPECIES,Apiaceae,6720.0,Musineon,3034879.0,Musineon divaricatum,3034880.0,99,EXACT,2,2,Musineon divaricatum,Musineon,Musineon,Musineon
Lomatium orientale,3034346,Lomatium orientale,<i>Lomatium</i> <i>orientale</i> J.M.Coult. & Rose,SPECIES,Apiaceae,6720.0,Lomatium,8394726.0,Lomatium orientale,3034346.0,100,EXACT,2,2,Lomatium orientale,Lomatium,Lomatium,Lomatium
Anthriscus sylvestris,5371742,Anthriscus sylvestris,<i>Anthriscus</i> <i>sylvestris</i> (L.) Hoffm.,SPECIES,Apiaceae,6720.0,Anthriscus,5371741.0,Anthriscus sylvestris,5371742.0,100,EXACT,2,2,Anthriscus sylvestris,Anthriscus,Anthriscus,Anthriscus
Torilis japonica,3034820,Torilis japonica,<i>Torilis</i> <i>japonica</i> (Houtt.) DC.,SPECIES,Apiaceae,6720.0,Torilis,3034818.0,Torilis japonica,3034820.0,100,EXACT,2,2,Torilis japonica,Torilis,Torilis,Torilis
Torilis arvensis,3034823,Torilis arvensis,<i>Torilis</i> <i>arvensis</i> (Huds.) Link,SPECIES,Apiaceae,6720.0,Torilis,3034818.0,Torilis arvensis,3034823.0,100,EXACT,2,2,Torilis arvensis,Torilis,Torilis,Torilis
Daucus carota,3034742,Daucus carota,<i>Daucus</i> <i>carota</i> L.,SPECIES,Apiaceae,6720.0,Daucus,3034740.0,Daucus carota,3034742.0,99,EXACT,2,2,Daucus carota,Daucus,Daucus,Daucus
Chaerophyllum tainturieri,3034651,Chaerophyllum tainturieri,<i>Chaerophyllum</i> <i>tainturieri</i> Hook. & Arn.,SPECIES,Apiaceae,6720.0,Chaerophyllum,3034649.0,Chaerophyllum tainturieri,3034651.0,100,EXACT,2,2,Chaerophyllum tainturieri,Chaerophyllum,Chaerophyllum,Chaerophyllum
Chaerophyllum procumbens,3034652,Chaerophyllum procumbens,<i>Chaerophyllum</i> <i>procumbens</i> (L.) Crantz,SPECIES,Apiaceae,6720.0,Chaerophyllum,3034649.0,Chaerophyllum procumbens,3034652.0,100,EXACT,2,2,Chaerophyllum procumbens,Chaerophyllum,Chaerophyllum,Chaerophyllum
Descurainia pinnata,3044133,Descurainia pinnata,<i>Descurainia</i> <i>pinnata</i> (Walter) Britton,SPECIES,Brassicaceae,3112.0,Descurainia,3044104.0,Descurainia pinnata,3044133.0,100,EXACT,2,2,Descurainia pinnata,Descurainia,Descurainia,Descurainia
Descurainia sophia,3044318,Descurainia sophia,<i>Descurainia</i> <i>sophia</i> (L.) Webb ex Prantl,SPECIES,Brassicaceae,3112.0,Descurainia,3044104.0,Descurainia sophia,3044318.0,99,EXACT,2,2,Descurainia sophia,Descurainia,Descurainia,Descurainia
Erodium cicutarium,9485490,Erodium cicutarium,<i>Erodium</i> <i>cicutarium</i> (L.) L'Hér.,SPECIES,Geraniaceae,4676.0,Erodium,2891616.0,Erodium cicutarium,9485490.0,99,EXACT,2,2,Erodium cicutarium,Erodium,Erodium,Erodium
Cardiospermum halicacabum,3189939,Cardiospermum halicacabum,<i>Cardiospermum</i> <i>halicacabum</i> L.,SPECIES,Sapindaceae,6657.0,Cardiospermum,3189931.0,Cardiospermum halicacabum,3189939.0,100,EXACT,2,2,Cardiospermum halicacabum,Cardiospermum,Cardiospermum,Cardiospermum
Lathyrus latifolius,5356517,Lathyrus latifolius,<i>Lathyrus</i> <i>latifolius</i> L.,SPECIES,Fabaceae,5386.0,Lathyrus,10356062.0,Lathyrus latifolius,5356517.0,99,EXACT,2,2,Lathyrus latifolius,Lathyrus,Lathyrus,Lathyrus
Lathyrus sylvestris,5356623,Lathyrus sylvestris,<i>Lathyrus</i> <i>sylvestris</i> L.,SPECIES,Fabaceae,5386.0,Lathyrus,10356062.0,Lathyrus sylvestris,5356623.0,100,EXACT,2,2,Lathyrus sylvestris,Lathyrus,Lathyrus,Lathyrus
Lathyrus tuberosus,5356522,Lathyrus tuberosus,<i>Lathyrus</i> <i>tuberosus</i> L.,SPECIES,Fabaceae,5386.0,Lathyrus,10356062.0,Lathyrus tuberosus,5356522.0,100,EXACT,2,2,Lathyrus tuberosus,Lathyrus,Lathyrus,Lathyrus
Lathyrus ochroleucus,5356371,Lathyrus ochroleucus,<i>Lathyrus</i> <i>ochroleucus</i> Hook.,SPECIES,Fabaceae,5386.0,Lathyrus,10356062.0,Lathyrus ochroleucus,5356371.0,99,EXACT,2,2,Lathyrus ochroleucus,Lathyrus,Lathyrus,Lathyrus
Lathyrus japonicus,5356714,Lathyrus japonicus,<i>Lathyrus</i> <i>japonicus</i> Willd.,SPECIES,Fabaceae,5386.0,Lathyrus,10356062.0,Lathyrus japonicus,5356714.0,100,EXACT,2,2,Lathyrus japonicus,Lathyrus,Lathyrus,Lathyrus
Amphicarpaea bracteata,2960161,Amphicarpaea bracteata,<i>Amphicarpaea</i> <i>bracteata</i> (L.) Fernald,SPECIES,Fabaceae,5386.0,Amphicarpaea,2960157.0,Amphicarpaea bracteata,2960161.0,99,EXACT,2,2,Amphicarpaea bracteata,Amphicarpaea,Amphicarpaea,Amphicarpaea
Phaseolus polystachios,5350430,Phaseolus polystachios,"<i>Phaseolus</i> <i>polystachios</i> (L.) Britton, Sterns & Poggenb.",SPECIES,Fabaceae,5386.0,Phaseolus,2947798.0,Phaseolus polystachios,5350430.0,100,EXACT,2,2,Phaseolus polystachios,Phaseolus,Phaseolus,Phaseolus
Strophostyles helvola,3912996,Strophostyles helvola,<i>Strophostyles</i> <i>helvola</i> (L.) Elliott,SPECIES,Fabaceae,5386.0,Strophostyles,2981480.0,Strophostyles helvola,3912996.0,100,EXACT,2,2,Strophostyles helvola,Strophostyles,Strophostyles,Strophostyles
Apios americana,2966796,Apios americana,<i>Apios</i> <i>americana</i> Medik.,SPECIES,Fabaceae,5386.0,Apios,2966790.0,Apios americana,2966796.0,100,EXACT,2,2,Apios americana,Apios,Apios,Apios
Vicia,2974751,Vicia,<i>Vicia</i> L.,GENUS,Fabaceae,5386.0,Vicia,2974751.0,,,80,HIGHERRANK,1,1,Vicia,Vicia,Vicia,Vicia
Vicia sativa,2975014,Vicia sativa,<i>Vicia</i> <i>sativa</i> L.,SPECIES,Fabaceae,5386.0,Vicia,2974751.0,Vicia sativa,2975014.0,99,EXACT,2,2,Vicia sativa,Vicia,Vicia,Vicia
Vicia caroliniana,2975000,Vicia caroliniana,<i>Vicia</i> <i>caroliniana</i> Walter,SPECIES,Fabaceae,5386.0,Vicia,2974751.0,Vicia caroliniana,2975000.0,100,EXACT,2,2,Vicia caroliniana,Vicia,Vicia,Vicia
Vicia americana,2975204,Vicia americana,<i>Vicia</i> <i>americana</i> Muhl. ex Willd.,SPECIES,Fabaceae,5386.0,Vicia,2974751.0,Vicia americana,2975204.0,99,EXACT,2,2,Vicia americana,Vicia,Vicia,Vicia
Vicia villosa,9182154,Vicia villosa,<i>Vicia</i> <i>villosa</i> Roth,SPECIES,Fabaceae,5386.0,Vicia,2974751.0,Vicia villosa,9182154.0,99,EXACT,2,2,Vicia villosa,Vicia,Vicia,Vicia
Vicia cracca,2975287,Vicia cracca,<i>Vicia</i> <i>cracca</i> L.,SPECIES,Fabaceae,5386.0,Vicia,2974751.0,Vicia cracca,2975287.0,99,EXACT,2,2,Vicia cracca,Vicia,Vicia,Vicia
Dioscorea polystachya,2754732,Dioscorea polystachya,<i>Dioscorea</i> <i>polystachya</i> Turcz.,SPECIES,Dioscoreaceae,7694.0,Dioscorea,2754367.0,Dioscorea polystachya,2754732.0,100,EXACT,2,2,Dioscorea polystachya,Dioscorea,Dioscorea,Dioscorea
Fallopia,2889418,Fallopia,<i>Fallopia</i> Adans.,GENUS,Polygonaceae,2416.0,Fallopia,2889418.0,,,95,HIGHERRANK,1,1,Fallopia,Fallopia,Fallopia,Fallopia
Ipomoea pandurata,2928514,Ipomoea pandurata,<i>Ipomoea</i> <i>pandurata</i> (L.) G.Mey.,SPECIES,Convolvulaceae,2389.0,Ipomoea,2928509.0,Ipomoea pandurata,2928514.0,99,EXACT,2,2,Ipomoea pandurata,Ipomoea,Ipomoea,Ipomoea
Cucurbita foetidissima,2874521,Cucurbita foetidissima,<i>Cucurbita</i> <i>foetidissima</i> Kunth,SPECIES,Cucurbitaceae,6634.0,Cucurbita,2874506.0,Cucurbita foetidissima,2874521.0,100,EXACT,2,2,Cucurbita foetidissima,Cucurbita,Cucurbita,Cucurbita
Cucurbita pepo,2874508,Cucurbita pepo,<i>Cucurbita</i> <i>pepo</i> L.,SPECIES,Cucurbitaceae,6634.0,Cucurbita,2874506.0,Cucurbita pepo,2874508.0,99,EXACT,2,2,Cucurbita pepo,Cucurbita,Cucurbita,Cucurbita
Humulus lupulus,2984535,Humulus lupulus,<i>Humulus</i> <i>lupulus</i> L.,SPECIES,Cannabaceae,2384.0,Humulus,2984534.0,Humulus lupulus,2984535.0,99,EXACT,2,2,Humulus lupulus,Humulus,Humulus,Humulus
Passiflora incarnata,2874218,Passiflora incarnata,<i>Passiflora</i> <i>incarnata</i> L.,SPECIES,Passifloraceae,2378.0,Passiflora,2874172.0,Passiflora incarnata,2874218.0,99,EXACT,2,2,Passiflora incarnata,Passiflora,Passiflora,Passiflora
Passiflora lutea,2874220,Passiflora lutea,<i>Passiflora</i> <i>lutea</i> L.,SPECIES,Passifloraceae,2378.0,Passiflora,2874172.0,Passiflora lutea,2874220.0,99,EXACT,2,2,Passiflora lutea,Passiflora,Passiflora,Passiflora
Trillium,2742182,Trillium,<i>Trillium</i> L.,GENUS,Melanthiaceae,7700.0,Trillium,2742182.0,,,80,HIGHERRANK,1,1,Trillium,Trillium,Trillium,Trillium
Lilium,2752977,Lilium,<i>Lilium</i> Tourn. ex L.,GENUS,Liliaceae,7699.0,Lilium,2752977.0,,,80,HIGHERRANK,1,1,Lilium,Lilium,Lilium,Lilium
Medeola virginiana,2750658,Medeola virginiana,<i>Medeola</i> <i>virginiana</i> L.,SPECIES,Liliaceae,7699.0,Medeola,2750657.0,Medeola virginiana,2750658.0,100,EXACT,2,2,Medeola virginiana,Medeola,Medeola,Medeola
Cornus canadensis,3082270,Cornus canadensis,<i>Cornus</i> <i>canadensis</i> L.,SPECIES,Cornaceae,6713.0,Cornus,3082226.0,Cornus canadensis,3082270.0,99,EXACT,2,2,Cornus canadensis,Cornus,Cornus,Cornus
Cornus suecicia,3082246,Cornus suecica,<i>Cornus</i> <i>suecica</i> L.,SPECIES,Cornaceae,6713.0,Cornus,3082226.0,Cornus suecica,3082246.0,96,VARIANT,2,2,Cornus suecica,Cornus,Cornus,Cornus
Sedum sarmentosum,5362004,Sedum sarmentosum,<i>Sedum</i> <i>sarmentosum</i> Bunge,SPECIES,Crassulaceae,2406.0,Sedum,5361975.0,Sedum sarmentosum,5362004.0,100,EXACT,2,2,Sedum sarmentosum,Sedum,Sedum,Sedum
Sedum ternatum,5362037,Sedum ternatum,<i>Sedum</i> <i>ternatum</i> Michx.,SPECIES,Crassulaceae,2406.0,Sedum,5361975.0,Sedum ternatum,5362037.0,100,EXACT,2,2,Sedum ternatum,Sedum,Sedum,Sedum
Gallium aparine,2913548,Galium aparine,<i>Galium</i> <i>aparine</i> L.,SPECIES,Rubiaceae,8798.0,Galium,2913027.0,Galium aparine,2913548.0,89,VARIANT,2,2,Galium aparine,Gallium,Galium,Galium
Panax trifolius,5372277,Panax trifolius,<i>Panax</i> <i>trifolius</i> L.,SPECIES,Araliaceae,8800.0,Panax,3037591.0,Panax trifolius,5372277.0,100,EXACT,2,2,Panax trifolius,Panax,Panax,Panax
Panax quinquefolia,5372246,Panax quinquefolius,<i>Panax</i> <i>quinquefolius</i> L.,SPECIES,Araliaceae,8800.0,Panax,3037591.0,Panax quinquefolius,5372246.0,97,VARIANT,2,2,Panax quinquefolius,Panax,Panax,Panax
Calamintia arkansana,5341435,Calamintha arkansana,<i>Calamintha</i> <i>arkansana</i> (Nutt.) Shinners,SPECIES,Lamiaceae,2497.0,Clinopodium,2926907.0,Clinopodium arkansanum,2926930.0,88,VARIANT,2,2,Calamintha arkansana,Calamintia,Calamintha,Calamintha
Pycnanthemum,2927338,Pycnanthemum,<i>Pycnanthemum</i> Michx.,GENUS,Lamiaceae,2497.0,Pycnanthemum,2927338.0,,,95,HIGHERRANK,1,1,Pycnanthemum,Pycnanthemum,Pycnanthemum,Pycnanthemum
Pycnanthemum verticillatum,2927363,Pycnanthemum verticillatum,<i>Pycnanthemum</i> <i>verticillatum</i> (Michx.) Pers.,SPECIES,Lamiaceae,2497.0,Pycnanthemum,2927338.0,Pycnanthemum verticillatum,2927363.0,99,EXACT,2,2,Pycnanthemum verticillatum,Pycnanthemum,Pycnanthemum,Pycnanthemum
Hedeoma pulegioides,2926704,Hedeoma pulegioides,<i>Hedeoma</i> <i>pulegioides</i> (L.) Pers.,SPECIES,Lamiaceae,2497.0,Hedeoma,2926689.0,Hedeoma pulegioides,2926704.0,100,EXACT,2,2,Hedeoma pulegioides,Hedeoma,Hedeoma,Hedeoma
Satureja vulgaris,2926907,Clinopodium,<i>Clinopodium</i> L.,GENUS,Lamiaceae,2497.0,Clinopodium,2926907.0,,,99,HIGHERRANK,2,1,Clinopodium,Satureja,Clinopodium,Clinopodium
Origanum vulgare,2926612,Origanum vulgare,<i>Origanum</i> <i>vulgare</i> L.,SPECIES,Lamiaceae,2497.0,Origanum,2926611.0,Origanum vulgare,2926612.0,99,EXACT,2,2,Origanum vulgare,Origanum,Origanum,Origanum
Cunila origanoides,5341316,Cunila origanoides,<i>Cunila</i> <i>origanoides</i> (L.) Britton,SPECIES,Lamiaceae,2497.0,Cunila,8399344.0,Cunila origanoides,5341316.0,100,EXACT,2,2,Cunila origanoides,Cunila,Cunila,Cunila
Agastache foeniculum,2926406,Agastache foeniculum,<i>Agastache</i> <i>foeniculum</i> (Pursh) Kuntze,SPECIES,Lamiaceae,2497.0,Agastache,2926389.0,Agastache foeniculum,2926406.0,100,EXACT,2,2,Agastache foeniculum,Agastache,Agastache,Agastache
Marrubium horehound,2927068,Marrubium,<i>Marrubium</i> L.,GENUS,Lamiaceae,2497.0,Marrubium,2927068.0,,,96,HIGHERRANK,2,1,Marrubium,Marrubium,Marrubium,Marrubium
Nepeta cataria,5341499,Nepeta cataria,<i>Nepeta</i> <i>cataria</i> L.,SPECIES,Lamiaceae,2497.0,Nepeta,2927325.0,Nepeta cataria,5341499.0,100,EXACT,2,2,Nepeta cataria,Nepeta,Nepeta,Nepeta
Perilla frutescens,5341394,Perilla frutescens,<i>Perilla</i> <i>frutescens</i> (L.) Britton,SPECIES,Lamiaceae,2497.0,Perilla,2926832.0,Perilla frutescens,5341394.0,99,EXACT,2,2,Perilla frutescens,Perilla,Perilla,Perilla
Mentha,2927173,Mentha,<i>Mentha</i> L.,GENUS,Lamiaceae,2497.0,Mentha,2927173.0,,,80,HIGHERRANK,1,1,Mentha,Mentha,Mentha,Mentha
Mentha arvensis,2927192,Mentha arvensis,<i>Mentha</i> <i>arvensis</i> L.,SPECIES,Lamiaceae,2497.0,Mentha,2927173.0,Mentha arvensis,2927192.0,100,EXACT,2,2,Mentha arvensis,Mentha,Mentha,Mentha
Mentha spicata,2927175,Mentha spicata,<i>Mentha</i> <i>spicata</i> L.,SPECIES,Lamiaceae,2497.0,Mentha,2927173.0,Mentha spicata,2927175.0,99,EXACT,2,2,Mentha spicata,Mentha,Mentha,Mentha
Mentha piperata,3897162,Mentha piperata,"<i>Mentha</i> <i>piperata</i> Stokes, 1812",SPECIES,Lamiaceae,2497.0,Mentha,2927173.0,Mentha piperata,3897162.0,99,EXACT,2,2,Mentha piperata,Mentha,Mentha,Mentha
Blephilia hirsuta,2926501,Blephilia hirsuta,<i>Blephilia</i> <i>hirsuta</i> (Pursh) Benth.,SPECIES,Lamiaceae,2497.0,Blephilia,2926500.0,Blephilia hirsuta,2926501.0,100,EXACT,2,2,Blephilia hirsuta,Blephilia,Blephilia,Blephilia
Glechoma hederacea,2926557,Glechoma hederacea,<i>Glechoma</i> <i>hederacea</i> L.,SPECIES,Lamiaceae,2497.0,Glechoma,2926556.0,Glechoma hederacea,2926557.0,100,EXACT,2,2,Glechoma hederacea,Glechoma,Glechoma,Glechoma
Monarda,2926838,Monarda,<i>Monarda</i> L.,GENUS,Lamiaceae,2497.0,Monarda,2926838.0,,,80,HIGHERRANK,1,1,Monarda,Monarda,Monarda,Monarda
Monarda didyma,5341407,Monarda didyma,<i>Monarda</i> <i>didyma</i> L.,SPECIES,Lamiaceae,2497.0,Monarda,2926838.0,Monarda didyma,5341407.0,100,EXACT,2,2,Monarda didyma,Monarda,Monarda,Monarda
Lamium purpureum,2926682,Lamium purpureum,<i>Lamium</i> <i>purpureum</i> L.,SPECIES,Lamiaceae,2497.0,Lamium,2926678.0,Lamium purpureum,2926682.0,100,EXACT,2,2,Lamium purpureum,Lamium,Lamium,Lamium
Lamium amplexicaule,2926679,Lamium amplexicaule,<i>Lamium</i> <i>amplexicaule</i> L.,SPECIES,Lamiaceae,2497.0,Lamium,2926678.0,Lamium amplexicaule,2926679.0,100,EXACT,2,2,Lamium amplexicaule,Lamium,Lamium,Lamium
Stachys floridana,2927237,Stachys floridana,<i>Stachys</i> <i>floridana</i> Shuttlew. ex Benth.,SPECIES,Lamiaceae,2497.0,Stachys,2927228.0,Stachys floridana,2927237.0,99,EXACT,2,2,Stachys floridana,Stachys,Stachys,Stachys
Stachys palustris,2927245,Stachys palustris,<i>Stachys</i> <i>palustris</i> L.,SPECIES,Lamiaceae,2497.0,Stachys,2927228.0,Stachys palustris,2927245.0,99,EXACT,2,2,Stachys palustris,Stachys,Stachys,Stachys
Galeopsis tetrahit,5341300,Galeopsis tetrahit,<i>Galeopsis</i> <i>tetrahit</i> L.,SPECIES,Lamiaceae,2497.0,Galeopsis,8423109.0,Galeopsis tetrahit,5341300.0,100,EXACT,2,2,Galeopsis tetrahit,Galeopsis,Galeopsis,Galeopsis
Lycopus,2927122,Lycopus,<i>Lycopus</i> L.,GENUS,Lamiaceae,2497.0,Lycopus,2927122.0,,,80,HIGHERRANK,1,1,Lycopus,Lycopus,Lycopus,Lycopus
Urtica dioica,7960979,Urtica dioica,<i>Urtica</i> <i>dioica</i> L.,SPECIES,Urticaceae,6639.0,Urtica,2984391.0,Urtica dioica,7960979.0,99,EXACT,2,2,Urtica dioica,Urtica,Urtica,Urtica
Urtica chamaedryoides,5361812,Urtica chamaedryoides,<i>Urtica</i> <i>chamaedryoides</i> Pursh,SPECIES,Urticaceae,6639.0,Urtica,2984391.0,Urtica chamaedryoides,5361812.0,100,EXACT,2,2,Urtica chamaedryoides,Urtica,Urtica,Urtica
Urtica urens,5361815,Urtica urens,<i>Urtica</i> <i>urens</i> L.,SPECIES,Urticaceae,6639.0,Urtica,2984391.0,Urtica urens,5361815.0,99,EXACT,2,2,Urtica urens,Urtica,Urtica,Urtica
Rhexia virginica,6370198,Rhexia virginica,<i>Rhexia</i> <i>virginica</i> L.,SPECIES,Melastomataceae,6683.0,Rhexia,7793133.0,Rhexia virginica,6370198.0,100,EXACT,2,2,Rhexia virginica,Rhexia,Rhexia,Rhexia
Hypericum ascryon,3189479,Hypericum ascyron,<i>Hypericum</i> <i>ascyron</i> L.,SPECIES,Hypericaceae,4900406.0,Hypericum,3189452.0,Hypericum ascyron,3189479.0,95,VARIANT,2,2,Hypericum ascyron,Hypericum,Hypericum,Hypericum
Lythrum salicaria,3188736,Lythrum salicaria,<i>Lythrum</i> <i>salicaria</i> L.,SPECIES,Lythraceae,6684.0,Lythrum,3188731.0,Lythrum salicaria,3188736.0,100,EXACT,2,2,Lythrum salicaria,Lythrum,Lythrum,Lythrum
Stellaria graminea,5384616,Stellaria graminea,<i>Stellaria</i> <i>graminea</i> L.,SPECIES,Caryophyllaceae,2518.0,Stellaria,3085667.0,Stellaria graminea,5384616.0,99,EXACT,2,2,Stellaria graminea,Stellaria,Stellaria,Stellaria
Bidens alba,5391861,Bidens alba,<i>Bidens</i> <i>alba</i> (L.) DC.,SPECIES,Asteraceae,3065.0,Bidens,3105856.0,Bidens alba,5391861.0,100,EXACT,2,2,Bidens alba,Bidens,Bidens,Bidens
Bidens bipinnata,5389402,Bidens bipinnata,<i>Bidens</i> <i>bipinnata</i> L.,SPECIES,Asteraceae,3065.0,Bidens,3105856.0,Bidens bipinnata,5389402.0,99,EXACT,2,2,Bidens bipinnata,Bidens,Bidens,Bidens
Honckenya peploides,3085776,Honckenya peploides,<i>Honckenya</i> <i>peploides</i> (L.) Ehrh.,SPECIES,Caryophyllaceae,2518.0,Honckenya,3085775.0,Honckenya peploides,3085776.0,100,EXACT,2,2,Honckenya peploides,Honckenya,Honckenya,Honckenya
Sesuvium portulacastrum,3084883,Sesuvium portulacastrum,<i>Sesuvium</i> <i>portulacastrum</i> (L.) L.,SPECIES,Aizoaceae,6752.0,Sesuvium,3084879.0,Sesuvium portulacastrum,3084883.0,100,EXACT,2,2,Sesuvium portulacastrum,Sesuvium,Sesuvium,Sesuvium
Sesuvium verrucosum,3084886,Sesuvium verrucosum,<i>Sesuvium</i> <i>verrucosum</i> Raf.,SPECIES,Aizoaceae,6752.0,Sesuvium,3084879.0,Sesuvium revolutifolium,7849556.0,100,EXACT,2,2,Sesuvium verrucosum,Sesuvium,Sesuvium,Sesuvium
Stellaria,11500071,Stellaria,"<i>Stellaria</i> sp. (Linnaeus, 1753) Vill.",SPECIES,Caryophyllaceae,2518.0,Stellaria,3085667.0,Stellaria,11500071.0,98,HIGHERRANK,1,1,Stellaria,Stellaria,Stellaria,Stellaria
Stellaria media,5384604,Stellaria media,<i>Stellaria</i> <i>media</i> (L.) Vill.,SPECIES,Caryophyllaceae,2518.0,Stellaria,3085667.0,Stellaria media,5384604.0,99,EXACT,2,2,Stellaria media,Stellaria,Stellaria,Stellaria
Stellaria pubera,5384664,Stellaria pubera,<i>Stellaria</i> <i>pubera</i> Michx.,SPECIES,Caryophyllaceae,2518.0,Stellaria,3085667.0,Stellaria pubera,5384664.0,100,EXACT,2,2,Stellaria pubera,Stellaria,Stellaria,Stellaria
Stellaria aqatica,3085667,Stellaria,<i>Stellaria</i> L.,GENUS,Caryophyllaceae,2518.0,Stellaria,3085667.0,,,95,HIGHERRANK,2,1,Stellaria,Stellaria,Stellaria,Stellaria
Cerastium fontanum,3085458,Cerastium fontanum,<i>Cerastium</i> <i>fontanum</i> Baumg.,SPECIES,Caryophyllaceae,2518.0,Cerastium,2873815.0,Cerastium fontanum,3085458.0,100,EXACT,2,2,Cerastium fontanum,Cerastium,Cerastium,Cerastium
Drymaria cordata,5384509,Drymaria cordata,<i>Drymaria</i> <i>cordata</i> (L.) Willd. ex Schult.,SPECIES,Caryophyllaceae,2518.0,Drymaria,3085329.0,Drymaria cordata,5384509.0,99,EXACT,2,2,Drymaria cordata,Drymaria,Drymaria,Drymaria
Proboscidea louisiana,5415102,Proboscidea louisiana,<i>Proboscidea</i> <i>louisiana</i> (Mill.) Wooton & Standl.,SPECIES,Martyniaceae,3233525.0,Proboscidea,2627559.0,Proboscidea louisianica,5415100.0,99,EXACT,2,2,Proboscidea louisiana,Proboscidea,Proboscidea,Proboscidea
Phlox divaricata,2927730,Phlox divaricata,<i>Phlox</i> <i>divaricata</i> L.,SPECIES,Polemoniaceae,6648.0,Phlox,2927698.0,Phlox divaricata,2927730.0,99,EXACT,2,2,Phlox divaricata,Phlox,Phlox,Phlox
Phlox pilosa,2927734,Phlox pilosa,<i>Phlox</i> <i>pilosa</i> L.,SPECIES,Polemoniaceae,6648.0,Phlox,2927698.0,Phlox pilosa,2927734.0,99,EXACT,2,2,Phlox pilosa,Phlox,Phlox,Phlox
Asclapias syriaca,3170247,Asclepias syriaca,<i>Asclepias</i> <i>syriaca</i> L.,SPECIES,Apocynaceae,6701.0,Asclepias,3170229.0,Asclepias syriaca,3170247.0,86,VARIANT,2,2,Asclepias syriaca,Asclapias,Asclepias,Asclepias
Asclepias speciosa,3170260,Asclepias speciosa,<i>Asclepias</i> <i>speciosa</i> Torr.,SPECIES,Apocynaceae,6701.0,Asclepias,3170229.0,Asclepias speciosa,3170260.0,100,EXACT,2,2,Asclepias speciosa,Asclepias,Asclepias,Asclepias
Asclepias viridiflora,3170313,Asclepias viridiflora,<i>Asclepias</i> <i>viridiflora</i> Raf.,SPECIES,Apocynaceae,6701.0,Asclepias,3170229.0,Asclepias viridiflora,3170313.0,99,EXACT,2,2,Asclepias viridiflora,Asclepias,Asclepias,Asclepias
Asclepias arenaria,3170290,Asclepias arenaria,<i>Asclepias</i> <i>arenaria</i> Torr.,SPECIES,Apocynaceae,6701.0,Asclepias,3170229.0,Asclepias arenaria,3170290.0,100,EXACT,2,2,Asclepias arenaria,Asclepias,Asclepias,Asclepias
Asclepias exaltata,3170307,Asclepias exaltata,<i>Asclepias</i> <i>exaltata</i> L.,SPECIES,Apocynaceae,6701.0,Asclepias,3170229.0,Asclepias exaltata,3170307.0,99,EXACT,2,2,Asclepias exaltata,Asclepias,Asclepias,Asclepias
Pilea pumila,5361818,Pilea pumila,<i>Pilea</i> <i>pumila</i> (L.) A.Gray,SPECIES,Urticaceae,6639.0,Pilea,2984417.0,Pilea pumila,5361818.0,99,EXACT,2,2,Pilea pumila,Pilea,Pilea,Pilea
Boehmeria cylindrica,2984345,Boehmeria cylindrica,<i>Boehmeria</i> <i>cylindrica</i> (L.) Sw.,SPECIES,Urticaceae,6639.0,Boehmeria,2984344.0,Boehmeria cylindrica,2984345.0,99,EXACT,2,2,Boehmeria cylindrica,Boehmeria,Boehmeria,Boehmeria
Galinsoga,3132547,Galinsoga,<i>Galinsoga</i> Ruiz & Pav.,GENUS,Asteraceae,3065.0,Galinsoga,3132547.0,,,80,HIGHERRANK,1,1,Galinsoga,Galinsoga,Galinsoga,Galinsoga
Helianthus tuberosus,3119175,Helianthus tuberosus,<i>Helianthus</i> <i>tuberosus</i> L.,SPECIES,Asteraceae,3065.0,Helianthus,3119134.0,Helianthus tuberosus,3119175.0,99,EXACT,2,2,Helianthus tuberosus,Helianthus,Helianthus,Helianthus
Iva annua,5402627,Iva annua,<i>Iva</i> <i>annua</i> L.,SPECIES,Asteraceae,3065.0,Iva,3141879.0,Iva annua,5402627.0,99,EXACT,2,2,Iva annua,Iva,Iva,Iva
Ambrosia trifida,3110588,Ambrosia trifida,<i>Ambrosia</i> <i>trifida</i> L.,SPECIES,Asteraceae,3065.0,Ambrosia,3110576.0,Ambrosia trifida,3110588.0,100,EXACT,2,2,Ambrosia trifida,Ambrosia,Ambrosia,Ambrosia
Eclipta prostrata,5384950,Eclipta prostrata,<i>Eclipta</i> <i>prostrata</i> (L.) L.,SPECIES,Asteraceae,3065.0,Eclipta,3086569.0,Eclipta prostrata,5384950.0,99,EXACT,2,2,Eclipta prostrata,Eclipta,Eclipta,Eclipta
Pedicularis lanceolata,3171676,Pedicularis lanceolata,<i>Pedicularis</i> <i>lanceolata</i> Michx.,SPECIES,Orobanchaceae,6651.0,Pedicularis,3171670.0,Pedicularis lanceolata,3171676.0,100,EXACT,2,2,Pedicularis lanceolata,Pedicularis,Pedicularis,Pedicularis
Artiplex,11477817,Atriplex,"<i>Atriplex</i> sp. Linnaeus, 1755",SPECIES,Amaranthaceae,3064.0,Atriplex,10651755.0,Atriplex,11477817.0,86,HIGHERRANK,1,1,Atriplex,Artiplex,Atriplex,Atriplex
Asparagus officinalis,2768885,Asparagus officinalis,<i>Asparagus</i> <i>officinalis</i> L.,SPECIES,Asparagaceae,7683.0,Asparagus,9527393.0,Asparagus officinalis,2768885.0,99,EXACT,2,2,Asparagus officinalis,Asparagus,Asparagus,Asparagus
Salsola tragus,3083945,Salsola tragus,<i>Salsola</i> <i>tragus</i> L.,SPECIES,Amaranthaceae,3064.0,Salsola,3083944.0,Salsola tragus,3083945.0,100,EXACT,2,2,Salsola tragus,Salsola,Salsola,Salsola
Suaeda,7677792,Suaeda,<i>Suaeda</i> Scop.,GENUS,Amaranthaceae,3064.0,Suaeda,7677792.0,,,95,HIGHERRANK,1,1,Suaeda,Suaeda,Suaeda,Suaeda
Amaranthus,11706057,Amaranthus,"<i>Amaranthus</i> sp. Linnaeus, 1753",SPECIES,Amaranthaceae,3064.0,Amaranthus,3085074.0,Amaranthus,11706057.0,98,HIGHERRANK,1,1,Amaranthus,Amaranthus,Amaranthus,Amaranthus
Amaranthus blitoides,5384395,Amaranthus blitoides,<i>Amaranthus</i> <i>blitoides</i> S.Watson,SPECIES,Amaranthaceae,3064.0,Amaranthus,3085074.0,Amaranthus blitoides,5384395.0,100,EXACT,2,2,Amaranthus blitoides,Amaranthus,Amaranthus,Amaranthus
Kochia scoparia,8904738,Kochia scoparia,<i>Kochia</i> <i>scoparia</i> (L.) Schrad.,SPECIES,Amaranthaceae,3064.0,Bassia,3083576.0,Bassia scoparia,5383936.0,100,EXACT,2,2,Kochia scoparia,Kochia,Kochia,Kochia
Portulaca oleracea,3084719,Portulaca oleracea,<i>Portulaca</i> <i>oleracea</i> L.,SPECIES,Portulacaceae,6717.0,Portulaca,3084696.0,Portulaca oleracea,3084719.0,100,EXACT,2,2,Portulaca oleracea,Portulaca,Portulaca,Portulaca
Croton monathogyna,3057700,Croton monanthogynus,<i>Croton</i> <i>monanthogynus</i> Michx.,SPECIES,Euphorbiaceae,4691.0,Croton,3057454.0,Croton monanthogynus,3057700.0,95,VARIANT,2,2,Croton monanthogynus,Croton,Croton,Croton
Linum perenne,2873878,Linum perenne,<i>Linum</i> <i>perenne</i> L.,SPECIES,Linaceae,2493.0,Linum,2873855.0,Linum perenne,2873878.0,99,EXACT,2,2,Linum perenne,Linum,Linum,Linum
Linum rigidum,2873856,Linum rigidum,<i>Linum</i> <i>rigidum</i> Pursh,SPECIES,Linaceae,2493.0,Linum,2873855.0,Linum rigidum,2873856.0,99,EXACT,2,2,Linum rigidum,Linum,Linum,Linum
Linum berlandieri,2873932,Linum berlandieri,<i>Linum</i> <i>berlandieri</i> Hook.,SPECIES,Linaceae,2493.0,Linum,2873855.0,Linum berlandieri,2873932.0,100,EXACT,2,2,Linum berlandieri,Linum,Linum,Linum
Conyza canadensis,5404801,Conyza canadensis,<i>Conyza</i> <i>canadensis</i> (L.) Cronquist,SPECIES,Asteraceae,3065.0,Erigeron,3146588.0,Erigeron canadensis,3146791.0,100,EXACT,2,2,Conyza canadensis,Conyza,Conyza,Conyza
Bupleurum rotundifolium,3034554,Bupleurum rotundifolium,<i>Bupleurum</i> <i>rotundifolium</i> L.,SPECIES,Apiaceae,6720.0,Bupleurum,3034551.0,Bupleurum rotundifolium,3034554.0,99,EXACT,2,2,Bupleurum rotundifolium,Bupleurum,Bupleurum,Bupleurum
Persicaria,6390748,Persicaria,<i>Persicaria</i> (L.) Mill.,GENUS,Polygonaceae,2416.0,Persicaria,6390748.0,,,95,HIGHERRANK,1,1,Persicaria,Persicaria,Persicaria,Persicaria
Persicaria lapathifolia,2889262,Persicaria lapathifolia,<i>Persicaria</i> <i>lapathifolia</i> (L.) Gray,SPECIES,Polygonaceae,2416.0,Persicaria,6390748.0,Persicaria lapathifolia,2889262.0,99,EXACT,2,2,Persicaria lapathifolia,Persicaria,Persicaria,Persicaria
Persicaria maculosa,6391194,Persicaria maculosa,<i>Persicaria</i> <i>maculosa</i> Gray,SPECIES,Polygonaceae,2416.0,Persicaria,6390748.0,Persicaria maculosa,6391194.0,100,EXACT,2,2,Persicaria maculosa,Persicaria,Persicaria,Persicaria
Persicaria hydropiper,8323622,Persicaria hydropiper,<i>Persicaria</i> <i>hydropiper</i> (L.) Spach,SPECIES,Polygonaceae,2416.0,Persicaria,6390748.0,Persicaria hydropiper,8323622.0,99,EXACT,2,2,Persicaria hydropiper,Persicaria,Persicaria,Persicaria
Persicaria amphibia,6391648,Persicaria amphibia,<i>Persicaria</i> <i>amphibia</i> (L.) Gray,SPECIES,Polygonaceae,2416.0,Persicaria,6390748.0,Persicaria amphibia,6391648.0,99,EXACT,2,2,Persicaria amphibia,Persicaria,Persicaria,Persicaria
Persicaria coccinea,6391528,Persicaria coccinea,<i>Persicaria</i> <i>coccinea</i> (Muhl. ex Willd.) Greene,SPECIES,Polygonaceae,2416.0,Persicaria,6390748.0,Persicaria amphibia,6391648.0,100,EXACT,2,2,Persicaria coccinea,Persicaria,Persicaria,Persicaria
Polygonum erectum,5334437,Polygonum erectum,<i>Polygonum</i> <i>erectum</i> L.,SPECIES,Polygonaceae,2416.0,Polygonum,2889077.0,Polygonum erectum,5334437.0,99,EXACT,2,2,Polygonum erectum,Polygonum,Polygonum,Polygonum
Rumex triangulivalvis,6391377,Rumex triangulivalvis,<i>Rumex</i> <i>triangulivalvis</i> (Danser) Rech.fil.,SPECIES,Polygonaceae,2416.0,Rumex,2888942.0,Rumex triangulivalvis,6391377.0,100,EXACT,2,2,Rumex triangulivalvis,Rumex,Rumex,Rumex
Phytolacca americana,3084015,Phytolacca americana,<i>Phytolacca</i> <i>americana</i> L.,SPECIES,Phytolaccaceae,2516.0,Phytolacca,3084013.0,Phytolacca americana,3084015.0,100,EXACT,2,2,Phytolacca americana,Phytolacca,Phytolacca,Phytolacca
Epilobium angustifolium,8406741,Chamaenerion,<i>Chamaenerion</i> Seguier,GENUS,Onagraceae,2430.0,Chamaenerion,8406741.0,,,99,HIGHERRANK,2,1,Chamaenerion,Epilobium,Chamaenerion,Chamaenerion
Parietaria pensylvanica,5361796,Parietaria pensylvanica,<i>Parietaria</i> <i>pensylvanica</i> Muhl. ex Willd.,SPECIES,Urticaceae,6639.0,Parietaria,2984308.0,Parietaria pensylvanica,5361796.0,99,EXACT,2,2,Parietaria pensylvanica,Parietaria,Parietaria,Parietaria
Ipomoea leptophylla,2928569,Ipomoea leptophylla,<i>Ipomoea</i> <i>leptophylla</i> Torr.,SPECIES,Convolvulaceae,2389.0,Ipomoea,2928509.0,Ipomoea leptophylla,2928569.0,100,EXACT,2,2,Ipomoea leptophylla,Ipomoea,Ipomoea,Ipomoea
Comandra umbellata,2889777,Comandra umbellata,<i>Comandra</i> <i>umbellata</i> (L.) Nutt.,SPECIES,Comandraceae,4936000.0,Comandra,2889776.0,Comandra umbellata,2889777.0,100,EXACT,2,2,Comandra umbellata,Comandra,Comandra,Comandra
Commelina communis,2764179,Commelina communis,<i>Commelina</i> <i>communis</i> L.,SPECIES,Commelinaceae,2763195.0,Commelina,2763939.0,Commelina communis,2764179.0,99,EXACT,2,2,Commelina communis,Commelina,Commelina,Commelina
Commelina virginica,2764028,Commelina virginica,<i>Commelina</i> <i>virginica</i> L.,SPECIES,Commelinaceae,2763195.0,Commelina,2763939.0,Commelina virginica,2764028.0,99,EXACT,2,2,Commelina virginica,Commelina,Commelina,Commelina
Commelina erecta,2764389,Commelina erecta,<i>Commelina</i> <i>erecta</i> L.,SPECIES,Commelinaceae,2763195.0,Commelina,2763939.0,Commelina erecta,2764389.0,99,EXACT,2,2,Commelina erecta,Commelina,Commelina,Commelina
Streptopus amplexifolius,2752734,Streptopus amplexifolius,<i>Streptopus</i> <i>amplexifolius</i> (L.) DC.,SPECIES,Liliaceae,7699.0,Streptopus,2752729.0,Streptopus amplexifolius,2752734.0,100,EXACT,2,2,Streptopus amplexifolius,Streptopus,Streptopus,Streptopus
Streptopus lanceolatus,2752779,Streptopus lanceolatus,<i>Streptopus</i> <i>lanceolatus</i> (Aiton) Reveal,SPECIES,Liliaceae,7699.0,Streptopus,2752729.0,Streptopus lanceolatus,2752779.0,100,EXACT,2,2,Streptopus lanceolatus,Streptopus,Streptopus,Streptopus
Polygonatum biflorum,2770039,Polygonatum biflorum,<i>Polygonatum</i> <i>biflorum</i> (Walter) Elliott,SPECIES,Asparagaceae,7683.0,Polygonatum,2769995.0,Polygonatum biflorum,2770039.0,100,EXACT,2,2,Polygonatum biflorum,Polygonatum,Polygonatum,Polygonatum
Maianthemum racemosum,2769457,Maianthemum racemosum,<i>Maianthemum</i> <i>racemosum</i> (L.) Link,SPECIES,Asparagaceae,7683.0,Maianthemum,9608430.0,Maianthemum racemosum,2769457.0,100,EXACT,2,2,Maianthemum racemosum,Maianthemum,Maianthemum,Maianthemum
Chenopodium,9708769,Chenopodium,<i>Chenopodium</i> sp. Bontei Aell.,SPECIES,Amaranthaceae,3064.0,Chenopodium,3083823.0,Chenopodium,9708769.0,97,HIGHERRANK,1,1,Chenopodium,Chenopodium,Chenopodium,Chenopodium
Impatiens capensis,2891774,Impatiens capensis,<i>Impatiens</i> <i>capensis</i> Meerb.,SPECIES,Balsaminaceae,6699.0,Impatiens,2891766.0,Impatiens capensis,2891774.0,99,EXACT,2,2,Impatiens capensis,Impatiens,Impatiens,Impatiens
Impatiens pallida,2891767,Impatiens pallida,<i>Impatiens</i> <i>pallida</i> Nutt.,SPECIES,Balsaminaceae,6699.0,Impatiens,2891766.0,Impatiens pallida,2891767.0,100,EXACT,2,2,Impatiens pallida,Impatiens,Impatiens,Impatiens
Helianthus annuus,9206251,Helianthus annuus,<i>Helianthus</i> <i>annuus</i> L.,SPECIES,Asteraceae,3065.0,Helianthus,3119134.0,Helianthus annuus,9206251.0,100,EXACT,2,2,Helianthus annuus,Helianthus,Helianthus,Helianthus
Abutilon theophrasti,3152614,Abutilon theophrasti,<i>Abutilon</i> <i>theophrasti</i> Medik.,SPECIES,Malvaceae,6685.0,Abutilon,3152599.0,Abutilon theophrasti,3152614.0,100,EXACT,2,2,Abutilon theophrasti,Abutilon,Abutilon,Abutilon
Sida spinosa,5406741,Sida spinosa,<i>Sida</i> <i>spinosa</i> L.,SPECIES,Malvaceae,6685.0,Sida,3152100.0,Sida spinosa,5406741.0,99,EXACT,2,2,Sida spinosa,Sida,Sida,Sida
Solanum nigrum,9150405,Solanum nigrum,<i>Solanum</i> <i>nigrum</i> L.,SPECIES,Solanaceae,7717.0,Solanum,2928997.0,Solanum nigrum,9150405.0,99,EXACT,2,2,Solanum nigrum,Solanum,Solanum,Solanum
Physalis,2928907,Physalis,<i>Physalis</i> L.,GENUS,Solanaceae,7717.0,Physalis,2928907.0,,,80,HIGHERRANK,1,1,Physalis,Physalis,Physalis,Physalis
Physalis heterophylla,5341783,Physalis heterophylla,<i>Physalis</i> <i>heterophylla</i> Nees,SPECIES,Solanaceae,7717.0,Physalis,2928907.0,Physalis heterophylla,5341783.0,99,EXACT,2,2,Physalis heterophylla,Physalis,Physalis,Physalis
Laportea canadensis,2984463,Laportea canadensis,<i>Laportea</i> <i>canadensis</i> (L.) Wedd.,SPECIES,Urticaceae,6639.0,Laportea,2984461.0,Laportea canadensis,2984463.0,99,EXACT,2,2,Laportea canadensis,Laportea,Laportea,Laportea
Artemisia serrata,3121361,Artemisia serrata,<i>Artemisia</i> <i>serrata</i> Nutt.,SPECIES,Asteraceae,3065.0,Artemisia,3120641.0,Artemisia serrata,3121361.0,100,EXACT,2,2,Artemisia serrata,Artemisia,Artemisia,Artemisia
Solidago canadensis,5389029,Solidago canadensis,<i>Solidago</i> <i>canadensis</i> L.,SPECIES,Asteraceae,3065.0,Solidago,5388868.0,Solidago canadensis,5389029.0,100,EXACT,2,2,Solidago canadensis,Solidago,Solidago,Solidago
Penthorum sedoides,2985709,Penthorum sedoides,<i>Penthorum</i> <i>sedoides</i> L.,SPECIES,Penthoraceae,4256025.0,Penthorum,2985708.0,Penthorum sedoides,2985709.0,100,EXACT,2,2,Penthorum sedoides,Penthorum,Penthorum,Penthorum
Hylotelephium telephium,2985865,Hylotelephium telephium,<i>Hylotelephium</i> <i>telephium</i> (L.) H.Ohba,SPECIES,Crassulaceae,2406.0,Hylotelephium,2985862.0,Hylotelephium telephium,2985865.0,100,EXACT,2,2,Hylotelephium telephium,Hylotelephium,Hylotelephium,Hylotelephium
Sedum roseum,8408721,Sedum roseum,<i>Sedum</i> <i>roseum</i> Steven,SPECIES,Crassulaceae,2406.0,Phedimus,4200460.0,Phedimus stevenianus,4201591.0,100,EXACT,2,2,Sedum roseum,Sedum,Sedum,Sedum
Oenothera grandiflora,8106009,Oenothera grandiflora,<i>Oenothera</i> <i>grandiflora</i> L'Her.,SPECIES,Onagraceae,2430.0,Oenothera,3188799.0,Oenothera grandiflora,8106009.0,99,EXACT,2,2,Oenothera grandiflora,Oenothera,Oenothera,Oenothera
Campanula divaricata,5410780,Campanula divaricata,<i>Campanula</i> <i>divaricata</i> Michx.,SPECIES,Campanulaceae,8801.0,Campanula,3161935.0,Campanula divaricata,5410780.0,100,EXACT,2,2,Campanula divaricata,Campanula,Campanula,Campanula
Artemisia dracunculus,3121581,Artemisia dracunculus,<i>Artemisia</i> <i>dracunculus</i> L.,SPECIES,Asteraceae,3065.0,Artemisia,3120641.0,Artemisia dracunculus,3121581.0,99,EXACT,2,2,Artemisia dracunculus,Artemisia,Artemisia,Artemisia
Castilleja sessiflora,3170616,Castilleja sessiliflora,<i>Castilleja</i> <i>sessiliflora</i> Pursh,SPECIES,Orobanchaceae,6651.0,Castilleja,3170565.0,Castilleja sessiliflora,3170616.0,95,VARIANT,2,2,Castilleja sessiliflora,Castilleja,Castilleja,Castilleja
Hydrocotyle americana,3034603,Hydrocotyle americana,<i>Hydrocotyle</i> <i>americana</i> L.,SPECIES,Araliaceae,8800.0,Hydrocotyle,3034601.0,Hydrocotyle americana,3034603.0,99,EXACT,2,2,Hydrocotyle americana,Hydrocotyle,Hydrocotyle,Hydrocotyle
Cnidoscolus texanum,3073704,Cnidoscolus texanus,<i>Cnidoscolus</i> <i>texanus</i> (Müll.Arg.) Small,SPECIES,Euphorbiaceae,4691.0,Cnidoscolus,3073435.0,Cnidoscolus texanus,3073704.0,98,VARIANT,2,2,Cnidoscolus texanus,Cnidoscolus,Cnidoscolus,Cnidoscolus
Cnidoscolus stimulosus,3073687,Cnidoscolus stimulosus,<i>Cnidoscolus</i> <i>stimulosus</i> (Michx.) Engelm. & A.Gray,SPECIES,Euphorbiaceae,4691.0,Cnidoscolus,3073435.0,Cnidoscolus stimulosus,3073687.0,100,EXACT,2,2,Cnidoscolus stimulosus,Cnidoscolus,Cnidoscolus,Cnidoscolus
Hibiscus aculeatus,3152544,Hibiscus aculeatus,<i>Hibiscus</i> <i>aculeatus</i> Walter,SPECIES,Malvaceae,6685.0,Hibiscus,3152542.0,Hibiscus aculeatus,3152544.0,99,EXACT,2,2,Hibiscus aculeatus,Hibiscus,Hibiscus,Hibiscus
Hibiscus coccineus,3152566,Hibiscus coccineus,<i>Hibiscus</i> <i>coccineus</i> (Medik.) Walter,SPECIES,Malvaceae,6685.0,Hibiscus,3152542.0,Hibiscus coccineus,3152566.0,100,EXACT,2,2,Hibiscus coccineus,Hibiscus,Hibiscus,Hibiscus
Modiola caroliniana,8338793,Modiola caroliniana,<i>Modiola</i> <i>caroliniana</i> (L.) G.Don,SPECIES,Malvaceae,6685.0,Modiola,3152522.0,Modiola caroliniana,8338793.0,99,EXACT,2,2,Modiola caroliniana,Modiola,Modiola,Modiola
Hibiscus moscheutos,3152596,Hibiscus moscheutos,<i>Hibiscus</i> <i>moscheutos</i> L.,SPECIES,Malvaceae,6685.0,Hibiscus,3152542.0,Hibiscus moscheutos,3152596.0,100,EXACT,2,2,Hibiscus moscheutos,Hibiscus,Hibiscus,Hibiscus
Hibiscus laevis,3152576,Hibiscus laevis,<i>Hibiscus</i> <i>laevis</i> All.,SPECIES,Malvaceae,6685.0,Hibiscus,3152542.0,Hibiscus laevis,3152576.0,99,EXACT,2,2,Hibiscus laevis,Hibiscus,Hibiscus,Hibiscus
Malvaviscus arboreus,3152775,Malvaviscus arboreus,<i>Malvaviscus</i> <i>arboreus</i> Cav.,SPECIES,Malvaceae,6685.0,Malvaviscus,3152774.0,Malvaviscus arboreus,3152775.0,100,EXACT,2,2,Malvaviscus arboreus,Malvaviscus,Malvaviscus,Malvaviscus
Kosteletzkya pentacarpos,4939647,Kosteletzkya pentacarpos,<i>Kosteletzkya</i> <i>pentacarpos</i> (L.) Ledeb.,SPECIES,Malvaceae,6685.0,Kosteletzkya,10681930.0,Kosteletzkya pentacarpos,4939647.0,100,EXACT,2,2,Kosteletzkya pentacarpos,Kosteletzkya,Kosteletzkya,Kosteletzkya
Althaea officinalis,3152520,Althaea officinalis,<i>Althaea</i> <i>officinalis</i> L.,SPECIES,Malvaceae,6685.0,Althaea,3152518.0,Althaea officinalis,3152520.0,100,EXACT,2,2,Althaea officinalis,Althaea,Althaea,Althaea
Xanthium strumarium,3089154,Xanthium strumarium,<i>Xanthium</i> <i>strumarium</i> L.,SPECIES,Asteraceae,3065.0,Xanthium,3089139.0,Xanthium strumarium,3089154.0,99,EXACT,2,2,Xanthium strumarium,Xanthium,Xanthium,Xanthium
Cakile edentula,3048882,Cakile edentula,<i>Cakile</i> <i>edentula</i> (Bigelow) Hook.,SPECIES,Brassicaceae,3112.0,Cakile,3048827.0,Cakile edentula,3048882.0,99,EXACT,2,2,Cakile edentula,Cakile,Cakile,Cakile
Cycloloma atriplicifolium,3083565,Cycloloma atriplicifolium,<i>Cycloloma</i> <i>atriplicifolium</i> (Spreng.) J.M.Coult.,SPECIES,Amaranthaceae,3064.0,Dysphania,3083582.0,Dysphania atriplicifolia,11715681.0,100,EXACT,2,2,Cycloloma atriplicifolium,Cycloloma,Cycloloma,Cycloloma
Chenopodium hybridum,3083901,Chenopodium hybridum,<i>Chenopodium</i> <i>hybridum</i> L.,SPECIES,Amaranthaceae,3064.0,Chenopodiastrum,7578202.0,Chenopodiastrum hybridum,7551162.0,99,EXACT,2,2,Chenopodium hybridum,Chenopodium,Chenopodium,Chenopodium
Oenothera speciosa,3188859,Oenothera speciosa,<i>Oenothera</i> <i>speciosa</i> Nutt.,SPECIES,Onagraceae,2430.0,Oenothera,3188799.0,Oenothera speciosa,3188859.0,100,EXACT,2,2,Oenothera speciosa,Oenothera,Oenothera,Oenothera
Cirsium arvense,3113414,Cirsium arvense,<i>Cirsium</i> <i>arvense</i> (L.) Scop.,SPECIES,Asteraceae,3065.0,Cirsium,3112554.0,Cirsium arvense,3113414.0,100,EXACT,2,2,Cirsium arvense,Cirsium,Cirsium,Cirsium
Erechtites hieracifolia,7852981,Erechtites hieracifolia,<i>Erechtites</i> <i>hieracifolia</i> (L.) Raf.,SPECIES,Asteraceae,3065.0,Erechtites,3132453.0,Erechtites hieraciifolius,3132457.0,99,EXACT,2,2,Erechtites hieracifolia,Erechtites,Erechtites,Erechtites
Sphaeralcea coccinea,3152438,Sphaeralcea coccinea,<i>Sphaeralcea</i> <i>coccinea</i> (Nutt.) Rydb.,SPECIES,Malvaceae,6685.0,Sphaeralcea,7412190.0,Sphaeralcea coccinea,3152438.0,100,EXACT,2,2,Sphaeralcea coccinea,Sphaeralcea,Sphaeralcea,Sphaeralcea
Hibiscus trionum,3152560,Hibiscus trionum,<i>Hibiscus</i> <i>trionum</i> L.,SPECIES,Malvaceae,6685.0,Hibiscus,3152542.0,Hibiscus trionum,3152560.0,100,EXACT,2,2,Hibiscus trionum,Hibiscus,Hibiscus,Hibiscus
Oxalis,2891642,Oxalis,<i>Oxalis</i> L.,GENUS,Oxalidaceae,6697.0,Oxalis,2891642.0,,,80,HIGHERRANK,1,1,Oxalis,Oxalis,Oxalis,Oxalis
Melilotus albus,2971095,Melilotus albus,<i>Melilotus</i> <i>albus</i> Medik.,SPECIES,Fabaceae,5386.0,Melilotus,4924408.0,Melilotus albus,2971095.0,99,EXACT,2,2,Melilotus albus,Melilotus,Melilotus,Melilotus
Melilotus officinalis,8193111,Melilotus officinalis,<i>Melilotus</i> <i>officinalis</i> (L.) Lam.,SPECIES,Fabaceae,5386.0,Melilotus,4924408.0,Melilotus officinalis,8193111.0,99,EXACT,2,2,Melilotus officinalis,Melilotus,Melilotus,Melilotus
Desmodium glutinosum,2967416,Desmodium glutinosum,<i>Desmodium</i> <i>glutinosum</i> (Muhl. ex Willd.) Alph.Wood,SPECIES,Fabaceae,5386.0,Hylodesmum,9523730.0,Hylodesmum glutinosum,3913203.0,99,EXACT,2,2,Desmodium glutinosum,Desmodium,Desmodium,Desmodium
Glycirrhiza lepidota,2965778,Glycyrrhiza lepidota,<i>Glycyrrhiza</i> <i>lepidota</i> Pursh,SPECIES,Fabaceae,5386.0,Glycyrrhiza,2965731.0,Glycyrrhiza lepidota,2965778.0,86,VARIANT,2,2,Glycyrrhiza lepidota,Glycirrhiza,Glycyrrhiza,Glycyrrhiza
Dalea candida,5353279,Dalea candida,<i>Dalea</i> <i>candida</i> Willd.,SPECIES,Fabaceae,5386.0,Dalea,2954771.0,Dalea candida,5353279.0,100,EXACT,2,2,Dalea candida,Dalea,Dalea,Dalea
Dalea purpurea,5353342,Dalea purpurea,<i>Dalea</i> <i>purpurea</i> Vent.,SPECIES,Fabaceae,5386.0,Dalea,2954771.0,Dalea purpurea,5353342.0,100,EXACT,2,2,Dalea purpurea,Dalea,Dalea,Dalea
Hedysarum alpinum,2949263,Hedysarum alpinum,<i>Hedysarum</i> <i>alpinum</i> L.,SPECIES,Fabaceae,5386.0,Hedysarum,2960767.0,Hedysarum alpinum,2949263.0,99,EXACT,2,2,Hedysarum alpinum,Hedysarum,Hedysarum,Hedysarum
Astragalus crassicarpus,5343637,Astragalus crassicarpus,<i>Astragalus</i> <i>crassicarpus</i> Nutt.,SPECIES,Fabaceae,5386.0,Astragalus,2933951.0,Astragalus crassicarpus,5343637.0,99,EXACT,2,2,Astragalus crassicarpus,Astragalus,Astragalus,Astragalus
Pediomelum esculentum,2944105,Pediomelum esculentum,<i>Pediomelum</i> <i>esculentum</i> (Pursh) Rydb.,SPECIES,Fabaceae,5386.0,Pediomelum,2959963.0,Pediomelum esculentum,2944105.0,100,EXACT,2,2,Pediomelum esculentum,Pediomelum,Pediomelum,Pediomelum
Cannabis sativa,5361880,Cannabis sativa,<i>Cannabis</i> <i>sativa</i> L.,SPECIES,Cannabaceae,2384.0,Cannabis,2984538.0,Cannabis sativa,5361880.0,100,EXACT,2,2,Cannabis sativa,Cannabis,Cannabis,Cannabis
Aralia racemosa,3036958,Aralia racemosa,<i>Aralia</i> <i>racemosa</i> L.,SPECIES,Araliaceae,8800.0,Aralia,3036858.0,Aralia racemosa,3036958.0,100,EXACT,2,2,Aralia racemosa,Aralia,Aralia,Aralia
Pediomelum cuspidatum,2944165,Pediomelum cuspidatum,<i>Pediomelum</i> <i>cuspidatum</i> (Pursh) Rydb.,SPECIES,Fabaceae,5386.0,Pediomelum,2959963.0,Pediomelum cuspidatum,2944165.0,100,EXACT,2,2,Pediomelum cuspidatum,Pediomelum,Pediomelum,Pediomelum
Aralia hispida,3037033,Aralia hispida,<i>Aralia</i> <i>hispida</i> Vent.,SPECIES,Araliaceae,8800.0,Aralia,3036858.0,Aralia hispida,3037033.0,99,EXACT,2,2,Aralia hispida,Aralia,Aralia,Aralia
Carya illinoinensis,3054289,Carya illinoinensis,<i>Carya</i> <i>illinoinensis</i> (Wangenh.) K.Koch,SPECIES,Juglandaceae,2499.0,Carya,3054287.0,Carya illinoinensis,3054289.0,100,EXACT,2,2,Carya illinoinensis,Carya,Carya,Carya
Carya aquatica,8246850,Carya aquatica,<i>Carya</i> <i>aquatica</i> (F.Michx.) Nutt.,SPECIES,Juglandaceae,2499.0,Carya,3054287.0,Carya aquatica,8246850.0,99,EXACT,2,2,Carya aquatica,Carya,Carya,Carya
Carya cordiformis,3054299,Carya cordiformis,<i>Carya</i> <i>cordiformis</i> (Wangenh.) K.Koch,SPECIES,Juglandaceae,2499.0,Carya,3054287.0,Carya cordiformis,3054299.0,99,EXACT,2,2,Carya cordiformis,Carya,Carya,Carya
Carya ovata,3054296,Carya ovata,<i>Carya</i> <i>ovata</i> (Mill.) K.Koch,SPECIES,Juglandaceae,2499.0,Carya,3054287.0,Carya ovata,3054296.0,99,EXACT,2,2,Carya ovata,Carya,Carya,Carya
Carya tomentosa,3054304,Carya tomentosa,<i>Carya</i> <i>tomentosa</i> (Lam.) Nutt.,SPECIES,Juglandaceae,2499.0,Carya,3054287.0,Carya alba,3054302.0,100,EXACT,2,2,Carya tomentosa,Carya,Carya,Carya
Carya texana,3054314,Carya texana,<i>Carya</i> <i>texana</i> Buckley,SPECIES,Juglandaceae,2499.0,Carya,3054287.0,Carya texana,3054314.0,99,EXACT,2,2,Carya texana,Carya,Carya,Carya
Quercus nigra,2879328,Quercus nigra,<i>Quercus</i> <i>nigra</i> L.,SPECIES,Fagaceae,4689.0,Quercus,2877951.0,Quercus nigra,2879328.0,99,EXACT,2,2,Quercus nigra,Quercus,Quercus,Quercus
Quercus imbricaria,2881106,Quercus imbricaria,<i>Quercus</i> <i>imbricaria</i> Michx.,SPECIES,Fagaceae,4689.0,Quercus,2877951.0,Quercus imbricaria,2881106.0,99,EXACT,2,2,Quercus imbricaria,Quercus,Quercus,Quercus
Persea borbonia,3034048,Persea borbonia,<i>Persea</i> <i>borbonia</i> (L.) Spreng.,SPECIES,Lauraceae,6688.0,Persea,3034041.0,Persea borbonia,3034048.0,99,EXACT,2,2,Persea borbonia,Persea,Persea,Persea
Persea palustris,3034052,Persea palustris,<i>Persea</i> <i>palustris</i> (Raf.) Sarg.,SPECIES,Lauraceae,6688.0,Persea,3034041.0,Persea palustris,3034052.0,100,EXACT,2,2,Persea palustris,Persea,Persea,Persea
Crataegus aestivalis,3013483,Crataegus aestivalis,<i>Crataegus</i> <i>aestivalis</i> (Walter) Torr. & A.Gray,SPECIES,Rosaceae,5015.0,Crataegus,3013395.0,Crataegus aestivalis,3013483.0,99,EXACT,2,2,Crataegus aestivalis,Crataegus,Crataegus,Crataegus
Prunus pumilia,3020593,Prunus pumilio,<i>Prunus</i> <i>pumilio</i> Batsch,SPECIES,Rosaceae,5015.0,Prunus,3020559.0,Prunus glandulosa,3022160.0,97,VARIANT,2,2,Prunus pumilio,Prunus,Prunus,Prunus
Prunus susquehanae,3853672,Prunus susquehanae,<i>Prunus</i> <i>susquehanae</i> Willd.,SPECIES,Rosaceae,5015.0,Prunus,3020559.0,Prunus susquehanae,3853672.0,100,EXACT,2,2,Prunus susquehanae,Prunus,Prunus,Prunus
Ceanothus,3039297,Ceanothus,<i>Ceanothus</i> L.,GENUS,Rhamnaceae,2407.0,Ceanothus,3039297.0,,,80,HIGHERRANK,1,1,Ceanothus,Ceanothus,Ceanothus,Ceanothus
Ceanothus americanus,3039318,Ceanothus americanus,<i>Ceanothus</i> <i>americanus</i> L.,SPECIES,Rhamnaceae,2407.0,Ceanothus,3039297.0,Ceanothus americanus,3039318.0,99,EXACT,2,2,Ceanothus americanus,Ceanothus,Ceanothus,Ceanothus
Ceanothus herbaceus,3039322,Ceanothus herbaceus,<i>Ceanothus</i> <i>herbaceus</i> Raf.,SPECIES,Rhamnaceae,2407.0,Ceanothus,3039297.0,Ceanothus herbaceus,3039322.0,100,EXACT,2,2,Ceanothus herbaceus,Ceanothus,Ceanothus,Ceanothus
Allium tricoccum,2856301,Allium tricoccum,<i>Allium</i> <i>tricoccum</i> Aiton,SPECIES,Amaryllidaceae,7682.0,Allium,9624496.0,Allium tricoccum,2856301.0,99,EXACT,2,2,Allium tricoccum,Allium,Allium,Allium
Allium burdickii,2857170,Allium burdickii,<i>Allium</i> <i>burdickii</i> (Hanes) A.G.Jones,SPECIES,Amaryllidaceae,7682.0,Allium,9624496.0,Allium tricoccum,2856301.0,100,EXACT,2,2,Allium burdickii,Allium,Allium,Allium
Lathyrus palustris,5356412,Lathyrus palustris,<i>Lathyrus</i> <i>palustris</i> L.,SPECIES,Fabaceae,5386.0,Lathyrus,10356062.0,Lathyrus palustris,5356412.0,99,EXACT,2,2,Lathyrus palustris,Lathyrus,Lathyrus,Lathyrus
Lathyrus venosus,5356511,Lathyrus venosus,<i>Lathyrus</i> <i>venosus</i> Muhl. ex Willd.,SPECIES,Fabaceae,5386.0,Lathyrus,10356062.0,Lathyrus venosus,5356511.0,99,EXACT,2,2,Lathyrus venosus,Lathyrus,Lathyrus,Lathyrus
