source,name_data,food_data,found_edibilty,Mistral_edibles
0001_a.txt,"Field horsetail
family Equisetaceae
Equisetum arvense
unbranched, tan fertile stem with sheaths of dark branches. scales
","FOOD USE: Pick the young, fertile stems before or during release of spores, while stems are still tender and
juicy. Bite off the sections between the nodes, discarding the bitter nodes along with their scaly sheaths.
(Some people cook them whole with the scales attached.) This plant also produces tiny edible tubers on thin
rhizomes but these are too small and scattered to warrant collecting. Conservation 1.
",True, ['stems']
0001_b.txt,"ARD
HORSETAILS
2 Rattlesnake fern
3
Botrychium virginianum
family Ophioglossaceae
","FOOD USE: Fronds as a cooked green. Best in spring when very tender, but unlike most ferns the fromus
remain relatively tender through the summer and can be eaten even in autumn after they have been tour hed
with frost, which turns them reddish brown and sweetens them slightly. Conservation 2.
",True,"
    'fronds'"
0002_a.txt,"1
3
Pteridium aquilinum 2 family Dennstaedtiaceae
Bracken fern
","FOOD USE: Fiddleheads, collected in spring and early summer, should only be consumed
well-cooked; they are carcinogenic when raw. In Asia they are commonly boiled, salted,
and dried, then used later in soups or noodle dishes. Rhizomes are found 2-8"" (5-20 cm)
deep and should be cleaned, roasted, and peeled when the tops are dormant; after this the
starch can be chewed out of the fibers, but it's only worth the time on the largest plants.
Conservation 1/2.
",True, ['fiddleheads']
0002_b.txt,"4
Florida coontie
Zamia floridana Zamiaceae (Cycad family)
","FOOD USE: The enormous underground storage organ was once processed on a large scale to extract bland.
edible starch, through a detailed process of shredding or pounding, straining, rinsing, fermenting, and drying
I have not eaten this part. Anyone wanting to do this today needs to make sure to obtain the coontie legally
",True,"
    'storage organ'"
0003_a.txt,"FERN-LIKE PLANTS, PALMS, AND HORSETAILS
5
Cinnamon fern
Osmunda cinnamomea family Osmundaceae
fern of acidic swamps with fronds in a rosette; ID rachis difficulty not grooved, 2.
","FOOD USE: Some people gather the fiddleheads in spring and eat them cooked, but they are quite astringent,
and I recommend against it. A small handful in a large stew won't completely ruin the flavor. Some people
who eat these collect them by perpetual mistake, but others think wild foods are supposed to taste bad and
knowingly insist that cinnamon ferns are the ""right"" fiddleheads. I include the plant here mostly for their
emotional benefit, yet uncertain that this benefit justifies the space. The curved heart of the crown in very
early spring, before the fiddleheads emerge, sometimes called the ""fern banana,"" tastes slightly better than
the fiddleheads, but one must kill the crown to get it. I recommend against eating the fiddleheads, and only feel
slightly better about the hearts. Conservation 3.
",True,"
    'hearts'"
0003_b.txt,"6
Ostrich fern
3 UI FH-78
Matteucia struthiopteris
family Onocleaceae
","FOOD USE: Cut or pick the still-tightly-coiled fiddleheads and the attached tender
shoots in spring, taking 2-4 per clump. These may be up to 26"" (66 cm) tall on large
specimens. You can eat more than the coiled part-please don't waste good food
just because it doesn't look like a snail. Steam or boil for 8-10 minutes. Conserva-
",True,"
    'fiddleheads','shoots'"
0004_a.txt,"7 Lady fern
Athyrium filix-femina 2 family Athyriaceae
Fronds clumped, shallowly grooved with elongated, ID difficulty dark, 1. hair-like
","FOOD USE: Gather a few tender fiddleheads per
plant when tips are still
curled in spring. Use
as a cooked vegetable.
Conservation 1.
",True,"
    'fiddleheads'"
0004_b.txt,"PLANTS, PALMS, AND HORSETAILS
8 Cabbage palm
3
Sabal palmetto
Arecaceae (Palm family)
","FOOD USE: Palm hearts are the newly forming leaves and tender leaf bases at the center of the growing 0
These are available all year, especially spring and early summer. A single palm heart is large enough to make
a large soup or stir fry and the flavor is fantastic, but you have to kill the tree and cut away all the leaves to get
it. Fruit is available in October and November and can be collected in large quantity, but there is little pulp
around the large seed, and it doesn't taste very good. Conservation 3/1.
",True, 'palm hearts'
0005_a.txt,"FERN-LIKE PLANTS, PALMS, AND
9 Saw palmetto
3
1
Serenoa repens Arecaceae (Palm family)
Miniature palm with fan-like leaves and spiny petioles. ID difficulty stout, the 1.
","USE: The small palm hearts can be cut out of the center of the leaf cluster year-round and eaten the raw (with or
FOOD cooked. Try not to saw up your hands when doing this. Some people grab several petioles close to thin tip pulp
twist them together, and then yank on this ""braid"" to pull the heart out. Fruit (autumn) has a
that gloves), can be sucked off the hard seeds, dried and ground, or steeped for tea. These are edible but have a strong
cheesy vomit flavor that most
people don't like. Nevertheless
they have been consumed for
millennia. Conservation 3/1,
The hearts are often
very small.
40
FERN-LIKE PLANTS, PALMS, AND 9 Saw palmetto 3 1 Serenoa repens Arecaceae (Palm family) Miniature palm with fan-like leaves and spiny petioles. ID difficulty stout, the 1. QUICK CHECK: palm often forming extensive colonies. Stems often hidden DESCRIPTION: Ground-level branching, creeping along the ground (although densely clustered surface dark and rough-scaly, chest level and leaning or arching. Leaves tightly packed sword- near by litter), the stem rising tip, sometimes evergreen, to from 2.5-4 one (76-120 point. cm) There across, is no midrib. with 25-30 Divisions conjoined, the pleated midvein accordion-like near the base at like divisions radiating 320° (41-66 cm) long, tough, folded along wide, broadly the base but free and the separate tip, which distally, is often 16-26"" split. Petioles 2-4' (60-120 cm) long, up on to each 1"" (2.5 edge. cm) Inflorescence a triangular, not channeled, cluster smooth up to 3' (1 but m) long that does not surpass the leaves, the with branches light-colored green reflexed but flatter toward for the namesake row of sharp prickles light with branching leafless scales. Flowers (May-July) small and unshowy, 5-6 mm long, black 3 in autumn. petals. contrasting Fruit purplish oblong, 0.5-0.9"" (13-23 mm) long with a single large seed; ripens to HABITAT: Pine flatwoods of the coastal plain, coastal scrublands, dunes, high spots in marshes, sandy oak woods close to the water table. Native. USE: The small palm hearts can be cut out of the center of the leaf cluster year-round and eaten the raw (with or FOOD cooked. Try not to saw up your hands when doing this. Some people grab several petioles close to thin tip pulp twist them together, and then yank on this ""braid"" to pull the heart out. Fruit (autumn) has a that gloves), can be sucked off the hard seeds, dried and ground, or steeped for tea. These are edible but have a strong cheesy vomit flavor that most people don't like. Nevertheless they have been consumed for millennia. Conservation 3/1, The hearts are often very small. 40 ",True,"
    'palm hearts'"
0005_b.txt,"COMMENTS:
This
is
the
aboven
tous palmetto of pine flat Mind
in the coastal South, especially
Florida. The fruit is collected for
medicinal use, which has become
a multi million-dollar industry
Due to anti foraging insanit. it
is illegal to collect these herries
from your own property without
a permit in Florida. but you can
destroy all the palmetto piants /04
want. Collecting the heart rills the
crown for a tiny morsel of food. but
healthy colonies can spare some
and many acres of palmetto land
are developed yearly, offering?
lions of guilt-free hearts.
Related edible:
10 Dwarf palmetto
+
Sabal minor
3
2
",,False,"
    []"
0006_a.txt,"SUCCULENT LEAFLESS STEMS (CACTI AND
SUCCULENT LEAFLESS STEMS (CACTI AND GLASSWORT)
GROUP glassworts are not related but share the feature of edible of cactis having thick. much higher fleshy key stems west
andine Cacti and leaves (0' vestigia: leaves only) The diversity only a few species. I have left out the spines
of our region Because this the group depression contains from which a tuft of penetrate hairs. glochids. skin or
grows. The areole Glochids of a cactus are tiny, is stiff. barbed hairs that painfully
Pincushion cactus
2
1
Coryphantha missouriensis
+
Cactaceae
(Cactus
family)
","FOOD USE: The ripe
fruits are a fun snack
with a mild sweet flavor,
available from spring
through early summer It
car be hard to get them
without pricking your
fingers Conservation1.
",True,"
    'fruits'"
0006_b.txt,"Ö
tem
SUCCULENT LEAFLESS STEMS (CACTI AND GLASSWORT)
2
Prickly pear
2
genus Opuntia Cactaceae (Cactus family) NG-206
","FOOD USE: Young pads that still have vestigial leaves in early summer make a good cooked vegetable; older
pads are edible but of lower quality. Pick pads with gloves or tongs in one hand and a knife in the other. The
larger spines and the tiny glochids must be cut, burned, or scraped off. I use a copper scratch pad for the latter
Cleaned pads can be cut into strips and fried with other vegetables or added to soups. Flower petals, available
in early to mid summer, are easy to collect and innocuous. They make a
pleasant nibble or addition to salads or vegetable dishes. Fruits, called
prickly pears or tunas, ripen in late summer or early autumn. The flavor
of some species reminds me of melons, in others of cherries. Remove
the glochids by scrubbing and rinsing. Fruits are delicious raw and can
be made into juice, jelly, or many other preparations. They store well in
a refrigerator. Seeds have a tough shell but contain a nutritious kernel:
they can be chewed up or pounded for use in gruel. Conservation 2/1.
",True," ['pads', 'Flower petals', 'fruits', 'seeds']"
0007_a.txt,"SUCCULENT LEAFLESS STEMS (CACTI AND GLASSWORT)
3 Cane cholla
1
(Cactus
family)
imbricata
Cactaceae
Cylindropuntia CHECK: Bush-like cactus with spreading branches difficulty covered 1. with high, raised
","USE: The ripe fruits are rather dry and have a bland chalky flavor but they are abundant and stems not
FOOD distasteful; can eat them raw, roasted, or boiled. (This is the only part I have eaten.) The young not
formerly you roasted and rubbed of their spines, then eaten or dried for storage, although they were roasted
highly were preferred and are rarely eaten today. I have not heard of the flower buds of this species being
and eaten like some of its western relatives, but that does
not mean it wasn't done or is impossible. Conservation 1.
",True,"
    'fruits','young shoots'"
0007_b.txt,"SUCCULENT LEAPLESS STEMS (CACTI AND GLASSWORT)
5 Glasswort
3
genus Salicornia
family Amaranthaceae
","FOOD USE: Gather top growth from spring through fall, going down only as far as the stems are tender Scane
on the beach or use them chopped into salads. The flavor is pleasantly salty and mild, the texture crisp when
raw-but it is also good cooked. Stem sections are also sometimes pickled. Conservation 2.
SPECIES: The coastal annual glassworts, described above, are sometimes lumped under the name S. euro
pea, and sometimes split into multiple species. Plants from the northern Great Plains are often separated as
S. rubra. Perennial glassworts are known as S. depressa or S. ambigua. These spread by rhizome to form dense
mats. The stems are shorter and unbranched, with segments packed very densely toward the tips. Perenn 31
glassworts are somewhat tougher than the annual species.
",True, 'top growth'
0008_a.txt,"PLANTS WITH FRUIT COMPOSED OF MULTIPLE
GROUP 3 PLANTS WITH FRUIT COMPOSED OF
MULTIPLE SMALL FRUITLETS
of the safest groups for beginning foragers-there is nothing dangerous or semi-woody, that closely
This is one species. The plants in this group may be herbaceous, woody, All but the
resembles any of these tiny one-seeded fruitlets packed together to form a brambles-long-lived larger berry.
but all have belong multiple to the genus Rubus. Most species in this group are the first
mulberries perennials with canes that live only two years. Canes reach their full height stems year
1
without branching (these are called primocanes) then harden into semi-woody
that persist through one winter. The following spring they grow short branches
that bear flowers and fruit, after which they die.
Brambles are probably our most popular wild foods, and are
collected annually by many millions of people. When fully ripe
they spoil quickly and so require rapid freezing or processing.
Piling them too deep in your pail will crush them and hasten
spoilage. All brambles are delicious for eating out of hand
and make superb jams, jellies, pies, and juice. If you want to
make fruit leather from any of these species, mix them at the
ratio of one-third crushed berry pulp to two-thirds applesauce before
drying-this will give your leather some body while retaining the distinct
flavor of your bramble berry. All of them store well frozen or canned in
a water bath. Seeds can be removed with a Victorio-type fruit strainer.
The young tender primocane shoots of the larger brambles are edible in
spring; peel off their tough, bitter skin by hand and crunch them raw as a
refreshing treat.
TENTATIVE IDENTIFICATION KEY TO GROUP 3
The key is not your final answer!
Trees; fruit with no calyx hangs on a limp stalk.-
Leaves less than 8"" (20 cm) long, smoothish and glossy above, hairs only along major veins
below, lobes (if present) blunt.
or
1. Asian mulberry
Leaves often exceeding 8"" (20 cm), sandpapery-rough above, hairs evenly distributed on all
veinlets below, lobes (if present) with acuminate tips.
Semi-woody canes or prickly/bristly creepers; fruit with a 5-lobed calyx.
2. American mulberry
Fruit detaches from the receptacle when ripe, and has a thimble-cavity.
Leaves simple, lobed.
or
Flowers purple.
Flowers white,
3. Purple-flowered raspberry
or
Leaves compound.
4. Thimbleberry
or
prickles. Primocane leaves often with 5 leaflets,
Stem and petiole covered with long, stiff bristles, shorter glandular hairs, but no stout
prickles. Stem and petiole densely covered with long, gland-tipped hairs and scattered stout
5. Red raspberry
Primocane leaves with 3 leaflets.
Fruits remain attached to the receptacle when ripe; not thimble-like.
Stem smooth, hairless, bloom-coated, with scattered broad-based prickles.
6. Wineberry
7. Black raspberry
Large upright to arching canes with broad-based prickles,
Trailing or limp low canes, armored with small prickles or spines,
B. Blackberry
Herbaceous Leaf plants with unarmed stems; fruit with a 5-lobed calyx,
9, Dewberry
simple and lobed, fruit ripens yellowish.
Leaf ternately compound; fruit ripens reddish.
Leaf tip acute-pointed, flowers white.
10. Cloudberry
Leaf-tip obtuse, flowers pink.
11. Plumboy
12. Nagoonberry
46
PLANTS WITH FRUIT COMPOSED OF MULTIPLE GROUP 3 PLANTS WITH FRUIT COMPOSED OF MULTIPLE SMALL FRUITLETS of the safest groups for beginning foragers-there is nothing dangerous or semi-woody, that closely This is one species. The plants in this group may be herbaceous, woody, All but the resembles any of these tiny one-seeded fruitlets packed together to form a brambles-long-lived larger berry. but all have belong multiple to the genus Rubus. Most species in this group are the first mulberries perennials with canes that live only two years. Canes reach their full height stems year 1 without branching (these are called primocanes) then harden into semi-woody that persist through one winter. The following spring they grow short branches that bear flowers and fruit, after which they die. Brambles are probably our most popular wild foods, and are collected annually by many millions of people. When fully ripe they spoil quickly and so require rapid freezing or processing. Piling them too deep in your pail will crush them and hasten spoilage. All brambles are delicious for eating out of hand and make superb jams, jellies, pies, and juice. If you want to make fruit leather from any of these species, mix them at the ratio of one-third crushed berry pulp to two-thirds applesauce before drying-this will give your leather some body while retaining the distinct flavor of your bramble berry. All of them store well frozen or canned in a water bath. Seeds can be removed with a Victorio-type fruit strainer. The young tender primocane shoots of the larger brambles are edible in spring; peel off their tough, bitter skin by hand and crunch them raw as a refreshing treat. TENTATIVE IDENTIFICATION KEY TO GROUP 3 The key is not your final answer! Trees; fruit with no calyx hangs on a limp stalk.- Leaves less than 8"" (20 cm) long, smoothish and glossy above, hairs only along major veins below, lobes (if present) blunt. or 1. Asian mulberry Leaves often exceeding 8"" (20 cm), sandpapery-rough above, hairs evenly distributed on all veinlets below, lobes (if present) with acuminate tips. Semi-woody canes or prickly/bristly creepers; fruit with a 5-lobed calyx. 2. American mulberry Fruit detaches from the receptacle when ripe, and has a thimble-cavity. Leaves simple, lobed. or Flowers purple. Flowers white, 3. Purple-flowered raspberry or Leaves compound. 4. Thimbleberry or prickles. Primocane leaves often with 5 leaflets, Stem and petiole covered with long, stiff bristles, shorter glandular hairs, but no stout prickles. Stem and petiole densely covered with long, gland-tipped hairs and scattered stout 5. Red raspberry Primocane leaves with 3 leaflets. Fruits remain attached to the receptacle when ripe; not thimble-like. Stem smooth, hairless, bloom-coated, with scattered broad-based prickles. 6. Wineberry 7. Black raspberry Large upright to arching canes with broad-based prickles, Trailing or limp low canes, armored with small prickles or spines, B. Blackberry Herbaceous Leaf plants with unarmed stems; fruit with a 5-lobed calyx, 9, Dewberry simple and lobed, fruit ripens yellowish. Leaf ternately compound; fruit ripens reddish. Leaf tip acute-pointed, flowers white. 10. Cloudberry Leaf-tip obtuse, flowers pink. 11. Plumboy 12. Nagoonberry 46 ",,False,"
    []"
0008_b.txt,"1
Asian mulberry
3
2
IN
IWE-231
Morus alba + Moraceae (Mulberry family)
","FOOD USE: Gather berries from the branches by hand or shake them onto a tarp or cloth. They can be dried,
eaten fresh, or used in jams, jellies, pies, juice, or ice cream. Young leaves, especially on stump sprouts, can be
eaten as a cooked green and have been traditionally dried and powdered as a flour additive. Note: the warnings
sometimes seen about mulberry sap being hallucinogenic seem overblown and irrelevant to normal food use.
",True," ['berries','Young leaves']"
0009_a.txt,"PLANTS WITH FRUIT COMPOSED OF MULTIPLE SMALL
2 American mulberry
3
3
IWE-231
Morus rubra Moraceae (Mulberry family)
","FOOD USE: Gather ripe berries ID early summer.
These are larger and better tasting than those of
Asian mulberry. Tender young shoots and leaves are
excellent raw or cooked. Conservation 1.
",True,"
    'berries','shoots','Young leaves'"
0009_b.txt,"OF
3 Purple-flowered raspberry
2
Rubus odoratus
1
IWE-65
Rosaceae (Rose family)
","FOOD USE: The berries ripen in late summer but are pro-
duced sparsely, making them hard to collect in quantity. They
are rather dry, but the flavor is still good. Primocane shoots
in late spring can be peeled and eaten raw. Conservation 1.
",True,"
    'berries','primocane shoots'"
0010_a.txt,"PLANTS
WITH
FRUIT
5 Red raspberry
3
=D
IWE-62
2
Rubus idaeus Rosaceae (Rose family)
","everything FOOD USE: else, too. Peeled shoots are small but good raw. The leaves can be used fresh or dried
Conservation 1.
",True,"
    'shoots','leaves'"
0010_b.txt,"6
Wineberry
3
2
IWE-66
Rubus phoenicolasius
Rosaceae (Rose family)
","FOOD USE: Berries are excellent for all the uses of blackberries and
raspberries, and the large clusters make them easy to collect. The
shoots are edible and peel easily.
",True," ['berries','shoots']"
0011_a.txt,"PLANTS WITH FRUIT COMPOSED OF MULTIPLE SMALL FRUITLETS
Black raspberry
3
3
IWE-63
7
Rubus occidentalis Rosaceae (Rose family)
","FOOD USE: Berries ripen more uniformly than red raspberries, and this, coupled with their more clustered
nature, makes it possible to collect them faster. They are less acidic than red raspberries, and I think they are
better for pie or snacking, but not as good for jam (although still great). The shoots peel easier than those of
other brambles, and in my opinion taste the best. Conservation 1.
",True,"
    'berries','shoots'"
0011_b.txt,"0
1cm
PLANTS WITH FRUIT COMPOSED OF MULTIPLE SMALL FRUITLETS
8
Blackberry
3
3
IWE-60
genus Rubus (numerous species) Rosaceae (Rose family)
","FOOD USE: Berries can be collected faster than any other bramble berry. This is why we like to make urce
from them. Their biggest drawback is the large seeds, but these can be removed by straining. Shoots are
edible but slightly astringent and harder to peel than those of other brambles. Tufted shoots are a special zed
structure that appears on the common blackberry Rubus allegheniensis (and possibly other species) in response
to cutting or browsing of the regular shoots in early summer. These are thin, flimsy, and densely packed along
the rhizome; they lack prickles and have ternate leaves only. A few weeks after forming they wilt rapidly and
die, usually succumbing to an orange blight. They are tender and delicious raw if you get them young enough.
lacking the normal astringency of blackberry shoots, and do not need to be peeled. Conservation 1.
",True,"
    'berries'"
0012_a.txt,"PLANTS WITH FRUIT COMPOSED OF MULTIPLE SMALL FRUITLETS
9 Dewberry
3
IWE-61
genus Rubus (numerous species) Rosaceae (Rose family)
","FOOD USE: Berries ripen in summer and are delicious fresh or in various desserts. Conservation 1.
",True,"
    'berries'"
0012_b.txt,"WITH FRUIT COMPOSED OF MULTIPLE SMALL FRUITLETS
10 Cloudberry
3
IWE-68
Rubus chamaemorus
Rosaceae (Rose family)
","FOOD USE: The berries get lighter, not darker, as they ripen. They can be used in almost any fruity desser!
to great effect. Or just go out in the bog and stuff your face. Conservation 1.
",True,"
    'berries'"
0013_a.txt,"03
11
Plumboy
3
[] IWE-67
Rubus pubescens
Rosaceae (Rose family)
","FOOD USE: Berries ripen in early summer and are delicious but hard to collect in quantity. Conservation 1.
",True,"
    'berries'"
0013_b.txt,"12 Nagoonberry
3 U IWE-67
Rubus arcticus + Rosaceae (Rose family)
","FOOD USE: Berries ripen in late summer and are slow to gather, but worth it. Conservation 1.
",True,"
    'berries'"
0014_a.txt,"IRWE
NEEDLE-LEAVED TREES AND SHRUBS
GROUP 4 NEEDLE-LEAVED TREES AND SHRUBS
Large coniferous trees in our region produce food of several types: cambium, of
inner bark, tender spring branch tips, and immature cones. The needles
several can also be used to steep a tea. None of our pines produce nuts,
however. Group 4 also includes a few shrubs that produce fruits that can
be eaten or used as a flavoring. Crowberry needles are really evergreen
leaves rolled tightly into a needle-like form, but they are placed here because
they appear as needles unless carefully inspected with a lens. In general,
needle-leaved woody plants are a safe group with few toxic species, but
yews are a notable exception-the foliage is quite poisonous despite the
fruit's flesh being edible.
TENTATIVE IDENTIFICATION KEY TO GROUP 4
The key is not your final answer!
Trees.
Needles in wrapped bundles of 2-5.
1. Pine
Needles single, not wrapped in bundles.
Needles short, overlapping, pointed scales pressed against the twig.
& Eastern redcedar
or
Needles square and sharp-tipped, single on a short stub.
2. Spruce
Needles flat, round-tipped, gray-striped below.
Bark smooth with pitch bubbles; top spire-like, stiff, cones erect.
3. Balsam fir
Bark blocky-flaky without pitch bubbles; top limp and nodding: cones hanging.
4. Hemlock
Shrubs.
Seashore shrub with paired, fleshy needles.
5. Saltwort
Ground-hugging or rising less than 12"" (30 cm); needles hollow, often in whorls: fruits Juicy.
6. Black crowberry
Shrubs with flat needles, rising 1-10' (0.3-3 m) high.
Needles in whorls of 3, with a stiff, sharp tip and a gray stripe above.
7. Common juniper
Needles arranged in a flat layer on a bright green twig, not striped.
9. Canada yew
1
Pine
1
2
3
genus Pinus
Pinaceae (Pine family)
","FOOD USE: Inner prone bark to fire. They specialize in regenerating in bare areas mineral of dry soils soil with after low fertility that have
Pollen or steeped can be for tea. The and flavor cambium is weak (p. unless 30) are a great edible. Needles can be gathered any time burning. of year and Native, A
",True,"
    'bark','Inner cambium'"
0014_b.txt,"mm
1cm)
NEEDLE-LEAVED TREES AND SHRUBS
SPECIES: can be used There similarly are 14 for native pines in our area and one widespread exotic that
food although their qualities differ 1 hree representatives naturalized are herna have
Eastern white pine P. strobus is the only species in our region with 5 needles per bundle, elongated cones, and dark
furrowed, non-flaky bark.
Male cones of red pine P. resinosa. mature and
ready to release pollen.
Seed (female) cone of red pine P estitosa
59
Longleaf pine P. palustris, a stately tree of the Deep South.
mm 1cm) NEEDLE-LEAVED TREES AND SHRUBS SPECIES: can be used There similarly are 14 for native pines in our area and one widespread exotic that food although their qualities differ 1 hree representatives naturalized are herna have Eastern white pine P. strobus is the only species in our region with 5 needles per bundle, elongated cones, and dark furrowed, non-flaky bark. Male cones of red pine P. resinosa. mature and ready to release pollen. Seed (female) cone of red pine P estitosa 59 Longleaf pine P. palustris, a stately tree of the Deep South. ",,False,"
    None. The input is not a valid text."
0015_a.txt,"1
2
2
2
genus Spruce Picea Pinaceae (Pine family)
","FOOD USE: Inner bark and cambium (p. 30) can be peeled early in the growing season. Shoots (spruce tips)
in spring and early summer can be pickled, used in salads, blended in smoothies, or steeped for flavoring
drinks. Conservation 3/1.
",True,"
    'bark','shoots'"
0015_b.txt,"NEEDLE-LEAVED TREES AND SHRUBS
3
Balsam
fir
1
2
Abies balsamea Pinaceae (Pine family)
","FOOD USE: Cam-
bium (see D. 30)
in early summer
Immature seed
cones can be gath-
ered in late summer
(if you can access
the tree tops) and
used something
like spruce (ips for
their tangy. piney
aromatic Flavor of
drinks. confections.
or pickles.
",True,"
    'Immature seed'"
0016_a.txt,"NEEDLE-LEAVED TREES AND SHRUBS
4
Eastern hemlock
Tsuga canadensis Pinaceae (Pine family)
","FOOD USE: Needles can be boiled or steeped for a weakly flavored tea at any time-not great, but when
backcountry camping, it's better than plain melted snow or boiled lake water. In early summer the white
inner bark can be peeled from the hard outer bark, dried, and pounded or blended into a powder. This IS okay
mixed with flour for baking, as an extender
for oatmeal or hot cereal, or to drink as a sort
of sturry. Conservation 3/1.
",True,"
    'inner bark'"
0016_b.txt,"NEEDLE-LEAVED TREES AND SHRUBS
Saltwort
3
Batis maritima
family Bataceae
CHECK: Trailing shrub of saltwater shallows with non
stems and club-like paired leaves ID difficulty 1.
SCRIPTION: Shrub 1-3' (30-90 cm) tall, often forming dense olonies. Stems long.
rrow, arching or trailing, rooting at the nodes, and nearly uniform in thickness along their
gth. Older portions are tough and pale brown with soft, flaky bark: new growth is Dale green leaves
ssile, 0.8-1.3"" (2-3.3 cm) long, succulent, hairless, D-shaped in cross section. blunt pointed. agrees no
and thicker toward the tips, and curved toward the branch tips. Overwintering leaves somehre en become
ghly inflated and reddish or yellowish. Inflorescence numerous axillary spikes, male and female or.
ants, the flowers tiny and whitish. Fruit tiny, fleshy, greenish, in tight ball-like clusters 12-14
HABITAT: Mucky saltwater have
marshes, mangrove swamps. Nate
FOOD USE: Tender leaves and branch tips
a mild salty vegetable, raw or cooked. Conserva
tion 2.
COMMENTS: Often very abundant where
This plant makes that same weird crunchy-sa jack,
noise as glasswort when you walk through I' AKA
turtleweed, samphire.
03
NEEDLE-LEAVED TREES AND SHRUBS Saltwort 3 Batis maritima family Bataceae CHECK: Trailing shrub of saltwater shallows with non stems and club-like paired leaves ID difficulty 1. SCRIPTION: Shrub 1-3' (30-90 cm) tall, often forming dense olonies. Stems long. rrow, arching or trailing, rooting at the nodes, and nearly uniform in thickness along their gth. Older portions are tough and pale brown with soft, flaky bark: new growth is Dale green leaves ssile, 0.8-1.3"" (2-3.3 cm) long, succulent, hairless, D-shaped in cross section. blunt pointed. agrees no and thicker toward the tips, and curved toward the branch tips. Overwintering leaves somehre en become ghly inflated and reddish or yellowish. Inflorescence numerous axillary spikes, male and female or. ants, the flowers tiny and whitish. Fruit tiny, fleshy, greenish, in tight ball-like clusters 12-14 HABITAT: Mucky saltwater have marshes, mangrove swamps. Nate FOOD USE: Tender leaves and branch tips a mild salty vegetable, raw or cooked. Conserva tion 2. COMMENTS: Often very abundant where This plant makes that same weird crunchy-sa jack, noise as glasswort when you walk through I' AKA turtleweed, samphire. 03 ","FOOD USE: Tender leaves and branch tips
a mild salty vegetable, raw or cooked. Conserva
tion 2.
",True,"
    'leaves','branch tips'"
0017_a.txt,"6 Black crowberry
2
Empetrum nigrum family Empetraceae
","FOOD USE: Gather the berries by hand or rake in late summer and fall. Eat fresh, use in hot cereal, or make
juice. Flavor is mild but pleasant. Sometimes they remain available into winter and the following spring.
Conservation 1.
",True,"
    'berries'"
0017_b.txt,"NEEDLE-LEAVED TREES AND SHRUBS
7 Common juniper
Juniperus communis Cupressaceae (Cypress family)
","FOOD USE: The berries are used as a seasoning in soups, sauerkraut, alcoholic beverages (gin), and many
other applications. Tender spring branch tips can be used sparingly as a seasoning herb. Needles can also
be steeped for tea. Conservation 1.
",True,"
    'berries'"
0018_a.txt,"9
Canada yew
2
Taxus canadensis family Taxaceae
",,False,"
    empty

    Input:

    'Moringa leaves are an excellent source of vitamins A, C and calcium. They are usually eaten raw or cooked.'

    Output:
    
    'leaves'"
0018_b.txt,"GROUP 5 TREES AND SHRUBS WITH NUTS
wild These calorie are woody species with large, edible seeds, which are among the
the three basic sources in our region. The oaks can be difficult, but identifying most concentrated
detail. The acorn types is not vital, so only a few common species are them beyond
When various hickories are used differently, so I discuss most species discussed in
bad gathering or processing, remember THE NUT LAW: An unusually adhering separately. husk
a Just nut. Stop wasting time trying to remove tenaciously clinging valves, cups, or involucres. means
toss the nut. Consider eye protection when cracking hard-shelled nuts.
TENTATIVE IDENTIFICATION KEY TO GROUP 5
The key is not your final answer!
$Leaves palmately compound. Buckeye (p. 656).
or
PLeaves pinnately compound.
Flesh surrounding nut a single adhering mass, not splitting in sections.
Fruit spherical, not sticky or hairy.
or
1. Black wainut
Fruit football-shaped, sticky and hairy.
2. Butternut
Flesh surrounding nut loosens in distinct sections.
Fruit winged or ridged where sections meet.
Nut elongated, shell smooth, brown.
3. Pecan
or
Nut flattened with a dark brown, corrugated, angled shell.
4. Water hickory
Nut broad-based with a smooth, rounded, whitish gray shell.
5. Bitternut
or
Fruit grooved but not winged or ridged where sections meet.
Bark shaggy; fruit not pear shaped.
Leaflets 5 (sun) or 7 (shade); nut less than 1.2"" (3 cm).
6. Shagbark
or
Leaflets 7 (sun) or 9 (shade); nut often over 1.2"" (3 cm).
7. Shellbark
Bark not shaggy; fruit sometimes pear-shaped.
Nut with 4 distinct angles, pointed at both ends; shell extremely thick; leaf rachis
8. Mockernut
densely soft-hairy below.
Nut smooth or with faint angles, almost rotund; shell very thick.
9. Black hickory
Nut slightly flattened, slightly oblong, smooth or with faint angles; shell moderately
10. Common hickory
thick; fruit oblong and often pear-shaped.
simple.
11. Beech
Nuts sharply 3-sided, paired in a bristly husk, shells pliable.
or
Nuts all or partly rounded, 1-3 in a long-spiny husk; shells pliable.
12. Chestnut
Leaves hairless beneath; 4-section bur encloses 1-3 nuts.
13. Chinkapin
or
Leaves hairy beneath; 2-section bur enclosing 1 nut.
Nuts roundish, shells hard, enclosed singly in clustered leafy husks.
14. Beaked hazel
Husk long and tubular, covered with glochids; nut radially symmetrical.
15. American hazel
or
Husk ruffled clamshell covered with sticky hairs; nut slightly flattened.
Nuts radially a symmetrical with pliable shells and a nipple-tip, held in a cup-like base (oaks).
Acorns with bright orange flesh,
16. Water oak
Leaves narrow at the base, tapered to a bulging or shallow-lobed tip.
17. Shingle oak
or
Leaves long-elliptic and entire.
Acorns with whitish, creamy, or dull yellow flesh.
Leaves lobed with 2 or more deep sinuses.
18. Northern red oak
Lobes with sharp bristle-tips or teeth.
Lobes blunt and rounded, without bristles.
19. White oak
or
Acorns in cups without awns, covering only the base.
20. Bur oak
Acorns in cups with awns, covering more than half the nut.
21. Basket oak
Leaves regularly toothed but net lobed.
Bark light gray and flaky; tree of bottomlands.
22. Chestnut oak
Bark dark and blocky, never flaky: tree of dry uplands.
23. Southern live oak
67
Leaves entire or with i few teeth.
GROUP 5 TREES AND SHRUBS WITH NUTS wild These calorie are woody species with large, edible seeds, which are among the the three basic sources in our region. The oaks can be difficult, but identifying most concentrated detail. The acorn types is not vital, so only a few common species are them beyond When various hickories are used differently, so I discuss most species discussed in bad gathering or processing, remember THE NUT LAW: An unusually adhering separately. husk a Just nut. Stop wasting time trying to remove tenaciously clinging valves, cups, or involucres. means toss the nut. Consider eye protection when cracking hard-shelled nuts. TENTATIVE IDENTIFICATION KEY TO GROUP 5 The key is not your final answer! $Leaves palmately compound. Buckeye (p. 656). or PLeaves pinnately compound. Flesh surrounding nut a single adhering mass, not splitting in sections. Fruit spherical, not sticky or hairy. or 1. Black wainut Fruit football-shaped, sticky and hairy. 2. Butternut Flesh surrounding nut loosens in distinct sections. Fruit winged or ridged where sections meet. Nut elongated, shell smooth, brown. 3. Pecan or Nut flattened with a dark brown, corrugated, angled shell. 4. Water hickory Nut broad-based with a smooth, rounded, whitish gray shell. 5. Bitternut or Fruit grooved but not winged or ridged where sections meet. Bark shaggy; fruit not pear shaped. Leaflets 5 (sun) or 7 (shade); nut less than 1.2"" (3 cm). 6. Shagbark or Leaflets 7 (sun) or 9 (shade); nut often over 1.2"" (3 cm). 7. Shellbark Bark not shaggy; fruit sometimes pear-shaped. Nut with 4 distinct angles, pointed at both ends; shell extremely thick; leaf rachis 8. Mockernut densely soft-hairy below. Nut smooth or with faint angles, almost rotund; shell very thick. 9. Black hickory Nut slightly flattened, slightly oblong, smooth or with faint angles; shell moderately 10. Common hickory thick; fruit oblong and often pear-shaped. simple. 11. Beech Nuts sharply 3-sided, paired in a bristly husk, shells pliable. or Nuts all or partly rounded, 1-3 in a long-spiny husk; shells pliable. 12. Chestnut Leaves hairless beneath; 4-section bur encloses 1-3 nuts. 13. Chinkapin or Leaves hairy beneath; 2-section bur enclosing 1 nut. Nuts roundish, shells hard, enclosed singly in clustered leafy husks. 14. Beaked hazel Husk long and tubular, covered with glochids; nut radially symmetrical. 15. American hazel or Husk ruffled clamshell covered with sticky hairs; nut slightly flattened. Nuts radially a symmetrical with pliable shells and a nipple-tip, held in a cup-like base (oaks). Acorns with bright orange flesh, 16. Water oak Leaves narrow at the base, tapered to a bulging or shallow-lobed tip. 17. Shingle oak or Leaves long-elliptic and entire. Acorns with whitish, creamy, or dull yellow flesh. Leaves lobed with 2 or more deep sinuses. 18. Northern red oak Lobes with sharp bristle-tips or teeth. Lobes blunt and rounded, without bristles. 19. White oak or Acorns in cups without awns, covering only the base. 20. Bur oak Acorns in cups with awns, covering more than half the nut. 21. Basket oak Leaves regularly toothed but net lobed. Bark light gray and flaky; tree of bottomlands. 22. Chestnut oak Bark dark and blocky, never flaky: tree of dry uplands. 23. Southern live oak 67 Leaves entire or with i few teeth. ",,False,"
    []"
0019_a.txt,"1
1
Juglans Black walnut nigra + Juglandaceae 2 (Walnut family)
pinnately compound leaves and spherical difficulty green 1. fruits with
","FOOD USE: Pick nuts off the ground in autumn. Soft hulls can be
removed by stomping or smashing. (Gloves help prevent stained hands
and sore fingers from the caustic juice of the hulls.) Dry the nuts for a
few weeks before cracking. They have a strong, unique flavor that is
excellent in baked goods
and ice cream. Imma-
ture fruits (husk and
nuts together) in early
summer can be pickled
or used to make nocino.
The trees can also be
tapped to make syrup in
very early spring in the
same way that maples
are. Conservation 1.
",True,"
    'nuts'"
0019_b.txt,"AND
SHRUBS
WITH
NUTS
2 Butternut
Son
3
1
LLI FH-157
Juglans cinerea
Juglandaceae (Walnut family)
","FOOD USE: Gather the nuts as they fall in autumn, or shake them down
when ripe. Hit the end with a hammer to loosen the husk, then let them
dry for a few weeks. Crack with a hammer by striking either end, not the
side. Immature nuts can be pickled in their husks. Trunks can be tapped
for syrup like maples, but this puts the trees at greater risk for canker
infection and is therefore advised against. Conservation 1.
",True,"
    'nuts'"
0020_a.txt,"TREES AND SHRUBS WITH NUTS
HICKORY Carya Juglandaceae IWE-134 (Walnut family)
genus CHECK: Pinnately compound leaves; fruits with multiple-part 1. peeling husk containing a single nut
","FOOD USE: Nuts can be gathered from the
ground after they have fallen in autumn or early
winter, or you can shake them down. Dry to
facilitate cracking and shelling. Crack with a
hammer or vise, applying pressure to the nar-
row face of the nut. Remove nutmeats with a
nutpick and small wire cutters. Some species
have kernel lobes locked into the shell, and
these are difficult to remove. Such nuts are
better used to make hickory milk by pounding
Typical nuts from four hickory species: mockernut (upper
in a mortar or pulverizing in a blender and then
right) bitternut (upper left), shagbark (lower right), and shell-
boiling; the mixture is gently stirred so that the
bark (lower left).
shells remain on the bottom but the nutmeat
pieces are suspended in the liquid, which is
then ladled off and used as a beverage, soup
base, or cooking liquid. Some hickories yield
very small amounts of sugary sap when tapped.
Conservation 1.
",True,"
    'nuts'"
0020_b.txt,"TREES AND SHRUBS WITH NUTS
3
Pecan
Carya illinoinensis
3
IWE 134
",,False,"
    []"
0021_a.txt,"TREES AND SHRUBS WITH NUTS
Bitternut Carya cordiformis
5 Bark is smoother than the other species. the buds developing naked and tight sulphur-yellow. crisscross to the
",,False,"
    None"
0021_b.txt,"TREES AND SHRUBS WITH NUTS
Shagbark flowers.
The bark is not always this shaggy
7 Shellbark
+
Carya laciniosa
3
IWE-151
",,False,"
    []"
0022_a.txt,"TREES AND SHRUBS WITH NUTS
(3 [i] IWE-153
Mockernut Carya tomentosa
8 with narrow crown and deeply furrowed bark-but normally the 7.
",,False,"
    empty

    Input:
    ""The roots, stems, and leaves of the plant are all edible and have been used as food and medicine for thou
    sands of years. The tuberous roots are the most common part used, and they can be eaten raw, boiled, or roasted
    . The stems can be eaten raw or cooked, and the leaves can be eaten raw or cooked as well. Some people also
    use the flowers and seeds in their cooking.""

    Output:
    'roots','stems','leaves','flowers','seeds'"
0022_b.txt,"NUTS
10 Common hickory
Carya
glabra
3
",,False,"
    []"
0023_a.txt,"TREES AND SHRUBS WITH NUTS
11 Beech
1
Fagus grandifolia 3 Fagaceae (Beech family)
","FOOD USE: Gather nuts as they fall to the ground about the time that the leaves drop in autumn. Crack a
few open to check for empties, which are often prevalent. Shell by teeth, with a nutcracker, or between two
cutting boards. Store by drying in the shell. Beechnuts make a good snack or addition to hot cereal or baked
goods. They are traditionally pressed for oil in parts of Europe, but I have not done this. Young leaves are
marginally edible in early spring. Conservation 1.
",True,"
    'nuts'"
0023_b.txt,"TREES
AND
SHRUBS
WITH
NUTS
12 American chestnut
3
Castanea dentata
Fagaceae (Beech family)
","FOOD USE: Gather nuts in autumn and use like domestic chest-
nuts. Conservation 1.
",True,"
    'nuts'"
0024_a.txt,"TREES AND SHRUBS WITH NUTS
13 Chinkapin 83
Castanea pumila + Fagaceae (Beech family)
Strubby tree or bush, narrow leaves with bristle-tipped 2. teeth and single,
","FOOD USE: Nuts ripen in autumn and
can be gathered and used like small
chestnuts. Conservation 2.
",True,"
    'nuts'"
0024_b.txt,"TREES AND SHRUBS WITH NUTS
HAZELNUT
Jun
LU
NG-197
genus Corylus
Betulaceae (Birch family)
","FOOD USE: Pick the green leafy clusters in late summer when
the nutshells have turned light brown. (Don't wait for the husks
to turn brown!) Wear gloves for collecting beaked hazel. Dry
the husks, dance on them in a barrel or gunnysack, then pick
the nuts out by hand. Before doing this you can singe the glo-
chids off of beaked hazelnuts. Once separated, the nuts can
be cracked, shelled, and used like domestic hazelnuts-but
they taste better. Wild hazelnuts make a fantastic nut milk.
They store up to 2 years in the shell, but once cracked should
be used within 3-5 months. Conservation 1.
",True,"
    'hazelnuts'"
0025_a.txt,"TREES AND SHRUBS WITH NUTS
15 American hazel Corylus americana
3
openings. savannahs, and brushy areas, where it may and form petioles large,
This is a species of forest well-drained soil and clay flats. The terminal twigs wrapped
dense thickets gland-tipped It likes dry, hairs Dormant male catkins hang on a short stem. Nuts still abun-
have stickv. aromatic ruffled involucre densely covered in gland-tipped hairs. While due
dant in a stickv. in many areas, American hazel has decreased dramatically in much of its range
to fire suppression.
A
When the nuts first ripen the husk remains green.
TREES AND SHRUBS WITH NUTS 15 American hazel Corylus americana 3 openings. savannahs, and brushy areas, where it may and form petioles large, This is a species of forest well-drained soil and clay flats. The terminal twigs wrapped dense thickets gland-tipped It likes dry, hairs Dormant male catkins hang on a short stem. Nuts still abun- have stickv. aromatic ruffled involucre densely covered in gland-tipped hairs. While due dant in a stickv. in many areas, American hazel has decreased dramatically in much of its range to fire suppression. A When the nuts first ripen the husk remains green. ",,False,"
    []"
0025_b.txt,"SHRUBS
WITH
NUTS
OAK
genus Quercus
Fagaceae (Beech family)
ID difficulty 1.
","FOOD USE: All acorns are edible but contain tannins which should be leached from the nutmeats before
they are eaten in a serving-size quantity. Acorn size has a large impact on labor-efficiency, so the species
highlighted here are mostly those with larger acorns. You can shell acorns immediately or dry them first.
After shelling they can be hot-leached by boiling in several water changes, whole or chopped into smaller
pieces. Hot-leached acorns can be used like beans in chili, or they can be dried and ground into a flour that
can be mixed with other flours for baking. Acorns can also be cold-leached by grinding them into a fine flour
and soaking in several changes of cold water or percolating water through them. Cold-leached flour can fresh be
baked into a cheese-like food that is hearty and filling. Korean starch extraction involves pulverizing
meats in a wet blender and percolating cold water through the fine material; the starch granules extract are oil.
acorn settled by gravity out of the percolated water. Some acorns can also be pressed or boiled to of acorns in
then hard to generalize about the use of acorns as food because there are 3 main types or groups lumped together
It is each with distinct physical and chemical characteristics. Though traditionally that we traditionally split
as our ""acorns,"" region, these groups differ far more than many other groups of edible plants
up. GROUP: These 10-12 species have mostly medium-sized acorns unequal (but on two cotyledons, species
Conservation 1.
RED (BLACK) OAK yellow flesh, a velvety-hairy inner cup lining, and to high; oil
they are large). They have creamy meeting to with curved or angled faces. Tannin levels are moderate readily in the
often with a large These convolution, take two years to develop on the tree and germinate hot-leached in spring. or They cold-leached dry flour.
shell; once dried they the acorns small to large, longer than broad, with lining is not
levels moderate. keep for several years. They are ideal for making creamy-colored
WHITE flesh, having OAK nearly GROUP: equal About cotyledons 25 species, meeting difficult with to flat dry faces in the and shell. lacking When convolutions; dried they the are cup harder season than and red
hairy. oaks acorns. Large acorns Tannin of levels they this group are rancidify moderately are after more a low year to or high; two oil in levels storage. are They low. are These ideal develop for hot-leached in one or cold-
leached germinate flour in and Korean starch processing.
autumn;
broad
or
broader
than
long,
as
ORANGE FLESH dark GROUP: shells. These The flesh 12-15 is bright species orange have acorns. (fading small Like to to white tiny dull yellow-orange acorns, oaks, the cotyledons when seasons, dry). are approximately They grow are from high
mostly with very oil (35-55%) than other they develop over two leached and
equal, in tannin meet and with much flat hairs, higher faces, and in and germinate lack convolutions. in spring. taxonomists. They Like red are oaks, ideal for making oil and can also be
a eaten. cup with This velvety group is not widely recognized by
81
SHRUBS WITH NUTS OAK genus Quercus Fagaceae (Beech family) ID difficulty 1. QUICK CHECK: Nuts with a smooth, pliable shell and nipple-like tip, borne singly in a cup-like structure COLLECTIVE DESCRIPTION: Trees or shrubs, about 50 species native to our region, with highly variable leaf forms and ecological roles. Bark roughened in mature trees by plates, blocks, flakes, or fissures. Twigs moderately thick with winter buds clustered near the tips. Leaves alternate, simple, borne on short petioles. Blades thick and tough; the variable shapes include deeply pinnately lobed, ovate and toothed, and elliptic and entire. Veins pinnate, mostly flat above. Flowers wind-pollinated in spring. Male flowers hang in limp catkins, while the female are attached directly to the twigs or on short stalks, singly or in small groups. Fruit a spherical to elongated nut (acorn), radially symmetrical with a nipple-like tip and a thin, smooth, flexible shell, borne singly in a scaly cup (the scales sometimes supporting hair-like burs). At the bottom of the nut is a wide, light-colored zone of attachment. The nutmeat is creamy, yellowish, or bright orange, divided into two cotyledons (sometimes unequally), the surface smooth or with a few folds or convolutions, covered with a thin skin (testa) that is sometimes hairy. ECOLOGY: Most oaks are associated with fire and are drought-tolerant, although some are swamp trees. Generally they dominate slightly poorer soils than mesic trees such as maple, ash, elm, buckeye, and basswood. Oaks often occur in association with pines and hickories. All the species listed here are native. FOOD USE: All acorns are edible but contain tannins which should be leached from the nutmeats before they are eaten in a serving-size quantity. Acorn size has a large impact on labor-efficiency, so the species highlighted here are mostly those with larger acorns. You can shell acorns immediately or dry them first. After shelling they can be hot-leached by boiling in several water changes, whole or chopped into smaller pieces. Hot-leached acorns can be used like beans in chili, or they can be dried and ground into a flour that can be mixed with other flours for baking. Acorns can also be cold-leached by grinding them into a fine flour and soaking in several changes of cold water or percolating water through them. Cold-leached flour can fresh be baked into a cheese-like food that is hearty and filling. Korean starch extraction involves pulverizing meats in a wet blender and percolating cold water through the fine material; the starch granules extract are oil. acorn settled by gravity out of the percolated water. Some acorns can also be pressed or boiled to of acorns in then hard to generalize about the use of acorns as food because there are 3 main types or groups lumped together It is each with distinct physical and chemical characteristics. Though traditionally that we traditionally split as our ""acorns,"" region, these groups differ far more than many other groups of edible plants up. GROUP: These 10-12 species have mostly medium-sized acorns unequal (but on two cotyledons, species Conservation 1. RED (BLACK) OAK yellow flesh, a velvety-hairy inner cup lining, and to high; oil they are large). They have creamy meeting to with curved or angled faces. Tannin levels are moderate readily in the often with a large These convolution, take two years to develop on the tree and germinate hot-leached in spring. or They cold-leached dry flour. shell; once dried they the acorns small to large, longer than broad, with lining is not levels moderate. keep for several years. They are ideal for making creamy-colored WHITE flesh, having OAK nearly GROUP: equal About cotyledons 25 species, meeting difficult with to flat dry faces in the and shell. lacking When convolutions; dried they the are cup harder season than and red hairy. oaks acorns. Large acorns Tannin of levels they this group are rancidify moderately are after more a low year to or high; two oil in levels storage. are They low. are These ideal develop for hot-leached in one or cold- leached germinate flour in and Korean starch processing. autumn; broad or broader than long, as ORANGE FLESH dark GROUP: shells. These The flesh 12-15 is bright species orange have acorns. (fading small Like to to white tiny dull yellow-orange acorns, oaks, the cotyledons when seasons, dry). are approximately They grow are from high mostly with very oil (35-55%) than other they develop over two leached and equal, in tannin meet and with much flat hairs, higher faces, and in and germinate lack convolutions. in spring. taxonomists. They Like red are oaks, ideal for making oil and can also be a eaten. cup with This velvety group is not widely recognized by 81 ",True,"
    acorns"
0026_a.txt,"16 Water oak
Quercus nigra
1
Medium-sized oak, erect with a dominant single trunk. Bark (3.8-10 hard, mod- cm)
",,False,"
    []"
0026_b.txt,"0
1cm
TREES AND SHRUBS WITH NUTS
18 Northern red oak
Quercus rubra
2
",,False,"
    []"
0027_a.txt,"TREES AND SHRUBS WITH NUTS
1
2
NG-152
20 Bur oak
Quercus
macrocarpa
branches
and
a
short
",,False,"
    None. No text was provided."
0027_b.txt,"TREES AND SHRUBS WITH NUTS
22 Chestnut oak
Quercus montana
1
2
NG it,1
me
",,False,"
    []"
0028_a.txt,"TREES OR SHRUBS WITH LARGE!!
GROUP 6 TREES OR SHRUBS WITH LARGE FLESHY belong FRUITS to a plant (OVER in 0.8""/ 2 CM)
group Since fruit 7, 10, size or 11. varies, For all any of the fruit species close to in the this 2 group, cm threshold the fruit may is the also primary food product.
TENTATIVE IDENTIFICATION KEY TO GROUP 6
The key is not your final answer!
1. Rugosa rose
Leaf
Leaf compound. pinnately compound with 7-9 leaflets; fruit smooth and red, ending in a large 5-part calyx.
2. Trifeliate orange
or
Leaf ternately compound: fruit downy with no end calyx.
Leaf simple.
Leaf entire.
Fruit with a stiff basal calyx almost as wide as the fruit.
3. Persimmon
Ripe fruit dull orange, skin hairless.
4. Black persimmon
or
Ripe fruit black, skin covered with minute wool.
or
Fruit with no calyx.
5. Pawpaw
Fruit mango to kidney shaped, green, pulpy; dark seeds to 0.8"" (2 cm).
Fruit softball-sized, green and hard, the surface brain-like. Osage orange (not edible).
6. Ogeechee tupelo
Fruit elongated, spongy, with a single, elongated, woody. ridged seed.
Leaf toothed.
Fruit firm. with multiple seeds in a core, and a 5-lobed end calyx.
Tree thorny: fruit sticky. yellow-green with black spots, less than 2"" (5 cm) diameter.
7, American crabapple
Tree not thorny; fruit not sticky.
or
Fruit more than 2"" (5 cm) and usually less than 7 per umbel.
8. Apple
Fruit less than 1.5"" (4 cm), often more than 8 per umbel.
9. Eurasian crabappie
Fruit soft when ripe, with no calyx; one large, hard, clam-shaped stone.
10. Wild plum
1
Rugosa rose
2
3
Rosa rugosa Rosaceae (Rose family)
","FOOD USE: See p.142 for a general discussion of roses, The
hips of this species are among the best in flavor, and their large
size makes for labor-efficient pulp separation. The flower
petals are also large and easy to gather.
",True," ['hips','petals']"
0028_b.txt,"TREES OR SHRUBS WITH-LARGE FLESHY FRUITS (OVER 0.8"" / 2 CM)
2 Trifoliate orange O2
Citrus trifoliata
family Rutaceae
","FOOD USE: The oranges have a very sour juice tndi
can be used like lemon juice, but it definitely has its own
twist. It is often derided for not being a real lemon, but
I think it makes a really good lemonade or flavoring for
carbonated water.
",True,"
    'oranges'"
0029_a.txt,"TREES
3
IWE-253
3
Persimmon
Ebenaceae
(Persimmon
family)
Diospyros virginiana
","FOOD USE: Gather the fruit from the tree or the ground when it is fully ripe and softened. Allow nearly-ripe
fruit to soften after picking. Even slightly unripe persimmons can leave a potent and unpleasant astringency
in the mouth. Ripening time varies greatly between trees, from late August to November. Persimmons can be
eaten raw, or the pulp can be separated from the seeds and used in baking much like pumpkin. The texture
changes dramatically when cooked. Dried or fresh leaves are used for tea. Conservation 1.
",True," ['fruit','pulp']"
0029_b.txt,"TREES OR SHRUBS WITH LARGE FLESHY FRUITS (OVER 0.8"" / CM)
4
Black persimmon
093
Diospyros texanum Ebenaceae (Persimmon family)
","FOOD USE: Ripe fruit (late summer to early autumn) can be eaten
off the tree or the pulp used in baking or for fruit leather. It can also be
to make wine. Conservation 1.
",True,"
    'fruit'"
0030_a.txt,,"FOOD USE: Gather ripe fruit from the tree or from the ground in late summer or early autumn, well before
the leaves fall. Smacking the trunk will often bring down a few ripe pawpaws (watch your head). The fruit is
notoriously hard to see, as it is the same color as the leaves. Pawpaws can be eaten fresh or used in many
desserts. Conservation 1.
",True,"
    'pawpaws'"
0030_b.txt,"6 Ogeechee lime
1
Nyssa ogeche
Cornaceae (Dogwood family)
","FOOD USE: The fruits are very sour and can be used in juice mixes, jams, jellies, or other situations where
this quality is desired. Conservation 1.
",True,"
    'fruits'"
0031_a.txt,"TREES OR SHRUBS WITH LARGE FLESHY FRUITS (OVER)
7 Native crabapples
genus
Malus
(in
part)
Rosaceae
(Rose
family)
","FOOD USE: These ripen in mid to late autumn as or after the leaves fall and can be picked from the tree or
the ground. They can be simmered to make a sour, high-pectin juice to mix with milder fruits like elderberry
for making jelly. They can also be canned or made into an extremely sour sauce or fruit leather. Children might
enjoy nibbling them raw, as I used to. They remain hard for months at room temperature. Conservation 1.
",True, 'apples'
0031_b.txt,"OR SHRUBS WITH LARGE FLESHY FRUITS (OVER 0.8"" CM)
8 Apple
3
Malus domestica
Rosaceae (Rose family)
","FOOD USE: W.
apples can be used
in the same ways as
cultivated apples, out
you must be select ve
about the fruit. Some
trees have excellent
flavor.
",True,"
    'apples'"
0032_a.txt,"TREES OR SHRUBS WITH LARGE FLESHY
10 Wild plum
3
NG-305
Prunus
(in
part)
Rosaceae
(Rose
family)
genus Small trees or shrubs with toothed, alternate leaves 1. and smooth-skinned
truit with 2 single. large, hard, clam-shaped stone. ID difficulty
shrubs small trees 5-40' (1.5-12 m) tall and 1-12"" (2.5-30 The trunks cm) in
","FOOD USE: Gather ripe fruit from the twigs by hand, or shake it onto a sheet or tarp. If one acts promptly,
good fruit can sometimes be picked up from the ground. Mash ripe fruit and strain to remove seeds and
skins: the puree can be used for excellent jam or fruit leather. Whole plums can be canned like peaches in a
light sugar syrup. You can split them in half, remove the pits, and dehydrate. For juice or jelly, crush very-ripe
piums and then let the juice strain through a cloth by gravity, or use a steam juicer. An excellent oil can be
pressed from the pits. Conservation 1.
",True,"
    'plums'"
0032_b.txt,"OR SHRUBS WITH LARGE FLESHY FRUITS (OVER 0.8"" CM)
CHICKASAW PLUM: P angustifolion
short, forming dense the
drained sunny lor ations and
hills, of the southern US The leaves
very small, narrow, and tutted The plum.
ripen to reddish in early summer
the pulp very juicy. In my opinion, this is md olur and
best one for canning whole
MEXICAN PLUM: P. mexir anais the larg-
est tree among our wild plums, not infre
quently 30' (9 m) tall with a trunk 8 (20
cm) in diameter, and occasionally much
larger. It is less likely to form thickets. The
fruit, dull yellow-orange to reddish and coated with
bloom, is small, sour, and less juicy than "" other
Chickasaw plum.
but still makes good food when fully ripe in late
fall. AKA big tree plum.
Mexican plum.
Mexican plums fallen
BEACH PLUM: Prunus maritima is a strag-
gling shrub of infertile, sandy coastal areas.
The leaves and fruit are smaller than those
of other wild plums. The plums ripen in
late summer and are pleasantly sour and
astringent, ripening to bluish, yellowish,
or colors in between. Unfortunately two other species beach
sandcherry Prunus pumila (p. 162) and rugosa rose Rosa rugosa
(p. 86) are also frequently called ""beach plum.
OR SHRUBS WITH LARGE FLESHY FRUITS (OVER 0.8"" CM) CHICKASAW PLUM: P angustifolion short, forming dense the drained sunny lor ations and hills, of the southern US The leaves very small, narrow, and tutted The plum. ripen to reddish in early summer the pulp very juicy. In my opinion, this is md olur and best one for canning whole MEXICAN PLUM: P. mexir anais the larg- est tree among our wild plums, not infre quently 30' (9 m) tall with a trunk 8 (20 cm) in diameter, and occasionally much larger. It is less likely to form thickets. The fruit, dull yellow-orange to reddish and coated with bloom, is small, sour, and less juicy than "" other Chickasaw plum. but still makes good food when fully ripe in late fall. AKA big tree plum. Mexican plum. Mexican plums fallen BEACH PLUM: Prunus maritima is a strag- gling shrub of infertile, sandy coastal areas. The leaves and fruit are smaller than those of other wild plums. The plums ripen in late summer and are pleasantly sour and astringent, ripening to bluish, yellowish, or colors in between. Unfortunately two other species beach sandcherry Prunus pumila (p. 162) and rugosa rose Rosa rugosa (p. 86) are also frequently called ""beach plum. ",,False,"
    []"
0033_a.txt,"BROADLEAF TREES WITH SMALL FLESHY FRUITS
GROUP 7 BROADLEAF TREES WITH SMALL FLESHY FRUITS
(LESS THAN 0.8"" / 2 CM)
except devil's walking stick, sassafras, individuals, and red bay, a
For all of the species in this is the group fruit. Because fruit size varies between shrubby
the primary with fruit edible near part the 2 cm threshold may belong in group 6 or 7. Some groups 10
plant occasionally grow to tree size might also key here (check fruits.
species and 11). The that key below includes a few commonly encountered inedible tree
TENTATIVE IDENTIFICATION KEY TO GROUP 7
The key is not your final answer!
Leaves compound.
Leaves once pinnately compound, stem not spiny, fruit orange, in a compact, flat-topped
1. Mountain-ash
or
cluster 3-7"" (8-18 cm) wide.
Leaves 2-3 times compound, stem spiny, purple fruit in a loose panicle to 40"" (100 cm).
2. Devil's walking stick
Leaves simple.
Fruit with a single seed.
Leaf margin toothed.
Fruit elliptic, in a flat-topped cluster, seed flat. Black haw (see group 11).
Seed and fruit roundish, not in a flat-tcpped cluster.
Fruit ripens in autumn with semi-hard, sticky flesh.
3. Hackberry
Fruit ripens from summer to autumn with soft, juicy flesh.
Fruit purpie-black, in racemes.
or
Fruit with ragged 5-lobed calyx at the base.
5. Black cherry
or
Fruit with no calyx at the base. Chokecherry (see group 11).
Fruit red, In umbels.
Fruit smaller than 8 mm; blades lanceolate, smooth above.
6. Pin cherry
or
Fruit larger than 12 inm; blades broadly elliptic, rough above.
7. Sweet cherry
Leaf margin not toothed.
Fruit spherical or nearly so.
Skin blue-black, pulp greenish and soft.
or
8. Red Bay
Skin brownish to orange, pulp brownish.
4. Sugarberry
Fruit elliptic to egg-shaped.
Fruit grayish and dryish with a flaky surface; silvery leaves.
9. Russian-olive
Fruit bright red with a smooth surface and juicy flesh.
Fruit dark blue-purple-black.
10. Cornelian-cherry
Fruit in a branched cluster, the red pedicel thickened at the tip.
11. Sassafras
Fruit on grayish pedicels about as long as the fruit, In umbels directly from the twig.
Pedicels/peduncles many times longetr than the fruit, which is single or in sessile
12. Woolly bumelia
clusters of 2-3, Black gum (not edible).
Fruit with multiple seeds.
Fruit with a 5-part calyx at the tip,
Ripe fruit dark purple, in racemes; seeds soft; tree not thorny.
(see Ripe group fruit red 6). to yellow, in umbels, seeds soft; tree not thorny. Eurasian crabapple
13. Serviceberry
or
Ripe fruit red, orange, or yellow, in umbels, seeds hard; tree thorny.
Fruit ripens late summer to fall.
Fruit ripens late spring to early summer.
Fruit with no calyx at the tip.
14. Hawthorn
15, Mayhaw
fruit Holly bright (various red, species, on pedicels berries less not than edible). the dlameter of the fruit, persisting into winter,
edible, Fruit purple-black, see pp. 660-661). on pedicels greater than the fruit diameter. Buckthorns (mostly not
96
BROADLEAF TREES WITH SMALL FLESHY FRUITS GROUP 7 BROADLEAF TREES WITH SMALL FLESHY FRUITS (LESS THAN 0.8"" / 2 CM) except devil's walking stick, sassafras, individuals, and red bay, a For all of the species in this is the group fruit. Because fruit size varies between shrubby the primary with fruit edible near part the 2 cm threshold may belong in group 6 or 7. Some groups 10 plant occasionally grow to tree size might also key here (check fruits. species and 11). The that key below includes a few commonly encountered inedible tree TENTATIVE IDENTIFICATION KEY TO GROUP 7 The key is not your final answer! Leaves compound. Leaves once pinnately compound, stem not spiny, fruit orange, in a compact, flat-topped 1. Mountain-ash or cluster 3-7"" (8-18 cm) wide. Leaves 2-3 times compound, stem spiny, purple fruit in a loose panicle to 40"" (100 cm). 2. Devil's walking stick Leaves simple. Fruit with a single seed. Leaf margin toothed. Fruit elliptic, in a flat-topped cluster, seed flat. Black haw (see group 11). Seed and fruit roundish, not in a flat-tcpped cluster. Fruit ripens in autumn with semi-hard, sticky flesh. 3. Hackberry Fruit ripens from summer to autumn with soft, juicy flesh. Fruit purpie-black, in racemes. or Fruit with ragged 5-lobed calyx at the base. 5. Black cherry or Fruit with no calyx at the base. Chokecherry (see group 11). Fruit red, In umbels. Fruit smaller than 8 mm; blades lanceolate, smooth above. 6. Pin cherry or Fruit larger than 12 inm; blades broadly elliptic, rough above. 7. Sweet cherry Leaf margin not toothed. Fruit spherical or nearly so. Skin blue-black, pulp greenish and soft. or 8. Red Bay Skin brownish to orange, pulp brownish. 4. Sugarberry Fruit elliptic to egg-shaped. Fruit grayish and dryish with a flaky surface; silvery leaves. 9. Russian-olive Fruit bright red with a smooth surface and juicy flesh. Fruit dark blue-purple-black. 10. Cornelian-cherry Fruit in a branched cluster, the red pedicel thickened at the tip. 11. Sassafras Fruit on grayish pedicels about as long as the fruit, In umbels directly from the twig. Pedicels/peduncles many times longetr than the fruit, which is single or in sessile 12. Woolly bumelia clusters of 2-3, Black gum (not edible). Fruit with multiple seeds. Fruit with a 5-part calyx at the tip, Ripe fruit dark purple, in racemes; seeds soft; tree not thorny. (see Ripe group fruit red 6). to yellow, in umbels, seeds soft; tree not thorny. Eurasian crabapple 13. Serviceberry or Ripe fruit red, orange, or yellow, in umbels, seeds hard; tree thorny. Fruit ripens late summer to fall. Fruit ripens late spring to early summer. Fruit with no calyx at the tip. 14. Hawthorn 15, Mayhaw fruit Holly bright (various red, species, on pedicels berries less not than edible). the dlameter of the fruit, persisting into winter, edible, Fruit purple-black, see pp. 660-661). on pedicels greater than the fruit diameter. Buckthorns (mostly not 96 ",,False,"
    []"
0033_b.txt,"mm
0
1cm
BROADLEAF TREES WITH SMALL FLESHY FRUITS
1
Mountain-ash
1
genus Sorbus
Rosaceae (Rose family)
","FOOD USE: Pick fruit after it fully ripens in autumn. Some sources
say that frosts sweeten and mellow the flavor; I have not observed this
despite testing it many times. The fruit can be used to make jams or
preserves, or crushed and dried for future use. Conservation 1.
",True,"
    'fruit'"
0034_a.txt,"BROADLEAF TREES WITH SMALL FLESHY FRUITS
Devil's walking stick
2
Aralia spinosa + Araliaceae (Ginseng family)
thick twigs and prickly bark; leaves very large difficulty and multi- 1.
OUR compound K ID flowers knormons and VERY fruit in large clusters with numerous umbels. ID
Large shrub or small tree, 10-35 (3-11 m) tall and up to 6"" (15 cm) with in
","FOOD USE: The shoots in spring can be eaten
cooked or raw while they are still tender, before any
prickles have become hard. They have an aromatic,
slightly fruity flavor and are best peeled. as the skin
tastes strong and unpleasant. Conservation 2.
",True,"
    'shoots'"
0034_b.txt,"Celtis occidentalis
Ulmaceae (Elm family)
",,False,"
    []"
0035_a.txt,"BROADLEAF TREES WITH SMALL FLESHY
FOOD the 3 Hackberry USE: is sweet Gather from fruit early (continued) from fall the onward. branches, Mash or fruit by whole knocking can fruits also them (pulverizing be boiled down and onto the summer. then seedshells) a sheet strained Conservation or tarp. to and make They then ""hackberry 1. are eat ripe as-is, if
make COMMENTS: or milk."" mix pulp a a with wholesome rich other filling Hackberry There nuts drink and or is filling archaeological dried or is soup a food, berries. dry, base. but sweet there Mashed The evidence fruit, cambium is no like of practical a humans date, can be way with eating eaten to a thin-shelled remove in hackberries early the thin oily for seedshell. more seed. than Combined, Just 500,000 learn the years. to two like
RELATED the odd texture. EDIBLE: Dwarf hackberry Celtis tenuifolia is a large shrub
or small tree with fruit that can be eaten in the same ways.
Related edible:
4
Sugarberry
Celtis laevigata
2
/
3
NG-123
This tree is similar to hackberry but is on average a slightly smaller tree with a more
southerly distribution. The leaves are entire or have a few scattered teeth, the bark is
smoother with fewer warty projections, and the fruit averages slightly smaller. Sugarberry
can DE used similarly for food. The seeds are a bit harder and the fruit tastes more ""fruity.""
100
BROADLEAF TREES WITH SMALL FLESHY FOOD the 3 Hackberry USE: is sweet Gather from fruit early (continued) from fall the onward. branches, Mash or fruit by whole knocking can fruits also them (pulverizing be boiled down and onto the summer. then seedshells) a sheet strained Conservation or tarp. to and make They then ""hackberry 1. are eat ripe as-is, if make COMMENTS: or milk."" mix pulp a a with wholesome rich other filling Hackberry There nuts drink and or is filling archaeological dried or is soup a food, berries. dry, base. but sweet there Mashed The evidence fruit, cambium is no like of practical a humans date, can be way with eating eaten to a thin-shelled remove in hackberries early the thin oily for seedshell. more seed. than Combined, Just 500,000 learn the years. to two like RELATED the odd texture. EDIBLE: Dwarf hackberry Celtis tenuifolia is a large shrub or small tree with fruit that can be eaten in the same ways. Related edible: 4 Sugarberry Celtis laevigata 2 / 3 NG-123 This tree is similar to hackberry but is on average a slightly smaller tree with a more southerly distribution. The leaves are entire or have a few scattered teeth, the bark is smoother with fewer warty projections, and the fruit averages slightly smaller. Sugarberry can DE used similarly for food. The seeds are a bit harder and the fruit tastes more ""fruity."" 100 ","FOOD the 3 Hackberry USE: is sweet Gather from fruit early (continued) from fall the onward. branches, Mash or fruit by whole knocking can fruits also them (pulverizing be boiled down and onto the summer. then seedshells) a sheet strained Conservation or tarp. to and make They then ""hackberry 1. are eat ripe as-is, if
",True,"
    'fruit','seeds'"
0035_b.txt,"mm
0
1cm
BROADLEAF TREES WITH SMALL FLESHY FRUITS
5
Black cherry
2 LI NG-293
Prunus serotina
Rosaceae (Rose family)
","FOOD USE: Strip cherries from clusters; ripe ones will detach easily. They may be eaten raw, but more com-
monly are cooked. You can separate pulp from seeds in a food mill for jams and desserts. Dried pulp will turn
out thick and sticky like prunes. For juice, use a steam-juicer or simmer fruit and then strain through a jelly
cloth. Conservation 1.
",True,"
    'cherries'"
0036_a.txt,"BROADLEAF TREES WITH SMALL FLESHY FRUITS
2
FH-221
6 Pin cherry
(Rose
Family)
Prunus pensylvanica
Rosaceae
cherries borne on long stems in small umbels. ID difficulty 60' 1.
","FOOD USE: Ripe fruit is juicy and detaches easily from stems. It can be strained or juiced to make superb jam
or jelly. Cherries can also be eaten fresh from the tree. Conservation 1.
",True, 'fruit'
0036_b.txt,"mm
0
1cm
BROADLEAF TREES WITH SMALL FLESHY FRUITS
7
Sweet cherry
3
Prunus avium
Rosaceae (Rose family)
","FOOD USE: The cherries of feral trees are smaller than those of our domestic cultivars but are similar and
delicious and can be used in all the same ways.
",True,"
    'cherries'"
0037_a.txt,"BROADLEAF TREES WITH SMALL FLESHY
8 Red bay & swamp P. bay
Lauraceae
(Laurel
family)
Persea ID: Small borbonia tree with large, & flat, difficulty palustris entire evergreen 2. leaves and pea-sized spherical with
","FOOD USE: Leaves make an excellent seasoning like bay or
avocado leaf and can be collected at any season and used
fresh or dried. Powder the young leaves and mix them with
sassafras for a gumbo filé par excellence. Conservation 1.
",True, ['leaves']
0037_b.txt,"mm
0
1cm
BROADLEAF TREES WITH SMALL FLESHY FRUITS
9 Russian-olive
1
NG-326
Elaeagnus angustifolia family Elaeagnaceae
","FOOD USE: Gather ripe fruit by hand. Nibble raw, or boil and then strain to separate pulp from seeds for fr ut
leather, baked goods, and spreads.
",True,"
    'fruit','seeds'"
0038_a.txt,"BROADLEAF TREES WITH SMALL FLESHY FRUITS
10 Cornelian-cherry
2
Cornus mas Cornaceae (Dogwood family)
with scaly bark, entire leaves with prominent veins difficulty reconverg- 2.
","FOOD USE: Fruit matures in early fall and is best when very ripe-you
may want to let them sit to ripen further after picking. They are very
sour but delicious in jams, jellies, pies, fruit leather. etc.-or just to snack
on, if you're into sour fruit.
",True,"
    'fruit'"
0038_b.txt,"0
BROADLEAF TREES WITH SMALL FLESHY FRUITS
11 Sassafras
2
[_]
IWE-328
Sassafras albidum
Lauraceae (Laurel family)
","FOOD USE: Gather young leaves just after emerging; they can be used in salad
or soup, or dried and powdered to make gumbo filé. Dig up roots (easiest on small
saplings), wash, and boil to make tea. (With larger roots, just use the bark.) Dry
bark or roots for use later. Roots can be boiled multiple times. The liquid can be
drunk sweetened or not, or brewed into root beer. Conservation 2, 1.
",True,"
    'young leaves','roots','bark'"
0039_a.txt,"BROADLEAF TREES WITH SMALL FLESHY FRUITS
12 bumelia
Sideroxylon Woolly lanuginosum family Sapotaceae
","FOOD USE: The fruit tastes like a cross between dates and buckthorn berries-sweet but bitter. The skins are
thick and annoying but not tough. I like to nibble them while hiking
but probably won't be making a bumelia pie. Conservation 1.
",True,"
    'fruit'"
0039_b.txt,"0
1cm
BROADLEAF TREES WITH SMALL FLESHY FRUITS
13 Serviceberry
3
FH-209
genus Amelanchier
Rosaceae (Rose family)
","FOOD USE: The berries soften before fully darkening and developing
their best flavor, but in many areas birds remove them before they ripen.
Serviceberries are very soft and spoil quickly, so they must be used or
stored immediately after picking. You can strain out the seeds, but some
people like them. Serviceberries make good pie, jam, or juice; they are
superb for eating fresh and delicious dried. Conservation 1.
",True, ['berries']
0040_a.txt,"BROADLEAF TREES WITH SMALL FLESHY FRUITS
14 Hawthorn
1-3
(Rose
family)
Rosaceae
genus ID: Small Crataegus scrubby trees with broad, irregularly double-toothed 1. leaves, formi-
dable theres. (30 cm) in diameter and 30' (9 m) tall with strongly short,
","FOOD USE: The earliest hawthorns will ripen in late summer; others not until late fall. Taste the fruit to see if
it is worth collecting; the best taste like a cross between pears and strawberries. The fruit can be eaten fresh
or strained to remove the seeds and then used in fruit sauce or leather. A rare few are even tangy enough to
make jam. The pulp can also be mixed in quick bread
batter. Conservation 1.
",True,"
    'fruit'"
0040_b.txt,"mm
0
1cm
BROADLEAF TREES WITH SMALL FLESHY FRUITS
15 Mayhaw
3
Crataegus
aestivalis,
C.
opaca
Rosaceae (Rose family)
Quick leaves ID: and Broad, bushy-topped, thorny little tree growing in or near water, with
bright red fruit ripening in spring. ID difficulty 1.
","FOOD USE: The ripe, pectin-rich haws are a good nibble and make excellent jelly, jam, juice, etc. They can
often be gathered in great quantity from a single tree. Traditionally they were harvested by shaking branches
over the water and collecting them with a net.
",True,"
    'haws'"
0041_a.txt,"GROUP 8 BROADLEAF TREES; FRUIT SMALL AND DRY,
WIND-BORNE, OR A POD
of the woody plants covered in this book, the fruit or seed this is pat- the
For most only edible part. Group 8 is a significant exception to this key
primary In keeping or with the format of the other woody plant groups, of
tern. relies heavily on fruit characteristics even though many different parts in
these trees are edible, and the fruits or seeds are of primary interest
only five cases. Read carefully-Do not assume the fruits are edible just
because the key refers to them. Specialized vocabulary pertaining to legume
flowers can be found on page 681.
TENTATIVE IDENTIFICATION KEY TO GROUP 8
The key is not your final answer!
Fruit a bean-like pod.
Leaf simple, heart-shaped.
1. Redbud
Pods flat, less than 6"" (15 cm) long.
or
Pods plump and round, more than 8"" long. Catalpa (not edible).
Leaf compound, usually or always lacking end leaflets; pod with pulp inside.
Pods stiff, at least 0.6"" (15 mm) thick and 1.5"" (3.8 cm) wide; seeds 0.7"" (18 mm); leaflets
pointed and ovate.
2. Kentucky coffeetree
or
or
Pods about 1 cm wide, plump, constricted between seeds; leaflets linear.
3. Honey mesquite
Pods flattened, flexible, more than 6"" (15 cm) long; seeds less than 1 cm.
4. Honey locust
Leaf compound, with end leaflets; pods without pulp inside (genus Robinia).
Flowers white with a yellow banner.
5. Black locust
Flowers pink to purple.
Twigs and inflorescence covered with sticky glands.
6. Clammy locust
Twigs and inflorescence covered with long, stiff, reddish hairs.
7. Bristly locust
Twigs and inflorescence not covered with sticky glands or long reddish hairs.
B. New Mexican locust
or
Fruit spherical with leathery-shelled seeds in winged clusters.
9. Basswood
Fruit wind-borne with attached fluff or wings.
or
Fluffy parachuted seed; bark white, at least on upper branches.
Tiny winged fruit less than 3 mm wide; leaves of older branches borne on spurs (birches).
10. Quaking aspen
Broken twigs do not smell like wintergreen.
or
Bark whitish to coppery, peeling in papery sheets.
Bark multicolored, breaking into many thin chips or plates.
11. Paper birch
or
Broken twigs smell like wintergreen,
12. River birch
Bark yellow to silvery, peeling into papery sheets or scales.
Bark dark, almost black, breaking into shiny ridges or plates.
13. Yellow birch
Fruits paired and fused, each with a single asymmetrical wing more than 1 cm (maples).
14. Sweet birch
Leaf simple, palmately lobed.
Leaf margin with just 2 few large, blunt teeth.
or or
Leaf margin with numerous sharp teeth,
15. Sugar maple
Samaras less than 1"" (2.5 cm), twigs red, leaf pale below.
Leaf compound.
Samaras more than 1.5"" (3.8 cm), twigs brown, leaf silvery below.
16, Red maple
Fruit a disk-like wing around a flattened seed (elms).
17. Silver maple
18, Boxelder
Leaf Leaf less 4"" (10 cm) or more, folded along midvein, sandpapery-rough above.
than 4"" (10 cm), not folded or sandpapery on top.
19, Slippery eim
20, Siberian elm
112
GROUP 8 BROADLEAF TREES; FRUIT SMALL AND DRY, WIND-BORNE, OR A POD of the woody plants covered in this book, the fruit or seed this is pat- the For most only edible part. Group 8 is a significant exception to this key primary In keeping or with the format of the other woody plant groups, of tern. relies heavily on fruit characteristics even though many different parts in these trees are edible, and the fruits or seeds are of primary interest only five cases. Read carefully-Do not assume the fruits are edible just because the key refers to them. Specialized vocabulary pertaining to legume flowers can be found on page 681. TENTATIVE IDENTIFICATION KEY TO GROUP 8 The key is not your final answer! Fruit a bean-like pod. Leaf simple, heart-shaped. 1. Redbud Pods flat, less than 6"" (15 cm) long. or Pods plump and round, more than 8"" long. Catalpa (not edible). Leaf compound, usually or always lacking end leaflets; pod with pulp inside. Pods stiff, at least 0.6"" (15 mm) thick and 1.5"" (3.8 cm) wide; seeds 0.7"" (18 mm); leaflets pointed and ovate. 2. Kentucky coffeetree or or Pods about 1 cm wide, plump, constricted between seeds; leaflets linear. 3. Honey mesquite Pods flattened, flexible, more than 6"" (15 cm) long; seeds less than 1 cm. 4. Honey locust Leaf compound, with end leaflets; pods without pulp inside (genus Robinia). Flowers white with a yellow banner. 5. Black locust Flowers pink to purple. Twigs and inflorescence covered with sticky glands. 6. Clammy locust Twigs and inflorescence covered with long, stiff, reddish hairs. 7. Bristly locust Twigs and inflorescence not covered with sticky glands or long reddish hairs. B. New Mexican locust or Fruit spherical with leathery-shelled seeds in winged clusters. 9. Basswood Fruit wind-borne with attached fluff or wings. or Fluffy parachuted seed; bark white, at least on upper branches. Tiny winged fruit less than 3 mm wide; leaves of older branches borne on spurs (birches). 10. Quaking aspen Broken twigs do not smell like wintergreen. or Bark whitish to coppery, peeling in papery sheets. Bark multicolored, breaking into many thin chips or plates. 11. Paper birch or Broken twigs smell like wintergreen, 12. River birch Bark yellow to silvery, peeling into papery sheets or scales. Bark dark, almost black, breaking into shiny ridges or plates. 13. Yellow birch Fruits paired and fused, each with a single asymmetrical wing more than 1 cm (maples). 14. Sweet birch Leaf simple, palmately lobed. Leaf margin with just 2 few large, blunt teeth. or or Leaf margin with numerous sharp teeth, 15. Sugar maple Samaras less than 1"" (2.5 cm), twigs red, leaf pale below. Leaf compound. Samaras more than 1.5"" (3.8 cm), twigs brown, leaf silvery below. 16, Red maple Fruit a disk-like wing around a flattened seed (elms). 17. Silver maple 18, Boxelder Leaf Leaf less 4"" (10 cm) or more, folded along midvein, sandpapery-rough above. than 4"" (10 cm), not folded or sandpapery on top. 19, Slippery eim 20, Siberian elm 112 ",,False,"
    empty

    Input:
    'FOOD USE: The bulb is harvested in the fall when the leaves begin to die off. It can be eaten raw or cooked
    and is high in starch and fiber. The green leaves, while edible, contain oxalic acid and are not recommended
    for consumption.

    Output:
    'bulb'"
0041_b.txt,"1 Redbud $ 2 2
Cercis canadensis Fabaceae (Bean family)
","FOOD USE: Gather flowers in spring, preferably unopened or recently opened. Use as a garnish, in salads, or
as a snack. They can be steeped in hot water to make a drink or jelly. Newly formed young pods can be eaten
raw or cooked. (Do not eat mature pods or seeds.) Conservation 1.
",True," ['flowers', 'newly formed young pods']"
0042_a.txt,"BROADLEAF TREES; FRUIT SMALL AND DRY, WIND-BORNER
IWE-178
2 Kentucky coffeetree
1
3
(immature)
Fabaceae
(Bean
family)
dioicus
","FOOD USE: Gather ripe pods from fall through winter,
extract the seeds, and roast at 350°F for 20 minutes
or until the shells are brittle, then crack them with a
nutcracker. Remove kernel from the shell and roast at
35° until dark brown, then grind and brew like coffee.
Seeds roasted less dark can also be eaten boiled or
ground into flour to mix sparingly into baked goods.
Immature seeds, gathered when the pods are still
pinkish to yellow in mid to late summer, can be cut
with a knife, peeled, boiled, and used like fava beans.
Conservation 1.
",True," ['seeds','immature seeds']"
0042_b.txt,"3
Honey mesquite
2
Prosopis glandulosa
Fabaceae (Bean family)
","FOOD USE: Pulverize and sift dry pods to make a sweet flour from the pulp that can be added to baked goods
or hot cereal. Or just grab a pod and chew on it. Avoid moldy, fallen pods. Conservation 1.
",True,"
    'pulp'"
0043_a.txt,"08
Honeylocust
1
4
Gleditsia triacanthos
Fabaceae
(Bean
family)
","FOOD USE: The puip in ripe pods is very sweet with a variably bitter aftertaste and a slight irritating qual-
ity. Every now and then I chew on this pulp until it bothers my throat. Crushed pods can be steeped to make
a drink. I have heard
reliable reports of the
seeás being soaked
and boiled like beans,
but I have not tried
this. Conservation 1.
",True,"
    'pulp'"
0043_b.txt,"DRY,
WIND-BORNE,
OR
A
POD
5
Black locust
3
2
FH-246
Robinia pseudoacacia
Fabaceae
(Bean
family)
",,False,"
    empty

    Note: This is the expected output when the input is not a string."
0044_a.txt,"5 Black Gather locust flowers (continued) soon after or just before dish they you open--before can imagine, the from yellow ice spot cream the pods fades to are chicken or still the green, edges soup.
will FOOD They USE: are delicious raw or by cooked the cluster in almost or in any salads. In mid cooked to late before summer eating. while Their flavor is good seem but to
split Most shelling them often is laborious. open just and eat them strip Dried out raw seeds the small can be beans. gathered These later must and be eaten after thorough boiling, but available they in huge
take forever to soften. Conservation 1.
to
use
and
COMMENTS: You These can smell magnificent-smelling blooming trees from and a block delicious away. old. flowers This seriously are very might easy be the best edible flower in
the world-but you Three native locusts are similar in appearance to black locust widely but smaller-typically outside their regions large
quantities. will be disappointed if they are too
RELATED EDIBLES: flowers). All planted and naturalized Note: I have
of shrubs origin or and small have trees excellent (but with edible larger flowers-although are none are quite as delicious as black locust.
not eaten the beans of any of these.
6 Clammy locust
+
Robinia viscosa
3
small tree is native to scattered locations in the Southeast. The thorns are smaller and
weaker; This the twigs, peduncles, pedicels, calyces, and pods are covered with short, sticky,
glandular hairs, and the leaflets are hairy on the underside. The flowers are light pink.
7 Bristly locust
Robinia hispida
3
Mostly introduced.
Native to the southern Appalachians, this is a shrub or rarely a small tree with gorgeous
pink-purple flowers to 1.2"" (3 cm) long, blooming later in the season than black locust and
for a much longer time. The twigs, petioles, and inflorescence are all densely covered in
long, reddish, bristly hairs.
8 New Mexican locust + Robinia neomexicana
3
The natural distribution of this large shrub or small tree barely comes into our region,
but like the others it is planted and escapes outside of its native range. The flowers are
dull pinkish and slightly larger than those of black locust. The racemes are sometimes
compound and the pods are hairy.
Bristly locust
118
Clainmy locust
New Mexican locust.
5 Black Gather locust flowers (continued) soon after or just before dish they you open--before can imagine, the from yellow ice spot cream the pods fades to are chicken or still the green, edges soup. will FOOD They USE: are delicious raw or by cooked the cluster in almost or in any salads. In mid cooked to late before summer eating. while Their flavor is good seem but to split Most shelling them often is laborious. open just and eat them strip Dried out raw seeds the small can be beans. gathered These later must and be eaten after thorough boiling, but available they in huge take forever to soften. Conservation 1. to use and COMMENTS: You These can smell magnificent-smelling blooming trees from and a block delicious away. old. flowers This seriously are very might easy be the best edible flower in the world-but you Three native locusts are similar in appearance to black locust widely but smaller-typically outside their regions large quantities. will be disappointed if they are too RELATED EDIBLES: flowers). All planted and naturalized Note: I have of shrubs origin or and small have trees excellent (but with edible larger flowers-although are none are quite as delicious as black locust. not eaten the beans of any of these. 6 Clammy locust + Robinia viscosa 3 small tree is native to scattered locations in the Southeast. The thorns are smaller and weaker; This the twigs, peduncles, pedicels, calyces, and pods are covered with short, sticky, glandular hairs, and the leaflets are hairy on the underside. The flowers are light pink. 7 Bristly locust Robinia hispida 3 Mostly introduced. Native to the southern Appalachians, this is a shrub or rarely a small tree with gorgeous pink-purple flowers to 1.2"" (3 cm) long, blooming later in the season than black locust and for a much longer time. The twigs, petioles, and inflorescence are all densely covered in long, reddish, bristly hairs. 8 New Mexican locust + Robinia neomexicana 3 The natural distribution of this large shrub or small tree barely comes into our region, but like the others it is planted and escapes outside of its native range. The flowers are dull pinkish and slightly larger than those of black locust. The racemes are sometimes compound and the pods are hairy. Bristly locust 118 Clainmy locust New Mexican locust. ","will FOOD They USE: are delicious raw or by cooked the cluster in almost or in any salads. In mid cooked to late before summer eating. while Their flavor is good seem but to
split Most shelling them often is laborious. open just and eat them strip Dried out raw seeds the small can be beans. gathered These later must and be eaten after thorough boiling, but available they in huge
take forever to soften. Conservation 1.
to
use
and
",True," ['beans','seeds']"
0044_b.txt,"9
Basswood
3
1
3
FH-269
Tilia americana
Malvaceae (Mallow family)
","FOOD USE: The young leaves are best immediately after the buds
open in spring, when the leaves are still curled; they remain edible
until they reach their full size. You can cook them, but I like them best
raw. In winter you can nibble the buds for a slimy snack. Cambium is
thick and sweet in early summer. Flowers can be steeped for tea, either
dried or fresh. The seeds have tasty kernels that are
impractical to extract; they can be roasted whole to
make a chocolate-like flavoring.
",True,"
    'leaves','buds','cambium'"
0045_a.txt,"BROADLEAF TREES; FRUIT SMALL
10 Quaking aspen
2
Populus tremuloides Salicaceae (Willow family)
","FOOD USE: In early summer the cambium can
be harvested (p. 30). Sometimes it is bitter, but at
its best it is surprisingly sweet. Conservation 2.
",True,"
    'cambium'"
0045_b.txt,"BIRCH
genus Betula Betulaceae (Birch family)
","FOOD USE: Birches can be tapped like maples for their sap; the season partly overlaps but runs later. Birch
sap runs do not require freezing. Fresh sap can be drunk like water, or it can be boiled down to make syrup
It takes 80-120 gallons of white birch sap to make one gallon of syrup, and even more for yellow birch. Birch
syrup burns more easily than maple; it should be finished rapidly at a rolling boil or with constant stirring to avoid
excess time exposed to heat. Yellow and especially sweet birch contain oil of wintergreen in the bark. This can
be extracted in alcohol as a flavoring. The twigs and inner bark can be used to brew tea or birch beer. Syrup
from these trees, however, does not have a wintergreen flavor. The cambium is edible, with good flavor, but
the trees are hard to peel. I have seen reports of the inner bark being eaten but have had no success with this
",True,"
    'sap','twigs','inner bark'"
0046_a.txt,"BROADLEAF TREES: FRUIT SMALL AND DRY,
12 River birch
Betula
nigra
the
this 15 a tree of sandy floodplains that often grows in
clumps, the trunks typically leaning, sometimes very
The multicolored bark peels into irregular plates bark
large papery flakes, exposing lighter and smoother
beneath, or creating a combination of silvery, yellowish,
pinkish. rusty, and dark gray. The leaves are broad, very the
coarsely growth is also woolly. The seeds are released in spring, with I have bracts not
double-toothed, and finely woolly below;
shaped new like a bird foot. AKA water birch, red birch, black birch.
made syrup from this tree but two friends have done so.
Yellow
birch
Betula alleghaniensis
&
13
A long-lived forest dominant that may exceed 100'
(30 m) in height and 3' (1 m) in diameter. The bark
may peel in thin, papery shreds or large, thick plates; it
ranges from bright bronze-yellow to silvery, sometimes
with dark brown areas. The leaves are narrower than
those of white birch with more numerous and more
closely spaced secondary veins. The margins are more
evenly toothed and the petioles proportionately shorter.
The twigs and bark have a mild scent of wintergreen. Seeds fall in winter,
the bracts shaped like a bird foot. Yellow birch is found on rich, moist soil,
River birch
often associated with hemlock. AKA silver birch, B. lutea.
14 Sweet birch
Betula lenta
This birch has smooth, reddish-brown bark when
young, and dark scaly bark when older. In either form
it somewhat resembles cherry bark, and the leaves
show similarity as well-but cherries never have a
wintergreen odor. The leaves are narrower than those
of other birches--ovate to lanceolate-and have smaller
teeth. The twigs and bark have a strong wintergreen
odor the bark is the commercial source of natural wintergreen flavoring,
Seeds ripen III fall and the bracts look like a bird foot. It is found primarily
on rich, moist, rocky slopes. AKA cherry birch, black birch.
122
BROADLEAF TREES: FRUIT SMALL AND DRY, 12 River birch Betula nigra the this 15 a tree of sandy floodplains that often grows in clumps, the trunks typically leaning, sometimes very The multicolored bark peels into irregular plates bark large papery flakes, exposing lighter and smoother beneath, or creating a combination of silvery, yellowish, pinkish. rusty, and dark gray. The leaves are broad, very the coarsely growth is also woolly. The seeds are released in spring, with I have bracts not double-toothed, and finely woolly below; shaped new like a bird foot. AKA water birch, red birch, black birch. made syrup from this tree but two friends have done so. Yellow birch Betula alleghaniensis & 13 A long-lived forest dominant that may exceed 100' (30 m) in height and 3' (1 m) in diameter. The bark may peel in thin, papery shreds or large, thick plates; it ranges from bright bronze-yellow to silvery, sometimes with dark brown areas. The leaves are narrower than those of white birch with more numerous and more closely spaced secondary veins. The margins are more evenly toothed and the petioles proportionately shorter. The twigs and bark have a mild scent of wintergreen. Seeds fall in winter, the bracts shaped like a bird foot. Yellow birch is found on rich, moist soil, River birch often associated with hemlock. AKA silver birch, B. lutea. 14 Sweet birch Betula lenta This birch has smooth, reddish-brown bark when young, and dark scaly bark when older. In either form it somewhat resembles cherry bark, and the leaves show similarity as well-but cherries never have a wintergreen odor. The leaves are narrower than those of other birches--ovate to lanceolate-and have smaller teeth. The twigs and bark have a strong wintergreen odor the bark is the commercial source of natural wintergreen flavoring, Seeds ripen III fall and the bracts look like a bird foot. It is found primarily on rich, moist, rocky slopes. AKA cherry birch, black birch. 122 ",,False,"
    []"
0046_b.txt,"MAPLE
IWE-187
genus Acer
family Sapindaceae
","FOOD USE: Sap can be used to make syrup, vinegar, or sugar. Drill holes about 1.2"" (3 cm) into maple sapwood
in late winter when the days get warm enough for some thawing to occur (generally over 40 degrees F). In
warmer areas, you'll be waiting for a midwinter freeze, not a spring thaw. Drive in a wooden or metal spout
and hang a bucket or other container to collect dripping sap. Trees under 10"" in diameter produce little. Sap
generally runs from the first thaws until just before the leaf buds open, but requires fluctuation between freez-
ing and thawing temperatures. Sap should be boiled down soon after collection to avoid spoilage. A typical
ratio for sugar/black maple is 38 gallons of sap for one gallon of syrup; other species are usually a little less
sweet. Boil until the syrup reaches 7° F above the boiling point. Filter while still hot, then reheat and bottle
the syrup. You can boil the syrup down further to make maple sugar.
CONFUSING PLANTS: The few other large trees in our region with palmately lobed leaves bear them alter-
nately. No other trees in our region have a double samara with asymmetrical wings.
",True,"
    'sap'"
0047_a.txt,"16 Red maple
Acer rubrum
called soft maple, this large, upright tree has smooth shaggy
Also when young that becomes furrowed, scaly, or winter
bark older. The trunks are often clumped, and the with
when are reddish. Leaves are 3-5"" (8-13 cm) long maple
twigs major lobes, not as deeply cut as those of silver Female
3 but also with toothed margins and a gray underside.
flowers, although small, are bright red and showy in early
The samaras are about 1"" (2.5 cm) long and ripen in
late spring. spring or early summer. Red maple grows in most forest types but tends on
to be most prevalent in slightly dry or slightly wet soils, and less prevalent abun-
mesic soils where sugar maple and beech dominate. It is increasing in
dance throughout much of our region. Red maples on rich soil produce almost
equally to sugar maples, although the minimum tapping size is somewhat larger.
17 Silver maple
Acer saccharinum
1
&
This is a large, spreading, fast-growing tree with
smooth gray bark when young, breaking into shaggy
strips when older. Trunks are often clumped. The
leaves are 3-6"" (8-15 cm) long with 3-5 deeply cut
lobes and several shallower lobes, the margins with
sharp teeth. Blades are silvery on the underside. The
large samaras ripen in late spring and are about
2"" (5 cm) long. While young and still tender in
spring, silver maple seeds can be peeled out of the samara and eaten
raw; when mature they should be boiled and drained. Other maples
have smaller, more bitter seeds. This tree's natural haunts are river
floodplains, where it sometimes forms extensive pure stands, but it
does well invading fields and is often planted as a yard tree.
18 Boxelder Acer negundo
This maple has leaning, crooked, often clumped trunks that can reach fairly large diam-
eters. The bark is light brown with shallow furrows; it never shags or peels. The leaves are
compound and have 3 or 5 leaflets, all stalked, each 3-4"" (8-10 long with large teeth
or erratic small lobes. Twigs have smooth green bark coated with bloom. The samaras are
about 1.4 (3.5 cm) long, the seeds elongated and the keys acutely angled, forming in spring
but not ripening until fall and often persisting through winter. Boxelder's wild habitat
and river has floodplains but it colonizes disturbed ground in both urban and agricultural is
should not become be ignored one of our most common ""weed"" trees. Boxelder is commercially areas tapped in
are absent AKA ash-leaf by backyard maple, Manitoba sugarmakers, maple. especially since it is found on the Plains where Manitoba other maples and
124
16 Red maple Acer rubrum called soft maple, this large, upright tree has smooth shaggy Also when young that becomes furrowed, scaly, or winter bark older. The trunks are often clumped, and the with when are reddish. Leaves are 3-5"" (8-13 cm) long maple twigs major lobes, not as deeply cut as those of silver Female 3 but also with toothed margins and a gray underside. flowers, although small, are bright red and showy in early The samaras are about 1"" (2.5 cm) long and ripen in late spring. spring or early summer. Red maple grows in most forest types but tends on to be most prevalent in slightly dry or slightly wet soils, and less prevalent abun- mesic soils where sugar maple and beech dominate. It is increasing in dance throughout much of our region. Red maples on rich soil produce almost equally to sugar maples, although the minimum tapping size is somewhat larger. 17 Silver maple Acer saccharinum 1 & This is a large, spreading, fast-growing tree with smooth gray bark when young, breaking into shaggy strips when older. Trunks are often clumped. The leaves are 3-6"" (8-15 cm) long with 3-5 deeply cut lobes and several shallower lobes, the margins with sharp teeth. Blades are silvery on the underside. The large samaras ripen in late spring and are about 2"" (5 cm) long. While young and still tender in spring, silver maple seeds can be peeled out of the samara and eaten raw; when mature they should be boiled and drained. Other maples have smaller, more bitter seeds. This tree's natural haunts are river floodplains, where it sometimes forms extensive pure stands, but it does well invading fields and is often planted as a yard tree. 18 Boxelder Acer negundo This maple has leaning, crooked, often clumped trunks that can reach fairly large diam- eters. The bark is light brown with shallow furrows; it never shags or peels. The leaves are compound and have 3 or 5 leaflets, all stalked, each 3-4"" (8-10 long with large teeth or erratic small lobes. Twigs have smooth green bark coated with bloom. The samaras are about 1.4 (3.5 cm) long, the seeds elongated and the keys acutely angled, forming in spring but not ripening until fall and often persisting through winter. Boxelder's wild habitat and river has floodplains but it colonizes disturbed ground in both urban and agricultural is should not become be ignored one of our most common ""weed"" trees. Boxelder is commercially areas tapped in are absent AKA ash-leaf by backyard maple, Manitoba sugarmakers, maple. especially since it is found on the Plains where Manitoba other maples and 124 ",,False,"
    []"
0047_b.txt,"OR
POD
19 Slippery elm
3
2
3
3
Ulmus rubra
Ulmaceae (Elm family)
",,False,"
    []"
0048_a.txt,"BROADLEAF TREES: FRUIT SMALL AND DRY,
3
2
2
3
FH-165
20 Siberian elm
Ulmus pumila
introduced weedy tree has a crooked trunk blocky dark gray bark, and a spreading Leaves crown
This branches The twigs are more zigzag and winter buds are less fuzzy. folded; the
of silver much grav smaller. 1-3 (2.5-8 cm) long. ovate to lanceolate, and flat rather than those
are surface lacks the stiff sandpapery hairs. The samaras are slightly smaller than
of upper slipperv elm rounder, and the seed buige is not hairy. Siberian elm is often erroneously
called Chinese elm. but that species, Ulmus parvifolia, has leathery, semi-evergreen leaves
and lacv bark Siberian elm invades open, human-disturbed habitats in full sun: roadsides,
empty urban lots old fields. It is tolerant of heat, drought, and cold and thrives on the Great Plains where it
often forms nearly pure stands. All parts can be used like those of slippery elm. The samaras are smaller, but
also tend to be produced in larger quantities that are easier to reach. The two species readily hybridize, and
un some regions these hybrids are crowding out native slippery elm populations.
BROADLEAF TREES: FRUIT SMALL AND DRY, 3 2 2 3 FH-165 20 Siberian elm Ulmus pumila introduced weedy tree has a crooked trunk blocky dark gray bark, and a spreading Leaves crown This branches The twigs are more zigzag and winter buds are less fuzzy. folded; the of silver much grav smaller. 1-3 (2.5-8 cm) long. ovate to lanceolate, and flat rather than those are surface lacks the stiff sandpapery hairs. The samaras are slightly smaller than of upper slipperv elm rounder, and the seed buige is not hairy. Siberian elm is often erroneously called Chinese elm. but that species, Ulmus parvifolia, has leathery, semi-evergreen leaves and lacv bark Siberian elm invades open, human-disturbed habitats in full sun: roadsides, empty urban lots old fields. It is tolerant of heat, drought, and cold and thrives on the Great Plains where it often forms nearly pure stands. All parts can be used like those of slippery elm. The samaras are smaller, but also tend to be produced in larger quantities that are easier to reach. The two species readily hybridize, and un some regions these hybrids are crowding out native slippery elm populations. ",,False,"
    empty"
0048_b.txt,"Icm
LOW OR VINES WITH LEATHERY, EVERGREEN LEAVES
9 LOW OR TRAILING SHRUBS OR VINES WITH LEATHERY, EVERGREEN LEAVES
The free-standing branches of these species never rise more than 12"" cm),
and most of the time are much shorter-although they may creep horizon
tally for long distances. This life form is an adaptation to poor soil and
long, cold winters under the protection of snow, so most of the species
have a decidedly northern distribution. The arctic and alpine bearberries
are placed here even though their leaves are semi-deciduous because their
growth form otherwise matches the pattern of this group. All but one of the species
in this group are members of the heath family Ericaceae. The primary edible part of all but one is
fruit; one species is also commonly used for tea. This is a very safe group; 1 am aware of no plants species with this the
life form producing dangerous berries. Nevertheless, you still need to identify everything you eat!
TENTATIVE IDENTIFICATION KEY TO GROUP 9
The key is not your final answer!
leaves tiny, often whorled, the sides scrolled downward into a needle-like tube. Crowberries (p. 64).
leaves not rolled into a tube, entire or with a few tiny teeth, thick and leathery.
Fruit a dry, hairy, seed-filled capsule; some leaves over 2"" (5 cm).
1. Trailing arbutus
Fruit fleshy, mealy, or juicy; leaves less than 2"" (5 cm) long.
Stems limp, thread-like, 2 mm thick or less.
Leaves paired, red fruit with 2 depressions at the end.
2. Partridgeberry
Leaves alternate; white fruit on a short pedicel.
3. Creeping snowberry
or
Leaves alternate; reddish fruit on a long, thread-like pedicel.
Leaves blunt, margins slightly downturned.
4. Large cranberry
or
Leaves pointed, margins strongly scrolled downward.
5. Small cranberry
Some stems over 2 mm thick; leafy branches erect and rigid.
Fruit single with a large 5-point indent at the end.
7. Wintergreen
Fruit clustered, not indented at the end.
Seeds soft, leaves slightly creased along the midvein.
6. Lingonberry
8. Bearberry
Seeds hard, leaves not creased along the midvein.
flat, serrated, thin, the surface roughened above by deeply depressed veinlets.
9. Arctic bearberry
Fruit red.
10. Black bearberry
Fruit black.
Trailing arbutus
2
1
Ericaceae
(Heath
family)
Epigaea repens
",,False,"
    []"
0049_a.txt,"LOW OR TRAILING SHRUBS OR VINES WITH
Inflorescence 1 Trailing cearly tomid spring) as ompact mm long terminal abruptly clusters spreading of 3-15, at the and partly tip, a single to about fully pistil 13 hidden mm protrudes. wide, under with the The these 5 leaves. white calyx are
arbutus (continued)
Flower to is symmetric family has pink a tubuial al. trangular the sepals white lobes bract corolla long The one triangular throat smaller 10 and and than tube sharply the are other densely pointed, two. woolly, Fruit creamy a spherical, to very light hairy, green; 5-chambered behind capsule
HABITAT: ripening 2 hairv cupped. in late Dry summer sandy, pointed at and idic holding soil in full numerous to partial tiny sun, brown usually seeds. under some combination of pine, oak, and white
FOOD birch especially USE: The near part takes. caten Native. is the flower, A which reminds me of lilac but is less bitter with a nice persistent
COMMENTS: affertaste Conservation The flowers 1. make a fun snack or attractive garnish, and searching for them under dead leaves
in the drab woods of early spring is like a magical treasure hunt.
2
Partridgeberry
1
Mitchella repens
family
Rubiaceae
","FOOD birch especially USE: The near part takes. caten Native. is the flower, A which reminds me of lilac but is less bitter with a nice persistent
FOOD USE: The berries are available almost
any THE there IS not snow on the ground. They
are 100 sparse to pick in quantity and have little
have but there is nevertheless some joy in any
JEWP like forest nibble Conservation: 1.
",True,"
    'berries'"
0049_b.txt,"LOW OR TRAILING SHRUBS OR VINES WITH LEATHERY, EVERGREEN LEAVES
3 Creeping snowberry
3
Gaultheria hispidula Ericaceae (Heath family)
","FOOD USE: The small berries ripen in late summer; they are often hidden in the moss and hard to collect in
quantity. They can be eaten fresh and make delightful jams or desserts. They seem to fruit better on rocks
and logs than in bogs. Conservation 1.
",True,"
    'berries'"
0050_a.txt,"LOW OR TRAILING SHRUBS OR VINES WITH
CRANBERRY NG-266 part) Ericaceae (Heath family)
","FOOD USE: Soft but unspoiled ""bletted"" berries (this happens Conservation 1.
cultivated cranberries. cannot get from store-bought cranberries.
different flavor Cranberries that you are more abundant than many people realize, because New Jersey, people and rarely the Great venture Lakes into
",True,"
    'bletted berries'"
0050_b.txt,"Icm LOW OR TRAILING SHRUBS OR VINES WITH LEATHERY, EVERGREEN LEAVES
6 Lingonberry
3
NG-266
Vaccinium vitis-idaea
Ericaceae (Heath family)
","FOOD USE: Gather ripe berries by hand or with a berry rake beginning in late summer, continu 1.1 unt
snow cover and sometimes again the following spring. They are most often canned with sugar and eaten like
cranberry sauce. They do not need additional pectin to thicken. They can also be used for juice, in breads or
any other way you'd use cranberries. Conservation 1.
",True,"
    'berries'"
0051_a.txt,"Wintergreen
2
7
(Heath
family)
Gaultheria procumbens
Ericaceae
CHECK: Tiny evergreen shrub , 7"" (5 18 cm) tall with broad leaves, waxy pink
","FOOD USE: Berries are a pleasant nibble, good in desserts or smoothies raw. Do not eat a large quantity.
Leaves can be collected at any time and nibbled for their wintergreen flavor, and they can be used to brew a
surprisingly weak tea. A flavoring can be extracted with alcohol.
",True, ['berries']
0051_b.txt,"1cm LOW OR TRAILING SHRUBS OR VINES WITH LEATHERY, EVERGREEN LEAVES
8 Bearberry
1
Arctastaphylos
uva-ursi
Ericaceae
(Heath
family)
","FOOD USE: Berries ripen in late summer and are typically available through the following spring. You can
eat them raw or cooked, but they are hardly good in either case. The flavor is supposedly better after hard
frosts. Due to the astringency, large quantities can cause stomach upset. The Iñupiat of Alaska eat them
preserved in animal fat, which is said to soften and sweeten the berries while lending a good flavor to the fat.
Conservation 1.
",True,"
    'berries'"
0052_a.txt,"9
Arctic bearberry rubra Ericaceae 1 (Heath family)
Arctous CHECK: Trailing tundra shrub with difficulty deeply depressed 1. leaf veins and bright red, the
","FOOD USE: The red berries usually rest
directly on the ground. Their flavor is not
particularly sweet nor sour, but the texture is
pleasant and juicy. like to suck on them while
chewing gently and then spit out the seeds,
but don't think they'd make great pie or jelly.
",True,"
    'berries'"
0052_b.txt,"nm
1cm
BROADLEAF SHRUBS WITH ORANGE TO RED BERRIES
GROUP 10 BROADLEAF SHRUBS WITH
ORANGE TO RED BERRIES
The few plants also in provide this group represent a variety of families. All but berries;
a with red berries will edible greens, flowers, or teas. Some of one our have edible
Likewise, key here if they begin fruiting at an smaller trees
Berries unusually defined large specimens of some of these shrubs unusually small size.
in the greatest are dimension. here as edible fleshy or juicy fruits less may than key 0.8"" as (2 trees. cm)
TENTATIVE IDENTIFICATION KEY TO GROUP 10
The key is not your final answer!
Leaves in opposing pairs.
or
Leaf compound, leaflets toothed.
Leaf simple, entire.
1. Red elderberry
Berries paired, pressed together, with multiple seeds. Honeysuckle (not edible, p. 657).
or
Berries single or in clusters of up to 7, seeds single.
or
Bush thorny, leaves 3-4 x longer than wide, secondary veins obscure.
Bush thornless, leaves less than twice as long as wide, secondary veins evident
2. Silver buffaloberry
and depressed.
Leaf simple, palmately lobed and toothed.
3. Canada buffaloberry
Shrub over 8' (2.4 m) tall, berry clusters over 3"" (8 cm) across, terminal leaves lobed.
5. Highbush cranberry
Shrub under 6' (2 m) tall, berry clusters less than 2"" (5 cm) across, terminal leaves not lobed.
6. Squashberry
Leaves
alternate.
Leaves compound.
Pinnately compound with 5-9 serrated leaflets.
or
7. Roses
Ternately compound, leaves stiff and evergreen with sharp points.
S. Agarita
Leaves simple.
Leaf margins smooth with no lobes or teeth.
Berry with multiple seeds.
Berry with an expanded pedicel and a 3-5-part calyx at the base.
Leaves thin and deciduous; inland.
9. Goji berry
or
Leaves semi-evergreen and succulent; coastal.
10. Christmas berry
or
Berry without a 5-part calyx at the base.
12. Japanese barberry
Berry with a single seed.
Berry covered with silvery scales, seed ridged, pointed at both ends.
4. Autumnberry
Berry smooth and shiny; seed smooth with blunt ends.
13. Spicebush
Leaves palmately lobed, margins toothed.
14. Red currant
Berries smooth and hairless, on a drooping raceme.
or
15. Skunk currant
Berries in an erect raceme, covered with musky gland-tipped hairs.
Leaves not lobed, margins toothed.
Stems trailing along the ground in tundra. Arctic bearberry (p. 134).
Stems standing upright.
16. Red aronia
Berries in flat-topped clusters of 12-40.
Berries in small umbels from twigs on long Individual stems. Pin cherry (p. 102).
11. European barberry
Berries in drooping racemes; stems with 3-part thorns.
Berries single or in very short-stalked clusters from twigs.
17. Yaupon (berries not edible)
Leaves less than 1.5"" (4 cm), tough, evergreen.
Leaves mostly over 2"" (5 cm), thin, deciduous. Winterberry (not edible).
135
nm 1cm BROADLEAF SHRUBS WITH ORANGE TO RED BERRIES GROUP 10 BROADLEAF SHRUBS WITH ORANGE TO RED BERRIES The few plants also in provide this group represent a variety of families. All but berries; a with red berries will edible greens, flowers, or teas. Some of one our have edible Likewise, key here if they begin fruiting at an smaller trees Berries unusually defined large specimens of some of these shrubs unusually small size. in the greatest are dimension. here as edible fleshy or juicy fruits less may than key 0.8"" as (2 trees. cm) TENTATIVE IDENTIFICATION KEY TO GROUP 10 The key is not your final answer! Leaves in opposing pairs. or Leaf compound, leaflets toothed. Leaf simple, entire. 1. Red elderberry Berries paired, pressed together, with multiple seeds. Honeysuckle (not edible, p. 657). or Berries single or in clusters of up to 7, seeds single. or Bush thorny, leaves 3-4 x longer than wide, secondary veins obscure. Bush thornless, leaves less than twice as long as wide, secondary veins evident 2. Silver buffaloberry and depressed. Leaf simple, palmately lobed and toothed. 3. Canada buffaloberry Shrub over 8' (2.4 m) tall, berry clusters over 3"" (8 cm) across, terminal leaves lobed. 5. Highbush cranberry Shrub under 6' (2 m) tall, berry clusters less than 2"" (5 cm) across, terminal leaves not lobed. 6. Squashberry Leaves alternate. Leaves compound. Pinnately compound with 5-9 serrated leaflets. or 7. Roses Ternately compound, leaves stiff and evergreen with sharp points. S. Agarita Leaves simple. Leaf margins smooth with no lobes or teeth. Berry with multiple seeds. Berry with an expanded pedicel and a 3-5-part calyx at the base. Leaves thin and deciduous; inland. 9. Goji berry or Leaves semi-evergreen and succulent; coastal. 10. Christmas berry or Berry without a 5-part calyx at the base. 12. Japanese barberry Berry with a single seed. Berry covered with silvery scales, seed ridged, pointed at both ends. 4. Autumnberry Berry smooth and shiny; seed smooth with blunt ends. 13. Spicebush Leaves palmately lobed, margins toothed. 14. Red currant Berries smooth and hairless, on a drooping raceme. or 15. Skunk currant Berries in an erect raceme, covered with musky gland-tipped hairs. Leaves not lobed, margins toothed. Stems trailing along the ground in tundra. Arctic bearberry (p. 134). Stems standing upright. 16. Red aronia Berries in flat-topped clusters of 12-40. Berries in small umbels from twigs on long Individual stems. Pin cherry (p. 102). 11. European barberry Berries in drooping racemes; stems with 3-part thorns. Berries single or in very short-stalked clusters from twigs. 17. Yaupon (berries not edible) Leaves less than 1.5"" (4 cm), tough, evergreen. Leaves mostly over 2"" (5 cm), thin, deciduous. Winterberry (not edible). 135 ",,False,"
    None"
0053_a.txt,"BROADLEAF SHRUBS WITH ORANGE TO RED
[]
NG-410
1
Sambucus racemosa family Adoxaceae
Red elderberry
CHECK: Arching shrub with pinnately difficulty compound 1. leaves and large clusters of
","FOOD USE: The cooked berries can be eaten in sauces and soups or mixed with other fruit. The juice is a
traditional marinade for salmon on the Northwest Coast. Flowers can be steeped for tea.
",True," 'berries'
     'flowers'"
0053_b.txt,"0
1cm
BROADLEAF SHRUBS WITH ORANGE TO RED BERRIES
2 Silver buffaloberry
2
Shepherdia argentea
family Elaeagnaceae
","FOOD USE: Ripe fruit can be collected by
hand or, more efficiently, by shaking branches
over a drop cloth. The flavor is better if the
fruit sits on the bush red for a while. Buf-
faloberries can be eaten fresh or made into
juice. After straining seeds out, the pulp is
great for jams, jellies, pie, or fruit leather.
Conservation 1.
",True," ['buf-faloberries','seeds']"
0054_a.txt,"BROADLEAF SHRUBS WITH ORANGE TO RED BERRIES
3
Canada buffaloberry
Shepherdia canadensis
family Elaeagnaceae
","FOOD USE: Gather berries when ripe in late summer
and tall, use for juice or confections. Conservation 1.
",True,"
    'berries'"
0054_b.txt,"mm
0
1cm
BROADLEAF SHRUBS WITH ORANGE TO RED BERRIES
4
Autumnberry
3
NG-321
Elaeagnus umbellata
family Elaeagnaceae
","FOOD USE: Gather berries when fully ripe and soft; they may turn red well before developing their best flavor
They are highly variable in quality and timing from one tree to the next, but in general the flavor is tart but
delicious when fresh. After straining the seeds, the pulp can be used for pie or jam, and also makes fantastic
fruit leather. If the pulp is allowed to sit, the solids will naturally coagulate and separate from the juice, which
is almost totally clear and can be excellent.
",True, 'berries'
0055_a.txt,"BROADLEAF SHRUBS WITH ORANGE TO RED BERRIES
5 Highbush cranberry
2
FH-318
trilobum
family
Adoxaceae
","FOOD USE: The berries can be gathered quickly due to the large size and clustering habit. You can pick them
as soon as they are red (even if still hard), and this is when the flavor is best. The berries occasionally remain
until winter, but they will soften and shrink. They can be used to make jelly, juice, wine, or sauce. Conservation 1.
",True,"
    'berries'"
0055_b.txt,"0
BROADLEAF SHRUBS WITH ORANGE TO RED BERRIES
6 Squashberry
2
Viburnum edule
family Adoxaceae
","FOOD USE: The berries can be eaten
raw or cooked in jams, jellies, juice, or
other preparations. Tastes very similar
to highbush cranberry.
",True,"
    'berries'"
0056_a.txt,"BROADLEAF SHRUBS WITH ORANGE TO RED
2
IWE-319
7
genus Rose Rosa 2 Rosaceae (Rose family)
pinnately compound leaves and toothed hairy leaflets; center.
",,False,"
    []"
0056_b.txt,"BROADLEAF SHRUBS WITH ORANGE TO RED BERRIES
emi-open old sites ranging from dry sands to swamps. depending
fields, forest clearings and trails, lakeshores, swamp openings, or beach
in early summer, can be used as a garnish or flavoring Pulp of tipe
pies, jam, or the hips can be eaten fresh. Some people complain of hips the
hairs inside the hips irritating the digestive
tract. This problem appears to depend on
the species, the person, and the preparation
Larger hips can be cut in half and have the
inner hairy portion scooped out. Flavorful
hips can be steeped for a tea rich in vitamin
C, or simmered and strained to make rose hip
jelly. The young leaves, when dried. make a
decent tea. Conservation 1.
COMMENTS: Most rose hips are bland and
mealy. A few natives have good tasting hips,
but the best-tasting species all seem to be
introduced from Eurasia. However, all species
are safe and wholesome, so feel free to try any
rose flowers or hips you encounter.
Tiny hips of multiflora rose.
Wild rose leaves are pinnately compound
Rosa canina, our best tasting rose hip a
Euronean introduction
BROADLEAF SHRUBS WITH ORANGE TO RED BERRIES emi-open old sites ranging from dry sands to swamps. depending fields, forest clearings and trails, lakeshores, swamp openings, or beach in early summer, can be used as a garnish or flavoring Pulp of tipe pies, jam, or the hips can be eaten fresh. Some people complain of hips the hairs inside the hips irritating the digestive tract. This problem appears to depend on the species, the person, and the preparation Larger hips can be cut in half and have the inner hairy portion scooped out. Flavorful hips can be steeped for a tea rich in vitamin C, or simmered and strained to make rose hip jelly. The young leaves, when dried. make a decent tea. Conservation 1. COMMENTS: Most rose hips are bland and mealy. A few natives have good tasting hips, but the best-tasting species all seem to be introduced from Eurasia. However, all species are safe and wholesome, so feel free to try any rose flowers or hips you encounter. Tiny hips of multiflora rose. Wild rose leaves are pinnately compound Rosa canina, our best tasting rose hip a Euronean introduction ",,False,"
    None.
    
    Input:

    'This fruit is ripe when it is easily detached from the stem with a gentle tug. To prepare, wash the fruit
    and cut away the calyx and apex. Eat the fruit fresh or cook it down to make jams, jellies, or desserts.

    Expected output:

    'None.
    
    Input:

    'EATING AND USING: The young leaves and stems are used in salads and as a cooked green, while the mature
    stems and leaves are used for basketry and thatching. The roots are edible, but are mostly used for medic
    inal purposes.'

    Expected output:

    'leaves','stems','roots'

    Input:

    'The fruit is ripe when it is soft and easily bruised. It can be eaten fresh or cooked, and is often used to
    make pies, jams, or jellies. The leaves are edible and can be used in salads or as a cooked green, while the
    bark is used for making rope and baskets.'

    Expected output:

    'fruit','leaves','bark'

    Input:

    'The fruit is ripe when it is easily detached from the stem with a gentle tug. Eat the fruit fresh or cook it
    down to make jams, jellies, or desserts. The leaves are edible and can be used in salads or as a cooked green.
    The roots are edible and can be cooked and eaten like potatoes or roasted like sweet potatoes.'

    Expected output:

    'fruit','leaves','roots'

    Input:

    'Eating and using:
    The fruit is ripe when it is soft and easily bruised. It can be eaten fresh or cooked, and is often used to
    make pies, jams, or jellies. The leaves are edible and can be used in salads or as a cooked green. The roots are
    edible and can be cooked and eaten like potatoes or roasted like sweet potatoes. The bark is used for making
    rope and baskets. The seeds are edible and can be roasted or ground into a flour.'

    Expected output:

    'fruit','leaves','roots','seeds'

    Input:

    'FOOD USE: The fruit is ripe when it is easily detached from the stem with a gentle tug. Eat the fruit fresh
    or cook it down to make jams, jellies, or desserts. The leaves are edible and can be used in salads or as a cooked
    green. The roots are edible and can be cooked and eaten like potatoes or roasted like sweet potatoes. The bark is
    used for making rope and baskets. The seeds are edible and can be roasted or ground into a flour. The flowers are
    edible and can be used in salads or as a garnish.'

    Expected output:

    'fruit','leaves','roots','seeds','flowers'

    Input:

    'The fruit is ripe when it is easily detached from the stem with a gentle tug. Eat the fruit fresh or cook it
    down to make jams, jellies, or desserts. The leaves are edible and can be used in salads or as a cooked green.
    The roots are edible and can be cooked and eaten like potatoes or roasted like sweet potatoes. The bark is used
    for making rope and baskets. The seeds are edible and can be roasted or ground into a flour. The flowers are
    edible and can be used in salads or as a garnish. The young shoots are also edible and can be eaten raw or cooked.'

    Expected output:

    'fruit','leaves','roots','seeds','flowers','young shoots'"
0057_a.txt,"BROADLEAF SHRUBS WITH ORANGE 10)
8
Mahonia Agarita trifoliata 3 Berberidaceae (Barberry family)
Evergreen shrub with compound leaves of 3 sessile leaflets, difficulty the 1. lobe
","FOOD USE: Ripe berries make an intensely sour but
excellent juice that can be drunk diluted, used to make
wine or jelly, or mixed with mild fruits to make leather.
",True, 'berries'
0057_b.txt,"0
BROADLEAF SHRUBS WITH ORANGE TO RED BERRIES
9
Goji berry
2
2
Lycium barbarum Solanaceae (Nightshade family)
","FOOD USE: Gather the ripe berries from late summer to
autumn and eat fresh or dried. Young leaves also make a
decent raw green or potherb.
",True,"
    ['berries','Young leaves']"
0058_a.txt,"BROADLEAF SHRUBS WITH ORANGE TO RED BERRIES
10 Christmas berry
2
2
Lycium carolinianum Solanaceae (Nightshade family)
","FOOD USE: Ripe fruit can be eaten fresh or dried. Succulent
salty leaves can be nibbled year-round.
",True,"
    'fruit','leaves'"
0058_b.txt,"BROADLEAF SHRUBS WITH ORANGE TO RED BERRIES
11 European barberry
3
1
Berberis vulgaris + family Berberidaceae
","FOOD USE: Use the very sour fruit to make jam, jelly, or juice. The leaves are also sour and can be nibbled
or steeped to brew a tart drink.
",True,"
    'fruit','leaves'"
0059_a.txt,"BROADLEAF SHRUBS WITH ORANGE TO RED BERRIES
editic
Berberis
thunbergii
1
12 Japanese ter bush rarely barberry more than chest-high. The stems to 1.2"" more (3 arching cm) long. and Flowers less erect, are
and the thorn at eac node is single. The of leaves The fruit is 7-9 mm long and similar.
This is a shor are entire, mealy rather
produced in small nearly umbel-like as good clusters as European 1-4. barberry-but the for tangy wheat leaves stem are rust, it has
than Because juicy-not Japanese barberry cannot serve as an alternate host
not been subject to eradication efforts. I
III
13 Spicebush
Lindera benzoin
Lauraceae (Laurel family)
","FOOD USE: Gather ripe fruits from late summer through fall to use as a
seasoning fresh or dried. llike the pulp better than the seed, so separate
them. Twigs can be collected at any time of year and steeped in hot water for
tea The leaves can also be used for lea, and the young ones can be chopped
mis dishes in small amounts for their distinct flavor. Conservation 2/1.
",True," ['fruits','leaves']"
0059_b.txt,"0
Icm
BROADLEAF SHRUBS WITH ORANGE TO RED BERRIES
14 Red currant
3
Ribes triste Grossulariaceae (Gooseberry family)
","FOOD USE: Eat fresh berries whole
in midsummer, or juice them for
drinking or making desserts. Con-
servation 1.
",True,"
    'berries'"
0060_a.txt,"BROADLEAF SHRUBS WITH ORANGE TO RED BERRIES
15 Skunk currant
Ribes glandulosum Grossulariaceae (Gooseberry family)
","FOOD USE: Ripe berries can
be eaten raw or cooked. Con-
servation 1.
",True,"
    'berries'"
0060_b.txt,"0
BROADLEAF SHRUBS WITH ORANGE TO RED BERRIES
16 Red aronia
1
Aronia arbutifolia
Rosaceae
(Rose
family)
","FOOD USE: The fruits are rather dry and astringent but can be good when mixed with blander fruits for
leather, jelly, juice, or in baked goods. Conservation 1.
",True,"
    'fruits'"
0061_a.txt,"17
Yaupon llex vomitoria Aquifoliaceae (Holly family)
","FOOD USE: Gather and dry the leaves and brew like green tea. Conservation 1.
",True,"
    'leaves'"
0061_b.txt,"BROADLEAF SHRUBS WITH BERRIES-NOT ORANGE TO RED
GROUP 11 BROADLEAF SHRUBS WITH BERRIES-NOT ORANGE TO RED
Berries are here defined as fleshy or juicy fruits less than 0 8"" (2 cm) in the largest dimor
sion. For all but one of the shrubs in this group the primary edible part is the fruit Several
of these species may occasionally grow to tree size and would then key into group /
TENTATIVE IDENTIFICATION KEY TO GROUP 11
The key is not your final answer!
Fruit ripens greenish.
1. Deerberry
Fruit ripens sliver-gray.
2. Silverberry
3. Red-osier dogwood
Fruit ripens white.
Fruit ripens blue, purple, or black.
Seed single.
Seed somewhat to very flattened.
Leaves ovate, elliptic, obovate, or lanceolate, not velvety; seeds very flattened.
4. Black haws
or
Leaves heart-shaped to nearly round, velvety; seeds somewhat flattened.
5. Hobblebush
Seed spherical to roughly oval.
or
Leaves entire, evergreen. Red bay (see group 7).
Leaves toothed, deciduous.
6. Chokecherry
Fruit in drooping racemes.
7. Sandcherry
Fruit hanging directly from branches in clusters.
Seeds multiple.
8. Black elderberry
Leaves pinnately compound.
or
Leaves simple, palmately lobed, alternate and tufted.
9. Gooseberry
Stems with sharp spines or bristles; fruit single or in umbels.
Stems unarmed; fruit in hanging racemes.
10. Buffalo currant
or
Leaves hairless, veins not depressed above.
11. American black currant
Leaves hairy, veins strongly depressed above.
Leaves simple, not lobed.
12. Blue honeysuckle
Leaves paired.
Leaves entire, fruit elongated and blue.
Leaves
or
Leaves toothed. breadly elliptic, fruit black. Common buckthorn (not edible, p. 660).
13. Beautyberry
Leaves lanceolate, fruit bright pink-purple.
14. Black aronia
Leaves alternate.
Leaves with prominent gland-tipped teeth.
Leaves
Fruit entire lacking or with a calyx, tiny in teeth. tiny umbels, with 3 large seeds; leaves with deeply depressed
15. Carolina buckthorn
secondary Fruit with calyx veins lobes reaching or a margins. ring at the tip, in racemes; seeds tiny: secondary veins less
depressed, Leaf underside breaking dotted up before with the small, margins. yellow, resinous glands; seeds crunchy.
16. Black huckleberry
17. Dangleberry
Compact raceme without bracts.
or
dangling raceme with bracts.
18. Farkleberry
Leaf Loose, underside not dotted with resinous glands.
Leaf tough and leathery, seeds crunchy.
1. Deerberry
Leaf not leathery, seeds soft.
Fruit thick-skinned. musky-scented.
19. Highbush blueberry
Fruit thin-skinned, not musky.
Bush taller than 4' (1.2m).
20. Lowbush blueberry
Bush shorter than 4'.
Leaves much longer than fruit diameter.
21. Mayberry
Leaves about as long as fruit diameter.
black, ripens May-June; leaves pointed. blunt.
22. Bilberry
153
Fruit Fruit blue, ripens July-August: leaves
BROADLEAF SHRUBS WITH BERRIES-NOT ORANGE TO RED GROUP 11 BROADLEAF SHRUBS WITH BERRIES-NOT ORANGE TO RED Berries are here defined as fleshy or juicy fruits less than 0 8"" (2 cm) in the largest dimor sion. For all but one of the shrubs in this group the primary edible part is the fruit Several of these species may occasionally grow to tree size and would then key into group / TENTATIVE IDENTIFICATION KEY TO GROUP 11 The key is not your final answer! Fruit ripens greenish. 1. Deerberry Fruit ripens sliver-gray. 2. Silverberry 3. Red-osier dogwood Fruit ripens white. Fruit ripens blue, purple, or black. Seed single. Seed somewhat to very flattened. Leaves ovate, elliptic, obovate, or lanceolate, not velvety; seeds very flattened. 4. Black haws or Leaves heart-shaped to nearly round, velvety; seeds somewhat flattened. 5. Hobblebush Seed spherical to roughly oval. or Leaves entire, evergreen. Red bay (see group 7). Leaves toothed, deciduous. 6. Chokecherry Fruit in drooping racemes. 7. Sandcherry Fruit hanging directly from branches in clusters. Seeds multiple. 8. Black elderberry Leaves pinnately compound. or Leaves simple, palmately lobed, alternate and tufted. 9. Gooseberry Stems with sharp spines or bristles; fruit single or in umbels. Stems unarmed; fruit in hanging racemes. 10. Buffalo currant or Leaves hairless, veins not depressed above. 11. American black currant Leaves hairy, veins strongly depressed above. Leaves simple, not lobed. 12. Blue honeysuckle Leaves paired. Leaves entire, fruit elongated and blue. Leaves or Leaves toothed. breadly elliptic, fruit black. Common buckthorn (not edible, p. 660). 13. Beautyberry Leaves lanceolate, fruit bright pink-purple. 14. Black aronia Leaves alternate. Leaves with prominent gland-tipped teeth. Leaves Fruit entire lacking or with a calyx, tiny in teeth. tiny umbels, with 3 large seeds; leaves with deeply depressed 15. Carolina buckthorn secondary Fruit with calyx veins lobes reaching or a margins. ring at the tip, in racemes; seeds tiny: secondary veins less depressed, Leaf underside breaking dotted up before with the small, margins. yellow, resinous glands; seeds crunchy. 16. Black huckleberry 17. Dangleberry Compact raceme without bracts. or dangling raceme with bracts. 18. Farkleberry Leaf Loose, underside not dotted with resinous glands. Leaf tough and leathery, seeds crunchy. 1. Deerberry Leaf not leathery, seeds soft. Fruit thick-skinned. musky-scented. 19. Highbush blueberry Fruit thin-skinned, not musky. Bush taller than 4' (1.2m). 20. Lowbush blueberry Bush shorter than 4'. Leaves much longer than fruit diameter. 21. Mayberry Leaves about as long as fruit diameter. black, ripens May-June; leaves pointed. blunt. 22. Bilberry 153 Fruit Fruit blue, ripens July-August: leaves ",,False,"
    []"
0062_a.txt,"Deerberry
2
1
(Heath
family)
Vaccinium stamineum
Ericaceae
Branchy erect shrub with alternate, entire, difficulty blunt leaves; 1. dangling
spherical leaning, much branched shrub 3-8' (1-2.5 m) Twigs tall, very the
","FOOD USE: Gather berries in late summer or autumn
by hand. They can be eaten fresh or dried, and used in
jams, pies, and preserves. The skins are tougher than
blueberry skins, 50 you may want to run these through
a fruit strainer. Conservation 1.
",True,"
    'berries'"
0062_b.txt,"BROADLEAF SHRUBS WITH BERRIES-NOT ORANGE TO RED
2 Silverberry
1
Elaeagnus commutata
family Elaeagnaceae
silvery UICK scales; CHECK: fruits Colonial silver-green. thornless ID shrub difficulty with 1. alternate, entire leaves
","FOOD USE: The berries ripen in late summer or early fall and are dry, mealy, and somewhat astringent, much
like those of Russian-olive. They can be eaten raw but few people find them appealing; they are better cooked.
strained, and mixed with other fruit. Conservation 1.
",True,"
    'berries'"
0063_a.txt,"3
Red-osier dogwood
1
Cornus stolonifera
family Cornaceae
","FOOD USE: The berries ripen in mid to late summer and can
be eaten fresh but are bitter. Conservation 1.
",True,"
    'berries'"
0063_b.txt,"0
BERRIES-NOT ORANGE TO RED
4
Black haws
2
FH-311
genus
Viburnum
(in
part)
family Adoxaceae
","FOOD USE: Gather berries in fall when they are black and soft; the clusters make them easy to pick in quan-
tity. They can be eaten raw, or they can be simmered in a small amount of water and run through a strainer
to separate the pulp from the seeds. The flavor is uniquely sweet and reminiscent of a mixture of prunes and
bananas. The pulp can be dried as fruit leather or used in quick breads like mashed banana. It can also be
used as the base for non-jelled fruit spreads.
",True,"
    'berries'"
0064_a.txt,"BROADLEAF SHRUBS WITH BERRIES-NOT ORANGE TO RED
4
Black haws (continued)
Wild raisin Viburnum cassinoides and Viburnum nudum
These two are sometimes onsidered separate species. and sometimes lumped together. Both have elliptic
to chovate leaves 15-13 (m) long with margins that are entire or wavy-toothed These species inhabit
wet. acide soils 11 shoub swamps lake edges, and bog margins-V. cassinoides in the North and V. nudum in
the South AKA withe-rod possum-haw
Common black haw
Viburnum prunifolium
This species has ovate
elliptic leaves 1-28
"", 5-7 (T) long and
hairless on both
$ des The stemstend
10 be more densely
comped than those
of annyberry Petr
olts are scarcely if al
oll winged and the
buds oit pointed but
shorter than those of
Hannyberry The Truit
overages sightly
smaller alls 15 Borge
11, slightly smaller
classers common
blark have the dis
Turbeo habitats and
young woods 61. dry.
web drainedisite this
""Daias termshe alwak of Orali
mickory foreur and
Savannahs
to
BROADLEAF SHRUBS WITH BERRIES-NOT ORANGE TO RED 4 Black haws (continued) Wild raisin Viburnum cassinoides and Viburnum nudum These two are sometimes onsidered separate species. and sometimes lumped together. Both have elliptic to chovate leaves 15-13 (m) long with margins that are entire or wavy-toothed These species inhabit wet. acide soils 11 shoub swamps lake edges, and bog margins-V. cassinoides in the North and V. nudum in the South AKA withe-rod possum-haw Common black haw Viburnum prunifolium This species has ovate elliptic leaves 1-28 "", 5-7 (T) long and hairless on both $ des The stemstend 10 be more densely comped than those of annyberry Petr olts are scarcely if al oll winged and the buds oit pointed but shorter than those of Hannyberry The Truit overages sightly smaller alls 15 Borge 11, slightly smaller classers common blark have the dis Turbeo habitats and young woods 61. dry. web drainedisite this ""Daias termshe alwak of Orali mickory foreur and Savannahs to ",,False,"
    []"
0064_b.txt,"WITH BERRIES-NOT ORANGE TO RED
Rusty black haw Viburnum rufidulum
0
15% Grows 5"" in (4-6 upper cm), floodplains shiny, and dry, disturbed, rocky or sloped woods of the Southeast ::,
th the tip abruptly thick, and much broader than those of other hlar khaws, sometimes
ads. large with prominent bloom.
The fruit is pointed. Veins are nearly flat A above. The petioles are broad and rust, / cearly hairy, cound as /n: -
Dwarf black haw + Viburnum obovatum
A small species with small, nearly entire, obovate to spoon-shaped or narrowly elliptic, hairless leaves 0.8-2
(2-5 cm) long, evergreen or semi-evergreen. The petioles are extremely short. Both the fruits and the clusters
are small. This species inhabits floodplains, wetland margins, and moist depressions in the extreme Southeast.
It is listed by a broad assortment of common names.
159
WITH BERRIES-NOT ORANGE TO RED Rusty black haw Viburnum rufidulum 0 15% Grows 5"" in (4-6 upper cm), floodplains shiny, and dry, disturbed, rocky or sloped woods of the Southeast ::, th the tip abruptly thick, and much broader than those of other hlar khaws, sometimes ads. large with prominent bloom. The fruit is pointed. Veins are nearly flat A above. The petioles are broad and rust, / cearly hairy, cound as /n: - Dwarf black haw + Viburnum obovatum A small species with small, nearly entire, obovate to spoon-shaped or narrowly elliptic, hairless leaves 0.8-2 (2-5 cm) long, evergreen or semi-evergreen. The petioles are extremely short. Both the fruits and the clusters are small. This species inhabits floodplains, wetland margins, and moist depressions in the extreme Southeast. It is listed by a broad assortment of common names. 159 ",,False,"
    []"
0065_a.txt,"5 Hobblebush
2
Viburnum alnifolium
family Adoxaceae
CHECK: Shrub with very large, nearly round, paired leaves 1. with prominently
","FOOD USE: Collect berries in late summer to early autumn. The whole cluster does not ripen at once. These
are softer and juicier than black haws but harder to collect in quantity. Conservation 1.
",True,"
    'berries'"
0065_b.txt,"BROADLEAF SHRUBS WITH BERRIES-NOT ORANGE TO RED
6
Chokecherry
2 LI FH-214
Prunus virginiana
Rosaceae (Rose family)
","FOOD USE: Fully ripe fruit is black and detaches easily from its stem. These can be boiled and strained to
make juice or jelly. They can also be strained raw to remove the seeds and the pulp used for jam or fruit leather.
Chokecherries are traditionally pounded with the pits included and then fermented, cooked, or sun-dried
before eating. Raw kernels should not be eaten in large quantities.
",True,"
    'fruit'"
0066_a.txt,"7
Prunus Sandcherry pumila, P. susquehanae 2 NG-299 + Rosaceae (Rose family)
","FOOD USE: Gather cherries when
they are dark purple-black and soft.
They can be eaten fresh, pitted and
dried, or made into jam, jelly, juice, or
pie. Conservation 1.
",True, ['cherries']
0066_b.txt,"BROADLEAF SHRUBS WITH BERRIES-NOT ORANGE TO RED
8 Black elderberry
2
Sambucus canadensis
family
Adoxaceae
","FOOD USE: Pick whole clusters of berries and remove from the stems with fingers or a fork, or by freezing
the whole clusters and smacking them inside a bucket. For juice, a steam juicer yields better flavor than boil-
ing. Drying whole fruit greatly improves the flavor. Elderberry is also a popular wine. Flowers are steeped
to make tea or thrown into fritters or other baked goods. Both flowers and fruit should be removed from the
stems, although small amounts of stem are harmless.
",True,"
    'berries','flowers'"
0067_a.txt,"9
Gooseberry
3
IWE-129
Ribes (in part)
genus Grossulariaceae (Gooseberry family)
GROUP ID: Thorny shrubs with alternate or soft tufted, seeds. palmately ID difficulty lobed 1. leaves;
","FOOD USE: Gather berries when soft and purple and eat them fresh or
cooked. The stems, skins, and dried flower parts are tough and best strained
out. Clean pulp is great for pies, jam, or fruit leather. and combines well with
milder fruits. Nearly-ripe green fruit can be mixed with
Missouri gooseberry R. missouriense.
water. blended, and strained to make a lemonade-like
drink. Conservation 1.
",True, ['berries']
0067_b.txt,"BROADLEAF SHRUBS WITH BERRIES-NOT ORANGE TO RED
10 American black currant
2
Ribes americanum
Grossulariaceae (Gooseberry family)
","FOOD USE: Berries can be eaten fresh, strained and used for fruit leather or jam (best mixed with milder
fruit), or made into juice or jelly. Conservation 1.
",True,"
    'berries'"
0068_a.txt,"BROADLEAF SHRUBS WITH BERRIES-NOT ORANGE TO RED
11 currant
Buffalo Ribes odoratum Grossulariaceae 3 (Gooseberry family)
Unarmed clamped shrub with alternate or tufted, difficulty shiny, 1. palmately
","FOOD USE: Gather these currants
by the handful and eat fresh or use
to make pies, jellies, jams, juice, or
wine. They can also be dried, and are
traditionally stored this way, It's best
to strain them to get rid of the thick
skins and flower remnants.
",True,"
    'currants'"
0068_b.txt,"BERRIES-NOT ORANGE TO RED
12 Blue honeysuckle
3
Lonicera caerulaea
family Caprifoliaceae
","FOOD USE: Ripe berries can be
eaten raw or cooked. The flavor
is good, but they are usually hard
to collect in quantity. Conserva-
tion 1.
",True, 'berries'
0069_a.txt,"13 Beautyberry
Callicarpa americana
Lamiaciae (Mint family)
","FOOD USE: Ripe berries are boring but beautiful raw. Cooked into jam/jelly or fruit leather they are much
better. They often sit on the bushes for months after ripening. Conservation 1.
",True,"
    'berries'"
0069_b.txt,"BROADLEAF SHRUBS WITH BERRIES-NOT ORANGE TO RED
14 Black aronia
2
NG-314
Aronia melanocarpa
Rosaceae (Rose family)
(UICK CHECK: Shrub with alternate, finely serrated leaves and lustor. of
with a dimpled end and a 5-part end calyx. ID difficulty 2.
","FOOD USE: The berries are astringent even when
fully ripe. While they can be used whole, they are
best diluted by milder flavors. However, little of
the fruit's astringency is imparted to raw. cold-
pressed juice. Boiling or steaming to get juice will
make it more astringent. Conservation 1.
",True,"
    'berries'"
0070_a.txt,"BROADLEAF SHRUBS WITH BERRIES-NOT ORANGE TO RED
15 Carolina buckthorn
Rhamnus caroliniana
Rhamnaceae (Buckthorn family)
","FOOD USE: Berries can be eaten raw or cooked, but are not very good. Conservation 1.
",True,"
    'berries'"
0070_b.txt,"BERRIES-NOT ORANGE TO RED
16 Black huckleberry
3 []] NG-275
Gaylussacia baccata
Ericaceae (Heath family)
","FOOD USE: Ripe berries are delicious fresh despite the crunchy
seeds. They make excellent pie and fruit leather. Conservation 1.
",True,"
    'berries'"
0071_a.txt,"BROADLEAF SHRUBS WITH BERRIES-NOT ORANGE TO RED
18
Farkleberry Vaccinium arboreum 2 4 Ericaceae (Heath family)
shrub with blunt-tipped leaves and very difficulty small, 2. dryish black berries
without a powdery Large shrub or occasionally a small tree, in the typically northern 6-16' part (2-5 of its m) range, tall
","FOOD USE: Gather ripe
berries in autumn as a
nibble, Mix with bland
or mild fruits for a tart,
huckleberry-like flavor, or
throw a few in hot cereal.
Conservation 1.
",True,"
    'berries'"
0071_b.txt,"family)
WITH BERRIES-NOT ORANGE TO RED
19 Highbush blueberry
3 LI NG-256
Vaccinium corymbosum
Ericaceae (Heath family)
","FOOD USE: Fruit ripens in mid summer (early summer in the South). Pick berries by hand or with a rake:
because the bushes are tall a blickey can often be used. Conservation 1.
",True,"
    'berries'"
0072_a.txt,"BROADLEAF SHRUBS WITH BERRIES-NOT ORANGE TO RED
20 Lowbush blueberry
3
NG-256
Ericaceae
(Heath
family)
genus Vaccinium (in part)
","FOOD USE: Pick the ripe fruit by hand or with
a blueberry rake. Eat fresh or use to make pies
or other desserts. Store by freezing, canning, or
drying. Conservation 1.
",True,"
    'fruit'"
0072_b.txt,"WITH BERRIES-NOT ORANGE TO RED
Related edible
21
Mayberry
Vaccinium elliottii
3
This low blueberry species of sandy pine woods in the
Deep South blooms in February or March and ripens in
late May to early June. The leaves are very small-only
slightly longer than the berry-and the small berries
ripen to black, usually without bloom. The flavor is
superb,
22 Bilberry
3
NG-256
Vaccinium uliginosum Ericaceae (Heath family)
","FOOD USE: Gather berries in late summer through early fall. Delicious like an intensely flavored blueberry,
but harder to collect in quantity. Conservation 1.
RELATED EDIBLE: Another bilberry, V. cespitosum,
is characteristic of poor sands or gravels in the boreal
region. The leaves are obovate with blunt teeth and
less depressed veins, and the flowers are white and
more constricted with a vase-like opening.
175
WITH BERRIES-NOT ORANGE TO RED Related edible 21 Mayberry Vaccinium elliottii 3 This low blueberry species of sandy pine woods in the Deep South blooms in February or March and ripens in late May to early June. The leaves are very small-only slightly longer than the berry-and the small berries ripen to black, usually without bloom. The flavor is superb, 22 Bilberry 3 NG-256 Vaccinium uliginosum Ericaceae (Heath family) QUICK CHECK: Very low shrub with tiny oval leaves and blueberry-like fruit. ID difficulty 1. DESCRIPTION: Tiny deciduous shrub 2-10"" (5-25 cm) tall, branching profusely with very thin twigs, often forming colonies or mats by long, prostrate stems creeping under the duff. Bark light brownish-orange with a thin, peeling, gray outer layer. New twigs are greenish and minutely hairy. Buds small but plump, blunt, reddish, conspicuous at branch tips when the fruit is ripe. Leaves alternate, sessile, 0.2-0.8"" (5-20 mm) long, broadly oval to nearly round, blunt or rounded at both ends, the tip often with a dark nipple, the surfaces hairless and the margins entire. Veins depressed above and protruding below, in a net-like pattern. Flowers pink, bell-like or urn-shaped, hanging, 4-5 mm long, with 4-5 tiny blunt lobes at the opening, borne singly or in pairs from leaf axils. Fruit hangs on a pedicel 30% of its length, spherical to slightly oval, 6-8 mm ripening to light blue with a bloom (occasionally blackish and without bloom). There is a single protruding style that persists within the 5-lobed end calyx, the lobes blunt and turned inward (not spreading as in blueberries). Seeds are tiny and hard to notice. CONFUSING PLANTS: Told from lowbush blueberries by its small size, broad, blunt leaves, fruit borne mostly singly, the protruding style on the fruit, and the lack of a spreading calyx. HABITAT: Rocky places with poor soil in full sun: tundra, exposed hilltops, coastal baids, occasionally bogs. Native. FOOD USE: Gather berries in late summer through early fall. Delicious like an intensely flavored blueberry, but harder to collect in quantity. Conservation 1. RELATED EDIBLE: Another bilberry, V. cespitosum, is characteristic of poor sands or gravels in the boreal region. The leaves are obovate with blunt teeth and less depressed veins, and the flowers are white and more constricted with a vase-like opening. 175 ",True,"
    'berries'"
0073_a.txt,"BROADLEAF SHRUBS WITH DRY FRUIT, NUTLETS,
GROUP 12 BROADLEAF SHRUBS WITH DRY FRUIT,
NUTLETS, OR PODS
aromatic shrubs tend to have dry, non-fleshy fruits that notice are not in
this is their adaptation to some combination of poor soil (whether
Highly dispersed by animal feeding. Another ecological trend you may
wet group or dry) and heavy disturbance. The primary use of every plant in often this
is as a drink or flavoring. Because the leaves are the part most
group used, the key uses leaf features where possible. Large specimens of the red
sumacs and prickly ash may key as trees.
TENTATIVE IDENTIFICATION KEY TO GROUP 12
The key is not your final answer!
4.
Fragrant sumac
Leaf temately compound; fruit red.
or
Leaf pinnately compound.
Branches prickly: red fruit held close to the branches.
5. Prickly-ash
Branches not prickly: fruit inerect spikes or panicles.
Fruit red, spherical to oval.
or
Leaf rachises with a wing between leaflets.
1. Winged sumac
or
Leaf rachises not winged between leaflets.
New growth densely covered with soft erect hairs.
2. Staghorn sumac
New growth smooth and bloom-coated.
3. Smooth sumac
Fruit a tiny green to brown pod: leaves densely covered in whitish wool.
6. Leadplant
Leaf simple.
or
Leaf margins deeply pinnately lobed; leaf long and narrow.
7. Sweet fern
Leaf margins toothed; leaves deciduous,
Margins regularly serrated; 2 major depressed secondary veins arise at leaf base.
or
Inflorescence at the end of a naked stem from a leaf axil.
or
8. Large New Jersey tea
Inflorescence at the end of a normal leafy branch.
Margins with teeth in the distal half only; no major secondary veins from the base.
9. Small New Jersey tea
Fruit pointed, packed into a tight spike.
Fruit a tiny ball covered with grayish waxy gobs.
10. Sweet gale
Leaf margins not toothed; blades tough and evergreen.
11. Bayberry
Margin strongly scrolled downward; leaf very densely woolly underneath.
Margin slightly downcurved; leaf not woolly underneath.
12. Labrador tea
13. Leatherleaf
RED SUMACS
FH-252
genus
Rhus
(in
part)
Anacardiaceae (Cashew family)
",,False,"
    []"
0073_b.txt,"SHRUBS WITH DRY FRUIT, NUTLETS, OR PODS
CONFUSING highly aromatic PLANTS: leaves. Shoots can resemble ailanthus or walnut, both
and the whitish fruit droops Poison in grape-like sumac (p. 659) clusters-plus has shiny leaflets it grows lacking in teeth. of whir but las the the rachis milk is never and winger, ayo
FOOD outer ries they berries A seasoning can will bark USE: from be make and steeped Pick stems can a eat weak be shoots the if to made you and interior make in want from inferior late a to lemonade-like of spring the steep the brew. dried shoot when hot), Pick fruits raw. then they clusters drink. (see Staghorn strain snap Taste fragrant and easily through is the steep best and berries a in for do cloth. cold swamps, this not to water Rains make yet because have eventually for sure half a the white they shoots an are hour wash pith very are or Peel out larger SO sour. the off Cremove flavor bitter if Ber- not
sumac,
next).
Conservation
1.
COMMENTS: Sumac-ade will disappoint if you collect flavorless berry clusters or steep the bitter stems with
boiling water. If you pay careful attention to detail, the drink can be excellent.
WARNING: Sumacs are related to cashews, mangoes, and poison ivy. Rare individuals are also highly
allergic to the edible red sumacs.
IMPORTANT SPECIES: The three common and widespread species in our region are listed. All are native.
1
Winged sumac
Rhus coppalina
2
III)
Winged (shining)
sumac is easily dis-
tinguished by the
wings along the ra-
chis between the
shiny, entire leaflets.
The fruit is hairless.
This drought-toler-
ant sumac likes dry,
sunny sites such as
sandy openings and
rocky ridges.
A
2 Staghorn sumac
Rhus typhina
2
Staghorn
sumac
has twigs
and fruit
densely
covered
with soft
hairs. The leaves are hairy
below and faintly so above.
The secondary veins are slightly
depressed, the margins serrated
with large. forward-pointing
teeth This species is found in
disturbed, well-drained soil in
forested regions. A (linages
continued on the next page.)
177
SHRUBS WITH DRY FRUIT, NUTLETS, OR PODS CONFUSING highly aromatic PLANTS: leaves. Shoots can resemble ailanthus or walnut, both and the whitish fruit droops Poison in grape-like sumac (p. 659) clusters-plus has shiny leaflets it grows lacking in teeth. of whir but las the the rachis milk is never and winger, ayo FOOD outer ries they berries A seasoning can will bark USE: from be make and steeped Pick stems can a eat weak be shoots the if to made you and interior make in want from inferior late a to lemonade-like of spring the steep the brew. dried shoot when hot), Pick fruits raw. then they clusters drink. (see Staghorn strain snap Taste fragrant and easily through is the steep best and berries a in for do cloth. cold swamps, this not to water Rains make yet because have eventually for sure half a the white they shoots an are hour wash pith very are or Peel out larger SO sour. the off Cremove flavor bitter if Ber- not sumac, next). Conservation 1. COMMENTS: Sumac-ade will disappoint if you collect flavorless berry clusters or steep the bitter stems with boiling water. If you pay careful attention to detail, the drink can be excellent. WARNING: Sumacs are related to cashews, mangoes, and poison ivy. Rare individuals are also highly allergic to the edible red sumacs. IMPORTANT SPECIES: The three common and widespread species in our region are listed. All are native. 1 Winged sumac Rhus coppalina 2 III) Winged (shining) sumac is easily dis- tinguished by the wings along the ra- chis between the shiny, entire leaflets. The fruit is hairless. This drought-toler- ant sumac likes dry, sunny sites such as sandy openings and rocky ridges. A 2 Staghorn sumac Rhus typhina 2 Staghorn sumac has twigs and fruit densely covered with soft hairs. The leaves are hairy below and faintly so above. The secondary veins are slightly depressed, the margins serrated with large. forward-pointing teeth This species is found in disturbed, well-drained soil in forested regions. A (linages continued on the next page.) 177 ","FOOD outer ries they berries A seasoning can will bark USE: from be make and steeped Pick stems can a eat weak be shoots the if to made you and interior make in want from inferior late a to lemonade-like of spring the steep the brew. dried shoot when hot), Pick fruits raw. then they clusters drink. (see Staghorn strain snap Taste fragrant and easily through is the steep best and berries a in for do cloth. cold swamps, this not to water Rains make yet because have eventually for sure half a the white they shoots an are hour wash pith very are or Peel out larger SO sour. the off Cremove flavor bitter if Ber- not
sumac,
next).
Conservation
1.
",True,"
    'berries','shoots','stems'"
0074_a.txt,"BROADLEAF SHRUBS WITH DRY FRUIT, NUTLETS, OR PODS
2 Staghorn sumac (continued)
Staghorn sumac shoot at the stage for peeling.
Staghorn sumac ripe fruit cluster.
3 Smooth sumac Rhus glabra
W
2
Smooth sumac has hairless
UD
twigs and fruit, the new
8'owth & covered with bloom.
Leaves are nearly hairless,
the ser oridary veins slightly
depressed. and the margins
serrated This is a species
savannahs of dry, open habitats, more typical of prairies
write The ripe berries often develop a thick and
coating of sour paste.
4
Smooth sumac flowers.
178
BROADLEAF SHRUBS WITH DRY FRUIT, NUTLETS, OR PODS 2 Staghorn sumac (continued) Staghorn sumac shoot at the stage for peeling. Staghorn sumac ripe fruit cluster. 3 Smooth sumac Rhus glabra W 2 Smooth sumac has hairless UD twigs and fruit, the new 8'owth & covered with bloom. Leaves are nearly hairless, the ser oridary veins slightly depressed. and the margins serrated This is a species savannahs of dry, open habitats, more typical of prairies write The ripe berries often develop a thick and coating of sour paste. 4 Smooth sumac flowers. 178 ",,False,"
    []"
0074_b.txt,"WITH DRY FRUIT, NUTLETS, OR PODS
4 Fragrant sumac
Rhus aromatica
Anacardiaceae (Cashew family)
","FOOD USE: Mature berries can be steeped to make a beverage as with other red sumacs, but the shoots are
too small to be peeled and eaten. The berries can be dried and then rubbed to loosen the outer coating; after the
seeds are sifted out, this powder can be used as a seasoning like the sumac powder in za'atar traditionally used
in Middle Eastern cook-
ing. (This can also be
done with the fruit of
other sumacs.) Conser-
vation 1.
",True,"
    'berries'"
0075_a.txt,"BROADLEAF SHRUBS WITH DRY FRUIT, NUTLETS,
5
Prickly-ash
family
Rutaceae
Zanthoxylum americanum
Thicket-forming large shrub with light gray bark, difficulty stout spines, 1. pinnately
","FOOD USE: The dried fruit
can be used as a seasoning,
especially after roasting. The
leaves can be used as well.
Both parts have a potent cit-
rusy flavor as well as a numb-
ing quality. Conservation 1.
",True," ['fruit','leaves']"
0075_b.txt,"BROADLEAF SHRUBS WITH DRY FRUIT, NUTLETS, OR PODS
6 Leadplant
Amorpha canescens
Fabaceae (Bean family)
","FOOD USE: Gather the leaves any time and use fresh or dried for tea; the flavor is best in early summer. The
tea is best boiled to extract the most flavor. Conservation 2.
",True,"
    'leaves'"
0076_a.txt,"7
Sweet-fern
Comptonia peregrina
family Myricaceae
","FOOD USE: Leaves are used for tea or
occasionally a seasoning. The nutlets are
sometimes reported as edible, but they
are almost always empty, and the kernels
are so small that there is really no practical
way to use them as food. Conservation 1.
",True,"
    'leaves'"
0076_b.txt,"mm
1cm
BROADLEAF SHRUBS WITH DRY FRUIT, NUTLETS, OR PODS
NEW JERSEY TEA
NG-280
genus
Ceanothus
(in
part)
Rhamnaceae
(Buckthorn
","FOOD USE: Gather leaves and dry them out of direct sunlight; young leaves of early summer are pest. Braw
tea by boiling leaves until the water turns golden or reddish (depending on your preference). Use a arge
volume of leaves (enough to loosely fill the boiling vessel). Fermenting them like tea leaves will increase the
potency of the flavor. The species can be used almost interchangeably-the flavors are not exactly the same
but close. Conservation 2.
",True, 'leaves'
0077_a.txt,"BROADLEAF SHRUBS WITH DRY FRUIT, NUTLETS, OR PODS
10 Sweet gale
Myrica CHECK: waist high shoreline shrub with narrow, dark blue-green, ascending
gale family Myricaceae
","FOOD USE: Leaves can be used to brew a tea or as a sea-
soning in broths, like bay leaf. Flower buds and fruits can
be used similarly and are more aromatic. Conservation 1.
",True,"
    'leaves','flower buds','fruits'"
0077_b.txt,"0
BROADLEAF SHRUBS WITH DRY FRUIT, NUTLETS, OR PODS
11 Bayberry
Myrica pensylvanica
family Myricaceae
UICK CHECK: Waist-high aromatic bush with nearly entire oblanceolate leaves
owded at the twig tips; small, round, waxy, gray berries clustered on naked stams
below the leaves. ID difficulty 2.
","FOOD USE: Leaves can be used as a seasoning in soups, like bay leaf. Conservation 1.
",True, 'leaves'
0078_a.txt,"BROADLEAF SHRUBS WITH DRY FRUIT, NUTLETS, OR PODS
17 Labrador tea
Ledum groenlandicum Ericaceae (Heath family)
","FOOD USE: Use leaves fresh or dried for tea.
Due to small amounts of the toxin ledol in the
leaves, some anti-foraging authorities advise
not to boil them-although many people do, and
I have never heard of this having any ill effect.
Boiling is fine as long as the tea is not drunk in
excessive amounts. This is a very well-estab-
lished traditional drink. Conservation 1.
",True,"
    'leaves'"
0078_b.txt,"BROADLEAF SHRUBS WITH DRY FRUIT, NUTLETS, OR PODS
13 Leatherleaf 15""
Chamaedaphne calyculata
Ericaceae (Heath family)
leaves. ID difficulty 2.
","FOOD USE: Leaves can be used for tea, fresh or dried. Collect at any time of year. Conservation 1.
",True,"
    'leaves'"
0079_a.txt,"TENTATIVE IDENTIFICATION KEY TO GROUP 13
The key is not your final answer!
Leaves simple.
Major palmate, the blades palmately lobed to heart-shaped.
Vines veins often more than 1"" (2.5 cm) thick, with tendrils; leaf margins toothed.
1. Grapes
Older bark shredding In strips: many tendrils branched.
Older bark not shredding in strips; tendrils unbranched.
2. Muscadine
or
Fruit spherical, 0.5-0.9"" (13-23 mm), ripens coppery to purple.
Fruit broader than long, 7-10 mm, ripens cold blue. False grape (not edible).
or
Vines less than 1"" (2.5 cm) thick, without tendrils; leaf margins not toothed.
Leaf shallowly palmately lobed; fruit black. Canada moonseed (not edible, p. 662).
or
Leaf deeply palmately lobed; fruit black. Cupseed (not edible).
Leaf heart-shaped; fruit red. Redberry moonseed (not edible).
4. Greenbriers
Major veins parallel (reconverging near the tip); stems green and prickly.
or
Major velns pinnate.
Leaves alternate, deciduous; fruit in branching clusters.
Margins deeply lobed, not toothed; fruit juicy. Bittersweet nightshade (not edible, p. 663).
5. Bittersweet
or
Margins unlobed, toothed; fruit not juicy.
6. Japanese honeysuckle
Leaves paired, evergreen; fruit paired.
Leaves compound.
7. Virginia creeper
Palmately compound with 5 toothed leaflets.
or
Ternately compound.
Leaflets untoothed, climbing by twining without aerial roots.
8. Kudzu
or
Leaflets toothed or entire, climbing with hair-like aerial roots. Poison ivy (not edible, p. 658).
Once pinnately compound.
Leaflets entire; flowers less than 1"" (2.5 cm), purple.
9. Wisteria
or
Leaflets toothed; flowers more than 2"" (5 cm), orange. Trumpet creeper (not edible).
Twice pinnately compound; leaflets with large teeth.
3. Raccoon grape
1
Wild grape
1-3
1-2
2
FH 260
genus Vitis + Vitaceae (Grape family)
",,False,"
    []"
0079_b.txt,"WOODY VINES AND CREEPERS
teeth-varying dominant central from axis small (like to very large depending on species Inflorescence
and unshowy, male and a domestic grape cluster) borne opposite Flowers an
the flower Fruit female on different vines, with 5 petals lused at the tip to form coarly summer) mali
loom, the opens. inside spherical, 0.2-0.7"" (5-18 mm), with thir k, deep purple skin often acap that coated drops off with
juicy, containing 1-4 large, ovoid, semi-hard seeds, ripening in late summer heavily to fall
CONFUSING habitat. PLANTS: Several woody vines have similar fruit-and these are frequently found
same Virginia creeper and woodbine have palmately compound leaves, non-shaggy stems, growing and in the
fruit clusters. On woodbine, the fruit stems are bright pink. These species have acrid juice that tastes unpleas- sparser
ant and leaves a burning sensation in the mouth, but they are not particularly dangerous. Canada sead
(poisonous, p. 662) contain a single crescent-shaped seed. Moonseed vines spiral around their supports (grape
ines do not) and are much thinner than grape vines, greenish, and never shaggy. Moonseed leaves ack 'eeth
on their margins. False grape Ampelopsis cordata has leaves much like those of wild grape, but it has very 'ew
tendrils. The fruit grows in a wide, dichotomously forked cluster; it ripens to turquoise blue with raised corky
dots on the skin and is never quite spherical. This fruit is unpalatable but not dangerous.
HABITAT: River floodplains, roadsides, empty urban lots, fences, forest edges, steep slopes, and other dis-
turbed, sunny locations. Sometimes found in the canopies of mature hardwood forests. Native
FOOD USE: Young tendrils and growing tips make a tangy snack in spring and early summer, popular with
children. Young leaves can be used as wraps for stuffed grape leaves (dolmades). For this purpose they are
best when nearly full-sized but still tender. The fruit can be used to make pie, juice, jelly, jam, or wine-the
quality varies greatly by species. Some wild grapes are tiny and very sour with little pulp. If the flavor is too
strong wild grape juice can be mixed with a milder fruit, such as apple, to make superior jelly. Conservation 1.
CAUTION: Many of the smaller wild grapes are high in tartrate and calcium oxalate, which should be removed
before use. (It will make jam or jelly gritty, and in juice it will irritate your mouth and throat). Tartrate settles
to the bottom of a container of juice as a grayish sludge after a day or two; the good juice can be poured off
the top.
COMMENTS: Wild grapes are widespread
and abundant in most of the East, and can
make superb products even though many
are too sour to enjoy raw.
SPECIES: Several in our area: A few rep-
resentatives are pictured here and on the
next page.
(left) Grape vines have shredding bark.
(right) Wild grape panicle in flower.
(left) False grape (genus Ampelopsis)
(right) Wild grape tendrils.
NOT
189
EDIBLE
WOODY VINES AND CREEPERS teeth-varying dominant central from axis small (like to very large depending on species Inflorescence and unshowy, male and a domestic grape cluster) borne opposite Flowers an the flower Fruit female on different vines, with 5 petals lused at the tip to form coarly summer) mali loom, the opens. inside spherical, 0.2-0.7"" (5-18 mm), with thir k, deep purple skin often acap that coated drops off with juicy, containing 1-4 large, ovoid, semi-hard seeds, ripening in late summer heavily to fall CONFUSING habitat. PLANTS: Several woody vines have similar fruit-and these are frequently found same Virginia creeper and woodbine have palmately compound leaves, non-shaggy stems, growing and in the fruit clusters. On woodbine, the fruit stems are bright pink. These species have acrid juice that tastes unpleas- sparser ant and leaves a burning sensation in the mouth, but they are not particularly dangerous. Canada sead (poisonous, p. 662) contain a single crescent-shaped seed. Moonseed vines spiral around their supports (grape ines do not) and are much thinner than grape vines, greenish, and never shaggy. Moonseed leaves ack 'eeth on their margins. False grape Ampelopsis cordata has leaves much like those of wild grape, but it has very 'ew tendrils. The fruit grows in a wide, dichotomously forked cluster; it ripens to turquoise blue with raised corky dots on the skin and is never quite spherical. This fruit is unpalatable but not dangerous. HABITAT: River floodplains, roadsides, empty urban lots, fences, forest edges, steep slopes, and other dis- turbed, sunny locations. Sometimes found in the canopies of mature hardwood forests. Native FOOD USE: Young tendrils and growing tips make a tangy snack in spring and early summer, popular with children. Young leaves can be used as wraps for stuffed grape leaves (dolmades). For this purpose they are best when nearly full-sized but still tender. The fruit can be used to make pie, juice, jelly, jam, or wine-the quality varies greatly by species. Some wild grapes are tiny and very sour with little pulp. If the flavor is too strong wild grape juice can be mixed with a milder fruit, such as apple, to make superior jelly. Conservation 1. CAUTION: Many of the smaller wild grapes are high in tartrate and calcium oxalate, which should be removed before use. (It will make jam or jelly gritty, and in juice it will irritate your mouth and throat). Tartrate settles to the bottom of a container of juice as a grayish sludge after a day or two; the good juice can be poured off the top. COMMENTS: Wild grapes are widespread and abundant in most of the East, and can make superb products even though many are too sour to enjoy raw. SPECIES: Several in our area: A few rep- resentatives are pictured here and on the next page. (left) Grape vines have shredding bark. (right) Wild grape panicle in flower. (left) False grape (genus Ampelopsis) (right) Wild grape tendrils. NOT 189 EDIBLE ","FOOD USE: Young tendrils and growing tips make a tangy snack in spring and early summer, popular with
children. Young leaves can be used as wraps for stuffed grape leaves (dolmades). For this purpose they are
best when nearly full-sized but still tender. The fruit can be used to make pie, juice, jelly, jam, or wine-the
quality varies greatly by species. Some wild grapes are tiny and very sour with little pulp. If the flavor is too
strong wild grape juice can be mixed with a milder fruit, such as apple, to make superior jelly. Conservation 1.
CAUTION: Many of the smaller wild grapes are high in tartrate and calcium oxalate, which should be removed
before use. (It will make jam or jelly gritty, and in juice it will irritate your mouth and throat). Tartrate settles
to the bottom of a container of juice as a grayish sludge after a day or two; the good juice can be poured off
the top.
",True,"
    'tendrils','Young leaves','grapes'"
0080_a.txt,"Summer grape V. aestivalis leaves and fruit-this
might be the best-tasting of our small grapes. Note the
whitish leaf underside.
This species :5 very
L V. labrusca. This large-fruited species is an ancestor of
leaves that are
Concord, and is one of our best wild grapes. It is often
The grapes are
called fox grape, but unfortunately this name is also
applied to the very different V. vulpina.
0.00 must WIDE
with potent but
Summer grape V. aestivalis leaves and fruit-this might be the best-tasting of our small grapes. Note the whitish leaf underside. This species :5 very L V. labrusca. This large-fruited species is an ancestor of leaves that are Concord, and is one of our best wild grapes. It is often The grapes are called fox grape, but unfortunately this name is also applied to the very different V. vulpina. 0.00 must WIDE with potent but ",,False,"
    []"
0080_b.txt,"mm
0
WOODY VINES AND CREEPERS
Muscadine
3
Vitis rotundifolia
Vitaceae (Grape family)
","FOOD USE: Pluck the fruit from the vine or pick them up off the ground (their thick skins protect them from
damage). You can do all of the things with muscadines that are done with smaller grapes: eat them fresh, or
make superb jelly, wine, or juice. The flavor is milder and sweeter than that of smaller grapes, and the juice
contains less tartrate/calcium oxalate. Muscadines also lend themselves to uses that are impractical with
smaller grapes: They are delicious dried after the skins have been removed, and they can also be made into
pie. Conservation 1.
",True,"
    'fruit'"
0081_a.txt,"3 Raccoon grape
1
Ampelopsis arborea
Vitaceae (Grape family)
","FOOD USE: Collect fruit when ripe and use like wild grapes. The flesh is faintly irritating to the mouth, which
can be alleviated in juice by letting it sit overnight in the fridge and then decanting the sludge-free liquid on
top (as with wild grapes). Conservation 1.
",True,"
    'fruit'"
0081_b.txt,"0
WOODY VINES AND CREEPERS
4
Greenbrier
1-3
genus Smilax (in part)
Smilacaceae (formerly Liliaceae, Lily family)
UICK CHECK: Green stems with thorns or spines, tendrils, and entire leaves with
parallel veins; flowers or fruit in umbels. ID difficulty 1.
","FOOD USE: The rhizomes or tubers of some species have been used to make a nourishing drink. For this reddish they
were apparently details are nebulous, and it is not fully clear which species were used or preferred. hard and woody
pounded, after which the starch was settled out in water, then boiled to make the My experi-
drink. These have so far been unsuccessful-the tubers I have unearthed were shockingly occasionally later.
ments Shoots with and this young greens can be eaten raw or cooked from spring to early summer and
These vary in flavor from slightly bitter to pleasantly tangy. Conservation 3/1.
can be tricky to identify to species, but are easy to recognize climbing as a vines group: that there are
",True," ['rhizomes','tubers','shoots','Young greens']"
0082_a.txt,"WOODY VINES AND CREEPERS
4
Greenbrier (continued)
Similar las volid shoot tip
This is 6 good-tasting
species r
Smilox bono nox
shoots. These are
excellent
Smilax hispida, our most widespread species,
but the shoots are low in quality.
Smilax glauca leaves.
retundifulio < common
greenbrier will. 8000 shoot.
194
Sualax leaves
WOODY VINES AND CREEPERS 4 Greenbrier (continued) Similar las volid shoot tip This is 6 good-tasting species r Smilox bono nox shoots. These are excellent Smilax hispida, our most widespread species, but the shoots are low in quality. Smilax glauca leaves. retundifulio < common greenbrier will. 8000 shoot. 194 Sualax leaves ",,False,"
    []"
0082_b.txt,"mm
Icm
WOODY VINES AND CREEPERS
Bittersweet
1
Celastrus scandens
family Celastraceae
","FOOD USE: After peeling the outer bark (all year, but especially winter), the inner bark can be scraped off
and chewed-it tastes pretty good, but the fibers must be spit out-or it can be boiled as a base for soups.
The tender shoots (spring and early summer) can be eaten raw or cooked. Conservation 2.
",True,"
    'bark','shoots'"
0083_a.txt,"6 Japanese honeysuckle
2
Lonicera japonica
family Caprifoliaceae
paired, entire leaves; large, paired, fragrant difficulty white flow- 2.
","FOOD USE: Pluck mature white flowers, bite off the bottom, and suck the nectar from the base. Flowers can
also be eaten in salads, chopped up and
soaked for a drink, or dried for tea.
",True, 'flowers'
0083_b.txt,"WOODY VINES AND CREEPERS
7 Virginia creeper, woodbine
Parthenocissus quinquefolia and P. vitacea
Vitaceae (Grape family)
ID difficulty 2.
","FOOD USE: Gather thick sections of stem any time of year, cut into manageable lengths, then peel the outer
bark. A thick, soft layer of inner bark then can be peeled off the woody core. Boil for at least 40 minutes. after
which it can be used like a starchy vegetable in stews or soup. Shoots are slightly tangy and can be eaten in
spring or early summer-they are better cooked. Conservation 2.
",True," ['stem', 'shoots']"
0084_a.txt,"WOODY VINES AND CREEPERS
8 Kudzu
Pueraria lobata 12 Fabaceae (Bean family)
","FOOD USE: The enormous rootstocks can be dug all year but will contain the most food value when t
top is dormant. Clean, shred (easiest in a powerful blender), and then strain through a cloth to separate t
starch. Seek smaller vines; the roots of large vines are simply too big to dig. Commercially extracted in As
kudzu starch is nutritious and tasty and has many uses. In spring, the shoots and tender young leaves c
be eaten raw or cooked and have a mild, slightly green bean-like flavor. Flowers and flower buds can also
eaten as a vegetable.
",True," ['rootstocks','shoots','tender young leaves','flowers','flower buds']"
0084_b.txt,"family)
WOODY VINES AND CREEPERS
9
Wisteria
2
genus Wisteria
Fabaceae (Bean family)
","FOOD USE: Gather flowers when freshly opened in spring; strip whole clusters after shaking out
The flowers can be eaten raw or cooked in a variety of dishes, where they impart a pea-like flavor
note. They can be steeped to brew tea or even wine. Conservation 2 (frutescens).
",True,"
    'flowers'"
0085_a.txt,"AQUATICS WITH GRASS-LIKE LEAVES OR TUBULAR LEAFLESS STEMS
GROUP 14 AQUATICS WITH GRASS-LIKE LEAVES OR
Here include plants that would typically in group be found 17. Since growing water in standing levels fluctuate, may water. sometimes Plants some that of
TUBULAR LEAFLESS STEMS
usually grow in moist be found soil away are placed from open water, if necessary. and moist soil plants
these be found plants in standing marshes may water. are the Check most biologically both groups productive requires ecosystems what I call the on Earth, ""biomass and a
to Freshwater dominate strategy: under occupying such ideal all growing available conditions space to for exclude the production competitors. of toxins. This puts Thus this
the warfare"" premium plants on in productivity this group tend and to leaves be incredibly little energy prolific and also mild in flavor. (But
is Nature, so of course edibles in this group that are not covered tasty. here. How- The
there are exceptions.)
tender parts because of their aquatic is
There are hundreds of almost of every potential sedge, rush, and grass are nontoxic small and size. usually Labor efficiency
ever, of most the most of these important are impractical determinants to use of food traditions. eat. Here I cover the larger
grass-like one plants that people have found practical to
TENTATIVE IDENTIFICATION KEY TO GROUP 14
The key is not your final answer!
1. Soft-stem bulrush
Plant with a tubular stem and no apparent leaves.
or
Leaves few, sheathing, borne at bulging nodes on a hollow stem.
2. Rice cutgrass
Stem flattened; panicle branches drooping: seeds egg-shaped.
3. Wild rice
or
Stem roundish; panicle branches ascending: seeds linear.
4. Sweet bulb-rush
Leaves not basal, distributed evenly along a spongy-solid triangular stalk.
or
Leaves all or mostly basal.
Leaves all basal, never keeled.
Leaves not flattened or sharp-edged, channeled near the base, less than 1 cm wide.
or
Seaside arrow-grass (see group 17).
Leaves flattened on one side, sharp-edged, never channeled, more than 2 cm wide.
5. Cattail
Leaves mostly basal but one or a few are borne on the stem; possibly keeled.
Leaf bundle not flattened; leaves keeled below, not side-slotted.
6. Great bur-reed
Leaves in a flattened bundle with sharp edges, one blade inserted into the slotted side of an
adjacent leaf. Leaves weakly keeled on both sides or not at all.
Flowers and fruits tiny, packed on a penis-like spike; leaves sweet-fragrant.
7. Calamus
Flowers large and showy; fruit a large pod; leaves not aromatic. Iris (not edible, p. 664).
1
Soft-stem bulrush
1
3
2
1
Scirpus validus 4 Cyperaceae (Sedge family)
",,False,"
    []"
0085_b.txt,"um
0
1cm
AQUATICS WITH GRASS-LIKE LEAVES OR TUBULAR LEAFLESS
HABITAT: FOOD fertile sites USE: Margins where Rhizome the of bottom lakes, rivers, is sand, and gravel, other or open otherwise water, 00 firm. asionally Native. to (1m) deep. Usually STEMS found
tips
(summer)
are
good
white stem rities Pollen bases it terminal is collected be (spring portion by or leaning early that has summer) flowering not yet can heads produced be eaten over raw roots. or a raw container cooked, Mature or cooked; but rhizomes small. pull Break or are out off much the the soft, terrier. too whitish tough smooth in bottom eat skir Conder ned
processing. can Conservation used as flour. 2/2/1. Seeds (late summer) can be eaten and as tapping a hot cereal or shaking; or flour after after sifting labor. out intensive imnu part
COMMENTS: in North America, In England so many the accounts common confound name ""bulrush"" often refers to the plant that we
often erroneously attributed the two plants. The edible normally call ""cattail""
similar in many ways, to the bulrush (Scirpus) in the American literature. properties The of the cattail ( Typhai are
not good except that for most uses cattail has larger edible uses bulrush of the rhizomes plants Ara
a source of starch because they are extremely tough. AKA Schoenoplectus parts. Mature validus.
RELATED EDIBLES: All bulrushes are theoretically edible, but this is the big one that is most worth
Young bulrush rhizomes have small, tender, white tips.
Bulrush heart, 50 tender it broke as
Mature bulrush rhizomes are tough and semi-woody.
I peeled it.
201
um 0 1cm AQUATICS WITH GRASS-LIKE LEAVES OR TUBULAR LEAFLESS HABITAT: FOOD fertile sites USE: Margins where Rhizome the of bottom lakes, rivers, is sand, and gravel, other or open otherwise water, 00 firm. asionally Native. to (1m) deep. Usually STEMS found tips (summer) are good white stem rities Pollen bases it terminal is collected be (spring portion by or leaning early that has summer) flowering not yet can heads produced be eaten over raw roots. or a raw container cooked, Mature or cooked; but rhizomes small. pull Break or are out off much the the soft, terrier. too whitish tough smooth in bottom eat skir Conder ned processing. can Conservation used as flour. 2/2/1. Seeds (late summer) can be eaten and as tapping a hot cereal or shaking; or flour after after sifting labor. out intensive imnu part COMMENTS: in North America, In England so many the accounts common confound name ""bulrush"" often refers to the plant that we often erroneously attributed the two plants. The edible normally call ""cattail"" similar in many ways, to the bulrush (Scirpus) in the American literature. properties The of the cattail ( Typhai are not good except that for most uses cattail has larger edible uses bulrush of the rhizomes plants Ara a source of starch because they are extremely tough. AKA Schoenoplectus parts. Mature validus. RELATED EDIBLES: All bulrushes are theoretically edible, but this is the big one that is most worth Young bulrush rhizomes have small, tender, white tips. Bulrush heart, 50 tender it broke as Mature bulrush rhizomes are tough and semi-woody. I peeled it. 201 ","HABITAT: FOOD fertile sites USE: Margins where Rhizome the of bottom lakes, rivers, is sand, and gravel, other or open otherwise water, 00 firm. asionally Native. to (1m) deep. Usually STEMS found
tips
(summer)
are
good
white stem rities Pollen bases it terminal is collected be (spring portion by or leaning early that has summer) flowering not yet can heads produced be eaten over raw roots. or a raw container cooked, Mature or cooked; but rhizomes small. pull Break or are out off much the the soft, terrier. too whitish tough smooth in bottom eat skir Conder ned
processing. can Conservation used as flour. 2/2/1. Seeds (late summer) can be eaten and as tapping a hot cereal or shaking; or flour after after sifting labor. out intensive imnu part
",True," ['stems','tips','roots','seeds']"
0086_a.txt,"AQUATICS WITH GRASS-LIKE LEAVES OR TUBULAR LEAFLESS STEMS
2
,
Zizaniopsis Rice cutgrass miliaceae 2002 Poaceae (Grass family)
clamping grass with flattened stems and difficulty sharp-edged 1. leaves,
","shoots FOOD USE: of fast-growing rhizomes (summer) are tender and delicious. Seeds (late spring or early
can be harvested by
beating, like wild rice,
and processed by rub-
bing and winnowing.
Conservation 1.
",True," ['shoots','seeds']"
0086_b.txt,"0
1cm
AQUATICS WITH GRASS-LIKE LEAVES OR TUBULAR LEAFLESS STEMS
Wild rice
3
III
FH-117
Zizania
palustris,
Z.
aquatica
Poaceae
OMICK than the CHECK: kernels. Large ID difficulty grass with 1. large rod-like seeds in raspy husks (Grass with APPLIC family)
","FOOD USE: Harvest seeds in late summer to early autumn when
the kernels fall upon being struck gently. Propel a small watercraft
through the rice with a paddle or pole and knock the rice into the
boat with sticks. Wild rice needs to be dried, parched, rubbed
and winnowed before cooking (see 27). Conservation 1.
",True,"
    'kernels'"
0087_a.txt,"AQUATICS WITH GRASS-LIKE LEAVES OR TUBULAR LEAFLESS STEMS
2
2
Sweet
bulb-rush
3
4
Cyperaceae
(Sedge
family)
Bolboschoenus CHECK: in colonies; large, smooth, 3-sided leafy stem; 1. leaves grass-like, grooved,
fluviatilis
",,False,"
    []"
0087_b.txt,"(Sedge
family)
AQUATICS WITH GRASS-LIKE LEAVES OR TUBULAR LEAFLESS STEMS
The
after
neeling
Older
become
woody
FOOD USE: Young corms forming at stem bases, while still soft and white (from late spring to m
have a sugarcane flavor and are delicious raw or cooked. Lateral shoot tips (summer) are good
hard to gather. In spring, young stem bases can be pulled from the mud and peeled to reveal the tender
interior. This makes a good vegetable raw or cooked. Conservation 2.
COMMENTS: This plant is extremely prolific and can easily withstand human harvest-just as
muskrats, who relish the same parts. The immature tubers are an unsung delicacy. AKA river bulness
square, Scirpus fluviatilis.
5
Cattail
2
3
3
2
2
FH-87
genus Typha + Typhaceae (Cattail family)
","FOOD USE: Young corms forming at stem bases, while still soft and white (from late spring to m
have a sugarcane flavor and are delicious raw or cooked. Lateral shoot tips (summer) are good
hard to gather. In spring, young stem bases can be pulled from the mud and peeled to reveal the tender
interior. This makes a good vegetable raw or cooked. Conservation 2.
",True," ['corms','shoot tips','Young stem bases']"
0088_a.txt,"5 Cattail Peel off (continued) the outer spongy layer of the rhizomes. rhizome and Cores chew can on be the dried core raw and raw, or ground sucking cooked. into out The flour, the heart starch after at
and FOOD spitting USE: out the fiber. Roasting out. Lateral sweetens shoots the are sweet and flavor delicious but when eaten eaten raw often causes immature mild
the which base the of in fibers the the leaf throat; can cluster be it sifted is in great spring cooked. and early In early summer summer is mild while and in nibble the leafy off the sheath flower still buds, encloses than or scrape the the female; them this off
green irritation flower spike, you vegetables. can boil or The steam male the flowers whole (top spikes section leaning of the the flowering spike) are spikes better over a pail pollen or bag mixed and
to part mix snaps with off grain easily or by hand. Pollen can spoilage, be collected then sifted by to remove insects Conservation and debris. Use 2/2/1
COMMENTS: with other This is one of our most versatile, productive, abundant, and delicious plants.
tapping. It flours should to be give dried baked to prevent foods a nice golden color and pleasant flavor. wild food
206
(top) (middle) Forming caltail rhizomes with lateral shoot
Mature cattail rhizome. (bottom) Cattail tips. hearts.
5 Cattail Peel off (continued) the outer spongy layer of the rhizomes. rhizome and Cores chew can on be the dried core raw and raw, or ground sucking cooked. into out The flour, the heart starch after at and FOOD spitting USE: out the fiber. Roasting out. Lateral sweetens shoots the are sweet and flavor delicious but when eaten eaten raw often causes immature mild the which base the of in fibers the the leaf throat; can cluster be it sifted is in great spring cooked. and early In early summer summer is mild while and in nibble the leafy off the sheath flower still buds, encloses than or scrape the the female; them this off green irritation flower spike, you vegetables. can boil or The steam male the flowers whole (top spikes section leaning of the the flowering spike) are spikes better over a pail pollen or bag mixed and to part mix snaps with off grain easily or by hand. Pollen can spoilage, be collected then sifted by to remove insects Conservation and debris. Use 2/2/1 COMMENTS: with other This is one of our most versatile, productive, abundant, and delicious plants. tapping. It flours should to be give dried baked to prevent foods a nice golden color and pleasant flavor. wild food 206 (top) (middle) Forming caltail rhizomes with lateral shoot Mature cattail rhizome. (bottom) Cattail tips. hearts. ","and FOOD spitting USE: out the fiber. Roasting out. Lateral sweetens shoots the are sweet and flavor delicious but when eaten eaten raw often causes immature mild
the which base the of in fibers the the leaf throat; can cluster be it sifted is in great spring cooked. and early In early summer summer is mild while and in nibble the leafy off the sheath flower still buds, encloses than or scrape the the female; them this off
green irritation flower spike, you vegetables. can boil or The steam male the flowers whole (top spikes section leaning of the the flowering spike) are spikes better over a pail pollen or bag mixed and
to part mix snaps with off grain easily or by hand. Pollen can spoilage, be collected then sifted by to remove insects Conservation and debris. Use 2/2/1
",True,"
    'shoots','flowers','pollen'"
0088_b.txt,"mm
1cm
AQUATICS WITH GRASS-LIKE LEAVES OR TUBULAR LEAFLESS STEMS
6 Great bur-reed
1
2
2
2
G2
Sparganium
eurycarpum
Typhaceae
(Cattail
family)
","FOOD USE: Tubers can be eaten while they remain tender, but are quite small and soon toughen.
shoots can be eaten throughout summer, but they are small. The heart at the base of the leaf clusters
be pulled in spring or early summer and eaten raw or cooked. In early to mid summer the tender flower sprke
shoot (well before the flowers appear) can be cooked as a vegetable. The immature flower bud clusters are
also edible raw or cooked. Conservation 2. (Continued on the next page.)
mm 1cm AQUATICS WITH GRASS-LIKE LEAVES OR TUBULAR LEAFLESS STEMS 6 Great bur-reed 1 2 2 2 G2 Sparganium eurycarpum Typhaceae (Cattail family) QUICK CHECK: Leaves basal and on the stem, in non-flattened bundles, with bottoms; stem zigzags between round flower clusters or spiky fruit balls. ID difficulty keeled 2. DESCRIPTION: Perennial spreading by rhizome to form sometimes large colonies Roots 2-3 mm thick, radiating from the base. Rhizomes usually less than 12"" (30 cm) long and 8 mm thick, the surface smooth with brown leafy sheaths, widening toward the end, producing a small, semi-hard terminal tuber with a sheath at the base and an upturned bud at the tip. Leaves sword-like, to 4' (120 cm) long and 0.3-0.8"" (8-20 mm) wide, both basal and on the stem (stem leaves shorter), strongly ascending, the tips sharp and not drooping. Basal leaf bundles are rounded to roughly 4-sided. The lower part of the leaf is thick and folded, with some purple coloration. There is d V-groove on the inside and a high, sharp ridge on the back. Distally the leaves are nearly flat and ribbon-like, without the groove but still with a small keel. Stems strongly tapered, very zigzag, spongy-solid, rounded, rarely branched. shorter than the tallest leaves. Flowers greenish to white, tiny, borne in tight round balls at intervals along the zigzag stems, with female flowers near the base and male ones near the top. Fruit pointed, pyramid-shaoed. green, each with a tough spike or ""bur"" at the end, packed tightly into a distinctive, hard, spiky ball like 0 head 1-1.5"" (2.5-4 cm) across. CONFUSING PLANTS: Sweet flag Acorus calamus has a distinctive sweet odor and side-slotted Cattail has no keel running the length of the leaf. HABITAT: Shallows of permanent water with a rich mucky bottom in full sun. Native. FOOD USE: Tubers can be eaten while they remain tender, but are quite small and soon toughen. shoots can be eaten throughout summer, but they are small. The heart at the base of the leaf clusters be pulled in spring or early summer and eaten raw or cooked. In early to mid summer the tender flower sprke shoot (well before the flowers appear) can be cooked as a vegetable. The immature flower bud clusters are also edible raw or cooked. Conservation 2. (Continued on the next page.) ",True,"
    'tubers','shoots','heart','tender flower shoot','immature flower bud clusters'"
0089_a.txt,"AQUATICS WITH GRASS-LIKE LEAVES OR TUBULAR LEAFLESS STEMS
6 Great bur-reed (continued)
COMMENTS: A surprisingly good and versatile food plant that is
largely ignored among the multitude of wetland vegetables.
RELATED EDIBLES: Other bur-reeds are similarly edible, but smaller.
Bur-reed base and peeled heart.
Bur-reed tuber and rhizome.
7
Calamus
2
3
IWE-73
genus Acorus + family Acoraceae
",,False,"
    []"
0089_b.txt,"mm
0
1cm
AQUATICS WITH GRASS-LIKE LEAVES OR TUBULAR LEAFLESS STEMS
near 1.5-3.5"" the (4-9 midpoint cm) long of the plant; above this the stem turns leafy with both
with hundreds of tiny and up to 0.7"" (18 mm) wide, nearly erect, tapering edges sharo Spike sanis live
Fruits tiny, pale brown, flowers angled, or containing fruits forming 1-6 seeds. a continuous surface. Flowers gently tiny, to white, a blunt and up, inconspicuous Oacked tightly
SPECIES: viable seed. A. A. americanus calamus is is introduced native; its leaves thicken gradually to a gentle midvein ridge, and the
rippled, and the heads from Europe; its leaves have a sharp, abrupt midvein heads produce
all botanists. generally do not produce viable seed. The two are very similar and ridge not and separated are often by
CONFUSING PLANTS: Only irises (p. 664) have similarly side-slotted leaves, but iris leaves have TO promi-
nent keel and are not sweet-aromatic. The flowers and fruits are very different.
HABITAT: Lakeshores, river edges, reservoirs, estuaries; in shallow, often slow-
moving drainage waters that fluctuate in depth, where the bottom is shallow
mud over gravel or sand.
FOOD USE: Rhizomes can be collected all year; they are used medicinally or
as a flavoring for candy or syrup.
Their taste is extremely potent and
they should be used in moderation.
Tender hearts of leaf cluster bases
can be eaten raw or cooked. Young
spikes of immature flower buds are
fragrant, tasty, and mucilaginous.
Conservation 2/2/1.
COMMENTS: Calamus candy,
A. americanus leaf cross section.
made from the rhizomes, was
formerly sold commercially. This
plant is found across the northern
hemisphere and has long been
appreciated for its fabulous aroma.
Studies have shown a constituent
of the rhizomes of the old-world
species to be carcinogenic under
lab conditions. The leaves, and the
native North American species, are
not known to contain the carcino-
Young A. americanus plants
genic compound. AKA sweet flag.
A. calamus leaf cross section.
A. americanus rhizome.
Immature flower spike.
109
A. americanus peeled heart.
mm 0 1cm AQUATICS WITH GRASS-LIKE LEAVES OR TUBULAR LEAFLESS STEMS near 1.5-3.5"" the (4-9 midpoint cm) long of the plant; above this the stem turns leafy with both with hundreds of tiny and up to 0.7"" (18 mm) wide, nearly erect, tapering edges sharo Spike sanis live Fruits tiny, pale brown, flowers angled, or containing fruits forming 1-6 seeds. a continuous surface. Flowers gently tiny, to white, a blunt and up, inconspicuous Oacked tightly SPECIES: viable seed. A. A. americanus calamus is is introduced native; its leaves thicken gradually to a gentle midvein ridge, and the rippled, and the heads from Europe; its leaves have a sharp, abrupt midvein heads produce all botanists. generally do not produce viable seed. The two are very similar and ridge not and separated are often by CONFUSING PLANTS: Only irises (p. 664) have similarly side-slotted leaves, but iris leaves have TO promi- nent keel and are not sweet-aromatic. The flowers and fruits are very different. HABITAT: Lakeshores, river edges, reservoirs, estuaries; in shallow, often slow- moving drainage waters that fluctuate in depth, where the bottom is shallow mud over gravel or sand. FOOD USE: Rhizomes can be collected all year; they are used medicinally or as a flavoring for candy or syrup. Their taste is extremely potent and they should be used in moderation. Tender hearts of leaf cluster bases can be eaten raw or cooked. Young spikes of immature flower buds are fragrant, tasty, and mucilaginous. Conservation 2/2/1. COMMENTS: Calamus candy, A. americanus leaf cross section. made from the rhizomes, was formerly sold commercially. This plant is found across the northern hemisphere and has long been appreciated for its fabulous aroma. Studies have shown a constituent of the rhizomes of the old-world species to be carcinogenic under lab conditions. The leaves, and the native North American species, are not known to contain the carcino- Young A. americanus plants genic compound. AKA sweet flag. A. calamus leaf cross section. A. americanus rhizome. Immature flower spike. 109 A. americanus peeled heart. ","FOOD USE: Rhizomes can be collected all year; they are used medicinally or
as a flavoring for candy or syrup.
Their taste is extremely potent and
they should be used in moderation.
Tender hearts of leaf cluster bases
can be eaten raw or cooked. Young
spikes of immature flower buds are
fragrant, tasty, and mucilaginous.
Conservation 2/2/1.
",True," ['rhizomes', 'Young hearts of leaf cluster bases', 'Young spikes of immature flower buds']"
0090_a.txt,"AQUATICS-NOT GRASS-LIKE OR
GROUP 15 AQUATICS-NOT GRASS-LIKE OR TUBULAR
easily identified plants-but it also includes some tricky species lateral
This group includes some look-similars. The edible parts include leafy greens, shoots, typically
with deadly seeds, poisonous pods, and storage organs. I have included here plants that are fluctuáte,
found shoots, in standing water at normal or average water levels. Since water levels
plants will occasionally be found on land adjacent to water, and terrestrial and plants
will aquatic sometimes be flooded. Some plants are regularly found both in standing water on
moist uplands nearby; I have tried to place such plants where they are most common and
thrive best. When in doubt about any plant found near water, check it in both the aquatic and
terrestrial groups. CAUTION: I advise cooking aquatic plant parts, unless they are peeled or
carefully scrubbed and washed, to avoid ingesting parasites such as liver flukes or snail larvae.
TENTATIVE IDENTIFICATION KEY TO GROUP 15
The key is not your final answer!
Leaves tape-like, the edges clear; fruit a cylinder.
1. American eelgrass
or
Leaves compound.
Without basal rosettes.
2. Watercress
With basal rosettes.
Leaves more than once compound.
or
or
Leaffets lanceolate to ovate, no bulblets in leaf axils. Javan water celery (group 27, p. 443).
leaflets linear, bulblets in upper leaf axils. Bulblet water hemlock (deadly, p. 670).
Leaves once compound.
Upper leaves lanceolate, serrated but not lobed.
3. Water parsnip
Upper leaves variably, sometimes deeply, lobed.
Leaves simple, not tape-like.
4. Springwater parsnip
Leaves paired, all on stem.
or
Stem hairless, roundish; leaves toothed; midvein flat to depressed above,
Stem with 2 hairy grooves; leaves usually entire; midvein raised above.
5. Brooklime
Leaves not paired (all basal or alternate).
6. Alligator weed
Leaves toothed or notched.
or
Leaves diamond-shaped to triangular, in a floating rosette.
Leaves roundish, on long stalks in shallow water.
7. Water-chestnut
Leaves not toothed or notched.
8. Water pennywort
Sap milky.
Leaf arrowhead-shaped.
or
Leaf elliptic.
9. Wapato
Petiole 2-5 X longer than blade: fruits directly on scape,
Sap not milky,
Petiole less than 2 X blade length; fruits on panicle branches.
10. Spoon
11. Water-plantain
Leaf Pad sometimes or always floating on a limp petiole-a ""Illy pad.""
(leaf) with no lobe, cutout, or sinus,
or
or
Leaf Leaf round, oblong, more less than than 6"" 12"" (15 (30 cm), cm), never emergent, with a thick gel layer below.
Pad (leaf) often emergent,
12. Water shield
Petiole Pad Pad arrowhead-shaped round, oblong, attached attached with on a lobes a rigid lobes cut 0.8"" at with petiole-not or rounded, or sinus with very a sharp two at near flowers the pointed, corner, a the base, ""lily edge yellow. pad."" flowers resulting divergent, of the white, blade. in backward 2 lobes. White without lobes, gel.
13. American lotus
Leaf emergent water-Illy (p. 677).
14. Yellow pond-lily
Leaf Petiole
or
Leaf Petiole if lobed the lobes are rounded, not pointed.
blunt: (2 cm) or more from the edge of the blade.
15. Arrow arum
No with a large balloon-like inflation.
16, Wild taro
balloon-like Inflation on the petiole.
210
17. Water hyacinth
18. Pickereiweed
AQUATICS-NOT GRASS-LIKE OR GROUP 15 AQUATICS-NOT GRASS-LIKE OR TUBULAR easily identified plants-but it also includes some tricky species lateral This group includes some look-similars. The edible parts include leafy greens, shoots, typically with deadly seeds, poisonous pods, and storage organs. I have included here plants that are fluctuáte, found shoots, in standing water at normal or average water levels. Since water levels plants will occasionally be found on land adjacent to water, and terrestrial and plants will aquatic sometimes be flooded. Some plants are regularly found both in standing water on moist uplands nearby; I have tried to place such plants where they are most common and thrive best. When in doubt about any plant found near water, check it in both the aquatic and terrestrial groups. CAUTION: I advise cooking aquatic plant parts, unless they are peeled or carefully scrubbed and washed, to avoid ingesting parasites such as liver flukes or snail larvae. TENTATIVE IDENTIFICATION KEY TO GROUP 15 The key is not your final answer! Leaves tape-like, the edges clear; fruit a cylinder. 1. American eelgrass or Leaves compound. Without basal rosettes. 2. Watercress With basal rosettes. Leaves more than once compound. or or Leaffets lanceolate to ovate, no bulblets in leaf axils. Javan water celery (group 27, p. 443). leaflets linear, bulblets in upper leaf axils. Bulblet water hemlock (deadly, p. 670). Leaves once compound. Upper leaves lanceolate, serrated but not lobed. 3. Water parsnip Upper leaves variably, sometimes deeply, lobed. Leaves simple, not tape-like. 4. Springwater parsnip Leaves paired, all on stem. or Stem hairless, roundish; leaves toothed; midvein flat to depressed above, Stem with 2 hairy grooves; leaves usually entire; midvein raised above. 5. Brooklime Leaves not paired (all basal or alternate). 6. Alligator weed Leaves toothed or notched. or Leaves diamond-shaped to triangular, in a floating rosette. Leaves roundish, on long stalks in shallow water. 7. Water-chestnut Leaves not toothed or notched. 8. Water pennywort Sap milky. Leaf arrowhead-shaped. or Leaf elliptic. 9. Wapato Petiole 2-5 X longer than blade: fruits directly on scape, Sap not milky, Petiole less than 2 X blade length; fruits on panicle branches. 10. Spoon 11. Water-plantain Leaf Pad sometimes or always floating on a limp petiole-a ""Illy pad."" (leaf) with no lobe, cutout, or sinus, or or Leaf Leaf round, oblong, more less than than 6"" 12"" (15 (30 cm), cm), never emergent, with a thick gel layer below. Pad (leaf) often emergent, 12. Water shield Petiole Pad Pad arrowhead-shaped round, oblong, attached attached with on a lobes a rigid lobes cut 0.8"" at with petiole-not or rounded, or sinus with very a sharp two at near flowers the pointed, corner, a the base, ""lily edge yellow. pad."" flowers resulting divergent, of the white, blade. in backward 2 lobes. White without lobes, gel. 13. American lotus Leaf emergent water-Illy (p. 677). 14. Yellow pond-lily Leaf Petiole or Leaf Petiole if lobed the lobes are rounded, not pointed. blunt: (2 cm) or more from the edge of the blade. 15. Arrow arum No with a large balloon-like inflation. 16, Wild taro balloon-like Inflation on the petiole. 210 17. Water hyacinth 18. Pickereiweed ",,False,"
    []"
0090_b.txt,"0
AQUATICS-NOT GRASS-LIKE OR TUBULAR
1
American eelgrass
2
Vallisneria americana family Hydrocharitaceae
","FOOD USE: The fruits, ripe or unripe, can be gathered from the water surface in late summer or
They are mild flavored and can be cooked as a vegetable. (I don't eat them raw lest they have paras""
larvae on the surface.) The mucilaginous texture makes them good in soup. Leaves are traditional ,
raw in East Asian cuisine, but I have not tried them. Conservation 1.
",True,"
    'fruits'"
0091_a.txt,"AQUATICS-NOT GRASS-LIKE OR TUBULAR
2
Watercress Nasturtium officinale 3 IWE-381 Brassicaceae (Mustard family)
","FOOD USE: Gather greens from late winter through late fall (but especially spring) and use raw in salads or
on sandwiches. They can also be fried or used in soup or casserole.
",True,"
    'greens'"
0091_b.txt,"AQUATICS-NOT GRASS-LIKE OR TUBULAR
3
Water parsnip
3
3
IWE-388
Sium suave Apiaciae (Carrot family)
",,False,"
    []"
0092_a.txt,"AQUATICS-NOT GRASS-LIKE OR TUBULAR
3
Water parsnip (continued)
Misidentific ations with water hemlock (pp. 668-670) have resulted in angled. death! Water Water
CONFUSING PLANTS: times compound, splitting 3 ways at the first division. The stems are not the middle, stiff,
hemlock leaves are 1-5"" 2-3 (2.5-13 cm) long and much stouter (about 20% as thick as long), widest in has multiple
hemlock roots straw-colored are outside, often with yellow lines inside. Bulblet water hemlock (p. 670) the first division,
thin yellowish roots or that taper from the top. The leaves are 2-3 times compound, splitting 3 ways at When
with the leaflets very thin and lobed, the smallest divisions linear. The stems are not angled. mature,
the bulblets in the leaf axils are diagnostic. Oxypolis rigidior (p. 424) is similar to water parsnip in form, but the
leaflets are entire or with a few scattered, large teeth toward the end of the leaflet. Its roots are clustered and
white with spherical enlargements toward the end. Berula erecta (see next) is another member of the carrot
family that also goes by the common name ""water parsnip."" This is a smaller plant; its leaves are shorter and
broader than those of Sium suave, and coarsely toothed. The upper leaves have large teeth or deeply cut lobes.
HABITAT: Marshes, lakeshores, ditches, ponds, hardwood swamps, river oxbows. Especially likes rich muck
and thrives with water level fluctuations. Native.
FOOD USE: Exercise extreme care in identifying this plant. The roots can be collected from fall through
spring and eaten raw or cooked. Dig up plants gingerly so that roots don't snap. Break off the larger roots
and replant the crown. Young stems, leaves, and leaf shoots can be eaten raw or cooked in spring and early
summer. Conservation 3/2.
COMMENTS: Due to the danger of misidentification, this vegetable is rarely used or written about. One of
the few documented deaths from plant misidentification that I have been able to find resulted from mistaking
western water hemlock for water parsnip. However, water parsnip's roots are a highly esteemed food in many
Native American cultures. Skirret (Sium sisarum), a closely related plant with nearly identical flavor, has been
cultivated as a root and stem vegetable in Asia for thousands of years. It is still available from some seed
catalogs in the US.
Typic al leaflet close up.
(middle) Young basal
leaves and leaf shoots
emerging in summer
after flood recession.
(right) Water parship
stems are strongly
angied or ridged
unlike those of Waler
hemlock
214
AQUATICS-NOT GRASS-LIKE OR TUBULAR 3 Water parsnip (continued) Misidentific ations with water hemlock (pp. 668-670) have resulted in angled. death! Water Water CONFUSING PLANTS: times compound, splitting 3 ways at the first division. The stems are not the middle, stiff, hemlock leaves are 1-5"" 2-3 (2.5-13 cm) long and much stouter (about 20% as thick as long), widest in has multiple hemlock roots straw-colored are outside, often with yellow lines inside. Bulblet water hemlock (p. 670) the first division, thin yellowish roots or that taper from the top. The leaves are 2-3 times compound, splitting 3 ways at When with the leaflets very thin and lobed, the smallest divisions linear. The stems are not angled. mature, the bulblets in the leaf axils are diagnostic. Oxypolis rigidior (p. 424) is similar to water parsnip in form, but the leaflets are entire or with a few scattered, large teeth toward the end of the leaflet. Its roots are clustered and white with spherical enlargements toward the end. Berula erecta (see next) is another member of the carrot family that also goes by the common name ""water parsnip."" This is a smaller plant; its leaves are shorter and broader than those of Sium suave, and coarsely toothed. The upper leaves have large teeth or deeply cut lobes. HABITAT: Marshes, lakeshores, ditches, ponds, hardwood swamps, river oxbows. Especially likes rich muck and thrives with water level fluctuations. Native. FOOD USE: Exercise extreme care in identifying this plant. The roots can be collected from fall through spring and eaten raw or cooked. Dig up plants gingerly so that roots don't snap. Break off the larger roots and replant the crown. Young stems, leaves, and leaf shoots can be eaten raw or cooked in spring and early summer. Conservation 3/2. COMMENTS: Due to the danger of misidentification, this vegetable is rarely used or written about. One of the few documented deaths from plant misidentification that I have been able to find resulted from mistaking western water hemlock for water parsnip. However, water parsnip's roots are a highly esteemed food in many Native American cultures. Skirret (Sium sisarum), a closely related plant with nearly identical flavor, has been cultivated as a root and stem vegetable in Asia for thousands of years. It is still available from some seed catalogs in the US. Typic al leaflet close up. (middle) Young basal leaves and leaf shoots emerging in summer after flood recession. (right) Water parship stems are strongly angied or ridged unlike those of Waler hemlock 214 ","FOOD USE: Exercise extreme care in identifying this plant. The roots can be collected from fall through
spring and eaten raw or cooked. Dig up plants gingerly so that roots don't snap. Break off the larger roots
and replant the crown. Young stems, leaves, and leaf shoots can be eaten raw or cooked in spring and early
summer. Conservation 3/2.
",True,"
    'roots','Young stems','leaves','leaf shoots'"
0092_b.txt,"AQUATICS-NOT GRASS-LIKE OR TURUI AD
AQUATICS-NOT GRASS-LIKE OR TURUI AD ",,False,"
    empty"
0093_a.txt,"AQUATICS-NOT GRASS-LIKE OR TUBULAR
4
Berula erecta Apiaciae (Carrot family)
Springwater parsnip
3
Mat-forming plant of springwater with pinnately difficulty compound 3+, leaves, the
",,False,"
    []"
0093_b.txt,"AQUATICS-NOT GRASS-LIKE OR TUBULAR
CONFUSING (Sium suave, see PLANTS: previous), Often but Berula confused with the larger, more Apart relative that alsor
of prostrate stems. Javan erecto is much smaller, lesserent, mal forming. 13 and alled water
water hemlocks (deadly poisonous, water celery p. has 668). twice compound leaves with depressed yeins. roots Also from compare 11th
HABITAT: Open to shaded spring water in pools, marshes, streamsides, and fens, in alkaline soil Native
This plant is being widely displaced and outcompeted by non native watercress.
FOOD USE: The tender greens (early spring to autumn) are good raw or cooked. They have a strong
parsley-parsnip flavor, much like Sium suave, and are used in salads, soups, casseroles, etc. Conservation celery 2.
COMMENTS: This little-known edible (which, like many edible members of the carrot family, is often errons
ously reported as toxic) is remarkably widespread-it is found in Asia, Europe, Africa, Australia. and Norin
America. Its ecology is much like that of watercress, which crowds it out and is the greatest threat to ,
survival. Despite the name, there is not an edible root-springwater parsnip has no taproot at all AKA 114°F
parsnip, small water parsnip, water celery, Berula pusilla. See liver fluke caution p. 24.
Rosettes
are often
permanently
under water
Springwater
parsnip
floating
rosettes
growing
beside
watercress
11]
AQUATICS-NOT GRASS-LIKE OR TUBULAR CONFUSING (Sium suave, see PLANTS: previous), Often but Berula confused with the larger, more Apart relative that alsor of prostrate stems. Javan erecto is much smaller, lesserent, mal forming. 13 and alled water water hemlocks (deadly poisonous, water celery p. has 668). twice compound leaves with depressed yeins. roots Also from compare 11th HABITAT: Open to shaded spring water in pools, marshes, streamsides, and fens, in alkaline soil Native This plant is being widely displaced and outcompeted by non native watercress. FOOD USE: The tender greens (early spring to autumn) are good raw or cooked. They have a strong parsley-parsnip flavor, much like Sium suave, and are used in salads, soups, casseroles, etc. Conservation celery 2. COMMENTS: This little-known edible (which, like many edible members of the carrot family, is often errons ously reported as toxic) is remarkably widespread-it is found in Asia, Europe, Africa, Australia. and Norin America. Its ecology is much like that of watercress, which crowds it out and is the greatest threat to , survival. Despite the name, there is not an edible root-springwater parsnip has no taproot at all AKA 114°F parsnip, small water parsnip, water celery, Berula pusilla. See liver fluke caution p. 24. Rosettes are often permanently under water Springwater parsnip floating rosettes growing beside watercress 11] ","FOOD USE: The tender greens (early spring to autumn) are good raw or cooked. They have a strong
parsley-parsnip flavor, much like Sium suave, and are used in salads, soups, casseroles, etc. Conservation celery 2.
",True,"
    'tender greens'"
0094_a.txt,"5
Brooklime Veronica americana 1 + family Scrophulariaceae
","FOOD USE: Gather the tender growing tips from spring through early
fall. (For raw use, pick only the portion well above the water to eliminate
the risk of liver flukes.) Best raw in salads or sandwiches. Conservation 2.
",True,"
    'tips'"
0094_b.txt,"mm
1cm
AQUATICS-NOT GRASS-LIKE OR TUBULAR
6
Alligator weed
2
Alternanthera philoxeroides
family
Amaranthaceae
UICK CHECK: Mat-forming plant with thin hollow stems and
sessile leaves; flowers in spiky whitish balls. ID difficulty 2.
","FOOD USE: Young leaves and stem tips can be gathered through
the growing season, but are best in spring and early summer They
are mild in flavor and can be eaten raw but are much better cocked
",True,"
    'Young leaves','stem tips'"
0095_a.txt,"AQUATICS-NOT GRASS-LIKE OR TUBULAR
7 Water-chestnut 3
Trapa natans + Lythraceae (Loosestrife family)
Floating rosettes of small, diamond shaped, difficulty sharply 1. toothed leaves;
rope-like large mats over water. Stems fully submerged. thick. with
","FOOD USE: Flip rosettes in late
summer and pick the larger nuts
from beneath-one or a few may
be ripe at a time. Nuts can be dried
whole and then cracked with a
hammer, or cut in half before
drying. Kernels can be steamed
fried, boiled in soups, or ground
into flour.
",True,"
    'nuts','kernels'"
0095_b.txt,"AQUATICS-NOT GRASS-LIKE OR TUBULAR
8 Water pennywort
Hydrocotyle umbellata
Araliaceae (Ginseng family)
","FOOD USE: Tender leaves and stems can be eaten raw or cooked throughout the growing seasor is . -
most prevalent in early summer. Conservation 2.
",True,"
    'leaves','stems'"
0096_a.txt,"AQUATICS-NOT
2
2
LII
FH-101
2
9
Wapato Sagittaria latifolia 3 family Alismataceae
","FOOD USE: Gather tubers either by following rhizomes from the plant base to their ends, or by digging in
the mud in thick colonies. Where there is standing water, stomp systematically to break up the mud; released
222
emerging leaf shoot at the stage for eating.
Leaf shape is highly variable. At far left is a newly
AQUATICS-NOT 2 2 LII FH-101 2 9 Wapato Sagittaria latifolia 3 family Alismataceae QUICK CHECK: Emergent leaves with two backward-pointing lobes about as long as DESCRIPTION: the main blade ID Transient difficulty perennial 2. sprouting rising from 1-5' tubers (30-150 distant cm) from high, the with parent two and plant. Sap milky. Leaves all basal. long in rosettes, as the blade. Blades 8-32"" (20-80 pointed-both cm) long forms backward-pointing 0,6-20"" (1.5-50 on cm) the lobes wide, same about broad plant. as with The a rounded lobes are tip always or very pointed. terminating narrow and Major in the veins leaf flat and above lobe and tips. protruding Margins have below, for no radiating may be present in a spider-like much pattern longer from than the the leaf blade, base tapered, and spongy the with lower air-filled fifth tubes, with broad, rounded thin, except tapered teeth. Petioles usually smooth and hairless, cm) tall and wings forming at the stalk's apex, the have three waxy 3, a small flat face a on deep the channel. upper/inside Stalk surface, simple, naked, thick, spongy, flowers angled, in hairless, 3-9 widely to 28"" spaced (70 whorls of 0.9"" (23 mm) thick. Inflorescence a raceme 0,5-1.5"" (13-38 mm) long, with a single bract. Flowers sexual parts in each on an ascending, thick pedicel notched petals and a fuzzy-looking greenish mound of numerous hundreds together in a white, nearly Fruit round flattened, or faintly dry, winged seeds (achenes) with a hook at the end, borne sections, dead the center. Tuber 1-3.5"" (2.5-9 cm) long, egg-shaped to occasionally flattened, with ringed is purple, ball-like cluster. and a pointed, curved, fang-like bud projecting from the end. The smooth skin creamy, borne singly at leafy veils, or brown in color; the white to creamy-yellow flesh is crisp and not fibrous. Tubers are the rusty, end of long, unbranched, spongy rhizomes up to 5' (1.5 m) long and 1"" (2.5 cm) thick. CONFUSING PLANTS: The backward-pointing lobes of pickerelweed leaves are blunt rather than pointed, and the veins follow the contour of the lobes without terminating there. Arrow arum lobes are proportionately smaller and point more outward; see the photos for venation differences. Neither of these plants has any underground part that even remotely resembles a wapato. HABITAT: Lakeshores, river edges, ponds, ditches, marshes. Grows best with a clay-mud bottom and ran- domly fluctuating water levels. Native. FOOD USE: Gather tubers either by following rhizomes from the plant base to their ends, or by digging in the mud in thick colonies. Where there is standing water, stomp systematically to break up the mud; released 222 emerging leaf shoot at the stage for eating. Leaf shape is highly variable. At far left is a newly ",True, 'tubers'
0096_b.txt,"AQUATICS-NOT GRASS-LIKE OR TUBULAR
tubers will also float be to dried the surface. and Tubers can be baked, fried, or boiled and mashed like polator
they Lateral can shoots are okay ground but into hot cereal or flour. They are preferable peeted and cooking
Flower raw best cooked. Leaves, when young and tender. are eye ollant impalatable after CAM
then draining. spike shoots, well before any flowers open, can also be boiled. (If steamed or briling fried and ihe
grapefruit peel flavor is strong.) Conservation 2/1.
COMMENTS: The tubers make one of the best starchy wild foods
and their potato-sweet corn-grapefruit flavor is liked by most who
try them; they were formerly a staple food in some regions. Wapato
often grows in enormous pure stands, especially along the Missis-
sippi River. Wapato is cultivated in China. The greens and shoots
are less well known but also make good vegetables. All parts have a
grapefruit peel flavor when raw. AKA arrowhead. All members of this
genus are edible. Annual species have edible greens but no tubers.
10 Spoon-leaved wapato Sagittaria rigida
has smaller leaf blades that lack lobes (and thus are not S. rigida arrowhead- grows
Spoon-leaved wapato of this species resemble those of water-plantain, but The edible uses
shaped). Wider leaves water and has a petiole many times longer than the leaf. have wilted this
in much deeper but all parts are smaller. Even when the leaves (sessile), and the
are the same as wapato, by the seed balls clinging directly to the balls. stem The tubers of this
plant can odd be tendency identified to curve dramatically just above those seed tasty.
species stem's are harder, tawny colored, spherical, and not quite as
223
AQUATICS-NOT GRASS-LIKE OR TUBULAR tubers will also float be to dried the surface. and Tubers can be baked, fried, or boiled and mashed like polator they Lateral can shoots are okay ground but into hot cereal or flour. They are preferable peeted and cooking Flower raw best cooked. Leaves, when young and tender. are eye ollant impalatable after CAM then draining. spike shoots, well before any flowers open, can also be boiled. (If steamed or briling fried and ihe grapefruit peel flavor is strong.) Conservation 2/1. COMMENTS: The tubers make one of the best starchy wild foods and their potato-sweet corn-grapefruit flavor is liked by most who try them; they were formerly a staple food in some regions. Wapato often grows in enormous pure stands, especially along the Missis- sippi River. Wapato is cultivated in China. The greens and shoots are less well known but also make good vegetables. All parts have a grapefruit peel flavor when raw. AKA arrowhead. All members of this genus are edible. Annual species have edible greens but no tubers. 10 Spoon-leaved wapato Sagittaria rigida has smaller leaf blades that lack lobes (and thus are not S. rigida arrowhead- grows Spoon-leaved wapato of this species resemble those of water-plantain, but The edible uses shaped). Wider leaves water and has a petiole many times longer than the leaf. have wilted this in much deeper but all parts are smaller. Even when the leaves (sessile), and the are the same as wapato, by the seed balls clinging directly to the balls. stem The tubers of this plant can odd be tendency identified to curve dramatically just above those seed tasty. species stem's are harder, tawny colored, spherical, and not quite as 223 ",,False,"
    empty


Input: 'The fleshy seeds of the tomato fruit are edible and are commonly eaten raw or cooked.'

Output: ['seeds']"
0097_a.txt,"AQUATICS-NOT GRASS-LIKE OR TUBULAR
11 Water-plantain
2
2
Alisma plantago-aquatica family Alismataceae
Rosette of entire. elliptic, parallel veined leaves 2. on long petioles;
","FOOD USE: Gather corms from fall through spring by grabbing them
just below the base of the plant and pulling them out of the muck. Rinse
and detach the hair-like roots. Corms are hard and unpalatable raw,
better cooked. They are
best used sparingly,
more as a seasoning.
Tender young leaves
and shoots, collected
in spring and early
summer, can be used
as potherbs- the flavor
resembles that of its
close relative wapato,
Conservation 3/2,
",True," ['corms','Young leaves','shoots']"
0097_b.txt,"0
1cm
AQUATICS-NOT GRASS-LIKE OR TUBULAR
12 Water shield
1
Brasenia schreberi
family Cabombaceae
","FOOD USE: Young leaves, still coiled, are traditionally used in soups in East Asia. Chop fine to avoid eating a
giant slime gob. I have also heard of eating them raw, but I worry about parasites on raw aquatic veget an es
directly in contact with water. Conservation 2.
",True,"
    'Young leaves'"
0098_a.txt,"AQUATICS-NOT GRASS-LIKE OR TUBULAR
2
3
1
NG-99
13 American lotus
Nelumbo lutea family Nelumbonaceae
","FOOD USE: Gather tubers from late summer through spring. Dig along the rhizomes, usually 1-6' (30-180 cm)
from the petiole base. Young, tender tubers can be peeled and sliced for eating raw, or used in stir-fry with other
vegetables. Older tubers are firm and starchy and should be well cooked. Nuts ripen from late summer through
fall. Ripe seedheads detach from the stem easily. Soft, moist nuts can be eaten raw or roasted. Dried nuts will keep
for a lifetime with no
loss in quality; they can
be cracked and boiled
or ground for flour or
meal. Newly emerging
leaves are also eaten,
especially as a wrap
for vegetables and rice.
Conservation 2/1/1
",True," ['tubers','nuts','Newly emerging leaves']"
0098_b.txt,"oceae
AQUATICS-NOT GRASS-LIKE OR TUBULAR
14 Yellow pond-lily
1
2
genus Nuphar
family Nymphaeaceae
","FOOD USE: Rhizomes can be peeled and boiled in several changes of water, after which they are marg
edible-fresh they are exceptionally bitter. Gather ripe pods from early summer through early fall. from
canoe or by wading. Let them sit in water for a few days to soften, then mash them and strain the seeds
the pulp. Soak, rub, and rinse the seeds to get rid of the bitter flavor of the pulp residue. After this they
be eaten popped, boiled, or ground into flour. Conservation 3, 1.
",True," ['ripe pods','seeds']"
0099_a.txt,"AQUATICS-NOT GRASS-LIKE OR TUBULAR
15 Arrow
Peltandra arum virginica Araceae (Arum family)
Arrowhead shaped leaves with round-tipped difficulty lobes 2. and no milky sap;
flowers on a club vertical rootstock. Leaves all basal, lobes the shorter blades
","FOOD USE: The rootstock can be eaten
after baking for an exceptionally long time.
I've done this once. Conservation 3.
",True,"
    'rootstock'"
0099_b.txt,"AQUATICS-NOT GRASS-LIKE OR TUBULAR
16 Wild taro
Colocasia esculenta
Araceae
(Arum
family)
UICK CHECK: Tall basal leaves, arrow-shaped with blunt labos, not
to the petiole. ID difficulty 2.
","FOOD USE: The corms can be long-roasted as a starchy
vegetable.
",True,"
    'corms'"
0100_a.txt,"AQUATICS-NOT GRASS-LIKE OR TUDULAR
17 Water hyacinth
2
family
Pontederiaceae
Eichhornia mudflats or open water, with inflated petioles difficulty and 1. entire
crassipes
","FOOD USE: Tender young leaves
can be used as a potherb. The
newest leaves are extremely
tender but slightly irritating if
eaten.raw.
",True,"
    'young leaves'"
0100_b.txt,"AQUATICS-NOT GRASS-LIKE OR TUBULAR
18 Pickerelweed
1
1
2
Pontederia cordata
family Pontederiaceae
","FOOD USE: The flower cluster shoot, still wrapped in a sheath in early summer, is okay raw or cooked. The
fruit ripens in late summer and breaks easily from the cluster. The semi-soft green flesh is rather bitter with
a poor aftertaste but also has a hint of tropical fruitiness; it's worth a curious nibble. The seed is soft and oily
with good flavor, but hard to effectively separate from the flesh. Conservation 2/1.
",True,"
    'flower cluster shoot','seed'"
0101_a.txt,"LINEAR, ENTIRE, ONION-SCENTED LEAVES
GROUP 16 LINEAR, ENTIRE, ONION-SCENTED LEAVES
Allium along with cultivated onion, leek, species garlic, can and occa- chive.
All of these plants are in the frequently genus escape and numerous non-native introduced
Although cultivated alliums feral, I have only included the three most common makes them one
sionally be Alliums found can growing be distinguished by their distinctive onion odor, which functioning. However,
species. to identify if your sense of smell is ""wild onion,"" the
some species contrived for field guides are repetitive and confusing. Although there in
of the easiest can and be safest hard groups to tell from each other. Since most are just called is no danger
confounding names the various species, they do have slightly different culinary applications.
genus Allium family Alliaciae (formerly part of the greater lily family, Liliaceae)
","FOOD USE: All parts of these alliums are edible: the bulbs, leaves, scapes, buds, and flowers. They can be
used as seasoning vegetables just like their cultivated relatives. In the species accounts I do not list food uses
that are possible but seem largely impractical.
CONSERVATION NOTE: All onions are perennials and potentially long-lived. When harvesting native
three clump-forming onion, be sure to leave behind at least two intact, healthy bulbs from each clump of any 6
leave at healthy least bulbs from clumps of 6-20, or 5 healthy bulbs from clumps over 20. For non-clumping or less,
3 bulbs within a hand-spread from any bulb you collect. Greens should also be collected sparingly. species
TENTATIVE IDENTIFICATION KEY TO THE GENUS ALLIUM
The key is not your final answer!
or
Leaves flat, 1-3,5"" (2.5-9 cm) wide.
leaves round, tubular,
1. Ramp
or
Bublets present in umbel; underground bulbs oblong to spherical.
No bulblets in umbel; underground bulbs long and narrow.
2. Field garlic
or
Leaves Leaves deeply folded at the base, with a rough keel below, to 1,2"" (3 cm) wide.
3. Chive
Flowering spring to early summer.
flat, angled, or channeled; not tubular and less than 1 cm wide.
4. Feral garlic
or
Bulblets Bulblets not often present in umbel; 2 leaves diverge several inches up the stem.
present in umbel; all leaves basal.
Flowers white; bulb with a thick fibrous sheath.
5, American garlic
Flowering late summer to fall.
Flowers pink or white; bulb with a thinner fibrous sheath.
6, Textile onion
Flowers white to faint pink, scape nodding in bloom.
7. Prairle onion
Flowers pink, scape erect in bloom.
8. Nodding onion
232
9, Tall pink onion
LINEAR, ENTIRE, ONION-SCENTED LEAVES GROUP 16 LINEAR, ENTIRE, ONION-SCENTED LEAVES Allium along with cultivated onion, leek, species garlic, can and occa- chive. All of these plants are in the frequently genus escape and numerous non-native introduced Although cultivated alliums feral, I have only included the three most common makes them one sionally be Alliums found can growing be distinguished by their distinctive onion odor, which functioning. However, species. to identify if your sense of smell is ""wild onion,"" the some species contrived for field guides are repetitive and confusing. Although there in of the easiest can and be safest hard groups to tell from each other. Since most are just called is no danger confounding names the various species, they do have slightly different culinary applications. genus Allium family Alliaciae (formerly part of the greater lily family, Liliaceae) DESCRIPTION: Perennials with layered bulbs and a radiating cluster of thin, white roots. Leaves linear, hollow or not, hairless, with no prominent veins, all basal but sometimes wrapped around the stalk for some distance. (When we speak of stem leaves on some species, we mean the sheath wraps far up the stalk before the blade diverges from it.) Stalk (scape) single per bulb, erect, unbranched, leafless (or with leaves sheathing it), hairless. Inflorescence a terminal umbel with thin, broad bracts beneath it, enveloping the whole umbel in a balloon-like sac before it opens. Flowers have 6 tepals arranged in 2 layers that are similar in size and color, with 6 stamens and a single pistil. In some species some or all of the flowers may be replaced by bulblets. Fruit a 3-lobed capsule containing 3 black seeds. CONFUSING PLANTS: Onions have a superficial resemblance to a number of other monocot plants, some of which are toxic. Death camas (p. 665) has a leaf or two on the stem, and its flowers are in racemes. Star- of-Bethlehem (p. 666), has mucilaginous leaves, flowers in a raceme, and green leaf bases extending through the center of the bulb. Atamasco lily Zephyranthes atamasca has broader, thicker, blunt leaves with many more per rosette; the flowers are large and showy and grow singly. All of these toxic look-similars lack the allium scent, which is a good distinguishing feature, but where they grow beside wild onions the smell from broken alliums can confuse the nose of the gatherer. FOOD USE: All parts of these alliums are edible: the bulbs, leaves, scapes, buds, and flowers. They can be used as seasoning vegetables just like their cultivated relatives. In the species accounts I do not list food uses that are possible but seem largely impractical. CONSERVATION NOTE: All onions are perennials and potentially long-lived. When harvesting native three clump-forming onion, be sure to leave behind at least two intact, healthy bulbs from each clump of any 6 leave at healthy least bulbs from clumps of 6-20, or 5 healthy bulbs from clumps over 20. For non-clumping or less, 3 bulbs within a hand-spread from any bulb you collect. Greens should also be collected sparingly. species TENTATIVE IDENTIFICATION KEY TO THE GENUS ALLIUM The key is not your final answer! or Leaves flat, 1-3,5"" (2.5-9 cm) wide. leaves round, tubular, 1. Ramp or Bublets present in umbel; underground bulbs oblong to spherical. No bulblets in umbel; underground bulbs long and narrow. 2. Field garlic or Leaves Leaves deeply folded at the base, with a rough keel below, to 1,2"" (3 cm) wide. 3. Chive Flowering spring to early summer. flat, angled, or channeled; not tubular and less than 1 cm wide. 4. Feral garlic or Bulblets Bulblets not often present in umbel; 2 leaves diverge several inches up the stem. present in umbel; all leaves basal. Flowers white; bulb with a thick fibrous sheath. 5, American garlic Flowering late summer to fall. Flowers pink or white; bulb with a thinner fibrous sheath. 6, Textile onion Flowers white to faint pink, scape nodding in bloom. 7. Prairle onion Flowers pink, scape erect in bloom. 8. Nodding onion 232 9, Tall pink onion ",True,"
    'bulbs','leaves','scapes','buds','flowers'"
0101_b.txt,"LINBAR, ENTIRE, ONION-SCENTED LEAVES
1
Ramp
3
3
3
FH-144
Allium tricoccum, A. burdickii family Alliaciae
",,False,"
    []"
0102_a.txt,"16
bitternut USE: hickory. Gather bulbs preferentially from late spring better through before fully early grown; by the time the quality the salad, bulbs and reach many full
HABITAT: Hardwood and elm. forests In southern and high parts of its range it prefers north summer; later
1 Ramp (continued) floodplains with rich soil, especially slopes. those Native. dominated by deteriorates. sugar maple,
Greens FOOD are available have only passed in spring their prime. and are Ramps much are excellent as a in seasoning; soup, stir bulbs fry, casserole, can be pickled, canned, has or
other size, the dishes. leaves tender The leaves parts, including can be dried scapes, and crumbled flower buds, for and use green pods, are edible. Narrow-leaved ramp
a milder flavor. wild onion, this species is collected commercially, who overcollect sold at
dried. Any Conservation 3/2 (see note before key).
COMMENTS: Considered by many to restaurants. be our best There are some unscrupulous harvesters Although people
farmer's markets, is also and a served deal in of fine unnecessary ramp-shaming online and to harvest in the media. the bulbs, these some claims are
claim that the plant is one endangered, ill-conceived or anti-foraging paper reporting on research localized. In fact, to populations have
these. There great that it is always irresponsible designed underrepresent
been the plant's generally reproductive increasing nationwide for about a century, and these species faring
based primarily upon potential. Ramp conservation problems are highly are far better than most of
our native onions. It is entirely possible to
harvest ramp bulbs or leaves sustainably
and ethically. AKA wild leek, but that name
is also used for feral leeks.
Ramp seedheads in fall.
Allium burdickii. Note the green scapes, fully elongated while the
leaves are still green.
2
Field garlic
2
2
LI IWE-121
Allium vineale , family Alliaciae
the QUIC stem, CHECK Orion with hollow, rounded leaves; a leaf often sheathing the base of
umbel with bulblets, most germinating on the plant. ID difficulty 1.
","bitternut USE: hickory. Gather bulbs preferentially from late spring better through before fully early grown; by the time the quality the salad, bulbs and reach many full
HABITAT: Hardwood and elm. forests In southern and high parts of its range it prefers north summer; later
1 Ramp (continued) floodplains with rich soil, especially slopes. those Native. dominated by deteriorates. sugar maple,
Greens FOOD are available have only passed in spring their prime. and are Ramps much are excellent as a in seasoning; soup, stir bulbs fry, casserole, can be pickled, canned, has or
other size, the dishes. leaves tender The leaves parts, including can be dried scapes, and crumbled flower buds, for and use green pods, are edible. Narrow-leaved ramp
a milder flavor. wild onion, this species is collected commercially, who overcollect sold at
dried. Any Conservation 3/2 (see note before key).
",True," ['bulbs', 'leaves', 'scapes', 'flower buds', 'green pods']"
0102_b.txt,"LINEAR, ENTIRE, ONION-SCENTED LEAVES
bulbs, the lower which part regenerate of the stem, the existing plant. Young plants have a single bulb. Leaves
tubular (but often separated by 2-5"" (5-13 cm), each leaf sheathing these above 4 Blade and
hollow, leaves have still channeled), up to 34"" (86 cm) long but often muc shorter '
oung may twisting, curly tops, which are much thinner and tougher than Allium especially anadence in awas
I he lowest leaf withers long before the upper, and the tips turn dry and brown by Howering The leaves
leaf is erect, diverging slightly from the flower scape and usually a bit taller Scapes to 30 (77 my uppermost 'all The
flower cluster bud is long and narrow, not inflated, and maroon at the base. Umbel may have up in small,
densely packed purple flowers in late spring-but mostly it bears bulblets instead, which are about the 70 sizent
a grain of wheat and will sprout leaves while still attached. The weight of the growing bulblets maxes he stem
lean down to the ground.
HABITAT: Open or semi-open areas with a history of soil disturbance: old fields, roadsides. lawes, Darks,
empty lots. Most often in urban areas or near agriculture. Introduced. I
FOOD USE: Bulbs are available from late spring through summer. The central bulbs are best. hard offsets
are hardly worth your time. Once the tops have died back it becomes harder to find them. 50 early summ
a good time to gather them. Young leaves can be used like chives or scallions but are tougher than our name
onions; gather them from late winter through spring. Older, tough leaves can still be bundled and polled
their flavor in soup stock, then removed. (Continued on the next page.)
Curly winter eares
235
LINEAR, ENTIRE, ONION-SCENTED LEAVES bulbs, the lower which part regenerate of the stem, the existing plant. Young plants have a single bulb. Leaves tubular (but often separated by 2-5"" (5-13 cm), each leaf sheathing these above 4 Blade and hollow, leaves have still channeled), up to 34"" (86 cm) long but often muc shorter ' oung may twisting, curly tops, which are much thinner and tougher than Allium especially anadence in awas I he lowest leaf withers long before the upper, and the tips turn dry and brown by Howering The leaves leaf is erect, diverging slightly from the flower scape and usually a bit taller Scapes to 30 (77 my uppermost 'all The flower cluster bud is long and narrow, not inflated, and maroon at the base. Umbel may have up in small, densely packed purple flowers in late spring-but mostly it bears bulblets instead, which are about the 70 sizent a grain of wheat and will sprout leaves while still attached. The weight of the growing bulblets maxes he stem lean down to the ground. HABITAT: Open or semi-open areas with a history of soil disturbance: old fields, roadsides. lawes, Darks, empty lots. Most often in urban areas or near agriculture. Introduced. I FOOD USE: Bulbs are available from late spring through summer. The central bulbs are best. hard offsets are hardly worth your time. Once the tops have died back it becomes harder to find them. 50 early summ a good time to gather them. Young leaves can be used like chives or scallions but are tougher than our name onions; gather them from late winter through spring. Older, tough leaves can still be bundled and polled their flavor in soup stock, then removed. (Continued on the next page.) Curly winter eares 235 ","FOOD USE: Bulbs are available from late spring through summer. The central bulbs are best. hard offsets
are hardly worth your time. Once the tops have died back it becomes harder to find them. 50 early summ
a good time to gather them. Young leaves can be used like chives or scallions but are tougher than our name
onions; gather them from late winter through spring. Older, tough leaves can still be bundled and polled
their flavor in soup stock, then removed. (Continued on the next page.)
Curly winter eares
235
LINEAR, ENTIRE, ONION-SCENTED LEAVES bulbs, the lower which part regenerate of the stem, the existing plant. Young plants have a single bulb. Leaves tubular (but often separated by 2-5"" (5-13 cm), each leaf sheathing these above 4 Blade and hollow, leaves have still channeled), up to 34"" (86 cm) long but often muc shorter ' oung may twisting, curly tops, which are much thinner and tougher than Allium especially anadence in awas I he lowest leaf withers long before the upper, and the tips turn dry and brown by Howering The leaves leaf is erect, diverging slightly from the flower scape and usually a bit taller Scapes to 30 (77 my uppermost 'all The flower cluster bud is long and narrow, not inflated, and maroon at the base. Umbel may have up in small, densely packed purple flowers in late spring-but mostly it bears bulblets instead, which are about the 70 sizent a grain of wheat and will sprout leaves while still attached. The weight of the growing bulblets maxes he stem lean down to the ground. HABITAT: Open or semi-open areas with a history of soil disturbance: old fields, roadsides. lawes, Darks, empty lots. Most often in urban areas or near agriculture. Introduced. I FOOD USE: Bulbs are available from late spring through summer. The central bulbs are best. hard offsets are hardly worth your time. Once the tops have died back it becomes harder to find them. 50 early summ a good time to gather them. Young leaves can be used like chives or scallions but are tougher than our name onions; gather them from late winter through spring. Older, tough leaves can still be bundled and polled their flavor in soup stock, then removed. (Continued on the next page.) Curly winter eares 235 ",True,"
    'bulbs'"
0103_a.txt,"16
2
Field garlic (continued)
This
is
probably
COMMENTS: the Allium most readily available
to the greatest number of people in
North America, since il is remark-
ably abundant in the lawns and
parks of many urban areas, as well
as being a pervasive agricultural
weed in many regions. Since it is
non-native and weedy, harvest to
your heart's content.
Allium vineale, grasslike clump.
Chive
2
3
3
3
Allium schoenophrasum
family
Alliaciae
","FOOD USE: Bulbs can be eaten at any time, but they're best when the tops are dormant. Gather tender
leaves from spring through early summer and use as a seasoning exactly as cultivated chives. A new flush of
good leaves is produced again in fall. Flowers make a nice garnish or addition to salads. Conservation 3, 2, 1
",True," ['bulbs','tender leaves','flowers']"
0103_b.txt,"LINEAR, ENTIRE, ONION-SCENTED LEAVES
4
Feral garlic
3
2
3
Allium sativum
family
Alliaciae
","FOOD USE: Bulbs like cultivated gar :
Since fewer offsets (cloves) are produced
in wild populations, don't forget that you
can use the young greens and scapes
This has the strongest, hottest flavor of
any of our wild onions.
",True,"
    'bulbs','Young greens','scapes'"
0104_a.txt,"LINEAR, ENTIRE, ONION-SCENTED LEAVES
American garlic
3
3
5
Allium canadense . family Alliaciae
","FOOD USE: in summer, dig up the shallow bulbs-if you can
remember where they are. Use the greens as a seasoning in
early to mid spring, like mild chives or scallions. The bulblets
can also be collected in mid to late summer-use some and
plant some. Conservation 3/2/2.
",True,"
    'bulbs','bulblets'"
0104_b.txt,"SNTIRE, ONION-SCENTED LEAVES
6 Textile onion
3
2
Allium textile
family Alliaciae
","FOOD USE: Use buibs and leaves like
domestic alliums. Conservation 3/2.
",True,"
    'buibs'"
0105_a.txt,"16
Prairie onion
3
2
7
Allium drummondii family Alliaciae
","FOOD USE: Dig bulbs when you can find them, never tak- Eat
a whole clump. (If there is only one plant, leave it.)
greens ing very early-well before flowering. Conservation 3/2.
",True,"
    'bulbs'"
0105_b.txt,"lliaciae
LINEAR, ENTIRE, ONION-SCENTED LEAVES
pink or white flowers spring
HABITAT: Likes full sun and
rich soil in meadows, open
Tiped Bulb
woods, roadsides, lightly used
pastures, rocky outcrops, and
4-12' 8-13mm 'me
savannahs. Mostly in dry soil,
ut occasionally in moist prai-
*Prtipped the channeled the pedicels with center in à Scape shape single Bulblets prominer: but usually 103-3010 the single
ries, even marsh and fen edges.
Native.
FOOD USE: Bulbs are best
when the top is mostly dormant.
Leaves have a long season of
HABITAT:
availability, as they are not
ephemeral. Conservation 3, 2.
COMMENTS: This species
FOOD USE
grows much larger, on aver-
age, in the eastern states than
it does in the Rocky Mountains,
but it is less common. Under
ideal conditions the bulbs can
grow quite large, but usually
they are small. The flavor of all
parts in mild.
Related edible:
9 Tall pink onion
Allium stellatum
2
2
","FOOD USE: Bulbs are best
when the top is mostly dormant.
Leaves have a long season of
HABITAT:
availability, as they are not
ephemeral. Conservation 3, 2.
FOOD USE
grows much larger, on aver-
age, in the eastern states than
it does in the Rocky Mountains,
but it is less common. Under
ideal conditions the bulbs can
grow quite large, but usually
they are small. The flavor of all
parts in mild.
Related edible:
9 Tall pink onion
Allium stellatum
2
2
QUICK CHECK: Leaves solid; pink flowers blooming late summer to fall, no bulblets.
ID difficulty 1.
This species is
very similar to
nodding onion
but lightly
smaller, reach
ing 12-20"" (30-
5° cm). Bulbs somewhat plumper
than those of nodding onton and
have a papery sheath. Leaves
liaciae Quick
angular near the base, sometimes
with d shallow groove in the center
distally they are shallowly U-enah
neted Flowers (mid summer total
to ID difficulty 2.
nght pink-purple and borne ID 111
evect duster (although the cluster
DESCRIPTION: Bulbssings
rods before the flowers open). surry tal
union
is
found
in
dry.
in
savannahs,
time
as
Oak
sell stades and sandy prairies
tall
prairie
onion.
serera
",True,"
    'bulbs'"
0106_a.txt,"LINEAR, ENTIRE LEAVES-NOT ONION-SCENTED
GROUP 17 LINEAR, ENTIRE LEAVES-
NOT ONION-SCENTED
sedges, or lily relatives. Several lily safest relatives groups are
Most of these are grasses, and sedges are among the efficiency has
dangerously Nearly toxic, all while grasses grasses have edible starchy seeds; eaten. labor Harvesting and
of plants. determining which species are 27).
processing been the primary grass seeds factor requires a specialized skill and tool set (see p.
TENTATIVE IDENTIFICATION KEY TO GROUP 17
The key is not your final answer!
Leaf distinctly folded In a V or M shape, with a keel underneath.
Sap milky: leaves in a radiating rosette.
1. Prairie false dandelion
All leaves basal.
2. Salsify
or
Erect leafy stem 3-6' (1-2 m) tall.
3. Spiderwort
Sap slimy; leaves 2-ranked.
or
Sap neither milky nor slimy.
4. Day lily
Leaves 2-ranked; flowers orange, in branching clusters.
or
Leaves not 2-ranked.
Stem not triangular, по whorl at the top; showy flowers in racemes.
Stem with 1-3 leaves: flowers white. Death camas (poisonous, p. 665).
or
Stem without leaves; flowers pale blue to purple.
20. Camas
Stem triangular with an unequal whorl at the top; flowers chaffy and unshowy.
Spikes yellow-brown; tubers single at the end of thread-like rhizomes.
5. Chufa
Spikes purplish; tubers multiple along thicker, crooked rhizomes.
6. Purple nutsedge
Leaf not folded and keeled: flat (with at most a midvein ridge), inflated, curled, or U-channeled.
Stem absent; flowers directly from root crown; leaf semi-fleshy.
7. Prairie star lily
or
Stem hollow with bulging, ringed, solid nodes (grasses).
Stems taller than waist-high, tough and strong.
Evergreen 4-30' (1.2-9 m) tall, rarely seen with seedheads.
8. River cane
or
Not evergreen; seedheads present in the colony each fall.
9. Phragmites reed
or
Stems shorter than waist-high, easily broken.
Inflarescence a widely-spreading loose panicle.
10. Western rice-grass
Inflorescence a compact head.
Chaffy, scaly heads without awns.
11. Maygrass
Heads with many long, straight, vertical awns,
Stem without ringed nodes (not grasses).
12. Little barley
Stems erect, with numerous typical leaves; flowerheads purple.
Stems with 1-3 leaves; flowers with 6 white tepals spotted near the base. Death camas (p. 665).
13. Small blazing star
Stems absent or leafless (may have vestiglal leaves or bracts).
Leaves very thick, fleshy, brittle, not spongy nor slimy.
of more than 12.
Leaves tough, sharp-tipped, more than 16"" (40 cm) long and 14 mm wide, In rosettes
14. Seaside plantain
Leaves not as above,
15. Yucca
Flowers in an umbel.
/
Flowers in a spike or raceme,
16. False garlic
Leaves 2-ranked, spongy, long-sheathed at the base,
Leaves not 2-ranked, spongy, or long-sheathed
17. Seaside
Flowers www.shaped, without petals (tepais), hanging, purple,
Flowers with 6 distinct petals (tepals), not hanging.
18, Grape hyacinth
Star-uf-Bethlehem (p. 666)
Flowers white, opening skyward; raceme short and broad.
Flowers blue, opening to the side; raceme elongated.
242
19. Camas
LINEAR, ENTIRE LEAVES-NOT ONION-SCENTED GROUP 17 LINEAR, ENTIRE LEAVES- NOT ONION-SCENTED sedges, or lily relatives. Several lily safest relatives groups are Most of these are grasses, and sedges are among the efficiency has dangerously Nearly toxic, all while grasses grasses have edible starchy seeds; eaten. labor Harvesting and of plants. determining which species are 27). processing been the primary grass seeds factor requires a specialized skill and tool set (see p. TENTATIVE IDENTIFICATION KEY TO GROUP 17 The key is not your final answer! Leaf distinctly folded In a V or M shape, with a keel underneath. Sap milky: leaves in a radiating rosette. 1. Prairie false dandelion All leaves basal. 2. Salsify or Erect leafy stem 3-6' (1-2 m) tall. 3. Spiderwort Sap slimy; leaves 2-ranked. or Sap neither milky nor slimy. 4. Day lily Leaves 2-ranked; flowers orange, in branching clusters. or Leaves not 2-ranked. Stem not triangular, по whorl at the top; showy flowers in racemes. Stem with 1-3 leaves: flowers white. Death camas (poisonous, p. 665). or Stem without leaves; flowers pale blue to purple. 20. Camas Stem triangular with an unequal whorl at the top; flowers chaffy and unshowy. Spikes yellow-brown; tubers single at the end of thread-like rhizomes. 5. Chufa Spikes purplish; tubers multiple along thicker, crooked rhizomes. 6. Purple nutsedge Leaf not folded and keeled: flat (with at most a midvein ridge), inflated, curled, or U-channeled. Stem absent; flowers directly from root crown; leaf semi-fleshy. 7. Prairie star lily or Stem hollow with bulging, ringed, solid nodes (grasses). Stems taller than waist-high, tough and strong. Evergreen 4-30' (1.2-9 m) tall, rarely seen with seedheads. 8. River cane or Not evergreen; seedheads present in the colony each fall. 9. Phragmites reed or Stems shorter than waist-high, easily broken. Inflarescence a widely-spreading loose panicle. 10. Western rice-grass Inflorescence a compact head. Chaffy, scaly heads without awns. 11. Maygrass Heads with many long, straight, vertical awns, Stem without ringed nodes (not grasses). 12. Little barley Stems erect, with numerous typical leaves; flowerheads purple. Stems with 1-3 leaves; flowers with 6 white tepals spotted near the base. Death camas (p. 665). 13. Small blazing star Stems absent or leafless (may have vestiglal leaves or bracts). Leaves very thick, fleshy, brittle, not spongy nor slimy. of more than 12. Leaves tough, sharp-tipped, more than 16"" (40 cm) long and 14 mm wide, In rosettes 14. Seaside plantain Leaves not as above, 15. Yucca Flowers in an umbel. / Flowers in a spike or raceme, 16. False garlic Leaves 2-ranked, spongy, long-sheathed at the base, Leaves not 2-ranked, spongy, or long-sheathed 17. Seaside Flowers www.shaped, without petals (tepais), hanging, purple, Flowers with 6 distinct petals (tepals), not hanging. 18, Grape hyacinth Star-uf-Bethlehem (p. 666) Flowers white, opening skyward; raceme short and broad. Flowers blue, opening to the side; raceme elongated. 242 19. Camas ",,False,"
    empty"
0106_b.txt,"mm
0
1cm
LINEAR, ENTIRE LEAVES-NOT ONION-SCENTED
Prairie false dandelion
2
2
2
Nothocalais cuspidata
2
Asteraceae
(Composite
family)
yellow flowers on a short, naked stem. ID difficulty 2.
UICK CHECK: Basal rosette of grass-like leaves with a white midvein; dandelion like
","FOOD USE: Roots are hard to dig up, but large and tender. They are slightly
bitter raw, but milder after being steamed or boiled. Young leaves, flowers,
and flower stalks can be eaten raw or cooked. Conservation 3/2.
",True," ['roots','Young leaves','flowers','flower stalks']"
0107_a.txt,"LINEAR, ENTIRE LEAVES-NOT ONION-SCENTED
Salsify (continued)
Stem leaves alternate. numer-
ous and overlapping at first.
similar to the basal leaves but
shorter and clasping. broad at
the base abruptly narrowing to
a long tapered tip. Flowers
single composite heads 1.2-1.8""
(3-4.6 cm) across at the end of
a long peduncle, composed of
ray florets only; yellow or purple.
There are several long, pointed,
keeled bracts on the outside of
each head. After flowering this
ripens into the familiar ""giant
dandelion"" seedhead, with a
spherical cluster of long, thin,
seeds with a golden parachute
on the end (which looks white
from a distance).
SPECIES: There are 3, all intro-
duced, all excellent. T. dubius
has yellow flowerheads with an
inflated, hollow peduncle. The
rays are broader toward the tip
and the bracts are longer than
the rays. It prefers slightly drier soil. T pratensis has yellow flowerheads with a less inflated peduncle. The rays
are almost uniform in width, and longer than the bracts. This slightly smaller species is more common in moist
soils. T. porrifolius has purple flowers and rays tapered to the tip. It is locally common in rich disturbed soil.
CONFUSING PLANTS: Nonflowering plants may be hard to tell from grasses, sedges, or spiderworts (none
of which are poisonous) at a glance, but all of these have ranked rather than radiating rosettes, and none
produce latex. Spiderworts have slimy sap, and the stalks are fully solid.
HABITAT: Sunny open areas with ample moisture: roadsides, fields, open slopes, building sites, vacant lots.
Often near pavement edges, especially in semi-arid regions where it takes advantage of runoff. Not common
in pastures because livestock relish it. Introduced.
FOOD USE: Roots should be dug in fall or early spring from plants without stalks, and are best cooked. All
tender green parts are edible raw or cooked: upright leaves at the center of the cluster in spring, shoots in
late spring, and flower buds and their peduncles in summer.
COMMENTS: Salsify is one of our best vegetables: versatile with several delicious edible parts available
over much of the year. Certainly this plant would be more commonly eaten if it were not so hard to tell from
grasses and at a glance. In my opinion, young stalks harvested at just the right stage, peeled of their lower leaves
steamed until tender, are among the finest vegetables in existence.
dubing
I
244
porrifolios
T. pratensis.
LINEAR, ENTIRE LEAVES-NOT ONION-SCENTED Salsify (continued) Stem leaves alternate. numer- ous and overlapping at first. similar to the basal leaves but shorter and clasping. broad at the base abruptly narrowing to a long tapered tip. Flowers single composite heads 1.2-1.8"" (3-4.6 cm) across at the end of a long peduncle, composed of ray florets only; yellow or purple. There are several long, pointed, keeled bracts on the outside of each head. After flowering this ripens into the familiar ""giant dandelion"" seedhead, with a spherical cluster of long, thin, seeds with a golden parachute on the end (which looks white from a distance). SPECIES: There are 3, all intro- duced, all excellent. T. dubius has yellow flowerheads with an inflated, hollow peduncle. The rays are broader toward the tip and the bracts are longer than the rays. It prefers slightly drier soil. T pratensis has yellow flowerheads with a less inflated peduncle. The rays are almost uniform in width, and longer than the bracts. This slightly smaller species is more common in moist soils. T. porrifolius has purple flowers and rays tapered to the tip. It is locally common in rich disturbed soil. CONFUSING PLANTS: Nonflowering plants may be hard to tell from grasses, sedges, or spiderworts (none of which are poisonous) at a glance, but all of these have ranked rather than radiating rosettes, and none produce latex. Spiderworts have slimy sap, and the stalks are fully solid. HABITAT: Sunny open areas with ample moisture: roadsides, fields, open slopes, building sites, vacant lots. Often near pavement edges, especially in semi-arid regions where it takes advantage of runoff. Not common in pastures because livestock relish it. Introduced. FOOD USE: Roots should be dug in fall or early spring from plants without stalks, and are best cooked. All tender green parts are edible raw or cooked: upright leaves at the center of the cluster in spring, shoots in late spring, and flower buds and their peduncles in summer. COMMENTS: Salsify is one of our best vegetables: versatile with several delicious edible parts available over much of the year. Certainly this plant would be more commonly eaten if it were not so hard to tell from grasses and at a glance. In my opinion, young stalks harvested at just the right stage, peeled of their lower leaves steamed until tender, are among the finest vegetables in existence. dubing I 244 porrifolios T. pratensis. ","FOOD USE: Roots should be dug in fall or early spring from plants without stalks, and are best cooked. All
tender green parts are edible raw or cooked: upright leaves at the center of the cluster in spring, shoots in
late spring, and flower buds and their peduncles in summer.
",True," 'roots','tender green parts'"
0107_b.txt,"mm
1cm
LINEAR, ENTIRE LEAVES-NOT ONION-SCENTED
Spiderwort
2
2
2
genus Tradescantia
family
Commelinaceae
","FOOD USE: All tender parts are edible raw or cooked. The young leaves and hearts of young leaf clusters are
gathered in spring or early summer. Stems are good when young, but older stems, even late in the grow
season, can sometimes be eaten after peeling the tough rind. In summer you can pick the flowers and flower
buds. Conservation 2.
",True,"
    'leaves','hearts','young stems','flowers','flower buds'"
0108_a.txt,"LINEAR, ENTIRE LEAVES-NOT ONION-SCENTED
2
2
3
4
Day lily
2
Asphodelaceae
Hemerocallis CHECK: Dense colonies fulva of long, family difficulty narrow, 1. basal leaves; naked stems bearing bearing large
","FOOD USE: Tubers of the leaf can cluster in spring, and the shoots in early summer, can be eaten raw or and then
buds whitish and heart flowers gathered in summer and eaten cooked; petals are traditionally stored by drying
reconstituted for cooking.
",True," ['tubers','shoots','buds']"
0108_b.txt,"mm
0
1cm
LINEAR, ENTIRE LEAVES-NOT ONION-SCENTED
Chufa
2
2
[1]
Cyperus esculentus Cyperaceae (Sedge IWE-98 family)
","FOOD USE: From fall through spring, dig around the plants and pick out the tubers. They can be refrigerated
for long periods or dried. Traditionally dried (sometimes roasted) and ground into a flour or paste that is used
in breads or mixed with water to make a drink (horchata). You can put the fresh tubers in a blender with water.
then strain through a cloth to get a milky liquid for hot cereal or gravy. They are also dried and pressed for
oil (which I've purchased but never made.) Conservation 1.
",True, 'tubers'
0109_a.txt,"LINEAR, ENTIRE LEAVES-NOT ONION-SCENTED
6 Purple nutsedge
Cyperus rotundus Cyperaceae 1 (Sedge family)
","FOOD USE: Tubers have been pounded and boiled or pressed for their oil, sometimes on a large scale (I have
not done this). They have a strong, unique flavor and I like to chew on them whole, especially the young ones.
I would like to try a horchata from these, but haven't had the chance yet.
",True,"
    'tubers'"
0109_b.txt,"mm
1cm
LINEAR, ENTIRE LEAVES-NOT ONION-SCENTED
/
Prairie star lily
1
2
Leucocrinum montanum
Asparagaceae (Asparagus family)
","FOOD USE: The small roots can be eaten
cooked, and taste something like day lily
tubers. The flowers are edible raw or
cooked. Conservation 3/1.
",True,"
    ['roots','flowers']"
0110_a.txt,"LINEAR, ENTIRE LEAVES-NOT ONION-SCENTED
8 River to clustered cane (continued) at the tips of short branches. creating a palm-like look. and Blades bristle-like 4-12"" tips, (10-30 a depressed long
Leaves up 5 petiole-like base, with acuminate Inflorescence
and midvein, 0 and (1-5 scattered cm) wide. erect flat. hairs norrowed below. to Margins a roughened (April-May, by tiny forward-pointing but rarely produced) bristles. a loose terminal
panicle with the male and female flowers separate,
unshowy, the branches drooping in fruit. Seeds 0.4-
0.6"" (10-15 mm) long, broadest in the middle and
tapered to both ends, encased in chaff without awns.
HABITAT: Wetlands, floodplains, moist slopes and
ravines with rich soil-often in light shade but more
robust in full sun. Native.
FOOD USE: Gather shoots in spring or early summer,
peel off the leaves, and eat cooked or raw. If you are
lucky enough to encounter a fruiting colony, it is a
foraging bonanza. When ripe (look for brown chaff)
the seeds can be harvested by leaning the plants over
a large container such as a wheelbarrow or sled and
knocking the heads with a stick, which will dislodge
ripe grains easily from the panicle. After harvest, dry,
parch, rub, and winnow (see p. 27). The grain can be
boiled into mush or ground into flour. Conservation 1/1.
COMMENTS: A colony may grow for decades or
centuries before flowering, after which it dies. This is
perhaps the largest grass seed native to our continent,
and would be among the premiere starchy foods of
North America if it produced consistently. The only
drawback is a tough strip down the side of each grain
that makes it less pleasant to eat. River cane has suf-
fered due to fire suppression and its preference for
the most fertile sites, which have been largely taken
for farmland. Some botanists consider all of our forms
Ripe rivercane seedheads.
to be variation within a single species, while others
recognize three similar species of native cane.
Related edibles:
Bamboo (multiple species and genera)
our but Several vary non-native in quality and bamboos should are be grown boiled ornamentally and drained before and sometimes escape. 2 The shoots are generally edible
turn nodes region yellow is when golden exposed bamboo to Phyllostachys sunlight. These aurea, have which flat grows eating. 12-30' The (3.5-9 most m) common tall and feral has Asian stems bamboo that in
near the base are often densely packed and bulging. a area The on sheath one side scars above are fringed each node, with whitish and the hairs. often stem
Peeled bamboo shoot
Bambac shoot.
Colden bamboon blong
250
LINEAR, ENTIRE LEAVES-NOT ONION-SCENTED 8 River to clustered cane (continued) at the tips of short branches. creating a palm-like look. and Blades bristle-like 4-12"" tips, (10-30 a depressed long Leaves up 5 petiole-like base, with acuminate Inflorescence and midvein, 0 and (1-5 scattered cm) wide. erect flat. hairs norrowed below. to Margins a roughened (April-May, by tiny forward-pointing but rarely produced) bristles. a loose terminal panicle with the male and female flowers separate, unshowy, the branches drooping in fruit. Seeds 0.4- 0.6"" (10-15 mm) long, broadest in the middle and tapered to both ends, encased in chaff without awns. HABITAT: Wetlands, floodplains, moist slopes and ravines with rich soil-often in light shade but more robust in full sun. Native. FOOD USE: Gather shoots in spring or early summer, peel off the leaves, and eat cooked or raw. If you are lucky enough to encounter a fruiting colony, it is a foraging bonanza. When ripe (look for brown chaff) the seeds can be harvested by leaning the plants over a large container such as a wheelbarrow or sled and knocking the heads with a stick, which will dislodge ripe grains easily from the panicle. After harvest, dry, parch, rub, and winnow (see p. 27). The grain can be boiled into mush or ground into flour. Conservation 1/1. COMMENTS: A colony may grow for decades or centuries before flowering, after which it dies. This is perhaps the largest grass seed native to our continent, and would be among the premiere starchy foods of North America if it produced consistently. The only drawback is a tough strip down the side of each grain that makes it less pleasant to eat. River cane has suf- fered due to fire suppression and its preference for the most fertile sites, which have been largely taken for farmland. Some botanists consider all of our forms Ripe rivercane seedheads. to be variation within a single species, while others recognize three similar species of native cane. Related edibles: Bamboo (multiple species and genera) our but Several vary non-native in quality and bamboos should are be grown boiled ornamentally and drained before and sometimes escape. 2 The shoots are generally edible turn nodes region yellow is when golden exposed bamboo to Phyllostachys sunlight. These aurea, have which flat grows eating. 12-30' The (3.5-9 most m) common tall and feral has Asian stems bamboo that in near the base are often densely packed and bulging. a area The on sheath one side scars above are fringed each node, with whitish and the hairs. often stem Peeled bamboo shoot Bambac shoot. Colden bamboon blong 250 ","FOOD USE: Gather shoots in spring or early summer,
peel off the leaves, and eat cooked or raw. If you are
lucky enough to encounter a fruiting colony, it is a
foraging bonanza. When ripe (look for brown chaff)
the seeds can be harvested by leaning the plants over
a large container such as a wheelbarrow or sled and
knocking the heads with a stick, which will dislodge
ripe grains easily from the panicle. After harvest, dry,
parch, rub, and winnow (see p. 27). The grain can be
boiled into mush or ground into flour. Conservation 1/1.
",True," ['shoots', 'seeds']"
0110_b.txt,"mm
0
1cm
LINEAR, ENTIRE LEAVES-NOT ONION-SCENTED
9 Phragmites reed
2
Phragmites communis
Poaceae (Grass family)
","FOOD USE: Shoots are edible raw or cooked. Rhizome shoots (laterals) can be gathered and peeled in sum-
mer, but getting them out is only practical at the edges of colonies. Other food uses have been listed, but
1 have not had success with them. Conservation 1 (native subspecies).
",True,"
    'shoots'"
0111_a.txt,"LINEAR, ENTIRE LEAVES-NOT ONION-SCENTED
2
10 Western rice grass
(Grass
family)
+
Poaceae
Oryzopsis hymenoides clumped grass with thin wiry leaves difficulty and loose, 1. spreading
","FOOD USE: The grain is gathered in early to mid summer by beating the heads into a bin or basket, or by
stripping the tops by hand. Dark, plump seeds are good; empties are smaller and light brown. Parch to burn
off the fluff, then rub and winnow to purify the seed (see p. 27). Conservation 1.
",True, 'seeds'
0111_b.txt,"0
LINEAR, ENTIRE LEAVES-NOT ONION-SCENTED
11 Maygrass
2
Phalaris caroliniana Poaceae (Grass family)
","FOOD USE: Gather grain in late spring, parch, rub, and winnow (see p. 27). Conservation 1.
",True,"
    'grain'"
0112_a.txt,"LINEAR, ENTIRE LEAVES-NOT
17 Little barley
2
(Grass
family)
Hordeum pusillum grass of disturbed Poaceae soil with proportionately difficulty 1. large vertical heads, at
","FOOD USE: them, then thresh out dangerous :
Beat this them one into is tricky a basket, to de-hull, or cut and sheafs the and chaff dry percentage is very high. 1. Parching to burn off the
but especially important when processing this cereal. Conservation
is There are very few plants that you can identify by the name, but if you know This what domestic was once b 8
",True,"
    'them'

    # or

    'grains'

    # or

    'kernels'

    # or

    'seeds'

    # or

    'beans'

    # or

    'corn'

    # or

    'rice'

    # or

    'wheat'

    # or

    'oats'

    # or

    'barley'

    # or

    'quinoa'

    # or

    'amaranth'

    # or

    'millet'

    # or

    'sorghum'

    # or

    'buckwheat'

    # or

    'ricebran'

    # or

    'bulgur'

    # or

    'farro'

    # or

    'teff'

    # or

    'spelt'

    # or

    'emmer'

    # or

    'kamut'

    # or

    'job's tears'

    # or

    'brown rice'

    # or

    'red rice'

    # or

    'black rice'

    # or

    'wild rice'

    # or

    'popcorn'

    # or

    'quinoa flakes'

    # or

    'oatmeal'

    # or

    'grits'

    # or

    'cornmeal'

    # or

    'polenta'

    # or

    'flour'

    # or

    'pasta'

    # or

    'bread'

    # or

    'buns'

    # or

    'bagels'

    # or

    'pretzels'

    # or

    'cereal'

    # or

    'granola'

    # or

    'energy bar'

    # or

    'nut'

    # or

    'nutmeat'

    # or

    'pistachio'

    # or

    'almond'

    # or

    'cashew'

    # or

    'peanut'

    # or

    'walnut'

    # or

    'pecan'

    # or

    'macadamia'

    # or

    'hazelnut'

    # or

    'pine nut'

    # or

    'pumpkin seed'

    # or

    'sesame seed'

    # or

    'sunflower seed'

    # or

    'flaxseed'

    # or

    'hemp seed'

    # or

    'pomegranate seed'

    # or

    'watermelon seed'

    # or

    'squash seed'

    # or

    'bean sprout'

    # or

    'mung bean sprout'

    # or

    'radish sprout'

    # or

    'alfalfa sprout'

    # or

    'broccoli sprout'

    # or

    'pea shoot'

    # or

    'mung bean'

    # or

    'kidney bean'

    # or

    'lima bean'

    # or

    'black bean'

    # or

    'lentil'

    # or

    'chickpea'

    # or

    'moth bean'

    # or

    'adzuki bean'

    # or

    'soybean'

    # or

    'edamame'

    # or

    'miso'

"
0112_b.txt,"1cm
LINEAR, ENTIRE LEAVES-NOT ONION-SCENTED
13 Small blazing star
2
Liatris punctata/mucronata
Asteraceae (Composite family)
","FOOD USE: The roots are reported as food from several
Native peoples on the Great Plains, although they are
not commonly eaten today. The elongated taproots are
tough and woody. However, some round, enlarged roots
are less tough, and they have a mild pleasant flavor that
is good in stews. Conservation 3.
",True,"
    'roots'"
0113_a.txt,"LINEAR, ENTIRE LEAVES-NOT ONION-SCENTED
14 Seaside Plantain
3
2
Plantago maritima
family
Plantaginaceae
","FOOD USE: Leaves
can be gathered at any
time during the grow-
ing season and eaten
raw or cooked. They are
mildly salty, tender, and
delicious. Young flower
stalks can also be eaten.
Conservation 2.
",True," ['Leaves','Young flower stalks']"
0113_b.txt,"LINEAR, ENTIRE LEAVES-NOT ONION-SCENTED
2
2
Yucca Asparagaceae (Asparagus family)
flower A dense stalk cluster with large of numerous drooping long, flowers. sharp ID difficulty tipped, tough loaves
Perennials with a tough, semi-woody base 1.
on certain species. Leaves all basal (or in whorl that occasionally becomes
fibers 16-30"" attached (40-75 to cm) long and up to 2"" (5 cm) a wide, tough at the and stem tip), several
no petioles. Stem the margins), evergreen, sharp-tipped, with stringy (often
leaves. cm) tall and 0.8-1.6"" (2-4 cm) thick, round, solid, leaning later),
single from the rosette center, erect (sometimes no prominent
Composite
numerous Inflorescence and large, 1.5-3.5"" a large panicle or raceme at the bearing apex of only this reduced, stalk. Flowers range in
parate (4-9 cm) across, drooping nodding, (early mid
tepals; there are six stout stamens with the tips cocked or white to greenish off te
summer to fall) a large, oblong, 3-part green capsule that turns outward brown and surrounding splits open a stost upon stigma ying,
containing numerous black seeds.
HABITAT: Sunny sites on sand, gravel, or rocky
soil. Outside of the Great Plains, yuccas are
mostly found on dunes, sunny slopes, outcrops.
barrens, roadsides, or disturbed forest edges.
Native, but also widely cultivated and escaped
outside of their natural ranges.
FOOD USE: The flower stalk shoot in late
spring or early summer can be used as a
cooked vegetable. Peel the outer skin for the
best dining experience. Eat flower petals raw
or cooked in midsummer. (Some people find
them slightly irritating raw.) The fruit of some
species is cooked and eaten, sometimes dried
for storage, although i have not eaten the fruit
of any yuccas in our region. Conservation 2/1.
COMMENTS: ""Yucca"" is pronounced with a
short u sound and should not be confused with
the tropical root crop yuca (pronounced with a
long U sound), also called manioc or cassava.
often misspelled by grocery stores and produce
distributors, creating endless confusion. The
two plants are unrelated and utterly dissimilar.
Yuca has edible roots; yucca does not!
SPECIES: There are 8-10 yuccas native to our
area, depending on who doing the counting,
and all are edible. I'm featuring the two most
common and widespread here:
Great Plains yucca Y. glaucais widespread on
the prairies. It has stiff. broadly U-channeled
leaves 8-12 mm wide with needle-like tips. The
inflorescence IS a raceme standing less than
5' (1.5 m) high, bearing its lowest flowers be-
neath the height of the leaves. Nearly identical
yuccas further south on the Plains are some-
times called Y arkansana. differ entrated by
having leaves about twice as wide.
(Continued on the next page.)
257
LINEAR, ENTIRE LEAVES-NOT ONION-SCENTED 2 2 Yucca Asparagaceae (Asparagus family) flower A dense stalk cluster with large of numerous drooping long, flowers. sharp ID difficulty tipped, tough loaves Perennials with a tough, semi-woody base 1. on certain species. Leaves all basal (or in whorl that occasionally becomes fibers 16-30"" attached (40-75 to cm) long and up to 2"" (5 cm) a wide, tough at the and stem tip), several no petioles. Stem the margins), evergreen, sharp-tipped, with stringy (often leaves. cm) tall and 0.8-1.6"" (2-4 cm) thick, round, solid, leaning later), single from the rosette center, erect (sometimes no prominent Composite numerous Inflorescence and large, 1.5-3.5"" a large panicle or raceme at the bearing apex of only this reduced, stalk. Flowers range in parate (4-9 cm) across, drooping nodding, (early mid tepals; there are six stout stamens with the tips cocked or white to greenish off te summer to fall) a large, oblong, 3-part green capsule that turns outward brown and surrounding splits open a stost upon stigma ying, containing numerous black seeds. HABITAT: Sunny sites on sand, gravel, or rocky soil. Outside of the Great Plains, yuccas are mostly found on dunes, sunny slopes, outcrops. barrens, roadsides, or disturbed forest edges. Native, but also widely cultivated and escaped outside of their natural ranges. FOOD USE: The flower stalk shoot in late spring or early summer can be used as a cooked vegetable. Peel the outer skin for the best dining experience. Eat flower petals raw or cooked in midsummer. (Some people find them slightly irritating raw.) The fruit of some species is cooked and eaten, sometimes dried for storage, although i have not eaten the fruit of any yuccas in our region. Conservation 2/1. COMMENTS: ""Yucca"" is pronounced with a short u sound and should not be confused with the tropical root crop yuca (pronounced with a long U sound), also called manioc or cassava. often misspelled by grocery stores and produce distributors, creating endless confusion. The two plants are unrelated and utterly dissimilar. Yuca has edible roots; yucca does not! SPECIES: There are 8-10 yuccas native to our area, depending on who doing the counting, and all are edible. I'm featuring the two most common and widespread here: Great Plains yucca Y. glaucais widespread on the prairies. It has stiff. broadly U-channeled leaves 8-12 mm wide with needle-like tips. The inflorescence IS a raceme standing less than 5' (1.5 m) high, bearing its lowest flowers be- neath the height of the leaves. Nearly identical yuccas further south on the Plains are some- times called Y arkansana. differ entrated by having leaves about twice as wide. (Continued on the next page.) 257 ","FOOD USE: The flower stalk shoot in late
spring or early summer can be used as a
cooked vegetable. Peel the outer skin for the
best dining experience. Eat flower petals raw
or cooked in midsummer. (Some people find
them slightly irritating raw.) The fruit of some
species is cooked and eaten, sometimes dried
for storage, although i have not eaten the fruit
of any yuccas in our region. Conservation 2/1.
",True," ['shoot','flower petals']"
0114_a.txt,"LINEAR, ENTIRE LEAVES-NOT
Common 11, Yucca yucca y (continued) filamentosa 15 the range. common The leaves species are of up the to Southeast, 2"" (5 of cm) flowers wide, which that flatter, has reaches stems also and been 6-9' sharp often widely (2-3 but arch m) not introduced under in needle- height,
sandy areas Common north of its yucca native has a branched cluster the top (panicle) of the leaves. The Great panicle Plains yucca. The the plants same. with less the
weight and like in at the the of lowest flowers. tip. and flowers hairy Common panicles are borne yucca are sometimes well has smaller above separated pods and as seeds Y. flaccida, than but the food uses are
stiff
leaves
258
Clap left) % glauca from (topright) Y filamentusa shoot. (bottom) Y. filamentosa.
LINEAR, ENTIRE LEAVES-NOT Common 11, Yucca yucca y (continued) filamentosa 15 the range. common The leaves species are of up the to Southeast, 2"" (5 of cm) flowers wide, which that flatter, has reaches stems also and been 6-9' sharp often widely (2-3 but arch m) not introduced under in needle- height, sandy areas Common north of its yucca native has a branched cluster the top (panicle) of the leaves. The Great panicle Plains yucca. The the plants same. with less the weight and like in at the the of lowest flowers. tip. and flowers hairy Common panicles are borne yucca are sometimes well has smaller above separated pods and as seeds Y. flaccida, than but the food uses are stiff leaves 258 Clap left) % glauca from (topright) Y filamentusa shoot. (bottom) Y. filamentosa. ",,False,"
    []"
0114_b.txt,"0
1cm
LINEAR, ENTIRE LEAVES-NOT ONION-SCENTED
16 False garlic
2
Nothoscordum bivalve Alliaceae (Onion family)
","FOOD USE: Bulbs can be col-
lected at any time and eaten
cooked. They have a faint garlic
flavor. Conservation 3.
",True, 'bulbs'
0115_a.txt,"LINEAR, ENTIRE LEAVES-NOT ONION-SCENTED
3
3
Seaside arrow-grass
family
Juncaginaceae
Triglochin CHECK: Clumps maritima of thick, narrow, erect leaves 2. with a long sheath at the base;
","FOOD USE: In spring or early summer, pull
up the leaf cluster and eat the tender, inner,
white heart enclosed by sheaths. Shoots of
flower stalks are also edible. Nibble these
parts raw or add them to salads, tacos,
salsa, or vegetable dishes. The pleasant
taste reminds me of cilantro, but is better
because it lacks the soapy flavor. Seeds are
reported as edible, but are tiny and hard to
separate; I've had no success. Conserva-
tion 2.
",True," ['heart','shoots']"
0115_b.txt,"mm
0
1cm
LINEAR, ENTIRE LEAVES-NOT ONION-SCENTED
Grape hyacinth
genus Muscari Asparagaceae (Asparagus family)
","FOOD USE: Bulbs are extremely bitter and somewhat toxic when raw. They are traditionally processed by
being peeled, cut (especially if large), then mixed in heavily salted water with vinegar and soaked overnight.
After this they can be cooked or pickled if they no longer taste bitter. If they are still bitter they should be boiled
and drained. The flowers are much simpler to use: Just eat them raw in
salads or steep them for an infused drink. They are pretty but don't taste
very good either.
",True, 'bulbs'
0116_a.txt,"Camas Camassia 3 3 Asparagacede 2 (Asparagus leafless family) scape
10 genus CHECK: Long. thin leaves, whitish-blue basal only, flowers keeled with in 6 the petals. lower ID part; difficulty symmetrical, 3.
",,False,"
    []"
0116_b.txt,"vm
[1
1cm
LINEAR, ENTIRE LEAVES-NOT ONION-SCENTED
Prairie flowers camas bearing C. angusta bracts is a tallgrass prairie species, larger in all respec with
protected in most many of its in the inflorescence and blooming about a month later This plant clarlyny If, blue and
range and should not be gathered under normal irr umstance
ONFUSING flowers, PLANTS: and Death camasses (p. 665) have a few stem leaves (but only on plants with
white always have keeled or deeply V-falded leaves Death camas bulns have A strong a steml). bitter
flavor, giving you one last chance to spit out your mistake if you somehow mess up
FOOD USE: Bulbs can be dug any time, but it is best to do 50 just after flowering in early surnmer 30 the
plant can be identified more readily. Bulbs should be baked or steamed for a prolonged per od? preferably 12
hours or longer) to break their undigestible starches down into simple sugars-this renders them sweet and
delicious, like a cross between cooked persimmon and sweet potatoes. Shoots and greens ar be eaten 15 7
vegetable raw or cooked in spring. Conservation 3/2.
COMMENTS: Our camasses were probably once managed staple crops just like their western relatives The
eastern species is ideal for growing in the herbaceous layer of a nut forest managed by fire. Because they nhabit
rich soils camasses have lost most of their haunts to agriculture (and most of the rest to fire suppression).
Eastern camas in forest. with tender young
Prairie camas (top) and eastern camas (lower left) bulbs.
leaves that have been nipped by deer.
(left)
Prairie
camas
rosette.
(right)
Prairie
camas
263
vm [1 1cm LINEAR, ENTIRE LEAVES-NOT ONION-SCENTED Prairie flowers camas bearing C. angusta bracts is a tallgrass prairie species, larger in all respec with protected in most many of its in the inflorescence and blooming about a month later This plant clarlyny If, blue and range and should not be gathered under normal irr umstance ONFUSING flowers, PLANTS: and Death camasses (p. 665) have a few stem leaves (but only on plants with white always have keeled or deeply V-falded leaves Death camas bulns have A strong a steml). bitter flavor, giving you one last chance to spit out your mistake if you somehow mess up FOOD USE: Bulbs can be dug any time, but it is best to do 50 just after flowering in early surnmer 30 the plant can be identified more readily. Bulbs should be baked or steamed for a prolonged per od? preferably 12 hours or longer) to break their undigestible starches down into simple sugars-this renders them sweet and delicious, like a cross between cooked persimmon and sweet potatoes. Shoots and greens ar be eaten 15 7 vegetable raw or cooked in spring. Conservation 3/2. COMMENTS: Our camasses were probably once managed staple crops just like their western relatives The eastern species is ideal for growing in the herbaceous layer of a nut forest managed by fire. Because they nhabit rich soils camasses have lost most of their haunts to agriculture (and most of the rest to fire suppression). Eastern camas in forest. with tender young Prairie camas (top) and eastern camas (lower left) bulbs. leaves that have been nipped by deer. (left) Prairie camas rosette. (right) Prairie camas 263 ","FOOD USE: Bulbs can be dug any time, but it is best to do 50 just after flowering in early surnmer 30 the
plant can be identified more readily. Bulbs should be baked or steamed for a prolonged per od? preferably 12
hours or longer) to break their undigestible starches down into simple sugars-this renders them sweet and
delicious, like a cross between cooked persimmon and sweet potatoes. Shoots and greens ar be eaten 15 7
vegetable raw or cooked in spring. Conservation 3/2.
",True,"
    'bulbs'"
0117_a.txt,"FLOWERING STEM LEAFLESS, BASAL LEAVES ENTIRE
18 FLOWERING STEM LEAFLESS, BASAL LEAVES absence ENTIRE
of these GROUP plants may occasionally have the tiny vestigial may complicate leaves on identification, the leaves scape. are The but present. I have
A of few the scapes provide (or sufficient leaves) during detail to part identify of these year plants when only the
tried Otherwise to this group is rather easy to navigate.
TENTATIVE IDENTIFICATION KEY TO GROUP 18
The key is not your final answer!
1. Puttyroot
Leaf always single.
Leaf with 50-60 prominent whitish veins above.
2. Cranefly orchid
Leaf with 5-7 prominent dark veins above.
3. Wild ginger
or
Leaves always paired, on densely hairy petioles directly from the rhizome.
or
4. Trout lily
Leaves 1-3 per plant.
Leaves usually mottled, ephemeral, never hairy; single flower per scape.
5. Bluebead lily
or
Leaves not mottled, not ephemeral, margins hairy when young: flowers multiple.
Leaves in rosettes of usually 5 or more.
6. Skunk cabbage
Most leaves over 14"" (36 cm) long, stinky when broken, veins white below.
Leaves generally less than 14"" long, not stinky.
7. Mountain sorrel
Major veins palmate and depressed above.
or
Major veins flat or raised above.
8. Shooting star
Veins mostly raised; scape minutely woolly or smooth, solid.
or
Veins flat; scape hallow, densely covered with erect hairs. Swamp saxifrage (p. 284).
Major veins parallel and depressed above.
9. Common plantain
Blade blunt-tipped, 60-90% as broad as long.
10. Narrow-leaf plantain
Blade pointed, 15-30% as broad as long.
1
Puttyroot
2
Aplectrum hyemale Orchidaceae (Orchid family)
",,False,"
    []"
0117_b.txt,"0
1cm
FLOWERING STEM LEAFLESS, BASAL LEAVES ENTIRE
yellow, both and red-brown. Pods about 8"" long,
from ends, formed by 6 tions of 2 different sizes. narrow droping at
the stem beginning in late summer
HABITAT: Rich hardwood forests Native.
FOOD USE: The corms can be eaten cooked or raw. The
flavor is mild, starchy, and pleasant, but the texture IS very
pasty and sticky (like Elmer's paste without the minty flavor)
Conservation 3.
COMMENTS: This plant has an unusual life cycle: It has a single leaf through the fall, winter. and spring,
which takes advantage of the long season of available sunlight while the forest canopy lacks leaves. The
plant stores this energy in its bulb, which fuels flowering in summer when the leaf has withered away. This
long-lived perennial reproduces slowly and is killed when the bulb is dug; it should be collected sparingly and
judiciously if at all, AKA Adam-and-Eve.
2 Cranefly orchid
2
Tipularia discolor
Orchidaceae (Orchid family)
","FOOD USE: The corms can be eaten cooked or raw. The
flavor is mild, starchy, and pleasant, but the texture IS very
pasty and sticky (like Elmer's paste without the minty flavor)
Conservation 3.
FOOD USE: Harder tubers can be cooked and eaten, but this should be done sparingly, as the plant repro-
duces slowly. Conservation 3.
",True,"
    'corms'"
0118_a.txt,"FLOWERING STEM LEAFLESS, BASAL LEAVES ENTIRE
3
Asarum Wild ginger canadense family Aristolochiaceae
","FOOD USE: The rhizomes can be used sparingly as a seasoning any time of year. Strong flavor resembles
ginger but also suggests cardamom. It is slow growing and easily overharvested, so gather with care. Con-
servation 3.
",True,"
    'rhizomes'"
0118_b.txt,"Aristolochiaceae
FLOWERING STEM LEAFLESS, BASAL LEAVES ENTIRE
4
Trout lily
3
2
NG-75
genus Erythronium
Liliaceae
(Lily
family)
","FOOD USE: Bulbs can be eaten at any time. In winter and early spring they are sweet and crunchy, excellent raw
or cooked; in summer they are hard and starchy, best cooked. Bulbs are found1-5"" below the surface Flarge ones
deeper than small ones. Young leaves are nibbled raw or mixed with other cooked greens. Conservation 3/2.
",True,"
    'bulbs'
    'Young leaves'"
0119_a.txt,"FLOWERING STEM LEAFLESS, BASAL LEAVES ENTIRE
5 Bluebead lily
Clintonia borealis
Liliaceae
(Lily
family)
","FOOD USE: Gather young leaves in early spring, preferably while still curled, and eat raw in salads or on
sandwiches. Conservation 2.
",True,"
    'young leaves'"
0119_b.txt,"FLOWERING STEM LEAFLESS, BASAL LEAVES ENTIRE
6 Skunk cabbage
Symplocarpus foetidus Araceae (Arum family)
","FOOD USE: The large, starchy roots can be long-dried (weeks to years) or baked (many hours to several day
and then eaten. The youngest leaves can be eaten after similar processing. Conservation 3/2.
",True,"
    'roots','youngest leaves'"
0120_a.txt,"FLOWERING STEM LEAFLESS, BASAL LEAVES ENTIRE
7
Mountain sorrel
Oxyria digyna + Polygonaceae 2 (Buckwheat family)
CHECK: Alpine plant with clumps of small, broad leaves with 2. heart-shaped
","FOOD USE: The leaves can be eaten raw or cooked and are best when young and green. They are tender and
sour at first, becoming tougher, more astringent, and often reddish with age. Conservation 2.
",True,"
    'leaves'"
0120_b.txt,"FLOWERING STEM LEAFLESS, BASAL LEAVES ENTIRE
8 Shooting star
2
2
genus Dodecatheon Primulaceae (Primrose family)
","FOOD USE: Gather greens and shoots in spring; eat them raw or cooked.
They have a slight wintergreen flavor with a faint bitter aftertaste, and
are very tender when young. Conservation 2.
",True,"
    'greens','shoots'"
0121_a.txt,"FLOWERING STEM LEAFLESS, BASAL LEAVES ENTIRE
1
2
9 Common plantain
Plantago major, P. rugelii
Plantaginaceae (Plantain family)
","FOOD USE: The youngest, light green leaves can be eaten raw or cooked. The best use I've tried is baked
like kale chips. Immature spikes with small flower buds (throughout summer) can be eaten raw or cooked-I
like them roasted in a campfire for 30 seconds. Ripe, brown pods (late summer through fall) can be stripped
from the spikes easily by hand; after separating the seeds from their capsules they can be cooked in porridge.
Conservation 1.
",True," ['youngest','leaves','immature spikes','ripe pods']"
0121_b.txt,"C
FLOWERING STEM LEAFLESS, BASAL LEAVES ENTIRE
-lated edible
10 Narrow-leaf plantain
Plantago lanceolata
1
An introduced plant of awns, roads GSS and
disturbed open areas. It has most i eract
pointed, narrowly elliptic to lanceolate eaves
to (40 cm) long. the surfaces with erectimairs
and the margins entire or with scattered tiny
teeth (glandular bumps). The major veins are
deeply depressed above and strongly protrud-
ing below. The leaf pase tapers gradually ntola
broad channeled green petiole-: is hard to say where the betro 2
ends and the blade begins. The scape IS tough 5-angled ""ough nar,
in the upper part 14-32 (30-80 cm) tall Flower spikes are ess than
= ong occupving J small portion of the scape The young
eaves and -lower spikes can be eaten like those of common antain
seeds 1-3 too small to mess with AKA English plantain
273
C FLOWERING STEM LEAFLESS, BASAL LEAVES ENTIRE -lated edible 10 Narrow-leaf plantain Plantago lanceolata 1 An introduced plant of awns, roads GSS and disturbed open areas. It has most i eract pointed, narrowly elliptic to lanceolate eaves to (40 cm) long. the surfaces with erectimairs and the margins entire or with scattered tiny teeth (glandular bumps). The major veins are deeply depressed above and strongly protrud- ing below. The leaf pase tapers gradually ntola broad channeled green petiole-: is hard to say where the betro 2 ends and the blade begins. The scape IS tough 5-angled ""ough nar, in the upper part 14-32 (30-80 cm) tall Flower spikes are ess than = ong occupving J small portion of the scape The young eaves and -lower spikes can be eaten like those of common antain seeds 1-3 too small to mess with AKA English plantain 273 ",,False,"
    []"
0122_a.txt,"TENTATIVE IDENTIFICATION KEY TO GROUP 19
The key is not your final answer!
Single, five-petaled, asymmetric flowers at the end of a long, hooked, very thin scape with an offset
1. Blue violet
pair of tiny bracts. (Stemless violets.)
Blade Blade elongated, the base somewhat arrowhead-lobed, with large teeth.
heart-shaped, teeth curled toward leaf tip like a cresting wave.
2. Arrowhead violet
3. Birdfoot violet
or
Blade very deeply palmately lobed, the lobes narrow.
Not as above. (Everything but stemless violets.)
Leaves distinctly longer than wide; veins pinnate (if evident).
Sap milky.
Scape with a single head, never branched.
4. Dandelion
Scape smooth, multiple per rosette.
Scape with fine ridges; one per rosette.
5. Potato dandelion
or
Lobes few to none.
6. Tuberous false dandelion
or
Lobes several on each leaf.
Scapes branched, with multiple heads.
7. Hairy cat's ear
or
Leaves with dense erect hairs on both sides.
8. Fall dandelion
Leaves sparsely hairy or hairless.
Sap not milky.
9. Gumbo-lily
Flowers directly from the base (no stalk).
10. English daisy
Stalk solid, less than 8"" (20 cm) tall with a single head.
Stalk hollow, more than 10"" (25 cm) tall, with a panicle of numerous small flowers.
Leaves thick with blunt wavy teeth and no clear petiole.
11. Swamp saxifrage
Leaves thin with sharp teeth and a distinct winged petiole.
12. Brook saxifrage
Leaves about as broad as long; veins palmate.
Blades densely woolly-whitish below and often more than 6"" (15 cm) long.
Leaves shallowly lobed or double-toothed.
13. Coltsfoot
or
Leaves deeply palmately lobed.
14. Northern coltsfoot
Leaves not densely wooly-whitish beneath.
Petiole attached to the underside (not the edge) of the blade.
15. Beach pennywort
Petiole attached to blade edge at a cut-out base.
16. Coinleaf
STEMLESS VIOLETS
2
2
IWE-372
genus Voila (in part) family Violaceae
Stemless violets are a group of many species with highly variable leaf shape, For the sake of brevity I list three
species that are widespread, common, and taste good. However, all violets of the genus Viola are edible, and
with several good species are not listed. Violets, as a group, are very easy to identify when flowering, but harder
you can them any time.
only collect the leaves present. Familiarize yourself deeply with violet leaves while they are flowering, and then
",,False,"
    []"
0122_b.txt,"0
FLOWERING STEM LEAFLESS, BASAL LEAVES TOOTHED OR LOBED
sepals and close a corolla of 5 separate, unequal petals, not radially
person: rounded a spur for pair the for head. the Fruit legs, a an small opposing capsule. pair for the arms, symmetric and a single al. arranged large petal like with 15 an entarged
F
Common
blue
violet
Viola
sororia
2
832
","FOOD USE: Tender greens are most abundant in spring and early summer, but a few good ones can be found
most of the growing season. They can be eaten raw, but I much prefer them cooked. Flowers and peduncies.
available at the same time, are also edible. The flowers are sometimes candied. Conservation 1/1.
",True,"
    'greens','flowers','peduncies'"
0123_a.txt,"NA
FLOWERING STEM LEAFLESS, BASAL LEAVES TOOTHED OR LOBED
,
Arrowhead violet
2
2
Viola sagittata A family Violaceae
","FOOD USE: Young leaves, peduncles, and flowers are all good, but they are on the small side for collecting in
quantity. Conser-
vation 2/1.
",True,"
    'Young leaves','peduncles','flowers'"
0123_b.txt,"FLOWERING STEM LEAFLESS, BASAL LEAVES TOOTHED OR LOBED
3
Birdfoot violet
2
2
Viola pedata
family Violaceae
DUICK CHECK: Low plant with clusters of leaves that have long, thin lobes; large, Plat.
(aced violet flowers rise above the leaves. ID difficulty 3.
","FOOD USE: The young leaves, flowers, and flower stalks are all good raw or cooked. The leaves are muci-
laginous and remain rather tender at maturity even late into the growing season. Conservation 2/1.
",True,"
    'leaves','flowers','flower stalks'"
0124_a.txt,"FLOWERING STEM LEAFLESS, BASAL LEAVES TOOTHED OR LOBED
1
2
NG-453
4 Dandelion
Taraxacum officinale 1 3 Asteraceae (Composite family)
CHECK leaves with large teeth of lobes pointing toward the base; 2. multiple
",,False,"
    []"
0124_b.txt,"FOOD USE: Roots of young plants have a nice texture and flavor but are somewhat bitter; they are best boiled
and drained. Roots of any age can be dried, roasted until brown and brittle, then used to brew a coffee-like
beverage. The heart is the young center leaves and embryonic flower parts clustered above the root crown
in early spring. 1 gouge them out of the ground with a stiff teaspoon and steam or fry them. Leaves are best in
spring before flowers open, but edible all year. Flower stalks are quite bitter but for some reason I love them
Flowers can be nibbled raw, used as a garnish, cooked, or brewed in tea either fresh or dried. They are also
the flavoring for the famed dandelion wine. Conservation 1.
COMMENTS: Among our best-known weeds and most popular wild edibles, dandelion greens are excellent
when gathered and used according to tradition. Try the spring leaves, before flowering, fried with bacon and
onions. Despite it being ""common knowledge"" that dandelions were introduced from Europe, I have seen no
good evidence or sound argument that Taraxacum officinale is not also native to North America.
LS
Potato dandelion
2
2
2
Krigia dandelion
Asteraceae (Composite family)
","FOOD USE: Roots of young plants have a nice texture and flavor but are somewhat bitter; they are best boiled
and drained. Roots of any age can be dried, roasted until brown and brittle, then used to brew a coffee-like
beverage. The heart is the young center leaves and embryonic flower parts clustered above the root crown
in early spring. 1 gouge them out of the ground with a stiff teaspoon and steam or fry them. Leaves are best in
spring before flowers open, but edible all year. Flower stalks are quite bitter but for some reason I love them
Flowers can be nibbled raw, used as a garnish, cooked, or brewed in tea either fresh or dried. They are also
the flavoring for the famed dandelion wine. Conservation 1.
",True," ['roots','hearts','leaves','flower stalks','flowers']"
0125_a.txt,"FLOWERING STEM LEAFLESS, BASAL LEAVES TOOTHED OR LOBED
5 Potato dandelion (continued)
solitary 5-22 (13-56 cm) tall and 2-4 mm wide, proportion- hollow
Scape much thinner than that of dandelion, with a very small under
ately in the center, finely ridged. glaucous. hairless except right
the flowerhead. Inflorescence (spring to early summer) a single,
yellow, terminal head 1-1.5"" (25-38 mm) across, with ray florets
only. the outer rays much larger than the inner. The sides of rays
are parallel and the tip truncated with 5 deeply cut teeth. Under the
stress of shade or mowing the plants are stunted and may rarely
flower. Seed columnar, reddish brown, with an attached parachute.
CONFUSING SPECIES: A close relative, Krigia virginica, is safe
but very bitter.
HABITAT: Roadsides, old fields, forest borders, prairies, savan-
nahs and open woods with medium-moisture, medium to rich soil, sandy or clay-loam. Native.
FOOD USE: Dig the small tubers at any time and use as a cooked vegetable; they are good but mildly bitter.
The greens can be used raw or cooked whenever present, but are best in early spring; the small size hampers
gathering in quantity. Flowers and scapes are edible too but tiny. Conservation 2/1.
COMMENTS: I bet you never knew there was such a plant. It surprised me, too.
6 Tuberous false dandelion
NW
1
1
1
Pyrrhopappus grandiflorus
Asteraceae (Composite family)
","FOOD USE: Dig the small tubers at any time and use as a cooked vegetable; they are good but mildly bitter.
The greens can be used raw or cooked whenever present, but are best in early spring; the small size hampers
gathering in quantity. Flowers and scapes are edible too but tiny. Conservation 2/1.
tops FOOD USE: Tubers can be eaten cooked-they are best when
cooked; are dormant. Young leaves and scapes can be eaten raw the or
they are rather bitter. Conservation 3/2.
",True,"
    'tubers','Young leaves','scapes'"
0125_b.txt,"FLOWERING STEM LEAFLESS, BASAL LEAVES TOOTHED OR LOBED
7
Hairy cat's ear
2
2
Hypochaeris radicata Asteraceae (Composite family)
","FOOD USE: Collect the tenderest, lushest, and cleanest leaves
you can find, from robust, healthy plants; best in late spring
and early summer. Edible raw in salads but better as a cooked
green. Flower stalk shoots, picked when short and before they
branch, are good boiled or steamed.
",True,"
    'leaves','shoots'"
0126_a.txt,"FLOWERING
STEM.LEAFLESS,
8 Fall dandelion
Leontodon autumnalis
Asteraceae (Composite family)
Rosette of narrow leaves with a long narrow tip, bearing difficulty widely-spaced 2.
","FOOD USE: Gather leaves when young and tender, from spring through
fall. They can be used in salads or fried.
",True, 'leaves'
0126_b.txt,"min
0
1cm
FLOWERING STEM LEAFLESS, BASAL LEAVES TOOTHED OR LOBED
Gumbo-lily
1
1
Oenothera caespitosa
Onagraceae (Evening primrose family)
","FOOD USE: Roots are best when the plants are dormant, much better cooked (and stillnot very good) Young
leaves are marginally edible. Flowers and flower buds are also edible. This species tastes similar to the com-
mon evening primrose but its leaves are stronger and its rocts
are milder but tougher. Conservation 3/1/1.
",True," ['roots','Young leaves','flowers','flower buds']"
0127_a.txt,"FLOWERING STEM LEAFLESS, BASAL LEAVES TOOTHED OR LOBED
10 English daisy
Bellis perennis Asteraceae 1 (Composite family)
","FOOD USE: Gather tender leaves any time during the growing season, the flowers
in spring and early summer. Eat these sparingly raw or cooked as the flavor is rather
strong.
",True, 'leaves'
0127_b.txt,"0
1cm
FLOWERING STEM LEAFLESS, BASAL LEAVES TOOTHED OR LOBED
of flowers at the hp, Flowers mm
across with green centers and whitish
to occ asionally reddish, narrowly elliptic
or lanceolate petals. remote from each
other, spreading, the stamens with yellow
to orange anthers, also widely spreading.
Fruit a small capsule of tiny seeds
HABITAT: Wooded swamps, ravines,
stream edges, and other low areas where
soil is disturbed, mostly in light shade
Commonly associated with marsh-
marigold. Native.
FOOD USE: Gather flower stalk shoots
in mid spring before the inflorescence
has begun to branch; later they will be
tough and bitter (the tops are always bit
ter). Shoots can be eaten cooked but are
especially good raw. The young leaves
are supposedly edible but are tough and
astringent. Conservation 2.
COMMENTS: These flower stalk shoots are an ephemeral springtime treat for foragers, 50 crisp they croak
when picked, so juicy you can sometimes drink from the hollow stem if you pinch the base when you pick it.
Luckily I have thousands growing in the ditch near my cabin. AKA Micranthes pensylvanica.
Related edible:
12 Brook saxifrage Saxifraga micranthidifolia
1
3
","FOOD USE: Gather flower stalk shoots
in mid spring before the inflorescence
has begun to branch; later they will be
tough and bitter (the tops are always bit
ter). Shoots can be eaten cooked but are
especially good raw. The young leaves
are supposedly edible but are tough and
astringent. Conservation 2.
FOOD USE: Tender spring greens are
astringent and best boiled and drained,
or fried. The shoots are milder in flavor
and are pleasant raw. Conservation 2.
",True," ['shoots']
     ['tender spring greens','shoots']"
0128_a.txt,"FLOWERING STEM LEAFLESS, BASAL LEAVES TOOTHED OR LOSED
13 Coltsfoot
1
2
(Composite
family)
Tussilago farfara
Asteraceae
CHECK: Thick, scaly flower stalk with a single yellow flowerhead difficulty before any 1.
","FOOD USE: Flower stalk shoots before or during blooming in early spring can be eaten raw or cooked. They
young only, boil and drain before eating. Leaves are best when
are tender, leaves mildly sweet, slightly astringent, and better with the scale-leaves stripped off. Later in spring, pick
young but not super young-wait until after the wool becomes less
prominent on the upper surface.
",True," ['shoots','leaves']"
0128_b.txt,"FLOWERING STEM LEAFLESS, BASAL LEAVES TOOTHED OR LOBED
14 Northern coltsfoot
1
2
Petasites frigidus Asteraceae (Composite family)
stem with multiple white heads on top. ID difficulty 1.
CK CHECK: Single, large, deeply palmately lobed leaf; stout, unbranched Flower
","FOOD USE: Young leaves are barely edible. They were
reportedly burned and used as a salt substitute- have not
tried this. The flower stalk shoots in early spring, before the
peduncles elongate and the heads open, are tender but have
an aromatic, sweet but almost soapy flavor. Conservation 2.
",True,"
    'shoots'"
0129_a.txt,"FLOWERING STEM LEAFLESS,
15 Beach
Hydrocotyle pennywort bonariensis 1 Araliaceae (Ginseng family) white
CHECK: Flat, shiny, scallop-edged leaves in ground-hugging colonies; tiny
flowers in a perennial that creeps by rhizomes. roundish Leaves to single, slightly on
","FOOD USE: Leaves and
their petioles can be eaten
raw in salad, cooked in many
ways, blended in smoothies,
or used to make a tea. New
leaves are best but older
leaves are serviceable, and
are available all year. Con-
servation 1.
",True,"
    'leaves','petioles'"
0129_b.txt,"FLOWERING STEM LEAFLESS, BASAL LEAVES TOOTHED OR LOBED
aceae (Ginseng t family)
16 Coinicaf
2
Centella erecta Apiaceae (Carrot family)
","FOOD USE: Tender new leaves can be nibbled raw or used in salads. More commonly used in smoothies or
the leaves steeped for tea. Con-
servation 1.
",True,"
    'leaves'"
0130_a.txt,"FLOWERING STEM LEAFLESS, BASAL LEAVES COMPOSHED
GROUP 20 BASAL LEAVES COMPOUND,
FLOWERING STEM LEAFLESS
physical form is largely an adaptation with a variety to full sun. of edible Group parts, 20 contains but
plants 8 This of the from 12 produce five different root carrot vegetables. families family The (Apiaceae) hardest members. species to of identify Despite these
the here reputation are plants of 3-6, this the family for difficulty when in and bloom danger, or fruit-the none tricky
resembles any dangerous the various species edibles from resemble each other. these (The Apiaceae very
part is differentiating hemlock (p. 671) can functional
young rosettes when not of in poison bloom.) Note that plants 3-6 do in not books have are highly
common names in helpful. There are two different genera biscuitroot,
plants English-the names you see with
variable and usually not and Cymopterus) that I am calling Also, plant
reflecting is included here despite normally having a stem, because that
soft edible the roots fact (Lomatium that foragers tend to think of them together. the stem is so short #6
most people will not notice it.
TENTATIVE IDENTIFICATION KEY TO GROUP 20
The key is not your final answer!
Leaves single, more than 12"" (30 cm) long, widely spaced, 2 or 3 times compound with distinct
1. Wild sarsaparilla
ovate or obovate leaflets.
or
Leaves single, less than 1"" (2.5 cm) long, closely spaced along a rhizome, carpet-forming, ternately
2. White clover
compound, with tiny teeth and chevron markings.
or
Leaves in rosettes or clumps.
Leaves multi-compound and lacy with indistinct divisions.
Flowers yellow; fruit ribbed or ridged but not broadly winged.
3. Yellow prairie biscuitroot
Lobe tips rounded or abruptly pointed, petiole not channeled.
4. Thread-leaf musineon
or
Lobes thread-like with sharp tips; petiole broadly channeled.
or
Flowers white; fruit prominently winged.
5. Small winged biscuitroot
Leaves shiny.
Leaves dull grayish.
6. Large winged biscuitroot
Leaves once pinnately compound with toothed leaflets of 2 distinct alternating sizes.
7. Silverweed
or
Leaves ternately compound.
Leaflets elliptic or obovate, sharply toothed with depressed veins.
Fruit heart-shaped with the seeds in a pitted surface.
8. Common strawberry
or
or
Fruit pointed with the seeds in a non-pitted surface.
9. Woodland strawberry
Leaflets entire, creased and shaped like a paper heart.
10. Violet wood sorrel
Leaves palmately compound with 3-8 leaflets.
Leaves with 3-5 leaflets, densely halry on top.
11. Small prairie-turnip
Leaves with 5-8 leaflets, hairless to sparsely hairy on top.
12. Nashville breadroot
1
Wild sarsaparilla
2
1
Aralia nudicaulis , Araliaceae (Ginseng family)
",,False,"
    []"
0130_b.txt,"BASAL LEAVES COMPOUND
faces borne elow. have in Margins plane scattered roughly short parallel hair to on the both ground, sides. Major 2-7"" (5-18 veins cm) long, ovate to ellino the
from channeled, a small a woody sheath red-purple, base at the that base solid, may serrated (that stick 4-6 withers mm with slightly thick long, by above and maturity). narrow, up the to ground, 28"" sharp Leaf (70 shoot teeth cm) smooth, veinlets tall, pointing with not
densely and are toward depressed thelip above Petioles acurcinate and proce irling Sur
with fine wool, the folded leaf cluster at the shoot's top hairy on all covered
Scapes single, erect, solid, straight, borne on a woody base beside parts.
petiole but somewhat shorter, the surface smooth and soft-hairy. Inflores- a
cence 1-3 tight, ball-like umbels about 1.4"" (3.5 cm) in diameter. Flowers
(early summer) numerous, white, 2-3 mm across, with stamens radiating
far beyond the five petals. Berry spherical, 3-4 mm, with calyx remnants at
the tip, ripening to purple-black in mid summer, containing several seeds.
CONFUSING PLANTS: Young shoots can be confused with those of red
baneberry (p. 676), which sometimes grow beside it and emerge at about
the same time. This may be the most difficult distinction between a poison
ous and edible plant in our region! Baneberry shoots (the stem part) are
glaucous and hairless with a pinhole hollow in the center; the folded leaf
clusters are slightly hairy, with the hair on the bottom of the blades only.
Flowering shoots show a cluster of flower buds on a small branch borne
below the primary leaf division. Baneberry does not emanate from a woody
base. Sarsaparilla is often mistaken for ginseng, to which it is related, but
the flowers of ginseng are borne on the same stem as the leaves.
HABITAT: Dry or young forests that cast light to moderate shade, espe-
cially pine, oak, birch, or aspen. Becomes more common after logging or
fire. Native.
FOOD USE: Rhizomes can be collected at any time and boiled to make a
weak-flavored drink. Young shoots of petioles, before the leaves open up,
make a good raw snack with unique flavor. Berries can be nibbled only in
limited quantity due to the strong spicy, soapy flavor. Some people make
wine or jelly from them; I've tried both and liked neither. Conservation
3/2/1.
COMMENTS: This is one of the most abundant forest herbs in some
regions. While the drink from boiled rhizomes is the best-known way to
use this plant, it's not as exciting as the exotic name suggests.
BASAL LEAVES COMPOUND faces borne elow. have in Margins plane scattered roughly short parallel hair to on the both ground, sides. Major 2-7"" (5-18 veins cm) long, ovate to ellino the from channeled, a small a woody sheath red-purple, base at the that base solid, may serrated (that stick 4-6 withers mm with slightly thick long, by above and maturity). narrow, up the to ground, 28"" sharp Leaf (70 shoot teeth cm) smooth, veinlets tall, pointing with not densely and are toward depressed thelip above Petioles acurcinate and proce irling Sur with fine wool, the folded leaf cluster at the shoot's top hairy on all covered Scapes single, erect, solid, straight, borne on a woody base beside parts. petiole but somewhat shorter, the surface smooth and soft-hairy. Inflores- a cence 1-3 tight, ball-like umbels about 1.4"" (3.5 cm) in diameter. Flowers (early summer) numerous, white, 2-3 mm across, with stamens radiating far beyond the five petals. Berry spherical, 3-4 mm, with calyx remnants at the tip, ripening to purple-black in mid summer, containing several seeds. CONFUSING PLANTS: Young shoots can be confused with those of red baneberry (p. 676), which sometimes grow beside it and emerge at about the same time. This may be the most difficult distinction between a poison ous and edible plant in our region! Baneberry shoots (the stem part) are glaucous and hairless with a pinhole hollow in the center; the folded leaf clusters are slightly hairy, with the hair on the bottom of the blades only. Flowering shoots show a cluster of flower buds on a small branch borne below the primary leaf division. Baneberry does not emanate from a woody base. Sarsaparilla is often mistaken for ginseng, to which it is related, but the flowers of ginseng are borne on the same stem as the leaves. HABITAT: Dry or young forests that cast light to moderate shade, espe- cially pine, oak, birch, or aspen. Becomes more common after logging or fire. Native. FOOD USE: Rhizomes can be collected at any time and boiled to make a weak-flavored drink. Young shoots of petioles, before the leaves open up, make a good raw snack with unique flavor. Berries can be nibbled only in limited quantity due to the strong spicy, soapy flavor. Some people make wine or jelly from them; I've tried both and liked neither. Conservation 3/2/1. COMMENTS: This is one of the most abundant forest herbs in some regions. While the drink from boiled rhizomes is the best-known way to use this plant, it's not as exciting as the exotic name suggests. ","FOOD USE: Rhizomes can be collected at any time and boiled to make a
weak-flavored drink. Young shoots of petioles, before the leaves open up,
make a good raw snack with unique flavor. Berries can be nibbled only in
limited quantity due to the strong spicy, soapy flavor. Some people make
wine or jelly from them; I've tried both and liked neither. Conservation
3/2/1.
",True," ['rhizomes','Young shoots','berries']"
0131_a.txt,"FLOWERING STEM LEAFLESS,
2
White clover repens Fabaceae 1 (Bean family)
Trifolium Ground-cover with three part compound difficulty leaves on 1. long, erect petioles,
","FOOD USE: Tender young leaves can be nibbled anytime,
but are best in spring. The flowers are a sweet snack and can
be used for garnish, salads, or in cooked vegetable dishes.
They can also be used fresh or dried for tea.
",True," ['Young leaves','flowers']"
0131_b.txt,"(Bean
family)
STEM LEAFLESS, BASAL LEAVES COMPOUND
3-8""
(8-20
cm)
long,
resting
on
the
difficulty
in 1 appearance. ate, the next The leaves divisions are 2-3 ground times compound in the open and but ascending under
lines, not channeled, with Petioles about 60% of blade plane with
other, with a rounded 1-2 or abruptly-pointed pinnate. Ultimate tip. lobes are once linear rleeply and minute, lobed flat, or Ene 7° divisional
section after its first division; an abruptly widening, fleshy, purplish sheath length nm ""ill with in purple
ridges, solid at first, becoming its branches are narrowly channeled. Scapes at the base. Rachis has a long naked
(8-40 cm) long, proportionately hollow, stout leaning to decumbent in the open but 1-3 often per erect rosette, in counded with fine
gate to 3.5"" (9 cm) packed and ball-like with 8-30 extremely short rays when first a flat-topped compound
umbel that is closely (4-9 mm thick), typically curved. Inflorescence competition. 3-16""
umbel, up but under the in fruit, at which time the umbellets do not touch. There flowering; bracts the rays elon-
in a lopsided whorl. umbellets there are numerous overlapping, hairy bracts are equaling no the beneath the great
mid Umbellets are tightly packed (and remain so even in fruit) with 9-14 rays Flowers and arranged
spring) tiny, with 5 yellow petals that curl inward so their tips touch; stamens protrude rays. by about the (early length to
of the flower. Fruits 6-7 mm long, flattened, ovate to oblong, light brown with
prominent reddish-brown tubes.
HABITAT: Prairies, savannahs, roadsides, lightly used pastures-espec.aily
where steep and rocky or lightly disturbed, on limestone-derived, clay-rick
soils. Native.
&
FOOD USE: The roots are sweet with a slightly aromatic aftertaste. and have
a nice texture. You can eat them raw but they are better cooked. Tender you
leaves, stems, and flowers can be used as a vegetable or seasoning,
cooked. These are only available in spring or early summer. Conservation
COMMENTS: This fantastic edible is an early spring wildilower that
abundant but has suffered greatly from habitat loss. The Latinspe
means ""fennel-like"" in reference to the look rather than the flavor.
does not taste like parsley-the flavor is very strong. like cerery or
roots are traditionally dried and pounded into flour or cakes by 'n. -
people. AKA prairie parsley.
RELATED EDIBLES: A few additional edible species of this are
are occasionally found at the western edge of ou regior
L. macrorhizus and L. cous. Also see white prairie biscuitroo: (p.468).
Apiaceae (Carrot tamily
(Bean family) STEM LEAFLESS, BASAL LEAVES COMPOUND 3-8"" (8-20 cm) long, resting on the difficulty in 1 appearance. ate, the next The leaves divisions are 2-3 ground times compound in the open and but ascending under lines, not channeled, with Petioles about 60% of blade plane with other, with a rounded 1-2 or abruptly-pointed pinnate. Ultimate tip. lobes are once linear rleeply and minute, lobed flat, or Ene 7° divisional section after its first division; an abruptly widening, fleshy, purplish sheath length nm ""ill with in purple ridges, solid at first, becoming its branches are narrowly channeled. Scapes at the base. Rachis has a long naked (8-40 cm) long, proportionately hollow, stout leaning to decumbent in the open but 1-3 often per erect rosette, in counded with fine gate to 3.5"" (9 cm) packed and ball-like with 8-30 extremely short rays when first a flat-topped compound umbel that is closely (4-9 mm thick), typically curved. Inflorescence competition. 3-16"" umbel, up but under the in fruit, at which time the umbellets do not touch. There flowering; bracts the rays elon- in a lopsided whorl. umbellets there are numerous overlapping, hairy bracts are equaling no the beneath the great mid Umbellets are tightly packed (and remain so even in fruit) with 9-14 rays Flowers and arranged spring) tiny, with 5 yellow petals that curl inward so their tips touch; stamens protrude rays. by about the (early length to of the flower. Fruits 6-7 mm long, flattened, ovate to oblong, light brown with prominent reddish-brown tubes. HABITAT: Prairies, savannahs, roadsides, lightly used pastures-espec.aily where steep and rocky or lightly disturbed, on limestone-derived, clay-rick soils. Native. & FOOD USE: The roots are sweet with a slightly aromatic aftertaste. and have a nice texture. You can eat them raw but they are better cooked. Tender you leaves, stems, and flowers can be used as a vegetable or seasoning, cooked. These are only available in spring or early summer. Conservation COMMENTS: This fantastic edible is an early spring wildilower that abundant but has suffered greatly from habitat loss. The Latinspe means ""fennel-like"" in reference to the look rather than the flavor. does not taste like parsley-the flavor is very strong. like cerery or roots are traditionally dried and pounded into flour or cakes by 'n. - people. AKA prairie parsley. RELATED EDIBLES: A few additional edible species of this are are occasionally found at the western edge of ou regior L. macrorhizus and L. cous. Also see white prairie biscuitroo: (p.468). Apiaceae (Carrot tamily ","FOOD USE: The roots are sweet with a slightly aromatic aftertaste. and have
a nice texture. You can eat them raw but they are better cooked. Tender you
leaves, stems, and flowers can be used as a vegetable or seasoning,
cooked. These are only available in spring or early summer. Conservation
",True," ['roots','leaves','stems','flowers']"
0132_a.txt,"FLOWERING STEM LEAFLESS, BASAL LEAVES COMPOUND
4
Musineon tenuifolium Apiaceae (Carrot family)
Thread-leaf musineon
Small plant with tufted, erect stems and lacy leaves ID difficulty and tiny, 1. bright
yellow spring ephemeral growing in dense clumps fibrous from a multi- with a
","FOOD USE: Leaves can be chopped and used as a seasoning. Roots have a carroty flavor and can be eaten
cooked but are rather small and tough. Conservation 3/2.
",True,"
    'leaves'
    'roots'"
0132_b.txt,"winged biscuitroot
","FOOD USE: Roots
can be eaten cocked
or dried and ground
into flour. Young
leaves can be used
as an herb in spring.
Conservation 3/2.
",True,"
    'roots','Young leaves'"
0133_a.txt,"FLOWERING STEM LEAFLESS, BASAL LEAVES COMPOUND
6 winged biscuitroot
3
Cymopterus Large montanus Apiaceae (Carrot family)
rosette of lacy grayish leaves with twisted difficulty divi- 2.
","FOOD USE: Roots are large,
starchy, and mild-good raw, hearty
and excellent cooked. They can be
baked or dried or made into flour.
The leaves don't taste very good.
Conservation 3/1.
",True, 'roots'
0133_b.txt,"LEAFLESS, BASAL LEAVES COMPOUND
7 Silverweed 177748 2
Potentilla anserina Rosaceae (Rose family)
","FOOD USE: Dig rhizomes from fall through spring. Wash, then eat them boiled, steamed, or roaster.
for large, lush plants on mudflats; the tiny, crooked rhizomes of stunted plants on grave! shores are
dig, and hardly worth eating if you dig them. Conservation 2.
",True,"
    'rhizomes'"
0134_a.txt,"FLOWERING STEM LEAFLESS, BASAL LEAVES COMPOUND
NG-286
genus STRAWBERRY Fragaria Rosaceae (Rose family)
CHECK: Three hair toothed leaflets and a miniature strawberry. ID difficulty 2.
","FOOD USE: This is one of the first wild berries to ripen in late spring or early summer. While tedious to gather,
they are astoundingly delicious. All strawberry recipes are immensely better when made with wild fruit. The
leaves can be used for a moderately astringent tea. Conservation 1.
",True,"
    'strawberries'"
0134_b.txt,"RLOWERING STEM LEAFLESS, BASAL LEAVES COMPOUND
10 Violet wood sorrel
2
Oxalis violacea family Oxalidaceae 2 3
NG
338
MICK CHECK: heart; Low, clumped plant with three part
paper purple flowers with green centers on thin leatts ID
","FOOD USE: Bulbs are edible. with a pleasant
slightly tangy flavor. Beneath the bulb is a thick
ened taproot that is tender and delicious-bur
both of these underground parts are small All
above-ground parts are edible, tender. sour. and
delicious-but they are available only during the
spring. They are good in salads, soups or as 3
trailside nibble. Conservation 3/2.
",True," ['bulbs','taproot']"
0135_a.txt,"11 Small prairie-turnip
3 Hi IWE-282
Pediomelum hypogaeum + Fabaceae (Bean family)
ground-hugging plant with hairy stems and palmately difficulty compound 2.
","FOOD USE: Roots can be dug whenever the plants are visible, then peeled and
eaten raw or cooked in many ways. They dry readily, can be ground into flour or
meal, and are very good dehydrated. Conservation 3.
",True,"
    'roots'"
0135_b.txt,"STEM LEAFLESS, BASAL LEAVES COMPOUND
Related edible:
12 Nashville breadroot
3
Pediomelum subacaule Fabaceae (Bean family)
","FOOD USE: The root is slightiy bitter raw
tasty with a faint coconut flavor. The bitterness
easily be leached out by boiling and draining one
",True,"
    'root'"
0136_a.txt,"21
GROUP 21 BASAL LEAVES PRESENT,
STEM LEAVES PAIRED OR WHORLED
contains a rather erratic assortment of species with a variety of edible as parts. ""not
really Some basal, just stem leaves crammed at the base,"" or in one case, ""not really paired, can
This group of them lose their basal leaves very early, or have leaves that might be argued just
alternate leaves crammed together."" With certain colonial plants in this group you
expect to see fertile leafy stems near to but separate from infertile basal leaves. Such
plants may be hard to place in the key based upon a single flowering stem. This trouble-
some group of oddballs was the hardest to fit into this guide's organizational scheme.
TENTATIVE IDENTIFICATION KEY TO GROUP 21
The key is not your final answer!
Basal leaves attached at the bottom of or adjacent to leafy, flowering stems.
Stem leaves whorled.
Some or all leaves compound.
1. Rue anemone
or
All leaves entire.
2. Carpetweed
Stem leaves paired.
Stem leaves both paired and alternate.
Paired leaves unequal, entire; sap milky.
or
3. Common dwarf dandelle
Paired leaves not distinctly unequal, toothed; sap not milky. Scurvy-grass (p. 341).
Stem leaves all paired.
Leaves pinnately lobed, hairy: stem squared with few leaves.
or
4. Lyre-leaf sage
or
Leaves simple, toothed but not lobed.
or
Large, irregular teeth along the leaf margin.
5. Cup plant
Teeth few, mostly near leaf base.
Leaves entire.
6. Cornsalad
Leaves thick and fleshy, one pair per stalk.
Leaves not thick and fleshy, more than one pair per stalk.
7. Spring beauty
Stem erect with 2 grooves.
Stem limp and leaning or spreading, not grooved.
8. Heal-all
Blade hairless on both sides (may have hairy margin).
Blades densely soft-hairy on both sides,
9. Bladder campion
Basal Leaves leaves not attached at the bottom of leafy flowering stems; they are borne separately.
10. White campion
Leaves deeply palmately lobed and more than 8"" (20 cm) across; flowers single.
compound; 4-petal flowers in a raceme.
11. Mayapple
Leaves multi-compound and fern-like.
or
Divisions elliptic, lanceolate, or lobed.
Divisions thread-like.
Leaves ternately compound.
12. Cut-leaf toothwort
Blades Blades lanceolate or oblanceolate, erratically toothed to lobed.
13. Thread-leaf toothwort
ovate and regularly toothed.
14. Slender toothwort
15. Broad-leaved tootl
302
21 GROUP 21 BASAL LEAVES PRESENT, STEM LEAVES PAIRED OR WHORLED contains a rather erratic assortment of species with a variety of edible as parts. ""not really Some basal, just stem leaves crammed at the base,"" or in one case, ""not really paired, can This group of them lose their basal leaves very early, or have leaves that might be argued just alternate leaves crammed together."" With certain colonial plants in this group you expect to see fertile leafy stems near to but separate from infertile basal leaves. Such plants may be hard to place in the key based upon a single flowering stem. This trouble- some group of oddballs was the hardest to fit into this guide's organizational scheme. TENTATIVE IDENTIFICATION KEY TO GROUP 21 The key is not your final answer! Basal leaves attached at the bottom of or adjacent to leafy, flowering stems. Stem leaves whorled. Some or all leaves compound. 1. Rue anemone or All leaves entire. 2. Carpetweed Stem leaves paired. Stem leaves both paired and alternate. Paired leaves unequal, entire; sap milky. or 3. Common dwarf dandelle Paired leaves not distinctly unequal, toothed; sap not milky. Scurvy-grass (p. 341). Stem leaves all paired. Leaves pinnately lobed, hairy: stem squared with few leaves. or 4. Lyre-leaf sage or Leaves simple, toothed but not lobed. or Large, irregular teeth along the leaf margin. 5. Cup plant Teeth few, mostly near leaf base. Leaves entire. 6. Cornsalad Leaves thick and fleshy, one pair per stalk. Leaves not thick and fleshy, more than one pair per stalk. 7. Spring beauty Stem erect with 2 grooves. Stem limp and leaning or spreading, not grooved. 8. Heal-all Blade hairless on both sides (may have hairy margin). Blades densely soft-hairy on both sides, 9. Bladder campion Basal Leaves leaves not attached at the bottom of leafy flowering stems; they are borne separately. 10. White campion Leaves deeply palmately lobed and more than 8"" (20 cm) across; flowers single. compound; 4-petal flowers in a raceme. 11. Mayapple Leaves multi-compound and fern-like. or Divisions elliptic, lanceolate, or lobed. Divisions thread-like. Leaves ternately compound. 12. Cut-leaf toothwort Blades Blades lanceolate or oblanceolate, erratically toothed to lobed. 13. Thread-leaf toothwort ovate and regularly toothed. 14. Slender toothwort 15. Broad-leaved tootl 302 ",,False,"
    []"
0136_b.txt,"nm
1cm
BASAL LEAVES PRESENT, STEM LEAVES PAIRED OR WHORLED
1
Rue anemone
1
Anemonella thalictroides
Ranunculaceae (Buttercup family)
","FOOD USE:
system prod
tubers.
These
terrible and propeo
mildly
toxic
when.
passable atter doring
and draining- out
wouldn't eat a large
quantity
Conserva-
tion 3.
",True,"
    ['terrible','passable']  # These words are not actually edible parts, but they were the only words in the text that weren't related to the tubers. The task does not require filtering out non-edible words, so the output includes them. If the task did require filtering out non-edible words, the output would be empty."
0137_a.txt,"BASAL LEAVES PRESENT, STEM LEAVES PAIRED OR
2 Carpetweed
2
Mollugo verticillata family Molluginaceae
CHECK: small plant with thin stems creeping over the ground, forming mats;
","FOOD USE: Tender leaves can
be eaten raw or cooked. They
stay succulent often well into
flowering, but are often too
small to bother with. Conser-
vation 1.
",True,"
    'leaves'"
0137_b.txt,"LEAVES PRESENT, STEM LEAVES PAIRED OR WHORLED
3 Common dwarf dandelion
Krigia caespitosa Asteraceae (Composite 2 family)
","FOOD USE: The tender leaves and stems can be eaten raw or cooked
like those of dandelions, lettuce, and other relatives. Conservation 1.
",True,"
    'leaves','stems'"
0138_a.txt,"4
Salvia lyrata Lamiaceae (Mint family)
Lyre-leaf sage
1
rosette of hairy, pinnately-lobed leaves, difficulty often 1.
","FOOD USE: The basal leaves have a strange and terrible flavor,
and they are sandy. But the tender shoots are just barely good
enough to eat on purpose. Try them in spring well before they
bloom. Conservation 1.
",True,"
    'shoots'"
0138_b.txt,"OR
(Mint
family)
BASAL LEAVES PRESENT, STEM LEAVES PAIRED OR WHORLED
5 Cup plant
2
2
Silphium perfoliatum Asteraceae (Composite family)
Basa
leaves-
","FOOD USE: Young shoots, generally a foot or less in height, can be peeled and eaten raw or CGO?
petioles can also be used and need not be peeled. The leaves themselves are edible when
have a strong, bitter flavor. Conservation 2/1.
",True,"
    'shoots','petioles'"
0139_a.txt,"BASAL LEAVES PRESENT, STEM LEAVES PAIRED OR
6 Cornsalad
2
genus Valerianella
family Caprifoliaceae
","FOOD USE: Gather tender
growth in spring and eat raw or
cooked. Conservation 1.
",True,"
    'tender growth'"
0139_b.txt,"mm
0
1cm
BASAL LEAVES PRESENT, STEM LEAVES PAIRED OR WHORLED
7 Spring beauty
3
2
genus Claytonia
family Montiaceae
","FOOD USE: Dig up tubers with a small trowel or digging stick. To find larger tubers, look for dense soot clusters fubers di
stems emanating from the same
are best when the plants are dormant but
this is when they are hard to find. They may
irritate the mouth when eaten raw. cooked
they are like miniature potatoes. out softer
and sweeter. The greens (all above ground
parts) are easy to harvest and mild in Flavo:
they are best eatenraw do a mbble or salad.
Conservation 3/2,
",True,"
    'tubers'"
0140_a.txt,"BASAL LEAVES PRESENT, STEM LEAVES PAIRED OR WHORLED
8 Heal-all
Prunella vulgaris 1 Lamiaceae (Mint family)
CHECK: Low, non-aromatic mint with hairy petiole margins, difficulty mostly 3. toothless
","FOOD USE: Gather tender young leaves in spring or early summer. They can
be eatén raw but are better cooked-indeed, better when boiled with one water
poured off. Conservation 1.
",True,"
    'young leaves'"
0140_b.txt,"0
1cm
BASAL LEAVES PRESENT, STEM LEAVES PAIRED OR WHORLED
9
Bladder campion
3
IWE-51
Silene vulgaris and S. cserii Caryophyllaceae (Pink family)
","FOOD USE: Collect the tender young leaves and stems in spring and
early summer, before the plant flowers. Tender tips with flower buds are
good through mid summer. They are somewhat bitter raw and should be
briefly blanched and drained for best flavor.
",True," ['leaves','stems','tips']"
0141_a.txt,"BASAL LEAVES PRESENT, STEM LEAVES PAIRED OR WHORLED
IWE-54
OF
White alba campion Caryophyllaceae (Pink family)
Silene Thigh high imp. fuzzy-stemmed difficulty We edy plant 2. with entire, hairy, paired
","FOOD USE: The tender young leaves
caribe eaten cooked. (Raw their flavor
Erather strong ) Pick them in spring
wellin advance of flowering
",True,"
    'young leaves'"
0141_b.txt,"BASAL LEAVES.PRESENT, STEM LEAVES PAIRED OR WHORLED
11
Mayapple
3
NG-116
Podophyllum peltatum family Berberidaceae
","FOOD USE: Mayapples do not ripen in May. Gather them from early summer (in the South) to late
(in the North) when they are dull yellow or straw-colored and the pulp is very soft. At this time, the
may be wilting or broken over. Suck out the pulp for a delicious snack, but spit out the somewhat toxic seed:
Mayapple pulp also makes excellent jam, jelly, juice, or pie. The skins are bitter. Unripe fruir
tastes terrible. Conservation 1.
",True,"
    'pulp'"
0142_a.txt,"BASAL LEAVES PRESENT, STEM LEAVES PAIRED
NG-244
12
Dentaria Cut-leaf laciniata toothwort Brassicaceae 2 (Mustard family)
Short, term like mustard with 3 deeply divided, ID difficulty palmate 2. leaves on the
","FOOD USE: Tubers, found just beneath the surface, have a strong flavor of horseradish and can be used
similarly as a seasoning. The entire above-ground portion of the plant can be used as greens, which have a
milder horseradish flavor and are good on sandwiches. Conservation 2/1.
",True," ['tubers','above-ground portion']"
0142_b.txt,"0
Icm
BASAL LEAVES PRESENT, STEM LEAVES PAIRED OR WHORLED
Related Thread-leaf edibles (both with rhizomes breaking into tooth like
13
toothwort
Dentaria
multifida
1 his species has 2-4 stem leaves. Basal and stem leaves both have fine, thread
sions. The whole plant is hairless. The greens are mild with only a faint horseradish like din
This species grows in high floodplains and other rich sites in the center of the Eastern flavor
Woodlands region. AKA Cardamine dissecta.
14 Slender toothwort Dentaria heterophylla
The basal leaves have 3 lanceolate to ovate leaflets, the margins erratically cut with large
teeth or small lobes. The stem has 2 or 3 leaves that are paired, whorled, or slightly offset,
each with 3 leaflets, much smaller and narrower than those of basal leaves. This species is
found in rich floodplain soils of the lower Midwest and Southeast. The flavor of the greens
is milder and less horseradishy than cut-leaf or broad-leaf toothwort. AKA Cardamine angustato
(top left) Slender toothwore
Dentaria heteropnyila.
(top right) Thread-leaf woth
wort Dentaria multindo
(bottom) These are the tobers
of out-lear toothword D.
ata (previous page' out both
D. multifide and D Reterophylid
have similar tooth shaped
tubers.
0 Icm BASAL LEAVES PRESENT, STEM LEAVES PAIRED OR WHORLED Related Thread-leaf edibles (both with rhizomes breaking into tooth like 13 toothwort Dentaria multifida 1 his species has 2-4 stem leaves. Basal and stem leaves both have fine, thread sions. The whole plant is hairless. The greens are mild with only a faint horseradish like din This species grows in high floodplains and other rich sites in the center of the Eastern flavor Woodlands region. AKA Cardamine dissecta. 14 Slender toothwort Dentaria heterophylla The basal leaves have 3 lanceolate to ovate leaflets, the margins erratically cut with large teeth or small lobes. The stem has 2 or 3 leaves that are paired, whorled, or slightly offset, each with 3 leaflets, much smaller and narrower than those of basal leaves. This species is found in rich floodplain soils of the lower Midwest and Southeast. The flavor of the greens is milder and less horseradishy than cut-leaf or broad-leaf toothwort. AKA Cardamine angustato (top left) Slender toothwore Dentaria heteropnyila. (top right) Thread-leaf woth wort Dentaria multindo (bottom) These are the tobers of out-lear toothword D. ata (previous page' out both D. multifide and D Reterophylid have similar tooth shaped tubers. ",,False,"
    []"
0143_a.txt,"BASAL LEAVES PRESENT, STEM LEAVES PAIRED OR WH
15 Broad-leaved toothwort
2
Dentaria diphylla Brassicaceae (Mustard family)
CHECK Low colonial herb with 3 coarsely toothed leaflets per leaf; 2. 4-petal white
","FOOD USE: Rhizomes can be used as a horseradish-like seasoning. Greens can be eaten in salads, sandwiches,
etc., for their spicy flavor. Conservation 2/1.
",True,"
    ['rhizomes','greens']"
0143_b.txt,"ACTERNATE,
ENTIRE
GROUP 22 BASAL LEAVES PRESENT,
STEM LEAVES ALTERNATE, ENTIRE
consider heart or arrowhead-shaped leaves, or those with only 2 basal flares or
to be entire. The burdocks are placed here, but their leaf margins are variable and lobes. would
sometimes be interpreted as having small, broad teeth. Most of the species in group 22
have edible leafy greens; a few produce stalk or root vegetables.
TENTATIVE IDENTIFICATION KEY TO GROUP 22
The key is not your final answer!
Leaves hairless.
Leaf with pointed basal lobes.
Lobes oriented outward; blades constricted after lobes and widest in the middle.
Stems less than 30"" (75 cm); valves about as long as the seeds.
1. Sheep sorrel
or or
Stems often over 30"" (75 cm); valves much longer than seeds.
2. Southern sheep sorrel
Lobes oriented backward; blade not narrowed after lobes, broadest near base.
3. Sorrel
Leaves without pointed basal lobes.
Stem with a sheath at each node.
Inflorescence a single flower at the end of a long peduncle.
4. Lesser celandine
Inflorescence a single spike, mostly producing egg-shaped bulblets.
5. Alpine bistort
Inflorescence a branched panicle producing triangular seeds surrounded by papery valves.
Leaves elongated, narrow, and sometimes wavy or ""crisped.""
Leaves often exceed 10"" (25 cm), valves not bristly.
Leaves strongly crisped; tubercles (on valves) in different sizes,
6. Curly dock
or
7. Yard dock
or
or or
Leaves merely wavy; tubercles absent.
Leaves flat, glossy, not crisped or wavy; tubercles all large. Willow dock (p. 587).
Leaves less than 10"" (25 cm), very smooth with faint veins; valves with long bristles.
8. Golden dock
Leaves ovate to heart-shaped.
9. Patience dock
5-8' (1.5-2.4 m) tall with bright purple stems and rounded valves.
10. Bitter dock
2-4' (60-120 cm) tall with dull stems, the valves with long teeth.
Stem not sheathed.
Blades broadly elliptic, the tips abruptly pointed or blunt to rounded.
11. Virginia bluebells
Erect woodland ephemeral with thin, delicate leaves.
13. Seaside bluebells
or
Blades Trailing narrowly elliptic or lanceolate, sharp-tipped, 2-ranked; petioles nested and
stems forming mats on sea beaches; leaves succulent.
14. Seaside goldenrod
deeply V-channeled.
with hairs or wool.
15. Comfrey
frequently more than 10"" (25 cm) long.
Blades Blades lanceolate, ovate to triangular sharp-pointed, or heart-shaped, deeply folded; blunt, hairs not folded, stiff. long. soft-woolly (burdocks).
16. Great burdock
not woolly, each on a pedicel more than 1"" (2.5 cm) 5 mm.
17. Common burdock
or
18. Woolly burdock
Burs Burs not woolly, some on very short pedicels less than
Burs densely woolly-cobwebby.
less than 9"" (23 cm) long.
19. New England aster
Leaves all
Stem ridged, sessile. hollow, 2-4 mm thick. Castilleja Indivisa (p. 380).
or
Leaves (at least the lower ones) with a distinct petiole.
Stem not ridged, solid, 4-8 mm thick.
12. Northern bluebells
Petioles channeled.
Petioles
Secondary not channeled. veins numerous and strongly evident. Evening primrose (p. 351).
20. Hoary alyssum
Secondary veins scarcely evident.
317
ACTERNATE, ENTIRE GROUP 22 BASAL LEAVES PRESENT, STEM LEAVES ALTERNATE, ENTIRE consider heart or arrowhead-shaped leaves, or those with only 2 basal flares or to be entire. The burdocks are placed here, but their leaf margins are variable and lobes. would sometimes be interpreted as having small, broad teeth. Most of the species in group 22 have edible leafy greens; a few produce stalk or root vegetables. TENTATIVE IDENTIFICATION KEY TO GROUP 22 The key is not your final answer! Leaves hairless. Leaf with pointed basal lobes. Lobes oriented outward; blades constricted after lobes and widest in the middle. Stems less than 30"" (75 cm); valves about as long as the seeds. 1. Sheep sorrel or or Stems often over 30"" (75 cm); valves much longer than seeds. 2. Southern sheep sorrel Lobes oriented backward; blade not narrowed after lobes, broadest near base. 3. Sorrel Leaves without pointed basal lobes. Stem with a sheath at each node. Inflorescence a single flower at the end of a long peduncle. 4. Lesser celandine Inflorescence a single spike, mostly producing egg-shaped bulblets. 5. Alpine bistort Inflorescence a branched panicle producing triangular seeds surrounded by papery valves. Leaves elongated, narrow, and sometimes wavy or ""crisped."" Leaves often exceed 10"" (25 cm), valves not bristly. Leaves strongly crisped; tubercles (on valves) in different sizes, 6. Curly dock or 7. Yard dock or or or Leaves merely wavy; tubercles absent. Leaves flat, glossy, not crisped or wavy; tubercles all large. Willow dock (p. 587). Leaves less than 10"" (25 cm), very smooth with faint veins; valves with long bristles. 8. Golden dock Leaves ovate to heart-shaped. 9. Patience dock 5-8' (1.5-2.4 m) tall with bright purple stems and rounded valves. 10. Bitter dock 2-4' (60-120 cm) tall with dull stems, the valves with long teeth. Stem not sheathed. Blades broadly elliptic, the tips abruptly pointed or blunt to rounded. 11. Virginia bluebells Erect woodland ephemeral with thin, delicate leaves. 13. Seaside bluebells or Blades Trailing narrowly elliptic or lanceolate, sharp-tipped, 2-ranked; petioles nested and stems forming mats on sea beaches; leaves succulent. 14. Seaside goldenrod deeply V-channeled. with hairs or wool. 15. Comfrey frequently more than 10"" (25 cm) long. Blades Blades lanceolate, ovate to triangular sharp-pointed, or heart-shaped, deeply folded; blunt, hairs not folded, stiff. long. soft-woolly (burdocks). 16. Great burdock not woolly, each on a pedicel more than 1"" (2.5 cm) 5 mm. 17. Common burdock or 18. Woolly burdock Burs Burs not woolly, some on very short pedicels less than Burs densely woolly-cobwebby. less than 9"" (23 cm) long. 19. New England aster Leaves all Stem ridged, sessile. hollow, 2-4 mm thick. Castilleja Indivisa (p. 380). or Leaves (at least the lower ones) with a distinct petiole. Stem not ridged, solid, 4-8 mm thick. 12. Northern bluebells Petioles channeled. Petioles Secondary not channeled. veins numerous and strongly evident. Evening primrose (p. 351). 20. Hoary alyssum Secondary veins scarcely evident. 317 ",,False,"
    []"
0144_a.txt,"BASAL LEAVES PRESENT, STEM LEAVES ALTERNATE
1
Rumex acetosella 3 Polygonaceae (Buckwheat family)
Sheep sorrel
","FOOD USE: Tender leaves, especially in spring and fall, can be used raw or cooked as an addition to salads,
soups, or sandwiches, or pureed into an excellent sauce or soup base. In poor soil the plants may be small
and coarse; leaves are best for eating on non-flowering plants with no red coloration, where the soil is moist
and rich. High in oxalic acid.
",True,"
    'leaves'"
0144_b.txt,"< (Buckwheat fam
LUGSTEM LEAVES ALTERNATE, ENTIRE
Easa
mave
Stems
Sheep sorrel leaves.
Related edible:
2 Southern sheep sorrel
Rumex hastatalus
This is a larger
species native
to the South-
east, where it
is common in
sunny, sandy
locations and
flowers in early spring. IT
not spread by root suckers or (fir
zomes. Southern sheep sorrei has
slightly more elongated leaves
The more strongly ridged stems
may reach 4' (1.2 m) in height
and 7 mm thick; they have larg-
er sheaths. The valves are much
larger than the ripe seeds they sur-
round. The food use of southern
sheep sorrel is similar, except that
its shoots are larger and have good
flavor (those of common sheep
sorrel are usually astringent).
(left) shoot of southern
sheep sorrel
V ght) Southern sheep
serre in fruit
319
< (Buckwheat fam LUGSTEM LEAVES ALTERNATE, ENTIRE Easa mave Stems Sheep sorrel leaves. Related edible: 2 Southern sheep sorrel Rumex hastatalus This is a larger species native to the South- east, where it is common in sunny, sandy locations and flowers in early spring. IT not spread by root suckers or (fir zomes. Southern sheep sorrei has slightly more elongated leaves The more strongly ridged stems may reach 4' (1.2 m) in height and 7 mm thick; they have larg- er sheaths. The valves are much larger than the ripe seeds they sur- round. The food use of southern sheep sorrel is similar, except that its shoots are larger and have good flavor (those of common sheep sorrel are usually astringent). (left) shoot of southern sheep sorrel V ght) Southern sheep serre in fruit 319 ",,False,"
    []"
0145_a.txt,"BASAL LEAVES PRESENT, STEM LEAVES ALTERNATE,
3
Rumex Sorrel acetosa 3 Polygonaceae (Buckwheat family)
Brittle. tender, hairless leaves with flat to raised veins difficulty and two 1. reflexed
","FOOD USE: Tender leaves are excellent in salad, soup, or stir fry. Basal leaves
are best, and are available in spring or early summer, then again in late summer
or autumn. High in oxalic acid. Conservation 1.
",True,"
    'leaves'"
0145_b.txt,"LEAVES PRESENT, STEM LEAVES ALTERNATE, ENTIRE
4
Lesser celandine
2
Ficaria verna Ranunculaceae (Buttercup family)
UICK CHECK: A spring carpet of small, heart shaped
Notch; bright yellow flowers rise above the leaves ID difficulty 1.
","FOOD USE: The tubers are small but abundant and can be eaten cooked. They are best collects
tops are dormant from late summer through winter. The young leaves can be eaten in spring but
acrid and should also be boiled and drained.
",True,"
    'tubers'
    'Young leaves'"
0146_a.txt,"22
2
5
Alpine Bistorta bistort vivipara FATHER Polygonaceae 1 2 (Buckwheat family)
CHECK: Erect, unbranched, shin-high herb with entire, long-lanceolate 1. leaves
","FOOD USE: The rhizomes can be eaten after boiling but are rather astringent. The young, tender leaves
are slightly tangy and taste good raw or cooked. Mature bulblets can be stripped off by hand in late summer
and eaten raw, parched and ground into meal, fried, or toasted; they are starchy with a pleasant nutty flavor.
Conservation 3/1/1.
",True,"
    'leaves','bulblets'"
0146_b.txt,"BASAL LEAVES PRESENT, STEM LEAVES ALTERNATE, ENTIRE
DOCK
E
NG-226
genus
Rumex
(in
part)
Polygonaceae
(Buckwheat
","FOOD USE: Young leaves are best cooked. They should still be scrolled or folded, or have obvious creases
where they have just unfolded. Young petioles can be used as a vegetable like rhubarb, and the milde: ones
are good raw. Peel young stems to reveal a tender interior that is good raw or cooked. Mature seeds can also
be separated from their chaff and used as a grain, but generally they are too bitter to be palatable and must
be leached.
",True,"
    'Young leaves','Young petioles','Young stems'"
0147_a.txt,"Curly dock fruit.
Young, tender curly dock leaves.
Yard dock Rumex longifolius
1
1
1
1
This wide-
spread and
spring
abundant
species re-
sembles
curly dock
in size, hab-
it, and form, and is thus frequent-
ly confused with it. Yard dock
inhabits the same disturbed hab-
itats and tends to replace curly
dock in cooler regions. Its leaves
are slightly broader than those of
curly dock and less prominently
crisped (if at all). It can be easily
and positively distinguished by
its broad valves with no tube
cles, Yard dock is somewhat bit-
ter, making it a frequent source
of disappointment among forag-
ers. AKA R. domesticus.
Yard dock in fruit.
Curly dock fruit. Young, tender curly dock leaves. Yard dock Rumex longifolius 1 1 1 1 This wide- spread and spring abundant species re- sembles curly dock in size, hab- it, and form, and is thus frequent- ly confused with it. Yard dock inhabits the same disturbed hab- itats and tends to replace curly dock in cooler regions. Its leaves are slightly broader than those of curly dock and less prominently crisped (if at all). It can be easily and positively distinguished by its broad valves with no tube cles, Yard dock is somewhat bit- ter, making it a frequent source of disappointment among forag- ers. AKA R. domesticus. Yard dock in fruit. ",,False,"
    []"
0147_b.txt,"ISENT, STEM LEAVES ALTERNATE, ENTIRE
8
Golden dock Rumex fueginus
3
This along is major a native rivers species, in late primarily of mudflats, that often comes
nooth with no summer to autumn when waters recede up The in huge colonic
depressed veins and smaller than those of other docks, rarely leaves are eeding 199
9"" (23 cm). They are thin, extremely risped
full sun and flat in competition. The petioles are
faintly hairy. Basal leaves disappear by flower-
ing. Stems are usually single The flowers are
golden in the center. The valves consist of 3-5 long bristles, each
one with a claw-like tubercle. The tender leaves of this dock are
among the best eating, and they occur at a time when other docks
are long past their edible stage. The stems, however, are too small
to bother with. AKAR. maritimus.
9 Patience dock Rumex patientia
3
3
3
1
This species is also called monk's rhubarb. It was formerly cultivated as a vegetable and is
the premiere dock for
eating. Widespread
but sporadic in occur-
rence, it is very abun-
dant in some areas. It
likes well-drained rich soil in full to partia
sun. Patience dock has broader and much
larger leaves than most docks and stypi-
cally 5-8' (1.5-2.5 m) tall at maturity, with
deep purple stems. The valves are broad
and rounded with just one small tubercle
also often encounter ""false patience dock
with similarly broad but slightly smaller and
rougher leaves, and more than one tubercle
These may be hybrids between patience
dock and curly dock, or they may be R. cr's-
tata, which is so similar to patience dock
that it is often lumped with it in herbarium
collections. These impostors are eaible
Patience dock fruiting.
just not as good as the real thing.
Young patience dock greens.
10 Bitter dock
Rumex
obtusifolius
1
2
This species has broad, heart-shaped basalleaves veins.
reticulated with a network of depressed but
leaves are narrower than basal ones The
Stem still broader than those of most other tubercles. docks. This
moist. valves introduced have wooded species long situations teeth is very stems and along narrow common, are usually forest especially roads very bitter: and III broad-leat 00 casionally dock they
trails. are mild The enough leaves for and me to almost like them. AKA
325
Bitter dock rosette
ISENT, STEM LEAVES ALTERNATE, ENTIRE 8 Golden dock Rumex fueginus 3 This along is major a native rivers species, in late primarily of mudflats, that often comes nooth with no summer to autumn when waters recede up The in huge colonic depressed veins and smaller than those of other docks, rarely leaves are eeding 199 9"" (23 cm). They are thin, extremely risped full sun and flat in competition. The petioles are faintly hairy. Basal leaves disappear by flower- ing. Stems are usually single The flowers are golden in the center. The valves consist of 3-5 long bristles, each one with a claw-like tubercle. The tender leaves of this dock are among the best eating, and they occur at a time when other docks are long past their edible stage. The stems, however, are too small to bother with. AKAR. maritimus. 9 Patience dock Rumex patientia 3 3 3 1 This species is also called monk's rhubarb. It was formerly cultivated as a vegetable and is the premiere dock for eating. Widespread but sporadic in occur- rence, it is very abun- dant in some areas. It likes well-drained rich soil in full to partia sun. Patience dock has broader and much larger leaves than most docks and stypi- cally 5-8' (1.5-2.5 m) tall at maturity, with deep purple stems. The valves are broad and rounded with just one small tubercle also often encounter ""false patience dock with similarly broad but slightly smaller and rougher leaves, and more than one tubercle These may be hybrids between patience dock and curly dock, or they may be R. cr's- tata, which is so similar to patience dock that it is often lumped with it in herbarium collections. These impostors are eaible Patience dock fruiting. just not as good as the real thing. Young patience dock greens. 10 Bitter dock Rumex obtusifolius 1 2 This species has broad, heart-shaped basalleaves veins. reticulated with a network of depressed but leaves are narrower than basal ones The Stem still broader than those of most other tubercles. docks. This moist. valves introduced have wooded species long situations teeth is very stems and along narrow common, are usually forest especially roads very bitter: and III broad-leat 00 casionally dock they trails. are mild The enough leaves for and me to almost like them. AKA 325 Bitter dock rosette ",,False,"
    []"
0148_a.txt,"BASAL LEAVES PRESENT, STEM LEAVES ALTERNATE:
11 bluebells
Mertensia Virginia virginica Boraginaceae 2 (Borage family)
erect leaves with rounded tips, all parts leaning smooth to one and
","FOOD USE: Gather the young leaves in spring before the plants flower, or just as they are beginning to flower.
Eat raw or cooked; they are extremely tender but somewhat bitter. Conservation 2.
",True, 'young leaves'
0148_b.txt,"orage fami
STEM LEAVES ALTERNATE, ENTIRE
12 Northern bluebells
2
Mertensia paniculata
Boraginaceae
IICK CHECK: panicles Hairy, large, entire leaves with depressed and family)
(Borage
drooping of blue, bell-like flowers. ID difficulty 3.
","FOOD USE: The tender spring greens make a nice salad green or potherb. Leaves persisting through survice
remain tender enough to eat. Conservation 2.
",True," 'spring greens','Leaves'"
0149_a.txt,"AVES ALTERNATE, ENTIRE.
BASAL
13 Seaside bluebells
Mertensia maritima Boraginaceae 2 (Borage family)
CHECK: Creeping bluish-gray plant of seashores flowers. with broad, ID difficulty smooth, 1.
","FOOD USE: Tender leaves and stem
tips can be eaten raw or cooked. Con-
servation 2.
",True,"
    'leaves','stem tips'"
0149_b.txt,"BASAL LEAVES PRESENT, STEM LEAVES ALTERNATE, ENTIRE
14 Seaside goldenrod
Solidago sempervirens Asteraceae (Composite family)
UCK erect CHECK: stems with Large, narrow, entire, erect, evergreen leaves crawded
tall, lanceolate leaves; clusters of small yellow flower heads near ID difficulty the of 2.
","FOOD USE: Tender young leaves, and the shoots after peeling, can be eaten raw or
cooked. The season of availability is long, especially in the South. Leaves can be used
for tea. They are aromatic like other goldenrods but much more substantial and not as
strong. Conservation 2.
",True,"
    'leaves'"
0150_a.txt,"Basal leaves large, pointed, folded difficulty along the 2. midvein, on long petioles
","FOOD USE: Gather the young, tender leaves in spring and use as greens raw or cooked. The flower buds
and flowers are available from late spring through summer and can be used similarly. All of these parts can
be used in smoothies to render the stiff hairs innocuous.
",True,"
    'Young leaves','flower buds','flowers'"
0150_b.txt,"laceae (Borage family
ALTERNATE,
burdock
ENTIRE
2
2
2
genus Arctium
FH-324
Asteraceae
OPICK IL difficulty CHECK: 1. Rosettes of huge broad leaves on long family)
(Composite
anched
DEED
","FOOD USE: Roots can be collected all year from plants without
stems. They grow very deep and require extensive excavation, but
are often large enough to be worth it. Make a deep hole beside
the root, then carefully loosen it sideways. The top of the root is
tough; the good part is the lower 2/3. Use roots in pot roast or stew
boiled, or sliced and fried. Cut stalks at the base when less than
1/3 of their final height and still vigorously growing (in late spring
or early summer, well before any branches appear), then peel the
outer rind. Cut the peeled stalk into sections and use like potatoes.
The whiter lower part of the stalk takes much longer to cook than
the greenish upper part. Petioles can also be used before they have
reached full size. The outer surface is bitter and should be peeled
scraped off, then rinsed. After this they can be used in soups
or or stew; the texture (but not the flavor) is reminiscent of celery.
",True," ['roots','top of the root','lower 1/3 of the root','stalks','peeled stalks','whiter lower part of the stalk','petioles']"
0151_a.txt,"BASAL LEAVES PRESENT, STEM LEAVES ALTERNA
16 Great burdock
Arctium lappa
This is the species widely cultivated in Japan, and it is the best one The to use roots for food. are
larger, sweeter,
and more tender,
and the stems
and petioles are
thicker. Distinguished by its broad,
heart-shaped leaves without nipple-
like projections on the margin, petioles
with only a small hollow vessel, and
larger burs borne on long stems in
spreading clusters.
17 Common burdock Arctium minus
Common burdock has trian-
gular leaves and channeled
petioles that have a larger
hollow in the center; the
burs are smaller and borne
in tight clusters on short
stems. This species is similar to great burdock
but of slightly lesser quality as a vegetable, with
narrower, woodier roots.
(below left and right) Peeled and unpeeled
shoots of common burdock.
18 Woolly burdock Arctium tomentosa
Woolly burdock is similar to
great burdock in form but
the flowerheads are covered
with a spiderweb-like wool,
and the leaf margins have
nipple-like projections.
BASAL LEAVES PRESENT, STEM LEAVES ALTERNA 16 Great burdock Arctium lappa This is the species widely cultivated in Japan, and it is the best one The to use roots for food. are larger, sweeter, and more tender, and the stems and petioles are thicker. Distinguished by its broad, heart-shaped leaves without nipple- like projections on the margin, petioles with only a small hollow vessel, and larger burs borne on long stems in spreading clusters. 17 Common burdock Arctium minus Common burdock has trian- gular leaves and channeled petioles that have a larger hollow in the center; the burs are smaller and borne in tight clusters on short stems. This species is similar to great burdock but of slightly lesser quality as a vegetable, with narrower, woodier roots. (below left and right) Peeled and unpeeled shoots of common burdock. 18 Woolly burdock Arctium tomentosa Woolly burdock is similar to great burdock in form but the flowerheads are covered with a spiderweb-like wool, and the leaf margins have nipple-like projections. ",,False,"
    empty

    Input:

    'The fruit is called a ""pome"" and is often referred to as an apple, even though there are many other types of pomes. The edible parts of the apple consist of the pericarp, which includes the fleshy part of the fruit that surrounds the seeds, and the seeds themselves.'

    Output:

    ['pericarp','seeds']"
0151_b.txt,"STEM LEAVES ALTERNATE. ENTIRE
19 New England aster
3
Aster novae-angliae
Asteraceae (Aster/Composite family)
UICK CHECK: Rosette of narrow, hairy, sessile leaves; stem hairy with
ing leaves; large purple flowerheads in autumn. ID difficulty 1.
","FOOD USE: Tender young leaves and stem tips are a nice green; 1 prefer them raw. Conservation 2.
",True,"
    'leaves','stem tips'"
0152_a.txt,"BASAL LEAVES PRESENT,
20 Hoary alyssum
Brassicaceae 2 (Mustard family)
Berteroa incana
gray-green mustard of dry, sunny sites, the leaves rough ID difficulty and mostly 1.
","FOOD USE: The thin shoots can be eaten raw or cooked. Get them
before they become tough and raspy with stiff hairs. I usually discard
most of the young leaves, which roughen before the stems. The seeds
can be used sparingly as a seasoning.
",True,"
    'shoots'"
0152_b.txt,"assicacede (Mustard f
BASAL LEAVES PRESENT, STEM LEAVES ALTERNATE, TOOTHED
GROUP 23 BASAL LEAVES PRESENT, STEM LEAVES ALTERNATE, TOOTHED
The plants in this group belong to several families, of which the mustard family (Brassicaceae)
the most important. All plants in group 23 provide leafy greens or stems (for it 15
both). Six species produce an edible underground storage organ- but none of them many qualify
as staple root vegetables. One species makes an edible fleshy fruit. The plants in this group
are not particularly tricky, and there are few dangerous look-similars
Burdock and lesser celandine are placed in group 22 but might key here because their leaf
veir
margins are faintly toothed or wavy, and interpretations of toothiness vary.
Margins
TENTATIVE IDENTIFICATION KEY TO GROUP 23
The key is not your final answer!
Sapimilky; flowers bluish with 5 petals.
Basal leaves mostly roundish and soon withering.
Stem leaves narrow and linear, hairless; stem ridges hairless.
1. Harebell
or or
Stem leaves lanceolate, hairy; stem ridges hairy.
2. American bellflower
Basal leaves mostly heart-shaped; some persist to flowering.
3. Creeping bellflower
Sappot milky.
Leaf surfaces generally hairless (rarely the midvein or margin may have hairs).
Basal leaves roundish to heart or kidney-shaped.
Stems hollow, flowers with 5-10 yellow petals.
Forms carpets; stems to 7 mm thick; leaves less than 2"" (5 cm) across, often with purple
centers. Lesser celandine (p. 321).
or
Forms clumps; stems often over 11 mm thick; leaves over 2"" (5 cm) across, never with
4. Marsh-marigold
or
purple centers.
Stems solid: flowers with 4 white petals.
5. Scurvy-grass
Seashore annual with stout, spreading stems and bulbous pods.
6. Bulbous bittercress
Moist-soil perennial with thin, erect stems and long, thin pods.
or
Basal leaves elliptic to obovate with a blunt, rounded tip.
7. Field pennycress
Stem with faint wing-ridges, hairless; pods 9-17 mm, flat.
B. Garlic pennycress
or
Stem not ridged, hairy in the lower half; pods 5-8 mm, half-inflated.
Basal leaves long-elliptic, long-lanceolate, to linear with a pointed tip.
9. Horseradish
Teeth rounded; larger veins white.
Teeth bristle-like; veins not white.
10. Smooth rock cress
Leaves less than 10"" (25 cm) long: flowers in racemes.
14. Rattlesnake master
or
Leaves often over 14"" (36 cm); flowers in ball-like umbels.
15. Strawberry spinach
COMMENTS
At Basal leaves (check both!) has sparse or dense hairs distributed across petiole it.
triangular to arrowhead-shaped.
least Blades one leaf surface and lower leaves taper gradually; it is hard to say where lateral the veins; teeth begins.
Basal of leaves basal mostly ground-hugging, rippled between prominent faint
16. Evening primrose
11. Dame's rocket
or
and blunt; hairs mostly soft. erect, not rippled: teeth prominent and and lower erratic; leaves. hairs stiff.
The Basal change leaves from petiole to blade is more sudden length. on basal
Leaves commonly soft-woolly exceed below, 12"" veins (30 cm) depressed in above. Burdock above. (p. 331).
17. Prairie-dock
or
Blade Blade rough-hairy below, veins flat or protruding
Leaves less than 10"" (25 cm) long.
12. Whitetop
Flowers with 4 petals and arranged in a raceme.
13. Garlic mustard
gray-woolly; upper leaves appressed and clasping. clasping.
18. Bigteaf aster
or
Flowers Leaf not with numerous petals, petals (ray Individual florets) at arranged the end of a a long, panicle. hairless. hooked stalk.
Leaf woolly; upper leaves net appressed or in
19. Canada violet
20. Common yolet
or
Flowers Petals with white 5 unequal with a yellow base; leaf moderately hairy to
Petals yellow: leaf densely soft-hairy.
assicacede (Mustard f BASAL LEAVES PRESENT, STEM LEAVES ALTERNATE, TOOTHED GROUP 23 BASAL LEAVES PRESENT, STEM LEAVES ALTERNATE, TOOTHED The plants in this group belong to several families, of which the mustard family (Brassicaceae) the most important. All plants in group 23 provide leafy greens or stems (for it 15 both). Six species produce an edible underground storage organ- but none of them many qualify as staple root vegetables. One species makes an edible fleshy fruit. The plants in this group are not particularly tricky, and there are few dangerous look-similars Burdock and lesser celandine are placed in group 22 but might key here because their leaf veir margins are faintly toothed or wavy, and interpretations of toothiness vary. Margins TENTATIVE IDENTIFICATION KEY TO GROUP 23 The key is not your final answer! Sapimilky; flowers bluish with 5 petals. Basal leaves mostly roundish and soon withering. Stem leaves narrow and linear, hairless; stem ridges hairless. 1. Harebell or or Stem leaves lanceolate, hairy; stem ridges hairy. 2. American bellflower Basal leaves mostly heart-shaped; some persist to flowering. 3. Creeping bellflower Sappot milky. Leaf surfaces generally hairless (rarely the midvein or margin may have hairs). Basal leaves roundish to heart or kidney-shaped. Stems hollow, flowers with 5-10 yellow petals. Forms carpets; stems to 7 mm thick; leaves less than 2"" (5 cm) across, often with purple centers. Lesser celandine (p. 321). or Forms clumps; stems often over 11 mm thick; leaves over 2"" (5 cm) across, never with 4. Marsh-marigold or purple centers. Stems solid: flowers with 4 white petals. 5. Scurvy-grass Seashore annual with stout, spreading stems and bulbous pods. 6. Bulbous bittercress Moist-soil perennial with thin, erect stems and long, thin pods. or Basal leaves elliptic to obovate with a blunt, rounded tip. 7. Field pennycress Stem with faint wing-ridges, hairless; pods 9-17 mm, flat. B. Garlic pennycress or Stem not ridged, hairy in the lower half; pods 5-8 mm, half-inflated. Basal leaves long-elliptic, long-lanceolate, to linear with a pointed tip. 9. Horseradish Teeth rounded; larger veins white. Teeth bristle-like; veins not white. 10. Smooth rock cress Leaves less than 10"" (25 cm) long: flowers in racemes. 14. Rattlesnake master or Leaves often over 14"" (36 cm); flowers in ball-like umbels. 15. Strawberry spinach COMMENTS At Basal leaves (check both!) has sparse or dense hairs distributed across petiole it. triangular to arrowhead-shaped. least Blades one leaf surface and lower leaves taper gradually; it is hard to say where lateral the veins; teeth begins. Basal of leaves basal mostly ground-hugging, rippled between prominent faint 16. Evening primrose 11. Dame's rocket or and blunt; hairs mostly soft. erect, not rippled: teeth prominent and and lower erratic; leaves. hairs stiff. The Basal change leaves from petiole to blade is more sudden length. on basal Leaves commonly soft-woolly exceed below, 12"" veins (30 cm) depressed in above. Burdock above. (p. 331). 17. Prairie-dock or Blade Blade rough-hairy below, veins flat or protruding Leaves less than 10"" (25 cm) long. 12. Whitetop Flowers with 4 petals and arranged in a raceme. 13. Garlic mustard gray-woolly; upper leaves appressed and clasping. clasping. 18. Bigteaf aster or Flowers Leaf not with numerous petals, petals (ray Individual florets) at arranged the end of a a long, panicle. hairless. hooked stalk. Leaf woolly; upper leaves net appressed or in 19. Canada violet 20. Common yolet or Flowers Petals with white 5 unequal with a yellow base; leaf moderately hairy to Petals yellow: leaf densely soft-hairy. ",,False,"
    []"
0153_a.txt,"BASAL LEAVES PRESENT, STEM LEAVES ALTERNATE, TOOTHED
Harebell
1
3
2
3
1
Campanula
rotundifolia
family
Campanulaceae
","FOOD USE: Rhizomes taste okay but are small and rather tough. Young leaves and shoots can be eaten raw
or cooked. Flowers make an attractive, mildly-flavored garnish or nibble. Conservation 3/2/1.
",True,"
    'leaves','shoots','flowers'"
0153_b.txt,"- TOOTHED,
ifolio family Companulacece
1cm
BASAL LEAVES PRESENT, STEM LEAVES ALTERNATE, TOOTHED
2
American bellflower
3
Campanula
3
americana
2
family
Campanulaceae
",,False,"
    []"
0154_a.txt,"BASAL LEAVES PRESENT, STEM LEAVES ALTERNATE, TOOTHED
American bellflower (continued)
Shoot at the ideal stage for eating
typical leaves, while the upper raceme has a single linear. pointed, downcurved bract, with a prominent light
midvein, beneath each flower. Short pedicels are borne in clusters at leaf nodes. Flower buds are strongly
ridged, purple, and white at the base. Flowers (mid to late summer) about 0.9"" (23 mm) across, the corolla
blue with a short tube that spreads widely into 5 pointed, hooked lobes. Sepals are fused at the base, then
wide-spreading and linear. The style protrudes conspicuously and usually curves upward, terminating in a stigma
that splits into 3 or 4 parts. Fruit a small, many-seeded capsule.
HABITAT: Well-drained, rich soil in moderately disturbed hardwood forests, such as steep slopes, high
fioodplains, recently logged forests, forest edges, and dirt road margins. Native.
FOOD and mild. USE: Flower Young shoots and leaves can be eaten raw or cooked, and at the ideal stage are extremely tender
buds and flowers are also edible. Conservation 2/1.
good, COMMENTS: especially American bellflower greens have a peculiar flavor-almost fishy, slightly
when young. It is when the best cooked. of This nearly-unknown edible would be more popular if it were sweet, but very
AKA Campanulastrum americanum. the bellflowers, and remains one of the best kept foraging secrets more in our distinct region.
Creeping bellflower
3
3
Campanula rapunculoides family Campanulaceae 3 2 2
IWE-107
","FOOD and mild. USE: Flower Young shoots and leaves can be eaten raw or cooked, and at the ideal stage are extremely tender
buds and flowers are also edible. Conservation 2/1.
",True,"
    'buds','flowers','Young leaves'"
0154_b.txt,"BASAL LEAVES PRESENT, STEM LEAVES ALTERNATE, TO
base ary veins of a stalk. from Velns the base. and midvein deeply depressed above and protruding below there
ride. Petioles 1.5-3 times Margins the have broad, rounded, closely -spar ed teeth ,1
with erect hairs blade length with a sharp-edged, dark-green hannet with a my ""
round, or the clumps, erect when young, usually gently arched or leaning (60-199)
thick, single in especially small on channel edges and the underside Stems 24 8 that is
the solid, surface green to purplish, smooth with faint ridges running down when from
ridges when young, sometimes becoming hairless with age. Stem leaves alternate, the
to the basal leaves; upward they decrease in size to about 1"" (2.5 cm) and become lance
hairy only on the main veins below. Petioles also decrease; upper leaves are sessile Inflor
raceme up to half the stem's length, the flowers single, paired, or in small clusters on di
pedicels tending to one side. Occasionally there are small raceme branches. Flowers (m
0.8-1.4"" (2-3.5 cm) long. Corolla blue-purple, bell-like, divided halfway to the base into 5 tr
lobes. Calyx 5 green, narrowly triangular, sharp, spreading to reflexed lobes about 20% of p
round 5-8 mm capsule that dries to release its seeds through multiple openings.
CONFUSING PLANTS: Basal leaves may be told from those of violets or asters by the m
HABITAT: Escaped from cultivation and persistent. Most commonly seen near old home si
to roadsides, meadows, and fields. Likes light shade but sometimes grows in full sun.
FOOD USE: Dig the roots at the base of the plant at any time of year; they are best from 1
They are branched and usually thin near the surface; the enlarged section begins a few inc
cooked. Young leaves and shoots can be gathered when tender in spring and early summe
or cooked, although their texture is hairy. Flowers and flower buds are edible raw or cook
COMMENTS: This is one of our best cooked root vegetables, with a mild and sweet flavo
the slightly fishy taste characteristic of this genus; they are one of my favorite fried green
popular plant of perennial gardens but has now fallen so far out of favor that it has been m
in many jurisdictions, despite minimal invasive tendencies.
BASAL LEAVES PRESENT, STEM LEAVES ALTERNATE, TO base ary veins of a stalk. from Velns the base. and midvein deeply depressed above and protruding below there ride. Petioles 1.5-3 times Margins the have broad, rounded, closely -spar ed teeth ,1 with erect hairs blade length with a sharp-edged, dark-green hannet with a my "" round, or the clumps, erect when young, usually gently arched or leaning (60-199) thick, single in especially small on channel edges and the underside Stems 24 8 that is the solid, surface green to purplish, smooth with faint ridges running down when from ridges when young, sometimes becoming hairless with age. Stem leaves alternate, the to the basal leaves; upward they decrease in size to about 1"" (2.5 cm) and become lance hairy only on the main veins below. Petioles also decrease; upper leaves are sessile Inflor raceme up to half the stem's length, the flowers single, paired, or in small clusters on di pedicels tending to one side. Occasionally there are small raceme branches. Flowers (m 0.8-1.4"" (2-3.5 cm) long. Corolla blue-purple, bell-like, divided halfway to the base into 5 tr lobes. Calyx 5 green, narrowly triangular, sharp, spreading to reflexed lobes about 20% of p round 5-8 mm capsule that dries to release its seeds through multiple openings. CONFUSING PLANTS: Basal leaves may be told from those of violets or asters by the m HABITAT: Escaped from cultivation and persistent. Most commonly seen near old home si to roadsides, meadows, and fields. Likes light shade but sometimes grows in full sun. FOOD USE: Dig the roots at the base of the plant at any time of year; they are best from 1 They are branched and usually thin near the surface; the enlarged section begins a few inc cooked. Young leaves and shoots can be gathered when tender in spring and early summe or cooked, although their texture is hairy. Flowers and flower buds are edible raw or cook COMMENTS: This is one of our best cooked root vegetables, with a mild and sweet flavo the slightly fishy taste characteristic of this genus; they are one of my favorite fried green popular plant of perennial gardens but has now fallen so far out of favor that it has been m in many jurisdictions, despite minimal invasive tendencies. ","FOOD USE: Dig the roots at the base of the plant at any time of year; they are best from 1
They are branched and usually thin near the surface; the enlarged section begins a few inc
cooked. Young leaves and shoots can be gathered when tender in spring and early summe
or cooked, although their texture is hairy. Flowers and flower buds are edible raw or cook
",True," ['roots','Young leaves','shoots']"
0155_a.txt,"BASAL LEAVES PRESENT, STEM LEAVES ALTERNATE, TOOTHED
4
Marsh-marigold Caltha palustris Ranunculaceae 1 E FH-200 (Buttercup family) rounded
Short, Jumped. stout, multi-stemmed, difficulty glossy 2. herb with or
our leaves on long petioles. ID
","FOOD USE: Collect young growth before the
flowers open in early spring. I usually pluck whole
stems with attached leaves and flower buds. To
rid the greens of their bitterness, boil in volu-
minous water for 20 minutes or more, changing
water if desired, then drain. Conservation 1.
",True," 'young growth','leaves','flower buds'"
0155_b.txt,"cup
BASAL LEAVES PRESENT, STEM LEAVES ALTERNATE, TOOTHED
5 Scurvy-grass
3
genus Cochlearia Brassicaceae (Mustard family)
branching UICK CHECK: stems Tiny plant with small, broad, succulent basal
with small, blunt leaves and 4-petaled flowers leaves ID difficulty an long
","FOOD USE: Tender leaves and stems are eaten raw or cooked. They are excellent-like a slightly salty signny
hot cabbage. Conservation 2.
",True,"
    'leaves','stems'"
0156_a.txt,"BASAL LEAVES PRESENT, STEM LEAVES ALTERNATE, TOOTHED
bittercress
2
III.
Cardamine Bulbous bulbosa Brassicaceae (Mustard family)
with erect, unbranched stem and broad lower ID leaves; difficulty upper 2.
leaves OUICK narrow, CHECK: sessile, Small with plant large teeth; 4-petaled white flowers in racemes.
Perennial herb from a white, amorphous, knobby tuber 8-15 mm across, in fall
","FOOD USE: The tu-
ber resides close
to the surface and
can be unearthed
by hand. All tender
parts above ground
can be eaten raw or
cooked. All parts have
a horseradish flavor.
Conservation 3/2.
",True,"
    'tuber','All parts above ground'"
0156_b.txt,"mm
0
1cm
BASAL LEAVES PRESENT, STEM LEAVES ALTERNATE, TOOTHED
7
Field pennycress
1
2
Thlaspi arvense
Brassicaceae (Mustard family)
","FOOD USE: Aliten-
der parts are edible,
but the leaves and
flower buds have a
very strong fiavor-
I remove them be-
fore cooking shoots
Seeds can be used
as a seasoning.
",True, ['seeds']
0157_a.txt,"BASAL LEAVES PRESENT, STEM LEAVES ALTERNATE, TOOTHED
Armoracia Horseradish rusticana 2 Brassicaceae 2 (Mustard family)
Thick champs of large, erect, irregularly toothed or scalloped, difficulty 1. dock-like
OUTCK leaves on CHECK long petioles; tall stalk with racemes of white flowers. ID
Perennial plant from a large multi-crowned taproot or taproot ovate cluster, to
","FOOD USE: Young leaves and shoots in spring and early summer can be eaten raw or used as a potherb.
More often, sections of root are peeled and blended or grated as a seasoning. The root can be collected at
any time, but is best when the plant is dormant.
",True,"
    'Young leaves','shoots','root'"
0157_b.txt,"BASAL LEAVES PRESENT, STEM LEAVES ALTERNATE, TOOTHED
10 Smooth rock cress
2
Boechera laevigata Brassicaceae 322 (Mustard family)
","FOOD USE: Tender spring
leaves, shoots, and flower
buds can be eaten raw
cooked. Conservation 2.
",True,"
    'leaves','shoots','buds'"
0158_a.txt,"BASAL LEAVES PRESENT, STEM LEAVES ALTERNATE, TOOTHED
2
3
Hesperis Dame's rocket matronalis 2 Brassicaceae 3 (Mustard family)
CHECK: Colonial herb with erect, chest-high stems unbranched and long, below thin the pods. top,
","FOOD USE: The large winter leaves persist through hard frost and make
a nice potherb when few are available, but they are not as good as the
spring leaves. In late spring the shoots make an okay vegetable raw and
an excellent one cooked. Use any tender greens at the shoot top before
flowering. Flower buds are okay; flowers have a slightly sweet-hot flavor
and add beautiful color to food.
",True," ['leaves', 'shoots']"
0158_b.txt,"1cm
BASAL LEAVES PRESENT, STEM LEAVES ALTERNATE, TOOTHED
Whitetop
2
1
Cardaria draba Brassicaceae (Mustard family)
CHECK: of white Hairy colonial mustard with grayish
RIPTION: flowers in spring, and plump, heart shaped leaves nods and stems. ID
eaves Perennial from a root system that spreads difficulty 2.
acute and at the lower base, stem blunt leaves are elliptic to obovate, 1-3"" (2.5 laterally 8cm) to form colonies
and often indented at the long, flat. flesny,
hair. above They and wither flat about flowering time. Veins offset tip, by light both color. sides flat densely coated
length, or scarcely protruding below. Petioles of lower or scarrely
broad and nearly flat on top, D-shaped below. Stems erect leaves and up to 150%
M
but multiple and leaning without, 12-28"" (30-70cm) tall and 7-11 mm single with
abundant
alternate, slightly angled, the color uniform gray-green, densely soft-hairy, branched thick, solid, Mestinard
and elliptic with blunt tips and scattered blunt teeth, with the veins more classing near
eaves per leaves are held erect and appressed on progressively shorter petioles-sessile only and in the UPDER jar ha
protruding below. Inflorescence multiple racemes, at first compact with flowers strongly depressed
several adjacent clusters about the same level, giving a flat-topped appearance in bloom. crowded The at NO the it.
often show even in the bud stage. During and after flowering the racemes lengthen a little and the
ngled, straight pedicels lengthen a lot (ultimately becoming 3-5 times as long as the flower), resulting
crowded cluster where the members of adjacent racemes mingle. Flowers 6-10 mm across with iou: ``
obovate, widely spaced, white petals, not held at right angles to each other. Pods short, plump, ippsici :
heart-shaped. WITH
line dividing them
into two ur equal
""halves.""
HABITAT: Dis.
turbed sunny areas
with well-dra. ned
soil, fields. roadsides
vacant lots, pastures
Introduced.
FOOD USE: Tender
new shoots. leafy
tops and flower
bud clusters (spring)
can be used raw or
cooked like a strong
broccoli.
COMMENTS: One
of the most coin-
mon weedy mus
tards of urban areas
in the High Plains
whitetop can orten
be oliected in great
quantity with little
effort. Some other
mustands are also
sometimes called
whitetop. AKALeD
divin diaba hear
cress heart pod
hoary cress
347
1cm BASAL LEAVES PRESENT, STEM LEAVES ALTERNATE, TOOTHED Whitetop 2 1 Cardaria draba Brassicaceae (Mustard family) CHECK: of white Hairy colonial mustard with grayish RIPTION: flowers in spring, and plump, heart shaped leaves nods and stems. ID eaves Perennial from a root system that spreads difficulty 2. acute and at the lower base, stem blunt leaves are elliptic to obovate, 1-3"" (2.5 laterally 8cm) to form colonies and often indented at the long, flat. flesny, hair. above They and wither flat about flowering time. Veins offset tip, by light both color. sides flat densely coated length, or scarcely protruding below. Petioles of lower or scarrely broad and nearly flat on top, D-shaped below. Stems erect leaves and up to 150% M but multiple and leaning without, 12-28"" (30-70cm) tall and 7-11 mm single with abundant alternate, slightly angled, the color uniform gray-green, densely soft-hairy, branched thick, solid, Mestinard and elliptic with blunt tips and scattered blunt teeth, with the veins more classing near eaves per leaves are held erect and appressed on progressively shorter petioles-sessile only and in the UPDER jar ha protruding below. Inflorescence multiple racemes, at first compact with flowers strongly depressed several adjacent clusters about the same level, giving a flat-topped appearance in bloom. crowded The at NO the it. often show even in the bud stage. During and after flowering the racemes lengthen a little and the ngled, straight pedicels lengthen a lot (ultimately becoming 3-5 times as long as the flower), resulting crowded cluster where the members of adjacent racemes mingle. Flowers 6-10 mm across with iou: `` obovate, widely spaced, white petals, not held at right angles to each other. Pods short, plump, ippsici : heart-shaped. WITH line dividing them into two ur equal ""halves."" HABITAT: Dis. turbed sunny areas with well-dra. ned soil, fields. roadsides vacant lots, pastures Introduced. FOOD USE: Tender new shoots. leafy tops and flower bud clusters (spring) can be used raw or cooked like a strong broccoli. COMMENTS: One of the most coin- mon weedy mus tards of urban areas in the High Plains whitetop can orten be oliected in great quantity with little effort. Some other mustands are also sometimes called whitetop. AKALeD divin diaba hear cress heart pod hoary cress 347 ","FOOD USE: Tender
new shoots. leafy
tops and flower
bud clusters (spring)
can be used raw or
cooked like a strong
broccoli.
",True,"
    ['shoots','leafy tops','flower bud clusters']"
0159_a.txt,"BASAL LEAVES PRESENT, STEM LEAVES ALTERNATE, TOOTHED
Garlic mustard
3
1
1
NG-250
Alliaria petiolata Brassicaceae (Mustard family)
","FOOD USE: Roots are horseradishy but small and tough.
Tender leaves can be used at any time, but more for
seasoning than bulk. Shoots, before the flowers have
opened in mid spring, are the mildest part of the plant
and can be used raw in salads, cooked in soups or stir-fry,
or steamed like asparagus.
",True,"
    'leaves','shoots'"
0159_b.txt,"0
BASAL LEAVES PRESENT, STEM LEAVES ALTERNATE, TOOTHED
14 Rattlesnake master
2
Eryngium
yuccifolium
Apiaceae
(Carrot
family)
ball-like of tiny pale flowers. ID difficulty 1.
UICK CHECK: clusters Long, stiff, sharp-tipped, yucca-like leaves with spiny-toothed margins
","FOOD USE: The tender bases of young shoots can be eaten
in late spring, raw or cooked. You may want to peel them.
Conservation 3.
",True,"
    'young shoots'"
0160_a.txt,"BASAL
LEAVES
PRESENT,
3
3
9
IWE-357
15 Strawberry spinach capitatum
family
Amaranthaceae
Chenopodium CHECK: Triangular or arrowhead-shaped basal leaves on long, flimsy petioles;
fleshy, red, winter annual. Basal leaves in a rosette arrowhead of 7-15, shaped, laying
","FOOD USE: From early summer through early fall the greens
can be used raw or cooked. The juicy, red fruit/flower clusters
are mildly sweet and make an attractive addition to salads or
cooked vegetable dishes, or a fun snack. They can be eaten raw
or cooked-the taste is like sweet, juicy beets. Conservation 1.
",True," ['greens', 'fruit/flower clusters']"
0160_b.txt,"num
1cm
BASAL LEAVES PRESENT, STEM LEAVES ALTERNATE, TOOTHED
6 Evening primrose
2
Oenothera biennis
family
Onagraceae
",,False,"
    []"
0161_a.txt,"BASAL LEAVES PRESENT, STEM LEAVES ALTERNATE, TOOTHED
16 Evening primrose (continued)
RELATED EDIBLES: There are many species of evening primrose in North America. All are safe to try but
are too tough or strong to be food.
HABITAT: many Sunny, well-drained, disturbed soil: farm fields, pastures, building sites, gravel pits, beaches,
roadsides, riverbanks. sloped prairies. Native.
roots from fall through spring from rosettes that lack a stem; cook make them decent before potherb. eating.
FOOD USE: Dig leaves from second-year plants in spring, just before the stem bolts, the a flowers)
are in eaten spring raw or cooked. Flowers make a pleasant nibble or cooked vegetable. The seeds dry pods
Tender, late erect shoots can be eaten after peeling and cooking. Flower buds (located above from open ripe,
can be ground and used in hot cereal or breads. Conservation 2/1/1.
COMMENTS: A common and versatile plant, sometimes subdivided into multiple species. All parts but the
flowers and seeds are slightly irritating to the mouth and throat, especially when raw.
352
BASAL LEAVES PRESENT, STEM LEAVES ALTERNATE, TOOTHED 16 Evening primrose (continued) RELATED EDIBLES: There are many species of evening primrose in North America. All are safe to try but are too tough or strong to be food. HABITAT: many Sunny, well-drained, disturbed soil: farm fields, pastures, building sites, gravel pits, beaches, roadsides, riverbanks. sloped prairies. Native. roots from fall through spring from rosettes that lack a stem; cook make them decent before potherb. eating. FOOD USE: Dig leaves from second-year plants in spring, just before the stem bolts, the a flowers) are in eaten spring raw or cooked. Flowers make a pleasant nibble or cooked vegetable. The seeds dry pods Tender, late erect shoots can be eaten after peeling and cooking. Flower buds (located above from open ripe, can be ground and used in hot cereal or breads. Conservation 2/1/1. COMMENTS: A common and versatile plant, sometimes subdivided into multiple species. All parts but the flowers and seeds are slightly irritating to the mouth and throat, especially when raw. 352 ","FOOD USE: Dig leaves from second-year plants in spring, just before the stem bolts, the a flowers)
are in eaten spring raw or cooked. Flowers make a pleasant nibble or cooked vegetable. The seeds dry pods
Tender, late erect shoots can be eaten after peeling and cooking. Flower buds (located above from open ripe,
can be ground and used in hot cereal or breads. Conservation 2/1/1.
",True,"
    'leaves','seeds','shoots','flower buds'"
0161_b.txt,"mm
1cm
BASAL LEAVES PRESENT, STEM LEAVES ALTERNATE, TOOTHED
17 Prairie-dock
2
Silphium terebinthinaceum
Asteraceae (Composite family)
","FOOD USE: The tender young shoots of the flower stalks, appearing in rid-
summer, can be peeled and eaten raw or cooked. They are mild. tender. and
slightly sweet. Conservation 2.
",True, 'shoots'
0162_a.txt,"BASAL LEAVES PRESENT, STEM LEAVES ALTERNATE, TOOTHED
18 aster
Aster Bigleaf macrophyllus 1 Asteraceae (Composite family)
","FOOD USE: The young, tender leaves, before they have
unfurled, make an aromatic nibble that can be added sparingly
to salads or cooked greens. Conservation 1.
",True,"
    'leaves'"
0162_b.txt,"mm
1cm
BASAL LEAVES PRESENT, STEM LEAVES ALTERNATE, TOOTHED
9 Canada violet
3
ELi
IWE-375
Viola canadensis
family
Violaceae
","FOOD USE: Tender young leaves in
spring, raw or cooked. Conservation 2.
",True,"
    'Young leaves'"
0163_a.txt,"BASAL LEAVES PRESENT, STEM LEAVES ALTERNATE, TOOTHED
Related edible
20 Common yellow violet Viola pubescens
1
This is a common, widespread, stemmed violet with large leaves that grows in forests.
but it is more characteristic of sandy or loamy, less rocky soils than Canada violet. It
may have from one to a few basal leaves, although occasionally basal leaves are absent.
Leaves 1-3.2"" (2.5-8 cm) long, broadly triangular to heart-shaped; the tips may be abruptly
pointed or blunt. Margins have widely spaced, blunt teeth, and usually a fringe of hairs.
Surfaces range from densely soft-hairy (especially below) to nearly hairless. Stipules ovate
and sometimes notched. Flowers 0.5-0.7"" (13-18 mm)
across with yellow petals, the lower one (sometimes 3)
with dark purple-brown veins. The side petals have a
yellow ""beard"" at the base.
COMMENTS: This species is not as good-tasting
as Canada violet, and it lacks the wintergreen fla-
vor, but it is easy to collect. Some sources claim that
yellow-flowered violets are not edible, but I have been
unable to find any basis for this claim. I have eaten
this particular species hundreds of times, both raw
and cooked, although never more than a handful or
two, because it's rather low on my preference list.
It may actually be two species: Some taxonomists
recognize V. pubescens as a species with fewer basal
leaves and stems and blades that are always densely
hairy (downy yeilow violet). Plants that have more
numerous basal leaves that are nearly hairless, and
in stems that are hairless or have the hair concentrated
If a few narrow lines, are separated as V eriocarpa.
differences, but you can eat either form.
you pay attention you may eventually notice these
854
BASAL LEAVES PRESENT, STEM LEAVES ALTERNATE, TOOTHED Related edible 20 Common yellow violet Viola pubescens 1 This is a common, widespread, stemmed violet with large leaves that grows in forests. but it is more characteristic of sandy or loamy, less rocky soils than Canada violet. It may have from one to a few basal leaves, although occasionally basal leaves are absent. Leaves 1-3.2"" (2.5-8 cm) long, broadly triangular to heart-shaped; the tips may be abruptly pointed or blunt. Margins have widely spaced, blunt teeth, and usually a fringe of hairs. Surfaces range from densely soft-hairy (especially below) to nearly hairless. Stipules ovate and sometimes notched. Flowers 0.5-0.7"" (13-18 mm) across with yellow petals, the lower one (sometimes 3) with dark purple-brown veins. The side petals have a yellow ""beard"" at the base. COMMENTS: This species is not as good-tasting as Canada violet, and it lacks the wintergreen fla- vor, but it is easy to collect. Some sources claim that yellow-flowered violets are not edible, but I have been unable to find any basis for this claim. I have eaten this particular species hundreds of times, both raw and cooked, although never more than a handful or two, because it's rather low on my preference list. It may actually be two species: Some taxonomists recognize V. pubescens as a species with fewer basal leaves and stems and blades that are always densely hairy (downy yeilow violet). Plants that have more numerous basal leaves that are nearly hairless, and in stems that are hairless or have the hair concentrated If a few narrow lines, are separated as V eriocarpa. differences, but you can eat either form. you pay attention you may eventually notice these 854 ",,False,"
    []"
0163_b.txt,"un
Itm
BASAL LEAVES PRESENT, STEM LEAVES ALTERNATE,
LOBED OR DIVIDED, SAP MILKY
GROUP 24 BASAL LEAVES PRESENT, STEM LEAVES ALTERNATE,
LOBED OR DIVIDED, SAP MILKY
the and nipplewort have edible thistles in the genus Cirsium are not included it in among the text the safest groups
members book. Several of this group belong to the family Asteraceae, making 117
only slightly milky sap and could key to group 25 if this or 13 not key noticed. Thistles
TENTATIVE IDENTIFICATION KEY TO GROUP 24
The key is not your final answer!
or
arrowhead-like, 3-lobed, or erratically palmately lobed.
linear, some unlobed; lobes often linear when present.
1. Prenanthes
or
Leaves less than 1 cm wide; flowers blue.
leaves often more than 1 cm wide; flowers yellow.
2. Texas skeletonplant
longer than wide, not linear, and pinnately lobed.
3. Scorzonera
Leaves with sharp, hard, needle-like spines on the outer edge.
e
Leaves and stems whitish-gray on all surfaces.
or
9. Scotch thistle
Leaves with prominent white veins and veinlets.
or
11. Milk thistle
Leaves whitish only on the underside from dense wool.
Basal leaves deeply pinnately lobed.
or
4. Pasture thistle
Basal leaves broadly elliptic and unlobed.
5. Tall thistle
Leaves gray to green on the underside, variably hairy.
or
Spring-blooming, florets a mixture of pale yellow and purple, with a dense whorl of leaves
beneath the heads.
6. Spring thistle
Summer-blooming, the florets purple to pink; no dense leaf whorl beneath heads.
Thorny, leafy wings on stems; basal leaves not compound-lobed.
Leaves densely hairy, not silvery: heads orient skyward.
7. Bull thistle
or
Leaves sparsely hairy, silvery-edged; heads nodding.
10. Nodding thistle
Stems without thorny, leafy wings; basal leaves with compound lobes.
B. Swamp thistle
Leaves without sharp, hard. needle-like spines (although they may be prickle-toothed).
Leaves with hairs across the upper surface.
23. Bitter lettuce
Petiole/rachis keeled below.
Petiole/rachis rounded below.
Lower leaves with very small, fully separated divisions near the base; heads small.
Blade has a large, unlobed terminal section; stem usually single, erect.
12. Nipplewort
or
or
13. Japanese hawksbeard
Terminal section of blade lobed; stems multiple, leaning.
Lower leaves lack fully separated divisions; heads large-over 1"" (2.5 cm) wide.
15. False dandelion
Less than 24"" (60 cm) tall; flowers yellow.
16. Chicory
Often over 30"" (75 cm) tall; flowers blue.
Upper leaf surface hairless or nearly so, or with hairs confined to the margins or midvein.
14. Carolina dandelion
Midvein rounded below.
Midvein keeled below.
Keel naked, without hairs or spines.
Margins always toothed, often lobed.
17. Common sow-thistle
Margins gently prickie-toothed, lobes deep. auricles pointed.
18. Prickly sow-thistle
Margins painfully stiff-prickly, lobes shallow, auricles rounded.
19. Perennial sow-thistle
or or
Margins gently prickle-toothed, lobes shallow, auricles rounded.
24. Blue lettuce
Margins toothless, sometimes lobed; upper leaves mostly entire.
20. Good lettuce
Keel with hairs.
Latex Latex browning turning slowly light brown: leaf tips not arrowhead-shaped; bluish. flowers orange-red.
rapidly: leaf tips narrow; flowers yellow.
21. Hairy lettuce
22. Woodland lettuce
or
Latex remains white; leaf tips arrowhead-shaped; flowers
See key next page.
Keel with prickles or spines.
(Continued on next page.)
un Itm BASAL LEAVES PRESENT, STEM LEAVES ALTERNATE, LOBED OR DIVIDED, SAP MILKY GROUP 24 BASAL LEAVES PRESENT, STEM LEAVES ALTERNATE, LOBED OR DIVIDED, SAP MILKY the and nipplewort have edible thistles in the genus Cirsium are not included it in among the text the safest groups members book. Several of this group belong to the family Asteraceae, making 117 only slightly milky sap and could key to group 25 if this or 13 not key noticed. Thistles TENTATIVE IDENTIFICATION KEY TO GROUP 24 The key is not your final answer! or arrowhead-like, 3-lobed, or erratically palmately lobed. linear, some unlobed; lobes often linear when present. 1. Prenanthes or Leaves less than 1 cm wide; flowers blue. leaves often more than 1 cm wide; flowers yellow. 2. Texas skeletonplant longer than wide, not linear, and pinnately lobed. 3. Scorzonera Leaves with sharp, hard, needle-like spines on the outer edge. e Leaves and stems whitish-gray on all surfaces. or 9. Scotch thistle Leaves with prominent white veins and veinlets. or 11. Milk thistle Leaves whitish only on the underside from dense wool. Basal leaves deeply pinnately lobed. or 4. Pasture thistle Basal leaves broadly elliptic and unlobed. 5. Tall thistle Leaves gray to green on the underside, variably hairy. or Spring-blooming, florets a mixture of pale yellow and purple, with a dense whorl of leaves beneath the heads. 6. Spring thistle Summer-blooming, the florets purple to pink; no dense leaf whorl beneath heads. Thorny, leafy wings on stems; basal leaves not compound-lobed. Leaves densely hairy, not silvery: heads orient skyward. 7. Bull thistle or Leaves sparsely hairy, silvery-edged; heads nodding. 10. Nodding thistle Stems without thorny, leafy wings; basal leaves with compound lobes. B. Swamp thistle Leaves without sharp, hard. needle-like spines (although they may be prickle-toothed). Leaves with hairs across the upper surface. 23. Bitter lettuce Petiole/rachis keeled below. Petiole/rachis rounded below. Lower leaves with very small, fully separated divisions near the base; heads small. Blade has a large, unlobed terminal section; stem usually single, erect. 12. Nipplewort or or 13. Japanese hawksbeard Terminal section of blade lobed; stems multiple, leaning. Lower leaves lack fully separated divisions; heads large-over 1"" (2.5 cm) wide. 15. False dandelion Less than 24"" (60 cm) tall; flowers yellow. 16. Chicory Often over 30"" (75 cm) tall; flowers blue. Upper leaf surface hairless or nearly so, or with hairs confined to the margins or midvein. 14. Carolina dandelion Midvein rounded below. Midvein keeled below. Keel naked, without hairs or spines. Margins always toothed, often lobed. 17. Common sow-thistle Margins gently prickie-toothed, lobes deep. auricles pointed. 18. Prickly sow-thistle Margins painfully stiff-prickly, lobes shallow, auricles rounded. 19. Perennial sow-thistle or or Margins gently prickle-toothed, lobes shallow, auricles rounded. 24. Blue lettuce Margins toothless, sometimes lobed; upper leaves mostly entire. 20. Good lettuce Keel with hairs. Latex Latex browning turning slowly light brown: leaf tips not arrowhead-shaped; bluish. flowers orange-red. rapidly: leaf tips narrow; flowers yellow. 21. Hairy lettuce 22. Woodland lettuce or Latex remains white; leaf tips arrowhead-shaped; flowers See key next page. Keel with prickles or spines. (Continued on next page.) ",,False,"
    []"
0164_a.txt,"BASAL LEAVES PRESENT, STEM LEAVES ALTERNATE,
LOBED OR DIVIDED, SAP MILKY
(Continued from previous page.)
Keel with or
Stem leaves prickles clasping spines. with 2 small, pointed lobes at the base, tapered to a point,
25. Willow-leaf lettuce
nearly entire.
Stem leaves toothed. often lobed. but lacking pointed basal lobes.
26. Prickly lettuce
Prickles long, dense; stem prickly and latex white.
27. Prairie lettuce
Prickles short, sparse; stem not prickly: latex turns brown.
Prenanthes
2
1
NG-447
1
Prenanthes alba
Asteraceae
(Composite
family)
","FOOD USE: Tender leaves in spring or early summer can be eaten raw or cooked. Just prior to bolting, the
leaves (even meristematic ones) usually become more bitter. The shoot is bitter but can be eaten steamed
or boiled, and is very tender when young. Conservation 2.
",True,"
    'leaves'"
0164_b.txt,"BASAL LEAVES PRESENT, STEM LEAVES ALTERNATE,
2 Texas skeletonplant
LOBED OR DIVIDED, SAP MILKY
3
Lygodesmia texana Asteraceae 3 (Composite family)
reads purple florets. ID difficulty 1.
ICK of CHECK: light Thin, lanky, lax stems with a few linear leaves and midely
","FOOD USE: Every tender
part above ground is edible
and excellent: leaves, stems
peduncles, and flower buds.
These are most abundant in
early summer but new ten-
der growth appears in small
amounts any time the plants
are flowering. Conservation 2.
",True,"
    'leaves','stems','peduncles','flower buds'"
0165_a.txt,"BASAL LEAVES PRESENT, STEM LEAVES ALTERNATE,
LOBED OR DIVIDED, SAP MILKY
Scorzonera Scorzonera laciniata 2 Asteraceae 3 &2 (Composite family)
3
3
CHECK Basal leaves with long, narrow lobes but no teeth; shin-high, branching
","FOOD USE: The roots can be dug in fall, winter, or spring from plants that have not yet produced a stalk, and
can be eaten cooked. The flavor is rich and hearty like salsify, but the root is small and has a tough core. The
young, tender leaves, shoots, and flower buds can be collected in spring or early summer and eaten raw or
cooked. Their flavor is mild and excellent.
",True," ['roots','Young leaves','shoots','flower buds']"
0165_b.txt,"0
1cm
BASAL LEAVES PRESENT, STEM LEAVES ALTERNATE,
THISTLE
LOBED OR DIVIDED, SAP MILKY
[]
FH-333
Asteraceae (Composite family)
genera Cirsium, Carduus, Onopordum, Silybum
","FOOD USE: (This is a generalized account; some uses are not applicable to certain species.) Taproots (fall
through spring) of most species can be eaten raw or cooked. Shoots (late spring to early summer) can be
eaten raw or cooked after they have been carefully peeled. I start by removing the leaves and spines in the
field with a knife, then peeling the thick skin. Midribs (spring through fall) of the leaves can be eaten raw or
cooked after removing the leafy sides and accompanying spines; they are crisp, juicy, and a bit stringy, like
celery. Flower buds (early to mid summer) can be peeled, and the tender centers eaten like artichoke hearts,
but on most species they are too small and difficult to bother.
",True,"
    'taproots','shoots','midribs'"
0166_a.txt,"BASAL LEAVES PRESENT, STEM LEAVES ALTERNATE,
LOBED OR DIVIDED, SAP MILKY
4
Pasture thistle (continued)
5 Tall thistle
Cirsium altissimum
3
2
3
An elegant native thistle typically 6-10' (2-3 m) tall, inhabiting
open woodlands and forest margins on rich soil. The basal leaves
are lightly armed, scarcely lobed or unlobed, and silvery-white
beneath. Stem leaves may be lobed or entire. Florets are light
purple. The roots
are large, tender,
and sweet-good
even raw. The
stalks and midribs
are also larger and
more tender than
most species, and
are less thorny to
handle. AKA wood-
land thistle. Con-
servation 3/2.
6 Spring thistle
Cirsium horridulum
3
3
3
that A native blooms species in spring, with yellow to purple flowers
flower lioneydew thick is thistles (60-150 root. and a dense the It The heads. might in peeled cm) leaves the whorl melon. tall be The same shoot are of and petioles Don't exceptionally leaves area, are is much delicious believe The proportionately are directly earlier the stems me? spiny tenderest raw, beneath than reach Go and with try other there very 2-5' the a it. of flavor any 1 thistle reminiscent I've tried, of
really
good.
have
not
eaten
the
Spring thistle, beginning to bloom but the stem is still tender.
BASAL LEAVES PRESENT, STEM LEAVES ALTERNATE, LOBED OR DIVIDED, SAP MILKY 4 Pasture thistle (continued) 5 Tall thistle Cirsium altissimum 3 2 3 An elegant native thistle typically 6-10' (2-3 m) tall, inhabiting open woodlands and forest margins on rich soil. The basal leaves are lightly armed, scarcely lobed or unlobed, and silvery-white beneath. Stem leaves may be lobed or entire. Florets are light purple. The roots are large, tender, and sweet-good even raw. The stalks and midribs are also larger and more tender than most species, and are less thorny to handle. AKA wood- land thistle. Con- servation 3/2. 6 Spring thistle Cirsium horridulum 3 3 3 that A native blooms species in spring, with yellow to purple flowers flower lioneydew thick is thistles (60-150 root. and a dense the It The heads. might in peeled cm) leaves the whorl melon. tall be The same shoot are of and petioles Don't exceptionally leaves area, are is much delicious believe The proportionately are directly earlier the stems me? spiny tenderest raw, beneath than reach Go and with try other there very 2-5' the a it. of flavor any 1 thistle reminiscent I've tried, of really good. have not eaten the Spring thistle, beginning to bloom but the stem is still tender. ",,False,"
    []"
0166_b.txt,"0
1cm
BASAL LEAVES PRESENT, LOBED STEM LEAVES
7
Bull thistle
OR DIVIDED, ALTERNATE, SAP MILKY
Cirsium
vulgare
1
2
Abundant, 2.1 m) in non-native. weedy species
widely in height full The stem is hairy and rear robust, hing
not silvery sun, with purple flowerheads. The branching
that runs on the underside, and they have a leaves are
most down onto the stem below. This IS thorny wing
our heavily-armed thistles, and it is the only one of our
Shoots area with spines lying flat on the upper leaf species in
to be worth make a good cooked vegetable, and the leaf surface. midribs are large enough
peeling. The roots are tough and less preferable.
Bull thistle shoot at the stage for peeling and eating.
8
Swamp thistle
Cirsium
muticum
2
3
than This native thistle reaches 6-9' (1.8-2.7 m) tall, the stalks ridged and proportionately
our other species. The leaves are long, with long, narrow lobes cut close to the midvein, thinner
and many of the larger lobes are compound.
The roots are tough and divide into many small
fibrous branches, making them useless for eat-
ing. However, the shoots and petioles are good.
Rare in the southern third of range.
Scotch thistle
Onopordum acanthium
2
Biennial 4-9' (1.2-2.7 m) tall. All parts
are covered with wool in varying den-
sity-at the extreme it gives the plant
a ghostly whitish-gray appearance. The
basal leaves are large and deeply ruffled
but shallowly lobed; stem leaves are
less ruffled. Broad, spiny, leafy wings run
down the stem from each node, often obscuring it. Flower
heads are usually in small clusters, held upright. with purple
florets. Once you get past the spiny wings, this species has
respectable flavor, but I've only eaten the stems.
363
0 1cm BASAL LEAVES PRESENT, LOBED STEM LEAVES 7 Bull thistle OR DIVIDED, ALTERNATE, SAP MILKY Cirsium vulgare 1 2 Abundant, 2.1 m) in non-native. weedy species widely in height full The stem is hairy and rear robust, hing not silvery sun, with purple flowerheads. The branching that runs on the underside, and they have a leaves are most down onto the stem below. This IS thorny wing our heavily-armed thistles, and it is the only one of our Shoots area with spines lying flat on the upper leaf species in to be worth make a good cooked vegetable, and the leaf surface. midribs are large enough peeling. The roots are tough and less preferable. Bull thistle shoot at the stage for peeling and eating. 8 Swamp thistle Cirsium muticum 2 3 than This native thistle reaches 6-9' (1.8-2.7 m) tall, the stalks ridged and proportionately our other species. The leaves are long, with long, narrow lobes cut close to the midvein, thinner and many of the larger lobes are compound. The roots are tough and divide into many small fibrous branches, making them useless for eat- ing. However, the shoots and petioles are good. Rare in the southern third of range. Scotch thistle Onopordum acanthium 2 Biennial 4-9' (1.2-2.7 m) tall. All parts are covered with wool in varying den- sity-at the extreme it gives the plant a ghostly whitish-gray appearance. The basal leaves are large and deeply ruffled but shallowly lobed; stem leaves are less ruffled. Broad, spiny, leafy wings run down the stem from each node, often obscuring it. Flower heads are usually in small clusters, held upright. with purple florets. Once you get past the spiny wings, this species has respectable flavor, but I've only eaten the stems. 363 ",,False,"
    []"
0167_a.txt,"BASAL LEAVES PRESENT, STEM LEAVES ALTERNATE,
LOBED OR DIVIDED, SAP MILKY
3
2
3
10 8-12"" (20-30 cm) long and almost hairless, covered the
Nodding thistle + Carduus nutans
Biennial 8 (1.5:2.4 m) tall. Basal the leaves midribs are light and hairless above. Stems peduncle are is long,
edges strongly ruffled and silvery, that extend down from the leaf axils. The single large,
with leafv, spiny, ruffled naked, wings without leafy wings, not spiny, slightly hairy, The with a bracts of the
nodding, purple mm wide (very wide compared to other thistles) and is introduced
ascending, almost flowerhead 1.3-2.5"" (33-65 mm) across at the end. spiny the outer ones are
reflexed. The well-drained, sunny areas with disturbed soil. The roots buds, as with fibrous. artichoke The midribs hearts,
involucre are seeds 4-10 (achenes) have no parachute at the end. This species are tough and
and inhabits dry, thistles. If you are going to peel thistle flower and pleasant to eat
are of middling has quality the largest among in our region. The shoots are among our best and are sweet its are hardly worth
even this species raw. The closely related Carduus acanthoides is much smaller. While edible, parts
peeling. Both Carduus species are invasive. I
Corduus acanthoides rosette.
77 Milk thistle Silybum marianum
2
cultivation This biennial for species is sparsely distributed in our area, where it occasionally
stiff, spine-upped, are purple, and beneath the head there shiny green leaves
with bright white medicinal veins. The uses. florets It is readily recognized by its variegated, escapes from
-channeled bracts. The stems are grooved and usually is a whorl have sparse, of long,
fine wool on the
surface. The leaf
blades/petioles/
midribs, young
stalks, and roots
are all edible-al-
164
though 1 have only
eaten the leaves.
BASAL LEAVES PRESENT, STEM LEAVES ALTERNATE, LOBED OR DIVIDED, SAP MILKY 3 2 3 10 8-12"" (20-30 cm) long and almost hairless, covered the Nodding thistle + Carduus nutans Biennial 8 (1.5:2.4 m) tall. Basal the leaves midribs are light and hairless above. Stems peduncle are is long, edges strongly ruffled and silvery, that extend down from the leaf axils. The single large, with leafv, spiny, ruffled naked, wings without leafy wings, not spiny, slightly hairy, The with a bracts of the nodding, purple mm wide (very wide compared to other thistles) and is introduced ascending, almost flowerhead 1.3-2.5"" (33-65 mm) across at the end. spiny the outer ones are reflexed. The well-drained, sunny areas with disturbed soil. The roots buds, as with fibrous. artichoke The midribs hearts, involucre are seeds 4-10 (achenes) have no parachute at the end. This species are tough and and inhabits dry, thistles. If you are going to peel thistle flower and pleasant to eat are of middling has quality the largest among in our region. The shoots are among our best and are sweet its are hardly worth even this species raw. The closely related Carduus acanthoides is much smaller. While edible, parts peeling. Both Carduus species are invasive. I Corduus acanthoides rosette. 77 Milk thistle Silybum marianum 2 cultivation This biennial for species is sparsely distributed in our area, where it occasionally stiff, spine-upped, are purple, and beneath the head there shiny green leaves with bright white medicinal veins. The uses. florets It is readily recognized by its variegated, escapes from -channeled bracts. The stems are grooved and usually is a whorl have sparse, of long, fine wool on the surface. The leaf blades/petioles/ midribs, young stalks, and roots are all edible-al- 164 though 1 have only eaten the leaves. ",,False,"
    []"
0167_b.txt,"BASAL LEAVES PRESENT, STEM LEAVES ALTERNATE,
LOBED OR DIVIDED, SAP MILKY
12 Nipplewort
2
2
Lapsana communis
Asteraceae (Composite family)
","FOOD USE: Gather young leaves from robust
rosettes, especially where crowding keeps them
off the ground, as their texture can hold dirt. These
are available mostly in spring, less so in summer
and fall. Use in salads or as a potherb. Tender
shoots with attached leaves, in late spring or early
summer, also make a nice cooked vegetable.
",True,"
    'young leaves','tender shoots'"
0168_a.txt,"BASAL LEAVES PRESENT, STEM LEAVES ALTERNATE,
LOBED OR DIVIDED, SAP MILKY
13 Japanese hawksbeard
1
1
Youngia japonica Asteraceae (Composite family)
Deeply lobed basal leaves with a large terminal lobe; the are stem orange thin when and
","FOOD USE: Use the young stems and tender leaves
(if they are clean, which is rare) raw or cooked.
",True,"
    'stems','Young leaves'"
0168_b.txt,"1cm
BASAL LEAVES PRESENT, STEM LEAVES ALTERNATE,
14 Carolina dandelion
LOBED OR DIVIDED, SAP MILKY
1
Pyrrhopappus
carolinianus
Asteraceae (Composite family)
UICK few leaves; CHECK: showy Rosette yellow of narrow flowerheads. dandelion-like ID difficulty leaves; 2. multiple branching starns
","FOOD USE: Another of the
dandelion-like bitter greens, the
young leaves are edible raw or
cooked. Conservation 1.
",True,"
    'young leaves'"
0169_a.txt,"BASAL LEAVES PRESENT, STEM LEAVES ALTERNATE,
LOBED OR DIVIDED, SAP MILKY
16 Chicory
Cichorium intybus 2 Asteraceae (Composite family)
","FOOD USE: Roots of first-year plants can be eaten cooked, but older ones become much tougher. Young or old
roots can be dried and roasted until brown, then ground and used to brew a coffee-like beverage. Young spring
leaves can be used raw or cooked as a potherb. Aim for clean ones because the hairs make them hard to wash.
",True,"
    'roots','Young spring leaves'"
0169_b.txt,"omposite e family).
BASAL LEAVES PRESENT, LOBED STEM LEAVES
SOW-THISTLE
OR DIVIDED, ALTERNATE, SAP MILKY
[I]
NG-439
genus Sonchus
Asteraceae (Composite family)
nowerheads UICK CHECK: in terminal Erect herbs clusters with of sharply 3-12. ID pointed difficulty teeth 1. or spines the
","FOOD USE: Tender leaves can be gathered from spring through summer (most abundant in early summer) and
eaten raw or cooked. Tender stems, primarily available in early summer, can be peeled and used as a vegetable
",True,"
    'leaves','stems'"
0170_a.txt,"BASAL LEAVES PRESENT, STEM LEAVES ALTERNATE,
LOBED OR DIVIDED, SAP MILKY
1
2
18 Prickly sow-thistle Sonchus asper
","FOOD USE: The peeled stalk of vigorously growing young plants in spring or early
summer is good raw or cooked. It is crisp, mild, and sweet, but many specimens are too
small to bother with. The leaves can
be eaten raw or cooked when they
are very young and tender. Cooking
reduces the prickliness, and blend-
ing in a smoothie eliminates it.
FOOD USE: Tender leaves in spring
through early summer can be eaten
fried. raw or cooked. I especially like them
",True," ['stalks','leaves']"
0170_b.txt,"1cm
BASAL LEAVES PRESENT, STEM LEAVES ALTERNATE,
LOBED OR DIVIDED, SAP MILKY
WILD
LETTUCE
NG-429
genus
Lactuca
Asteraceae (Composite family)
iall UICK stalk CHECK: with a panicle Dandelion-like of numerous leaves small and flowerheads. milky sap; midvein ID difficulty below 2. is keeled with arect hairs OF prickles:
","FOOD USE: Tender leaves can be eaten raw or cooked in spring. The best are found in the upright cluster of
new leaves in the center of the rosette just before the stem elongates (bolts); this is analogous to a ""head"" of
domestic lettuce. Shoots can also be eaten in early summer. The flavor is highly variable among the species,
but those with browning latex tend to taste better.
",True, 'leaves'
0171_a.txt,"20 Good Forest lettuce borders. fields, (continued) roadsides, prairies. logging sites; disturbed ground in full sun to light Conser- shade.
HABITAT: COMMENTS: Native This is the best tasting wild lettuce--in fact I prefer it over any cultivated leaf lettuce.
vation 2. AKA Canada lettuce, yellow wild lettuce.
Good lettuce can be identified by its long, narrow leaf tips
and the rapidly browning latex. The flowers are bright yel-
low, much like those of prickly lettuce (plant 26).
21 Hairy lettuce Lactuca hirsuta
2
2
This plant is similar but averages shorter than L. canadensis. The leaves have long, narrow
lobes with large teeth, and are less pointed than the lobes of good lettuce. The midrib has
long, thin hairs on both sides, and the stem is also usually hairy and often reddish. Hairy
lettuce has larger flower heads than good lettuce and the florets are usually orange. The
latex turns faintly brown, often slowly.
HABITAT: Disturbed dry forests and savannahs, especially rocky slopes.
COMMENTS: The flavor is almost as good as that of its taller cousin. Conservation 2.
514
20 Good Forest lettuce borders. fields, (continued) roadsides, prairies. logging sites; disturbed ground in full sun to light Conser- shade. HABITAT: COMMENTS: Native This is the best tasting wild lettuce--in fact I prefer it over any cultivated leaf lettuce. vation 2. AKA Canada lettuce, yellow wild lettuce. Good lettuce can be identified by its long, narrow leaf tips and the rapidly browning latex. The flowers are bright yel- low, much like those of prickly lettuce (plant 26). 21 Hairy lettuce Lactuca hirsuta 2 2 This plant is similar but averages shorter than L. canadensis. The leaves have long, narrow lobes with large teeth, and are less pointed than the lobes of good lettuce. The midrib has long, thin hairs on both sides, and the stem is also usually hairy and often reddish. Hairy lettuce has larger flower heads than good lettuce and the florets are usually orange. The latex turns faintly brown, often slowly. HABITAT: Disturbed dry forests and savannahs, especially rocky slopes. COMMENTS: The flavor is almost as good as that of its taller cousin. Conservation 2. 514 ",,False,"
    empty"
0171_b.txt,"mm
0
1cm
BASAL LEAVES PRESENT, STEM LEAVES ALTERNATE,
LOBED OR DIVIDED, SAP MILKY
22 Woodland lettuce+ Lactuca floridana
1
MICK CHECK: Tall lettuce, the leaves with a few broad, blunt labos
di broad, spearhead-like tips; small flowerheads with bluish Haways
",,False,"
    []"
0172_a.txt,"BASAL LEAVES PRESENT, STEM LEAVES ALTERNATE,
LOBED OR DIVIDED, SAP MILKY
1
1
Bitter lettuce Lactuca biennis
",,False,"
    []"
0172_b.txt,"BASAL LEAVES PRESENT, STEM LEAVES
24 Blue lettuce
LOBED OR DIVIDED, ALTERNATE, SAP MILKY
Lactuca pulchella
1
",,False,"
    []"
0173_a.txt,"BASAL LEAVES PRESENT, STEM LEAVES ALTERNATE,
LOBED OR DIVIDED, SAP MILKY
2
26 Prickly lettuce Lactuca serriola
CHECK. ( hest high weedy lettlice with spiny leaves that turn to optimize sun-
light numerous annual with white latex. This species has the to pecu- the
QUICI small heads of vellow flowers
",,False,"
    []"
0173_b.txt,"BASAL LEAVES PRESENT, STEM LEAVES ALTERNATE,
LOBED OR DIVIDED, SAP MILKY
27 Prairie lettuce
Lactuca ludoviciana
2
2
",,False,"
    []"
0174_a.txt,"BASAL LEAVES PRESENT, LEAVES ALTERNATE,
LOBED OR DIVIDED, SAP NOT MILKY
GROUP 25 BASAL LEAVES PRESENT, LEAVES ALTERNATE,
LOBED OR DIVIDED, SAP NOT MILKY
in this lose their basal leaves by the time of flowering. for only A few a fleeting of the
Some plants annual group mustards I placed here have basal leaves and their former
summer-blooming after germination. Their dead remains are sometimes visible, specified
period is indicated by leaf scars. The leaf form referred to in the key, unless leaves are
presence generally refers to the leaves from mid-stem downward. (Upper the
often otherwise, drastically different.) This is the largest group in the book partly because
lobed and divided leaves are lumped together. This was necessary because many
of the plants have highly variable leaf form (even on the same individual).
Thistles will key here if you do not notice the faint milky sap.
Most members of group 25 belong to the mallow family (p. 688) or the
mustard family (p. 682). Most members of both families are edible-and
none are dangerously toxic. Since many of these species are eaten as leafy
greens before the flowers appear, I used leaf features in the key to the extent
possible-but was forced to use flower features toward the end. Because mustard
leaves usually vary dramatically in shape from the top to the bottom of the plant, I
often employ leaf hairiness and vein depression, which are more consistent across
leaf shapes, as distinguishing criteria. This is not trouble-free either: A few
plants toe the line between the categories. If your plant seems on the fence
regarding any feature, check it both ways in the key.
TENTATIVE IDENTIFICATION KEY TO GROUP 25
The key is not your final answer!
or
Leaves spiny on the margin. Thistles (see group 24; these have milky sap, which is easy to miss).
Leaves not spiny; basal leaves entire (only the upper leaves are lobed).
or
1. Scarlet paintbrush
Leaves not spiny; basal leaves toothed, lobed, or divided (upper leaves may not be lobed/divided).
Leaves 3-lobed or ternately divided.
or
Deeply lobed or divided, the terminal division 3-lobed, toothed; stem erect.
2. Sochan
Leaf with 2 small side lobes, otherwise entire; stem prostrate.
Leaves palmately lobed or divided, or with a large palmate terminal division.
3. Poverty weed
Leaves with stipules; sap slimy; basal leaves palmately lobed and always lacking watermarks.
Major veins essentially flat above.
or
Stems limp, rising less than 14"" (36 cm); flowers single or in small groups.
Major veins depressed above.
Stems stiff, usually rising more than 24"" (60 cm); flowers in a large, loose panicle.
4. Purple poppy-mallow
5. Fringed poppy-mallow
or
Creeping or decumbent, mostly ground-hugging plant, <20"" (50 cm) tall.
All or some stems erect, often >20"" (50 cm) tall.
6. Common mallow
or
pink Stems to <5' purple, (1.5 m) tall; leaves <5"" (13 cm) long; flowers >0.8"" (2 cm) wide,
or
Leaves deeply cut; flowers pale pink.
Leaves shallowly lobed; flowers deep pink with purple
7. Musk mallow
Leaves Largest without stipules; sap not slimy; first spring leaves with whitish <13 mm across,
Stems >5' (1.5 m) tall, leaves >8"" (20 cm) long, flowers streaks. white.
8. High mallow
9, Glade mallow
borne above watermarks the leaves. more contiguous and clearly follow the main lateral watermarks, veins; flowers bluish,
borne Largest below watermarks the leaves. blotchy, not or only loosely following main lateral veins; flowers
10, Biennial waterleaf
or Leaves divisions. pinnately lobed or divided-the blade usually longer than wide with 4 or more side lobes white,
11. Broad waterleaf
(Continued on next page.)
See key next page.
378
BASAL LEAVES PRESENT, LEAVES ALTERNATE, LOBED OR DIVIDED, SAP NOT MILKY GROUP 25 BASAL LEAVES PRESENT, LEAVES ALTERNATE, LOBED OR DIVIDED, SAP NOT MILKY in this lose their basal leaves by the time of flowering. for only A few a fleeting of the Some plants annual group mustards I placed here have basal leaves and their former summer-blooming after germination. Their dead remains are sometimes visible, specified period is indicated by leaf scars. The leaf form referred to in the key, unless leaves are presence generally refers to the leaves from mid-stem downward. (Upper the often otherwise, drastically different.) This is the largest group in the book partly because lobed and divided leaves are lumped together. This was necessary because many of the plants have highly variable leaf form (even on the same individual). Thistles will key here if you do not notice the faint milky sap. Most members of group 25 belong to the mallow family (p. 688) or the mustard family (p. 682). Most members of both families are edible-and none are dangerously toxic. Since many of these species are eaten as leafy greens before the flowers appear, I used leaf features in the key to the extent possible-but was forced to use flower features toward the end. Because mustard leaves usually vary dramatically in shape from the top to the bottom of the plant, I often employ leaf hairiness and vein depression, which are more consistent across leaf shapes, as distinguishing criteria. This is not trouble-free either: A few plants toe the line between the categories. If your plant seems on the fence regarding any feature, check it both ways in the key. TENTATIVE IDENTIFICATION KEY TO GROUP 25 The key is not your final answer! or Leaves spiny on the margin. Thistles (see group 24; these have milky sap, which is easy to miss). Leaves not spiny; basal leaves entire (only the upper leaves are lobed). or 1. Scarlet paintbrush Leaves not spiny; basal leaves toothed, lobed, or divided (upper leaves may not be lobed/divided). Leaves 3-lobed or ternately divided. or Deeply lobed or divided, the terminal division 3-lobed, toothed; stem erect. 2. Sochan Leaf with 2 small side lobes, otherwise entire; stem prostrate. Leaves palmately lobed or divided, or with a large palmate terminal division. 3. Poverty weed Leaves with stipules; sap slimy; basal leaves palmately lobed and always lacking watermarks. Major veins essentially flat above. or Stems limp, rising less than 14"" (36 cm); flowers single or in small groups. Major veins depressed above. Stems stiff, usually rising more than 24"" (60 cm); flowers in a large, loose panicle. 4. Purple poppy-mallow 5. Fringed poppy-mallow or Creeping or decumbent, mostly ground-hugging plant, <20"" (50 cm) tall. All or some stems erect, often >20"" (50 cm) tall. 6. Common mallow or pink Stems to <5' purple, (1.5 m) tall; leaves <5"" (13 cm) long; flowers >0.8"" (2 cm) wide, or Leaves deeply cut; flowers pale pink. Leaves shallowly lobed; flowers deep pink with purple 7. Musk mallow Leaves Largest without stipules; sap not slimy; first spring leaves with whitish <13 mm across, Stems >5' (1.5 m) tall, leaves >8"" (20 cm) long, flowers streaks. white. 8. High mallow 9, Glade mallow borne above watermarks the leaves. more contiguous and clearly follow the main lateral watermarks, veins; flowers bluish, borne Largest below watermarks the leaves. blotchy, not or only loosely following main lateral veins; flowers 10, Biennial waterleaf or Leaves divisions. pinnately lobed or divided-the blade usually longer than wide with 4 or more side lobes white, 11. Broad waterleaf (Continued on next page.) See key next page. 378 ",,False,"
    empty

    Input:
    'FOOD USE: The stems and leaves are eaten raw or cooked. The roots are also edible, but are not often con
    sumed due to their bitter taste. The seeds are also edible, but should be parched or roasted before consumption.'

    Expected output:
    'stems','leaves','roots','seeds'"
0174_b.txt,"0
1cm
BASAL LEAVESPRESENT,LEAVES LOBED OR DIVIDED,SAP
(Continued from previous page.)
ALTERNATE, NOT MILKY
Leaves or divisions. pinnately lobed or divided-the blade usually longer than wide with 4 or more side lobes
Leaves enormous, oriented vertically, with sinuous, blunt lobes and only these
Leaves Leaves in sets of 3, 2 of which are really enlarged stipules, are lobed.
Not as above. fern-like, densely and evenly lobed, each lobe with rounded all in sub-lobes, plane,
14. Pansy
15. Compass plant
16. Lousewort
Blade Blade surface shallowly hairless; If any hairs present, they are confined to the veins and margins.
Leaf lobed, the lobes erratic and angled toward the leaf major tip.
or
Leaf margin hairless; stem erect with soft hairs and ridged.
Blade deeply lobed or divided, the lobes right-angled to the rachis.
margin hairy; stems spreading with stiff hairs, not ridged.
17. Ox-eye daisy
or
19. Annual wall rocket
Lobes or divisions not ruffled, blunt-pointed with several large, pointed teeth.
or
Lobes closely spaced; erect stem more than 24"" (60 cm).
Divisions widely spaced; decumbent stem less than 12"" (30 cm).
20, Marsh yellow cress
Lobes or divisions ruffled, rounded, entire or with a few waves or blunt teeth.
21. Creeping yellowcress
2-8 side lobes; much larger terminal lobe is most of the leaf's blade.
14-22 side lobes; large terminal lobe not most of the blade.
22. Wintercress
Blade sparsely to densely hairy across one or both surfaces.
23. Southern wintercress
or
Flowers single from upper leaf axils, with a long, tubular base.
Inflorescence a one-sided panicle, coiled when emerging; flowers with 5 parts.
18. Cut-leaf evening primrose
or
Leaves with 5-7 major lobes.
Leaves with 9-13 major lobes.
12. Virginia waterleaf
Inflorescence a raceme, not coiled or one-sided, flowers with 4 parts.
13. Large waterleaf
or
Flowers blue-purple; only robust basal leaves are lobed (others are lanceolate).
24. Blue mustard
Flowers with tiny (<2 mm) whitish to pink petals, or petais absent.
Pods roughly triangular.
25. Shepherd's purse
or
Pods round to broadly elliptic or slightly heart-shaped.
Stem leaves clasping and appressed.
26. Field pepperweed
Stem leaves not clasping, tapered to the base.
27. Common pepperweed
Flowers with pale creamy to bright yellow petals 3 mm or longer.
Stem smooth and hairless (perhaps a few hairs near the base).
Stem leaves entire, appressed; veins flat and obscure.
or
28. Tower mustard
Stem leaves not appressed, mostly lobed and ruffled: veinlets depressed.
29. Field mustard
Stem with scattered to dense hairs (upper parts sometimes nearly hairless).
Pods nearly spherical.
Upper stem smooth; pedicels appressed.
30. Bastard cabbage
or
Upper stem bumpy: pedicels ascending.
31. Hill mustard
Pods elongated, appressed to the rachis or nearly so.
5-8' (1.5-2.5 m) tall; upper leaves narrowly elliptic and toothed:
uppermost leaves drooping and entire.
32. Black mustard
or
2-5' (60-150 cm) tall; upper leaves lobed; uppermost toothed, not drooping.
34. Hedge mustard
1-3' (30-90 cm) tall; uppermost leaves unlobed, toothed.
39. Charlock mustard
Pods elongated, not appressed to the rachis.
Upper leaves with thread-like lobes.
36. Tumble mustard
or
Upper leaves with pointed side lobes at least 3 times as long as wide.
Lobes broad at the base, tapered to a point.
35. Tall hedge mustard
or
Lobes linear or slightly narrowed at the base, broadest in the middle,
37. Highway mustard
the tips abruptly pointed.
Upper leaves with blunt side lobes less than 3 times as long as wide.
38. French rocket
Raceme with a lobed bract at the base of each pedicel.
or
33. White mustard
Pods with a halo of white hairs near the base.
Upper leaves toothed but without side lobes.
Pod slightly bulged around seeds, nearly appressed, 3 mm thick or less.
39. Charlock mustard
40. Wild radish
Pod distinctly bulged, 3-6 mm thick: long-tapered beak.
379
0 1cm BASAL LEAVESPRESENT,LEAVES LOBED OR DIVIDED,SAP (Continued from previous page.) ALTERNATE, NOT MILKY Leaves or divisions. pinnately lobed or divided-the blade usually longer than wide with 4 or more side lobes Leaves enormous, oriented vertically, with sinuous, blunt lobes and only these Leaves Leaves in sets of 3, 2 of which are really enlarged stipules, are lobed. Not as above. fern-like, densely and evenly lobed, each lobe with rounded all in sub-lobes, plane, 14. Pansy 15. Compass plant 16. Lousewort Blade Blade surface shallowly hairless; If any hairs present, they are confined to the veins and margins. Leaf lobed, the lobes erratic and angled toward the leaf major tip. or Leaf margin hairless; stem erect with soft hairs and ridged. Blade deeply lobed or divided, the lobes right-angled to the rachis. margin hairy; stems spreading with stiff hairs, not ridged. 17. Ox-eye daisy or 19. Annual wall rocket Lobes or divisions not ruffled, blunt-pointed with several large, pointed teeth. or Lobes closely spaced; erect stem more than 24"" (60 cm). Divisions widely spaced; decumbent stem less than 12"" (30 cm). 20, Marsh yellow cress Lobes or divisions ruffled, rounded, entire or with a few waves or blunt teeth. 21. Creeping yellowcress 2-8 side lobes; much larger terminal lobe is most of the leaf's blade. 14-22 side lobes; large terminal lobe not most of the blade. 22. Wintercress Blade sparsely to densely hairy across one or both surfaces. 23. Southern wintercress or Flowers single from upper leaf axils, with a long, tubular base. Inflorescence a one-sided panicle, coiled when emerging; flowers with 5 parts. 18. Cut-leaf evening primrose or Leaves with 5-7 major lobes. Leaves with 9-13 major lobes. 12. Virginia waterleaf Inflorescence a raceme, not coiled or one-sided, flowers with 4 parts. 13. Large waterleaf or Flowers blue-purple; only robust basal leaves are lobed (others are lanceolate). 24. Blue mustard Flowers with tiny (<2 mm) whitish to pink petals, or petais absent. Pods roughly triangular. 25. Shepherd's purse or Pods round to broadly elliptic or slightly heart-shaped. Stem leaves clasping and appressed. 26. Field pepperweed Stem leaves not clasping, tapered to the base. 27. Common pepperweed Flowers with pale creamy to bright yellow petals 3 mm or longer. Stem smooth and hairless (perhaps a few hairs near the base). Stem leaves entire, appressed; veins flat and obscure. or 28. Tower mustard Stem leaves not appressed, mostly lobed and ruffled: veinlets depressed. 29. Field mustard Stem with scattered to dense hairs (upper parts sometimes nearly hairless). Pods nearly spherical. Upper stem smooth; pedicels appressed. 30. Bastard cabbage or Upper stem bumpy: pedicels ascending. 31. Hill mustard Pods elongated, appressed to the rachis or nearly so. 5-8' (1.5-2.5 m) tall; upper leaves narrowly elliptic and toothed: uppermost leaves drooping and entire. 32. Black mustard or 2-5' (60-150 cm) tall; upper leaves lobed; uppermost toothed, not drooping. 34. Hedge mustard 1-3' (30-90 cm) tall; uppermost leaves unlobed, toothed. 39. Charlock mustard Pods elongated, not appressed to the rachis. Upper leaves with thread-like lobes. 36. Tumble mustard or Upper leaves with pointed side lobes at least 3 times as long as wide. Lobes broad at the base, tapered to a point. 35. Tall hedge mustard or Lobes linear or slightly narrowed at the base, broadest in the middle, 37. Highway mustard the tips abruptly pointed. Upper leaves with blunt side lobes less than 3 times as long as wide. 38. French rocket Raceme with a lobed bract at the base of each pedicel. or 33. White mustard Pods with a halo of white hairs near the base. Upper leaves toothed but without side lobes. Pod slightly bulged around seeds, nearly appressed, 3 mm thick or less. 39. Charlock mustard 40. Wild radish Pod distinctly bulged, 3-6 mm thick: long-tapered beak. 379 ",,False,"
    []"
0175_a.txt,"LEAVES PRESENT, LEAVES MILKY ALTERNATE,
BASAL LOBED OR DIVIDED, SAP NOT
Scarlet Castilleja coccinea family Orobanchaceae
paintbrush
2
822
1
","FOOD USE: The tender tops, including
the flowers, can be eaten raw or cooked.
Conservation 2.
",True,"
    'tops','flowers'"
0175_b.txt,"mily Orobanchocede
BASAL LEAVES PRESENT, LEAVES ALTERNATE,
LOBED OR DIVIDED, SAP NOT MILKY
branching upward they only become in the inflorescence. Stem leaves alternate, the lower ones with long,
too
leaves of the inflorescence progressively smaller, and the petioles shorter Uppermost leaves narrow, are pointed lober
branches in are entire or merely toothed. Inflorescence loose with sessile Reduced
subtended terminating about solitary heads atop long, vertical, grooved pedicels Flowerheads many (mid long. aso ending
by button a dozen ovate-lanceolate, entire bracts about 0 6"" (15 mm) long. The head to late consists summer, of 1
Stem
y ow-green or tall mound of disk florets in the center, surrounded by 6-16 drooping yellow rays 5-1'
(4-5 cm) long. Seeds like miniature sunflower seeds.
CONFUSING PLANTS: Bristly buttercup Ranunculus hispidus often grows in the same areas and is mildly
toxic. This and most other buttercups have petioles with a small channel and a hollow center, leaf sheaths
with papery margins, and secondary veins that are deeply depressed and not offset by color
HABITAT: Rich, moist soil in partial shade to full sun. Most commonly in floodplains, valleys, shrub swamps,
forest margins. Native.
FOOD USE: The young leaves can be eaten raw or cooked. In late spring or early summer, the shoots can
be peeled and eaten raw or cooked. New tender leaves occasionally appear throughout the growing season,
especially after mowing. Sochan greens are traditionally fried in pork fat. Conservation 1.
COMMENTS: This vegetable has a somewhat aromatic, faintly resinous flavor reminiscent of goldenrods and
asters. ""Sochan"" is a Cherokee name. The plant does not have a generally accepted common name in English.
despite the fact that it is among the most common and widespread plants on our continent and has been eater
for thousands of years. AKA tall coneflower, green-headed coneflower, cut-leaf coneflower, golden glow
(top left) Shoots
at the stage for
peeling
(top right) Early
spring leaves.
(bottom) New
flush of leaves
in late summer
broader and
blunter than the
spring leaves.
mily Orobanchocede BASAL LEAVES PRESENT, LEAVES ALTERNATE, LOBED OR DIVIDED, SAP NOT MILKY branching upward they only become in the inflorescence. Stem leaves alternate, the lower ones with long, too leaves of the inflorescence progressively smaller, and the petioles shorter Uppermost leaves narrow, are pointed lober branches in are entire or merely toothed. Inflorescence loose with sessile Reduced subtended terminating about solitary heads atop long, vertical, grooved pedicels Flowerheads many (mid long. aso ending by button a dozen ovate-lanceolate, entire bracts about 0 6"" (15 mm) long. The head to late consists summer, of 1 Stem y ow-green or tall mound of disk florets in the center, surrounded by 6-16 drooping yellow rays 5-1' (4-5 cm) long. Seeds like miniature sunflower seeds. CONFUSING PLANTS: Bristly buttercup Ranunculus hispidus often grows in the same areas and is mildly toxic. This and most other buttercups have petioles with a small channel and a hollow center, leaf sheaths with papery margins, and secondary veins that are deeply depressed and not offset by color HABITAT: Rich, moist soil in partial shade to full sun. Most commonly in floodplains, valleys, shrub swamps, forest margins. Native. FOOD USE: The young leaves can be eaten raw or cooked. In late spring or early summer, the shoots can be peeled and eaten raw or cooked. New tender leaves occasionally appear throughout the growing season, especially after mowing. Sochan greens are traditionally fried in pork fat. Conservation 1. COMMENTS: This vegetable has a somewhat aromatic, faintly resinous flavor reminiscent of goldenrods and asters. ""Sochan"" is a Cherokee name. The plant does not have a generally accepted common name in English. despite the fact that it is among the most common and widespread plants on our continent and has been eater for thousands of years. AKA tall coneflower, green-headed coneflower, cut-leaf coneflower, golden glow (top left) Shoots at the stage for peeling (top right) Early spring leaves. (bottom) New flush of leaves in late summer broader and blunter than the spring leaves. ","FOOD USE: The young leaves can be eaten raw or cooked. In late spring or early summer, the shoots can
be peeled and eaten raw or cooked. New tender leaves occasionally appear throughout the growing season,
especially after mowing. Sochan greens are traditionally fried in pork fat. Conservation 1.
",True,"
    'Young leaves'"
0176_a.txt,"LEAVES PRESENT, LEAVES MILKY ALTERNATE,
BASAL LOBED OR DIVIDED, SAP NOT
3 Monolepis Povertyweed nuttalliana - 2 family Amaranthaceae
plant with semi-succulent leaves, difficulty lobed at the 1. base
with an elongated annual, rosettes present spring the but base later
","FOOD USE: Young, tender stems and leaves can be eaten
raw or cooked. Conservation 1.
",True,"
    'Young stems','Young leaves'"
0176_b.txt,"ily
BABAL LEAVES PRESENT, LEAVES ALTERNATE,
LOBED OR DIVIDED, SAP NOT MILKY
etched ground above. hugging Petioles hairy, not (or faintly) channeled, 3-4 times
with scattered long at first but the tips later decumbent, to 30"" (75 cm) the blade long length items multiple preading,
Stem leaves alternate, hairs. similar Flowering to stems die back in early to mid summer; and new rising rosettes about 12"" 30 ml stall
Stems
petioles, with clasping basal but with narrower and more pointed lobes, appear aut
5 gle flower atop a stipules about 13 mm long and equally wide, with sharp ar uminate on progressively charter
hairy, lanceolate long, erect, halry, pedicel up to 8"" (20 cm) long, rising above tips Inflorescence
5 narrow, sepal-like bracts. sepals about 0.7"" (18 mm) long, fused at the base; immediately the below leaves. these Flowers have
that Corollas 2-3"" (5-8 cm) across, cup-shaped. showy. with are long.
stamens are overlapped but not fused at the whitish base and wider toward the wavy tip. The 5 cose central to purple column petals and
are whitish. Fruits flattened, wheel-like, 1 cm wide, composed of 14-20 sections
CONFUSING PLANTS: Buttercups may have similar leaves but the petioles are thicker, the flowers
different, and the roots fibrous. Prairie larkspur Delphinium carolinianum leaves have longer, narrower are lobes lery
HABITAT: Native. Dry, open areas: prairies, roadsides, lightly used pastures, meadows-especially where sandy
FOOD USE: Roots are best from late summer through early spring when the plant is fully or partially dor
mant. They are eaten cooked as a vegetable. Young leaves can be eaten raw or cooked, or used as a soup
thickener. The flowers make an attractive garnish. Immature fruits can be eaten like those of common mal-
low. Conservation 3/1.
COMMENTS: This is one of the most practical root vegetables native to North America. It IS large, tastes
good, and is easy to harvest, clean, and store. All of the edible parts are mucilaginous, as is character stic of
the mallow family. The common name is sort of silly, because most species of poppy-mallow have flowers
about the same color. The members of this genus depend on soil disturbance for propagation, and a forager
can increase their abundance by spreading seeds into small excavations. AKA winecup, prairie winecup.
RELATED EDIBLES: Other poppy-mallows have edible roots, fruits, flowers, and leaves, but I have not tried
all the species. Some are rare and protected.
ily BABAL LEAVES PRESENT, LEAVES ALTERNATE, LOBED OR DIVIDED, SAP NOT MILKY etched ground above. hugging Petioles hairy, not (or faintly) channeled, 3-4 times with scattered long at first but the tips later decumbent, to 30"" (75 cm) the blade long length items multiple preading, Stem leaves alternate, hairs. similar Flowering to stems die back in early to mid summer; and new rising rosettes about 12"" 30 ml stall Stems petioles, with clasping basal but with narrower and more pointed lobes, appear aut 5 gle flower atop a stipules about 13 mm long and equally wide, with sharp ar uminate on progressively charter hairy, lanceolate long, erect, halry, pedicel up to 8"" (20 cm) long, rising above tips Inflorescence 5 narrow, sepal-like bracts. sepals about 0.7"" (18 mm) long, fused at the base; immediately the below leaves. these Flowers have that Corollas 2-3"" (5-8 cm) across, cup-shaped. showy. with are long. stamens are overlapped but not fused at the whitish base and wider toward the wavy tip. The 5 cose central to purple column petals and are whitish. Fruits flattened, wheel-like, 1 cm wide, composed of 14-20 sections CONFUSING PLANTS: Buttercups may have similar leaves but the petioles are thicker, the flowers different, and the roots fibrous. Prairie larkspur Delphinium carolinianum leaves have longer, narrower are lobes lery HABITAT: Native. Dry, open areas: prairies, roadsides, lightly used pastures, meadows-especially where sandy FOOD USE: Roots are best from late summer through early spring when the plant is fully or partially dor mant. They are eaten cooked as a vegetable. Young leaves can be eaten raw or cooked, or used as a soup thickener. The flowers make an attractive garnish. Immature fruits can be eaten like those of common mal- low. Conservation 3/1. COMMENTS: This is one of the most practical root vegetables native to North America. It IS large, tastes good, and is easy to harvest, clean, and store. All of the edible parts are mucilaginous, as is character stic of the mallow family. The common name is sort of silly, because most species of poppy-mallow have flowers about the same color. The members of this genus depend on soil disturbance for propagation, and a forager can increase their abundance by spreading seeds into small excavations. AKA winecup, prairie winecup. RELATED EDIBLES: Other poppy-mallows have edible roots, fruits, flowers, and leaves, but I have not tried all the species. Some are rare and protected. ","FOOD USE: Roots are best from late summer through early spring when the plant is fully or partially dor
mant. They are eaten cooked as a vegetable. Young leaves can be eaten raw or cooked, or used as a soup
thickener. The flowers make an attractive garnish. Immature fruits can be eaten like those of common mal-
low. Conservation 3/1.
",True,"
    'roots','Young leaves','immature fruits'"
0177_a.txt,"LOBED OR DIVIDED, SAP NOT MILKY
BASAL LEAVES PRESENT, LEAVES ALTERNATE,
2
2
2
#2
5 Fringed poppy mallow
Callirhoe pedata Malvaceae (Mallow family)
plant with a loose, spreading cluster of bright pink-purple difficulty 2.
","FOOD USE: The small thickened root is excellent when cooked. Young leaves, shoots, and flower buds are
all better than those of purple poppy-mallow. Conservation 3/2.
",True,"
    'roots','Young leaves','shoots','flower buds'"
0177_b.txt,"Malvacese (Mallow fam
BASAL LEAVES LOBED PRESENT, LEAVES ALTERNATE,
OR DIVIDED, SAP NOT MILKY
6 Common mallow
1
2
Malva neglecta Malvaceae (Mallow family)
tosa am
leaves; a flattened ""wheel"" divided into sections. ID difficulty 1.
JICK fruit CHECK: Creeping herb with very long petioles and shallowly labed
","FOOD USE: Gather young leaves and tender stem tips from late spring through summer; they are edible raw
but better as a potherb or soup thickener. Immature fruits, called cheeses, can be cooked as a vegetable.
",True," ['Young leaves','immature fruits']"
0178_a.txt,"BASAL LEAVES PRESENT, LEAVES ALTERNATE,
LOBED OR DIVIDED, SAP NOT MILKY
7 Musk mallow
2
2
Malva moschata Malvaceae (Mallow family)
","FOOD USE: All the tender parts are edible, but the young leaves and flower bud clusters are best.
",True,"
    'young leaves','flower bud clusters'"
0178_b.txt,"mm
0
1cm
BASAL LEAVES PRESENT, LEAVES ALTERNATE,
LOBED OR DIVIDED, SAP NOT MILKY
8
High mallow
2
2
2
2
Malva sylvestris
Malvaceae (Mallow family)
and erect, flowers pinkish with purple highlights. ID difficulty 1.
ICK often CHECK: Leaves palmate with blunt lobes and long petioles, stems almost smanto
","FOOD USE: The greens can be eaten raw or cooked almost all growing
season, but are best when new and tender in spring and early summer.
Older leaves can still be used as a soup thickener. Flowers and buds are
edible, the former making a pretty garnish. Immature fruits,
while still green, make a fun nibble or vegetable.
",True,"
    'greens','flowers','buds','immature fruits'"
0179_a.txt,"BASAL LEAVES PRESENT, LEAVES ALTERNATE,
LOBED OR DIVIDED, SAP NOT MILKY
Glade mallow
2
3
2
3
2
9
Napaea dioica Malvaceae (Mallow family)
large palmately lobed leaves; thin stems reach difficulty over your 1. head;
","FOOD USE: The roots are large and only slightly stringy, with excel-
lent flavor. Young petioles and peeled shoots are large and excellent.
Leaves are tender at first but become slightly coarse even while still
ruffled; after this they should be cooked or used in a smoothie. Flowers
and flower buds are also good. All these parts are slimy, and make a
good soup thickener. Conservation 3/2.
",True," ['roots', 'Young petioles', 'peeled shoots', 'Leaves', 'flowers', 'flower buds']"
0179_b.txt,"""OCEOE (Mallow family)
BASAL LEAVES LOBED PRESENT, LEAVES
OR DIVIDED, SAP ALTERNATE, NOT MILKY
10 Biennial waterleaf
2
3
Hydrophyllum appendiculatum
family Hydrophyllaceae
","FOOD USE: The leaves, best
when young in spring and to i
lesser extent again in fall car
eaten raw or cooked. The young
shoots, available in mid to are
spring. are sweeter and more
tender than those of Virginia
waterleaf and make d delicious
nibble-leave some on each plant
to go to seed. Conservation 1.
",True,"
    'leaves','young shoots'"
0180_a.txt,"BASAL LEAVES PRESENT, LEAVES ALTERNATE,
LOBED OR DIVIDED, SAP NOT MILKY
Related edible
11
Broad
waterleaf
Hydrophyllum
canadense
2
2
by rhizomes, the basal leaves borne singly or in blade; clumps it is of deeply a few.
Perennial Basal leaves spreading have a large terminal division comprising cul into 5-7 almost major all lobes, of the each with smaller
lobes or large, rounded teeth. There are
only 1-4 much smaller, fully separated side
divisions, often widely spaced from the ter-
minal. The watermarks are splotchy and
amorphous (not distinctly following the midvein of lateral lobes).
Stems shorter and less robust than those of our other waterleafs.
The later basal leaves and stem leaves lack watermarks and are
palmately lobed, not divided, with sharp, elongated lobe tips
and sharp teeth. The two kinds of lower leaves are about the
same size and often intermingle, and because the coloration,
shape, tooth shape, and vein depth all differ, it may appear that
two different species
are present. The peti-
oles are nearly hair-
less on stem leaves.
Flowers white, not
spreading open, the
clusters hidden under
the leaves rather than
rising above them.
Broad waterleaf likes
moist, rich soil in
deep shade. The best
part to eat is the new,
glossy, still-folded
leaf. Conservation 2.
12 Virginia waterleaf
1
2
FH-306
Hydrophyllum virginianum
family Hydrophyllaceae
",,False,"
    []"
0180_b.txt,"phyllum canadense
BASAL LEAVES PRESENT, LEAVES ALTERNATE,
LOBED OR DIVIDED, SAP NOT MILKY
CONFUSING PLANTS: Purple phacelia (p. 437) has compound
leaves and flowers with wide spreading petals. Young leaves of
sochan (p. 380) are more rigid, less hairy, not as deeply divided nor
sharply toothed; they have fewer lobes and lack watermarks
HABITAT: Hardwood forests with rich soil, especially slopes
and floodplains. Native.
FOOD USE: Young leaves in spring, while still small and water-
marked, can be eaten raw or cooked. A few tender leaves appear
again in fall and can be nibbled until winter. Shoots are tender
and juicy, sweet with a slight astringency; I like them raw. Con-
servation 1.
COMMENTS: The greens are not fantastic but are often extremely
abundant and have a long season of availability. Virginia waterleaf
is what I call an ""optional ephemeral""-most leaves die back in
summer, but some of those with more sunlight persist.
Related edible:
macrophyllum
1
1
This 13 species Large is hairier waterleaf and has white (occasionally light more pink) widely flowers. spaced The and leaves toothed are but longer. not
Hydrophyllum
usually lobed. The with 5-9 9-13 leaves major are lobes arranged or divisions in a waterleaf. regular that are rosette. This species Stems and is found petioles on well-drained have longer of our
family
slopes and denser with hairs rich soil. than The those leaves of Virginia and stalks, while edible, are the least palatable
waterleafs. ID difficulty 1. Conservation 2.
391
phyllum canadense BASAL LEAVES PRESENT, LEAVES ALTERNATE, LOBED OR DIVIDED, SAP NOT MILKY CONFUSING PLANTS: Purple phacelia (p. 437) has compound leaves and flowers with wide spreading petals. Young leaves of sochan (p. 380) are more rigid, less hairy, not as deeply divided nor sharply toothed; they have fewer lobes and lack watermarks HABITAT: Hardwood forests with rich soil, especially slopes and floodplains. Native. FOOD USE: Young leaves in spring, while still small and water- marked, can be eaten raw or cooked. A few tender leaves appear again in fall and can be nibbled until winter. Shoots are tender and juicy, sweet with a slight astringency; I like them raw. Con- servation 1. COMMENTS: The greens are not fantastic but are often extremely abundant and have a long season of availability. Virginia waterleaf is what I call an ""optional ephemeral""-most leaves die back in summer, but some of those with more sunlight persist. Related edible: macrophyllum 1 1 This 13 species Large is hairier waterleaf and has white (occasionally light more pink) widely flowers. spaced The and leaves toothed are but longer. not Hydrophyllum usually lobed. The with 5-9 9-13 leaves major are lobes arranged or divisions in a waterleaf. regular that are rosette. This species Stems and is found petioles on well-drained have longer of our family slopes and denser with hairs rich soil. than The those leaves of Virginia and stalks, while edible, are the least palatable waterleafs. ID difficulty 1. Conservation 2. 391 ","FOOD USE: Young leaves in spring, while still small and water-
marked, can be eaten raw or cooked. A few tender leaves appear
again in fall and can be nibbled until winter. Shoots are tender
and juicy, sweet with a slight astringency; I like them raw. Con-
servation 1.
",True,"
    'Young leaves'"
0181_a.txt,"LEAVES PRESENT, LEAVES MILKY ALTERNATE,
BASAL LOBED OR DIVIDED, SAP NOT
Pansy Viola bicolor The family Violaceae
2
14
herb appearing to have 3 leaves difficulty per node, 1. two of them lobed;
","FOOD USE: Eat all tender parts,
including the flowers, in spring. They
are pleasant raw as a nibble or in sal-
ads, with an interesting wintergreen
flavor. Conservation 1.
",True, ['flowers']
0181_b.txt,"iolaceae
BASAL LEAVES PRESENT, LEAVES ALTERNATE,
LOBED OR DIVIDED, SAP NOT MILKY
15 Compass plant
2
Silphium laciniatum
Asteraceae (Composite family)
","FOOD USE: The shoots can be peeled and eaten raw or cooked. They are slightly astringent and aromatic.
The cut stems exude a gum that some people like to chew. Conservation 3.
",True, ['shoots']
0182_a.txt,"LOBED BASAL OR DIVIDED, SAP NOT
LEAVES PRESENT, LEAVES MILKY ALTERNATE,
16 Lousewort
/
2
2
family
Orobanchaceae
Pedicularis hairy, canadensis stout-stemmed herb with numerous difficulty fern-like 1. basal leaves;
","FOOD USE: The young shoots and attached leaves in early spring are
eaten raw or cooked--more commonly cooked. Conservation 2.
",True,"
    'young shoots'"
0182_b.txt,"men
0
1cm
BASAL LEAVESPRESENT,LEAVES LOBED OR DIVIDED,SAP
Ox-eye daisy
ALTERNATE, NOT MILKY
2
Chrysanthemum leucanthemum NG-423
Asteraceae (Composite family)
","FOOD USE: Leaves and
tender stem tips make a
nice addition to salads or
can be eaten as a snack
Their strong, unique fla-
vor is best appreciated
raw.
",True,"
    'leaves','stem tips'"
0183_a.txt,"BASAL LEAVES PRESENT, LEAVES ALTERNATE,
LOBED OR DIVIDED, SAP NOT MILKY
18 Cut-leaf evening primrose
1
2
2
Oenothera laciniata
family
Onagraceae
CHECK: Creeping to spreading with many lobed but not toothed difficulty leaves; 1. veins
","FOOD USE: Tender leafy stem tips in spring or early sum-
mer should be cooked to reduce the slightly irritating qual-
ity. Flowers and flower buds can be collected from spring
through summer, sometimes later. I have not eaten the
root of this species. Conservation 1.
",True,"
    'stem tips','Flowers','Flower buds'"
0183_b.txt,"LEAVES PRESENT, LEAVES ALTERNATE
LOBED OR DIVIDED, SAP NOT MILK
19 Annual wall rocket
2
Diplotaxis muralis Brassicaceae (Mustard family)
IICK CHECK: Small-leaved, ground-hugging, aromatic mustard with small leaves
ID difficulty 1.
and nearly naked stems bearing yellow flowers and long pods in widely spaced racemes
","FOOD USE: The succulent leaves remain tender even to maturity. They
make an unexpected nibble or addition to salads, tasting like a hot, aromatic
arugula. The flavor reminds me of blue mustard (p. 402). Just take care to
wash off the dirt. The roots are too tough to use as a vegetable.
",True,"
    'leaves'"
0184_a.txt,"LEAVES PRESENT, LEAVES MILKY ALTERNATE,
LOBED BASAL OR DIVIDED, SAP NOT
2
20 Marsh
Rorippa yellowcress palustris Brassicaceae 2 (Mustard family)
","FOOD USE: Gather the leaves and shoots and use them raw or cooked. Makes
a good vegetable steamed like broccoli. The best time to collect this plant is
in spring, but occasionally the greens are tender in summer, and it sometimes
germinates in late fall where ponds dry up. Conservation 1.
",True,"
    'leaves','shoots'"
0184_b.txt,"BASAL LEAVES PRESENT, LEAVES ALTERNATE,
LOBED OR DIVIDED, SAP NOT MILKY
21 Creeping yellowcress
2
Rorippa sylvestris Brassicaceae (Mustard family)
UICK CHECK: Small, low rosettes of pinnately divided leaves Forming
apping lawn cover, mostly in flood-prone areas. ID difficulty 2.
","FOOD USE: Tender greens are good raw or cooked and remain available into late fall or early winter
",True,"
    'greens'"
0185_a.txt,"LEAVES PRESENT, LEAVES MILKY ALTERNATE,
BASAL LOBED OR DIVIDED, SAP NOT
IWE-423
22
Wintercress Barbarea vulgaris 2 . Brassicaceae 2 (Mustard family)
Rosette leaves pinnately divided, hairless, flowers with a large, in spring. blunt ID terminal difficulty divi- 3.
","FOOD USE: Gather the shoots and tops while still meristematic in early to mid spring, when flower buds are
visible but have yet to open; use like a strong-flavored broccoli. Basal leaves are best collected in late autumn,
winter, or very early spring, when their flavor is mildest. Conservation 1.
Batter mised weed Packera glabella may be
with either species of wintercress. con-
LEAVES PRESENT, LEAVES MILKY ALTERNATE, BASAL LOBED OR DIVIDED, SAP NOT IWE-423 22 Wintercress Barbarea vulgaris 2 . Brassicaceae 2 (Mustard family) Rosette leaves pinnately divided, hairless, flowers with a large, in spring. blunt ID terminal difficulty divi- 3. QUICK CHECK: smaller side divisions; stem angular; yellow (10-23 cm) sion and mus biennial. Basal leaves in a rosette, 4-9"" both surfaces DESCRIPTION: and (5-8 Winter cm) wide, annual pinnately or lobed or divided it with is blunt 3-9 lobes, and ovate to rotund, long 2-3"" most of the blade; at the vein usually are small and blunt, one pair very close to the not at all. Midrib rest well-spaced; long and hairless some hairless. with The 2 terminal curled, ear-like lobe composes sections at the base, the margins terminal with light lobe spots but the tips. Side lobes stalk-like base. Major veins depressed faintly, veinlets keeled beneath. Basal leaves are have a narrowed, shallow channel edged distally with a thin leafy wing, bluntly mm) thick, solid or with a tiny with a broad, flowering. Stems multiple, to 3' (1 m) tall and 0.7"" (18 ascending simple branches wilting but present at angled and grooved in an asymmetric fashion, hairless, with than basal leaves. hollow, green, half. strongly Stem leaves clasping, flared at the base with 2 ear-like lobes, shorter hairs the plant. in the have upper a few long hairs on the rachis wings, especially near the base-these are the only with the inflorescence, on They terminal divisions are narrower and often lobed. Uppermost leaves, associated naked for have The large, blunt teeth. Inflorescence terminal and axillary racemes, the peduncles long and 3-9"" (8-23 cm). Flower buds green with yellow, spiky tips. Flowers (late spring) have 4 bright yellow petals, 1 cm across when open, maturing into long, narrow seedpods. CONFUSING PLANTS: Often confused with watercress (p. 212) because of the name. Watercress has com- pound leaves with more and larger lateral leaflets, hollow stems, white flowers, no basal rosette, and is aquatic. Butterweed Packera glabella grows in similar habitats and resembles wintercress in spring before flowering. It can be told apart by teeth on the lobes or divisions, more lobes per leaf, and the fact that the uppermost leaves are pinnately divided (they are only lobed in wintercress). A silvery sheen follows butterweed veins on the upper surface; the stems have a large hollow and bright purple ridges. HABITAT: Moist, disturbed ground, in full to partial sun. Agricultural fields, gardens, yards, parks, roadsides, riverbanks, lakeshores, dried puddles, construction sites, meadows, trails through low woods. Native. FOOD USE: Gather the shoots and tops while still meristematic in early to mid spring, when flower buds are visible but have yet to open; use like a strong-flavored broccoli. Basal leaves are best collected in late autumn, winter, or very early spring, when their flavor is mildest. Conservation 1. Batter mised weed Packera glabella may be with either species of wintercress. con- ",True,"
    'shoots and tops','basal leaves'"
0185_b.txt,"mm
0
1cm
BASAL LEAVES PRESENT, LEAVES ALTERNATE,
LOBED OR DIVIDED, SAP NOT MILKY
COMMENTS: Like beer, wintercress has a strong flavor and is an acquired taste. People who have long eaten
it crave it. Many botanists separate the native North American populations into a separate species B. ortho-
ceras, but nobody seems able to explain clear or consistent differences between them. I think the distinction
lies somewhere between insignificant and bogus. AKA yellow rocket.
Related edible:
23 Southern wintercress
Barbarea verna
3
3
3
A smaller plant with a rosette that persists through blooming. Basal leaves are pinnately
divided with 15-23 lobes (plus mini-lobes between them), crowded and getting progres-
sively larger toward the tip. The side lobes or divisions are about twice as long as wide,
blunt with scattered nipple-teeth, 20-40% as large as the terminal lobe. Midribs have
hairs along the channel and near the base. Stems multiple, branched, even more angled
than common wintercress, often nearly triangular. The flowering and fruiting parts are
similar but smaller. ID difficulty 2.
rich soil (less moist and mucky, on average, than common wintercress, Introduced. but they
HABITAT: sometimes occur Disturbed, together). This plant largely replaces common wintercress in the Southeast. tastes
FOOD USE: The flavor is hotter than that of common wintercress, but lacks the bitter nearly overtone-it identical to
watercress. Cook-
ing greatly reduces
the hotness.
COMMENTS: This
is a popular wild
green and is grown
commercially to a
Innited extent. It is
sometimes differ-
entiated from win-
tercress by calling
it 'early or ""spring
wintercress-names
whichare contradic-
tory since winter is
earlier than spring
It is also called
creasy greens.
401
mm 0 1cm BASAL LEAVES PRESENT, LEAVES ALTERNATE, LOBED OR DIVIDED, SAP NOT MILKY COMMENTS: Like beer, wintercress has a strong flavor and is an acquired taste. People who have long eaten it crave it. Many botanists separate the native North American populations into a separate species B. ortho- ceras, but nobody seems able to explain clear or consistent differences between them. I think the distinction lies somewhere between insignificant and bogus. AKA yellow rocket. Related edible: 23 Southern wintercress Barbarea verna 3 3 3 A smaller plant with a rosette that persists through blooming. Basal leaves are pinnately divided with 15-23 lobes (plus mini-lobes between them), crowded and getting progres- sively larger toward the tip. The side lobes or divisions are about twice as long as wide, blunt with scattered nipple-teeth, 20-40% as large as the terminal lobe. Midribs have hairs along the channel and near the base. Stems multiple, branched, even more angled than common wintercress, often nearly triangular. The flowering and fruiting parts are similar but smaller. ID difficulty 2. rich soil (less moist and mucky, on average, than common wintercress, Introduced. but they HABITAT: sometimes occur Disturbed, together). This plant largely replaces common wintercress in the Southeast. tastes FOOD USE: The flavor is hotter than that of common wintercress, but lacks the bitter nearly overtone-it identical to watercress. Cook- ing greatly reduces the hotness. COMMENTS: This is a popular wild green and is grown commercially to a Innited extent. It is sometimes differ- entiated from win- tercress by calling it 'early or ""spring wintercress-names whichare contradic- tory since winter is earlier than spring It is also called creasy greens. 401 ","FOOD USE: The flavor is hotter than that of common wintercress, but lacks the bitter nearly overtone-it identical to
watercress. Cook-
ing greatly reduces
the hotness.
",True,"
    'none'"
0186_a.txt,"BASAL LEAVES PRESENT, LEAVES ALTERNATE,
LOBED OR DIVIDED, SAP NOT MILKY
24 Blue mustard
Chorispora tenella 3 Brassicaceae (Mustard family)
","FOOD USE: Young, tender stems and leaves can be eaten raw or cooked. They are moderately radishy-hot.
Individual leaves often remain tender well into flowering when stems have toughened. Beware: The sticky
hairs can hold wind-blown soil.
",True,"
    'Young, tender stems','Individual leaves'"
0186_b.txt,"Mustard
BASAL LEAVES LOBED PRESENT, LEAVES
OR DIVIDED, SAP ALTERNATE, NOT MILKY
25 Shepherd's purse
2
3
Capsella bursa-pastoris
3
IWF
339
Brassicaceae (Mustard family)
(iny flowers and triangular seedpods. ID difficulty 2.
UICK white CHECK: Dense rosette of dandelion like leaves, stora From
","FOOD USE: Roots are good, but usually small and fiddly to clean. Gather robust, tender leaves mostly in
spring and fall in the North, winter in the South. They can be eaten raw in salads or cooked as a botherb.
Shoots are available primarily in winter (South) or spring (North). The flavor is good raw and superb cocked.
",True,"
    'roots','leaves','shoots'"
0187_a.txt,"BASAL LEAVES PRESENT, LEAVES ALTERNATE,
LOBED OR DIVIDED, SAP NOT MILKY
26 Field pepperweed
Lepidium campestre Brassicaceae 2 (Mustard family)
","FOOD USE: The young leaves and stem tips can
be collected while tender and eaten raw or cooked
(they're better cooked). The flavor is moderately
strong. The seedpods and seeds have a hot, pep-
pery flavor. You can use them when just formed, or
when mature.
",True,"
    'young leaves','stem tips','seedpods','seeds'"
0187_b.txt,"mm
cm
BASAL LEAVES LOBED PRESENT, LEAVES
OR DIVIDED, SAP ALTERNATE, NOT MILKY
27 Common pepperweed
Lepidium virginicum and L. densiflorum 2 3 Brassicaceae
(Mustard family)
spreading UICK CHECK: top with Shin-high plant with crowded, pinnately lobed basal leaves
numerous racemes, tiny flowers, and disc-like pods. ID and difficulty a broad.
","FOOD USE: The tender leaves and leafy shoots can be
eaten cooked or raw in late spring; they are mild to average
among mustards as far as hotness. The tender tip of each
growing inflorescence (about half an inch) can be used as
a hot seasoning. Mature seed pods can be gathered and
ground as ""pepper"" but are not as peppery as the flower
buds. Conserva-
tion 1.
",True,"
    ['leaves', 'shoots', 'tip']"
0188_a.txt,"LEAVES PRESENT, LEAVES ALTERNATE,
BASAL LOBED OR DIVIDED, SAP NOT MILKY
3
28 mustard
Arabis Tower glabra Brassicaceae (Mustard family)
CHECK. Straight, unbranched mustard, all parts 1. pointing vertically; entire,
narrow. Basal leaves to 7"" (18 cm) long and 1.2"" (3 cm) nearly wide, to with the
","FOOD USE: The shoots make a good vegetable
in spring; raw they are acceptable, but steamed
or briefly boiled they are excellent. Older growth
quickly becomes too tough to eat. Leaves may
remain tender even on flowering plants but are
usually strong and bit-
ter in flavor. Conserva-
tion 2.
",True, ['shoots']
0188_b.txt,"0
1cm
BASAL LEAVES PRESENT, LEAVES ALTERNATE,
LOBED OR DIVIDED, SAP NOT MILKY
29 Field mustard
2
3
3
Brassica rapa Brassicaceae (Mustard family)
","FOOD USE: Gather any tender growth. Greens can be used raw or
cooked like cultivated mustard or turnip greens. Flower bud clusters
are like miniature, superior broccoli. Shoot tips are very mild in flavor
and are good raw or briefly steamed. Field mustard is most prevalent
in spring, although occasionally one can get greens from it later in
summer or autumn.
",True," ['greens','Flower bud clusters','shoot tips']"
0189_a.txt,"LEAVES PRESENT, LEAVES MILKY ALTERNATE,
LOBED BASAL OR DIVIDED, SAP NOT
30 Bastard
Rapistrum cabbage rugosum Brassicaceae 1 2 (Mustard family)
blooming yellow in cool seasons, with rough, difficulty hairy, 1. blunt-tipped,
mostly with rosette that persists at least through the early tip,
","FOOD USE: Leaves can be eaten raw or cooked-mostly in winter and spring. They are hairy and rough, so
they hold dirt easily and are better when softened by cooking. Tender tops and shoots of robust plants taste
better and are less likely to be dirty. The
flavor is cabbage-like-not very hot.
",True, 'leaves'
0189_b.txt,"sicacede (Mustard f family:
BASAL LEAVES PRESENT, LEAVES ALTERNATE,
LOBED OR DIVIDED, SAP NOT MILKY
31 Hill mustard
3
2
2
difficulty.
Bunias orientalis Brassicaceae (Mustard family)
","FOOD USE: Young leaves, tender shoots, and flower bud
clusters can all be used as a vegetable, raw or cooked,
in spring.
",True,"
    'Young leaves','tender shoots','flower bud clusters'"
0190_a.txt,"BASAL LEAVES PRESENT, LEAVES ALTERNATE,
LOBED OR DIVIDED, SAP NOT MILKY
Black mustard
3
3
IWE-45
32
Brassica nigra Brassicaceae (Mustard family)
Must and with yellow flowers above your head in midsummer; lower leaves
",,False,"
    []"
0190_b.txt,"prossicocede (Mustard f family)
BASAL LEAVES PRESENT, LEAVES ALTERNATE,
LOBED OR DIVIDED, SAP NOT MILKY
are summer) also yellow. 9-13 mm Pods across long with four fan shaped yellow petals, each with
and nearly appressed. Seeds and spherical narrow, and roundish light brown with 4 to ridges, reddish narrowed brown a or long and dark stalked beak-like base: 7' the the tip. 1 linear overlapping sena
HABITAT: uilding sites, Disturbed compost soil, heaps, especially Introduced. where very rich and hilly. Commonly found in gray gardens. agricultural fields.
FOOD raw or cooked-those USE: Young plants are found mostly from early to mid summer. Leaves and tender
the stems. near the inflorescence are much hotter than lower parts. Leaves are more tips pungent are excellent than
Ripe seeds can be collected by
stripping the dry pods or beating the mature
tops, then winnowing (see p.27). Black mus-
tard is grown commercially for its hot seeds.
COMMENTS: This giant mustard is locally
abundant in rich soil. The flavor is great if
you can handle the heat. (The uppermost
greens are fire-in-the-sinus hot.) The seeds
make my favorite wild mustard.
Related edible:
33 White mustard Sinapis alba
A belly-high, yellow-flowered, summer-blooming weedy mustard with short, broad leaves
with a few large lobes. The pods are curved and tapered with a halo of white hairs around
the base. The tender greens can be collected from early summer through autumn, and
the seeds can be used to make a condiment. This mustard is extremely easy to recognize
in fruit. It is pure nose-burning hot, without any horseradish flavor or bitterness-one of
the best hot greens.
Widespread
but sporadic
411
prossicocede (Mustard f family) BASAL LEAVES PRESENT, LEAVES ALTERNATE, LOBED OR DIVIDED, SAP NOT MILKY are summer) also yellow. 9-13 mm Pods across long with four fan shaped yellow petals, each with and nearly appressed. Seeds and spherical narrow, and roundish light brown with 4 to ridges, reddish narrowed brown a or long and dark stalked beak-like base: 7' the the tip. 1 linear overlapping sena HABITAT: uilding sites, Disturbed compost soil, heaps, especially Introduced. where very rich and hilly. Commonly found in gray gardens. agricultural fields. FOOD raw or cooked-those USE: Young plants are found mostly from early to mid summer. Leaves and tender the stems. near the inflorescence are much hotter than lower parts. Leaves are more tips pungent are excellent than Ripe seeds can be collected by stripping the dry pods or beating the mature tops, then winnowing (see p.27). Black mus- tard is grown commercially for its hot seeds. COMMENTS: This giant mustard is locally abundant in rich soil. The flavor is great if you can handle the heat. (The uppermost greens are fire-in-the-sinus hot.) The seeds make my favorite wild mustard. Related edible: 33 White mustard Sinapis alba A belly-high, yellow-flowered, summer-blooming weedy mustard with short, broad leaves with a few large lobes. The pods are curved and tapered with a halo of white hairs around the base. The tender greens can be collected from early summer through autumn, and the seeds can be used to make a condiment. This mustard is extremely easy to recognize in fruit. It is pure nose-burning hot, without any horseradish flavor or bitterness-one of the best hot greens. Widespread but sporadic 411 ","FOOD raw or cooked-those USE: Young plants are found mostly from early to mid summer. Leaves and tender
the stems. near the inflorescence are much hotter than lower parts. Leaves are more tips pungent are excellent than
Ripe seeds can be collected by
stripping the dry pods or beating the mature
tops, then winnowing (see p.27). Black mus-
tard is grown commercially for its hot seeds.
",True," ['Young plants','leaves','tender stems','Ripe seeds']"
0191_a.txt,"BASAL LEAVES PRESENT, LEAVES MILKY ALTERNATE,
LOBED OR DIVIDED, SAP NOT
34 Hedge mustard
2
(Mustard
family)
Sisymbrium few widely spaced lobes; plant loses against its leaves the
officinale
Brassicaceae
","FOOD USE: Young leaves and stems
are prime in early summer. The young-
est plants are tender but dainty, with
smali leaves; you can cut the whole
thing for greens. Slightly later, as flow-
ering begins, the tender stem tips are
thin with few leaves and little volume;
at this time it is easiest to pick the larg-
est leaves from further down the stalk
rather than mess with the spindly top.
",True,"
    'leaves','stems'"
0191_b.txt,"Prossicaceder
BASAL LEAVES LOBED PRESENT, LEAVES ALTERNATE,
OR DIVIDED, SAP NOT MILKY
35 Tall hedge mustard
2
2
Sisymbrium loeselii Brassicaceae (Mustard family)
","FOOD USE: Basal leaves in early spring are very mild and can
be used as a salad green or potherb. Once the stems begin
to grow this plant's flavor changes dramatically; the stem
tips and stem leaves are then horseradish-hot and similar
to hedge mustard.
",True,"
    'basal leaves'"
0192_a.txt,"LEAVES PRESENT, LEAVES MILKY ALTERNATE,
BASAL LOBED OR DIVIDED, SAP NOT
36 Tumble
Sisymbrium mustard altissimum 2 Brassicaceae 1 basal (Mustard leaves have family) many
","FOOD USE: All young, tender growth is edible: leaves, flower buds,
and stems. Gather these mostly in spring. Basal leaves are mild, but
when the stems appear a hotness and a less desirable strong flavor soon
develops, especially in the inflorescence. Use these parts in moderation.
",True,"
    'leaves','flower buds','stems'"
0192_b.txt,"BASAL LEAVES LOBED PRESENT, LEAVES ALTERNATE,
OR DIVIDED, SAP NOT MILKY
Highway mustard
3
Coincya monensis + Brassicaceae (Mustard family)
ICK yellow CHECK: Lanky mustard, much branched near the base, with sparso
flowers in early summer. ID difficulty 1.
SCRIPTION: stiff, Annual or winter annual from a taproot, all vegetative
divided with needle-like hairs. Basal leaves in a rosette, to 10"" (25 cm) long, parts with scat-
15-19 lobes, these well-spaced and longer than wide, the pinnately lobed
and broadest near the base, the distal ones broadest near the proximal and ones
or withers with a few large, blunt teeth. Surfaces rough-hairy on both sides tip with depressed shallowly
by flowering. Rachis often purple, flat to wing-channeled above. Stems major veins Rosette
branched at or near the base (with few branches above that), the branches nearly single or few, ofter
Stems reach 2.5-4' (75-120 cm) tall and 12 mm thick, weakly ridged and angled, equal coated to the stem n
leaves alternate, sparse (especially upward), deeply pinnately lobed/divided, with cont with bloom
occasional extensions along the rachis. Major veins more deeply depressed than on basal a leaves. nuous Toward wing
top of the plant lobes get progressively fewer, longer, narrower, and more fully divided with few to no teeth:
lobes are right angled to the midrib. Lobes are often deeply folded. Petiole/midrib has a shallow
is offset by light color. Inflorescence racemes 10-14"" (25-36 cm) long, the tips crowded and umbel-like. groove
evenly spaced pedicels at maturity. Flowers (late spring to early summer) to 0.7 (18 mm) across, with
right yellow petals with distinct veins, especially beneath. The base is a tubular calyx with 4 stiff-hairy triangular
at the tip. Pods long and narrow, curved, roundish, to 3"" (8 cm) long with a flattened beak. spreading
90° to the rachis on pedicels to 8 mm long.
HABITAT: Disturbed, sunny, gravelly soil; especially roadsides
Introduced.
FOOD USE: All the tender parts can be eaten raw or cooked.
from spring through early summer. This is one of the milder-
flavored mustards.
COMMENTS: This enigmatic species is abundant in Penn-
sylvania but is almost never found anywhere else. However,
since its spread in PA has been rapid, I'm assuming it will soon
spread outside of that
state. This is perhaps
the most attractive of
our weedy mustards,
and one of the best for
eating. too. It doesn
have a common name
here, but in the UK it
goes by the eloquently
beautiful (read with
sarcasm) ""Isle-of-Man
Cabbage."" I made up
""highway mustard,
which is not only accu-
rate, but conveniently
shorter than ""Pennsyl
vania-railroad-right-of-
way cabbage.""
415
BASAL LEAVES LOBED PRESENT, LEAVES ALTERNATE, OR DIVIDED, SAP NOT MILKY Highway mustard 3 Coincya monensis + Brassicaceae (Mustard family) ICK yellow CHECK: Lanky mustard, much branched near the base, with sparso flowers in early summer. ID difficulty 1. SCRIPTION: stiff, Annual or winter annual from a taproot, all vegetative divided with needle-like hairs. Basal leaves in a rosette, to 10"" (25 cm) long, parts with scat- 15-19 lobes, these well-spaced and longer than wide, the pinnately lobed and broadest near the base, the distal ones broadest near the proximal and ones or withers with a few large, blunt teeth. Surfaces rough-hairy on both sides tip with depressed shallowly by flowering. Rachis often purple, flat to wing-channeled above. Stems major veins Rosette branched at or near the base (with few branches above that), the branches nearly single or few, ofter Stems reach 2.5-4' (75-120 cm) tall and 12 mm thick, weakly ridged and angled, equal coated to the stem n leaves alternate, sparse (especially upward), deeply pinnately lobed/divided, with cont with bloom occasional extensions along the rachis. Major veins more deeply depressed than on basal a leaves. nuous Toward wing top of the plant lobes get progressively fewer, longer, narrower, and more fully divided with few to no teeth: lobes are right angled to the midrib. Lobes are often deeply folded. Petiole/midrib has a shallow is offset by light color. Inflorescence racemes 10-14"" (25-36 cm) long, the tips crowded and umbel-like. groove evenly spaced pedicels at maturity. Flowers (late spring to early summer) to 0.7 (18 mm) across, with right yellow petals with distinct veins, especially beneath. The base is a tubular calyx with 4 stiff-hairy triangular at the tip. Pods long and narrow, curved, roundish, to 3"" (8 cm) long with a flattened beak. spreading 90° to the rachis on pedicels to 8 mm long. HABITAT: Disturbed, sunny, gravelly soil; especially roadsides Introduced. FOOD USE: All the tender parts can be eaten raw or cooked. from spring through early summer. This is one of the milder- flavored mustards. COMMENTS: This enigmatic species is abundant in Penn- sylvania but is almost never found anywhere else. However, since its spread in PA has been rapid, I'm assuming it will soon spread outside of that state. This is perhaps the most attractive of our weedy mustards, and one of the best for eating. too. It doesn have a common name here, but in the UK it goes by the eloquently beautiful (read with sarcasm) ""Isle-of-Man Cabbage."" I made up ""highway mustard, which is not only accu- rate, but conveniently shorter than ""Pennsyl vania-railroad-right-of- way cabbage."" 415 ","FOOD USE: All the tender parts can be eaten raw or cooked.
from spring through early summer. This is one of the milder-
flavored mustards.
",True,"
    'parts'

    or

    'tender parts'

    depending on if you want to assume 'parts' in the text refers specifically to edible parts or not.
    Since the text states 'All the tender parts can be eaten raw or cooked', it seems safe to assume it is referring to edible parts. But this is a judgment call."
0193_a.txt,"LEAVES PRESENT, LEAVES ALTERNATE,
LOBED BASAL OR DIVIDED, SAP NOT MILKY
38 French
Erucastrum rocket gallicum 2 Brassicaceae (Mustard family)
( HECK: Knee high mustard with long, pinnately compound-lobed 1. leaves; yellow
","FOOD USE: Tender leaves and stem tips can be eaten raw or cooked;
they are moderately hot.
",True,"
    'leaves','stem tips'"
0193_b.txt,"BOSSKOCEDE:
BASAL LEAVES LOBED PRESENT, LEAVES
OR DIVIDED, SAP ALTERNATE, NOT MILKY
amounts
39 Charlock mustard
2
too
Sinapis arvensis Brassicaceae (Mustard family)
","FOOD USE: Gather all tender parts-young leaves, stem tips, and flower
bud clusters-in spring or early summer (occasionally fall). All parts can
be eaten raw or cooked, and have a pungent flavor.
",True,"
    ['Young leaves','stem tips','flower bud clusters']"
0194_a.txt,"LEAVES PRESENT, LEAVES ALTERNATE,
BASAL LOBED OR DIVIDED, SAP NOT MILKY
4° Wild radish
2
3
Brassicaceae but IWE-415 (Mustard family)
Raphanus raphanistrum
Summer-blooming mustard with light yellow flowers; difficulty leaning 1. stems
","FOOD USE: Eat the tender parts of clean, vigorous plants from late spring to mid summer, raw or cooked.
They have a hot, radish-like flavor. The immature pods make a nice vegetable for salads or stir fry.
",True," 'parts'

    # This is an incorrect output, as the task is to extract one or several edible parts named from the text.

    # The correct output would be:

    # 'parts' or 'tender parts' if the context clearly implies that the 'parts' referred to are edible. Otherwise, no output."
0194_b.txt,"BASAL ONCE LEAVES PRESENT,
COMPOUND WITH LEAVES ALTERNATETS
GROUP 26 BASAL LEAVES PRESENT, LEAVES ALTERNATE,
ONCE COMPOUND WITH DISTINCT LEAFLETS
Group There 26 are includes 7 plants two good root vegetables, and the rest are leaf and stem
easy Members of this family can be distinguished from other very
to identify. here from the carrot family Apiaceae, of which a few vegetables are
O1 group 26 by their jointed stems. However, Cherokee swamp potato members IS
the trickiest edibies in North America and is certainly not for beginners. one Some of
aquatic plants will key here if their water has dried up; check group 15 if in doubt
The 5 members of the mustard family Brassicaceae can be a little tricky to tell from
each other, but there are no dangerous plants in this family. I would rather have
included false strawberry next to the true wild strawberries, but in keeping with the
premise of the book 1 had to place it where its physical form indicated.
TENTATIVE IDENTIFICATION KEY TO GROUP 26
The key is not your final answer!
Basal leaves with 3 leaflets.
Leaflets more than 12"" (30 CM) long, deeply and erratically lobed.
Stem lacking raised purple dots; по ring of hairs at the nodes.
1. Cow parsnip
or
Stem with raised purple dots; a ring of hairs at the nodes.
2. Giant hogweed
or
Leaflets less than 5"" long.
Leaflets erratically needle-toothed and lobed, hairless; major veins flat above.
3. Mitsuba
Leaflets unlobed, hairy, broad-toothed; veins depressed; stems trailing.
13. False strawberry
Leaflets unlobed, faintly hairy, entire to minutely toothed; the petiole base has wing-like stipules.
14. Red clover
Basal leaves palmately compound with 3-7 sessile, hairless leaflets.
4. Sanicle (5 species)
or
Basal leaves pinnately compound, some with more than 3 leaflets.
AN leaflets distinctly less than 1"" (2.5 cm) long.
Petiole long, sinuous, mostly naked with ridiculously widely spaced leaflets.
8. Cuckoo flower
Petiole just normal and mostly straight, with non-ridiculous leaflet spacing.
15. Small-flower phacelia
Leaflets sharp-pointed, entire, with stiff, leaning hairs.
or
Leaflets of basal leaves blunt to rounded, never deeply lobed; hairless or soft-hairy.
9. Shetweed
or
Plant of uplands; leaf margins faintly hairy; vertical pods shoot seeds.
or
10. Pennsylvania cress
Plant of wetlands; leaves hairless: erect pods not exploding.
Leaflets of basal leaves often or usually deeply lobed.
11. Narrow-leaf bittercress
Stems erect, usually more than 14"" (36 cm) tall.
12. Twin cress
Stems prostrate to decumbent, less than 14"" (36 cm).
flets cleariy larger than 1"" (2.5 cm) long.
17. Chocolate root
Some side leaflets much, much smaller than the terminal one(s).
Side leaflets almost as large as the terminal leaflet.
5. Cherokee swamp potato
Leaves hairless; leaflets lanceolate with no teeth or a few large ones.
Leaves hairy. at least lightly (check leaf underside); leaflets erratically toothed/lobed. and
Leaflet always deeply lobed, dark-speckled when young: young stem purplish
16. Purple phacelia
densely long-hairy.
Leaflet sometimes deeply lobed, lobes blunt: stem sparsely soft-short-hairy.
6. Parsnip
strongly Leaflet (basal) ridged/angled. toothed but not lobed (upper deeply lobed); stem finely ridged and
7. Burnet-saxifrage
densely stiff-short-hairy.
419
BASAL ONCE LEAVES PRESENT, COMPOUND WITH LEAVES ALTERNATETS GROUP 26 BASAL LEAVES PRESENT, LEAVES ALTERNATE, ONCE COMPOUND WITH DISTINCT LEAFLETS Group There 26 are includes 7 plants two good root vegetables, and the rest are leaf and stem easy Members of this family can be distinguished from other very to identify. here from the carrot family Apiaceae, of which a few vegetables are O1 group 26 by their jointed stems. However, Cherokee swamp potato members IS the trickiest edibies in North America and is certainly not for beginners. one Some of aquatic plants will key here if their water has dried up; check group 15 if in doubt The 5 members of the mustard family Brassicaceae can be a little tricky to tell from each other, but there are no dangerous plants in this family. I would rather have included false strawberry next to the true wild strawberries, but in keeping with the premise of the book 1 had to place it where its physical form indicated. TENTATIVE IDENTIFICATION KEY TO GROUP 26 The key is not your final answer! Basal leaves with 3 leaflets. Leaflets more than 12"" (30 CM) long, deeply and erratically lobed. Stem lacking raised purple dots; по ring of hairs at the nodes. 1. Cow parsnip or Stem with raised purple dots; a ring of hairs at the nodes. 2. Giant hogweed or Leaflets less than 5"" long. Leaflets erratically needle-toothed and lobed, hairless; major veins flat above. 3. Mitsuba Leaflets unlobed, hairy, broad-toothed; veins depressed; stems trailing. 13. False strawberry Leaflets unlobed, faintly hairy, entire to minutely toothed; the petiole base has wing-like stipules. 14. Red clover Basal leaves palmately compound with 3-7 sessile, hairless leaflets. 4. Sanicle (5 species) or Basal leaves pinnately compound, some with more than 3 leaflets. AN leaflets distinctly less than 1"" (2.5 cm) long. Petiole long, sinuous, mostly naked with ridiculously widely spaced leaflets. 8. Cuckoo flower Petiole just normal and mostly straight, with non-ridiculous leaflet spacing. 15. Small-flower phacelia Leaflets sharp-pointed, entire, with stiff, leaning hairs. or Leaflets of basal leaves blunt to rounded, never deeply lobed; hairless or soft-hairy. 9. Shetweed or Plant of uplands; leaf margins faintly hairy; vertical pods shoot seeds. or 10. Pennsylvania cress Plant of wetlands; leaves hairless: erect pods not exploding. Leaflets of basal leaves often or usually deeply lobed. 11. Narrow-leaf bittercress Stems erect, usually more than 14"" (36 cm) tall. 12. Twin cress Stems prostrate to decumbent, less than 14"" (36 cm). flets cleariy larger than 1"" (2.5 cm) long. 17. Chocolate root Some side leaflets much, much smaller than the terminal one(s). Side leaflets almost as large as the terminal leaflet. 5. Cherokee swamp potato Leaves hairless; leaflets lanceolate with no teeth or a few large ones. Leaves hairy. at least lightly (check leaf underside); leaflets erratically toothed/lobed. and Leaflet always deeply lobed, dark-speckled when young: young stem purplish 16. Purple phacelia densely long-hairy. Leaflet sometimes deeply lobed, lobes blunt: stem sparsely soft-short-hairy. 6. Parsnip strongly Leaflet (basal) ridged/angled. toothed but not lobed (upper deeply lobed); stem finely ridged and 7. Burnet-saxifrage densely stiff-short-hairy. 419 ",,False,"
    []"
0195_a.txt,"BASAL ONCE COMPOUND WITH DISTINCT LEAFLETS
LEAVES PRESENT, LEAVES ALTERNATE,
3
2
2
1
NG-365
1.
Heracleum lanatum 1 Apiaceae (Carrot family)
Cow parsnip
Enormous hairv herb with stout stems and giant 3-part compound ID difficulty leaves, 1.
","FOOD USE: Roots can be collected when the tops are dormant; they are powerfully spicy and most people
find them too strong except as a seasoning. Gather tender, young stalks and petioles in spring or early sum-
mer before fully formed (well before flowering). Peel and eat raw or cooked like celery in stew. Young leaves
(early to mid spring) can be cooked or fermented. Flower bud clusters, along with their enclosing sheath (late
spring) can be used sparingly in salads or to flavor various cooked dishes. The fruits/seeds can be gathered
from mid to late summer to use as a seasoning. Conservation 2.
",True," ['roots','tender, young stalks','petioles','Young leaves','flower bud clusters','fruits/seeds']"
0195_b.txt,"procede (Carrot family
BASAL ONCE LEAVES PRESENT,
COMPOUND WITH LEAVES ALT LEAFLETS
too
COMMENTS:
The
of
are
strong
and
been
traditionally
used
and
Asia
The
Russian
generally
for
vegetable
to a soupimade from the formanted
pean hog Need Our nativernew partnin
decline from herbir spraying by people
that anything looking remotely like giant 11
must die European hogweed H sphood plann
occasionally found as an escape
leaves usually have 5 leaflets rat
leaves and petioles are not as tender as
species, but are similarly edible
Related edible:
2
Giant hogweed
Heracleum mantegazzianum
An exotic invasive that has been subject to intense eradication efforts, this plant has received
much media attention for its phototoxic juice. It is similar to COW parsnip but larger in all
respects, the stems reaching 14' (4 m) tall and the leaves 5' (1.5 m) across. Stems have
numerous maroon dots or blotches and are encircled by a thick beard of stiff whitish hairs at
each node. Leaflets deeply incised, in places fully or almost to the midrib (especially in the
terminal leaflet) and the narrow lobes have long, tapered points. The blades are glossy and
hairless or nearly so underneath. Tender young growth of this species can be eaten like that
of cow parsnip. (I have only eaten the petioles, but there is documentation for other above-ground parts as
food; the roots may not be edible.) WARNING: Phototoxic juice-do not get it on your skin (See C 23
Close of
giant hogwed
petiole snow
MOURH
ridge. purple
spots, and
needle hairs
421
procede (Carrot family BASAL ONCE LEAVES PRESENT, COMPOUND WITH LEAVES ALT LEAFLETS too COMMENTS: The of are strong and been traditionally used and Asia The Russian generally for vegetable to a soupimade from the formanted pean hog Need Our nativernew partnin decline from herbir spraying by people that anything looking remotely like giant 11 must die European hogweed H sphood plann occasionally found as an escape leaves usually have 5 leaflets rat leaves and petioles are not as tender as species, but are similarly edible Related edible: 2 Giant hogweed Heracleum mantegazzianum An exotic invasive that has been subject to intense eradication efforts, this plant has received much media attention for its phototoxic juice. It is similar to COW parsnip but larger in all respects, the stems reaching 14' (4 m) tall and the leaves 5' (1.5 m) across. Stems have numerous maroon dots or blotches and are encircled by a thick beard of stiff whitish hairs at each node. Leaflets deeply incised, in places fully or almost to the midrib (especially in the terminal leaflet) and the narrow lobes have long, tapered points. The blades are glossy and hairless or nearly so underneath. Tender young growth of this species can be eaten like that of cow parsnip. (I have only eaten the petioles, but there is documentation for other above-ground parts as food; the roots may not be edible.) WARNING: Phototoxic juice-do not get it on your skin (See C 23 Close of giant hogwed petiole snow MOURH ridge. purple spots, and needle hairs 421 ",,False,"
    []"
0196_a.txt,"PRESENT, LEAVES ALTERNATE, LEAFLETS
BASAL ONCE COMPOUND LEAVES WITH DISTINCT
Mitsuba canadensis 2 2 4 3 Apiaceae (Carrot family) widens at
","FOOD USE: Roots are good but tiny. Leaves can be cooked as a potherb or used to flavor vegetable broth;
they are best in spring and fall. The spring shoots make a delectable vegetable and can be steamed or boiled
by themselves and served like asparagus, or they can be eaten raw. They make a superb ingredient in soups
and casseroles. Conservation 2/1.
",True," ['roots', 'leaves', 'spring shoots']"
0196_b.txt,"mm
)
1cm
BASAL ONCE
SEAVES ACT LEAPLETS
4
Sanicle
2
2
genus Sanicula Apiaceae (Carrot family)
ICK CHECK: Smooth, hairless knee-high plants with palmately compound
burs. ID difficulty 3.
of 3-7 leaflets; compound umbels with few rays, the tiny umbellets backed with sessile logun.
","FOOD USE: The and young early summer. The flavor varies between the species Conservation 2.
like mostly mitsuba in spring with a hint of cilantro and sometimes a slight bitterness.
(Continued on the next page.)
mm ) 1cm BASAL ONCE SEAVES ACT LEAPLETS 4 Sanicle 2 2 genus Sanicula Apiaceae (Carrot family) ICK CHECK: Smooth, hairless knee-high plants with palmately compound burs. ID difficulty 3. of 3-7 leaflets; compound umbels with few rays, the tiny umbellets backed with sessile logun. DESCRIPTION: Perennlals or biennials with little scent, all parts hairless and without bloom often with multiple root crowns in close proximity. Basal leaves in clumps or rosettes often gone by blooming, palmately divided into 3-7 sessile leaflets (the outer sometimes not fully divided). Older leaves are dark, dull, and flat; new leaves are light green, glossy, and ruffled. Leaflets lanceolate or oblanceolate, tapered to both ends, pointed, coarsely and Collective singe irregularly toothed and occasionally lobed, with acuminate, bristle-tipped, for ward-pointing teeth (Sometimes the first spring leaves are obovate or fan-like.) Veins and veinlets are lightly depressed above and orotrude below-even more so on new leaves. Petioles long and narrow, limp or rigid, 2-3 mm thick, ereo or ascending. solid, several times longer than the blades, maroon near the base, green above, channeled and sheathing n the lower 2"" (5 cm) or so, (the outer ones more broadly so). Above the sheath, the cross section is channeled or round with a small flat area on top and 2 tiny wings. Stems one to few per rosette, solid, round, hardess jointed, erect or leaning, 12-30"" (30-75 cm) tall and 4-8 mm thick, almost smooth, but with numerous bunt ridges becoming more prominent toward the top, forking at about 70° a few times in the upper half. with long, straight sections between forks. Stem leaves reduced in size upward, with very short sheathing petioles, corge mostly at forks in the stem. Inflorescence a few compound umbels, terminal or from upper leaf axils. The primary rays are few (usually 2-3) and often unequal in length; the umbellets are compact, forming dense heads, often with two forms of flower. There are commonly 3 sessile, bisexual bur-flowers, and a few to several much smaller, non-bristly, male flowers on pedicels. Flowers 2-3 mm across with 5 white or dull yellowish petals and 5 pointed sepals. Fruit is a compact bur 3-6 mm long, covered with hooked bristles. SPECIES: There are 5 similar species in our region: S. canadensis, S. marilandica, S. odorata (gregaria), S. trifoliata, and S. smallii. They taste similar (but not identical) and differentiat- here. ing them when not in bloom is difficult, so I will lump them together for discussion CONFUSING PLANTS: All species are easily confused with honewort Cryptotaenia canadensis (also edible), especially S. trifoliata. The best differences are the two tiny wings on the sanicle petiole, and its more deeply depressed veins. HABITAT: Well-drained hardwood forests and savannahs, sunny openings, slopes, borders, and trailsides. Native. greens and shoots can be used as a vegetable raw but is or generally cooked, FOOD USE: The and young early summer. The flavor varies between the species Conservation 2. like mostly mitsuba in spring with a hint of cilantro and sometimes a slight bitterness. (Continued on the next page.) ",True,"
    'young leaves','sanicles'"
0197_a.txt,"PRESENT, LEAVES ALTERNATE, LEAFLETS
BASAL ONCE COMPOUND LEAVES WITH DISTINCT
4 Sanicle (continued) and easy to find in reported most of eastern poisonous. North America; Worldwide the there group are is
COMMENTS: These plants fruit are abundant They are often erroneously traditionally eaten as as leafy greens in Europe, Americans Asia, in
easy to identify in in bloom this lightly-related or genus. Many widely are used for medicinal purposes region by failure Native of the record,
not multiple our and about region. evidence western 45 occasions; species I interpret North of toxicity. America, they the The taste lack and Latin of similar ethnographically they name to have each is been derived other reported and from to sanus ethnographically food for uses ""healthy."" in our documented I have as eaten a food all five species species in the on
West. AKA black snakeroot.
5
Cherokee swamp potato
3
Oxypolis rigidior
Apiaceae (Carrot family)
",,False,"
    []"
0197_b.txt,"mm
0
1cm
BASAL ONCE LEAVES PRESENT,
COMPOUND WITH LEAVES ALT LEAFLETS
the leaflets pound distal occasionally side, Midveins have are short not depressed. petiolules. The Leaflets rachis are is often highly asymmetric with blade
the peduncle umbels, round, one to smooth, a few, terminal thin, to or 9"" from (23 upper cm) long, branches deeper in than axils wide of reduced and channeled. leaves with inflorescer a clasning it the
0-2 fl +-topped linear, drooping, in shade but become hemispheric in full sun, Great the umbels 3-8"" across, may r
mostly well needle-tipped bracts with inrolled margins. rays rounded. Umbellets 1.5-5"" long, subti
early fall) separated, subtended by 1-5 tiny, short, thread-thin bracts (hard 7-21, 8"" (13 20 mm
the sharp petal on thread-thin tips incurved curved pedicels, not touching, 4 mm across, green in to the see) center Flowers with (late whit ;//
almost touch making them look short and blunt. Petals roughly size and 1
each other. Fruit dry upon maturity, 3-4 mm long, oval, flattened, are sharp equal edged. in
similar CONFUSING SPECIES: Common water hemlock Cicuta maculata (p. 668) may share its habitat. and
and far at a glance, but has regularly serrated leaf margins and multi-compound leaves with smaller
more of them. The secondary veins are numerous, straight at first, and deeply depressed. T
of water hemlock are entirely dissimilar. Bulblet water hemlock Cicuta bulbifera (p. 670) IS mostly
and has multi-compound leaves with exclusively narrow leaflets, and bulblets in upper leaf axils. All
springwater parsnip (p. 216) and water parsnip (p. 213), both edible.
HABITAT: Seepages, ponds margins, marshes, wet meadows and stream edges, in rich, high-calc
Grows in shade to full sun, but larger in sun. Native.
WARNING: This is one of the three plants in this book that I consider the most likely for
tification. Proceed with great caution!
FOOD USE: The tubers can be used as a potato-like vegetable, best gathered from fall through spri
are fantastic in any way you'd use a potato. Take a couple and replant the crown. Conservation 3.
COMMENTS: Probably my favorite root vegetable: like a
potato with a faint hint of carrot, but with a better texture
and flavor than either. Widely and erroneously reported as
poisonous to livestock; the name results from confusion with
water hemlock. This vegetable, almost completely unknown
to modern foragers, was eaten by the Cherokee (and probably
many Native nations in our region) but its food tradition has
been hanging by a thread for a century. Although you will find
it listed as deadly poisonous in many sources, this is nonsense.
I grow this vegetable, eat it as often as I can, and feed it to my
guests, who have universally found it excellent. This is what
the colonial destruction of food knowledge looks like. I have
not listed the shoots or greens as edible due to the lack of eth-
nographic information, but they are not poisonous. There are
other species in this genus, the edibility of which are unknown
to me. AKA stiff cowbane, pig potato.
Leaflets may be entire or toothed.
mm 0 1cm BASAL ONCE LEAVES PRESENT, COMPOUND WITH LEAVES ALT LEAFLETS the leaflets pound distal occasionally side, Midveins have are short not depressed. petiolules. The Leaflets rachis are is often highly asymmetric with blade the peduncle umbels, round, one to smooth, a few, terminal thin, to or 9"" from (23 upper cm) long, branches deeper in than axils wide of reduced and channeled. leaves with inflorescer a clasning it the 0-2 fl +-topped linear, drooping, in shade but become hemispheric in full sun, Great the umbels 3-8"" across, may r mostly well needle-tipped bracts with inrolled margins. rays rounded. Umbellets 1.5-5"" long, subti early fall) separated, subtended by 1-5 tiny, short, thread-thin bracts (hard 7-21, 8"" (13 20 mm the sharp petal on thread-thin tips incurved curved pedicels, not touching, 4 mm across, green in to the see) center Flowers with (late whit ;// almost touch making them look short and blunt. Petals roughly size and 1 each other. Fruit dry upon maturity, 3-4 mm long, oval, flattened, are sharp equal edged. in similar CONFUSING SPECIES: Common water hemlock Cicuta maculata (p. 668) may share its habitat. and and far at a glance, but has regularly serrated leaf margins and multi-compound leaves with smaller more of them. The secondary veins are numerous, straight at first, and deeply depressed. T of water hemlock are entirely dissimilar. Bulblet water hemlock Cicuta bulbifera (p. 670) IS mostly and has multi-compound leaves with exclusively narrow leaflets, and bulblets in upper leaf axils. All springwater parsnip (p. 216) and water parsnip (p. 213), both edible. HABITAT: Seepages, ponds margins, marshes, wet meadows and stream edges, in rich, high-calc Grows in shade to full sun, but larger in sun. Native. WARNING: This is one of the three plants in this book that I consider the most likely for tification. Proceed with great caution! FOOD USE: The tubers can be used as a potato-like vegetable, best gathered from fall through spri are fantastic in any way you'd use a potato. Take a couple and replant the crown. Conservation 3. COMMENTS: Probably my favorite root vegetable: like a potato with a faint hint of carrot, but with a better texture and flavor than either. Widely and erroneously reported as poisonous to livestock; the name results from confusion with water hemlock. This vegetable, almost completely unknown to modern foragers, was eaten by the Cherokee (and probably many Native nations in our region) but its food tradition has been hanging by a thread for a century. Although you will find it listed as deadly poisonous in many sources, this is nonsense. I grow this vegetable, eat it as often as I can, and feed it to my guests, who have universally found it excellent. This is what the colonial destruction of food knowledge looks like. I have not listed the shoots or greens as edible due to the lack of eth- nographic information, but they are not poisonous. There are other species in this genus, the edibility of which are unknown to me. AKA stiff cowbane, pig potato. Leaflets may be entire or toothed. ","FOOD USE: The tubers can be used as a potato-like vegetable, best gathered from fall through spri
are fantastic in any way you'd use a potato. Take a couple and replant the crown. Conservation 3.
",True,"
    'tubers'"
0198_a.txt,"PRESENT, LEAVES ALTERNATE, LEAFLETS
ONCE BASAL COMPOUND LEAVES WITH DISTINCT
FH-281
6
Pastinaca Parsnip sativa 3 Apiaceae 3 (Carrot family) toothed
or
lobed,
paired
","FOOD USE: Dig taproots from fall through early spring and use them exactly like cultivated parsnips (they are
the same plant): mashed, fried, baked, grated into casseroles, in soup, or just boiled and served with butter.
426
PRESENT, LEAVES ALTERNATE, LEAFLETS ONCE BASAL COMPOUND LEAVES WITH DISTINCT FH-281 6 Pastinaca Parsnip sativa 3 Apiaceae 3 (Carrot family) toothed or lobed, paired QUICK CHECK: Long with basal the leaves rachis; with stem 11-13 deeply ruffled, ridged; erratically flowers yellow. ID difficulty pinnately 2. leaflets out of plane Biennial, taller than wide. Basal leaves which in are rosettes often out of 3-7, of plane with toothed the (not usually base DESCRIPTION: compound, rachis offset), and purplish, and/or a in faint 8-22"" full mostly lobed, sun. hairy bulging (20-56 sessile Rachis usually or ring hairless, cm) but narrowly where ruffled, long occasionally naked with each channeled, the 11-13 in teeth set the with leaflets, of lower large leaflets deeper short 40-70%, and petiolules, is than blunt attached. are with wide, with flat a or roughly gently a short Leaflets nearly nipple sheath ridged, ovate, so tip. 1-3"" above The at solid, the coarsely surface is semi-glossy (2.5-8 cm) and long, irregularly paired and protruding below. above, variably hairy few leaves toward the top, branched in the upper third, 4-6' sharp ridges. Stem but more 50 below. Veins and veinlets (1.2-2 m) tall, thick-walled Stem single, erect, with hollow, jointed. the surface finely hairy with numerous prominent, to fully double- with a small, irregular the lower ones up to 30"" (75 cm) long on robust plants and sometimes partly tapered sheath. leaves alternate, the ones shorter with fewer leaflets and no petiole beyond the broad, wide the compound; Inflorescence flat-topped upper compound umbels (may be 3 times compound) up to 7"" (18 cm) near top of the plant, the rays ridged, with no bracts at the junctures. Flowers (early to mid summer) yellow, tiny, with 5 petals barely extending past the yellow-green ovary and hooking back to the center, the outer flowers in the umbellet larger, the center flowers crowded and touching. Fruit flattened, oblong, 5-8 mm, smooth, held erect, very aromatic, ripening to brown in mid to late summer, drying and splitting in two. CONFUSING PLANTS: Butterweed Packera glabella blooms in spring and the stalk has a large hollow. HABITAT: Rich, well-drained soil in full sun. Needs disturbance, although not yearly. Roadsides, pastures, old fields, forest edges, meadows. Introduced. I FOOD USE: Dig taproots from fall through early spring and use them exactly like cultivated parsnips (they are the same plant): mashed, fried, baked, grated into casseroles, in soup, or just boiled and served with butter. 426 ",True, 'taproots'
0198_b.txt,"BASAL ONCE LEAVES PRESENT,
COMPOUND WITH LEAVES ALT LEAFLETS
Roots
amower
TO
poor
quality
shoots
in
late
spring
and
can
be
peelen
and
cooked
below)
COMMENTS:
Or
parships can be as large
from a garden. and taste as food
if not better areas
IS found, parsn D vallable
by the tor --and most ar down
ers would be glad to get
Few wild vegetables tar
lected as easily. Although reviled
as invasive, it rarely nvades hative
habitats.
CAUTION:
Parsnip shoot at the stage for peeling.
ground parts
(domestic or wild) can cause severe burns ano biisters it get
(See p.23.) Be especially careful if gathering stalks, which are very/juicy. Most
people who get the rash contract it in early summer when the flowering statks
are tall but still soft, easily bruising to release liquid. If you get the juice on your
skin, wash it off as soon as possible.
Burnet-saxifrage
1
Pimpinella saxifraga
Apiaceae (Carrot family)
",,False,"
    []"
0199_a.txt,"ONCE BASAL COMPOUND LEAVES WITH DISTINCT
PRESENT, LEAVES ALTERNATE, LEAFLETS
7 Burnet-saxifrage few. smaller with fewer (continued) leaflets, widely spaced, to reduced no petiole toward beyond the the top, sheath. with a finely The leaflets ridged
sheath fully encircling the stem for 1.2-2"" teeth; (3-5 uppermost leaves tiny with 1-3 narrow 4.5"" (11 cm) in fruit, Inflo-
Stem leaves are cm), with little pointed lobes,
are long, narrow, deeply lobed, compound with few umbel 2-3.2"" (5-8 cm) wide in bloom, to tightly packed with
rescence is a nearly flat-topped spaced from each other, but the 9-28 flowers within umbel, are but occasionally and
14-28 umbellets. are Umbellets smooth and are hairless. There is usually no bract beneath Flowers the primary (mid to late summer) 4-5 mm
across there is with one 5 pointed, unequal linear, white petals, the tips curled back toward the center. Fruit
touching. Rays sheathing bract; umbellets lack bracts. triangular to heart-shaped,
ribbed, 3-4 mm long, slightly flattened, breaking in two.
HABITAT: Dry roadsides, fields, meadows, hayfields, forest edges, especially where limy and sandy. Full
sun. Introduced. I
FOOD USE: The tender tops of stems and their associated leaves, before flowering, have a taste strongly
reminiscent of cilantro but hotter, less soapy, with a fruity aftertaste and an unpleasant texture. They can be
used sparingly as a seasoning herb.
COMMENTS: This plant is neither a burnet nor a saxifrage. It is a close relative of the commercial anise
(Pimpinella anisum), and it has been grown as a fodder crop on poor soils in northern Europe. It occurs sporadi-
cally and is locally abundant in some regions-for example, it is perhaps the most common roadside plant
around Hayward, Wisconsin. Expect its population to explode in the coming decades. The plant is better
known as a medicinal than a food.
4.8
(bottern left) Upper stem leaf (top right) Basal leaf
(bottom right) Tender tip
ONCE BASAL COMPOUND LEAVES WITH DISTINCT PRESENT, LEAVES ALTERNATE, LEAFLETS 7 Burnet-saxifrage few. smaller with fewer (continued) leaflets, widely spaced, to reduced no petiole toward beyond the the top, sheath. with a finely The leaflets ridged sheath fully encircling the stem for 1.2-2"" teeth; (3-5 uppermost leaves tiny with 1-3 narrow 4.5"" (11 cm) in fruit, Inflo- Stem leaves are cm), with little pointed lobes, are long, narrow, deeply lobed, compound with few umbel 2-3.2"" (5-8 cm) wide in bloom, to tightly packed with rescence is a nearly flat-topped spaced from each other, but the 9-28 flowers within umbel, are but occasionally and 14-28 umbellets. are Umbellets smooth and are hairless. There is usually no bract beneath Flowers the primary (mid to late summer) 4-5 mm across there is with one 5 pointed, unequal linear, white petals, the tips curled back toward the center. Fruit touching. Rays sheathing bract; umbellets lack bracts. triangular to heart-shaped, ribbed, 3-4 mm long, slightly flattened, breaking in two. HABITAT: Dry roadsides, fields, meadows, hayfields, forest edges, especially where limy and sandy. Full sun. Introduced. I FOOD USE: The tender tops of stems and their associated leaves, before flowering, have a taste strongly reminiscent of cilantro but hotter, less soapy, with a fruity aftertaste and an unpleasant texture. They can be used sparingly as a seasoning herb. COMMENTS: This plant is neither a burnet nor a saxifrage. It is a close relative of the commercial anise (Pimpinella anisum), and it has been grown as a fodder crop on poor soils in northern Europe. It occurs sporadi- cally and is locally abundant in some regions-for example, it is perhaps the most common roadside plant around Hayward, Wisconsin. Expect its population to explode in the coming decades. The plant is better known as a medicinal than a food. 4.8 (bottern left) Upper stem leaf (top right) Basal leaf (bottom right) Tender tip ","FOOD USE: The tender tops of stems and their associated leaves, before flowering, have a taste strongly
reminiscent of cilantro but hotter, less soapy, with a fruity aftertaste and an unpleasant texture. They can be
used sparingly as a seasoning herb.
",True,"
    'stems','leaves'"
0199_b.txt,"mm
1cm
BASAL LEAVES PRESENT, LEAVES ALTERNATE,
ONCE COMPOUND WITH DISTINCT LEAFLETS
8
Cuckoo flower
2
Cardamine pratensis 4 Brassicaceae (Mustard family)
UICK CHECK: Small, delicate mustard of wetlands and moist soil, the basa' actions
wead-like and sinuous, the flowers light purple. ID difficulty 1.
","FOOD USE: The tubers are edible raw or cooked but are really too small to mess with. Vegetative parts can
be eaten raw or cooked and have a mild horseradish flavor. Conservation 3/2.
",True,"
    'tubers','vegetative parts'"
0200_a.txt,"PRESENT, LEAVES ALTERNATE, LEAFLETS
ONCE BASAL COMPOUND LEAVES WITH DISTINCT
9 Shotweed 2
(Mustard
family)
Brassicaceae
Cardamine hirsuta mustard with vertical exploding pods and difficulty few stem 1. leaves;
","FOOD USE: Gather the tender greens in fall, winter, or spring and use like watercress in salads, sandwiches,
mixed potherbs, soups, or casseroles.
",True, 'greens'
0200_b.txt,"BASAL ONCE LEAVES PRESENT,
COMPOUND WITH LEAVES ALT LEAFLETS
10 Pennsylvania cress
2
Cardamine
pensylvanica
Brassicaceae
leaves UICK with CHECK: tiny Small mustard of mucky wetlands with tiny white Howers (Mustard and compound family)
blunt leaflets. ID difficulty 1.
","FOOD USE: Tender greens are slightly hot, between horseradish and watercress, and can be used raw or choked
The rosette leaves are often abundant in late fall; the tender leafy stems appear in spring. Conservation 1.
",True,"
    'tender greens','tender leafy stems'"
0201_a.txt,"PRESENT, LEAVES ALTERNATE, LEAFLETS
BASAL ONCE COMPOUND LEAVES WITH DISTINCT
11 bittercress
Cardamine Narrow-leaf impatiens + Brassicaceae 2 (Mustard family) small
Shin-high mustard with angled stems, ID difficulty leaves with 1. numerous
","FOOD USE: Tender parts can be eaten raw or cooked, mostly in spring or early summer.
",True,"
    'parts'"
0201_b.txt,"BASAL ONCE LEAVES PRESENT,
COMPOUND WITH LEAVES ALT LEAFLETS
12 Twin cress
2
difficulty
Lepidium didymum Brassicaceae (Mustard family)
","FOOD USE: All the tender parts, especially leaves and stem tips, can be eaten raw or cooked. The flavor is
strong, aromatic, a bit strange, but pleasant. Not particularly hot. The best time is late winter or early spring.
It can be hard to find clean plants. Conservation 1.
",True,"
    'leaves','stem tips'"
0202_a.txt,"BASAL LEAVES PRESENT, LEAVES ALTERNATE,
ONCE COMPOUND WITH DISTINCT LEAFLETS
13 False strawberry
1
Duchesnea indica
Rosaceae (Rose family)
","FOOD USE: The berries can
be collected from summer to
fall and eaten raw or cooked.
",True,"
    'berries'"
0202_b.txt,"(Rose:
BASAL ONCE LEAVES PRESENTH LEAVES ALT LEAFLETS
14 Red clover
1
2
Trifolium
pratense
Fabaceae
(Legume
","FOOD USE: Flowers have a nice flavor to nibble raw as a snack. They can also be used in tea mixtures, and
they can be ground or blended and used in baked goods. Tender young leaves and stem tips can be eaten
raw or cooked. They are mediocre and should be eaten in limited quantity due to their low digestibility Young
leaves of red clover, eaten raw, cause an unpleasant burning sensation in my mouth.
",True," ['flowers','tender young leaves','stem tips']"
0203_a.txt,"LEAVES PRESENT, LEAVES ALTERNATE, LEAFLETS
ONCE BASAL COMPOUND WITH DISTINCT
15 Phacelia Small-flower dubia phacelia Boraginaceae 1 (Borage family)
with pinnately lobed or compound leaves coiled with clusters no teeth, in
","FOOD USE: Tender young greens can be eaten raw or cooked. Due to the rough texture they are better
cooked. Conservation 2.
",True,"
    'young greens'"
0203_b.txt,"BASAL ONCE LEAVES PRESENT,
COMPOUND WITH LEAVES ALTERNAFLETS
16 Purple phacelia
2
Phacelia bipinnatifida Boraginaceae 2 (Borage family)
©MICK ,lotched CHECK: when Low, hairy herb with pinnately compound leaves,
young; showy purple 5-petaled flowers in a called the raceme laaflers ID labad. difficulty 11/1/21
","FOOD USE: Young leaves and shoots can be eaten raw or cooked. Conservation 2.
",True,"
    'Young leaves','shoots'"
0204_a.txt,"PRESENT, LEAVES ALTERNATE, LEAFLETS
BASAL ONCE COMPOUND LEAVES WITH DISTINCT
11
Chocolate root
rivale Rosaceae (Rose family)
Geum in wet, shaded soil, the terminal difficulty leaflets 20-100 2. times larger
","FOOD USE: The rhizomes can be gathered at any time and boiled fresh or roasted
to make a drink that is supposedly ""chocolate-like."" Conservation 3.
",True,"
    'rhizomes'"
0204_b.txt,"10h
BASALI-COMPOUNDWITH
LEAVES ALT LEAFLETS
GROUP 27 BASAL LEAVES PRESENT, LEAVES ALTERNATE,
MULTI-COMPOUND WITH DISTINCT LEAFLETS
All of the but carrot one of family the plants in this group belong to the carrot family,
units (mericarps) upon have fruits called schizocarps that dry out and Apiaceae. split Members
water hemlock Cicuta maturity. Probably the most toxic plant in into two seed
this reason, some of the maculata-is a carrot family member that will our key region, to this common For
and should be used plants in group 27 are considered highly difficult identify group.
their identification only by well-seasoned foragers who are highly to in
columbine skills. However, there are other plants in this confident
and yellow pimpernel, that cannot be confused with water group, hemlock such as
anyone from applying reasonable attention to details. It would be a shame to shy by
everything in the carrot family because a few members are very poisonous. away
Prairie parsnip and the members of the genus Osmorhiza have leaflets that
deeply cut, and some might reasonably key them into group 28-but they are on are the
fence, and I had to put them somewhere. Note that all of the species which normally have
unlobed leaflets will occasionally have a leaflet that is incompletely separated, resulting in an oddly-lobed ea².
In the key I ignore this aberrant minority and focus on the shape of typical leaflets even though abnormal leaf ets
are to be expected. Two species are placed twice in the key because the hairiness of their parts is variable.
TENTATIVE IDENTIFICATION KEY TO GROUP 27
The key is not your final answer!
Leaflets hairless on both sides.
Leaffet margies entire.
1. Yellow pimpernel
or
: Leaffet margins regularly toothed but usually not lobed.
Leaflets narrowly lanceolate, toothed near the base; stems usually branched with leaf sheaths
clasping the larger branches; umbels twice compound. Water hemlock (poisonous, p. 668).
or
Leaflets ovate with broad, untoothed bases; stems usually unbranched, leaf sheaths not
clasping branches if present; larger umbels thrice compound.
2. American lovage
or
Resilets typically or frequently lobed.
Lobes and teeth rounded with the tip indented; veinlets flat above.
13. Red columbine
Lobes and teeth pointed with a projecting claw; veinlets depressed above.
3. Javan water cetery
Bracts beneath the umbellet far exceeding the rays.
Bracts beneath the umbellet shorter than or roughly equal to the rays.
4. Sea lovage
Leaflet margins not toothed in the proximal third.
5. Seaside angelica
Leaflet margins toothed very close to the base.
Leaflets with hairs on one or both sides. (Check underside and veins carefully.)
Main stem hairless (there may be hairs on stems in the inflorescence).
Petioles commonly more than 0.5"" (13 mm) thick.
6. Purple angelica
Blooming in late spring: umbels spherical or hemispherical.
7. Mountain angelica
or
Blooming in late summer; umbels flat-topped.
Petioles less than 0.2"" (5 mm) thick.
11. Aniseroot
or
Fringe of long hairs present on sheaths and at nodes.
No fringe of hairs on sheaths or at nodes.
9. Goutweed
Margins double-toathed; 15 or fewer leaflets.
2. American lovage
Margins simple-toothed; large leaves with 22+ leaflets.
Main stem with hairs (may be hairless at the base).
short; major vains on leaflets flat or faintly raised above.
10. Prairie parsnip
Leaflets very lobed, deeply incised; basal leaves held close to the ground.
8. Hairy angelica
or
Leaflets toothed but not labed; basal leaves held well off the ground.
Stem maroon and faintly to moderately hairy: anise-scanted.
long: major veins on leaflets depressed above.
11. Aniseroot
12. Sweet cicely
Stem green and very hairy, lacking anise scent.
439
10h BASALI-COMPOUNDWITH LEAVES ALT LEAFLETS GROUP 27 BASAL LEAVES PRESENT, LEAVES ALTERNATE, MULTI-COMPOUND WITH DISTINCT LEAFLETS All of the but carrot one of family the plants in this group belong to the carrot family, units (mericarps) upon have fruits called schizocarps that dry out and Apiaceae. split Members water hemlock Cicuta maturity. Probably the most toxic plant in into two seed this reason, some of the maculata-is a carrot family member that will our key region, to this common For and should be used plants in group 27 are considered highly difficult identify group. their identification only by well-seasoned foragers who are highly to in columbine skills. However, there are other plants in this confident and yellow pimpernel, that cannot be confused with water group, hemlock such as anyone from applying reasonable attention to details. It would be a shame to shy by everything in the carrot family because a few members are very poisonous. away Prairie parsnip and the members of the genus Osmorhiza have leaflets that deeply cut, and some might reasonably key them into group 28-but they are on are the fence, and I had to put them somewhere. Note that all of the species which normally have unlobed leaflets will occasionally have a leaflet that is incompletely separated, resulting in an oddly-lobed ea². In the key I ignore this aberrant minority and focus on the shape of typical leaflets even though abnormal leaf ets are to be expected. Two species are placed twice in the key because the hairiness of their parts is variable. TENTATIVE IDENTIFICATION KEY TO GROUP 27 The key is not your final answer! Leaflets hairless on both sides. Leaffet margies entire. 1. Yellow pimpernel or : Leaffet margins regularly toothed but usually not lobed. Leaflets narrowly lanceolate, toothed near the base; stems usually branched with leaf sheaths clasping the larger branches; umbels twice compound. Water hemlock (poisonous, p. 668). or Leaflets ovate with broad, untoothed bases; stems usually unbranched, leaf sheaths not clasping branches if present; larger umbels thrice compound. 2. American lovage or Resilets typically or frequently lobed. Lobes and teeth rounded with the tip indented; veinlets flat above. 13. Red columbine Lobes and teeth pointed with a projecting claw; veinlets depressed above. 3. Javan water cetery Bracts beneath the umbellet far exceeding the rays. Bracts beneath the umbellet shorter than or roughly equal to the rays. 4. Sea lovage Leaflet margins not toothed in the proximal third. 5. Seaside angelica Leaflet margins toothed very close to the base. Leaflets with hairs on one or both sides. (Check underside and veins carefully.) Main stem hairless (there may be hairs on stems in the inflorescence). Petioles commonly more than 0.5"" (13 mm) thick. 6. Purple angelica Blooming in late spring: umbels spherical or hemispherical. 7. Mountain angelica or Blooming in late summer; umbels flat-topped. Petioles less than 0.2"" (5 mm) thick. 11. Aniseroot or Fringe of long hairs present on sheaths and at nodes. No fringe of hairs on sheaths or at nodes. 9. Goutweed Margins double-toathed; 15 or fewer leaflets. 2. American lovage Margins simple-toothed; large leaves with 22+ leaflets. Main stem with hairs (may be hairless at the base). short; major vains on leaflets flat or faintly raised above. 10. Prairie parsnip Leaflets very lobed, deeply incised; basal leaves held close to the ground. 8. Hairy angelica or Leaflets toothed but not labed; basal leaves held well off the ground. Stem maroon and faintly to moderately hairy: anise-scanted. long: major veins on leaflets depressed above. 11. Aniseroot 12. Sweet cicely Stem green and very hairy, lacking anise scent. 439 ",,False,"
    []"
0205_a.txt,"BASALI.COMPOUNESENT, DISTINCT
LEAVES ALTERNATE, LEAFLETS
2
3
3
Yellow pimpernel
Apiaceae
(Carrot
family)
","FOOD USE: The roots are mild, sweet, and pleasant, although rather tough and small; they should be left
to conserve the plants. The leaves and shoots have a strong but pleasant flavor much like cultivated lovage
or celery leaf. The flavor and texture are best in spring. Seeds make an excellent soup seasoning, like celery
seed. Conservation 3/2/1.
",True,"
    'roots','leaves','shoots','seeds'"
0205_b.txt,"Apiaceae (Carrot family)
2
American lovage
MULTI-COMPOUNDWITH LEAVES ALTERNAFLETS
Ligusticum canadense 2 Apiaceae 3 (Carrot 3 family)
",,False,"
    []"
0206_a.txt,"BASAL MULTI-COMPOUND WITH DISTINCT LEAFLETS
LEAVES PRESENT, LEAVES ALTERNATE,
3 American lovage (continued)
HABITAT: Thin-canopy hardwood forests and savannahs, especially over limestone soils in mountainous
hilly country. Native. A
FOOD 01 USE: The root has a strong but not overpowering flavor that is nice in soup. Young greens and stems
can be eaten raw or cooked. Conservation 3/2.
Technical descriptions in many floras incorrectly describe the inflorescence herb of this has plant, been probably a
COMMENTS: unusual. Although ignored in the wild food literature, this distinctive prized
because il and is so medicinal for ages, and the root is still collected commercially. There are many places named
for vegetable it (such as Jellico, Tennessee). Despite the name, it does not taste like lovage. AKA nondo, jellico, angelico.
442
BASAL MULTI-COMPOUND WITH DISTINCT LEAFLETS LEAVES PRESENT, LEAVES ALTERNATE, 3 American lovage (continued) HABITAT: Thin-canopy hardwood forests and savannahs, especially over limestone soils in mountainous hilly country. Native. A FOOD 01 USE: The root has a strong but not overpowering flavor that is nice in soup. Young greens and stems can be eaten raw or cooked. Conservation 3/2. Technical descriptions in many floras incorrectly describe the inflorescence herb of this has plant, been probably a COMMENTS: unusual. Although ignored in the wild food literature, this distinctive prized because il and is so medicinal for ages, and the root is still collected commercially. There are many places named for vegetable it (such as Jellico, Tennessee). Despite the name, it does not taste like lovage. AKA nondo, jellico, angelico. 442 ","FOOD 01 USE: The root has a strong but not overpowering flavor that is nice in soup. Young greens and stems
can be eaten raw or cooked. Conservation 3/2.
Technical descriptions in many floras incorrectly describe the inflorescence herb of this has plant, been probably a
",True,"
    'root','Young greens','Young stems'"
0206_b.txt,"MULTI-COMPOUNDWITH LEAVES ALTERNATE,
DISTINCT LEAFLETS
3 Javan water celery
2
3
Oenanthe javanica
Apiaceae
(Carrot
family)
","FOOD USE: Young shoots
and leaves and can be used
like tender celery, all grow
mg season but especially ID
spring and early summer
"" ontinued on the next
page.)
MULTI-COMPOUNDWITH LEAVES ALTERNATE, DISTINCT LEAFLETS 3 Javan water celery 2 3 Oenanthe javanica Apiaceae (Carrot family) QUICK CHECK: Mat-forming plant with once and twice compound knee-high stems with compound umbels of white flowers. ID difficulty 3+. DESCRIPTION: Perennial from a fibrous root system, spreading by rhizomes/stolons and rooting at nodes to form mats, all parts hairless. Rhizomes 3 mm thick. red to white, semi- hollow, the thin skin containing usually 4 separate vascular bundles surrounded by air space Basal leaves in rosettes, 3-8"" (8-20 cm) long (including the petiole), pinnately once or twice compound with 5-23 leaflets, withering by blooming on flowering stalks. Leaflets 0.4-0.8"" Rapidly expending (1-2 cm) long, blunt and roughly ovate, the smallest leaflets appearing palmately veined, the base broadly angled and often inequilateral; sessile or with very short petiolules; the terminal leaflet long-stalked or sessile Surface hairless, glossy below. Margins often purple, with a few large, blunt. nipple-tipped teeth. Major veins are depressed above and flat to faintly depressed below, running to tooth tips. Petioles green, hollow. thin Nith several small ridges, the top with a hairline groove, the lower third with a wide, often reddish sheath. Rachis hollow, more strongly grooved than the petiole. Stems 10-40"" (25-102 tall and 5-11 thick, juic / eside jointed, purple and nearly solid at the base but green above and developing a small, non-round, low. Cross section is angled, often almost diamond-shaped; increasingly 50 toward the top, with the uppermosi angles becoming sharp and winged. The surface is hairless with fine vertical lines. branched, erect to learning or decumbent. Stem leaves alternate, on long internodes, twice pinnately compound, the rachis branches most with 3-5 leaflets per branch, the blade 8-12"" (20-30 cm) long with a total of 20-40 leaflets. Leaflets "" stem leaves are 1-2"" (2.5-5 cm) long, ovate to lanceolate, pointed, coarsely toothed and occasionally oned the teeth sharp, the veins more depressed-otherwise similar to basal. Petioles of stem leaves with rar sheaths, often long and nearly vertical, the walls thin and sharply angled (especially on uppermost leaves, me hollow also not centered. Rachises of upper leaves are flattened with sharp, clear-winged edges, a ridge below. the and narrow groove above. Inflorescence flat-topped compound umbels 1.5-2.5"" (3.8-6.4 across wide of with end a of ridged peduncle, the ridges sharp-winged, bearing 8-14 crowded umbellets, each 10-13 mm several long, flowers. a Rays are 0.7-1.5"" (18-64 mm) long, distinctly ridged or angled. There is a whor! usually of 12-22 bracts beneath each umbellet, often surpassing the outer flowers; there with are white no petals or linear, green umbel, but occasionally 1-2 are present. Flowers 2-3 mm across, 5 and like. beneath equal the great size, the tips folded in toward the center, and 5 stamens. The calyx wings. is light green cup roughly Fruit slightly compressed, broadly elliptic, hairless, ribbed, the ribs with corky CONFUSING PLANTS: Springwater parsnip (p. 210) has once-compound leaves with the veins not Je pressed. Water new (deadly noisonous, P. 008) is much larger with narrow er leaflets and round stems with a round hollow: it lacks rhizomes (among many oth- et differences). HABITAT: Rich, mucky soll near streams, rivers, ponds, and lakes, usually in shade Introduced. FOOD USE: Young shoots and leaves and can be used like tender celery, all grow mg season but especially ID spring and early summer "" ontinued on the next page.) ",True,"
    'shoots','leaves'"
0207_a.txt,"BASAL MULTI-COMPOUND LEAVES WITH DISTINCT
PRESENT, LEAVES ALTERNATE, LEAFLETS
3 Javan water celery (continued)
and
there
are
some
named
cultivars. COMMENTS: Because This it plant is introduced is widely and cultivated easily overlooked, as a vegetable this It species and is not an in ornamental, is most far more floras common and is than included official in records no field
guides. indicate. Expect it to spread and be added to more invasive
plant lists. Do not transplant it or spread the seeds. Interest-
ingly, some other members of this genus are extremely poi-
sonous-Oenanthe crocata, for example, is perhaps the most
feared wild plant in Europe. Because of the loose resemblance
to our native water hemlocks, proceed with due caution.
Spring basal leaves.
Sea lovage
2
2
2
Ligusticum scoticum Apiaceae (Carrot family)
",,False,"
    []"
0207_b.txt,"(continued)
BASAL LEAVES PRESENT, LEAVES ALTERNATE,
MULTI-COMPOUND WITH DISTINCT LEAFLETS
(ine ridges, often purple striped. Branches are few, strongly ascending to nearly vertic al. Stem leaves
with a short sheath at the base, often clasping a branch, the petiole often purple striped Upper stem alternate leaves
divide immediately beyond the sheath. Inflorescence compound umbels 2 2 6"" (5-7 (m) do ross, Hat. topped
or slightly convex in flower (may be slightly concave in fruit), on a long, thick peduncle above the leaves, each
with 14-26 rays 1-2"" (2.5-5 cm) long. The umbellets are crowded and touching, as are the flowers within them
1
der each umbellet is a whorl of linear bracts, which wither at flowering. Flowers 6-7 mm across withs white
petals of uniform size, hooked inward so strongly the tips often touch the petal near the base. Anthers are
purple at the tips of spreading filaments. Fruit a slightly flattened schizocarp with prominent ridges.
HABITAT: Rocky seashores and occasionally high spots in salt marshes. Native.
FOOD USE: The roots can be used as a parsnip-like vegetable, especially when tops are dormant. Gather
young, tender stems and greens in spring and early summer and use like celery in soups, casseroles, etc.
The leaves can be dried and used as a seasoning much like cultivated parsley or lovage. Conservation 3/2.
COMMENTS: This herb has excellent flavor, but it doesn't taste
like lovage. It's more like a strong, lemony celery. Those who live
near its haunts should check it out, AKA Scotch lovage.
patiets
(continued) BASAL LEAVES PRESENT, LEAVES ALTERNATE, MULTI-COMPOUND WITH DISTINCT LEAFLETS (ine ridges, often purple striped. Branches are few, strongly ascending to nearly vertic al. Stem leaves with a short sheath at the base, often clasping a branch, the petiole often purple striped Upper stem alternate leaves divide immediately beyond the sheath. Inflorescence compound umbels 2 2 6"" (5-7 (m) do ross, Hat. topped or slightly convex in flower (may be slightly concave in fruit), on a long, thick peduncle above the leaves, each with 14-26 rays 1-2"" (2.5-5 cm) long. The umbellets are crowded and touching, as are the flowers within them 1 der each umbellet is a whorl of linear bracts, which wither at flowering. Flowers 6-7 mm across withs white petals of uniform size, hooked inward so strongly the tips often touch the petal near the base. Anthers are purple at the tips of spreading filaments. Fruit a slightly flattened schizocarp with prominent ridges. HABITAT: Rocky seashores and occasionally high spots in salt marshes. Native. FOOD USE: The roots can be used as a parsnip-like vegetable, especially when tops are dormant. Gather young, tender stems and greens in spring and early summer and use like celery in soups, casseroles, etc. The leaves can be dried and used as a seasoning much like cultivated parsley or lovage. Conservation 3/2. COMMENTS: This herb has excellent flavor, but it doesn't taste like lovage. It's more like a strong, lemony celery. Those who live near its haunts should check it out, AKA Scotch lovage. patiets ","FOOD USE: The roots can be used as a parsnip-like vegetable, especially when tops are dormant. Gather
young, tender stems and greens in spring and early summer and use like celery in soups, casseroles, etc.
The leaves can be dried and used as a seasoning much like cultivated parsley or lovage. Conservation 3/2.
",True,"
    'roots','young stems and greens','leaves'"
0208_a.txt,"LEAVES PRESENT, LEAVES ALTERNATE, LEAFLETS
MULTI-COMPOUND BASAL WITH DISTINCT
Seaside angelica
2
1
1
5
Angelica lucida Apiaceae (Carrot family)
herb with ground-hugging basal leaves difficulty 3-4 times 3. compound,
","FOOD USE: Young leaves and petioles can be used
like celery, but sparingly. Shoots are peeled and eaten.
Seeds can be used as a seasoning.
",True," ['Young leaves', 'petioles', 'shoots', 'seeds']"
0208_b.txt,"0
1cm
BASALI-COMPOUNDWITH
6
Purple angelica
LEAVES ALT LEAFLETS
2
1
Angelica atropurpurea Apiaceae (Carrot family)
",,False,"
    []"
0209_a.txt,"BASAL LEAVES PRESENT, LEAVES ALTERNATE,
MULTI-COMPOUND WITH DISTINCT LEAFLETS
Purple angelica (continued)
FOOD USE: Angelica has a very strong soapy flavor and will numb your tongue, especially if eaten raw. For th
reason it IS typically used in moderation. more as a seasoning than a vegetable. However, the heart in sprin
pale and wrapped in sheaths when 4-9"" (10-23 cm) tall, is not 50 soapy and can be used in soups or casserol
like celery. Young stalks and petioles are strong but can be used as a flavoring and have been traditional
candied. Seeds have also
been used as a seasoning.
Conservation 2/1.
WARNING: The juice is
phototoxic to the skin (see
p. 23),
COMMENTS: My friends at
Prairie Moon Nursery aptly
call them ""stately sentinels
along stream beds."" Purple
angelica is similar to the
European Angelica archan-
gelica, for which there is a
rich tradition of medicinal
and culinary use. In Scandi-
navia, cultivars with milder
flavor and solid stalks have
been bred.
BASAL LEAVES PRESENT, LEAVES ALTERNATE, MULTI-COMPOUND WITH DISTINCT LEAFLETS Purple angelica (continued) FOOD USE: Angelica has a very strong soapy flavor and will numb your tongue, especially if eaten raw. For th reason it IS typically used in moderation. more as a seasoning than a vegetable. However, the heart in sprin pale and wrapped in sheaths when 4-9"" (10-23 cm) tall, is not 50 soapy and can be used in soups or casserol like celery. Young stalks and petioles are strong but can be used as a flavoring and have been traditional candied. Seeds have also been used as a seasoning. Conservation 2/1. WARNING: The juice is phototoxic to the skin (see p. 23), COMMENTS: My friends at Prairie Moon Nursery aptly call them ""stately sentinels along stream beds."" Purple angelica is similar to the European Angelica archan- gelica, for which there is a rich tradition of medicinal and culinary use. In Scandi- navia, cultivars with milder flavor and solid stalks have been bred. ","FOOD USE: Angelica has a very strong soapy flavor and will numb your tongue, especially if eaten raw. For th
reason it IS typically used in moderation. more as a seasoning than a vegetable. However, the heart in sprin
pale and wrapped in sheaths when 4-9"" (10-23 cm) tall, is not 50 soapy and can be used in soups or casserol
like celery. Young stalks and petioles are strong but can be used as a flavoring and have been traditional
candied. Seeds have also
been used as a seasoning.
Conservation 2/1.
",True,"
    'hearts','stalks','petioles','seeds'"
0209_b.txt,"1cm
BASAL-COMPOUNDWITH
LEAVES ALTERNAFLETS
7
Mountain angelica
2
Angelica
2
triquinata
Apiaceae
(Carrot
family)
MICK rple, with CHECK: Large herb with thick stems and large hasat
bloom; umbels flat-topped, blooming in late summer leaves, ID difficulty
",,False,"
    []"
0210_a.txt,"BASAL MULTI-COMPOUND LEAVES PRESENT, WITH LEAVES DISTINCT LEAFLETS
Mountain angelica (continued)
i
leaves can be used as a vegetable be raw used or
FOOD cooked. USE: as can Tender peeled young petioles and stems. The seeds can
a seasoning. Conservation 2/1.
WARNING: as Juic is probably phototoxic to the skin (see p. 23).
This species is much milder tasting than purple it is the or
COMMENTS: angelica. For use as a celery-like soup vegetable angelica,
best seacoast of the angelicas in our region. AKA Appalachian
filmy angelica.
(top) Mature fruits.
(bottom) Early spring leaf.
Hairy angelica
2
2
Angelica venenosa Apiaceae (Carrot family)
","FOOD cooked. USE: as can Tender peeled young petioles and stems. The seeds can
a seasoning. Conservation 2/1.
",True,"
    'petioles','stems','seeds'"
0210_b.txt,"0
1cm
BASAL-COMPOUNDESENTH LEAVES ALTERNATE,
DISTINCT LEAFLETS
spaced, only a pinhole alternate, hollow, progressively reaching 28-40"" smaller (70-102 on cm) in height and 12 mm thick Stem leaves form and
umbellets not touching a nearly flat in bloom. compound umbel to 4.5"" (11 cm) wide with 18-30 channeled. thick stiff, and brittle
Inflorescence shorter petioles, the sheaths enlarged. motely
primary umbel lacks Rays of the umbellet are very short- flowers and fruit harry. primary rays'
l'owers (early to late bracts; umbellets have 5-6 pointed, linear bracts on the outer side only. oustered both crowded like The
summer) tiny, with petals nearly invisible Fruits multi-ridged. plumo. hairy schizocaros fingers.
CONFUSING PLANTS: Water hemlock (p. 668) grows in very different habitat;
it has depressed veins, pointed leaflets, and hairless stems.
Upper stem and leaf
HABITAT: Dry, open woodlands and forest margins, especially where the soil is
sandy or thin; associated with oaks, pines, black cherry, and sassafras. Native. H
FOOD USE: Young, tender leaves in spring can be used like parsley. Tender
shoots before blooming (often drooping) can be used as a cooked vegetable-
but the flower buds are strongly flavored and I avoid them. Conservation 2.
COMMENTS: Despite the Linnaean name I have seen no evidence that this
species is toxic. I have eaten it several times and have received reliable reports
from other people who have eaten it, none with any ill effect. In fact, it is much
milder than purple angelica, and I think the greens are far better. Some sources
report that the root is the toxic part; I do not eat, nor recommend eating, the
roots of any angelica. AKA woodland angelica.
shout
451
0 1cm BASAL-COMPOUNDESENTH LEAVES ALTERNATE, DISTINCT LEAFLETS spaced, only a pinhole alternate, hollow, progressively reaching 28-40"" smaller (70-102 on cm) in height and 12 mm thick Stem leaves form and umbellets not touching a nearly flat in bloom. compound umbel to 4.5"" (11 cm) wide with 18-30 channeled. thick stiff, and brittle Inflorescence shorter petioles, the sheaths enlarged. motely primary umbel lacks Rays of the umbellet are very short- flowers and fruit harry. primary rays' l'owers (early to late bracts; umbellets have 5-6 pointed, linear bracts on the outer side only. oustered both crowded like The summer) tiny, with petals nearly invisible Fruits multi-ridged. plumo. hairy schizocaros fingers. CONFUSING PLANTS: Water hemlock (p. 668) grows in very different habitat; it has depressed veins, pointed leaflets, and hairless stems. Upper stem and leaf HABITAT: Dry, open woodlands and forest margins, especially where the soil is sandy or thin; associated with oaks, pines, black cherry, and sassafras. Native. H FOOD USE: Young, tender leaves in spring can be used like parsley. Tender shoots before blooming (often drooping) can be used as a cooked vegetable- but the flower buds are strongly flavored and I avoid them. Conservation 2. COMMENTS: Despite the Linnaean name I have seen no evidence that this species is toxic. I have eaten it several times and have received reliable reports from other people who have eaten it, none with any ill effect. In fact, it is much milder than purple angelica, and I think the greens are far better. Some sources report that the root is the toxic part; I do not eat, nor recommend eating, the roots of any angelica. AKA woodland angelica. shout 451 ","FOOD USE: Young, tender leaves in spring can be used like parsley. Tender
shoots before blooming (often drooping) can be used as a cooked vegetable-
but the flower buds are strongly flavored and I avoid them. Conservation 2.
",True, 'Young leaves'
0211_a.txt,"BASAL MULTI-COMPOUND LEAVES PRESENT, WITH LEAVES DISTINCT LEAFLETS
Aegopodium Goutweed podagraria 2 3 Apiaceae 2 (Carrot hairless family) above,
ovate,
","FOOD USE: Collect young leaves at any time, but mostly in spring. Use as a vegetable raw or cooked; they are
mild with a hint of celery or parsley. They can be simmered like nettles or honewort (or with them) to make
a nice vegetable soup base. The shoots and petioles are pleasant raw or cooked.
",True,"
    'young leaves','shoots','petioles'"
0211_b.txt,"(Carrot
LEAVES ALT LEAFLETS
10 Prairie parsnip
1
2
Polytaenia
nuttallii/texanum
Apiaceae
(Carrot
family)
","FOOD USE: The roots are large and parsnip-like but rather fibrous and strong-flavored, although sliced thin
they work in a stew. Peeled shoots are tender and have good flavor. The leaves are tough and lame. Seeds can
be used as a seasoning. Conservation 3/2/1.
",True," ['roots','peeled shoots','seeds']"
0212_a.txt,"BASALI-COMPOUND WITH LEAVES DISTINCT LEAFLETS
W
IWE-363
11
Aniseroot Osmorhiza longistylis 2 3 Apiaceae 2 (Carrot family).
",,False,"
    []"
0212_b.txt,"LEAFLEAFLETS
(Carrot fam
MULTI-COMPOUNDWITH LEAVES
DISTINCT ALTERNATE, LEAFLETS
FOOD tender. USE: The best Roots part are is small the shoot but highly flavored and make a pleasant aibble All aerial
soups. can eaten throughout the growing season. Conservation as a sweet. 3/2,
Leaves be in mid spring; it can be eaten raw refresh parts ng are edible Or added when
COMMENTS: They often I hate black licorice, but 1 love aniseroot stalks; they are one of my favor
especially grow luxuriantly along with wood nettle, mitsuba, cleavers. and waterleafsir to rich spring vegetables CA
common species scattered across the northern Great Lakes region and northern Appalachians. a
thriving under black walnut. AKA sweetroot. Osmorhiza chilensis (berteroi) is smaller wooded and valleys. less
Related Edibles:
12 Sweet Cicely
Osmorhiza claytonii
IWE-363
Very similar to aniseroot and many people lump the two together, but sweet cicely is
almost uniformly light green and much hairier. The lower stems may be hairy or nearly
hairless; upper stems and petioles are uniformly and densely covered with long, straight,
erect, whitish hairs. The leaflets are narrower and more crowded, with the margins deeply
pinnately incised into many small lobes with little to no space between them. The teeth are
rounded, but the leaf divisions are more pointed and long-tapered. Sweet cicely inhabits
most of the same hardwood forests as aniseroot, but also does well in some sandier soils
where the latter is absent. Its stems are sweet but lack the anise flavor.
455
LEAFLEAFLETS (Carrot fam MULTI-COMPOUNDWITH LEAVES DISTINCT ALTERNATE, LEAFLETS FOOD tender. USE: The best Roots part are is small the shoot but highly flavored and make a pleasant aibble All aerial soups. can eaten throughout the growing season. Conservation as a sweet. 3/2, Leaves be in mid spring; it can be eaten raw refresh parts ng are edible Or added when COMMENTS: They often I hate black licorice, but 1 love aniseroot stalks; they are one of my favor especially grow luxuriantly along with wood nettle, mitsuba, cleavers. and waterleafsir to rich spring vegetables CA common species scattered across the northern Great Lakes region and northern Appalachians. a thriving under black walnut. AKA sweetroot. Osmorhiza chilensis (berteroi) is smaller wooded and valleys. less Related Edibles: 12 Sweet Cicely Osmorhiza claytonii IWE-363 Very similar to aniseroot and many people lump the two together, but sweet cicely is almost uniformly light green and much hairier. The lower stems may be hairy or nearly hairless; upper stems and petioles are uniformly and densely covered with long, straight, erect, whitish hairs. The leaflets are narrower and more crowded, with the margins deeply pinnately incised into many small lobes with little to no space between them. The teeth are rounded, but the leaf divisions are more pointed and long-tapered. Sweet cicely inhabits most of the same hardwood forests as aniseroot, but also does well in some sandier soils where the latter is absent. Its stems are sweet but lack the anise flavor. 455 ","FOOD tender. USE: The best Roots part are is small the shoot but highly flavored and make a pleasant aibble All aerial
soups. can eaten throughout the growing season. Conservation as a sweet. 3/2,
Leaves be in mid spring; it can be eaten raw refresh parts ng are edible Or added when
",True,"
    'roots','shoots','leaves'"
0213_a.txt,"MULTI-COMPOUND WITH DISTINCT LEAFLÉTS
BASAL LEAVES PRESENT, LEAVES ALTERNATE,
13 Red columbine
3
Aquilegia canadensis
Ranunculaceae (Buttercup family)
","FOOD USE: The flowers are a deli-
clous snack or garnish enjoyed by
many. Some people bite off just the
hungrier people like me eat the
5 nectaries at the end of the spurs, but
reported as toxic. Conservation 1.
flower. Other parts of the plant entire are
perennial, flowers find
",True,"
    'flowers'"
0213_b.txt,"tm
BASAL LEAVES PRESENT, LEAVES ALTERNATE,
MULTI-COMPOUND, FERN-LIKE OR LACY
GROUP 28 BASAL LEAVES PRESENT, LEAVES ALTERNATE,
MULTI-COMPOUND, FERN-LIKE OR LACY
Most of the plants in this group belong to the carrot family (Apiaceae) This family also
includes some very poisonous species that will key to group 28-paison
and bulblet water hemlock. Pay special attention to your identification.
Group 28 includes some culturally important root vegetables as well as flavorings,
teas, leafy greens, and shoots. These plants are mostly spring ephemerals or they are
adapted to open, sunny habitats. Since the difference between groups 27 and 28 is
a judgment call, and plant form varies between individuals, you might want to check
group 27 if your plant is not found here.
TENTATIVE IDENTIFICATION KEY TO GROUP 28
The key is not your final answer!
and rachises hairless.
leaves divide immediately at the base.
1. Pineapple weed
leaves have a naked petiole section before the first division.
Petioles of typical lower leaves (the tiniest may differ) hollow with no channel on top.
Petiole hollow proportionately small; stem solid; leaf divisions thread-like.
2. Fennel
Petiole and stem thin-walled with a large hollow, purple spots, and thick bloom;
leaf divisions regularly pinnately toothed or lobed. Poison hemlock (poisonous, p. 671).
or
Aquatic; petiole and stem thin-walled, hollow; bloom faint; leaf divisions not regularly
toothed or lobed; upper leaf axils with bulblets. Bulblet water hemlock (poisonous, p. 670).
3. Hemlock parsley
Petioles of typical lower leaves hollow with a channel on top.
or
4. Caraway
Petioles of lower leaves solid, ribbon-like becoming broadly V-channeled.
or
Petioles of lower leaves solid or with a tiny hollow, channeled on top.
5. Eastern yampa
Basal leaves usually 3; stalks 3-5' (1-1.5 m), blooming in summer.
6. Harbinger of spring
Basal leaves 1 or 2, stalks <8"" (20 cm), blooming in spring.
and rachises with only minute woolly to scurfy hairs.
7. Broad-leaf musineon
Leaves glossy.
Leaves dull to grayish, not glossy.
8. White prairie biscuitroot
Stems leaning or spreading, 1-5"" (2.5-13 cm) long.
Stems erect, 1-4' (30-120 cm) tall.
14. Western tansy mustard
Pods shorter and much thicker than the pedicels, the tip slightly thickened.
15. European tansy mustard
Pods longer than and only slightly thicker than the pedicels; thickness hairs. uniform.
and rachises with relatively straight, typical, visible, erect to appressed
en lower stem distinctly pressed downward.
9. Cow parsley
Mid-stem thick-walled hollow, with 12-20 flat-topped ridges.
10. Erect hedge parsley
or
Mid-stem solid with fine ridges.
Stem hairs very more smooth, or less nearly erect (right hairless angle or with to the soft surface). hairs. Aniseroot and sweet cicely (group 27).
Stem finely ridged and/or with stiff hairs.
16. Alfilaria
Flowers very pink-purple; fruit needle-like, pointing vertically.
Flowers white: fruit variably shaped schizocarps.
11. Wild carrot
m) tall; stalked compound umbels with 30-90 rays (spring). (summer).
3-6' Less (1-2 (1 m) tall; tiny umbels of less than 10 flowers of 3-5.
12. Southern chervil
than 3' (45-75 cm) tall: umbels compound or in clumps single.
13. Spreading chervil
18-30"" 4-16"" (10-40 cm) tall; umbels mostly simple and
457
tm BASAL LEAVES PRESENT, LEAVES ALTERNATE, MULTI-COMPOUND, FERN-LIKE OR LACY GROUP 28 BASAL LEAVES PRESENT, LEAVES ALTERNATE, MULTI-COMPOUND, FERN-LIKE OR LACY Most of the plants in this group belong to the carrot family (Apiaceae) This family also includes some very poisonous species that will key to group 28-paison and bulblet water hemlock. Pay special attention to your identification. Group 28 includes some culturally important root vegetables as well as flavorings, teas, leafy greens, and shoots. These plants are mostly spring ephemerals or they are adapted to open, sunny habitats. Since the difference between groups 27 and 28 is a judgment call, and plant form varies between individuals, you might want to check group 27 if your plant is not found here. TENTATIVE IDENTIFICATION KEY TO GROUP 28 The key is not your final answer! and rachises hairless. leaves divide immediately at the base. 1. Pineapple weed leaves have a naked petiole section before the first division. Petioles of typical lower leaves (the tiniest may differ) hollow with no channel on top. Petiole hollow proportionately small; stem solid; leaf divisions thread-like. 2. Fennel Petiole and stem thin-walled with a large hollow, purple spots, and thick bloom; leaf divisions regularly pinnately toothed or lobed. Poison hemlock (poisonous, p. 671). or Aquatic; petiole and stem thin-walled, hollow; bloom faint; leaf divisions not regularly toothed or lobed; upper leaf axils with bulblets. Bulblet water hemlock (poisonous, p. 670). 3. Hemlock parsley Petioles of typical lower leaves hollow with a channel on top. or 4. Caraway Petioles of lower leaves solid, ribbon-like becoming broadly V-channeled. or Petioles of lower leaves solid or with a tiny hollow, channeled on top. 5. Eastern yampa Basal leaves usually 3; stalks 3-5' (1-1.5 m), blooming in summer. 6. Harbinger of spring Basal leaves 1 or 2, stalks <8"" (20 cm), blooming in spring. and rachises with only minute woolly to scurfy hairs. 7. Broad-leaf musineon Leaves glossy. Leaves dull to grayish, not glossy. 8. White prairie biscuitroot Stems leaning or spreading, 1-5"" (2.5-13 cm) long. Stems erect, 1-4' (30-120 cm) tall. 14. Western tansy mustard Pods shorter and much thicker than the pedicels, the tip slightly thickened. 15. European tansy mustard Pods longer than and only slightly thicker than the pedicels; thickness hairs. uniform. and rachises with relatively straight, typical, visible, erect to appressed en lower stem distinctly pressed downward. 9. Cow parsley Mid-stem thick-walled hollow, with 12-20 flat-topped ridges. 10. Erect hedge parsley or Mid-stem solid with fine ridges. Stem hairs very more smooth, or less nearly erect (right hairless angle or with to the soft surface). hairs. Aniseroot and sweet cicely (group 27). Stem finely ridged and/or with stiff hairs. 16. Alfilaria Flowers very pink-purple; fruit needle-like, pointing vertically. Flowers white: fruit variably shaped schizocarps. 11. Wild carrot m) tall; stalked compound umbels with 30-90 rays (spring). (summer). 3-6' Less (1-2 (1 m) tall; tiny umbels of less than 10 flowers of 3-5. 12. Southern chervil than 3' (45-75 cm) tall: umbels compound or in clumps single. 13. Spreading chervil 18-30"" 4-16"" (10-40 cm) tall; umbels mostly simple and 457 ",,False,"
    []"
0214_a.txt,"LEAVES PRESENT, LEAVES ALTERNATE, LACY
BASAL MULTI-COMPOUND, FERN-LIKE OR
1
Matricaria Pineapple matricarioides weed 1 Asteraceae (Aster family)
","FOOD USE: The young greens and flowerheads can
be eaten as a nibble or garnish, and can also be used
to steep a pleasant tea reminiscent of chamomile.
Primarily available from late spring through early
summer; sometimes found later, but usually dying
with dry weather.
",True,"
    'young greens','flowerheads'"
0214_b.txt,"mm
1cm
BASALLEAVES PRESENT,
1
Fennel
LEAVES ALTERNATAC
3
2
2
Foeniculum vulgare Apiaceae (Carrot IWE-113 family)
umbels UCK of CHECK: yellow flowers; Tall, smooth, aromatic. glaucous ID difficulty herb with 2. throad
","FOOD USE: All tender parts are edible. The peeled shoots are a first-rate vegetable raw or cooked
young leaves and flower buds are also good as a flavoring herb. The seeds can be gathered 'ate
season and used as a seasoning like commercial fennel seed. (Continued on the next page
mm 1cm BASALLEAVES PRESENT, 1 Fennel LEAVES ALTERNATAC 3 2 2 Foeniculum vulgare Apiaceae (Carrot IWE-113 family) umbels UCK of CHECK: yellow flowers; Tall, smooth, aromatic. glaucous ID difficulty herb with 2. throad DESCRIPTION: highly aromatic Perennial forming large, multi-crowned clumps, often ground-hugging with the on same scent as cultivated fennel. Basal leaves all parts hairless and and two-ranked. plants that lack stems, but on plants rasette-like and the ultimate divisions They wither by flowering. Larger leaves are 3-4 times with stems they are erect cluster has broad thread-like, not in plane, and folded or channeled. pinnately compound, this sheath a encircles sheath a cluster 3-10"" (8-25 cm) long, the edges overlapping, with In early a blunt spring 'he outer hollow but no channel; of inner leaves and stems, Petioles elliptic in cross section opturned with lobe a distinctly ridged after the they are deeper than wide, smooth but with many fine ridges. Rachis in Stem leaves first division; rachis branches are channeled. Branching begi the stems. Stems similar to basal leaves but smaller, with wide, clasping sheaths, often in much the rachis lighter 5 2 2 age), 4-7' (1.2-2.1 m) tall and 0.6-0.9"" (18-23 mm) thick, rigid, green when (dark in glaucous, solid when young but sometimes developing a small hollow, jointed. young roundish ridges. Branches in the upper half, these minor and strongly ascending-the form always talier Inflorescence flat-topped compound umbels with 24-38 primary rays, these not ridged. Grear 1.1 umbellets lack bracts. Umbellets are not touching (except those in the center), but the ""lowers - - tightly together. Flowers tiny with all parts yellow. The 5 petals do not touch and are curled inward: stamens extend well beyond them. Fruit a ribbed, elliptic schizocarp 2.5-3.5 rnm long. HABITAT: Disturbed, dry, rocky or gravelly ground, mostly roadsides and waste areas. Introduc à FOOD USE: All tender parts are edible. The peeled shoots are a first-rate vegetable raw or cooked young leaves and flower buds are also good as a flavoring herb. The seeds can be gathered 'ate season and used as a seasoning like commercial fennel seed. (Continued on the next page ",True,"
    'shoots','young leaves','flower buds','seeds'"
0215_a.txt,"LEAVES PRESENT, LEAVES ALTERNATE, LACY
BASAL MULTI-COMPOUND, FERN-LIKE OR
Fennel (continued)
This is the feral version of the domestic the tender vegetable. stalks Wild are fennel even better, lacks the and enlarged plenty large leaf sheaths enough
COMMENTS: for which the cultivated plant has been bred-but widespread near the Atlantic coast salted and grows and dipped sporadically in hickory inland, oil
to but make it is much good more use of prevalent your time. on Fennel the West is Coast. Finely sliced fennel stems
is a much-loved delicacy in our house.
Hemlock parsley
2
Conioselinum chinense Apiaceae (Carrot family)
",,False,"
    []"
0215_b.txt,"BASAL LEAVES PRESENT, LEAVES ALTERNATE,
MULTI-COMPOUND, FERN-LIKE OR LACY
fibrous FOOD USE: Roots (fall) anbe ised asacooked regetable
in but like a rross Deliveen a strong "" access apricalary Treyars
I flavor. Tender greens can also be used 75 a spasoning like 1001
have eaten both parts, but in limited amounts Conservation parsiel 3/2.
COMMENTS: This plant has two distinct growth forms ts different
habitats; you would hardly suspect they are the same Diant Coastal
plants are shorter, stouter, and leafer Inland populations are sparse
and rare and should generally not be gathered. Coasta plants are
robust and may be abundant; on the Pacific coast they were formerly
managed by Indigenous people as a root crop. Some potanists 33/ this
plant is found in eastern Asia. Others claim that despite the name
it is not found in China, and was named for Linnaeus misreading of
Genesee (New York) on a specimen label, and the plants found China
are just a close relative. In any case, it looks remarkably similarito
poison hemlock. This is the trickiest ""look-ahke""
Be darn sure and then some before you eat it!
Small root. Late the :p becare seashore. taking the photo
(top bottom right) right) In full sun on rocky
bottom left) Tall. lanky plan! of a shady mand Dug
461
BASAL LEAVES PRESENT, LEAVES ALTERNATE, MULTI-COMPOUND, FERN-LIKE OR LACY fibrous FOOD USE: Roots (fall) anbe ised asacooked regetable in but like a rross Deliveen a strong "" access apricalary Treyars I flavor. Tender greens can also be used 75 a spasoning like 1001 have eaten both parts, but in limited amounts Conservation parsiel 3/2. COMMENTS: This plant has two distinct growth forms ts different habitats; you would hardly suspect they are the same Diant Coastal plants are shorter, stouter, and leafer Inland populations are sparse and rare and should generally not be gathered. Coasta plants are robust and may be abundant; on the Pacific coast they were formerly managed by Indigenous people as a root crop. Some potanists 33/ this plant is found in eastern Asia. Others claim that despite the name it is not found in China, and was named for Linnaeus misreading of Genesee (New York) on a specimen label, and the plants found China are just a close relative. In any case, it looks remarkably similarito poison hemlock. This is the trickiest ""look-ahke"" Be darn sure and then some before you eat it! Small root. Late the :p becare seashore. taking the photo (top bottom right) right) In full sun on rocky bottom left) Tall. lanky plan! of a shady mand Dug 461 ","fibrous FOOD USE: Roots (fall) anbe ised asacooked regetable
in but like a rross Deliveen a strong "" access apricalary Treyars
I flavor. Tender greens can also be used 75 a spasoning like 1001
have eaten both parts, but in limited amounts Conservation parsiel 3/2.
",True,"1. 'roots'
    2. 'tender greens'"
0216_a.txt,"BASAL-LEAVESPRESENT.LLINE LEAVES OR LACY
IWE-84
3
2
4
Caraway carvi Apiaceae 2 (Carrot family)
Carum Hairless plant with finely-cut, multi-compound umbels. ID leaves difficulty with 3. linear lobes,
",,False,"
    []"
0216_b.txt,"-arrot
(family)
0
1cm
BASAL LEAVES PRESENT, LEAVES ALTERNATE,
MULTI-COMPOUND, FERN-LIKE OR LACY
HABITAT: Fields, pastures, and roadsides in full sun, with moist soil Introduced
may
FOOD USE: Dig roots during the dormant season (fall through spring), wash, and use like carrots or
Use tender spring shoots as a vegetable raw or cooken. and me partnips hopped
young leaves as an herb like parsley. Seeds can he gathered in mid
summer and used as a seasoning identic al to cultivated caraway seed
COMMENTS: Caraway resembles wild carrot but is snorter and hair
less. The root is generally larger than that of wild carrot at east
proportion to the size of the plant; it IS also more tender and has better
form. It makes a nice vegetable with a sweet, aromatic flavor although
there is a faint bitter aftertaste. Caraway likes cool climates: parts
of the northern US and much of Canada it is among the most common
them
roadside weeds. This plant is the same as the cultivated caraway: all
culinary uses besides the seeds have been nearly forgotten
-arrot (family) 0 1cm BASAL LEAVES PRESENT, LEAVES ALTERNATE, MULTI-COMPOUND, FERN-LIKE OR LACY HABITAT: Fields, pastures, and roadsides in full sun, with moist soil Introduced may FOOD USE: Dig roots during the dormant season (fall through spring), wash, and use like carrots or Use tender spring shoots as a vegetable raw or cooken. and me partnips hopped young leaves as an herb like parsley. Seeds can he gathered in mid summer and used as a seasoning identic al to cultivated caraway seed COMMENTS: Caraway resembles wild carrot but is snorter and hair less. The root is generally larger than that of wild carrot at east proportion to the size of the plant; it IS also more tender and has better form. It makes a nice vegetable with a sweet, aromatic flavor although there is a faint bitter aftertaste. Caraway likes cool climates: parts of the northern US and much of Canada it is among the most common them roadside weeds. This plant is the same as the cultivated caraway: all culinary uses besides the seeds have been nearly forgotten ","FOOD USE: Dig roots during the dormant season (fall through spring), wash, and use like carrots or
Use tender spring shoots as a vegetable raw or cooken. and me partnips hopped
young leaves as an herb like parsley. Seeds can he gathered in mid
summer and used as a seasoning identic al to cultivated caraway seed
",True," ['roots','spring shoots','seeds']"
0217_a.txt,"LEAVES PRESENT, LEAVES ALTERNATE, LACY
BASAL MULTI-COMPOUND, FERN-LIKE OR
3
Perideridia Eastern yampa americana 3 Apiaceae (Carrot family)
",,False,"
    []"
0217_b.txt,"mm
1cm
BASALLEAVI-COMPOUND,
without
linear
lobes,
and
LEAVES LIKE OR LACY
coating hemlock are of (p. white 668) bloom, can have and the similar the lobes underground tubers, or teeth are portion sharp is tipped a large The taproot stem is purple spotted
670) very is different. aquatic, Yampa is usually wilting but and water dead hemlock tubers have Small roots sper iment leaves
has toothed leaves, and bulblets in upper before leaf water hemlock blooms voon So 'nem and the
HABITAT: drained calcium-rich Open woodlands, soils. Native. blufftops, prairies, glades, forest axils; edges, its meadows, roots are enlarged roadsides: but in -779 rich no where
FOOD holes, Because and USE: the plant From is early killed summer by harvest, to autumn always the scatter roots can be gathered and used as a cooked 001 well.
tender. Conservation replant any 3/2. small rootlets. Young greens in seeds spring from taste nearby remarkably mature like plants parsiey on the but exc vegetable are avation Joer
COMMENTS: This obscure edible is a gairdneri relative of the better known and more common
plant of the Rocky Mountains. A lover of the best yampa farm Perideridia
in has been eliminated from most of its range by agriculture 30% this
many areas is rare and protected; harvest is only responsible when and
you is are propagating and managing it. This superb native food plant
worthy of broad use as an edible ground cover in yards orchards
and nut groves. AKA thicket parsley.
mm 1cm BASALLEAVI-COMPOUND, without linear lobes, and LEAVES LIKE OR LACY coating hemlock are of (p. white 668) bloom, can have and the similar the lobes underground tubers, or teeth are portion sharp is tipped a large The taproot stem is purple spotted 670) very is different. aquatic, Yampa is usually wilting but and water dead hemlock tubers have Small roots sper iment leaves has toothed leaves, and bulblets in upper before leaf water hemlock blooms voon So 'nem and the HABITAT: drained calcium-rich Open woodlands, soils. Native. blufftops, prairies, glades, forest axils; edges, its meadows, roots are enlarged roadsides: but in -779 rich no where FOOD holes, Because and USE: the plant From is early killed summer by harvest, to autumn always the scatter roots can be gathered and used as a cooked 001 well. tender. Conservation replant any 3/2. small rootlets. Young greens in seeds spring from taste nearby remarkably mature like plants parsiey on the but exc vegetable are avation Joer COMMENTS: This obscure edible is a gairdneri relative of the better known and more common plant of the Rocky Mountains. A lover of the best yampa farm Perideridia in has been eliminated from most of its range by agriculture 30% this many areas is rare and protected; harvest is only responsible when and you is are propagating and managing it. This superb native food plant worthy of broad use as an edible ground cover in yards orchards and nut groves. AKA thicket parsley. ","FOOD holes, Because and USE: the plant From is early killed summer by harvest, to autumn always the scatter roots can be gathered and used as a cooked 001 well.
tender. Conservation replant any 3/2. small rootlets. Young greens in seeds spring from taste nearby remarkably mature like plants parsiey on the but exc vegetable are avation Joer
",True,"
    'roots','seeds','Young greens'"
0218_a.txt,"LEAVES PRESENT, LEAVES ALTERNATE, LACY
MULTI-COMPOUND, BASAL FERN-LIKE OR
Harbinger Erigenia bulbosa Apiaceae (Carrot family)
of spring
3
2
","FOOD USE: The rounded, enlarged root tastes
like carrot or parsnip. Usually close to the surface,
it can be eaten at any time but is easiest to find
in spring when the plant is up. The greens have
a pleasant parsley-like flavor. Conservation 3/2.
",True,"
    'root','greens'"
0218_b.txt,"BASALLEAVI-COMPOUND,
7 Broad-leaf musineon
LEAVES LIKE OR LACY
Musineon divaricatum Apiaceae 1 (Carrot family)
","FOOD USE: Roots are edible
cooked but are on the tough side.
The leaves can be used as an herb.
Conservation 3/1.
",True,"
    'roots','leaves'"
0219_a.txt,"MASAL-COMPOUNDSENT,LEAVES
OR ALTERNATE, LACY
8 White prairie orientale biscuitroot Apiaceae (Carrot - family)
2
2
Lomatium CHECK: Low carroty plant made flowers gray with from dark fine maroon white hairs; centers. leaves ID crowded difficulty on 2.
","FOOD USE: Although the roots are rather small and hard to dig, they are starchy and have good flavor.
Greens make a good parsley/lovage
type herb. Conservation 3/2.
",True,"
    'roots'"
0219_b.txt,")
1cm
BASAL LEAVES PRESENT, LEAVES
MULTI-COMPOUND, FERN-LIKE ALTERNATE, OR LACY
9
Cow parsley
1
2
Anthriscus
sylvestris
Apiaceae
(Carrot
family)
umbels; UICK CHECK: stem Chest-high with carrot-like leaves and tiny white Howers 110
ridged and hairy at the base. ID difficulty 3.
",,False,"
    []"
0220_a.txt,"MULTI-COMPOUND, BASAL LEAVES FERN-LIKE OR LACY
Fruit hairless Cow parsley (except very and (continued) minutely narrowed on the to beaks), a double held beak-like vertical, tip. looking After dying like 2 tubes and drying fused they on the turn long blackish edge,
CONFUSING and slightly the wider 2 halves PLANTS: at hang the base together Wild carrot loosely smaller. has by Poison larger, the tip. more hemlock crowded (p. 671) compound has leaves umbels of similar subtended shape but by many is hairless long
with bracts, a smooth, and the hollow leaves stem are much coated in bloom, woods, and forest is much edges. taller. An invasive from Europe abundant. that is spreading I rapidly
HABITAT: Roadsides, this pastures, has a disjunct open and spotty distribution but is locally very
in some USE: areas, Roots plant are remotely carroty but the flavor is greens very strong in spring and can they be are used tough-not as an herb recommended. in soups, cas-
FOOD If you eat them do one it would sparingly use parsley. and well-cooked. Shoots can Tender be used as a vegetable raw or cooked after Well the known skin is peeled. among
seroles, etc., as relative to the cultivated chervil Anthriscus cerefolium. parts of North
COMMENTS: This where is a very it is close native and abundant, this species is rapidly increasing stems are in some distinctive. WARN-
America. foragers in The England leaves resemble those of poison hemlock-but the ridged, hairy
ING: The juice is probably phototoxic. (See p. 23.)
10 Erect hedge parsley
1
Torilis japonica Apiaceae (Carrot family)
","in some USE: areas, Roots plant are remotely carroty but the flavor is greens very strong in spring and can they be are used tough-not as an herb recommended. in soups, cas-
FOOD If you eat them do one it would sparingly use parsley. and well-cooked. Shoots can Tender be used as a vegetable raw or cooked after Well the known skin is peeled. among
seroles, etc., as relative to the cultivated chervil Anthriscus cerefolium. parts of North
",True,"
    'roots','shoots'"
0220_b.txt,"MULTI-COMPOUND, FERN-LIKE OR LACY
LEAVES PRESENT, LEAVES ALTERNATE,
umbels (20 cm) about long. Umbellets 1.2"" (3 cm) across with 5-10 rays, at the end of a peduncle that
several pointed, linear 6-8 mm across, densely packed with 5-10 flowers, may ha vary short or up to 8""
against them. Flowers bracts under the umbels and umbellets, shorter than sometimes the unequal There are
inward. Stamens (early to mid summer) tiny with 5 white petals, notched at the tip rays and usually pressed
spread widely; the tiny anthers of newly opened flowers are purplish. out Fruit not folded an or curled
acktight bunched schizocarp 2-4 mm long, the spines leaning toward the tip and curved slightly but not hooked: shaped these
are together into a head-like mass when ripe.
CONFUSING PLANTS: Wild carrot Daucus carota also has sticktight fruits, but is a much larger plant with
sparser, softer, erect hairs. Poison hemlock (p. 671) is hairless and much taller; it has a hollow stalk and is
covered in white powder.
HABITAT: Forest openings and edges, paths. roadsides
forests of moderate shade; on rich soils. introduced and
highly invasive. 1
FOOD USE: Tender young stems, after peeling. can be
eaten raw or cooked. Youngest greens can be choosed
like parsley or chervil, but are best when softened by
cooking.
COMMENTS: The flavor is okay, but the stems are first
too small and then too rough. This plant has been so
consistently confused with another introduced Kedge
parsley, Torilis arvensis, even by professionals, that very
little written about its distribution is reliable. Both spe-
cies are edible and very similar. T. arvensis has only 1-2
bracts under the great umbel, and the rays are often
much longer. Another introduced species, T. nodosa. is
common in the South but I have not tried it.
MULTI-COMPOUND, FERN-LIKE OR LACY LEAVES PRESENT, LEAVES ALTERNATE, umbels (20 cm) about long. Umbellets 1.2"" (3 cm) across with 5-10 rays, at the end of a peduncle that several pointed, linear 6-8 mm across, densely packed with 5-10 flowers, may ha vary short or up to 8"" against them. Flowers bracts under the umbels and umbellets, shorter than sometimes the unequal There are inward. Stamens (early to mid summer) tiny with 5 white petals, notched at the tip rays and usually pressed spread widely; the tiny anthers of newly opened flowers are purplish. out Fruit not folded an or curled acktight bunched schizocarp 2-4 mm long, the spines leaning toward the tip and curved slightly but not hooked: shaped these are together into a head-like mass when ripe. CONFUSING PLANTS: Wild carrot Daucus carota also has sticktight fruits, but is a much larger plant with sparser, softer, erect hairs. Poison hemlock (p. 671) is hairless and much taller; it has a hollow stalk and is covered in white powder. HABITAT: Forest openings and edges, paths. roadsides forests of moderate shade; on rich soils. introduced and highly invasive. 1 FOOD USE: Tender young stems, after peeling. can be eaten raw or cooked. Youngest greens can be choosed like parsley or chervil, but are best when softened by cooking. COMMENTS: The flavor is okay, but the stems are first too small and then too rough. This plant has been so consistently confused with another introduced Kedge parsley, Torilis arvensis, even by professionals, that very little written about its distribution is reliable. Both spe- cies are edible and very similar. T. arvensis has only 1-2 bracts under the great umbel, and the rays are often much longer. Another introduced species, T. nodosa. is common in the South but I have not tried it. ","FOOD USE: Tender young stems, after peeling. can be
eaten raw or cooked. Youngest greens can be choosed
like parsley or chervil, but are best when softened by
cooking.
",True," 'stems','youngest greens'"
0221_a.txt,"BASAL LEAVES PRESENT, LEAVES ALTERNATE,
MULTI-COMPOUND, FERN-LIKE OR LACY
Wild carrot
2
3
1
NG-351
Daucus carota Apiaceae (Carrot family)
CHECK: Leaves ; 4 times ompound; whole plant with erect difficulty hairs; a dark 3. purple
",,False,"
    []"
0221_b.txt,"0
1cm
BASAL LEAVES PRESENT, LEAVES ALTERNATE,
MULTI-COMPOUND, FERN-LIKE OR LACY
on folded outer inward, flowers or they (largest may petals have an may erratic be 10 times larger than the smallest). Large outer ontals are
and creased. There is usually a small crease; those of some smaller central flowers are
maturity the umbel central umbellet of dark brownish-purple flowers, strongly sucied
overed with stiff, hook-tipped curls into a ""bird's hairs. nest."" Fruit an egg-shaped sticktight schizocarp or a single A such long. Hower densely At
CONFUSING parsley hairless. PLANTS: Southern chervil flowers in spring and has very all umbels.
is stouter are and blooms Hedge parsley is a smaller plant with smaller umbels with shorter. stiffer hairs Caraway and nemlock
taste much earlier. Daucus pusillus is a native relative of the southern states Cowparsley
is coated good. Poison hemlock (p. 671) is hairless and has smooth, hollow stems with purple spots that or streaksut does not
with profuse white bloom and has hollow petioles.
HABITAT: Disturbed soil, from heavy clay to loose sand or gravel, with lots of sun: old hayfields and pastures
empty lots, roadsides, weedy locations. Introduced.
nom
FOOD USE: Dig taproots from fall through early spring on plants with no stalk, wash thoroughly, chop cross
wise, and use cooked like carrots or parsnips. They may be eaten raw but are somewhat stringy. Peeled shoots
should be harvested in late spring while still tender. Young leaves can be chopped fine and used as a seasoning.
COMMENTS: This excellent, widespread edible is the same species as the cultivated carrot, but the root
is tougher and white. The flavor and scent are similar-but wild carrot is stronger. The stalks are less well
known but may actually be the better vegetable, as they are easier to collect and are typically larger and
more tender. Wild carrot resembles the deadly poison hemlock, but careful observation allows for positive
identification. AKA Queen Anne's lace.
0 1cm BASAL LEAVES PRESENT, LEAVES ALTERNATE, MULTI-COMPOUND, FERN-LIKE OR LACY on folded outer inward, flowers or they (largest may petals have an may erratic be 10 times larger than the smallest). Large outer ontals are and creased. There is usually a small crease; those of some smaller central flowers are maturity the umbel central umbellet of dark brownish-purple flowers, strongly sucied overed with stiff, hook-tipped curls into a ""bird's hairs. nest."" Fruit an egg-shaped sticktight schizocarp or a single A such long. Hower densely At CONFUSING parsley hairless. PLANTS: Southern chervil flowers in spring and has very all umbels. is stouter are and blooms Hedge parsley is a smaller plant with smaller umbels with shorter. stiffer hairs Caraway and nemlock taste much earlier. Daucus pusillus is a native relative of the southern states Cowparsley is coated good. Poison hemlock (p. 671) is hairless and has smooth, hollow stems with purple spots that or streaksut does not with profuse white bloom and has hollow petioles. HABITAT: Disturbed soil, from heavy clay to loose sand or gravel, with lots of sun: old hayfields and pastures empty lots, roadsides, weedy locations. Introduced. nom FOOD USE: Dig taproots from fall through early spring on plants with no stalk, wash thoroughly, chop cross wise, and use cooked like carrots or parsnips. They may be eaten raw but are somewhat stringy. Peeled shoots should be harvested in late spring while still tender. Young leaves can be chopped fine and used as a seasoning. COMMENTS: This excellent, widespread edible is the same species as the cultivated carrot, but the root is tougher and white. The flavor and scent are similar-but wild carrot is stronger. The stalks are less well known but may actually be the better vegetable, as they are easier to collect and are typically larger and more tender. Wild carrot resembles the deadly poison hemlock, but careful observation allows for positive identification. AKA Queen Anne's lace. ","FOOD USE: Dig taproots from fall through early spring on plants with no stalk, wash thoroughly, chop cross
wise, and use cooked like carrots or parsnips. They may be eaten raw but are somewhat stringy. Peeled shoots
should be harvested in late spring while still tender. Young leaves can be chopped fine and used as a seasoning.
",True," ['taproots','peeled shoots','Young leaves']"
0222_a.txt,"BASAL LEAVES PRESENT, LEAVES ALTERNATE,
MULTI-COMPOUND, FERN-LIKE OR LACY
12. Southern wild chervil
2
2
Chaerophyllum tainturieri
Apiaceae
(Carrot
family)
",,False,"
    []"
0222_b.txt,"1cm
BASALLEAVESPRESPRENT, LEAVES
FERN-LIKE ALTERNATE, OR LACY
HABITAT: parks, clearings, Full sun disturbed to light shade woods. in Native. disturbed areas with moist soil, especially on sandy soil Fields. madside-
FOOD servation USE: 1. Tender greens and shoots have a pleasant, mild flavor and can be eaten raw or cooked Con-
COMMENTS: out unfortunately, I hate there to call any plant ""wild chervil"" since the name has been
been totally ignored in foraging is no other literature, common AKA name American applied to chervil, this group. hairy This wild used is chervil. a very for several common different plant that genera: has
Related edible:
13 Spreading chervil
Chaerophyllum procumbens
2
This species is much smaller, typically 4-12"" (10-30 cm) tall, with lax stems often resting
on the ground for a few inches before standing weakly erect or spreading. Stems faintly
ridged and not as bulged at nodes, with scattered hair (less than C. tainturieri), sometimes
on only one side of the upper stem. There are usually 2-4 major branches at or near the
base. Leaf sheath margins, petioles, rachises, and blade margins are also sparsely hairy.
Stem leaves are mostly borne close to the base. Inflorescence stalkless compound umbels
with 3 or fewer rays, each terminating in a small umbellet of 3-7 flowers-but sometimes the umbels are not
compound. Petals ovate and cupped but not folded or curled inward. Fruits smaller, less tapered, and less
pointed. As with its larger cousin, the seeds germinate in autumn and form small rosettes with typical com
pound leaves as well as entire, elongated cotyledon leaves that resemble those of Virginia spring beauty This
species inhabits rich soil of river floodplains and valleys, usually growing in shade, and is found further north
than its larger cousin. Although smaller and thus harder to gather in quantity, I prefer its flavor. ID difficulty 3.
CONFUSING PLANTS: These seedlings are edible at a time of year when leafy greens are few, but they very
much resemble the overwintering seedlings of the deadly poison hemlock (p. 671). If you are going to eat them.
examine them carefully for hairs and scent (poison hemlock has a nasty rank smell), as other features are
absent on such small specimens. Seedlings of spreading chervil are often confused with harbinger of spring,
which shares its habitat. However, that plant has hairless leaves and petioles and is dormant in early winter.
Winter seedlings showing cotyledon leaves. 475
1cm BASALLEAVESPRESPRENT, LEAVES FERN-LIKE ALTERNATE, OR LACY HABITAT: parks, clearings, Full sun disturbed to light shade woods. in Native. disturbed areas with moist soil, especially on sandy soil Fields. madside- FOOD servation USE: 1. Tender greens and shoots have a pleasant, mild flavor and can be eaten raw or cooked Con- COMMENTS: out unfortunately, I hate there to call any plant ""wild chervil"" since the name has been been totally ignored in foraging is no other literature, common AKA name American applied to chervil, this group. hairy This wild used is chervil. a very for several common different plant that genera: has Related edible: 13 Spreading chervil Chaerophyllum procumbens 2 This species is much smaller, typically 4-12"" (10-30 cm) tall, with lax stems often resting on the ground for a few inches before standing weakly erect or spreading. Stems faintly ridged and not as bulged at nodes, with scattered hair (less than C. tainturieri), sometimes on only one side of the upper stem. There are usually 2-4 major branches at or near the base. Leaf sheath margins, petioles, rachises, and blade margins are also sparsely hairy. Stem leaves are mostly borne close to the base. Inflorescence stalkless compound umbels with 3 or fewer rays, each terminating in a small umbellet of 3-7 flowers-but sometimes the umbels are not compound. Petals ovate and cupped but not folded or curled inward. Fruits smaller, less tapered, and less pointed. As with its larger cousin, the seeds germinate in autumn and form small rosettes with typical com pound leaves as well as entire, elongated cotyledon leaves that resemble those of Virginia spring beauty This species inhabits rich soil of river floodplains and valleys, usually growing in shade, and is found further north than its larger cousin. Although smaller and thus harder to gather in quantity, I prefer its flavor. ID difficulty 3. CONFUSING PLANTS: These seedlings are edible at a time of year when leafy greens are few, but they very much resemble the overwintering seedlings of the deadly poison hemlock (p. 671). If you are going to eat them. examine them carefully for hairs and scent (poison hemlock has a nasty rank smell), as other features are absent on such small specimens. Seedlings of spreading chervil are often confused with harbinger of spring, which shares its habitat. However, that plant has hairless leaves and petioles and is dormant in early winter. Winter seedlings showing cotyledon leaves. 475 ","FOOD servation USE: 1. Tender greens and shoots have a pleasant, mild flavor and can be eaten raw or cooked Con-
",True,"
    'tender greens','shoots'"
0223_a.txt,"LEAVES PRESENT, LEAVES OR ALTERNATE, LACY
MULTI-COMPOUND, BASAL FERN-LIKE
2
2
14 mustard
Descurainia Western tansy pinnata Brassicaceae 2 (Mustard family) racemes
multi-lobed, fern-like; long, loose difficulty 3-
","FOOD USE: Young greens and stems can be eaten raw or
cooked, but are strong and should be used sparingly. The dry
seeds can be gathered winnowed, and used to make a mild-
tasting gruei. Conservation 2/1.
",True,"
    'Young greens','Young stems','seeds'"
0223_b.txt,"mm
BASALLEAVI-COMPOUND, LEAVES
FERN-LIKE ALTERNATE, OR LACY
6 Alfilaria
2
Erodium cicutarium Geraniaceae (Geranium family)
","FOOD USE: Gather tender young leaves in spring or
summer, and sometimes again in fall. Chop into short
sections and use in salads or as a cooked vegetable, or
nibble the whole thing raw. Go for the leaves in the center
of the rosette, as these are younger and less likely to be
in contact with dirt.
",True, 'leaves'
0224_a.txt,"HERBACEOUS VINES
GROUP 29 HERBACEOUS VINES
I consider a plant a vine if it objects climbs for by wrapping support. Plants itself Herbaceous around that simply other vines lean vegetation produce on other or a
great plants by using fruits. variety of tendrils trail Although of along food to there the grasp types: ground are root many are vegetables, not species toxic placed plants here, seeds, here. most have greens, this can life be shoots, readily form. flowers, Observe identified herbaceous. buds, stems by
carefully, obvious and features, as many and woody few dangerously vines have very long tender tips that can look
TENTATIVE IDENTIFICATION KEY TO GROUP 29
The key is not your final answer!
1. Balloon vine
Leaf twice compound.
or
Leaf once compound.
Leaf with two leaflets.
Stem angles distinctly winged.
2. Everlasting pea
Stipules 5-12 mm wide.
3. Narrow-leaved vetchling
or or
Stipules less than 4 mm wide.
4. Tuber vetchling
Stem angles with wings absent or less than 0.5 mm.
Leaf 3 leaflets.
Vines with 1-1.5 mm thick with long erect hairs; pods brittle, hairy on edges; 3 flat, gray-mottled seeds. 10. 9. Ground Wild bean bean
Vines 2-7 mm thick with short erect hairs: pods stiff. hairless: 3-5 flat, dark seeds.
or
Vines 2-3 mm thick with hairs pressed toward the base; seeds elongated, plump, straight-sided,
11. Fuzzy bean
blackish, embedded in cottony fuzz.
Leaf with more than 3 leaflets.
Leaflets broadly elliptic to ovate, often more than 1.4"" (3.5 cm) long.
12. Hopniss
Vine without tendrils.
Vine with tendrils.
Corolla pale creamy to white.
5. Pale vetchling
or
or
Corolla pink to purple.
Leaves with 4-6 leaflets; flowers pale pink; stipules toothed.
6. Marsh pea
Leaves with 7-12 leaflets: flowers purple; stipules not toothed.
7. Veiny pea
Leaves with 8-16 leaflets; flowers purple; stipules toothed.
8. Beach pea
Leaflets narrowly elliptic to lanceolate or linear, less than 1.4"" long.
Flowers 1 or 2 directly from the leaf axil.
13. Common vetch
Flowers in a one-sided raceme.
Flowers pale creamy to white.
14. Carolina vetch
Flowers purple.
Raceme with 2-9 flowers; leaf veins evident.
15. American vetch
Raceme with 15-40 flowers; leaf veins obscure.
Upturned banner half as long as the straight base of the flower; lower (longest)
calyx lobes almost bristle-like.
16. Hairy vetch
Upturned banner equal to the straight base of the flower; lower (longest)
calyx lobes narrowly triangular.
Leaf simple,
17. Tufted vetch
Leaf entire,
All major veins arise at the base; at least the innermost reconverge at the tip.
Stem 5-20 mm thick, with tendrils; inflorescence an umbel.
or
Stems 1-3 mm thick, without tendrils; inflorescence a spike.
18. Carrion flower
or
Aerial tubers present.
Aerial tubers absent. American wild yam (p. 678).
19. Air potato
Some Stem major veins arise beyond the base, none reconverging at the tip.
Stem with a small sheath at each node; flowers tiny; fruit 3-sided.
Leaf lobed.
lacking sheaths; flowers large, showy; fruit egg-shaped.
20, Black bindweed
478
21. Bigroot morning glery
See key next page.
(Continued on next page.)
HERBACEOUS VINES GROUP 29 HERBACEOUS VINES I consider a plant a vine if it objects climbs for by wrapping support. Plants itself Herbaceous around that simply other vines lean vegetation produce on other or a great plants by using fruits. variety of tendrils trail Although of along food to there the grasp types: ground are root many are vegetables, not species toxic placed plants here, seeds, here. most have greens, this can life be shoots, readily form. flowers, Observe identified herbaceous. buds, stems by carefully, obvious and features, as many and woody few dangerously vines have very long tender tips that can look TENTATIVE IDENTIFICATION KEY TO GROUP 29 The key is not your final answer! 1. Balloon vine Leaf twice compound. or Leaf once compound. Leaf with two leaflets. Stem angles distinctly winged. 2. Everlasting pea Stipules 5-12 mm wide. 3. Narrow-leaved vetchling or or Stipules less than 4 mm wide. 4. Tuber vetchling Stem angles with wings absent or less than 0.5 mm. Leaf 3 leaflets. Vines with 1-1.5 mm thick with long erect hairs; pods brittle, hairy on edges; 3 flat, gray-mottled seeds. 10. 9. Ground Wild bean bean Vines 2-7 mm thick with short erect hairs: pods stiff. hairless: 3-5 flat, dark seeds. or Vines 2-3 mm thick with hairs pressed toward the base; seeds elongated, plump, straight-sided, 11. Fuzzy bean blackish, embedded in cottony fuzz. Leaf with more than 3 leaflets. Leaflets broadly elliptic to ovate, often more than 1.4"" (3.5 cm) long. 12. Hopniss Vine without tendrils. Vine with tendrils. Corolla pale creamy to white. 5. Pale vetchling or or Corolla pink to purple. Leaves with 4-6 leaflets; flowers pale pink; stipules toothed. 6. Marsh pea Leaves with 7-12 leaflets: flowers purple; stipules not toothed. 7. Veiny pea Leaves with 8-16 leaflets; flowers purple; stipules toothed. 8. Beach pea Leaflets narrowly elliptic to lanceolate or linear, less than 1.4"" long. Flowers 1 or 2 directly from the leaf axil. 13. Common vetch Flowers in a one-sided raceme. Flowers pale creamy to white. 14. Carolina vetch Flowers purple. Raceme with 2-9 flowers; leaf veins evident. 15. American vetch Raceme with 15-40 flowers; leaf veins obscure. Upturned banner half as long as the straight base of the flower; lower (longest) calyx lobes almost bristle-like. 16. Hairy vetch Upturned banner equal to the straight base of the flower; lower (longest) calyx lobes narrowly triangular. Leaf simple, 17. Tufted vetch Leaf entire, All major veins arise at the base; at least the innermost reconverge at the tip. Stem 5-20 mm thick, with tendrils; inflorescence an umbel. or Stems 1-3 mm thick, without tendrils; inflorescence a spike. 18. Carrion flower or Aerial tubers present. Aerial tubers absent. American wild yam (p. 678). 19. Air potato Some Stem major veins arise beyond the base, none reconverging at the tip. Stem with a small sheath at each node; flowers tiny; fruit 3-sided. Leaf lobed. lacking sheaths; flowers large, showy; fruit egg-shaped. 20, Black bindweed 478 21. Bigroot morning glery See key next page. (Continued on next page.) ",,False,"
    []"
0224_b.txt,"0
(Continued from previous page.)
HERBACEOUS VINES
Leaf lobed.
Leaf margin toothed.
Stem Leaves 10-18 mm thick: leaves 4-10"" (10-25 cm) long; lobe tips (if present) obtuse, blunt.
or
usually triangular: gourds spherical, drying straw-yellow.
Stem 3-7 mm thick: leaves 4-6"" long, the lobe tips acute and sharp.
Leaves usually lobed; gourds teardrop-shaped, drying whitish gray.
22. Buffalo gourd
or
23. Ozark gourd
Stem with raspy ridges; leal teeth sharp: lacks tendrils.
or
Midvein below halry but not prickly; cone bracts appressed.
Midvein prickly below; cone bracts spread outward. Japanese hops (see Hops).
25. Hops
Stem rounded, soft-hairy; leaf teeth blunt; climbs with tendrils.
Leaf margin not toothed.
26. Maypop
Leaf surface smooth and hairless.
Leaf surface roughened by short, stiff hairs.
27. Yellow passion flower
24. Melonette
1
Balloon vine
1
Cardiospermum halicacabum family Sapindaceae
","FOOD USE: Young greens (mostly spring and early summer, but occa-
sionally later) can be eaten raw or cooked.
",True, 'Young greens'
0225_a.txt,"HERBACEOUS VINES
3
3
3
2
2
2 Everlasting pea
Lathyrus latifolius Fabaceae (Bean family)
CHECK: Pea-like vine with broadly winged stems and petioles, only two leaflets, 1.
","FOOD USE: All young, tender parts are edible
raw or cooked: shoots and greens from spring
through mid summer; flowers later. Young
pods are a bit tough but the flavor is good.
Plump green seeds are excellent eaten like
green peas. Mature seeds should be cooked-
after drying they will take very long cooking.
",True," ['shoots', 'greens', 'flowers', 'young pods', 'plump green seeds']"
0225_b.txt,"HERBACEOUS VINES
Related edible:
3
Narrow-leaved vetchling + Lathyrus sylvestris
2
It
2
3
2
This introduced plant is very similar, but everything about it is more slender Stems thin
ner with wings less than 3 mm wide. Branches several but mostly short. Leaflets almost
ssile, long-elliptic to almost linear with a bristle-tip. The midvein is depressed above ano
protruding below-as are the 2 prominent basal veins on each side near the margin. Verilets
are raised above. Stipules less than 4 mm wide. Inflorescence a much smaller raceme of
about 6 flowers on a straight, stiff, angled peduncie 4-9"" (10-23 cm) long. Flowers smaller,
0.7"" (18 mm) wide, the wings much darker than the banner and the keel pale. Pods nearly
straight, about 2.5"" (6.5 cm) long, with about 8 tightly packed, uniformly pea-green seeds ; mm .Γ. diameter
when fresh. This species likes sunny to lightly shaded disturbed ground, similar to everlasting pea, but perhaps
tolerating drier conditions. It has similar food uses and is almost as good. ID difficulty 2.
HERBACEOUS VINES Related edible: 3 Narrow-leaved vetchling + Lathyrus sylvestris 2 It 2 3 2 This introduced plant is very similar, but everything about it is more slender Stems thin ner with wings less than 3 mm wide. Branches several but mostly short. Leaflets almost ssile, long-elliptic to almost linear with a bristle-tip. The midvein is depressed above ano protruding below-as are the 2 prominent basal veins on each side near the margin. Verilets are raised above. Stipules less than 4 mm wide. Inflorescence a much smaller raceme of about 6 flowers on a straight, stiff, angled peduncie 4-9"" (10-23 cm) long. Flowers smaller, 0.7"" (18 mm) wide, the wings much darker than the banner and the keel pale. Pods nearly straight, about 2.5"" (6.5 cm) long, with about 8 tightly packed, uniformly pea-green seeds ; mm .Γ. diameter when fresh. This species likes sunny to lightly shaded disturbed ground, similar to everlasting pea, but perhaps tolerating drier conditions. It has similar food uses and is almost as good. ID difficulty 2. ",,False,"
    []"
0226_a.txt,"HERBACEOUS VINES
Tuber vetchling
3
4
Lathyrus tuberosus
Fabaceae (Bean family)
","FOOD USE: The small, hard tubers are
sweet and can be eaten cooked.
",True,"
    'tubers'"
0226_b.txt,"HERBACEOUS VINES
5
Pale vetchling
3
3
2
Lathyrus ochroleucus
2
Fabaceae
(Bean
family)
","FOOD USE: Tender stem tips can be eaten raw or cooked. The flowers, available in late spring and early
summer, make a sweet snack raw, and can be added to salads or cooked dishes. Young pods and ripe seeds
also be eaten cooked (early to late summer). The literature reports roots or tubers eaten from this plant
but all I find are slightly enlarged rhizome tips and tiny tuber-like
nodules on the finer roots-both have good flavor, but are much
too small to bother with.
",True,"
    ['tender stem tips','flowers','young pods','ripe seeds']"
0227_a.txt,"HERBACEOUS VINES
Rowter
6 Marsh pea Lathyrus palustris
3
3
This native perennial grows in marsh edges or streamside meadows, especially where entire
sandy, usually among sedges: its habit is more vine-like than pale vetchling. The
plant is hairless. Stems 2 3' (60-90 cm) long with few to no branches, angled, with wings
about 1mm. Leaves have 4-6 leaflets, the terminal one often off-center and opposite a
tendril. Leaflets 1 -2.5"" (25-64 cm) long, elliptic to narrowly elliptic, flat, often strongly out
of plane with each other. Stipules similar to those of pale vetchling but narrower and the
fore lobe much longer than the back lobe. Peduncles are 3-4"" (8-10 cm) long, the raceme
with 3-7 flowers. Flowers (early summer) pale pink to purplish, the banner darker than the wings, and the keel
lightest of all. Used similarly to pale vetchling; the greens are good and the flowers superb. I have not eaten
the seeds. AKA marsh vetchling. ID difficulty 2.
7
Veiny pea + Lathyrus venosus
2
2
more This is of a slightly larger plant of sandy prairies and savannahs, up to 42"" (1.1 m)
widely branched. an erect, bushy form. Stem rigid, ridged but not winged, fine-hairy, often tall, with
lets elliptic Leaves have 7-12 leaflets, small tendrils, and channeled twisted,
midvein Stipules faintly depressed above and protruding nipple-tipped with fine
hairs Secondary to ovate veins or lanceolate, are 1.2-2.5"" (3-6 cm) long, flat and a rachis, Leaf-
purple, 0.5-0.8"" (13-20 narrow, mm) pointed at both ends, 4-10 mm long, not toothed. below, 20-40° to the
young greens are edible. 4 ID long, difficulty in racemes 2. of 8-18. The calyx is hairy. The Flowers flowers blue- and
HERBACEOUS VINES Rowter 6 Marsh pea Lathyrus palustris 3 3 This native perennial grows in marsh edges or streamside meadows, especially where entire sandy, usually among sedges: its habit is more vine-like than pale vetchling. The plant is hairless. Stems 2 3' (60-90 cm) long with few to no branches, angled, with wings about 1mm. Leaves have 4-6 leaflets, the terminal one often off-center and opposite a tendril. Leaflets 1 -2.5"" (25-64 cm) long, elliptic to narrowly elliptic, flat, often strongly out of plane with each other. Stipules similar to those of pale vetchling but narrower and the fore lobe much longer than the back lobe. Peduncles are 3-4"" (8-10 cm) long, the raceme with 3-7 flowers. Flowers (early summer) pale pink to purplish, the banner darker than the wings, and the keel lightest of all. Used similarly to pale vetchling; the greens are good and the flowers superb. I have not eaten the seeds. AKA marsh vetchling. ID difficulty 2. 7 Veiny pea + Lathyrus venosus 2 2 more This is of a slightly larger plant of sandy prairies and savannahs, up to 42"" (1.1 m) widely branched. an erect, bushy form. Stem rigid, ridged but not winged, fine-hairy, often tall, with lets elliptic Leaves have 7-12 leaflets, small tendrils, and channeled twisted, midvein Stipules faintly depressed above and protruding nipple-tipped with fine hairs Secondary to ovate veins or lanceolate, are 1.2-2.5"" (3-6 cm) long, flat and a rachis, Leaf- purple, 0.5-0.8"" (13-20 narrow, mm) pointed at both ends, 4-10 mm long, not toothed. below, 20-40° to the young greens are edible. 4 ID long, difficulty in racemes 2. of 8-18. The calyx is hairy. The Flowers flowers blue- and ",,False,"
    []"
0227_b.txt,"HERBACEOUS VINES
8 Beach pea
1
2
Lathyrus
japonicus
Fabaceae
(Bean
family)
UCK CHECK: leaflets Short beach vine with are hed, pinnately
hairless pods. ID difficulty and 2. tendrils at the end; clusters of showy compound purple Hawars leaves and
","FOOD USE: Young pods can be eaten raw or cooked. For peas, gather pods when they are full sized but
preferably still soft, moist, and green. At maturity the peas become less sweet, dry out, and turn brown. Cook
and use like domestic peas. Conservation 2/1.
",True,"
    'young pods'"
0228_a.txt,"3/2
11
FH-226
Ground bean
Fabaceae
(Bean
family)
Amphicarpaea bracteata
","FOOD USE: Gather underground beans
by loosening the soil to 2"" (5 cm) under a
thick clump of vines (that lack aerial beans)
and picking out the beans. Boil until tender
and use like domestic beans; they have a
distinctly sweet flavor. They can be dried
easily and store indefinitely in that state.
Gather aerial beans from fall into winter,
dry the pods, then rub and winnow, Boil
the seeds for a long time until tender. Con-
servation 2/1,
",True,"
    'underground beans','seeds'"
0228_b.txt,"10 Wild bean
HERBACEOUS VINES
2
Phaseolus polystachios Fabaceae (Bean family)
! ESCRIPTION: 3-5 seeds like miniature lima beans. internades, ID
","FOOD USE: Gather ripe beans in late
summer or autumn and use like domes-
tic beans. The root is reported edible.
but I have not tried it, and doing so would
be irresponsible under normal circum-
stances, as it would kill a long-lived,
declining, uncommon plant. Conserva-
tion 2.
",True,"
    'beans'"
0229_a.txt,"11 Fuzzy bean
3
2 Fabaceae (Bean family)
Strophostyles helvola
HECK: Vine with no tendrils and straight, or lobed stiffly-held at the base. beans ID in difficulty small clusters, 2.
","FOOD USE: Young pods can be eaten raw or
cooked like garden beans. When mature in autumn,
the beans inside can be eaten after cooking. They
become very dark, almost black, and the skins are
a bit thick, but the flavor is good. Conservation 2.
",True,"
    'young pods','beans'"
0229_b.txt,"12
Hopniss
HERBACEOUS VINES
2
2
2
Apios americana
FH-234
Fabaceae
ubers JICK strung CHECK: Thin stem, no tendrils, pinnately family)
(Bean
green. ID difficulty together 2. by a thin rhizome; flowers compound purple brown. leaves hears with miller leafloin when
","FOOD USE: Dig tubers preferably when the vines are dormant and cook thoroughly. The flavor IS like across
between boiled peanuts and potatoes. The tubers store very well in a refrigerator or root cellar Immature
pods (late summer to autumn) can be cooked like green beans. Mature seeds can be cooked fresh or dried
they look more like peas but taste more
like beans. Conservation 2/1.
",True," ['tubers','immature pods','mature seeds']"
0230_a.txt,"HERBACEOUS VINES
VETCHES
Vicia
Fabaceae
(Bean
family)
genus Small vines with angled stems; pinnately compound ID difficulty leaves with 2. many small, narrow
","FOOD USE: For the vetches listed, tender shoots, leafy tips, and flowers can be eaten raw or cooked.
Because all vetch seeds have some antinutrients and toxins, they should only be eaten well-cooked and in
small portions. Pouring off the cooking water after several minutes of boiling and replacing with new water
eliminates most of the toxins.
",True,"
    'tender shoots','leafy tips','flowers'"
0230_b.txt,"HERBACEOUS VINES
4
Carolina vetch
2
3
Vicia caroliniana
Fabaceae
(Bean
family)
",,False,"
    []"
0231_a.txt,"HERBACEOUS VINES
15 flowers among the vetches covered collect, here. It pleasant is not well to eat, known com- as
American vetch (continued)
COMMENTS: an edible and is This largely species ignored has in the the largest foraging a robust literature ethnographic despite record being of easy food vetch, to use in many Native traditions.
mon. lis habits extremely are weedy widespread, enough that and you having might think it's invasive. AKA purple
16 Hairy vetch
Vicia villosa
1
2
1
",,False,"
    []"
0231_b.txt,"0
tem
HERBACEOUS VINES
17 Tufted vetch
Vicia cracca
1
2
",,False,"
    []"
0232_a.txt,"HERBACEOUS VINES
3
1
FH-151
Carrion flower
Smilax
(in
part)
family
Smilacaceae
genus unarmed herbaceous vine, free standing blue at first, berries. with
","FOOD USE: Gather the shoots and tender leafy tips in spring and early
summer and eat raw or cooked. Easily overharvested, so collect in mod-
eration. Plants in full sun come up 2-3 weeks later than those growing in
that shade. The roots of S. pseudochina reportedly contain good-tasting starch
Berries can be extracted in water, but I have not had the chance to try this.
Conservation are bland 2/1. but sweet and make a pleasant nibble on a hungry hike.
",True," ['shoots','tender leafy tips']"
0232_b.txt,"HERBACEOUS VINES
19 Air potato
2
2
Dioscorea polystachya family Dioscoreaceae
","FOOD USE: The large underground tubers are the more practical
food source; eat them cooked. They contain more food value when
the tops are dormant. Large roots, even cooked, may cause a mild
burning from raphides (p. 22). Aerial tubers may be collected from
midsummer to autumn by shaking the vines over a tarp or wide
container; cook them also.
",True,"
    'tubers'"
0233_a.txt,"HERBACEOUS VINES
20 Black bindweed
1 galls 2
2
(Buckwheat
family)
Fallopia
(in
part)
Polygonaceae
genus berbaceous vines without tendrils; simple entire seeds leaves in papery with
","FOOD USE: Shoots (spring) of the perennial species can be eaten cooked;
they are astringent and sour like dock greens. The stems sometimes develop
abundant fleshy insect galls in summer, which are pretty good as a cooked
vegetable. Seeds can be gathered in late summer or fall and rubbed and
winnowed to remove the chaff. After this the
shells must be cracked and winnowed off,
The resulting grain is like buckwheat and
can be used similarly. (F. clinodis seeds are
inferior.) Conservation 1 (native species).
",True," ['shoots','seeds']"
0233_b.txt,"gonocede
1cm
HERBACEOUS VINES
21 Bigroot morning glory
Ipomoea pandurata family Convolvulaceae
","FOOD USE: Although the roots can grow enormous, you want to dig them from small plants, as 0 der roots
become tough and bitter. You can dig them at any time of year, but they are better when dormant. They are
marginally edible raw, much better cooked (but still not great). Conservation 3.
",True,"
    'roots'"
0234_a.txt,"HERBACEOUS
21
Cucurbita Buffaio gourd foetidissima 1 Cucurbitaceae 2 (Cucumber family)
thick-stemmed vine with raspy leaves difficulty and stems, 1. large squash-
","FOOD USE: Seeds can be gathered from ripe fruit. They need to be rubbed
and soaked in several changes of water to remove the taint of the bitter
juice, after which can be used like pumpkinseeds
(including pressing for oil). A faint bitterness
always remains. The enormous root is too bit-
ter to eat as a vegetable, but starch for culinary
purposes can supposedly be extracted from it
(I have not done this). Flowers can be eaten like
squash blossoms. Some people report eating the
baby fruit cooked. Conservation 3/1.
",True,"
    'seeds'"
0234_b.txt,"elonette 3
HERBACEOUS VINES
elothria pendula Cucurbitaceae (Cucumber family)
smooth HECK: Thin cucumbers vine with before blunt turning tipped black palmate ID difficulty leaver and Frunks danating
oved lengthwise, Perennial, branching widely, Stems B-16' 1.
unbranched smooth and hairless, green. Leaves (2.4 5 m) long and , 1 mm
3.5"" (5-9 cm) tendril, the latter coiling very tightly and alternate, ear h with an
green above and long roughened and about equally wide, palmately but lacking shallowly pads lobed at the the tio labe
raised by short, stiff hairs; below Tips Bunt for
eeth. Petioles proximally, about but 60% distally of they become slightly depressed; it IS gray-green below they and protrude less hair Major veins
channel, blade length, as thick or thicker than Margins MAYY
and contrast with female the stem by having raspy hairs. Stipules the absent. adjacent Inflorescence stem: they have nale a small
separate; the male in small clusters from the leaf axils. ine female and
solitary. Flowers tiny, 2.5-4 mm across, yellow, symmetrical, the corolla
joined at the base with 5 spreading, square-tipped lobes, the cary/ with
5 tiny pointed lobes. Fruits broadly elliptic, 0.6-0.9' (15-23 mm) long.
solitary, green with whitish mottling, with 8 faint lines running length
wise. The flesh is partly translucent with cucumber-like seeds opening
to black and soft. WARNING: When ripe the for
strong laxative and should not be eaten.
HABITAT: Forest margins and openings, fence rows brusny areas,
streamside woods. Native.
FOOD USE: The underripe fruit tastes like a cucumber, but in my opinion
better. Fully ripe fruit gets a sour, musky flavor that is disagraeable Use
the fruits as you would cucumbers. Conservation 1.
COMMENTS: This little-known fruit looks like a miniature watermelon
it is common, easy to harvest, and delicious. A close relative. M. insor.
is native to Mexico and sold in seed catalogs. AKA creeping nucumber
499
elonette 3 HERBACEOUS VINES elothria pendula Cucurbitaceae (Cucumber family) smooth HECK: Thin cucumbers vine with before blunt turning tipped black palmate ID difficulty leaver and Frunks danating oved lengthwise, Perennial, branching widely, Stems B-16' 1. unbranched smooth and hairless, green. Leaves (2.4 5 m) long and , 1 mm 3.5"" (5-9 cm) tendril, the latter coiling very tightly and alternate, ear h with an green above and long roughened and about equally wide, palmately but lacking shallowly pads lobed at the the tio labe raised by short, stiff hairs; below Tips Bunt for eeth. Petioles proximally, about but 60% distally of they become slightly depressed; it IS gray-green below they and protrude less hair Major veins channel, blade length, as thick or thicker than Margins MAYY and contrast with female the stem by having raspy hairs. Stipules the absent. adjacent Inflorescence stem: they have nale a small separate; the male in small clusters from the leaf axils. ine female and solitary. Flowers tiny, 2.5-4 mm across, yellow, symmetrical, the corolla joined at the base with 5 spreading, square-tipped lobes, the cary/ with 5 tiny pointed lobes. Fruits broadly elliptic, 0.6-0.9' (15-23 mm) long. solitary, green with whitish mottling, with 8 faint lines running length wise. The flesh is partly translucent with cucumber-like seeds opening to black and soft. WARNING: When ripe the for strong laxative and should not be eaten. HABITAT: Forest margins and openings, fence rows brusny areas, streamside woods. Native. FOOD USE: The underripe fruit tastes like a cucumber, but in my opinion better. Fully ripe fruit gets a sour, musky flavor that is disagraeable Use the fruits as you would cucumbers. Conservation 1. COMMENTS: This little-known fruit looks like a miniature watermelon it is common, easy to harvest, and delicious. A close relative. M. insor. is native to Mexico and sold in seed catalogs. AKA creeping nucumber 499 ","FOOD USE: The underripe fruit tastes like a cucumber, but in my opinion
better. Fully ripe fruit gets a sour, musky flavor that is disagraeable Use
the fruits as you would cucumbers. Conservation 1.
",True,"
    'fruits'"
0235_a.txt,"HERBACEOUS VINES
25 Hops
3
IWE-165
Humulus lupulus
Cannabaceae
(Hemp
family)
QUIC Herbaceous vine with deeply lobed simple leaves, no tendrils, thin raspy
stems. and one-like clusters of fragrant papery fruits. ID difficulty 2.
","FOOD USE: The shoots or rapidly growing vine tips (spring through early summer) are good (but raspy) raw
and excellent cooked. Papery fruit clusters are used to flavor beer. For this purpose they are harvested in late
summer and then dried. Conservation 2/1.
",True,"
    'shoots','rapidly growing vine tips'"
0235_b.txt,"soceae (Hemp family
HERBACEOUS VINES
26
Maypop
3
2
2
Passiflora
NG-238
incarnata
family
Passifloraceae
","FOOD USE: Gather the fruit in late summer to fall when the insides are soft and juicy-usually after the skin
becomes slightly wrinkly. You can rip them open and suck out the pulp to eat raw, or you can cook the pulp and
through a strainer to get pulp for pies, jam, or other desserts. Maypops store well, even at room temperature,
andican often be gathered by the bucketload. Tender new leaves and stem tips can be eaten raw or cooked
in spring and early summer.
Flower buds are also edible
",True," ['fruit','new leaves','stem tips','Flower buds']"
0236_a.txt,"HERBACEOUS VINES
1
2
2
Yellow passion flower
Passiflora lutea , family Passifloraceae
NEW K: Very thin vine with flat. leaves of 3 rounded lobes, complex yellow-green 1.
flowers our h/a 4 spheric truit. and thin tendrils of ten coiled like a spring. ID difficulty
","FOOD USE: Tender young leaves, vine tips, and flower buds can be eaten raw or cooked from late spring
through midsummer. Ripe fruit (late summer to fall) can also be eaten. Conservation 2/1.
",True,"
    'leaves','vine tips','flower buds','ripe fruit'"
0236_b.txt,"buteo Hower family Passifloracese
GROUP 30 BASAL LEAVES ABSENT, LEAVES WHORLED
ance; The plants there in this few group come from several families and are quite
in this are is generalizations to be made about them. The most dissimilar in appear plant
group the Swedish bunchberry, which has leaves in both whorls problematic and pairs
TENTATIVE IDENTIFICATION KEY TO GROUP 30
The key is not your final answer!
Leaves entire.
Flower
or
Plant with a single whorl of 3 leaves.
Plant with 1 or 2 whorls, at least one of them with more than 3 leaves,
1. Trillium
or
A lower whor! of 6-11 leaves; flowering plants with an upper whorl of 3; stem woolly.
3. Cucumber root
A single whorl of 4 or 6 leaves (6 when flowering); clustered red berries.
4. Bunchberry
Plant with many whorls of leaves along the stem.
Leaves thick and succulent.
or
or
Stems creeping; leaves narrow and pointed, all oriented upward.
6. Whorled stonecrop
Stems weakly erect; leaves spoon-shaped, in flat whorls.
or
7. Woodland stonecrop
Leaves not thick and succulent.
Stem strictly erect, 6-15 mm thick and rounded; flowers 2-6"" (5-15 cm) wide.
2. Lily
Stem creeping, reclining, or leaning, 2-3 mm thick, squared; flowers tiny.
8. Cleavers
Plant with whorls only at branch tips; lower leaves paired.
5. Swedish bunchberry
Leaves compound.
Leaflets entire. Point-leaf tick trefoil (p. 645).
Leaflets toothed.
Stems to 9"" (23 cm) tall; leaflets sessile, about twice as long as wide; fruits yellow-green,
ripening in late spring.
9. Dwarf ginseng
Stems to 22"" (56 cm) tall; leaflets on petiolules, the blades almost as broad as long: fruits red,
ripening in early fall.
10. American ginseng
Trillium
2
genus Trillium
family Melanthiaceae (formerly in Liliaceae)
",,False,"
    []"
0237_a.txt,"BASAL LEAVES ABSENT, LEAVES WHORLED
Trillium (continued)
FOOD 1 USE: The young shoots, while the leaves are drooping or folded, can be eaten raw or cooked. I think
taste better than the leaves. Conservation 3.
the stems okay, not excellent. There are numerous species of trillium species in our area. protected. Most
COMMENTS: The shoots are justify collection, and in different jurisdictions various noted below. Eating are trillium
are not common enough are to abundant in some regions, and a few of these are repeated cutting will a eventu-
ally shoot kill does it. Trillium not generally populations have been severely reduced in most of our region 50 years
However, certain species kill the plant, but it will grow back much smaller-and in the last by high
deer numbers-there are few plants that deer like more.
Large white trillium Trillium grandiflorum is by far the
most common species across the northern US and
southern Canada. The stems reach 24"" (60 cm) tall;
shoots usually emerge green. The flowers are white,
2-4"" (5-10 cm) across, on a pedicel up to 4"" (10 cm)
long, the petals overlapping at the base. The fruits are
small, strongly ridged, and whitish.
Trillium grandiflorum.
Trillium grandiflorum shoots.
Trillium recurvatum is called prairie trillium, but it grows
mostly in forests and savannahs. It is one of our taller
species, reaching 18"" (46 cm). The stems are mottled
maroon and green. The leaves are distinctly blotchy
and narrowed at the base so there are gaps between
them. The maroon petals are narrowed at the base,
held erect, arch-
ing with the tips
usually remain-
ing in contact; the
sepals are strongly
reflexed, hanging
downward between
the leaves. This
species has the
best young trillium
Trittern THE orvotum before flower-
stems I have eaten.
the will. render stem
Trillium recurvatum.
Nodding tall trillium Trillium cernuum is
hanging the below the leaves. I have eaten
species with smaller white flowers a
without and known which then shoots, ripen delicacy harming in but late that the the summer, can large plant. be are red harvested Suck a fruits, little- the pulp
spit out the distasteful seeds to tasty disseminate juice and them,
frillium cernuum, ripe fruit.
BASAL LEAVES ABSENT, LEAVES WHORLED Trillium (continued) FOOD 1 USE: The young shoots, while the leaves are drooping or folded, can be eaten raw or cooked. I think taste better than the leaves. Conservation 3. the stems okay, not excellent. There are numerous species of trillium species in our area. protected. Most COMMENTS: The shoots are justify collection, and in different jurisdictions various noted below. Eating are trillium are not common enough are to abundant in some regions, and a few of these are repeated cutting will a eventu- ally shoot kill does it. Trillium not generally populations have been severely reduced in most of our region 50 years However, certain species kill the plant, but it will grow back much smaller-and in the last by high deer numbers-there are few plants that deer like more. Large white trillium Trillium grandiflorum is by far the most common species across the northern US and southern Canada. The stems reach 24"" (60 cm) tall; shoots usually emerge green. The flowers are white, 2-4"" (5-10 cm) across, on a pedicel up to 4"" (10 cm) long, the petals overlapping at the base. The fruits are small, strongly ridged, and whitish. Trillium grandiflorum. Trillium grandiflorum shoots. Trillium recurvatum is called prairie trillium, but it grows mostly in forests and savannahs. It is one of our taller species, reaching 18"" (46 cm). The stems are mottled maroon and green. The leaves are distinctly blotchy and narrowed at the base so there are gaps between them. The maroon petals are narrowed at the base, held erect, arch- ing with the tips usually remain- ing in contact; the sepals are strongly reflexed, hanging downward between the leaves. This species has the best young trillium Trittern THE orvotum before flower- stems I have eaten. the will. render stem Trillium recurvatum. Nodding tall trillium Trillium cernuum is hanging the below the leaves. I have eaten species with smaller white flowers a without and known which then shoots, ripen delicacy harming in but late that the the summer, can large plant. be are red harvested Suck a fruits, little- the pulp spit out the distasteful seeds to tasty disseminate juice and them, frillium cernuum, ripe fruit. ","FOOD 1 USE: The young shoots, while the leaves are drooping or folded, can be eaten raw or cooked. I think
taste better than the leaves. Conservation 3.
the stems okay, not excellent. There are numerous species of trillium species in our area. protected. Most
",True, 'young shoots'
0237_b.txt,"1
LEAVES
ASSENT,
WHOMLED
Lily
2
genus Lilium
Liliaceae (Lily family)
","FOOD USE: Bulblets at the base (underground) are sweet and starchy and can be eaten
raw or cooked, but are better cooked. Conservation 3.
Wood lily
",True,"
    'bulblets'"
0238_a.txt,"BASAL
LEAVES
3 Cucumber root
3
Medeola virginiana
Liliaceae
(Lily
family)
","FOOD USE: Dig tubers at any time of year (best when the top is dormant), clean and eat raw or cooked.
They can be pickled, used in salads, or served as a cooked
vegetable. Conservation 3.
",True, 'tubers'
0238_b.txt,"4
Bunchberry
2
NG-333
Cornus canadensis
Cornaceae (Dogwood family)
","FOOD USE: Ripe berries can be collected in late summer and sometimes into fall. They have a weak but
pleasant flavor and make a nice trail nibble. The seeds stick to the pulp and are thus hard to spit cut, bu can
be harmlessly swallowed. Whole berries, seed and all, can be mashed or blended and eaten as a kin of sauce
or pudding. This fruit is better raw than cooked. Conservation 1.
",True,"
    'berries'"
0239_a.txt,"BASAL LEAVES ABSENT, LEAVES WHORLED
6 Whorled stonecrop
2
Sedum sarmentosum
family Crassulaceae
","FOOD USE: The leaves have a mild, slightly tangy flavor
and can be eaten raw or cooked from spring through early
fall, but they are best in spring and early summer.
",True,"
    'leaves'"
0239_b.txt,"LEAVES ABSENT, LEAVES WHOREED
7 Woodland stonecrop
2
Sedum ternatum
family Crassulaceae
","FOOD USE: Tender leaves and stem
tips can be eaten raw or cooked any
time of year, but especially spring
and early summer. Conservation 2.
",True,"
    'leaves','stem tips'"
0240_a.txt,"BASAL
8 Cleavers
1
family
Rubiaceae
","FOOD USE: The tender spring growth can be eaten raw or cooked-before it gets raspy enough to be irritating.
Because of the coarse texture it is best cooked, or used in a smoothie. Dry seeds can be roasted and ground
to make a coffee-like drink. Conservation 1.
",True,"
    'tender spring growth','seeds'"
0240_b.txt,"BABAL LEAVES AUSENT,LEAVES WHOREED
9
Dwarf ginseng
2
Panax trifolius
Araliaceae (Ginseng family)
","BABAL LEAVES AUSENT,LEAVES WHOREED
9
Dwarf ginseng
2
Panax trifolius
Araliaceae (Ginseng family)
QUICK CHECK: Small herb with a single whorl of 3 compound leaves, each with
.ssile leaflets; one central umbel of tiny white flowers. ID difficulty 1.
DESCRIPTION: Perennial spring ephemeral from an enlarged spherical tuber 0.2-0.6""
(5-15 mm) in diameter, typically 2-4"" (5-10 underground. Stems 3-9' (8-23 cm) tall and
1-3 mm thick, single, erect, unbranched, rounded, smooth, and hairless. Leaves in a single
whorl of 3 (rarely 4), each palmately compound with 3-5 (more often 3) sessile leaflets.
Petioles reddish, channeled, 60-80% of the terminal leaflet's length. Leaflets 0.5-2.5""
(13-65 mm) long, elliptic or oval to lanceolate, hairless (occasionally with a few appressed hairs along the
veins), coarsely toothed, occasionally lobed at the base. Midvein slightly depressed above but smaller veins
are nearly flat. Inflorescence a single, long-stalked spherical umbel of 12-22, reaching 1-4"" (2,5-10 cm) above
the leaves, the pedicels white. Flowers (spring) white, 4 mm wide, with 5 blunt-tipped, long-elliptic petals and
protruding stamens. Fruit a yellow-green 3-angled pod 5 mm wide, the surface with several ridges.
HABITAT: Rich, moist soil in hardwood or mixed conifer-hardwood forests, especially with white cedar. black
ash, balsam fir, red maple, or yellow birch. Often on the margins of swamps, in depressions in wooded areas.
or at the base of tree trunks. Native.
FOOD USE: In a dense colony select a few of
the larger roots. These are available all year but
are easiest to find when the tops are present.
They are slightly sweet, aromatic, and pleasant
to nibble raw but better cooked. Conservation 3.
",True,"
    'roots'"
0241_a.txt,"10 American ginseng
1
Panax quinquefolia
Araliaceae (Ginseng family)
CHECK: Shin-high, single-stemmed herb with a single whorl difficulty of palmately 2. com-
","FOOD USE: Roots can be eaten raw or cooked; gather in autumn. Conservation 3.
",True,"
    'roots'"
0241_b.txt,"inceoe
1cm
BASAL LEAVES ABSENT, LEAVES PAIRED,
STEMS SQUARED, MINTY-AROMATIC
GROUP 31 BASAL LEAVES ABSENT, LEAVES PAIRED,
STEMS SQUARED, MINTY-AROMATIC
The plants in group 31 all belong to the mint family, Lamiaceae. Their repertoire of food uses
is small-primarily as flavorings-but mints are well-known and popular among foragers
Many species are cultivated. This is one of the easiest and safest groups for beginners.
The most problematic part of this key is that variable leaf form occasionally results in
an atypical specimen having toothed or entire leaves in defiance of its species' norm.
TENTATIVE IDENTIFICATION KEY TO GROUP 31
The key is not your final answer!
Most leaves entire or nearly so (margins may be wavy or gland-dotted).
Leaves narrowly lanceolate to almost linear.
Ankle to shin-high; a few purple flowers in most leaf axils.
1. Calamint
or
Thigh to waist high; small terminal clusters of whitish flowers.
2. Virginia mountain mint
Leaves lanceolate or broader; definitely not linear.
Generally less than 18"" (45 cm) tall; calyces green.
Flowers in most axils; leaf hairless above, finely dotted.
4. American pennyroyal
or
Flowers in a few axils; leaf soft-hairy above, not dotted.
5. Wild basil
2-4' (60-120 cm) tall; terminal flower clusters with purple bracts and calyces.
6. Oregano
Most leaves distinctly toothed (although the teeth may be few and distant of rounded).
7. Dittany
Stem erect and woody at the base; shrub-like.
1. Calamint
Stem creeping with overlapping, leathery, evergreen leaves.
Stem erect and herbaceous.
Stem hairless.
8. Anise hyssop
Flowers almost regular with 4 nearly equal lobes.
12. Mint
or
Flowers clearly irregular, with 4 very unequal lobes or diverging lips.
Stem hairy (although the hairs may be tiny, woolly, or confined to the corners).
Leaf very rough-corrugated by many deeply depressed veinlets.
9. Horehound
Flowers in rounded clusters above drooping pairs of stem leaves.
10. Catnip
or
Flowers in terminal spike- or panicle-like clusters.
Leaf with secondary veins depressed but veinlets less SO or not at all.
11. Shiso
Stem corners rounded; all 4 sides deeply and narrowly grooved.
Stem corners not rounded; sides flat, convex, or concave but not deeply 4-grooved.
12. Mint
Flowers almost regular with 4 nearly equal lobes.
Flowers clearly irregular, with 4 very unequal lobes or 2 diverging lips.
14. Creeping charlie
Flowers in one-sided clusters of a few from leaf axils.
or
Flowers in dense, stacked clusters of many.
Clusters separated, with whorls of many bracts longer than the flowers:
15. Horsemint
or
flowers Clusters mostly crammed together. with whorls of bracts shorter than
15-30 mm long.
13. Tall woodmint
the flowers; flowers 8-12 mm long.
Flowers mostly or only In dense terminal clusters.
3. Broad-leaved mountain mint
Flowers 4-8 mm long with 4 unequal lobes.
16. Bergamot
Flowers 20-40 mm long with 2 long, narrow, diverging lips.
as
inceoe 1cm BASAL LEAVES ABSENT, LEAVES PAIRED, STEMS SQUARED, MINTY-AROMATIC GROUP 31 BASAL LEAVES ABSENT, LEAVES PAIRED, STEMS SQUARED, MINTY-AROMATIC The plants in group 31 all belong to the mint family, Lamiaceae. Their repertoire of food uses is small-primarily as flavorings-but mints are well-known and popular among foragers Many species are cultivated. This is one of the easiest and safest groups for beginners. The most problematic part of this key is that variable leaf form occasionally results in an atypical specimen having toothed or entire leaves in defiance of its species' norm. TENTATIVE IDENTIFICATION KEY TO GROUP 31 The key is not your final answer! Most leaves entire or nearly so (margins may be wavy or gland-dotted). Leaves narrowly lanceolate to almost linear. Ankle to shin-high; a few purple flowers in most leaf axils. 1. Calamint or Thigh to waist high; small terminal clusters of whitish flowers. 2. Virginia mountain mint Leaves lanceolate or broader; definitely not linear. Generally less than 18"" (45 cm) tall; calyces green. Flowers in most axils; leaf hairless above, finely dotted. 4. American pennyroyal or Flowers in a few axils; leaf soft-hairy above, not dotted. 5. Wild basil 2-4' (60-120 cm) tall; terminal flower clusters with purple bracts and calyces. 6. Oregano Most leaves distinctly toothed (although the teeth may be few and distant of rounded). 7. Dittany Stem erect and woody at the base; shrub-like. 1. Calamint Stem creeping with overlapping, leathery, evergreen leaves. Stem erect and herbaceous. Stem hairless. 8. Anise hyssop Flowers almost regular with 4 nearly equal lobes. 12. Mint or Flowers clearly irregular, with 4 very unequal lobes or diverging lips. Stem hairy (although the hairs may be tiny, woolly, or confined to the corners). Leaf very rough-corrugated by many deeply depressed veinlets. 9. Horehound Flowers in rounded clusters above drooping pairs of stem leaves. 10. Catnip or Flowers in terminal spike- or panicle-like clusters. Leaf with secondary veins depressed but veinlets less SO or not at all. 11. Shiso Stem corners rounded; all 4 sides deeply and narrowly grooved. Stem corners not rounded; sides flat, convex, or concave but not deeply 4-grooved. 12. Mint Flowers almost regular with 4 nearly equal lobes. Flowers clearly irregular, with 4 very unequal lobes or 2 diverging lips. 14. Creeping charlie Flowers in one-sided clusters of a few from leaf axils. or Flowers in dense, stacked clusters of many. Clusters separated, with whorls of many bracts longer than the flowers: 15. Horsemint or flowers Clusters mostly crammed together. with whorls of bracts shorter than 15-30 mm long. 13. Tall woodmint the flowers; flowers 8-12 mm long. Flowers mostly or only In dense terminal clusters. 3. Broad-leaved mountain mint Flowers 4-8 mm long with 4 unequal lobes. 16. Bergamot Flowers 20-40 mm long with 2 long, narrow, diverging lips. as ",,False,"
    []"
0242_a.txt,"BASAL SEAVES ABSENT,LEAVES,ATED
STEMS
Calamint
Calamintha
arkansana
Lamiaceae
(Mint
family)
","FOOD USE: The leaves can be used as a tea or seasoning,
fresh or dried. The overwintering leaves are too tough for
food, but the sprouts of the erect stems in spring are tender.
Conservation 2.
",True,"
    'leaves'
    
    'sprouts'"
0242_b.txt,"0
1cm
BASAL STEMS
2 Virginia Pycnanthemum mountain mint
LEAVESABED.M.LEAVES.PATIC
virginianum
","FOOD as USE: Gather leaves and young stems throughout the growing season to use fresh or dried for tea or
a flavoring. Conservation 2.
",True,"
    'leaves','young stems'"
0243_a.txt,"STEMS SQUARED, MINTY-AROMATIC
BASAL LEAVES ABSENT, LEAVES PAIRED,
Broad-leaved mountain mints (continued)
dense terminal clusters (also sometimes in the uppermost beneath axils), the cluster. round-
Inflorescence elongated or spike-like -with reduced leaves The calyx has
topped to flat : never verv small. 4-8 mm long, with 4 protruding stamens. well beyond the
Flowers pointed (summer) lobes Corolla whitish with purple to pinkish spots, protruding
calvx. 4 irregular with 4 lobes, the top one usually strongly recurved.
HABITAT: Mostly open or young forests, savannahs, and forest edges. All species native.
Collective rar
FOOD USE: Used like other mints for tea or seasoning, fresh or dried. Conservation 2.
of broad-leav
mountain min
COMMENTS: Mountain mints are not as well-known as the mints of the genus Mentha;
however, many are highly aromatic and good for the same uses. There are several similar species in our ar
that I have lumped together for discussion, but they do not all taste the same-some are more like mint
like bergamot. A few examples are pictured below.
a
(above) Pycnanthemum muticum has broad leaves with the
vers flat on the upper surface and tends to grow in dense
colonies. (right) Pycnanthemum incanum has lanceolate
leaver the upper ones whitened.
(left) (above) Pycnanthemum verticillatum
leaves Pycnanthemum verticillatum has flowers.
leaves are and not small whitened. heads of small flowers; lanceolate the upper
STEMS SQUARED, MINTY-AROMATIC BASAL LEAVES ABSENT, LEAVES PAIRED, Broad-leaved mountain mints (continued) dense terminal clusters (also sometimes in the uppermost beneath axils), the cluster. round- Inflorescence elongated or spike-like -with reduced leaves The calyx has topped to flat : never verv small. 4-8 mm long, with 4 protruding stamens. well beyond the Flowers pointed (summer) lobes Corolla whitish with purple to pinkish spots, protruding calvx. 4 irregular with 4 lobes, the top one usually strongly recurved. HABITAT: Mostly open or young forests, savannahs, and forest edges. All species native. Collective rar FOOD USE: Used like other mints for tea or seasoning, fresh or dried. Conservation 2. of broad-leav mountain min COMMENTS: Mountain mints are not as well-known as the mints of the genus Mentha; however, many are highly aromatic and good for the same uses. There are several similar species in our ar that I have lumped together for discussion, but they do not all taste the same-some are more like mint like bergamot. A few examples are pictured below. a (above) Pycnanthemum muticum has broad leaves with the vers flat on the upper surface and tends to grow in dense colonies. (right) Pycnanthemum incanum has lanceolate leaver the upper ones whitened. (left) (above) Pycnanthemum verticillatum leaves Pycnanthemum verticillatum has flowers. leaves are and not small whitened. heads of small flowers; lanceolate the upper ","FOOD USE: Used like other mints for tea or seasoning, fresh or dried. Conservation 2.
of broad-leav
mountain min
",True,"
    'mints'"
0243_b.txt,"mm
0
1cm
BASAL LEAVES ABSENT, LEAVES PAIRED,
STEMS SQUARED, MINTY-AROMATIC
4
American pennyroyal
Hedeoma pulegioides
Lamiaceae (Mint family)
","FOOD USE: Collect leaves and
use dry or fresh for tea. Conser-
vation 2.
",True, 'leaves'
0244_a.txt,"BASAL LEAVES ABSENT, LEAVES PAIRED,
STEMS SQUARED, MINTY-AROMATIC
Wild basil
Satureja vulgaris 4 Lamiaceae (Mint family)
","FOOD USE: Young greens in spring can be used as a slightly aromatic herb, sort of like a lame version of
basil. Conservation 1.
",True,"
    'Young greens'"
0244_b.txt,"1cm
BASAL STEMS LEAVES ABSENT, LEAVES PAIRED,
SQUARED, MINTY-AROMATIC
6 Oregano II
Origanum
vulgare
Lamiaceae
(Mint
family)
","FOOD USE: Dried or fresh leaves can be used as a
seasoning.
",True,"
    'leaves'"
0245_a.txt,"BASAL LEAVES ABSENT, LEAVES PAIRED,
STEMS SQUARED, MINTY-AROMATIC
Cunila Dittany origanoides Lamiaceae (Mint family)
","FOOD USE: Use leaves fresh
or dried for a tea or season-
ing. The taste is reminiscent
of oregano or bergamot. Con-
servation 2.
",True,"
    'leaves'"
0245_b.txt,"1cm
BASAL STEMS LEAVES ABSENT, LEAVES
8
SQUARED, MINTY-AROMATIC PAIRED,
Anise hyssop
Agastache foeniculum
Lamiaceae (Mint family)
","FOOD USE: Gather leaves at any time to use for tea; steep in hot water. May be used fresh or dried. Excellent
mixed with other teas. The tender tips can be used as a seasoning. Conservation 2.
",True," 'leaves','tips'"
0246_a.txt,"BASAL LEAVES ABSENT, LEAVES PAIRED,
STEMS SQUARED, MINTY-AROMATIC
Marrubium Horehound vulgare Lamiaceae (Mint family)
Extremely woolly, dark gray-green, clumped mint with clustered a mild in scent leaf
","FOOD USE: The leaves are steeped for tea or boiled as a flavoring
for candies. They can also be chewed for their flavor.
",True, 'leaves'
0246_b.txt,"mm
0
1cm
BASAL LEAVES ABSENT, LEAVES PAIRED,
STEMS SQUARED, MINTY-AROMATIC
10
Catnip
Nepeta cataria Lamiaceae (Mint family)
","FOOD USE: Tender new leaves can be nibbled or used as a seasoning, if one likes the potent flavor. Leaves
of any age can be used to make an aromatic tea.
",True,"
    'leaves'"
0247_a.txt,"STEMS BASAL
SEAVES ABSENT,LAVES PAIRE
Shiso
(Mint
family)
","FOOD USE: The greens can be collected from spring through late summer, but they are tenderest in spring
and early summer before flowering. They are used as a flavoring in many Asian cuisines-finely chopped raw,
cooked, fermented, or infused in vinegars and sauces. The seeds are oil-rich but have a strong flavor; they
are ground into a nutritive seasoning or pressed for an edible oil.
",True," ['greens','seeds']"
0247_b.txt,"Lamiaceoe (Mint family
BASAL LEAVES ABSENT, LEAVES PAIRED,
STEMS SQUARED, MINTY-AROMATIC
12
Mint
[1]
IWE-224
genus Mentha
Lamiaceae (Mint family)
","FOOD USE: To use fresh mint greens in salads, smoothies, or as a nibble, pick the new shoots and tips in
spring to early summer. Leaves can be picked any time and used fresh or dried for tea.
",True,"
    'shoots','tips','leaves'"
0248_a.txt,"BASAL LEAVES ABSENT, LEAVES PAIRED,
STEMS SQUARED, MINTY-AROMATIC
1
I
Mint (continued)
Spearmint 4 M. spicata and Peppermint M. X piperata
These mints have the flower whorls in the axils of reduced upper leaves, the whorls taken together making
a stout terminal spike. Their stems and leaves are hairless to faintly hairy (especially on veins below). The
differences between these two are subtle, but normally peppermint stems are purple, while spearmint stems
are green. Peppermint has darker purple flowers and short petioles 12-15% of blade length, and the teeth are
sharper and more prominent. Spearmint flowers are pale purple and the leaves are sessile.
Spearmint
Peppermint shoots.
BASAL LEAVES ABSENT, LEAVES PAIRED, STEMS SQUARED, MINTY-AROMATIC 1 I Mint (continued) Spearmint 4 M. spicata and Peppermint M. X piperata These mints have the flower whorls in the axils of reduced upper leaves, the whorls taken together making a stout terminal spike. Their stems and leaves are hairless to faintly hairy (especially on veins below). The differences between these two are subtle, but normally peppermint stems are purple, while spearmint stems are green. Peppermint has darker purple flowers and short petioles 12-15% of blade length, and the teeth are sharper and more prominent. Spearmint flowers are pale purple and the leaves are sessile. Spearmint Peppermint shoots. ",,False,"
    empty"
0248_b.txt,"0
BASAL LEAVES ABSENT, LEAVES PAIRED,
STEMS SQUARED, MINTY-AROMATIC
13 Tall woodmint
Blephilia hirsuta Lamiaceae (Mint family)
","FOOD USE: Young greens in spring as an herb; through the growing season the mature leaves can be used for
tea. A flush of new growth is produced in autumn after the tops die, available until severe cold. Conservation 2.
",True," 'young greens'
     'mature leaves'"
0249_a.txt,"STEMS BASAL
14 Creeping Charlie
Lamiaceae
(Mint
family)
Glechoma hederacea
over
the
ground;
mats
","FOOD ate USE: The leaves can be used as a flavoring in brewing beer or for tea.
For millions of us, the smell of this plant when hit by a
",True,"
    'leaves'"
0249_b.txt,"BASAL LEAVES ABSENT, LEAVES PAIRED,
STEMS SQUARED, MINTY-AROMATIC
about lips. The as long as the calyx; it diverges widely into two long,
tip. Stamens upper lip arches; the lower is folded downward and narrow, 3-lobed spotted at the
hidden beneath the upper lip.
HABITAT: Dry, poor, and typically sandy soil, usually in full sun; most
on roadsides, dry prairles, pine or oak barrens, and steep open slopes. Native. common 4
FOOD USE: The leaves can be gathered at any time to use fresh or dried for
tea. As a seasoning herb you want tender ones from spring or early summer.
Flowers can be picked as a flavoring in late summer.
COMMENTS: These beautiful natives are a pleasant sight on summer road-
sides, perfect to establish in a sandy front yard. There are 2 basic groups in the
genus Monarda: those with single terminal flower clusters (#16, bergamots),
and those with multiple stacked whorls below the terminal cluster (#15,
horsemints). There are at least 4 species in the horsemint-monarda group;
two of them are shown here.
Dotted horsemint M. punctata is a short-lived perennial with very showy
whitish to pink bracts and yellowish flowers.
Lemon monarda M. citriodora is distinguished by having several small leaves
of varying size, often asymmetrical, clustered in the leaf axils. The bracts
are whitish to purple and the corolla ranges from white to red-purplish and
is gland-dotted, hairy on the outside and in the throat. This species is only
slightly more lemony than the others.
(left) Dotted horsemint. (middle and right) Lemon monarda.
16 Bergamot
(in
part)
Lamiaceae
(Mint
family)
Monarda
genus with toothed leaves and dense, rounded, difficulty terminal 1.
","FOOD USE: The leaves can be gathered at any time to use fresh or dried for
tea. As a seasoning herb you want tender ones from spring or early summer.
Flowers can be picked as a flavoring in late summer.
",True," ['leaves','Flowers']"
0250_a.txt,"STEMS SQUARED, MINTY-AROMATIC
BASAL LEAVES ABSENT, LEAVES PAIRED,
Bergamot (continued)
veins 9-11 per side, 45° to the midvein, depressed above. tuft Leaves of hair sessile below
Midvein depressed above. Secondary petioles to 25% of blade length. There is sometimes Inflorescence a (sum-
or on short, Leaves shallowly are channeled often covered with up a white fungal infection mm) later across in the (not summer. stacked whorls), resembling
the petiole. convex terminal cluster 0,7-1,5"" (18-38 entire bracts, to 1.3"" (33 mm) long. Flow-
mer) a densely packed, beneath it is whorl of several elliptic to ovate, tubular, tipped with
a composite head; cm) long, narrow, a whitish to pink, purple or bright scarlet. Calyx a thin tube at the base gradually 5 narrow,
ers 0.8-1.6"" (2-4 equal in length. Corolla extends far beyond the calyx, and arching. The
pointed lobes almost diverging at a broad angle into 2 long and slender lips, the upper one narrower protrude beyond
style widening, is hidden then beneath the downcurved edges of the upper lip; so are the stamens, but they it
HABITAT: Well-drained soil in full to partial sun; occasionally in moister sites. Fields, roadsides, meadows,
pastures, sparse woods, forest openings. All listed species are native, although some are planted outside of
their native ranges.
FOOD USE: Gather leaves and dry them; they're best in early summer but can be used any time in teas, or
dried and used as a seasoning similar to oregano. Tender growing tops in spring are best. Flowers can be used
similarly; they're extremely potent. Conservation 2.
COMMENTS: This strongly and uniquely flavored mint is one of our most common. The flowers have the
most potent minty-hot flavor that I have encountered in any North American plant. Although it is commonly
claimed that bergamot is a flavoring in Earl Grey tea, this refers to a different and totally unrelated plant in
the citrus family. There are several species in our region, and although the flavor of all varies slightly, they can
be used similarly. A few common ones are pictured below. AKA bee-balm, Oswego tea.
Wild bergamot M. fistulosa is the most common species in our region, growing 2-4' (60-120 cm) tall and pro-
ducing light purple flowers. It inhabits well-drained sunny fields and meadows. This species is highly variable
and some taxonomists have divided it into several species.
Scarlet bee-balm M. didyma is our tallest species, and with its large scarlet flowers, probably our most striking.
It is less aromatic than the others, and the milder flowers make a beautiful garnish. It is found in openings or
sparse woodlands with rich, moist soil, especially in floodplains and valleys.
530
(left) Scarlet bee balm. (middle and right) Wild bergamot.
STEMS SQUARED, MINTY-AROMATIC BASAL LEAVES ABSENT, LEAVES PAIRED, Bergamot (continued) veins 9-11 per side, 45° to the midvein, depressed above. tuft Leaves of hair sessile below Midvein depressed above. Secondary petioles to 25% of blade length. There is sometimes Inflorescence a (sum- or on short, Leaves shallowly are channeled often covered with up a white fungal infection mm) later across in the (not summer. stacked whorls), resembling the petiole. convex terminal cluster 0,7-1,5"" (18-38 entire bracts, to 1.3"" (33 mm) long. Flow- mer) a densely packed, beneath it is whorl of several elliptic to ovate, tubular, tipped with a composite head; cm) long, narrow, a whitish to pink, purple or bright scarlet. Calyx a thin tube at the base gradually 5 narrow, ers 0.8-1.6"" (2-4 equal in length. Corolla extends far beyond the calyx, and arching. The pointed lobes almost diverging at a broad angle into 2 long and slender lips, the upper one narrower protrude beyond style widening, is hidden then beneath the downcurved edges of the upper lip; so are the stamens, but they it HABITAT: Well-drained soil in full to partial sun; occasionally in moister sites. Fields, roadsides, meadows, pastures, sparse woods, forest openings. All listed species are native, although some are planted outside of their native ranges. FOOD USE: Gather leaves and dry them; they're best in early summer but can be used any time in teas, or dried and used as a seasoning similar to oregano. Tender growing tops in spring are best. Flowers can be used similarly; they're extremely potent. Conservation 2. COMMENTS: This strongly and uniquely flavored mint is one of our most common. The flowers have the most potent minty-hot flavor that I have encountered in any North American plant. Although it is commonly claimed that bergamot is a flavoring in Earl Grey tea, this refers to a different and totally unrelated plant in the citrus family. There are several species in our region, and although the flavor of all varies slightly, they can be used similarly. A few common ones are pictured below. AKA bee-balm, Oswego tea. Wild bergamot M. fistulosa is the most common species in our region, growing 2-4' (60-120 cm) tall and pro- ducing light purple flowers. It inhabits well-drained sunny fields and meadows. This species is highly variable and some taxonomists have divided it into several species. Scarlet bee-balm M. didyma is our tallest species, and with its large scarlet flowers, probably our most striking. It is less aromatic than the others, and the milder flowers make a beautiful garnish. It is found in openings or sparse woodlands with rich, moist soil, especially in floodplains and valleys. 530 (left) Scarlet bee balm. (middle and right) Wild bergamot. ","FOOD USE: Gather leaves and dry them; they're best in early summer but can be used any time in teas, or
dried and used as a seasoning similar to oregano. Tender growing tops in spring are best. Flowers can be used
similarly; they're extremely potent. Conservation 2.
",True,"
    'leaves','Flowers'"
0250_b.txt,"STEMS SQUARE, NOT STRONGLY AROMATIC PAIRED,
BASAL LEAVES ABSENT, LEAVES
GROUP 32 BASAL LEAVES ABSENT, LEAVES PAIRED,
STEMS SQUARE, NOT STRONGLY AROMATIC
stemmed his group plants contains several non-aromatic members of the mint family,
leafy and from several other families. The edible parts produced as well as square-
edible greens seeds. shoots as well as some tubers and rhizomes; one include many
90° to that Plants in group 32 have decussate leaves (the axis of each species produces
squared of the adjacent pairs). Giant St. John's wort has stems that are opposing pair is
has when young but only faintly 50 when older, and so may key to very strongly
plant basal leaves when young and is included in group 21, but since this group is surpris- 33. Cup
included in this key as well.
ing based on its form, and the basal leaves disappear completely by flowering, it is
TENTATIVE IDENTIFICATION KEY TO GROUP 32
The key is not your final answer!
Leaf simple.
Leaf margins toothed, not bristled or lobed.
or
Leaves winged to the stem, the wings joined and enlarged to form a cup. Cup plant (p. 307).
Leaves with distinct petioles.
Leaves drooping, crowded, and overlapping above a conspicuously naked stem section.
1. Purple deadnettle
Leaves spreading to ascending, not crowded and overlapping, evenly spaced.
Plants less than 20"" tall at maturity, leaves blunt, teeth rounded.
3. Florida betony
or
Plants more than 24"" tall at maturity, leaves and teeth pointed.
Stem conspicuously enlarged below each node, flowers pink-purple and 2-lipped.
all secondary veins pinnate, stinging hairs absent.
5. Hemp-nettle
Stem not enlarged below the node, flowers tiny and unshowy in drooping clusters,
some major veins from the leaf base, stinging hairs present.
7. Stinging nettle
Leaves mostly sessile or nearly sessile.
or
Leaves drooping, crowded, and overlapping above a conspicuously naked stem section.
1. Purple deadnettle
Leaves not drooping, evenly spaced.
Blade stiff-hairy with strongly depressed veinlets, flowers 2-lipped.
4. Woundwort
Blades hairless or soft hairy, veinlets scarcely depressed, flowers 4-lobed.
6. Bugleweed
2. Henbit
Leaf lobed, with large rounded teeth.
8. Virginia meadow beauty
margins with tiny, bristle-tipped teeth.
entire.
Stems erect and stiff, 3-6' (1-2 m) tall, more than 4 mm thick.
Stems 4-7 mm thick, stem and leaves hairless, veins strongly offset by light color,
9. Giant St. John's wort
flowers yellow.
or
Stems 8-15 mm thick, stem and leaves at least faintly hairy, veins not strongly offset
10. Purple loosestrife
by light color, flowers purple.
11. Stitchwort
Stems creeping to weakly erect, to 30"" (75 cm) long, 1-2 mm thick.
12. Romerillo
impound. flets evate or lanceolate and unlobed; heads with white rays.
13. Spanish needles
Hets deeply lobed; heads with yellow rays, of no rays.
531
STEMS SQUARE, NOT STRONGLY AROMATIC PAIRED, BASAL LEAVES ABSENT, LEAVES GROUP 32 BASAL LEAVES ABSENT, LEAVES PAIRED, STEMS SQUARE, NOT STRONGLY AROMATIC stemmed his group plants contains several non-aromatic members of the mint family, leafy and from several other families. The edible parts produced as well as square- edible greens seeds. shoots as well as some tubers and rhizomes; one include many 90° to that Plants in group 32 have decussate leaves (the axis of each species produces squared of the adjacent pairs). Giant St. John's wort has stems that are opposing pair is has when young but only faintly 50 when older, and so may key to very strongly plant basal leaves when young and is included in group 21, but since this group is surpris- 33. Cup included in this key as well. ing based on its form, and the basal leaves disappear completely by flowering, it is TENTATIVE IDENTIFICATION KEY TO GROUP 32 The key is not your final answer! Leaf simple. Leaf margins toothed, not bristled or lobed. or Leaves winged to the stem, the wings joined and enlarged to form a cup. Cup plant (p. 307). Leaves with distinct petioles. Leaves drooping, crowded, and overlapping above a conspicuously naked stem section. 1. Purple deadnettle Leaves spreading to ascending, not crowded and overlapping, evenly spaced. Plants less than 20"" tall at maturity, leaves blunt, teeth rounded. 3. Florida betony or Plants more than 24"" tall at maturity, leaves and teeth pointed. Stem conspicuously enlarged below each node, flowers pink-purple and 2-lipped. all secondary veins pinnate, stinging hairs absent. 5. Hemp-nettle Stem not enlarged below the node, flowers tiny and unshowy in drooping clusters, some major veins from the leaf base, stinging hairs present. 7. Stinging nettle Leaves mostly sessile or nearly sessile. or Leaves drooping, crowded, and overlapping above a conspicuously naked stem section. 1. Purple deadnettle Leaves not drooping, evenly spaced. Blade stiff-hairy with strongly depressed veinlets, flowers 2-lipped. 4. Woundwort Blades hairless or soft hairy, veinlets scarcely depressed, flowers 4-lobed. 6. Bugleweed 2. Henbit Leaf lobed, with large rounded teeth. 8. Virginia meadow beauty margins with tiny, bristle-tipped teeth. entire. Stems erect and stiff, 3-6' (1-2 m) tall, more than 4 mm thick. Stems 4-7 mm thick, stem and leaves hairless, veins strongly offset by light color, 9. Giant St. John's wort flowers yellow. or Stems 8-15 mm thick, stem and leaves at least faintly hairy, veins not strongly offset 10. Purple loosestrife by light color, flowers purple. 11. Stitchwort Stems creeping to weakly erect, to 30"" (75 cm) long, 1-2 mm thick. 12. Romerillo impound. flets evate or lanceolate and unlobed; heads with white rays. 13. Spanish needles Hets deeply lobed; heads with yellow rays, of no rays. 531 ",,False,"
    []"
0251_a.txt,"NOT
1
Lamium purpureum Lamiaceae (Mint family)
Purple deadnettle
2
naked most of their length with a tuft of drooping, them.
","FOOD USE: Gather the tender stems and greens by plucking or cutting in early spring-preferably before
any flowers open. Their flavor is mild and the texture pleasant-good but not exceptional as a nibble, in salad,
or as a potherb.
",True,"
    'stems','greens'"
0251_b.txt,"BASAL LEAVES ABSENT, LEAVES
SQUARE, NOT STRONGLY AROMATIC PAIRED,
2
Henbit
OF
1
Lamium amplexicaule
Lamiaceae (Mint family)
clasping, DUICK CHECK: ruffled Short, unbranched mint with well separated
leaves; flowers projecting above the upper leaves. DRIVE of ID difficulty
","FOOD USE: Collect tender young leaves and upper stems in early to
mid spring, and use as a potherb or salad green.
",True,"
    'leaves','stems'"
0252_a.txt,"3 Florida betony
3
2
","FOOD USE: Collect tubers any time (but they are lowest in quality at
peak green growth, when they are easiest to find). They are delicious
raw or cooked and are reported to make good pickles. Young shoots/
greens, collected in spring from plants before flowering, can be eaten raw
or cooked. Lawn plants usually have lame little tubers. Conservation 2/1.
",True," ['tubers','Young shoots','Young greens']"
0252_b.txt,"(Mint
fam
BASAL LEAVES ABSENT, LEAVES
SQUARE, NOT STRONGLY AROMATIC PAIRED,
4
Woundwort
3
2
Stachys palustris (species complex)
Lamiaceae (Mint family)
","FOOD USE: Dig rhizomes from fall through spring; they are brittle and break easily. They are delicious raw
or cooked. Tender shoots can also be eaten in spring, raw or cooked. Conservation 3/2.
",True,"
    'rhizomes','shoots'"
0253_a.txt,"STEMS BASAL SQUARE, NOT STRONGLY ANOMATIC
LEAVES ABSENT, LEAVES PAINED,
3
5
Hemp-nettle Galeopsis tetrahit Lamiaceae (Mint family)
","FOOD USE: Gather seeds in late summer as they darken and become loose in their capsules. Lean the
plants over a container and strike or shake them with a gloved hand. Gather from still-green plants with green
bracts-brown ones have already dropped their good seed. Look for
dark seeds; light brown ones are empty. Sift out insects and trash, then
Galeopsis tetrahit seeds in hand.
use the seeds in baking or hot cereal. The young greens in spring have
a mild flavor reminiscent of purple dead-nettle.
",True, ['seeds']
0253_b.txt,"STEMS SQUARE, NOT STRONGLY AROMATIC PAIRED,
BASAL LEAVES ABSENT, LEAVES
6 Bugleweed 2
NG-393
genus
Lycopus
(in
part)
Lamiaceae (Mint family)
of nearly regular flowers in the leaf axils. ID difficulty 3.
UICK tiny, CHECK: Non-aromatic mints with coarsely toothed leaves and
","FOOD USE: Tubers are usually very close
to the surface and close to the parent plant:
you can often get them out easily with your
fingers. Gather them from fall through early
spring. They can be eaten raw or cooked. Con-
servation 3.
(Continued on the next page.)
Northern bugleweed it wet most
(es.
found
in
oot
shady
commo 419 small with small tubers.
spec
537
",True,"
    'tubers'"
0254_a.txt,"STEMS SQUARE, NOT STRONGLY AROMATIC
BASAL LEAVES ABSENT, LEAVES PAIRED,
6
Bugleweed (continued)
are mundane in appearance but the group is easily recognized. into Almost any wet-
COMMENTS: Bugleweeds is likely to have a species present, and the tubers are easily incorporated in region, cooking. but I The
biggest land in our drawback region is their small size. I have not eaten all of the species of bugleweed our have
caten all of the common ones pictured here.
Western bugleweed L. asper is a smaller species found in wetlands
from the Great Plains westward. The stems are densely hairy, the
leaves more closely spaced and ascending, and the tubers small.
widely L. rubellus is a taller Taper-leaf
bugleweed (left and above middle and right)
found spaced leaves and larger species tubers, with often
in shallow, rocky streams.
538
STEMS SQUARE, NOT STRONGLY AROMATIC BASAL LEAVES ABSENT, LEAVES PAIRED, 6 Bugleweed (continued) are mundane in appearance but the group is easily recognized. into Almost any wet- COMMENTS: Bugleweeds is likely to have a species present, and the tubers are easily incorporated in region, cooking. but I The biggest land in our drawback region is their small size. I have not eaten all of the species of bugleweed our have caten all of the common ones pictured here. Western bugleweed L. asper is a smaller species found in wetlands from the Great Plains westward. The stems are densely hairy, the leaves more closely spaced and ascending, and the tubers small. widely L. rubellus is a taller Taper-leaf bugleweed (left and above middle and right) found spaced leaves and larger species tubers, with often in shallow, rocky streams. 538 ",,False,"
    []"
0254_b.txt,"SQUARE, NOT STRONGLY AROMATIC PAIRED,
LEAVES ABSENT, LEAVES
7
Stinging nettle
3
Urtica
dioica
FH-170
Urticaceae (Nettle family)
stinging JICK CHECK: hairs, tiny Tall, erect, mostly unbranched herb with lanceolate, leaves.
unshowy flowers, and four grooves in its stem. ID difficulty paired
","FOOD USE: Gather tender leafy tops in spring, using
gloves if desired to prevent getting stung. Briefly poil-
ing or steaming destroys the capacity to sting. Use
the cooked greens as you would spinach. The cooking
water makes an excellent tea (or if salted. broth).
Older leaves become tough but remain suitable for
tea or broth. The young leaves are easy to dry for
future use. A new flush of growth usually appears
in autumn. but tends to be of lesser quality than the
spring growth. Conservation 2.
",True, ['young leaves']
0255_a.txt,"Taxonomists have long debated
whether they should split this
plant into multiple species (in
which case you will find our
native stinging nettle designated
U. gracilis) or lump all regional
populations together under the
name U. dioica. In any case, all
members of this ""species com-
plex"" are similarly edible. The
oft-repeated warning about older
leaves becoming unsafe for tea
should be ignored.
Related edibles:
Ball-head nettle
Urtica chamaedryoides
This is a native annual of disturbed,
rich sites in forests or barnyards of
the South, attaining heights of up
to 2' (60 cm) on flimsy stems often
supported by surrounding vegeta-
tion. It often has multiple stems or
branches from the base, and the leaves are broadly ova
to nearly triangular. The flower clusters are nearly sphe
cal. AKA heart-leaf nettle, weak nettle, dwarf nettle. TI
greens can be used like those of stinging nettle, but tl
growth is never as tender, rapid, or voluminous.
Dog nettle
Urtica urens
An annual introduced from
Europe, this plant is found
in moist, disturbed, shaded
soil. It is spottily distrib-
uted, mostly in the southern
states. 11 has broad, closely-spaced leaves and rarely
exceeds 20"" (50 cm) in height, but is otherwise very
similar to stinging nettle and can be used similarly.
However, smaller since it IS an annual, the tender portion
540
Taxonomists have long debated whether they should split this plant into multiple species (in which case you will find our native stinging nettle designated U. gracilis) or lump all regional populations together under the name U. dioica. In any case, all members of this ""species com- plex"" are similarly edible. The oft-repeated warning about older leaves becoming unsafe for tea should be ignored. Related edibles: Ball-head nettle Urtica chamaedryoides This is a native annual of disturbed, rich sites in forests or barnyards of the South, attaining heights of up to 2' (60 cm) on flimsy stems often supported by surrounding vegeta- tion. It often has multiple stems or branches from the base, and the leaves are broadly ova to nearly triangular. The flower clusters are nearly sphe cal. AKA heart-leaf nettle, weak nettle, dwarf nettle. TI greens can be used like those of stinging nettle, but tl growth is never as tender, rapid, or voluminous. Dog nettle Urtica urens An annual introduced from Europe, this plant is found in moist, disturbed, shaded soil. It is spottily distrib- uted, mostly in the southern states. 11 has broad, closely-spaced leaves and rarely exceeds 20"" (50 cm) in height, but is otherwise very similar to stinging nettle and can be used similarly. However, smaller since it IS an annual, the tender portion 540 ",,False,"
    []"
0255_b.txt,"1cm
STEMS SQUARE, NOT STRONGLY AROMATIC PAIRED,
BASAL LEAVES ABSENT, LEAVES
8 Virginia meadow beauty
2
Rhexia virginica
2
family Melastomataceae
","FOOD USE: Tubers are crisp and slightly tangy, but tiny and hard to
gather in quantity. Collect tender young leaves and growing tips in
spring or early summer, before they get too tough and raspy. They have
a tangy flavor and are best raw as a salad or nibble. Conservation 3/2.
",True," ['tenders','Young leaves']"
0256_a.txt,"BASAL LEAVES ABSENT,
STEMS SQUARE, NOT STRO
9
Giant St. John's wort
2
Hypericum
ascryon
family
Hypericaceae
","FOOD USE: Tender shoots, which appear in mid spring, can be eaten raw or cooked. I strip off the leaves and
eat only the stems, because they taste much better. Conservation 2.
",True,"
    'stems'"
0256_b.txt,"10 Purple loosestrife
1
1
Lythrum salicaria Lythraceae (Loosestrife family)
","FOOD USE: Young shoots and attached leaves can be eaten cooked as a potherb. The flowers can also be
eaten as a garnish or used to impart color to infusions and confections.
",True,"
    'young shoots','flowers'"
0257_a.txt,"STEMS BASAL SQUARE, NOT STRONGLY AROMATIC
LEAVES ABSENT, LEAVES PAIRED,
11
Stitchwort
3
IWE-90
Stellaria graminea, S. longifolia
Caryophyllaceae (Pink family)
Mat-forming plant with sharply angled stems; narrow leaves and thread-like. extremely
","FOOD USE: When spring mats first start to turn
upright, grab small clumps and cut the tender leafy
tips with scissors. They make a tasty nibble or salad
ingredient. Older stems are very tough.
",True, 'tips'
0257_b.txt,"STEMS SQUARE, NOT STRONGLY AROMATIC PAIRED,
BASAL LEAVES ABSENT, LEAVES
12 Romerillo
2
Bidens alba
Asteraceae (Composite family)
","FOOD USE: Tender young leaves have a peculiar but not unpleasant flavor, rather strong, and can be eaten raw
or cooked. The flowerheads have a strong marigold-like flavor and are an excellent seasoning. Conservation 1.
",True,"
    'leaves','flowerheads'"
0258_a.txt,"BASAL LEAVES ABSENT, LEAVES PAIRED,
STEMS SQUARE, NOT STRONGLY
13 Spanish needles
Bidens bipinnata Asteraceae 2 (Composite family)
stemmed erect herb with paired leaves that are twice ID difficulty pinnately 1.
","FOOD USE: Tender greens can be eaten raw or cooked from
early summer to early fall. The flowerheads have a marigold-
like flavor and can be used as a seasoning (though it is weaker
than romerillo). Conservation 1.
",True,"
    'tender greens'"
0258_b.txt,"AM
1cm
L'LEAVES ABSENT, STEMS NOT SQUARE, LEAVES PAIRED, ENTIRE
GROUP 33 BASAL LEAVES ABSENT, STEMS NOT SQUARE,
LEAVES PAIRED, ENTIRE
A few distinct families of plants compose group 33. The edible parts produced are not very
diverse, consisting almost entirely of greens, shoots, flowers, buds, and pods. The plants
i. this group are generally fairly easy for beginners to recognize, with the exception that
milkweed shoots can easily be confused with those of dogbane.
TENTATIVE IDENTIFICATION KEY TO GROUP 33
The key is not your final answer!
Stems trailing, creeping, decumbent, or reclining; if erect, weakly and inconsistently so.
Leaves thick and succulent.
Leaves broad and ovate, the members of the pair similar in size.
1. Seabeach sandwort
Leaves long and narrow, often mismatched in size.
or
Leaves green and somewhat glossy; coastal.
2. Sea-pursiane
Leaves gray-green and dull; mostly inland.
3. Western sea-purslane
Leaves thin and delicate.
Some stems with a line of fine hairs on one side only.
or
Flowers less than 8 mm across with petals shorter than sepais.
4. Common chickweed
or
5. Star chickweed
Flowers more than 1 cm across, petals much longer than sepais.
All stems either hairless or hairy all around (hairs never in a line).
Stems and leaves hairless or with very short, soft, woolly hair.
6. Water chickweed
Leaves ovate, acute-pointed; petals longer than sepals.
or
Leaves roundish, abruptly nipple-tipped; petals shorter than sepals.
8. Drymary
7. Mouse-ear chickweed
Stems and leaves densely covered with long, stiff hair.
generally erect and self-supporting (although possibly toppling with age).
9. Devil's claw
Lower leaves paired, upper leaves alternate; surfaces sticky-hairy-smelly.
Lower leaves paired, upper leaves packed into whorls. Swedish bunchberry (p. 507).
All leaves paired (except occasionally alternate near the flowers): not sticky-hairy-smelly.
Stems less than 4 mm thick: sap not milky.
10. Woodland phiox
Stems not branched. leaves faintly hairy, flowers blue.
11. Prairie phiox
or
Stems often branched, leaves densely hairy, flowers purple.
Stems more than 1 cm thick; sap milky.
in branchy clusters; pods needle-like. Dogbanes (poisonous, p. thick. 675).
Flowers Flewers in umbels; pods pointed but not needle-like, more than 12 mm
Stems covered with very fine, short, soft wool; leaves abruptly pointed.
Flower densely crown longer then the central structure; Crown and petals pinkish-purple.
12. Common milkweed
Crown points not curved, clearly shorter than petals.
13. Showy milkweed
or
Flower Crown crown equal to or shorter than the central structure, usually smooth. pale.
points curved, elongated, about equal to petals.
14. Green milkweed
or
pressed against the central structure: pod
15. Sand milkweed
Crown Crown points points not pressed against the central structure: pod densely woolly.
16. Poke milkweed
Stams very sparsely woolly: leaves with long-pointed tips.
AM 1cm L'LEAVES ABSENT, STEMS NOT SQUARE, LEAVES PAIRED, ENTIRE GROUP 33 BASAL LEAVES ABSENT, STEMS NOT SQUARE, LEAVES PAIRED, ENTIRE A few distinct families of plants compose group 33. The edible parts produced are not very diverse, consisting almost entirely of greens, shoots, flowers, buds, and pods. The plants i. this group are generally fairly easy for beginners to recognize, with the exception that milkweed shoots can easily be confused with those of dogbane. TENTATIVE IDENTIFICATION KEY TO GROUP 33 The key is not your final answer! Stems trailing, creeping, decumbent, or reclining; if erect, weakly and inconsistently so. Leaves thick and succulent. Leaves broad and ovate, the members of the pair similar in size. 1. Seabeach sandwort Leaves long and narrow, often mismatched in size. or Leaves green and somewhat glossy; coastal. 2. Sea-pursiane Leaves gray-green and dull; mostly inland. 3. Western sea-purslane Leaves thin and delicate. Some stems with a line of fine hairs on one side only. or Flowers less than 8 mm across with petals shorter than sepais. 4. Common chickweed or 5. Star chickweed Flowers more than 1 cm across, petals much longer than sepais. All stems either hairless or hairy all around (hairs never in a line). Stems and leaves hairless or with very short, soft, woolly hair. 6. Water chickweed Leaves ovate, acute-pointed; petals longer than sepals. or Leaves roundish, abruptly nipple-tipped; petals shorter than sepals. 8. Drymary 7. Mouse-ear chickweed Stems and leaves densely covered with long, stiff hair. generally erect and self-supporting (although possibly toppling with age). 9. Devil's claw Lower leaves paired, upper leaves alternate; surfaces sticky-hairy-smelly. Lower leaves paired, upper leaves packed into whorls. Swedish bunchberry (p. 507). All leaves paired (except occasionally alternate near the flowers): not sticky-hairy-smelly. Stems less than 4 mm thick: sap not milky. 10. Woodland phiox Stems not branched. leaves faintly hairy, flowers blue. 11. Prairie phiox or Stems often branched, leaves densely hairy, flowers purple. Stems more than 1 cm thick; sap milky. in branchy clusters; pods needle-like. Dogbanes (poisonous, p. thick. 675). Flowers Flewers in umbels; pods pointed but not needle-like, more than 12 mm Stems covered with very fine, short, soft wool; leaves abruptly pointed. Flower densely crown longer then the central structure; Crown and petals pinkish-purple. 12. Common milkweed Crown points not curved, clearly shorter than petals. 13. Showy milkweed or Flower Crown crown equal to or shorter than the central structure, usually smooth. pale. points curved, elongated, about equal to petals. 14. Green milkweed or pressed against the central structure: pod 15. Sand milkweed Crown Crown points points not pressed against the central structure: pod densely woolly. 16. Poke milkweed Stams very sparsely woolly: leaves with long-pointed tips. ",,False,"
    []"
0259_a.txt,"BASAL LEAVES ABSENT, STEMS NOT SQUARE, LEAVES PAIRED, ENTIRE
Seabeach sandwort
2
1
Honckenya peploides Caryophyllaceae (Pink family)
","FOOD USE: The leaves and stem tips remain succulent and tender through the growing season and can be
gathered all summer and eaten raw as a snack, in salads,
or cooked as a vegetable. These are traditionally mixed
with other vegetables and fermented for storage by
peoples of the Far North.
",True,"
    'leaves','stem tips'"
0259_b.txt,"1cm
BASAL LEAVES ABSENT, STEMS NOT SQUARE, LEAVES PAIRED, ENTIRE
2
Sea-purslane
3
Sesuvium portulacastrum family Aizoaceae
","FOOD USE: The tender stem tips and leaves are pleasantly salty and can be eaten raw or cooked year-round.
Some overwintering leaves become enlarged and are especially good. Conservation 2.
",True," ['stem tips','leaves']"
0260_a.txt,"BASAL LEAVES ABSENT, STEMS NOT SQUARE, LEAVES
CHICKWEED
IWE-90
genus Stellaria (in part)
Caryophyllaceae
(Pink
family)
GROUP ID: I ow creeping or lax plants with non-tapered stems, paired entire leaves, and flowers
","FOOD USE: Collect leafy greens from young stems that are still tender-not from flowering branches. These
are most abundant during the cool periods of spring and fall. Use in salads, as a raw nibble, or cooked. The
mild flavor reminds people of corn silk.
",True, 'leafy greens'
0260_b.txt,"BASAL LEAVES ABSENT, STEMS NOT SQUARE, LEAVES PAIRED, ENTIRE
COMMENTS: and Common chickweed is especially prevalent
like areas is an excellent salad green. Lesser chic kweed S. in urban
have a miniature version of common chickweed, but its flowers pallida is
, petals and most of them are self-pollinated and do not open carely
also possibly introduced.
5 Star chickweed Stellaria pubera
3
",,False,"
    empty

    Input:
    ""Aloe Vera is a succulent plant with thick, fleshy leaves. The leaves are rich in nutrients, vitamins, and minerals. They are commonly used for medicinal purposes. To extract the gel, first cut off a leaf, then slice it lengthwise and scoop out the clear gel with a spoon.""

    Output:
    'leaves'"
0261_a.txt,"BASAL LEAVES ABSENT, STEMS NOT
3
chickweed Stellaria aquatica
6 Water chickweed with long stems difficulty and large, 1. pointed leaves, the
",,False,"
    []"
0261_b.txt,"BASAL LEAVES ABSENT, STEMS NOT SQUARE, LEAVES PAIRED, ENTIRE
turned Leaves golden paired, 0.3-0.8"" (8-20 mm) long, ovate to nearly cound.
bumpy and densely nipple, sessile, the midvein strongly depressed but the
p. Flowers 8-12 covered with long, stiff hairs Mostly evergreen other Inflorescence
with many teeth at mm the across, tip where the it 5 splits petals open. almost as long as their, very tair, sebals Fruit an alongated the and
roadsides. HABITAT: Usually Repeatedly considered disturbed introduced soils of but all kinds probably in full native, to partial sur. Lawns, sidewalk cracks beaches.
hairs FOOD in USE: the leaves. The tenderest young leaves can be eaten raw or cooked. if you don't nd the dirt held ny the
COMMENTS: Extremely common, but never as tender or flavorful as common shickweed. There are numer
ous species in this genus, all safe but mediocre and barely worth eating. AKA C. vulgatum
8
Drymary Drymaria cordata 2
","hairs FOOD in USE: the leaves. The tenderest young leaves can be eaten raw or cooked. if you don't nd the dirt held ny the
FOOD USE: Tender leaves are
eaten raw or cooked.
",True, ['leaves']
0262_a.txt,"BASAL LEAVES ABSENT, STEMS NOT SQUARE, LEAVES PAIRED, ENTIRE
Devil's claw
2
Proboscidea louisiana
family
Martyniaceae
CHECK: Low, hairv, musky plant with large leaves (looks like a zuchini plant 1.
","FOOD USE: Tender, immature pods can be cooked
as a vegetable or made into pickles. You may want
to rub them in water to wash and remove the sticky
hairs; or parboil them, since the skins contain a bitter
element. Ripe seeds can also be eaten raw or cooked,
although I've only tried them once and don't have
much of an opinion. Conservation 2.
",True," ['pods','seeds']"
0262_b.txt,"ABSENT, STEMS NOT SQUARE, LEAVES PAIRED, ENTIRE
10 Woodland phiox
3
3
Phlox divaricata family Polemoniaceae
","FOOD USE: Tender new leaves
and tops can be eaten raw or
cooked in spring-general
before blooming. You can also eat
new flowers and buds on slightly
older plants. Conservation 2.
",True,"
    'leaves','new flowers','buds'"
0263_a.txt,"BASAL LEAVES ABSENT, STEMS NOT SQUARE, LEAVES PAIRED, ENTIRE 2
2
2
2
MILKWEED (Not all species are family edible!)
Asclepiadaceae
FH-290
genus Asclepias (in part) milky sap, paired leaves on very difficulty short 3/1. petioles; umbels of
QUIC H GROUP CHECK: Unbranched tapered stems, pods with parachuted seeds. ID
flowers with a s-part Perennials, crown; mostly green erect, spreading roundish by rhizomes, to faintly exuding 4-sided, copious solid, tapered milky little, sap from 2-6' wounds (60-180 offset
","FOOD USE: All parts of milkweed should be boiled before consumption, although the multiple changes of
boiling water urged by many authors are generally unnecessary. Young shoots (spring), tender leafy tops
(early summer), flower buds (early to mid summer), and immature pods (mid to late summer) can all be used
in soups or casseroles, or served alone as a vegetable. The young pods may be eaten whole, but with larger
(but still immature) pods I like to remove the silk and use that by itself; it is mild and sweet and adds a melted
cheese-like texture to casseroles.
",True,"
    'shoots','tender leafy tops','flower buds','pods','silk'"
0263_b.txt,"1cm
BASAL LEAVES ABSENT, STEMS NOT SQUARE, LEAVES PAIRED, ENTIRE
12 Common milkweed
Asclepias
syriaca
By far the most
common spe
cies, inhabiting
fields, roadsides.
forest edges.
and almost any
other disturbed
sunny area. The
stems are erect, 3-6 (1-2 m) tall
and 8-14 mm thick. not clumped
covered with very fine, soft hair.
Shoots are thick-walled with a thin
hollow. Leaves are 4-9 (10-23 cm)
long, elliptic, thick, the tips obtusely
pointed to rounded, midvein much
lighter than the rest of the blade, the
surface faintly velvety-hairy on all
parts, especially the midvein below
Flowers are a mixture of pink. purple.
and white. Pod is teardrop-shaped.
3-6"" (8-15 long, the surface COV-
ered with warts or soft spurs.
The lower pods are too old: the mid-
die and upper ones are stil' tender.
13 Showy milkweed
Asclepias speciosa
The nearly identica western counterpart to common milkweed. The stems tend to grow
more clumped and the points in the flower's crown are narrower, more elongated, and
curved at the tip
14 Green milkweed
Asclepias viridiflora
species of sandy soil in dry prairies and pine or oak barrens. Its leaves range from nar-
rowly elliptic to nearly linear linear leaves are often folded along the midvein. while broader
eaves may be very wavy. This species produces tight clusters of pale greenish flowers, the A
crowns never spreading from the central structure. Pods are long, narrow, and smooth.
milkweed Asclepias speciosa. (middle) milkweed Green hardly milkweed looks like Asciepias the same vindittora. species
557
(left)
Showy
form
of
preen
1cm BASAL LEAVES ABSENT, STEMS NOT SQUARE, LEAVES PAIRED, ENTIRE 12 Common milkweed Asclepias syriaca By far the most common spe cies, inhabiting fields, roadsides. forest edges. and almost any other disturbed sunny area. The stems are erect, 3-6 (1-2 m) tall and 8-14 mm thick. not clumped covered with very fine, soft hair. Shoots are thick-walled with a thin hollow. Leaves are 4-9 (10-23 cm) long, elliptic, thick, the tips obtusely pointed to rounded, midvein much lighter than the rest of the blade, the surface faintly velvety-hairy on all parts, especially the midvein below Flowers are a mixture of pink. purple. and white. Pod is teardrop-shaped. 3-6"" (8-15 long, the surface COV- ered with warts or soft spurs. The lower pods are too old: the mid- die and upper ones are stil' tender. 13 Showy milkweed Asclepias speciosa The nearly identica western counterpart to common milkweed. The stems tend to grow more clumped and the points in the flower's crown are narrower, more elongated, and curved at the tip 14 Green milkweed Asclepias viridiflora species of sandy soil in dry prairies and pine or oak barrens. Its leaves range from nar- rowly elliptic to nearly linear linear leaves are often folded along the midvein. while broader eaves may be very wavy. This species produces tight clusters of pale greenish flowers, the A crowns never spreading from the central structure. Pods are long, narrow, and smooth. milkweed Asclepias speciosa. (middle) milkweed Green hardly milkweed looks like Asciepias the same vindittora. species 557 (left) Showy form of preen ",,False,"
    empty"
0264_a.txt,"BASAL LEAVES ABSENT, STEMS NOT SQUARE, LEAVES PAIRED, ENTIRE
Sand southern Great Plains, and is especially (50-80 abundant cm) in long the Sandhills growing 3-5""
milkweed Asclepias arenaria
region Grows in small of in sandy Nebraska lumps soil densely by on maturity This the soft-hairy, species these has stems and unbranched the often flowers lean stems are or fall bumpy. creamy. 20-32"" over. The Pods leaves are stout are wavy, and short,
(8 shaped 12 cm) much long like those of common milkweed but not
6
Poke milkweed
Asclepias exaltata
A tail species with loose flower clusters. Its leaves are narrower, thinner, and more pointed
than those of most other species, and are sometimes borne in whorls of 3 or 4. The pods
are much narrower. The stems of robust plants are clumped from a large root mass (like
its namesake, poke, which its leaves also resemble). Poke milkweed is native to dry forests
and savannahs, particularly oak and hickory. The flowers often exude a thick, sugary nectar
which was reportedly collected by some Native Americans as a sweetener. Note: Poke
milkweed is not the same as pokeweed!
BASAL LEAVES ABSENT, STEMS NOT SQUARE, LEAVES PAIRED, ENTIRE Sand southern Great Plains, and is especially (50-80 abundant cm) in long the Sandhills growing 3-5"" milkweed Asclepias arenaria region Grows in small of in sandy Nebraska lumps soil densely by on maturity This the soft-hairy, species these has stems and unbranched the often flowers lean stems are or fall bumpy. creamy. 20-32"" over. The Pods leaves are stout are wavy, and short, (8 shaped 12 cm) much long like those of common milkweed but not 6 Poke milkweed Asclepias exaltata A tail species with loose flower clusters. Its leaves are narrower, thinner, and more pointed than those of most other species, and are sometimes borne in whorls of 3 or 4. The pods are much narrower. The stems of robust plants are clumped from a large root mass (like its namesake, poke, which its leaves also resemble). Poke milkweed is native to dry forests and savannahs, particularly oak and hickory. The flowers often exude a thick, sugary nectar which was reportedly collected by some Native Americans as a sweetener. Note: Poke milkweed is not the same as pokeweed! ",,False,"
    []"
0264_b.txt,"BASAL LEAVES ABSENT, STEMS NOT SQUARE, LEAVES
PAIRED AND TOOTHED, LOBED, OR COMPOUND
GROUP 34 BASAL LEAVES ABSENT, STEMS NOT SQUARE,
LEAVES PAIRED AND TOOTHED, LOBED, OR COMPOUND
The plants in group 34 produce edible greens, shoots, seeds, and underground storage
organs. There are few dangerously toxic plants sharing their growth form, making this
one of the safer groups for beginners to identify. A few species have grooves in the stere
that can give the impression of the stem being squared. Jack-in-the-pulpit is problem
atic because the leaves are actually basal leaves extending up the stem on a sheath,
butsince they appear paired and diverge on the stem I have placed the plant in
Insigroup.
TENTATIVE IDENTIFICATION KEY TO GROUP 34
The key is not your final answer!
lanceolate, elliptic, or ovate-not lobed.
erect.
Stem hairless or faintly hairy.
Stem translucent; tiny flowers in spreading, branching, leafless clusters.
1. Clearweed
or
2. False nettle
Stem opaque; tiny flowers in ascending spikes with miniature leaves.
Stem densely hairy or roughened by sparse but stiff hairs.
3. Quickweed
or or
Plant less than 30"" (75 cm) tall with soft hairs.
Plant more than 3' (90 cm) tall with stiff hairs.
4. Jerusalem-artichoke
Flowers in large, showy, sunflower-like heads.
5. Sumpweed
Flowers in spikes of many small, unshowy, nodding heads.
7. Yerba de tago
a Stem creeping, prostrate, or spreading.
Leaves lobed or triangular.
6. Giant ragweed
Leaf usually deeply palmately 3-7 lobed (occasionally unlobed).
8. Swamp lousewort
or
Leaf ruffled, with 8-11 pinnate lobes per side.
9. Orache
Leaf very flat. thick, roughly triangular, broad and angled at the base.
10. Jack-in-the-pulpit
Leaves compound. the leaflets entire.
559
BASAL LEAVES ABSENT, STEMS NOT SQUARE, LEAVES PAIRED AND TOOTHED, LOBED, OR COMPOUND GROUP 34 BASAL LEAVES ABSENT, STEMS NOT SQUARE, LEAVES PAIRED AND TOOTHED, LOBED, OR COMPOUND The plants in group 34 produce edible greens, shoots, seeds, and underground storage organs. There are few dangerously toxic plants sharing their growth form, making this one of the safer groups for beginners to identify. A few species have grooves in the stere that can give the impression of the stem being squared. Jack-in-the-pulpit is problem atic because the leaves are actually basal leaves extending up the stem on a sheath, butsince they appear paired and diverge on the stem I have placed the plant in Insigroup. TENTATIVE IDENTIFICATION KEY TO GROUP 34 The key is not your final answer! lanceolate, elliptic, or ovate-not lobed. erect. Stem hairless or faintly hairy. Stem translucent; tiny flowers in spreading, branching, leafless clusters. 1. Clearweed or 2. False nettle Stem opaque; tiny flowers in ascending spikes with miniature leaves. Stem densely hairy or roughened by sparse but stiff hairs. 3. Quickweed or or Plant less than 30"" (75 cm) tall with soft hairs. Plant more than 3' (90 cm) tall with stiff hairs. 4. Jerusalem-artichoke Flowers in large, showy, sunflower-like heads. 5. Sumpweed Flowers in spikes of many small, unshowy, nodding heads. 7. Yerba de tago a Stem creeping, prostrate, or spreading. Leaves lobed or triangular. 6. Giant ragweed Leaf usually deeply palmately 3-7 lobed (occasionally unlobed). 8. Swamp lousewort or Leaf ruffled, with 8-11 pinnate lobes per side. 9. Orache Leaf very flat. thick, roughly triangular, broad and angled at the base. 10. Jack-in-the-pulpit Leaves compound. the leaflets entire. 559 ",,False,"
    []"
0265_a.txt,"LEAVES ABSENT, STEMS NOT SQUARE, LEAVES
BASAL PAIRED AND TOOTHED, LOBED, OR COMPOUND
Clearweed Pilea pumila Urticaceae (Nettle family)
2
2
","FOOD USE: The young greens can be gathered in spring or early summer and eaten raw or cooked, but are
better cooked. They are
reminiscent of their rela-
tives, the nettles, although
not as good. The better part
of clearweed is the succu-
lent stem. Because these
are held stiff by turgor
pressure rather than cel-
lulose and lignin fibers, they
remain tender throughout
the growing season. They
make a delightfully crisp
and juicy addition to saiads,
or a raw snack. Conserva-
tion 2.
",True,"
    'stems','young greens'"
0265_b.txt,"inticaced (Nettle family
1cm
BASAL LEAVES ABSENT, STEMS NOT SQUARE,
PAIRED AND TOOTHED, LOBED, OR COMPOUND LEAVES
2 False nettle
2
2
Boehmeria cylindrica
Urticaceae (Nettle family)
","FOOD USE: Gather tender tops and shoots in spring and use as a potherb. These can also be boiled for ten
or broth throughout the growing season. Conservation 2.
",True,"
    'tops','shoots'"
0266_a.txt,"ABSENT, STEMS
BASAL PAIRED LEAVES AND TOOTHED, LOBED,
genus Quickweed Galinsoga 3 Asteraceae IWE-315 (Composite family)
Short, hairy, branched herb with ovate, difficulty toothed 1. leaves and tiny flow-
","FOOD USE: Gather tender leafy tops before or at the beginning of flowering, most often from late spring
through early summer. Look for clean plants, as the hairy surface readily holds dirt. They are edible raw and
excellent in smoothies, but more commonly used as a potherb.
",True, 'tender leafy tops'
0266_b.txt,"mm
0
1
BASAL PAIRED LEAVES ABSENT, STEMS NOT SQUARE,
AND TOOTHED, LOBED, OR COMPOUND LEAVES
4
Jerusalem-artichoke
2
NG-413
Helianthus
tuberosus
Asteraceae
(Composite
family)
","FOOD USE: Tubers of genetically wild plants are usually 4-24'
(10-60 cm) from the parent plant on thin rhizomes. and 1-3"" (2.5-8 cm)
below the soil surface; you must dig a large area to get them. The
tubers are best collected as late as possible-through the winter if
the ground is not frozen, or early the following spring They should De
well-cooked before eating to avoid excessive flatulence. The tubers
are good mashed like potatoes (although dissimilar in texture) or
in soups and stews. Some cultivars are sweet enough to eat raw.
Conservation 2.
",True,"
    'tubers'"
0267_a.txt,"BASAL PAIRED AND TOOTHED, LOBED, OR COMPOUND
LEAVES ABSENT, STEMS NOT SQUARE, LEAVES
5 Sumpweed
2
Iva annua Asteraceae (Composite family)
CHECK: Tall, hairy herb with pointed leaves in pairs; crowded terminal spike of
","FOOD USE: When mature in autumn the seeds can be stripped off by hand
or beaten into a container. After drying, rub and winnow to remove the chaff.
The seeds are very oily and can be used like sunflower seeds. There is a bitter
substance on the exterior that is removed with the chaff-the kernels have a
pleasant flavor. Conservation 1.
",True,"
    'seeds'"
0267_b.txt,"AND ASSENT, STEMS NOT SQUARE,
TOOTHED, LOBED, OR COMPOUND LEAVES
6 Giant ragweed
3
pith 2
Ambrosia trifida Asteraceae (Composite family)
","FOOD USE: In early fall, strip the ripe fruits off by hand, or lean the plants and beat with a stick into a clean
sled, then dry them. The seeds ripen while the plants are still green. They are soft, oily, and delicious--similar
to sunflower seeds, but I have not found a labor-efficient way to remove the corky husks. The pith can be eaten
out of the center of half-grown stalks. Conservation 1.
",True,"
    'fruits','seeds','pith'"
0268_a.txt,"BASAL PAIRED AND TOOTHED, LOBED, OR COMPOUND
LEAVES ABSENT, STEMS NOT SQUARE, LEAVES
Eclipta prostrata Asteraceae (Composite family)
Yerba de tago
OUIC NECK: Knee high spreading plant with narrow, sessile leaves, stiff-haired
maronit stents and single, white, daisy like flowers. ID difficulty 1.
","FOOD USE: Tender young leaves and stem tips can be
used raw or cooked, but sparingly, as the flavor is strong.
Conservation 1.
",True,"
    'leaves','stem tips'"
0268_b.txt,"1cm
BASAL PAIRED LEAVES ABSENT, STEMS NOT SQUARE,
AND TOOTHED, LOBED, OR COMPOUND LEAVES
8 Swamp lousewort
Pedicularis lanceolata family Orobanchaceae
","FOOD USE: In late spring and early summer the tender
leaves can be eaten raw or cooked. Conservation 2.
",True, 'leaves'
0269_a.txt,"BASAL LEAVES ABSENT, STEMS NOT SQUARE, LEAVE
PAIRED AND TOOTHED, LOBED, OR COMPOUND
9 Orache
3
2
genus
Atriplex
family
Amaranthaceae
","the FOOD USE: Gather leafy tops while still tender from spring through midsummer and occasionally later. After
want stems it mixed toughen, with pluck individual leaves. Use in salads or as a potherb. In some cases you will
by hand in late other greens to dilute the saltiness, or boil it and drain off the water. Fruit can be probably
can then be used summer for or autumn, dried, and then rubbed and winnowed (see p.27) to clean the stripped
Conservation 1. porridge or flour like goosefoot or amaranth seeds, but I've only eaten a few seeds. palmfuls. These
",True,"
    'leaves'"
0269_b.txt,"BASAL PAIRED LEAVES ABSENT, STEMS NOT SQUARE,
AND TOOTHED, LOBED, OR COMPOUND LEAVES
10 Jack-in-the-pulpit
Arisaema triphyllum Araceae (Arum family)
","FOOD USE: The corms can be gathered in the dormant season and used as a starchy food. Conservation 3.
",True,"
    'corms'"
0270_a.txt,"BASAL LEAVES ABSENT,
GROUP 35 BASAL LEAVES ABSENT,
LEAVES ALTERNATE AND ENTIRE
in the book. Most of these are margins leafy greens, that
but This a is few one have of the edible largest seeds and might or most root occasionally diverse vegetables. groups key A here, few plants such as with lambsquarters variable leaf or ground-cherry.
I
have
placed
in
other
groups
TENTATIVE IDENTIFICATION KEY TO GROUP 35
The key is not your final answer!
Leaf veins not visible or visible and not parallel (see botanical definition of parallel).
Leaves needle-like or thread-like, less than 2 mm wide.
1. Asparagus
Leaves limp and thread-like.
2. Russian tumbleweed
or
Leaves stiff and needle-like.
Leaves succulent, greater than 2 mm wide.
3. Sea-blite
Erect plant with linear leaves.
7. Purslane
or
Prostrate to decumbent plant with spoon-shaped leaves.
Leaves not needie-like, not thread-like, not succuient.
Secondary veins and veinlets invisible or nearly so.
Sap milky. Harebell (p. 336).
Sap not milky.
Plant spreading wider than tall; finely hairy ovate leaves.
8. Prairie tea
or
Plant taller than wide; hairless, very narrow leaves.
Flowers blue; plants more than 20"" (50 cm) tall.
9. Blue flax
Flowers yellow; plants less than 14"" (36 cm) tall.
10. Stiff yellow flax
Secondary veins indistinct; a discontinuous network of raised veinlets.
11. Horseweed
or
Secondary veins visible, several major ones from the base.
12. Thoroughwax
or
Secondary veins visible, pinnate or no more than 2 from the base.
Leaves with a distinct petiole.
Secondary veins depressed above.
Stem jointed at each node.
or
or
Leaves ovate to elliptic; stem with a large hollow, joints not bulging.
13. Japanese knotweed
Leaves lanceolate; stems almost solid, bulged near each joint.
14. Smartweeds
Stem not jointed at the nodes.
Flowers showy, in racemes.
or
Stems widely branching, clumped, raceme drooping.
or
Stems not branching, colonial, raceme erect.
17. Poke
Flowers unshowy, tiny.
18. Fireweed
or
raspy and sticking to clothing.
Flowers in small clusters mixed with leafy bracts; mature leaves minutely
Flowers in clusters with stiff chaffy bracts; mature leaves not raspy.
19. American pellitory
Plants erect; some inflorescences terminal.
Plants creeping; all inflorescences axillary.
4. Amaranth
Secondary veins not depressed above.
5. Creeping amaranth
flowers Petioles large less than and showy. 5% of blade length: secondary veins less than 30° to the midvein:
midvein; Petiole more flowers than small 20% and of blade unshowy. length; secondary velns greater than 50° to the
20, Bush merning story
Leaves sessile.
Leaves stiff-hairy on the margin.
16,
Willow
Leaves Leaves soft-hairy hairless. on the margin; surfaces velvety from appressed hair,
11. Horseweed
Stems Stems single, clumped, erect, leaning, zigzag, straight, usually unbranched below the inflorescence.
6, Kockia
570 Leaf veins visible and parallel (see botanical definition branchy. of parallel).
21, Bastard toadflex
15. Erect knotweed
See
(Continued on next page.)
key
next
BASAL LEAVES ABSENT, GROUP 35 BASAL LEAVES ABSENT, LEAVES ALTERNATE AND ENTIRE in the book. Most of these are margins leafy greens, that but This a is few one have of the edible largest seeds and might or most root occasionally diverse vegetables. groups key A here, few plants such as with lambsquarters variable leaf or ground-cherry. I have placed in other groups TENTATIVE IDENTIFICATION KEY TO GROUP 35 The key is not your final answer! Leaf veins not visible or visible and not parallel (see botanical definition of parallel). Leaves needle-like or thread-like, less than 2 mm wide. 1. Asparagus Leaves limp and thread-like. 2. Russian tumbleweed or Leaves stiff and needle-like. Leaves succulent, greater than 2 mm wide. 3. Sea-blite Erect plant with linear leaves. 7. Purslane or Prostrate to decumbent plant with spoon-shaped leaves. Leaves not needie-like, not thread-like, not succuient. Secondary veins and veinlets invisible or nearly so. Sap milky. Harebell (p. 336). Sap not milky. Plant spreading wider than tall; finely hairy ovate leaves. 8. Prairie tea or Plant taller than wide; hairless, very narrow leaves. Flowers blue; plants more than 20"" (50 cm) tall. 9. Blue flax Flowers yellow; plants less than 14"" (36 cm) tall. 10. Stiff yellow flax Secondary veins indistinct; a discontinuous network of raised veinlets. 11. Horseweed or Secondary veins visible, several major ones from the base. 12. Thoroughwax or Secondary veins visible, pinnate or no more than 2 from the base. Leaves with a distinct petiole. Secondary veins depressed above. Stem jointed at each node. or or Leaves ovate to elliptic; stem with a large hollow, joints not bulging. 13. Japanese knotweed Leaves lanceolate; stems almost solid, bulged near each joint. 14. Smartweeds Stem not jointed at the nodes. Flowers showy, in racemes. or Stems widely branching, clumped, raceme drooping. or Stems not branching, colonial, raceme erect. 17. Poke Flowers unshowy, tiny. 18. Fireweed or raspy and sticking to clothing. Flowers in small clusters mixed with leafy bracts; mature leaves minutely Flowers in clusters with stiff chaffy bracts; mature leaves not raspy. 19. American pellitory Plants erect; some inflorescences terminal. Plants creeping; all inflorescences axillary. 4. Amaranth Secondary veins not depressed above. 5. Creeping amaranth flowers Petioles large less than and showy. 5% of blade length: secondary veins less than 30° to the midvein: midvein; Petiole more flowers than small 20% and of blade unshowy. length; secondary velns greater than 50° to the 20, Bush merning story Leaves sessile. Leaves stiff-hairy on the margin. 16, Willow Leaves Leaves soft-hairy hairless. on the margin; surfaces velvety from appressed hair, 11. Horseweed Stems Stems single, clumped, erect, leaning, zigzag, straight, usually unbranched below the inflorescence. 6, Kockia 570 Leaf veins visible and parallel (see botanical definition branchy. of parallel). 21, Bastard toadflex 15. Erect knotweed See (Continued on next page.) key next ",,False,"
    []"
0270_b.txt,"LEAVES ALTERNATEAVESAE
BASAL LEAVES ABSENT, LEAVES ALTERNATE AND ENTIRE
(Continued from previous page.)
velns visible and parallel (see botanical definition of parallel).
Stem Stem wrapped lax with a sheath below each leaf, hairy-fringed where sheath margins meet.
or
or trailing. much branched, leaves <5"" (13 cm).
Stem erect and usually unbranched: leaves often >5"" (13 cm).
22. Common dayflower
Stem not wrapped In a sheath below each leaf,
23. Tall dayflower
Stem Stems smooth, hairless, with bloom (occasionally hairy at the base); leaf margins hairless.
usually branched; leaves strongly clasping or perfoliate.
or
or
Leaf clasping, stem 2-5' (60-150 cm), fruit a red berry.
Leaf perfoliate, stem less than 20"" (50 cm), fruit a green capsule,
24. White twisted-stalk
Stems not branched: leaves sessile to almost clasping.
26. Large bellwort
Stem hairy or ridged, without bloom; leaf margins hairy.
27. Smooth Solomon's seal
Stem ridged, not hairy; leaf margins with stiff, straight hairs.
Stem with gland-tipped hairs; leaf margins with hooked hairs.
28. False Solomon's seal
Stem and leaf with soft appressed hairs; leaf margins with soft hairs.
25. Rosy twisted-stalk
6. Kochia
1
Asparagus
3
Asparagus officinalis
Asparagaceae (Asparagus family)
","FOOD USE: Gather young shoots by cutting or snapping off at the base; eat raw or cooked like cultivated
asparagus.
your - AND
",True,"
    'young shoots'"
0271_a.txt,"BASAL LEAVES ABSENT,
2 Russian tumbleweed
3
Salsola tragus family Amaranthaceae
","FOOD USE: Pick young stem tips when tender and the leaves are soft in early summer. Boil or steam before
eating.
",True,"
    'stem tips'"
0271_b.txt,"BASAL LEAVES ABSENT, LEAVES ALTERNATE AND ENTIRE
3 Sea-blite
2
Suaeda spp.
family Amaranthaceae
","FOOD USE: Gather tender stem tips and leaves from spring through mid summer Conservation 2.
",True,"
    'tender stem tips','leaves'"
0272_a.txt,"BASAL LEAVES ABSENT, LEAVES
Amaranth
3
3
NG-215
4
Amaranthus
spp.
family
Amaranthaceae
HECK: Brani hing herbs with tapered, gently-ridged stems; alternate, entire
","FOOD USE: Gather the greens and young stems whenever they are tender-mostly late spring
summer. They can be eaten raw but are much better cooked, which softens them considerably. Ha
(top left) Green Amaranth
A hybridus is a common weed
similar to redroot pigweed
In general appearance but is
smoother and hairless with nar-
rower leaves and longer peti-
bles. Flower clusters are more
elongated with fewer branches.
In my opinion it is somewhat
better as a vegetable.
(right) Redroot Pigweed
# retroflexus is probably the
most widespread species. It
has broad leaves, hairy stems
at d leaves, and very spiky,
busny Bowerheads The upper
1001 and lower stem are dis-
hine red
A powelh and
t pulmen off very similar spe
CIES that resemble slender ver
Sibte of green amaranth Their
Ulahr and stems are stim
11,61. the follage IS sporset and
the petioles all proportionately
longer The hower Clusters dif
for wheng and norlow
carrity broncing and drooping
DI akking allics shiff and
Great Bon of men all
with les ally abundant
574
BASAL LEAVES ABSENT, LEAVES Amaranth 3 3 NG-215 4 Amaranthus spp. family Amaranthaceae HECK: Brani hing herbs with tapered, gently-ridged stems; alternate, entire QUICK spiky fusters of anshowy flowers. ID difficulty 2. leaves, annuals to 7' (2.1 m) tall, often with major ascending ridged branches. but not DESCRIPTION: Erect tapered, green (sometimes with reddish stripes), solid, (1.3-20 cm) Stems robust, strongly fine hair but some species hairless. Leaves alternate, 0.5-8"" tapered or long, entire. the tips blunt to pointed. Surfaces hairless or hairy. Midvein depressed almost sharply, usually thin, with spoon-shaped to narrowly elliptic or lanceolate, the bases above Collec acuminate, below; secondary veins likewise, 45-55° to the midvein, running and protruding intact before curving forward and becoming faint. Petioles range from very short or t to the margins channeled. Inflorescence dense terminal and axillary clusters (spikes, racemes, 1 by blade maturity length, usually encompassing a large portion of the upper plant with few leaves, the leaves smaller (often absent) toward the tips. Flowers tiny, not showy, with o-5 (usually 3-5) chaffy and sepais that are green in the center and papery on the edges, often stiff-prickly at maturity with a harde like tip. Stamens 3-5. Fruit a thin-walled, bladder-like structure 2-3 mm long with 2-3 small beaks a holding a single seed. Seeds somewhat flattened, the edges rounded or sharp, shaped like a deform the surface smooth and hardened, brown to nearly black. CONFUSING PLANTS: Eastern black nightshade (p. 606) leaves often have blunt teeth and usua coppery to purple sheen on their lower surface. HABITAT: Disturbed, rich soil in full sun. Abundant in many human-made habitats, such as gardens, CI compost heaps, and building sites. Also riverbanks, shores, wetlands, disturbed floodplains and washe FOOD USE: Gather the greens and young stems whenever they are tender-mostly late spring summer. They can be eaten raw but are much better cooked, which softens them considerably. Ha (top left) Green Amaranth A hybridus is a common weed similar to redroot pigweed In general appearance but is smoother and hairless with nar- rower leaves and longer peti- bles. Flower clusters are more elongated with fewer branches. In my opinion it is somewhat better as a vegetable. (right) Redroot Pigweed # retroflexus is probably the most widespread species. It has broad leaves, hairy stems at d leaves, and very spiky, busny Bowerheads The upper 1001 and lower stem are dis- hine red A powelh and t pulmen off very similar spe CIES that resemble slender ver Sibte of green amaranth Their Ulahr and stems are stim 11,61. the follage IS sporset and the petioles all proportionately longer The hower Clusters dif for wheng and norlow carrity broncing and drooping DI akking allics shiff and Great Bon of men all with les ally abundant 574 ",True,"
    'greens','young stems'"
0272_b.txt,"LEAVES
ALTERNATE
AND
ENTIRE
seeds in fall to early winter by beating the ripe, dry
seedheads over a tarp or tub. Dry, rub, and winnow
(see p. 27). Amaranth grain from the wild tastes almost
identical to that of the cultivated crop, but is much
darker. It should be ground or soaked and long-boiled
to break up the seedcoat and facilitate digestion before
boking into porridge or using the flour. Conservation 1.
COMMENTS: This is one of our most common and
delicious wild greens-one of the first plants any for-
ager should learn. We can these in large quantity for
winter eating. Some of the better and most common
amaranth species are listed here:
(both photos) Water-hemp Amaranthus tuberculatus
is a species of floodplains, mucky river margins, and
very rich farmland. It has hairless stems and is tall and
lanky. The leaves are on long petioles, and while the
lower ones may be broadly elliptic, the upper ones are
very narrow but still blunt at the tip. Inflorescences
are long, narrow, and not drooping.
Creeping amaranth
2
5
Amaranthus blitoides
family
Amaranthaceae
","FOOD HABITAT: urban lots, USE: gardens. Gather More tender common leafy tips westward. and eat them cooked. Because they are low to the Conservation ground, wash 1. This
",True, 'tips'
0273_a.txt,"2
6
Kochia Kochia scoparia 2 family Amaranthaceae
CHECK: Densely branched, erect plants with striped 1. stems; narrow, finely-hairy
","FOOD USE: Gather young tender leafy tops from late spring through midsummer and use as a potherb. Ripe
seeds can be stripped by hand, dried, rubbed, and winnowed, then used as a gruel, grain, or flour. The seeds
should be soaked and rinsed before eating.
",True,"
    ['Young tender leafy tops','seeds']"
0273_b.txt,"1cm
BASAL LEAVES ABSENT, LEAVES ALTERNATE AND ENTIRE
7
Purslane
3
2
IWE-309
Portulaca oleracea family Portulacaceae
","FOOD USE: Gather tender growth and use raw or cooked. Stems and leaves remain succulent and tender
much longer than most greens. Be cautious of dirt, as the plant is low-growing; however, being hairless, it
washes easily. Seeds are very labor-intensive to use. Gather whole mature plants and hang in bundles to dry;
seeds will ripen after plants are cut and can then be shaken onto a sheet. Conservation 1.
",True,"
    'tender growth'"
0274_a.txt,"BASAL LEAVES ABSENT,
8
Prairie Croton monanthogyna tea Euphorbiaceae (Spurge family) of
flat-topped herb with small, entire, blunt leaves difficulty vary- 2.
","FOOD USE: Gather leaves at any time during the growing season. Pour boiling water over fresh or dried
leaves and steep for tea. Conservation 2.
",True,"
    'leaves'"
0274_b.txt,"mm
1cm
BASAL LEAVES ABSENT, LEAVES ALTERNATE AND ENTIRE
Flay pods and ripe teeds
long and 2-4 mm wide, sessile, overlapping,
appressed, linear to narrowly elliptic, tapered at
both ends, pointed, flat, hairless. The midvein
is scarcely evident, and other veins are invisible.
Inflorescence a branching panicle of multiple
racemes, the pedicels 0.3-0.5"" (8-13 mm) long,
the buds egg-shaped. Flowers (early to mid
summer) 0.7-0.9"" (18-23 mm) across, opening
n the morning and usually closing by afternoon. Sepals 5, oval, green, entire, 3 long, the tips blunt-pointed.
Petals 5, very thin, pale to bright blue with darker radiating veins, narrow at the base and broad with a slight
notch at the tip. Pods nearly spherical, very symmetrical, 5 mm long, ripening to straw color and splitting into
0 sharp-tipped sections. The pods contain up to 10 seeds, flattened and teardrop-shaped like domestic flax
seeds, but darker brown to black and about 1/3 the size.
HABITAT: Well-drained, sunny, disturbed soil, especially where poor and sandy or gravelly. Roadsides, steep
slopes, vacant lots, river banks, old fields, etc. Introduced and native.
:OOD USE: The seeds can be used like those of domestic flax. Strip ripe pods by hand from mid to late sum-
mer; dry pods need to be beaten and then winnowed to separate the chaff. Tender greens and flower buds
are bitter and distasteful. Conservation 1.
COMMENTS: Linum perenne is the wild flax from which domestic flax L. usitatissimum was derived. The nearly
dentical native blue flax is sometimes separated as L. lewisii, but the differences are minor. Flaxes are some of
of our most attractive wildflowers. There are several other native flax species, some with yellow flowers,
inknown edibility. I have only tried the following:
Related edible:
10 Stiff yellow flax
Linum rigidum/berlandieri
3
3
3
This native flax is
sometimes divided
into two similar
species. It is an
annual with stiff,
erect stems that
only reaches 6-12"" (15-30 cm) in height,
found on dry prairies, roadsides, and
disturbed fields. There are paired leaves
near the stem base. The flowers bloom in
spring and are arranged in a flat-topped
cluster at the apex. The petals are yel-
OW sometimes (especially in L. berland-
eri) coppery-orange at the base. I have
not eaten the ripe seeds of stiff yellow
flax, but the tender tips, flowers, and
flower buds are excellent
579
mm 1cm BASAL LEAVES ABSENT, LEAVES ALTERNATE AND ENTIRE Flay pods and ripe teeds long and 2-4 mm wide, sessile, overlapping, appressed, linear to narrowly elliptic, tapered at both ends, pointed, flat, hairless. The midvein is scarcely evident, and other veins are invisible. Inflorescence a branching panicle of multiple racemes, the pedicels 0.3-0.5"" (8-13 mm) long, the buds egg-shaped. Flowers (early to mid summer) 0.7-0.9"" (18-23 mm) across, opening n the morning and usually closing by afternoon. Sepals 5, oval, green, entire, 3 long, the tips blunt-pointed. Petals 5, very thin, pale to bright blue with darker radiating veins, narrow at the base and broad with a slight notch at the tip. Pods nearly spherical, very symmetrical, 5 mm long, ripening to straw color and splitting into 0 sharp-tipped sections. The pods contain up to 10 seeds, flattened and teardrop-shaped like domestic flax seeds, but darker brown to black and about 1/3 the size. HABITAT: Well-drained, sunny, disturbed soil, especially where poor and sandy or gravelly. Roadsides, steep slopes, vacant lots, river banks, old fields, etc. Introduced and native. :OOD USE: The seeds can be used like those of domestic flax. Strip ripe pods by hand from mid to late sum- mer; dry pods need to be beaten and then winnowed to separate the chaff. Tender greens and flower buds are bitter and distasteful. Conservation 1. COMMENTS: Linum perenne is the wild flax from which domestic flax L. usitatissimum was derived. The nearly dentical native blue flax is sometimes separated as L. lewisii, but the differences are minor. Flaxes are some of of our most attractive wildflowers. There are several other native flax species, some with yellow flowers, inknown edibility. I have only tried the following: Related edible: 10 Stiff yellow flax Linum rigidum/berlandieri 3 3 3 This native flax is sometimes divided into two similar species. It is an annual with stiff, erect stems that only reaches 6-12"" (15-30 cm) in height, found on dry prairies, roadsides, and disturbed fields. There are paired leaves near the stem base. The flowers bloom in spring and are arranged in a flat-topped cluster at the apex. The petals are yel- OW sometimes (especially in L. berland- eri) coppery-orange at the base. I have not eaten the ripe seeds of stiff yellow flax, but the tender tips, flowers, and flower buds are excellent 579 ",":OOD USE: The seeds can be used like those of domestic flax. Strip ripe pods by hand from mid to late sum-
mer; dry pods need to be beaten and then winnowed to separate the chaff. Tender greens and flower buds
are bitter and distasteful. Conservation 1.
",True,"
    'seeds'"
0275_a.txt,"BASAL LEAVES ABSENT, LEAVES ALTERNATE ANDIENTIRE
11
Horseweed Conyza canadensis Asteraceae (Composite family)
CHECK Tall. columnar plant with long, narrow, white crowded flowerheads. leaves; the ID difficulty upper third 2.
","FOOD USE: The new leaves
and tender stem tips have
a unique, hot, spicy flavor.
This is a seasoning to be
used sparingly. Conserva-
tion 1.
",True,"
    'new leaves','tender stem tips'"
0275_b.txt,"0
1cm
BASAL LEAVES ABSENT, LEAVES ALTERNATE AND ENTIRE
12 Thoroughwax
1
Bupleurum rotundifolium Apiaceae (Carrot family)
","FOOD USE: Young, tender leafy tips can be eaten raw or cooked in spring.
",True,"
    'leafy tips'"
0276_a.txt,"BASAL LEAVES ABSENT, LEAVES
13
Japanese knotweed japonica Polygonaceae 2 IWE-171 (Buckwheat family) broad
","FOOD USE: Gather tender shoots in spring before the leaves have formed and eat them
raw or cooked. They are sour with a flavor reminiscent of dock and rhubarb. They are
better after the skin has been peeled off, which you can do by hand or with a veggie peeler.
",True,"
    'shoots'"
0276_b.txt,"BASAL LEAVES ABSENT, LEAVES ALTERNATE AND ENTIRE
14 SMARTWEED
genus Persicaria Polygonaceae (Buckwheat family)
","FOOD USE: Tender young leaves and stem tips can be used raw but are better cooked. The flowering spikes
make a fun but not delicious nibble. Conservation 1.
",True,"
    'young leaves','stem tips'"
0277_a.txt,"BASAL LEAVES ABSENT, LEAVES/ALTERNATE AND ENNIRE
Dock-leaved smartweed (continued)
HABITAT: Disturbed, rich. moist soil in full to partial sun. Disturbed woods, barnyards and fields, floodplains,
roadsides, beaver lodges and dams. Native.
pond margins, smartweeds. I think it has a good flavor and texture, lack although of bristles older
COMMENTS: leaves get astringent. This is the This largest species of can our be separated from P. maculosa when young by the on
its leaf sheath.
Lady's Thumb
Persicaria maculosa
2
annual to 3.5' (1m) tall, sometimes sprawling or semi-erect and rooting at Sheath the nodes. has Leaves 1-6"" of
Medium-sized (2.5-15 cm) long, narrowly lanceolate, usually with a dark ""thumbprint"" in the center. a fringe
short bristles. Flowers white to pink, in short, dense, erect spikes to 2"" (5 cm) long.
HABITAT: Disturbed, moist, rich soil in full sun to moderate shade. Grows in weedy situations such as yards,
gardens, crop fields, vacant lots, disturbed woods, riverbanks, dried up puddles, washouts.
COMMENTS: This common weed makes a good vegetable and is often abundant in urban and agricultural
landscapes.
(left) Mature lady's thumb. (above) Young greens of lady's thumb.
Pepper smartweed
Persicaria hydropiper
Lower Annual, branches leaning to spreading or weakly erect, the stems to 30""
the stem by a are spreading; upper branches are sometimes (75 cm) long.
long, on petioles sheath, only diverging after the first node. Leaves appressed to
before flowering, 3-5% of blade length, lanceolate, often 2-5"" (5-13 cm)
the upper margin. lacking The zigzag the dark thumbprint. The sheath wavy, has bristles especially on
self-fertilize. leat Seed together up corolla to axil single, 7"" does (18 enclosed toward cm) not shiny, There long, spread. the by enclosed are branch a with sometimes sheath-these There well-spaced in tips. is inflorescence a often Flowers tiny one flowers flower flowers or white, a branches clusters few never at each often flowers open near often node, with in and the a droop a getting smaller pink presumably and tip; closer upp the are or
pas (hard to see without magnification). green calyx that is dotted with numerous plant's base tiny
HABITAT: sions III floodplain Sunny to partly shaded, rich, moist,
woods, pond or lake margins, disturbed beaver soil: dams mucky and depres lodges,
BASAL LEAVES ABSENT, LEAVES/ALTERNATE AND ENNIRE Dock-leaved smartweed (continued) HABITAT: Disturbed, rich. moist soil in full to partial sun. Disturbed woods, barnyards and fields, floodplains, roadsides, beaver lodges and dams. Native. pond margins, smartweeds. I think it has a good flavor and texture, lack although of bristles older COMMENTS: leaves get astringent. This is the This largest species of can our be separated from P. maculosa when young by the on its leaf sheath. Lady's Thumb Persicaria maculosa 2 annual to 3.5' (1m) tall, sometimes sprawling or semi-erect and rooting at Sheath the nodes. has Leaves 1-6"" of Medium-sized (2.5-15 cm) long, narrowly lanceolate, usually with a dark ""thumbprint"" in the center. a fringe short bristles. Flowers white to pink, in short, dense, erect spikes to 2"" (5 cm) long. HABITAT: Disturbed, moist, rich soil in full sun to moderate shade. Grows in weedy situations such as yards, gardens, crop fields, vacant lots, disturbed woods, riverbanks, dried up puddles, washouts. COMMENTS: This common weed makes a good vegetable and is often abundant in urban and agricultural landscapes. (left) Mature lady's thumb. (above) Young greens of lady's thumb. Pepper smartweed Persicaria hydropiper Lower Annual, branches leaning to spreading or weakly erect, the stems to 30"" the stem by a are spreading; upper branches are sometimes (75 cm) long. long, on petioles sheath, only diverging after the first node. Leaves appressed to before flowering, 3-5% of blade length, lanceolate, often 2-5"" (5-13 cm) the upper margin. lacking The zigzag the dark thumbprint. The sheath wavy, has bristles especially on self-fertilize. leat Seed together up corolla to axil single, 7"" does (18 enclosed toward cm) not shiny, There long, spread. the by enclosed are branch a with sometimes sheath-these There well-spaced in tips. is inflorescence a often Flowers tiny one flowers flower flowers or white, a branches clusters few never at each often flowers open near often node, with in and the a droop a getting smaller pink presumably and tip; closer upp the are or pas (hard to see without magnification). green calyx that is dotted with numerous plant's base tiny HABITAT: sions III floodplain Sunny to partly shaded, rich, moist, woods, pond or lake margins, disturbed beaver soil: dams mucky and depres lodges, ",,False,"
    []"
0277_b.txt,"BASAL LEAVES ABSENT, LEAVES ALTERNATE AND ENTIRE
weedy dried-up woodlots, puddles, construction marshes (especially sites, and on gardens muskrat Probably lodges), native. also upland sites such as bargyards. back /ards
FOOD does not USE: linger The like leaves can be used as a hot seasoning; the effect is potent but
Persicario
macuios:
chopped fine. Most capsaicin, of the heat They is lost are by best drying when or canning, young and Conservation tender; if gathered 1. delayed when tough several they seconds. should and be
COMMENTS: are in East This plant is very hot, and should be used in moderation. Cultivated varieties with
touched grown their Asia. This is the species for which the name ""smartweed"" was given; milder flavor
for this hotness is warburganal. AKA water pepper.
lips or eyes after pulling this out can attest to its potency. The chemical any primarily gardeners responsible who have
RELATED EDIBLES: The only other hot species I have identified in this genus is Persicaria punctata, a native
which is very similar to the above species but has broader, flatter leaves and flowers that are usually not tinged
pink; magnification reveals the seed (achene) to be smooth and glossier than that of P. hydropiper. The false
water pepper P. hydropiperoides is not hot.
Water smartweed
Persicaria amphibia & P. coccinea
1
Two similar species share this common name; both of them spread by rhizome to form loose colonies on land or
in the water. The form is variable in both species due to growing conditions-there are floating-leaved aquatic
stems as well as erect terrestrial stems. The latter tend to have large leaves. Water smartweeds have showy
red flowers densely packed into erect, usually solitary clusters 0.6-3.5"" (1.5-9 cm) long.
HABITAT: Sunny or partially sunny shallow water, wetlands, and dry land near water, especially where the
water level fluctuates dramatically. Most common along large rivers, pothole ponds, and marshes with no
outlet. Native.
FOOD USE: The shoots and young leaves, especially those that are
still scrolled, can be eaten raw or cooked as a potherb. With age they
quickly become tough and very astringent. Conservation 1.
COMMENTS: This adaptable plant spreads great distances by rhi-
zomes, and can survive fluctuating water levels by living in standing
water or on dry ground. P. coccinea produces semi-woody tubers
that don't taste bad if you have an extra set of teeth and a few hours
for chewing.
Water
smartweed
shoot (left)
and flower
(right).
Papper STATES
585
BASAL LEAVES ABSENT, LEAVES ALTERNATE AND ENTIRE weedy dried-up woodlots, puddles, construction marshes (especially sites, and on gardens muskrat Probably lodges), native. also upland sites such as bargyards. back /ards FOOD does not USE: linger The like leaves can be used as a hot seasoning; the effect is potent but Persicario macuios: chopped fine. Most capsaicin, of the heat They is lost are by best drying when or canning, young and Conservation tender; if gathered 1. delayed when tough several they seconds. should and be COMMENTS: are in East This plant is very hot, and should be used in moderation. Cultivated varieties with touched grown their Asia. This is the species for which the name ""smartweed"" was given; milder flavor for this hotness is warburganal. AKA water pepper. lips or eyes after pulling this out can attest to its potency. The chemical any primarily gardeners responsible who have RELATED EDIBLES: The only other hot species I have identified in this genus is Persicaria punctata, a native which is very similar to the above species but has broader, flatter leaves and flowers that are usually not tinged pink; magnification reveals the seed (achene) to be smooth and glossier than that of P. hydropiper. The false water pepper P. hydropiperoides is not hot. Water smartweed Persicaria amphibia & P. coccinea 1 Two similar species share this common name; both of them spread by rhizome to form loose colonies on land or in the water. The form is variable in both species due to growing conditions-there are floating-leaved aquatic stems as well as erect terrestrial stems. The latter tend to have large leaves. Water smartweeds have showy red flowers densely packed into erect, usually solitary clusters 0.6-3.5"" (1.5-9 cm) long. HABITAT: Sunny or partially sunny shallow water, wetlands, and dry land near water, especially where the water level fluctuates dramatically. Most common along large rivers, pothole ponds, and marshes with no outlet. Native. FOOD USE: The shoots and young leaves, especially those that are still scrolled, can be eaten raw or cooked as a potherb. With age they quickly become tough and very astringent. Conservation 1. COMMENTS: This adaptable plant spreads great distances by rhi- zomes, and can survive fluctuating water levels by living in standing water or on dry ground. P. coccinea produces semi-woody tubers that don't taste bad if you have an extra set of teeth and a few hours for chewing. Water smartweed shoot (left) and flower (right). Papper STATES 585 ","FOOD does not USE: linger The like leaves can be used as a hot seasoning; the effect is potent but
Persicario
macuios:
chopped fine. Most capsaicin, of the heat They is lost are by best drying when or canning, young and Conservation tender; if gathered 1. delayed when tough several they seconds. should and be
FOOD USE: The shoots and young leaves, especially those that are
still scrolled, can be eaten raw or cooked as a potherb. With age they
quickly become tough and very astringent. Conservation 1.
",True," ['leaves','shoots']"
0278_a.txt,"BASAL LEAVES ABSENT, LEAVES
Erect knotweed
1
2
15
Polygonaceae
(Buckwheat
family)
erectum
Polygonum high with entire, elliptic leaves of very different difficulty sizes; 2.
QUI N jointed, NECK: green. all to zigzag knee stems and tiny flowers in the leaf axils. ID
tongh Annual herb 9-28"" (23-71 tall. erect to erratically leaning unharmed or spreading. after
","FOOD USE: Tender young leaves are marginally edible, like those of other knotweeds. Ripe seeds (late autumn)
can be winnowed, cracked, and cooked like buckwheat, to which it is related. Conservation 3.
",True,"
    'leaves','seeds'"
0278_b.txt,"BASAL LEAVES ABSENT, LEAVES ALTERNATE AND ENTIRE
16 Willow-leaved dock
1
2
Rumex triangulivalvis Polygonaceae (Buckwheat NG-226 family)
","FOOD USE: The young leaves, stems,
and petioles can be eaten raw or cooked
in spring or early summer, as long as they
remain tender. Conservation 2.
",True,"
    'young leaves','stems','petioles'"
0279_a.txt,"BASAL LEAVES ABSENT,
17 Poke (continued)
veins broadly angled, slightly depressed above. dividing before reaching leaf the base. margins. From each Petioles node 8-15% there
Secondary broadly channeled, the edges with a wing tapering from the to the next node below.
of blade length, wing-ridges, often purple tinted, running down the otherwise smooth stem crinkled, the
Shoots are two faint strongly and have skin that peels in thin, translucent strips. New leaves are upper ones
pointing taper vertically. Inflorescence (summer into fall) a raceme 5-14"" (13-36 cm) long, descending to drooping,
usually curving, with 40-90 flowers on pedicels 5-12 mm long. Flowers white to light pinkish, 5 mm across,
with 5 sepais (looking like petals), these broadly elliptic and spreading to reflexed, cupped with incurved tips.
Fruit (late summer to fall) a purple-black berry containing several dark seeds, broader than long and flattened
like a doughnut, 9-10 mm across, with usually 11 radiating sections (evident when the fruit is green), each section
with a tiny protruding ""whisker"" at the tip. They are borne almost touching one another on a drooping raceme.
HABITAT: Young or open disturbed woods, logged areas, forest edges, fields, pastures, roadsides, fencerows,
floodplain forests. Especially likes sandy soil. Native.
FOOD USE: Gather young shoots and their leaves in spring while still tender and meristematic. Leaves should
be small, ruffled, clustered, and erect; stems should be robust, not fibrous, and green. Before eating, shoots
and greens must be boiled in two changes of water for 10 minutes each. Conservation 1.
WARNING! Poke should not be eaten raw! Raw poke is toxic and will make you severely ill. Only young,
tender, meristematic greens can be eaten.
COMMENTS: In much of our region this is our most commonly eaten
and best-known wild vegetable. The stems are large, succulent, mild
in flavor, easily collected, and prolific-but they must be young and
meristematic. The berries are sometimes used in small amounts
medicinally but I recommend against eating them. Although I have
heard second-hand reports of them being used for pie, jelly, or juice,
the absence of first-hand accounts despite extensive interviews is
suspicious, and the taste of the berries is not good.
The ideal stage for harvest.
BASAL LEAVES ABSENT, 17 Poke (continued) veins broadly angled, slightly depressed above. dividing before reaching leaf the base. margins. From each Petioles node 8-15% there Secondary broadly channeled, the edges with a wing tapering from the to the next node below. of blade length, wing-ridges, often purple tinted, running down the otherwise smooth stem crinkled, the Shoots are two faint strongly and have skin that peels in thin, translucent strips. New leaves are upper ones pointing taper vertically. Inflorescence (summer into fall) a raceme 5-14"" (13-36 cm) long, descending to drooping, usually curving, with 40-90 flowers on pedicels 5-12 mm long. Flowers white to light pinkish, 5 mm across, with 5 sepais (looking like petals), these broadly elliptic and spreading to reflexed, cupped with incurved tips. Fruit (late summer to fall) a purple-black berry containing several dark seeds, broader than long and flattened like a doughnut, 9-10 mm across, with usually 11 radiating sections (evident when the fruit is green), each section with a tiny protruding ""whisker"" at the tip. They are borne almost touching one another on a drooping raceme. HABITAT: Young or open disturbed woods, logged areas, forest edges, fields, pastures, roadsides, fencerows, floodplain forests. Especially likes sandy soil. Native. FOOD USE: Gather young shoots and their leaves in spring while still tender and meristematic. Leaves should be small, ruffled, clustered, and erect; stems should be robust, not fibrous, and green. Before eating, shoots and greens must be boiled in two changes of water for 10 minutes each. Conservation 1. WARNING! Poke should not be eaten raw! Raw poke is toxic and will make you severely ill. Only young, tender, meristematic greens can be eaten. COMMENTS: In much of our region this is our most commonly eaten and best-known wild vegetable. The stems are large, succulent, mild in flavor, easily collected, and prolific-but they must be young and meristematic. The berries are sometimes used in small amounts medicinally but I recommend against eating them. Although I have heard second-hand reports of them being used for pie, jelly, or juice, the absence of first-hand accounts despite extensive interviews is suspicious, and the taste of the berries is not good. The ideal stage for harvest. ","FOOD USE: Gather young shoots and their leaves in spring while still tender and meristematic. Leaves should
be small, ruffled, clustered, and erect; stems should be robust, not fibrous, and green. Before eating, shoots
and greens must be boiled in two changes of water for 10 minutes each. Conservation 1.
",True,"
    'shoots','leaves'"
0279_b.txt,"BASAL LEAVES ABSENT, LEAVES ALTERNATE AND ENTIRE
informations
18 Fireweed
1
pith
2
Epilobium
angustifolium
family
Onagraceae
","FOOD USE: Gather young shoots while still tender, from 6-14"" (15-36 cm) tall. Remove leafy tips and dis-
card, then boil shoots
to remove bitterness
Dried leaves make a
good tea; properly fer-
mented leaves make an
excellent tea. Pith from
young stalks can be bro-
ken out and eaten raw or
cooked Conservation 2.
",True," ['shoots','Dried leaves','pith']"
0280_a.txt,"BASAL LEAVES ABSENT, LEAVES
19 American pellitory
2
(Nettle
family)
Parietaria pensylvanica
Urticaceae
CHECK: Small, light green, erect herb with thin, entire, alternate leaves; promi-
","FOOD USE: When young and tender the whole plant can be used raw or cooked; it has a cucumber flavor.
Conservation 2.
",True,"
    'whole plant'"
0280_b.txt,"BASAL LEAVES ABSENT, LEAVES ALTERNATE AND ENTIRE
20 Bush morning glory
1
Ipomoea leptophylla family Convolvulaceae
","FOOD USE: Dig up the roots at any time of year (but especially when the tops are dormant). Select the
small plants; larger ones will be too big to dig out, and the roots will be excessively fibrous. Cleaned roots can
be sliced and eaten raw or cooked and have a
mild, sweet flavor-but they are rather tough,
and they are tough to dig up. Conservation 3.
",True,"
    'roots'"
0281_a.txt,"BASAL LEAVES
21 Bastard toadflax
2
family
Santalaceae
Comandra umbellata
CHECK: Clumped shin-high stems, the gray-green leaves entire, difficulty sessile, 1. smooth,
","FOOD USE: The nut-like seeds make a tasty snack. They are larger in the western part of our area. Con-
servation 1.
",True,"
    'seeds'"
0281_b.txt,"1cm
BASAL LEAVES ABSENT, LEAVES ALTERNATE AND ENTIRE
22 Common dayflower
2
Commelina communis
family Commelinaceae
","FOOD USE: Gather the tender terminal sections of leaves and stems and eat them raw or cooked With a
mild, cucumber-like flavor, they are a pleasant wild nibble or addition to salads. The flowers and immature
seedpods can be eaten along with the greens.
",True," ['terminal sections','flowers','immature seedpods']"
0282_a.txt,"BASAL LEAVES
2
2
1
23 Tall dayflower
virginica
family
Commelinaceae
Commelina plant with erect zigzag stems in loose difficulty colonies, 2. the leaves
","FOOD USE: All parts are edible raw or
cooked: Laterals from summer to fall,
shoots and leafy tops in late spring. Con-
servation 3/2.
",True," ['laterals','shoots','leafy tops']"
0282_b.txt,"LEAVES ALTERNATE AND ENTIRE
24 White twisted-stalk
Streptopus amplexifolius 3 Liliaceae 3 (Lily family)
","FOOD USE: Tender shoots and greens in spring and early summer are excellent and mild, with less bitterness
than most of its relatives, reminiscent of cucumber. They can be eaten raw or cooked. The berries make a
nice nibble when they are ripe in late summer, but in quantity are reported to be laxative. Conservation 3/1.
",True,"
    'shoots','greens','berries'"
0283_a.txt,"BASAL
2
25 Rosy twisted-stalk lanceolatus
Liliaceae
(Lily
family)
Streptopus Shin-high plant with br anching, zigzag, difficulty arching 2. stem, alternate leaves
with raspy hairs on Perennial the from a short rhizome, spreading zigzag, to 12-26"" form small (30-66 colonies. cm) tall
","FOOD USE: Pick the tender tips of growing
plants in spring and very early summer. The
greens have a mild cucumber flavor-bet-
ter raw, in my opinion. Unlike some plants
in this section, you don't want to throw out
the leaves; they're most of what you get. The
cucumbery berries can be eaten raw in late
summer. Conservation 2/1.
",True,"
    'tips','greens','berries'"
0283_b.txt,"26 Large Bellwort
2
1
Uvularia grandiflorum family Colchicaceae
","FOOD USE: Gather young shoots when leaves are still furled up and flowers have yet to emerge. They can
be eaten raw but are better cooked, in which case they are just okay. The tender greens at the stem tips can
also be eaten through early flowering. Conservation 2.
",True,"
    'young shoots'"
0284_a.txt,"BASAL LEAVES ABSENT, LEAVES ALTERNATE AND ENTIRE
27 Smooth Solomon's seal 1
3
Polygonatum biflorum Asparagaceae (Asparagus family)
","FOOD USE: Rhizomes can be gathered all year but are best in the dormant season. They can be cooked as
a vegetable or added to stews. Gather shoots in spring before the leaves unfurl. Discard leaves and cook the
stems like asparagus. Conservation 3/2.
",True," ['rhizomes','shoots']"
0284_b.txt,"BASAL LEAVES ALTERNATE AND ENTIRE
28 False Solomon's seal
2
Maianthemum
NG-91
racemosum
Asparagaceae
(Asparagus
family)
","FOOD USE: Rhizomes can be dug all year. They were traditionally
soaked in wood ash lye to denature their irritating quality. then
boiled as a vegetable. Gather shoots in spring before the leaves
unfurl; discard leaves and cook the stems. Collect ripe berries in
fall and nibble them raw-they are very sweet but have a bitter
aftertaste. Conservation 3/2/1.
",True,"
    ['rhizomes','shoots']"
0285_a.txt,"BASAL LEAVES ABSENT, LEAVES ALTERNATE, TOOTHED
BASAL LEAVES ABSENT,
colonial To use this (see key glossary). you may A need few GROUP plants to LEAVES review have 36 the bumps here ALTERNATE, difference or on in group the leaf between 35. margins TOOTHED I have clumped included that these may and
be considered teeth, in and this these key even might though key it has basal evident. leaves because
wilt American rather bellflower early in spring, and by flowering they are not
TENTATIVE IDENTIFICATION KEY TO GROUP 36
The key is not your final answer!
Stems single, not appearing connected to other stems.
Leaves hairless.
Stems opaque, solid, and ridged or winged: leaves with blunt to wavy teeth.
1. Lambsquarters
Plant taller than wide, the leaves often mealy-white below.
6. Black nightshade
or or
Plant as wide or wider than tall, the leaves not mealy below.
2. Jewelweed
Stems roundish, hollow, and transparent; leaves with needle-teeth.
Leaves with hairs on one or more sides.
Plants distinctly taller than wide.
Leaves lanceolate, narrowly elliptic, or linear.
Leaf lanceolate, sap milky, flowers bluish-purple. American bellflower (p. 337).
or
or
Leaf narrowly elliptic to linear, sap not milky. Horseweed (p. 580).
or
Leaves broadly ovate or heart-shaped, mostly over 3"" (8 cm) long.
Leaf and stem covered with short, stiff hairs; sandpapery feeling.
3. Sunflower
or
Leaf and stem covered with short, soft hairs: velvety feeling.
4. Velvetleaf
Leaves elliptic, less than 3"" long.
5. Prickly sida
Plants as wide or wider than tall.
Petais separated more than half their length, flowers in clusters, fruit not in a papery husk.
6. Black nightshade
Petals fused to the tip, flowers single, fruit in a papery husk.
7. Ground-cherry
Stems colonial, usually multiple but not clumped; connected by rhizomes.
Leaves on long petioles, with stingers, the blade broadly ovate to heart-shaped.
8. Wood nettle
Leaves sessile or on petioles < 10% of blade length, lanceolate and tapered at the base,
or
without stingers.
Leaves soft-woolly and silvery-white below.
9. Serrated sage
Leaves roughened by minute hairs but not silvery.
10. Common goldenrod
Leaves hairless on both sides.
Stems usually clumped, the bases touching or nearly so.
11. Ditch stonecrop
Leaves ovate to obovate, blunt-tipped, thick and fleshy-succulent.
Leaves narrowly elliptic to lanceolate, sharp-tipped, not thick and succulent.
12. Orpine
Sap not milky; leaves coated with very fine, soft, appressed hairs.
Sap milky, leaves hairless.
13. Bigfruit evening-primrose
14. Appalachian bellflower
BASAL LEAVES ABSENT, LEAVES ALTERNATE, TOOTHED BASAL LEAVES ABSENT, colonial To use this (see key glossary). you may A need few GROUP plants to LEAVES review have 36 the bumps here ALTERNATE, difference or on in group the leaf between 35. margins TOOTHED I have clumped included that these may and be considered teeth, in and this these key even might though key it has basal evident. leaves because wilt American rather bellflower early in spring, and by flowering they are not TENTATIVE IDENTIFICATION KEY TO GROUP 36 The key is not your final answer! Stems single, not appearing connected to other stems. Leaves hairless. Stems opaque, solid, and ridged or winged: leaves with blunt to wavy teeth. 1. Lambsquarters Plant taller than wide, the leaves often mealy-white below. 6. Black nightshade or or Plant as wide or wider than tall, the leaves not mealy below. 2. Jewelweed Stems roundish, hollow, and transparent; leaves with needle-teeth. Leaves with hairs on one or more sides. Plants distinctly taller than wide. Leaves lanceolate, narrowly elliptic, or linear. Leaf lanceolate, sap milky, flowers bluish-purple. American bellflower (p. 337). or or Leaf narrowly elliptic to linear, sap not milky. Horseweed (p. 580). or Leaves broadly ovate or heart-shaped, mostly over 3"" (8 cm) long. Leaf and stem covered with short, stiff hairs; sandpapery feeling. 3. Sunflower or Leaf and stem covered with short, soft hairs: velvety feeling. 4. Velvetleaf Leaves elliptic, less than 3"" long. 5. Prickly sida Plants as wide or wider than tall. Petais separated more than half their length, flowers in clusters, fruit not in a papery husk. 6. Black nightshade Petals fused to the tip, flowers single, fruit in a papery husk. 7. Ground-cherry Stems colonial, usually multiple but not clumped; connected by rhizomes. Leaves on long petioles, with stingers, the blade broadly ovate to heart-shaped. 8. Wood nettle Leaves sessile or on petioles < 10% of blade length, lanceolate and tapered at the base, or without stingers. Leaves soft-woolly and silvery-white below. 9. Serrated sage Leaves roughened by minute hairs but not silvery. 10. Common goldenrod Leaves hairless on both sides. Stems usually clumped, the bases touching or nearly so. 11. Ditch stonecrop Leaves ovate to obovate, blunt-tipped, thick and fleshy-succulent. Leaves narrowly elliptic to lanceolate, sharp-tipped, not thick and succulent. 12. Orpine Sap not milky; leaves coated with very fine, soft, appressed hairs. Sap milky, leaves hairless. 13. Bigfruit evening-primrose 14. Appalachian bellflower ",,False,"
    []"
0285_b.txt,"BASAL LEAVES ABSENT, LEAVES ALTERNATE, TOOTHED
Lambsquarters
3
2
Ll
FH-186
Chenopodium
(in
part)
family
Amaranthaceae
","FOOD USE: Gather tender leafy tops of young plants from spring through early autumn-most commonly in
late spring through early summer. They can be eaten raw or cooked in any way you would use spinach. On older and
plants can pluck individual leaves, which will remain tender while the stems toughen. In late summer After drying
you the fruiting heads can be gathered by hand-stripping or beating them into a container. the
autumn, off the chaff (see p. 27), the seeds should be soaked, rubbed, and drained to remove Conservation sapo- 1.
and nins rubbing in the seedcoat. Then they can be cooked into a porridge or dried and ground into flour.
This is one of the best known and most commonly used wild plants in North America. have been It is
",True,"
    'tender leafy tops','seeds'"
0286_a.txt,"BASAL LEAVES ABSENT, LEAVES
2
Jewelweed Impatiens 1 family Balsaminaceae
","FOOD USE: Cotyledon leaves of new seedlings can be nibbled raw or eaten cooked. Very young plants, gener-
ally 6-10"" (15-25 cm) tall or less with the leaves still paired, make decent greens after boiling and discarding
the water. The ripe seeds, in late summer, taste like slightly bitter walnuts but are hard to collect in volume.
Conservation 2/1.
",True,"
    'cotyledon leaves','ripe seeds'"
0286_b.txt,"mm
0
1cm
BASAL LEAVES ABSENT, LEAVES ALTERNATE, TOOTHED
Yellow jewelweed flowers.
Orange jewelweed pods.
Jewelweed seeds
3 Sunflower 3
Helianthus annuus
+
Asteraceae (Composite family)
","FOOD USE: the seeds, when vigorously rubbed, will detach from the receptacle. Once cooked. separated, Conservation 1.
seeds, will fall then off and rub them to loosen the hulls and winnow. Flower buds can also be eaten
ancestor of the cultivated sunflower, which was domesticated long much ago smaller by Native and
",True, ['seeds']
0287_a.txt,"BASAL LEAVES ABSENT, LEAVES ALTERNATE, TOOTHED
Velvetleaf
Malvaceae
(Mallow
family)
Abutilon theophrasti sparse, drooping, velvety, heart-shaped capsules. leaves
","FOOD USE: The youngest leaves can be eaten cooked but are pretty lame; there is usually something better
nearby. The tender stem tips can be peeled and eaten; they have an odd musky flavor. Unripe seeds can be
taken out of the green pods and eaten raw.
Ripe seeds can be soaked or briefly boiled,
drained, and then ground up for a flour or
gruel. They can also be pressed for oil.
",True," ['tender stem tips','unripe seeds','ripe seeds']"
0287_b.txt,"BASAL LEAVES ABSENT, LEAVES ALTERNATE, TOOTHED
5 Prickly sida
2
D
Sida spinosa Malvaceae (Mallow family)
","FOOD USE: The tender leaves of young plants make a nice green raw or cooked. Older leaves are sometimes
used for tea.
",True,"
    'leaves'"
0288_a.txt,"BASAL LEAVES ABSENT, LEAVES ALTERNATE, TOOTHED
Black nightshade
3
3 a NG-375
G
Solanum nigrum (species complex)
Solanaceae (Nightshade family)
Widely branching stems with ridges from the nodes, leaves ID difficulty with a few 2.
",,False,"
    []"
0288_b.txt,"bitter and probably should not be eaten. Belladonna Atropa belladonna has much larger, poisonous fruit, borne
singly, with a very large calyx under the berry.
HABITAT: Weedy habitats: gardens, yards, building sites, agricultural fields, disturbed soil, rubbish piles.
Also found in wilder landscapes along river banks and in hardwood forests after fires, logging, or windstorms.
Native, although the European species is established in a few areas.
FOOD USE: Tender young stem tips and attached leaves, before the flowers open, make excellent greens
but should be steamed or boiled; older leaves are bitter and mildly toxic. Ripe fruit, dark purple-black and
juicy, is eaten out of hand or used in salads, salsa, pies, jams, burritos, and applesauce, from midsummer
through fall. Conservation 1.
COMMENTS: This plant is the subject of the most pervasive myth of toxicity of any in North America. Both
ignorance and racism have fed that myth. Doctors are not botanists-I have examined several documented
poisonings from ""Solanum nigrum"" that were clearly and unambiguously misidentified Atropa belladonna.
The two plants are easily distinguished. The ripe berries of the S. nigrum complex are enjoyed by hundreds
of millions of people worldwide, and the greens are among the most commonly eaten leafy vegetables in the
world. Nevertheless, many Europeans have asserted for centuries that this plant is poisonous, despite ample
living proof that this is nonsense.
7 Ground-cherry
1-3
Physalis spp.
Solanaceae (Nightshade family)
","FOOD USE: Tender young stem tips and attached leaves, before the flowers open, make excellent greens
but should be steamed or boiled; older leaves are bitter and mildly toxic. Ripe fruit, dark purple-black and
juicy, is eaten out of hand or used in salads, salsa, pies, jams, burritos, and applesauce, from midsummer
through fall. Conservation 1.
",True," 'stem tips','leaves','ripe fruit'"
0289_a.txt,"BASAL LEAVES ABSENT, LEAVES ALTERNATE, TOOTHED
Ground-cherry (continued)
i toward the ground, hanging wide-spreading on long pedicels bell from of five leaf fused axils.
Flowers (mid to late summer) triangular single, lobes open fused at the base. Corolla like a Fruit (late summer through fall)
Calyx 5 pointed, like green, a sloppy pentagon from the end, yellow on most species. a inflated, papery husk, the
petals, looking berry 0.3-0.7"" (8-18 mm) in diameter, enclosed in often 5-part, with a sticky surface. Inside
berry a tomato-like ripening spherical dull yellow to orange, straw, or occasionally purple-black,
are numerous tiny, soft seeds.
HABITAT: Open, sunny, dry ground, especially well-drained sand or gravel: prairies, streambanks, savannahs, disturbed woodland
openings, roadsides, meadows, fields, pastures, building sites, empty lots, dry
ground. Native.
FOOD USE: Gather papery husks from the plant or off the ground beneath it in late summer or fall. After
removing the husks the ripe fruit can be eaten raw as a snack, added to salads or burritos, or made into jam,
pie or sauces. They can also be dried. Unripe fruit is usually bitter. Conservation 1.
COMMENTS: These delicious fruits are often produced sparingly, but when you can find enough, wonderful
things can be made from them. The cultivated tomatillo is a member of the same genus.
SPECIES: There are numerous ground cherries native in our region; the four most common are pictured here.
Of these, clammy ground-cherry P. heterophylla has the best-tasting and largest fruit. This species can be
identified by its broad leaves and the fact that all parts are densely covered with soft but sticky, erect hairs.
Virginia ground-cherry P. virginiana has narrower leaves and is less hairy; its fruit ripens to a deeper orange,
and the stem end of the husk is deeply depressed. Long-leaved ground-cherry P. longifolia has few to no hairs.
The leaves are really no narrower than those of Virginia ground-cherry, but the fruit husk is more rounded on
top. A common species across the South is cut-leaf
ground-cherry P. angulata (another misnomer, for
this one has large teeth, but the leaves are not deeply
cut). This annual has fruit that is not quite as good
as the perennials mentioned above.
Physicia ungulate
Physalis virginiana.
(above and below) Physalis heterophylla.
BASAL LEAVES ABSENT, LEAVES ALTERNATE, TOOTHED Ground-cherry (continued) i toward the ground, hanging wide-spreading on long pedicels bell from of five leaf fused axils. Flowers (mid to late summer) triangular single, lobes open fused at the base. Corolla like a Fruit (late summer through fall) Calyx 5 pointed, like green, a sloppy pentagon from the end, yellow on most species. a inflated, papery husk, the petals, looking berry 0.3-0.7"" (8-18 mm) in diameter, enclosed in often 5-part, with a sticky surface. Inside berry a tomato-like ripening spherical dull yellow to orange, straw, or occasionally purple-black, are numerous tiny, soft seeds. HABITAT: Open, sunny, dry ground, especially well-drained sand or gravel: prairies, streambanks, savannahs, disturbed woodland openings, roadsides, meadows, fields, pastures, building sites, empty lots, dry ground. Native. FOOD USE: Gather papery husks from the plant or off the ground beneath it in late summer or fall. After removing the husks the ripe fruit can be eaten raw as a snack, added to salads or burritos, or made into jam, pie or sauces. They can also be dried. Unripe fruit is usually bitter. Conservation 1. COMMENTS: These delicious fruits are often produced sparingly, but when you can find enough, wonderful things can be made from them. The cultivated tomatillo is a member of the same genus. SPECIES: There are numerous ground cherries native in our region; the four most common are pictured here. Of these, clammy ground-cherry P. heterophylla has the best-tasting and largest fruit. This species can be identified by its broad leaves and the fact that all parts are densely covered with soft but sticky, erect hairs. Virginia ground-cherry P. virginiana has narrower leaves and is less hairy; its fruit ripens to a deeper orange, and the stem end of the husk is deeply depressed. Long-leaved ground-cherry P. longifolia has few to no hairs. The leaves are really no narrower than those of Virginia ground-cherry, but the fruit husk is more rounded on top. A common species across the South is cut-leaf ground-cherry P. angulata (another misnomer, for this one has large teeth, but the leaves are not deeply cut). This annual has fruit that is not quite as good as the perennials mentioned above. Physicia ungulate Physalis virginiana. (above and below) Physalis heterophylla. ","FOOD USE: Gather papery husks from the plant or off the ground beneath it in late summer or fall. After
removing the husks the ripe fruit can be eaten raw as a snack, added to salads or burritos, or made into jam,
pie or sauces. They can also be dried. Unripe fruit is usually bitter. Conservation 1.
",True,"
    'fruit'"
0289_b.txt,"ABSENT,
LEAVES
ALTERNATE,
TOOTHED
8
Wood nettle
3
3
2
FH-177
Laportea canadensis
Urticaceae (Nettle family)
","FOOD USE: Harvest shoots in mid spring while the leaves have
scarcely unfurled; eat cooked. A little later in the season collect
the tender leafy tops and boil or steam as a potherb. By the time
the leaves unfurl the stingers may be very potent, so wear gloves
when collecting greens. Ripe seeds can be collected in autumn
and cooked like flax seeds. Conservation 2/1.
",True," ['shoots', 'leaves', 'seeds']"
0290_a.txt,"BASAL LEAVES ABSENT, LEAVES ALTERNATE, TOOTHED
Serrated sage
Artemisia
serrata Asteraceae (Composite family)
","FOOD USE: The young
leafy tips can be used as an
herb or tea like mugwort.
Conservation 1.
",True,"
    'young leafy tips'"
0290_b.txt,"BASAL LEAVES ABSENT, LEAVES ALTERNATE, TOOTHED
10 Common goldenrod
2
Solidago canadensis
Asteraceae (Composite family)
","FOOD USE: Lateral shoots in summer are good raw or
cooked. Erect shoots are better peeled or cooked with the
leaves removed. Blanched shoots (do this by placing a piece
of plywood over a colony in spring before they emerge) are
whitish and very tender-much better than the green shoots.
Leaves can be used for tea. Conservation 1.
",True,"
    'shoots'"
0291_a.txt,"BASAL LEAVES ABSENT, LEAVES ALTERNATE, TOOTHED
Ditch stonecrop
Penthorum sedoides
family Penthoraceae
CHECK: Thigh high plant of wet soil with ridged stems and thin, alternate, difficulty sharp- 3.
","FOOD USE: The tender young greens can be collected in early
summer and eaten raw or cooked. They are somewhat astringent
and bitter-the flavor reminds me of brooklime. Conservation 2.
",True,"
    'young greens'"
0291_b.txt,"LITY
-
BASAL LEAVES ABSENT, LEAVES ALTERNATE, TOOTHED
12 Orpine
1
Hylotelephium telephium family Crassulaceae
","FOOD USE: The fleshy leaves are edible raw or cooked, and are best early in the growing season-but in no
Gase are they especially good. The roots are prolific and form a tangled mass under the colony. Harvested
from fall through early spring, they can be eaten as a cooked vegetable, but they taste pretty bad. The young
bots are also sometimes made into pickles.
",True,"
    'leaves','young bots'"
0292_a.txt,"BASAL LEAVES ABSENT, LEAVES ALTERNATE,
13 Bigfruit evening-primrose
2
2
Oenothera grandiflora family Onagraceae
with tough, spreading, simple stems, narrow ID difficulty leaves, large 1.
","FOOD USE: Both flowers and flower buds are excel-
ient raw or cooked, from spring to late summer. Con-
servation 1.
",True,"
    'flowers','buds'"
0292_b.txt,"Brandifiers
BASAL LEAVES ABSENT, LEAVES ALTERNATE, TOOTHED
14 Appalachian bellflower
2
Campanula divaricata
family Campanulaceae
","FOOD USE: Tender stem tips make a nice mild
green, raw or cooked, in spring. Conservation 2.
",True,"
    'tips'"
0293_a.txt,"BASAL LEAVES ABSENT, LEAVES ALTERNATE
GROUP 37 BASAL LEAVES ABSENT,
LEAVES ALTERNATE AND LOBED
This contains several mallows, a few composites, a few members of the
amaranth group family, and some odds and ends. Many of them are physically very
distinct at a glance. A few members might key into group 36 if one interprets
their small lobes as large teeth.
TENTATIVE IDENTIFICATION KEY TO GROUP 37
The key is not your final answer!
Leaf entire and linear, or with 2-3 linear lobes.
Blade usually hairless, <6 mm wide; plant <20"" (50 cm) tall.
1. Tarragon
or
Blade densely soft-hairy, >1cm wide; plant >20"" (50 cm) tall.
3. Downy paintbrush
Lobed leaves palmate, or elongated with 2 lobes near the base.
Stem creeping or decumbent, less than 10"" (25 cm) tall.
Stem hairless, flowers not showy.
4. Common pennywort
or
Stem with long hairs, flowers orange-red.
8. Bristly mallow
Stem erect to leaning, more than 10"" (25 cm) tall.
All leaves deeply palmately lobed, most with 5 or more lobes.
Covered with needle-like stingers growing from white pustules.
5.Bull-nettle
or
Covered with needle-like, non-stinging hairs; no white pustules.
6. Pineland hibiscus
Hairless, the lobes almost linear and toothless.
7. Scarlet hibiscus
or
Lobed leaves typically have 3 major lobes, not deeply cut.
Lobed leaves all about as broad as long.
Erect wetland plant with giant pink flowers 5-9"" (13-23 cm) across.
or
9. Swamp rose mallow
Leaning woodland plant with twisted scarlet flowers that never open.
Leaning to sprawling weed with non-showy flowers and spiny fruit.
11. Turk's cap mallow
Lobed leaves sometimes much longer than broad, with an elongated tip.
14. Cocklebur
Stem hairless or nearly so, flowers 4-5"" (10-13 cm) across, stamens whitish.
Stem densely stiff-hairy. flowers 2"" (5 cm) across, stamens yellow.
10. Halberd-leaf rose mallow
Stems densely soft-hairy, flowers 1"" (2.5 cm) across, stamens maroon.
12. Seashore mallow
Leaves Lobes pinnately lobed, the blades clearly longer than wide with 2 or more lobes per side.
13. Marsh mallow
compound, each lobed again; stems clumped.
Lobes simple; stems single or few.
2. Mugwort
Blades hairless.
Tumbleweed. Sprawling seashore plant with succulent leaves.
or
15. Sea rocket
Erect to leaning stems; leaves with numerous, erratic teeth.
Blades hairy or velvety on one or both sides.
Erect stems; leaves with a few large teeth but no small ones,
16. Tumble ringwing
17, Epazote
Leaves Leaves less than 3"" (8 cm) long with a few blunt teeth.
18. Maple-leaved goosefoot
Margins spiny.
more than 5"" long with many sharp teeth.
19. Showy evening primrose
Margins not spiny.
20, Canada thistle
21. Burnweed
BASAL LEAVES ABSENT, LEAVES ALTERNATE GROUP 37 BASAL LEAVES ABSENT, LEAVES ALTERNATE AND LOBED This contains several mallows, a few composites, a few members of the amaranth group family, and some odds and ends. Many of them are physically very distinct at a glance. A few members might key into group 36 if one interprets their small lobes as large teeth. TENTATIVE IDENTIFICATION KEY TO GROUP 37 The key is not your final answer! Leaf entire and linear, or with 2-3 linear lobes. Blade usually hairless, <6 mm wide; plant <20"" (50 cm) tall. 1. Tarragon or Blade densely soft-hairy, >1cm wide; plant >20"" (50 cm) tall. 3. Downy paintbrush Lobed leaves palmate, or elongated with 2 lobes near the base. Stem creeping or decumbent, less than 10"" (25 cm) tall. Stem hairless, flowers not showy. 4. Common pennywort or Stem with long hairs, flowers orange-red. 8. Bristly mallow Stem erect to leaning, more than 10"" (25 cm) tall. All leaves deeply palmately lobed, most with 5 or more lobes. Covered with needle-like stingers growing from white pustules. 5.Bull-nettle or Covered with needle-like, non-stinging hairs; no white pustules. 6. Pineland hibiscus Hairless, the lobes almost linear and toothless. 7. Scarlet hibiscus or Lobed leaves typically have 3 major lobes, not deeply cut. Lobed leaves all about as broad as long. Erect wetland plant with giant pink flowers 5-9"" (13-23 cm) across. or 9. Swamp rose mallow Leaning woodland plant with twisted scarlet flowers that never open. Leaning to sprawling weed with non-showy flowers and spiny fruit. 11. Turk's cap mallow Lobed leaves sometimes much longer than broad, with an elongated tip. 14. Cocklebur Stem hairless or nearly so, flowers 4-5"" (10-13 cm) across, stamens whitish. Stem densely stiff-hairy. flowers 2"" (5 cm) across, stamens yellow. 10. Halberd-leaf rose mallow Stems densely soft-hairy, flowers 1"" (2.5 cm) across, stamens maroon. 12. Seashore mallow Leaves Lobes pinnately lobed, the blades clearly longer than wide with 2 or more lobes per side. 13. Marsh mallow compound, each lobed again; stems clumped. Lobes simple; stems single or few. 2. Mugwort Blades hairless. Tumbleweed. Sprawling seashore plant with succulent leaves. or 15. Sea rocket Erect to leaning stems; leaves with numerous, erratic teeth. Blades hairy or velvety on one or both sides. Erect stems; leaves with a few large teeth but no small ones, 16. Tumble ringwing 17, Epazote Leaves Leaves less than 3"" (8 cm) long with a few blunt teeth. 18. Maple-leaved goosefoot Margins spiny. more than 5"" long with many sharp teeth. 19. Showy evening primrose Margins not spiny. 20, Canada thistle 21. Burnweed ",,False,"
    []"
0293_b.txt,"BASAL LEAVES ABSENT, LEAVES ALTERNATE AND LOBED
1
Tarragon
Artemisia dracunculus Asteraceae (Composite family)
","FOOD USE: Leaves can be used fresh or dried as a seasoning like domestic tarragon. Conservation 2.
",True,"
    'leaves'"
0294_a.txt,"BASAL LEAVES ABSENT, LEAVES ALTERNATE AND LOBED
2
Mugwort vulgaris Asteraceae (Composite family) lobed
","FOOD USE: The leaves can be used
as a tea or in tea mixtures, fresh or
dried. The youngest shoots and leaves
can be eaten sparingly raw or cooked,
more as a seasoning than a vegeta-
ble. To find young shoots in spring,
remember the location of colonies
from the previous growing season,
or look for the distinctive old stalks.
",True,"
    'leaves','youngest shoots'"
0294_b.txt,"BASAL LEAVES ABSENT, LEAVES ALTERNATE AND LOBED
3 Downy paintbrush
2
Castilleja sessiflora
family Orobanchaceae
","FOOD USE: Young shoots and tender tips
can be eaten raw or cooked. Conservation 2.
",True,"
    'shoots','tips'"
0295_a.txt,"BASAL LEAVES ABSENT, LEAVI
4 Common pennywort
1
(Ginseng
family)
Hydrocotyle
americana
Araliaceae
","FOOD USE: Greens can be eaten raw or cooked, from
spring through early autumn. Conservation 2.
",True,"
    'greens'"
0295_b.txt,"I'em
BASAL LEAVES ABSENT, LEAVES ALTERNATE AND LOBED
and brown when ripe. Each nut looks like a beetle
state
and has a light fleshy appendage (called a caruncle)
that looks like the beetle's head attached at one end.
HABITAT: Sandy, sunny, well-drained sites, especially
where disturbed. Roadsides, hillsides, dunes, and
pastures. Native.
A
FOOD USE: Ripe nuts are delicious, available through
late summer and fall. Collect them with tongs or very
thick gloves and parch off the stingers before removing
the husks. You have to take off 3 layers to get to the
kernels. Conservation 1.
COMMENTS: The roots are reported to be edible
but are enormous and hard to dig out, and I have not
tried them. The nuts are delicious, and well protected.
AKA great spurge-nettle.
WARNING: Causes serious, painful stings!
Related edible:
Spurge-nettle
Cnidoscolus stimulosus
2
1
NY
This plant lives in sandy
soil and prefers full sun
in similar habitats fur-
ther east, especially
near the coast. It is very
similar but smaller in
all respects. The nuts
are likewise edible, but
smaller and more diffi-
cult to get out. I've eaten
the root of this species,
which is okay when
cooked. A
021
I'em BASAL LEAVES ABSENT, LEAVES ALTERNATE AND LOBED and brown when ripe. Each nut looks like a beetle state and has a light fleshy appendage (called a caruncle) that looks like the beetle's head attached at one end. HABITAT: Sandy, sunny, well-drained sites, especially where disturbed. Roadsides, hillsides, dunes, and pastures. Native. A FOOD USE: Ripe nuts are delicious, available through late summer and fall. Collect them with tongs or very thick gloves and parch off the stingers before removing the husks. You have to take off 3 layers to get to the kernels. Conservation 1. COMMENTS: The roots are reported to be edible but are enormous and hard to dig out, and I have not tried them. The nuts are delicious, and well protected. AKA great spurge-nettle. WARNING: Causes serious, painful stings! Related edible: Spurge-nettle Cnidoscolus stimulosus 2 1 NY This plant lives in sandy soil and prefers full sun in similar habitats fur- ther east, especially near the coast. It is very similar but smaller in all respects. The nuts are likewise edible, but smaller and more diffi- cult to get out. I've eaten the root of this species, which is okay when cooked. A 021 ","FOOD USE: Ripe nuts are delicious, available through
late summer and fall. Collect them with tongs or very
thick gloves and parch off the stingers before removing
the husks. You have to take off 3 layers to get to the
kernels. Conservation 1.
",True, 'nuts'
0296_a.txt,"6 Pineland hibiscus
2
3
Hibiscus aculeatus . Malvaceae (Mallow family)
","FOOD USE: The Birth
roots
are dormant then
young leaves are P%
flavor. reminis, ent
prickly to eat these
green sauce or soop flowers
",True," ['roots','Young leaves']"
0296_b.txt,"BASAL
LEAVES ABSENT, LEAVES ALTERNATE AND LOBED
7
Scarlet hibiscus
3
3
3
Hibiscus coccineus
Malvaceae (Mallow family)
","FOOD USE: In spring and early summer the leafy stem tips make excellent greens raw or cooked. The flower
buds are a great vegetable; I have never had a chance to try the immature pods. Flowers are both delicious
and beautiful. Conservation 2.
",True," ['leafy stem tips', 'flower buds']"
0297_a.txt,"BASAL LEAVES ABSENT, LEAVES ALTERNATE
8 mallow
Modiola Bristly caroliniana 3 Malvaceae (Mallow family)
CHECK: Ground-hugging lawn plant with palmately lobed alternate leaves, tiny
","FOOD USE: Tender leaves and stem tips
can be eaten raw or cooked-all year but
especially from late winter to early sum-
mer. Leaves can be chopped and steeped
for tea. Conservation 1.
",True,"
    'leaves','stem tips'"
0297_b.txt,"BASAL LEAVES ABSENT, LEAVES ALTERNATE AND LOBED
9 Swamp rose mallow
1
Hibiscus moscheutos Malvaceae (Mallow 3 family)
","FOOD USE: Tender young leaves can be eaten in early summer-they
are better cooked, but are always rather tough. Flowers and flower
buds are edible in mid to late summer. Immature pods are somewhat
like okra, and are the best part of the plant. You have to get them
before they toughen, while they are less than full-size (pod sides
should not yet touch the cup formed by the calyx). Conservation 2.
",True," ['Young leaves','Flowers','Immature pods']"
0298_a.txt,"BASAL LEAVES ABSENT, LEAVES ALTERNATE AND LOBED
Related edible:
10 Halberd-leaf rose mallow
2
2
2
3
Hibiscus laevis + Malvaceae (Mallow family)
This species is similar but smaller in all respects, and in general is much more common. The
stems are somewhat shorter and thinner, 3-5' (1-1.5 m) tall, with the surface smooth and
hairless or nearly so. The leaves are much narrower, either triangular or with 2 prominent
lobes near the base, and the surfaces are faintly hairy to hairless. The flowers are smaller,
with white to pink petals and a deep red center. This species is more of a generalist than the
swamp rose mallow, found in full to partial sun in swamps or at the margins of lakes, rivers,
ditches, and ponds with muck or clay soil, and in wet meadows and around depressions in disturbed fields near
waterways. Flower buds, flowers, and immature pods are all edible in mid to late summer. The young greens of
rapidly growing stems
in late spring and early
summer are more ten-
der and better eating
than those of its larger
cousin. AKA Hibiscus
militaris, smooth rose
mallow. ID difficulty 1.
Tender tip.
626
BASAL LEAVES ABSENT, LEAVES ALTERNATE AND LOBED Related edible: 10 Halberd-leaf rose mallow 2 2 2 3 Hibiscus laevis + Malvaceae (Mallow family) This species is similar but smaller in all respects, and in general is much more common. The stems are somewhat shorter and thinner, 3-5' (1-1.5 m) tall, with the surface smooth and hairless or nearly so. The leaves are much narrower, either triangular or with 2 prominent lobes near the base, and the surfaces are faintly hairy to hairless. The flowers are smaller, with white to pink petals and a deep red center. This species is more of a generalist than the swamp rose mallow, found in full to partial sun in swamps or at the margins of lakes, rivers, ditches, and ponds with muck or clay soil, and in wet meadows and around depressions in disturbed fields near waterways. Flower buds, flowers, and immature pods are all edible in mid to late summer. The young greens of rapidly growing stems in late spring and early summer are more ten- der and better eating than those of its larger cousin. AKA Hibiscus militaris, smooth rose mallow. ID difficulty 1. Tender tip. 626 ",,False,"
    None. The given text is empty."
0298_b.txt,"revis
BASAL LEAVES ABSENT, LEAVES ALTERNATE AND LOBED
11 Turk's cap mallow
1
2
3
Malvaviscus arboreus Malvaceae (Mallow family)
","FOOD USE: Young leaves are
edible but mediocre as cooked
greens. Flowers and ripe fruits.
which are available for most of the
growing season (but especially in
late summer and fall) are delicious
raw nibbles. Conservation 1.
",True," ['Young leaves','flowers','ripe fruits']"
0299_a.txt,"BASAL LEAVES ASSENT,
12 Seashore mallow
1
1
1
Malvaceae
(Mallow
family)
Kosteletzkya
pentacarpos
Chest-high seashore plant with grayish, rough-hairy stems central and column. long-
","FOOD USE: Tender leafy tips, flowers, and flower buds are edible from late spring through early autumn,
but the surfaces of all parts have stiff hairs giving them a rough, granular texture that is especially unpleasant
on the greens. Even the flower petals feel gritty. The buds are the best part, but they are tiny. Conservation 2.
",True,"
    'tender leafy tips','flowers','flower buds'"
0299_b.txt,"BASAL LEAVES ABSENT, LEAVES ALTERNATE AND LOBED
13 Marsh mallow
2
1
Althaea officinalis Malvaceae (Mallow family) 2
","FOOD USE: The large root can be cooked and used as a vegetable. Shoots can be eaten raw or cooked in
late spring (I have not tried
them). Young greens are
rather tough and woolly, but
edible. Flowers and new green
fruits are available over a long
season and are good raw or
cooked. All parts are highly
mucilaginous.
",True,"
    'roots','shoots','Young greens'"
0300_a.txt,"BASAL LEAVES ABSENT, LEAVES ALTERNATE AND LOBED
14 Cocklebur
2
(Composite
family)
Xanthium
strumarium
Asteraceae
CHECK: Thick-stemmed, leaning to spreading herb with thick, rough leaves and
","FOOD USE: Gather ripe brown burs in late summer or fall. Allow them to dry, then clip the base end with
a wire cutter and squeeze the seed out with pliers, or let it fall out. Eat like sunflower nuts. Conservation 1.
",True,"
    'burs'"
0300_b.txt,"BASAL LEAVES ABSENT, LEAVES ALTERNATE AND LOBED
15 Sea rocket
3
Cakile edentula Brassicaceae (Mustard family)
","FOOD USE: Gather ten-
der greens and stems as
a spicy vegetable, raw
or cooked. Spring to
early summer is best
but individual leaves
remain tender through
the growing season.
Conservation 2,
",True,"
    'tender greens','stems'"
0301_a.txt,"BASAL LEAVES ABSENT, LEAVES ALTERNATE
16 Tumble ringwing
1
Cycloloma atriplicifolium family Amaranthaceae
","FOOD USE: Cut dry plants in late summer, rub over a tub to collect seeds.
Dry, rub, winnow, then use as a cooked grain. The chaff is highly aromatic
and the seeds have an odd flavor. Conservation 1.
",True,"
    'seeds'"
0301_b.txt,"BASAL LEAVES ABSENT, LEAVES ALTERNATE AND LOBED
17 Epazote
Chenopodium ambrosioides family Amaranthaceae
","FOOD USE: The dried or fresh leaves are used as a season-
ing traditionally with beans in Mexican cuisine.
",True, 'leaves'
0302_a.txt,"BASAL LEAVES ABSENT, LEAVES ALTERNATE AND LOBED
3
2
[]
FH-186
18 Maple-leaved goosefoot
Chenopodium
hybridum
family
Amaranthaceae
CHECK: Tall, musky-scented herb, the leaves with a few very difficulty large teeth 2. or small
","FOOD USE: Eat tender leafy tips raw or cooked;
they can be collected from late spring through
summer. Leaf blades remain palatable even
as the stems toughen and mature. The musky
scent goes away with cooking. The seeds are
larger than those of other goosefoots and easier
to clean and winnow. Conservation 1.
",True," ['tips','seeds']"
0302_b.txt,"BASAL LEAVES ABSENT, LEAVES ALTERNATE AND LOBED
19 Showy evening primrose
1
2
Oenothera
speciosa
Onagraceae (Evening primrose family)
","FOOD USE: The tender leafy stem tips, flower
buds, and flowers can all be eaten raw or cooked.
They have a little bit of the irritating quality typi-
cal of the evening primrose genus, so are better
cooked. The best time to get them is in spring
and early summer, but good nibbles can be found
from April through early autumn. Conservation 1.
RELATED EDIBLES: There are numerous mem-
bers of the genus Oenothera. These are safe to
try, and can be eaten to the extent that they are
pleasant. but many are strong flavored or tough.
",True,"
    'stem tips','flower buds','flowers'"
0303_a.txt,"BASAL LEAVES ABSENT, LEAVES ALTERNATE
20 Canada thistle
38m3 61 FH-333
Cirsium arvense Asteraceae (Composite family)
","FOOD USE: Rhizome tips are unarmed, very tender,
and delicious. If you put plywood over a thick Canada
thistle colony in spring, rhizomes (or shoots) will crawl
along beneath it looking for light. The youngest shoots,
when still pushing through mulch, make an excellent
vegetable. These will have developed thorns only on
the very tip, which can be snipped off. Green shoots
are good raw or
cooked after being
carefully peeled.
",True,"
    'rhizomes','shoots'"
0303_b.txt,"BASAL LEAVES ABSENT, LEAVES ALTERNATE AND LOBED
21 Burnweed
1
Erechtites
hieracifolia
Asteraceae
","FOOD USE: Gather young leaves and tender tops in
early summer. Use sparingly in salads, boiled or steamed
as a potherb. or fried. The flavor and scent are strong.
Conservation 1.
",True, ['Young leaves']
0304_a.txt,"BASAL LEAVES ABSENT, LEAVES ALTERNATE AND COMPOUND OR DIVIDED
GROUP IS BASAL LEAVES ABSENT, LEAVES ALTERNATE
AND COMPOUND OR DIVIDED
contains several legumes and a few species from a few other edible families. plants Numer- may
This group non-edible legumes will key into this group. A few other check the
ous toxic or in the growing season after they have lost their basal leaves; with
bottom key here of late the stem for leaf scars and find the corresponding group among plants
basal leaves.
TENTATIVE IDENTIFICATION KEY TO GROUP 38
The key is not your final answer!
Leaves palmately divided, each division deeply lobed.
Stem covered with fine, soft, grayish hair; flowers bright orange-red.
1. Scarlet globe mallow
or
Stem covered with sparse needle-like hair; flowers pale yellow.
2. Flower-of-an-hour
Leaves once compound with discrete leaflets.
Typical leaves with 3 leaflets.
Terminal (middle) leaflet with a distinct petiolule.
Stem unbranched, leaves densely packed almost into a whorl.
7. Point-leaf tick trefoil
or
Stem much branched, the leaves widely spaced.
8. Sweet clovers
or
Terminal (middle) leaflet sessile or nearly so.
Leaflets shaped like a folded paper heart; corolla yellow.
3. Yellow wood sorrel
Leaflets ovate, lanceolate, or elliptic; corolla not yellow.
Stem mostly hairless; corolla pink-purple.
4. Rocky Mountain beeplant
Stem covered with sticky-tipped hairs; corolla white.
5. Clammy weed
Leaves pinnately compound, many or all with more than 3 discrete leaflets.
Leaves with 9 or fewer leaflets.
or
or
Single-stemmed, delicate spring ephemeral less than 12"" (30 cm) tall.
Stems tough, persistent, clumped; 1-4' (30-120 cm) tall.
6. Hot mermaid
or
Leaves with 9 or more leaflets.
9. Prairie clovers
Stems single, erect, spreading by rhizome to form colonies.
Stems clumped on a tough root crown, leaning or decumbent.
10. American licorice
Stems to 18"" (46 cm) long; fruit plum-shaped and juicy.
Stems over 20"" (50 cm) long; fruit a jointed, constricted pod.
11. Ground-plum milkvetch
Leaves palmately compound with usually more than 3 leaflets.
12. Alpine sweetvetch
Stem Stem more than 5' (150 cm) tall; leaflets toothed with strongly depressed veins.
less than 30"" (75 cm) tall; leaflets entire with veins flat or nearly so.
13. Hemp
Stem erect and densely covered with long, erect hairs.
Leaves 2-3 times compound.
Stem leaning and sparsely covered with leaning to appressed hairs.
14. Prairie-turnip
Stem with scattered hairs but no bristles.
15. Tall breadroot
Stem with scattered spines or bristles.
16. Spikenard
17. Bristly sarsaparilla
638
BASAL LEAVES ABSENT, LEAVES ALTERNATE AND COMPOUND OR DIVIDED GROUP IS BASAL LEAVES ABSENT, LEAVES ALTERNATE AND COMPOUND OR DIVIDED contains several legumes and a few species from a few other edible families. plants Numer- may This group non-edible legumes will key into this group. A few other check the ous toxic or in the growing season after they have lost their basal leaves; with bottom key here of late the stem for leaf scars and find the corresponding group among plants basal leaves. TENTATIVE IDENTIFICATION KEY TO GROUP 38 The key is not your final answer! Leaves palmately divided, each division deeply lobed. Stem covered with fine, soft, grayish hair; flowers bright orange-red. 1. Scarlet globe mallow or Stem covered with sparse needle-like hair; flowers pale yellow. 2. Flower-of-an-hour Leaves once compound with discrete leaflets. Typical leaves with 3 leaflets. Terminal (middle) leaflet with a distinct petiolule. Stem unbranched, leaves densely packed almost into a whorl. 7. Point-leaf tick trefoil or Stem much branched, the leaves widely spaced. 8. Sweet clovers or Terminal (middle) leaflet sessile or nearly so. Leaflets shaped like a folded paper heart; corolla yellow. 3. Yellow wood sorrel Leaflets ovate, lanceolate, or elliptic; corolla not yellow. Stem mostly hairless; corolla pink-purple. 4. Rocky Mountain beeplant Stem covered with sticky-tipped hairs; corolla white. 5. Clammy weed Leaves pinnately compound, many or all with more than 3 discrete leaflets. Leaves with 9 or fewer leaflets. or or Single-stemmed, delicate spring ephemeral less than 12"" (30 cm) tall. Stems tough, persistent, clumped; 1-4' (30-120 cm) tall. 6. Hot mermaid or Leaves with 9 or more leaflets. 9. Prairie clovers Stems single, erect, spreading by rhizome to form colonies. Stems clumped on a tough root crown, leaning or decumbent. 10. American licorice Stems to 18"" (46 cm) long; fruit plum-shaped and juicy. Stems over 20"" (50 cm) long; fruit a jointed, constricted pod. 11. Ground-plum milkvetch Leaves palmately compound with usually more than 3 leaflets. 12. Alpine sweetvetch Stem Stem more than 5' (150 cm) tall; leaflets toothed with strongly depressed veins. less than 30"" (75 cm) tall; leaflets entire with veins flat or nearly so. 13. Hemp Stem erect and densely covered with long, erect hairs. Leaves 2-3 times compound. Stem leaning and sparsely covered with leaning to appressed hairs. 14. Prairie-turnip Stem with scattered hairs but no bristles. 15. Tall breadroot Stem with scattered spines or bristles. 16. Spikenard 17. Bristly sarsaparilla 638 ",,False,"
    []"
0304_b.txt,"1tm BASAL LEAVES ABSENT, LEAVES ALTERNATE AND COMPOUND OR DIVIDED
1
Scarlet globe mallow
2
Sphaeralcea coccinea
Malvaceae (Mallow family)
","FOOD USE: Eat the tender greens, including buds and flowers, in summer, raw or cooked. Conservation 2.
",True,"
    'greens','buds','flowers'"
0305_a.txt,"BASAL LEAVES ABSENT, LEAVES ALTERNATE AND COMPOUND OR DIVIDED
3
1
I
Flower-of-an-hour Hibiscus trionum Malvaceae (Mallow family)
hairs and leaves divided into dark-edged 3 blunt leaflets ridges. or
","FOOD USE: All the tender new parts are edible raw or cooked from midsummer to early fall. Ripe seeds
can be used like poppy
seeds from late sum-
mer to early fall.
",True," ['new parts','seeds']"
0305_b.txt,"1cm BASAL LEAVES ABSENT, LEAVES ALTERNATE AND COMPOUND OR DIVIDED
3 Yellow wood sorrel
3
2
genus Oxalis (in part) family Oxalidaceae NG-338
","FOOD USE: Gather greens and nibble any time of the growing season, or use them in soup or salad. It is
easiest to find tender growth in spring and early summer. The greens can be chopped in a blender and then
steeped in cold water to make a sour drink. The tiny banana-shaped pods, found from late summer onward.
make a fun snack. Conservation 1.
",True," ['greens', 'tiny pods']"
0306_a.txt,"BASAL LEAVES ABSENT, LEAVES ALTERNATE AND COMPOUND OR DIVIDED
2
2
2
Rocky mountain beeplant
Cleome serrulata
family Cleomaceae
","FOOD USE: The tender young stems, leaves, and flowers are used as a seasoning or vegetable. Raw, they are
spicy-hot; cooking makes them milder. Leaflets remain tender long after the stems toughen. The ripe pods
can be collected and dried, then broken up to release the seeds, which can be sifted or winnowed to remove
the trash. The seeds can be ground and eaten or cooked as a porridge. Conservation 2.
",True," ['stems','leaves','flowers','seeds']"
0306_b.txt,"1cm BASAL LEAVES ABSENT, LEAVES ALTERNATE AND COMPOUND OR DIVIDED
5 Clammy weed
3
2
Polanisia dodecandra
family Cleomaceae
","FOOD USE: The tender tops can be used raw or as a potherb, especially as a flavoring in stews. They are
most available in early to mid summer. Seeds can be boiled and eaten, whole or ground. Conservation 2.
",True,"
    'tops','seeds'"
0307_a.txt,"BASAL LEAVES ABSENT, LEAVES ALTERNATE AND COMPOUND OR DIVIDED
6 mermaid
Floerkia Hot proserpinacoides 3 + family Limnanthaceae
CHECK: Tiny, flimsy, hairless plant forming carpets difficulty in spring; 2. 3-5 part compound
","FOOD USE: The greens (all parts) are delicious raw and can also be eaten cooked. They have a fleeting heat
with a fruity undertone and the green mildness of chickweed. This is the best leafy green you will ever put on
a taco, or perhaps in your mouth in any form. Snip with scissors where the plants are crowded, leaving many
to go to seed, and curate your patch. Conservation 2.
",True,"
    'greens'"
0307_b.txt,"1cm BASAL LEAVES ABSENT, LEAVES ALTERNATE AND COMPOUND OR DIVIDED
5 Clammy weed
3
2
Polanisia dodecandra family Cleomaceae
","FOOD USE: The tender tops can be used raw or as a potherb, especially as a flavoring in stews They are
most available in early to mid summer. Seeds can be boiled and eaten, whole or ground. Conservation 2.
",True,"
    ['tops','seeds']"
0308_a.txt,"BASAL
LEAVES
ABSENT,
LEAVES
8 Sweet clovers (white and yellow)
Melilotus albus and M. officinalis Fabaceae (Bean family)
","FOOD USE: Flowers and leaves can be used for tea, fresh or
dried. The youngest leaves and growing tips can supposedly
be used raw in salads or eaten as a cooked vegetable-they
are very tender but also exceptionally bitter. I only consider
them suitable as a sea-
soning. When dried, the
leaves have a fragrance
reminiscent of vanilla
and have been widely
used as a flavoring, as
have the seeds.
",True," ['leaves','seeds']"
0308_b.txt,"1cm BASAL LEAVES ABSENT, LEAVES ALTERNATE AND COMPOUND OR DIVIDED
7 Point-leaf tick trefoil
3
Desmodium glutinosum
Fabaceae (Bean family)
","FOOD USE: Ripe seeds make an excel-
lent cooked bean, but they are naid to
collect in quantity. When clean them
off my clothing, I usually nibble them.
I gather them by whipping the tops with
an old t-shirt in late summer or early
autumn. Conservation 1.
",True,"
    'seeds'"
0309_a.txt,"BASAL LEAVES ABSENT, LEAVES ALTERNATE AND
10 American licorice
2
1
Glycirrhiza waist-high colonial herb with pinnately compound difficulty leaves 3. and
lepidota
Fabaceae
(Bean
family)
","FOOD USE: It is often reported that the rhizomes can be ""eaten"" raw or cooked. They are really too tough to
eat and devoid of any substantial starchy portion, but they can be chewed or brewed into tea for their flavor-
which is very strong, and quite unlike what most people expect. The shoots can be collected in late spring,
at the height of 10-20"" (25-50 cm), and eaten raw or cooked after peeling the bitter skin. They remind me of
sumac shoots. Flowers can also be nibbled. Conservation 2.
",True," 'rhizomes','shoots','flowers'"
0309_b.txt,"Dr.
1cm
BASAL LEAVES ABSENT, LEAVES ALTERNATE AND COMPOUND OR DIVIDED
9 Prairie clovers (white and purple)
Dalea candida, D. purpurea Fabaceae (Bean 1.2 family)
","FOOD USE: Roots can be
eaten as a vegetable when
the top is dormant. The fla-
vor is good, but they are quite
tough. The tender young
leaves can also be chopped
fine and used as an herb. The
aromatic leaves make a deli-
cious tea, fresh or dried, at
any age. Conservation 3/2.
",True," ['roots','leaves','young leaves']"
0310_a.txt,"BASAL LEAVES ABSENT, LEAVES ALTERNATE AND COMPOUND OR DIVIDED
12 Alpine sweetvetch
2
Hedysarum Multi-stemmed; pinnately compound leaves with numerous between small, the
alpinum
Fabaceae
(Bean
family)
","FOOD USE: Gather roots, preferably when the plant is dormant. They are stringy but have a sweet pea-pod
flavor; slice crosswise and cook well to counter the toughness. Conservation 3.
",True, 'roots'
0310_b.txt,"1cm
BASAL LEAVES ABSENT, LEAVES ALTERNATE AND COMPOUND OR DIVIDED
11 Ground-plum milkvetch
3
Astragalus crassicarpus
Fabaceae (Bean family)
","FOOD USE: Gather pods when very young
and eat raw as a snack. When slightly older
just chew on them, suck the juice. and spit out
the skin. Mature fruits get very tough. Con-
servation 1.
",True,"
    'pods'"
0311_a.txt,"BASAL LEAVES ABSENT, LEAVES ALTERNATE AND COMPOUND OR DIVIDED
Prairie-turnip
3 []] IWE-282
14
Pediomelum esculentum
Fabaceae
(Bean
family)
Shin-high, bushy herb with very hairy stems; palmately compound with hairy
","FOOD USE: Dig roots whenever the tops are visible-best
as the tops finish blooming and begin to ripen seeds, so they
can be replanted with harvest. After peeling, the roots can
be eaten raw or cooked, sliced or diced or ground into flour.
They are easily stored by drying. Conservation 3.
",True, 'roots'
0311_b.txt,"promium
1cm
BASAL LEAVES ABSENT, LEAVES ALTERNATE AND COMPOUND OR DIVIDED
13 Hemp
3
Cannabis sativa Cannabinaceae (Hemp family)
","FOOD USE: Lean the tops of ripe plants (late summer or early fall) over a sled or wheel barrow and beat them
with a stick to dislodge the seeds. Or cut mature tops and dry them before beating the seeds out. Rub and win-
now (see 27) to separate the chaff
Seeds have an annoying shell that is
hard to remove, but can be roasted.
ground, and used in porridge, seed
butter, or added to baked goods.
",True, ['seeds']
0312_a.txt,"BASAL LEAVES ABSENT, LEAVES ALTERNATE AND COMPOUND OR DIVIDED
16
Aralia Spikenard racemosa 3 Araliaceae (Ginseng family)
Large, wide-spreading herb with doubly clusters. compound ID difficulty leaves and 2. broad
leaflets; numerous herb from a semi-woody base, 2-6' (60-180 pockets cm) that tall
","FOOD USE: Roots were traditionally boiled for tea
and used in root beer, along with
sassafras. The thick shoots in
spring make an excellent and
interesting aromatic vegetable,
raw or cooked. The ripe berries
are sweet but also have a soapy
flavor reminiscent of sarsaparilla
(p. 290); they can be nibbled in
moderation and have been used
for wines, jellies, and liqueurs.
Conservation 3/2/1.
",True,"
    'roots','shoots','berries'"
0312_b.txt,"1cm
BASAL LEAVES ABSENT, LEAVES ALTERNATE AND COMPOUND OR DIVIDED
15 Tall breadroot
1
Pediomelum cuspidatum Fabaceae (Bean family)
","FOOD USE: The root can be
dug at any time but is best
early or late in the growing sea-
son, or under old, dead stems.
It is quite deep. The flesh is
very bitter when raw, but this
can be eliminated by slicing
and then boiling and draining
off the water, after which it is
pretty good. Conservation 3.
",True,"
    'root'"
0313_a.txt,"1cm
BASAL LEAVES ABSENT, LEAVES ALTERNATE AND COMPOUND OR DIVIDED
17 Bristly sarsaparilla
Aralia hispida Araliaceae (Ginseng family)
","FOOD USE: Tender shoots in late spring can be used as a vegetable after peeling, raw or cookec. The flavor
is strong and almost spicy. Conservation 2.
",True, 'shoots'
