searchedName,usageKey,canonicalName,formattedName,rank,family,family_key,genus,genus_key,species,species_key,confidence,matchType,searched_sp,matched_sp,scientificName,first_of_searched,first_of_binomial,first_of_canonical
Pinus scopulorum,5285071,Pinus scopulorum,<i>Pinus</i> <i>scopulorum</i> (Engelm.) Lemmon,SPECIES,Pinaceae,3925.0,Pinus,2684241.0,Pinus ponderosa,5285053.0,100,EXACT,2,2,Pinus scopulorum,Pinus,Pinus,Pinus
Crataegus flabellata,3014366,Crataegus flabellata,<i>Crataegus</i> <i>flabellata</i> (Bosc ex Spach) K.Koch,SPECIES,Rosaceae,5015.0,Crataegus,3013395.0,Crataegus flabellata,3014366.0,99,EXACT,2,2,Crataegus flabellata,Crataegus,Crataegus,Crataegus
Yucca elata verdiensis,2775780,Yucca elata verdiensis,<i>Yucca</i> <i>elata</i> var. <i>verdiensis</i> (McKelvey) Reveal,VARIETY,Asparagaceae,7683.0,Yucca,2775496.0,Yucca elata,2775775.0,85,EXACT,3,3,Yucca elata verdiensis,Yucca,Yucca,Yucca
Tragopogon orientalis,5386903,Tragopogon orientalis,<i>Tragopogon</i> <i>orientalis</i> L.,SPECIES,Asteraceae,3065.0,Tragopogon,3092408.0,Tragopogon orientalis,5386903.0,99,EXACT,2,2,Tragopogon orientalis,Tragopogon,Tragopogon,Tragopogon
Yucca torreyi,2775738,Yucca torreyi,<i>Yucca</i> <i>torreyi</i> Shafer,SPECIES,Asparagaceae,7683.0,Yucca,2775496.0,Yucca treculiana,9163943.0,100,EXACT,2,2,Yucca torreyi,Yucca,Yucca,Yucca
Primula clevelandii patula,5641749,Primula clevelandii patula,<i>Primula</i> <i>clevelandii</i> var. <i>patula</i> (Greene) A.R.Mast & Reveal,VARIETY,Primulaceae,6674.0,Dodecatheon,7597718.0,Dodecatheon clevelandii,3169271.0,88,EXACT,3,3,Primula clevelandii patula,Primula,Primula,Primula
Prunus virginiana demissa,6368645,Prunus virginiana demissa,<i>Prunus</i> <i>virginiana</i> var. <i>demissa</i> (Nutt.) Torr.,VARIETY,Rosaceae,5015.0,Prunus,3020559.0,Prunus virginiana,3022668.0,85,EXACT,3,3,Prunus virginiana demissa,Prunus,Prunus,Prunus
Physalis longifolia longifolia,6402842,Physalis longifolia longifolia,<i>Physalis</i> <i>longifolia</i> var. <i>longifolia</i>,VARIETY,Solanaceae,7717.0,Physalis,2928907.0,Physalis longifolia,5341818.0,88,EXACT,3,3,Physalis longifolia longifolia,Physalis,Physalis,Physalis
Ceanothus foliosus viejasensis,9711246,Ceanothus foliosus viejasensis,<i>Ceanothus</i> <i>foliosus</i> var. <i>viejasensis</i> D.O.Burge & Rebman,VARIETY,Rhamnaceae,2407.0,Ceanothus,3039297.0,Ceanothus foliosus,3039336.0,88,EXACT,3,3,Ceanothus foliosus viejasensis,Ceanothus,Ceanothus,Ceanothus
Claytonia nevadensis,3084765,Claytonia nevadensis,<i>Claytonia</i> <i>nevadensis</i> S.Watson,SPECIES,Montiaceae,4898338.0,Claytonia,3084729.0,Claytonia nevadensis,3084765.0,100,EXACT,2,2,Claytonia nevadensis,Claytonia,Claytonia,Claytonia
Ceanothus gloriosus gloriosus,7530271,Ceanothus gloriosus gloriosus,<i>Ceanothus</i> <i>gloriosus</i> var. <i>gloriosus</i>,VARIETY,Rhamnaceae,2407.0,Ceanothus,3039297.0,Ceanothus gloriosus,3039305.0,85,EXACT,3,3,Ceanothus gloriosus gloriosus,Ceanothus,Ceanothus,Ceanothus
Allium douglasii,2856994,Allium douglasii,<i>Allium</i> <i>douglasii</i> Hook.,SPECIES,Amaryllidaceae,7682.0,Allium,9624496.0,Allium douglasii,2856994.0,99,EXACT,2,2,Allium douglasii,Allium,Allium,Allium
Phacelia dubia georgiana,10163590,Phacelia dubia georgiana,<i>Phacelia</i> <i>dubia</i> var. <i>georgiana</i> Mc Vaugh,VARIETY,Hydrophyllaceae,2387.0,Phacelia,8988077.0,Phacelia dubia,2928259.0,87,EXACT,3,3,Phacelia dubia georgiana,Phacelia,Phacelia,Phacelia
Yucca harrimaniae gilbertiana,2775581,Yucca harrimaniae gilbertiana,<i>Yucca</i> <i>harrimaniae</i> var. <i>gilbertiana</i> Trel.,VARIETY,Asparagaceae,7683.0,Yucca,2775496.0,Yucca harrimaniae,2775580.0,84,EXACT,3,3,Yucca harrimaniae gilbertiana,Yucca,Yucca,Yucca
Rumex pallidus,2889033,Rumex pallidus,<i>Rumex</i> <i>pallidus</i> Bigelow,SPECIES,Polygonaceae,2416.0,Rumex,2888942.0,Rumex pallidus,2889033.0,100,EXACT,2,2,Rumex pallidus,Rumex,Rumex,Rumex
Viola rostrata rostrata,7296287,Viola rostrata rostrata,<i>Viola</i> <i>rostrata</i> var. <i>rostrata</i>,VARIETY,Violaceae,6631.0,Viola,2874237.0,Viola rostrata,5331225.0,88,EXACT,3,3,Viola rostrata rostrata,Viola,Viola,Viola
Malus sargentii,3001372,Malus sargentii,<i>Malus</i> <i>sargentii</i> Rehder,SPECIES,Rosaceae,5015.0,Malus,3001068.0,Malus toringo,7848132.0,100,EXACT,2,2,Malus sargentii,Malus,Malus,Malus
Oxalis versicolor,8097265,Oxalis versicolor,<i>Oxalis</i> <i>versicolor</i> L.,SPECIES,Oxalidaceae,6697.0,Oxalis,2891642.0,Oxalis versicolor,8097265.0,99,EXACT,2,2,Oxalis versicolor,Oxalis,Oxalis,Oxalis
Camassia quamash intermedia,2769086,Camassia quamash intermedia,<i>Camassia</i> <i>quamash</i> subsp. <i>intermedia</i> Gould,SUBSPECIES,Asparagaceae,7683.0,Camassia,2769068.0,Camassia quamash,2769084.0,85,EXACT,3,3,Camassia quamash intermedia,Camassia,Camassia,Camassia
Foeniculum vulgare azoricum,7669068,Foeniculum vulgare azoricum,<i>Foeniculum</i> <i>vulgare</i> var. <i>azoricum</i> (Mill.) Holub,VARIETY,Apiaceae,6720.0,Foeniculum,10704390.0,Foeniculum vulgare,3034922.0,85,EXACT,3,3,Foeniculum vulgare azoricum,Foeniculum,Foeniculum,Foeniculum
Physalis longifolia,5341818,Physalis longifolia,<i>Physalis</i> <i>longifolia</i> Nutt.,SPECIES,Solanaceae,7717.0,Physalis,2928907.0,Physalis longifolia,5341818.0,100,EXACT,2,2,Physalis longifolia,Physalis,Physalis,Physalis
Lilium catesbaei,2753284,Lilium catesbaei,<i>Lilium</i> <i>catesbaei</i> Walter,SPECIES,Liliaceae,7699.0,Lilium,2752977.0,Lilium catesbaei,2753284.0,99,EXACT,2,2,Lilium catesbaei,Lilium,Lilium,Lilium
Cirsium occidentale lucianum,4220417,Cirsium occidentale lucianum,<i>Cirsium</i> <i>occidentale</i> var. <i>lucianum</i> D.J.Keil,VARIETY,Asteraceae,3065.0,Cirsium,3112554.0,Cirsium occidentale,3114557.0,88,EXACT,3,3,Cirsium occidentale lucianum,Cirsium,Cirsium,Cirsium
Stellaria longipes,5384620,Stellaria longipes,<i>Stellaria</i> <i>longipes</i> Goldie,SPECIES,Caryophyllaceae,2518.0,Stellaria,3085667.0,Stellaria longipes,5384620.0,100,EXACT,2,2,Stellaria longipes,Stellaria,Stellaria,Stellaria
Lamium purpureum purpureum,7226078,Lamium purpureum purpureum,<i>Lamium</i> <i>purpureum</i> var. <i>purpureum</i>,VARIETY,Lamiaceae,2497.0,Lamium,2926678.0,Lamium purpureum,2926682.0,88,EXACT,3,3,Lamium purpureum purpureum,Lamium,Lamium,Lamium
Honckenya peploides robusta,9072099,Honckenya peploides robusta,<i>Honckenya</i> <i>peploides</i> subsp. <i>robusta</i> (Fernald) Hultén,SUBSPECIES,Caryophyllaceae,2518.0,Honckenya,3085775.0,Honckenya peploides,3085776.0,85,EXACT,3,3,Honckenya peploides robusta,Honckenya,Honckenya,Honckenya
Physalis missouriensis,5341808,Physalis missouriensis,<i>Physalis</i> <i>missouriensis</i> Mack. & Bush,SPECIES,Solanaceae,7717.0,Physalis,2928907.0,Physalis missouriensis,5341808.0,100,EXACT,2,2,Physalis missouriensis,Physalis,Physalis,Physalis
Viola canadensis canadensis,7226050,Viola canadensis canadensis,<i>Viola</i> <i>canadensis</i> var. <i>canadensis</i>,VARIETY,Violaceae,6631.0,Viola,2874237.0,Viola canadensis,5331231.0,88,EXACT,3,3,Viola canadensis canadensis,Viola,Viola,Viola
Quercus × cravenensis,2878264,Quercus cravenensis,<i>Quercus</i> × <i>cravenensis</i> Little,SPECIES,Fagaceae,4689.0,Quercus,2877951.0,Quercus cravenensis,2878264.0,100,EXACT,3,2,Quercus cravenensis,Quercus,Quercus,Quercus
Rubus baileyanus,2989820,Rubus baileyanus,<i>Rubus</i> <i>baileyanus</i> Britton,SPECIES,Rosaceae,5015.0,Rubus,2988638.0,Rubus baileyanus,2989820.0,100,EXACT,2,2,Rubus baileyanus,Rubus,Rubus,Rubus
Tradescantia roseolens,2765260,Tradescantia roseolens,<i>Tradescantia</i> <i>roseolens</i> Small,SPECIES,Commelinaceae,2763195.0,Tradescantia,2765096.0,Tradescantia roseolens,2765260.0,100,EXACT,2,2,Tradescantia roseolens,Tradescantia,Tradescantia,Tradescantia
Nuphar × rubrodisca,3697714,Nuphar rubrodisca,<i>Nuphar</i> × <i>rubrodisca</i> Morong,SPECIES,Nymphaeaceae,2423.0,Nuphar,2882408.0,Nuphar rubrodisca,3697714.0,100,EXACT,3,2,Nuphar rubrodisca,Nuphar,Nuphar,Nuphar
Quercus × stelloides,2879170,Quercus stelloides,<i>Quercus</i> × <i>stelloides</i> E.J.Palmer,SPECIES,Fagaceae,4689.0,Quercus,2877951.0,Quercus stelloides,2879170.0,100,EXACT,3,2,Quercus stelloides,Quercus,Quercus,Quercus
Crataegus × fretalis,3014902,Crataegus fretalis,<i>Crataegus</i> × <i>fretalis</i> Sarg.,SPECIES,Rosaceae,5015.0,Crataegus,3013395.0,Crataegus fretalis,3014902.0,100,EXACT,3,2,Crataegus fretalis,Crataegus,Crataegus,Crataegus
Quercus viminea,2879637,Quercus viminea,<i>Quercus</i> <i>viminea</i> Trel.,SPECIES,Fagaceae,4689.0,Quercus,2877951.0,Quercus viminea,2879637.0,100,EXACT,2,2,Quercus viminea,Quercus,Quercus,Quercus
Smilax jamesii,5295096,Smilax jamesii,<i>Smilax</i> <i>jamesii</i> G.A.Wallace,SPECIES,Smilacaceae,7702.0,Smilax,2740627.0,Smilax jamesii,5295096.0,100,EXACT,2,2,Smilax jamesii,Smilax,Smilax,Smilax
Quercus laurifolia,2877708,Quercus laurifolia,<i>Quercus</i> <i>laurifolia</i> Michx.,SPECIES,Fagaceae,4689.0,Quercus,2877951.0,Quercus laurifolia,2877708.0,99,EXACT,2,2,Quercus laurifolia,Quercus,Quercus,Quercus
Polygonatum biflorum commutatum,2770047,Polygonatum biflorum commutatum,"<i>Polygonatum</i> <i>biflorum</i> var. <i>commutatum</i> Morong, 1893",VARIETY,Asparagaceae,7683.0,Polygonatum,2769995.0,Polygonatum biflorum,2770039.0,88,EXACT,3,3,Polygonatum biflorum commutatum,Polygonatum,Polygonatum,Polygonatum
Primula frenchii,5640458,Primula frenchii,<i>Primula</i> <i>frenchii</i> (Vasey) A.R.Mast & Reveal,SPECIES,Primulaceae,6674.0,Dodecatheon,7597718.0,Dodecatheon frenchii,3169272.0,100,EXACT,2,2,Primula frenchii,Primula,Primula,Primula
Sanicula maritima,3034864,Sanicula maritima,<i>Sanicula</i> <i>maritima</i> Kellogg ex S.Watson,SPECIES,Apiaceae,6720.0,Sanicula,3034831.0,Sanicula maritima,3034864.0,99,EXACT,2,2,Sanicula maritima,Sanicula,Sanicula,Sanicula
Cirsium douglasii douglasii,7222553,Cirsium douglasii douglasii,<i>Cirsium</i> <i>douglasii</i> var. <i>douglasii</i>,VARIETY,Asteraceae,3065.0,Cirsium,3112554.0,Cirsium douglasii,3113757.0,88,EXACT,3,3,Cirsium douglasii douglasii,Cirsium,Cirsium,Cirsium
Suaeda rolandii,3083531,Suaeda rolandii,<i>Suaeda</i> <i>rolandii</i> Bassett & Crompton,SPECIES,Amaranthaceae,3064.0,Suaeda,7677792.0,Suaeda rolandii,3083531.0,100,EXACT,2,2,Suaeda rolandii,Suaeda,Suaeda,Suaeda
Cirsium longistylum,8362574,Cirsium longistylum,<i>Cirsium</i> <i>longistylum</i> J.W.Moore & Frankton,SPECIES,Asteraceae,3065.0,Cirsium,3112554.0,Cirsium longistylum,8362574.0,100,EXACT,2,2,Cirsium longistylum,Cirsium,Cirsium,Cirsium
Crataegus coccinea pringlei,3015588,Crataegus coccinea pringlei,<i>Crataegus</i> <i>coccinea</i> var. <i>pringlei</i> (Sarg.) J.A.Macklin & J.B.Phipps,VARIETY,Rosaceae,5015.0,Crataegus,3013395.0,Crataegus coccinea,7790614.0,88,EXACT,3,3,Crataegus coccinea pringlei,Crataegus,Crataegus,Crataegus
Yucca angustissima toftiae,2775694,Yucca angustissima toftiae,<i>Yucca</i> <i>angustissima</i> var. <i>toftiae</i> (S.L.Welsh) Reveal,VARIETY,Asparagaceae,7683.0,Yucca,2775496.0,Yucca angustissima,2775690.0,85,EXACT,3,3,Yucca angustissima toftiae,Yucca,Yucca,Yucca
Campanula rapunculoides cordifolia,5410486,Campanula rapunculoides cordifolia,<i>Campanula</i> <i>rapunculoides</i> subsp. <i>cordifolia</i> (K.Koch) Damboldt,SUBSPECIES,Campanulaceae,8801.0,Campanula,3161935.0,Campanula rapunculoides,5410436.0,85,EXACT,3,3,Campanula rapunculoides cordifolia,Campanula,Campanula,Campanula
Claytonia megarhiza,3084735,Claytonia megarhiza,<i>Claytonia</i> <i>megarhiza</i> (A.Gray) Parry ex S.Watson,SPECIES,Montiaceae,4898338.0,Claytonia,3084729.0,Claytonia megarhiza,3084735.0,99,EXACT,2,2,Claytonia megarhiza,Claytonia,Claytonia,Claytonia
Yucca constricta,2775703,Yucca constricta,<i>Yucca</i> <i>constricta</i> Buckley,SPECIES,Asparagaceae,7683.0,Yucca,2775496.0,Yucca constricta,2775703.0,100,EXACT,2,2,Yucca constricta,Yucca,Yucca,Yucca
Allium atrorubens cristatum,2855927,Allium atrorubens cristatum,<i>Allium</i> <i>atrorubens</i> var. <i>cristatum</i> (S.Watson) McNeal,VARIETY,Amaryllidaceae,7682.0,Allium,9624496.0,Allium atrorubens,2855926.0,88,EXACT,3,3,Allium atrorubens cristatum,Allium,Allium,Allium
Claytonia perfoliata,7736011,Claytonia perfoliata,<i>Claytonia</i> <i>perfoliata</i> Donn.,SPECIES,Montiaceae,4898338.0,Claytonia,3084729.0,Claytonia perfoliata,7736011.0,99,EXACT,2,2,Claytonia perfoliata,Claytonia,Claytonia,Claytonia
Viburnum sieboldii,2888597,Viburnum sieboldii,<i>Viburnum</i> <i>sieboldii</i> Miq.,SPECIES,Viburnaceae,4924416.0,Viburnum,2888580.0,Viburnum sieboldii,2888597.0,100,EXACT,2,2,Viburnum sieboldii,Viburnum,Viburnum,Viburnum
Rubus deliciosus,2999961,Rubus deliciosus,<i>Rubus</i> <i>deliciosus</i> Torr.,SPECIES,Rosaceae,5015.0,Rubus,2988638.0,Rubus deliciosus,2999961.0,100,EXACT,2,2,Rubus deliciosus,Rubus,Rubus,Rubus
Sanicula crassicaulis crassicaulis,4271366,Sanicula crassicaulis crassicaulis,<i>Sanicula</i> <i>crassicaulis</i> var. <i>crassicaulis</i>,VARIETY,Apiaceae,6720.0,Sanicula,3034831.0,Sanicula crassicaulis,3034844.0,88,EXACT,3,3,Sanicula crassicaulis crassicaulis,Sanicula,Sanicula,Sanicula
Lilium pardalinum wigginsii,2753201,Lilium pardalinum wigginsii,<i>Lilium</i> <i>pardalinum</i> subsp. <i>wigginsii</i> (Beane & Vollmer) M.W.Skinner,SUBSPECIES,Liliaceae,7699.0,Lilium,2752977.0,Lilium pardalinum,2753192.0,88,EXACT,3,3,Lilium pardalinum wigginsii,Lilium,Lilium,Lilium
Ceanothus × regius,10030111,Ceanothus regius,<i>Ceanothus</i> × <i>regius</i> (Jeps.) Mc Minn,SPECIES,Rhamnaceae,2407.0,Ceanothus,3039297.0,Ceanothus regius,10030111.0,99,EXACT,3,2,Ceanothus regius,Ceanothus,Ceanothus,Ceanothus
Quercus tomentella,2878206,Quercus tomentella,<i>Quercus</i> <i>tomentella</i> Engelm.,SPECIES,Fagaceae,4689.0,Quercus,2877951.0,Quercus tomentella,2878206.0,99,EXACT,2,2,Quercus tomentella,Quercus,Quercus,Quercus
Rumex crispus crispus,7291543,Rumex crispus crispus,<i>Rumex</i> <i>crispus</i> var. <i>crispus</i>,VARIETY,Polygonaceae,2416.0,Rumex,2888942.0,Rumex crispus,8195144.0,88,EXACT,3,3,Rumex crispus crispus,Rumex,Rumex,Rumex
Celtis laevigata laevigata,7096645,Celtis laevigata laevigata,<i>Celtis</i> <i>laevigata</i> var. <i>laevigata</i>,VARIETY,Cannabaceae,2384.0,Celtis,2984479.0,Celtis laevigata,2984491.0,88,EXACT,3,3,Celtis laevigata laevigata,Celtis,Celtis,Celtis
Trillium persistens,2742276,Trillium persistens,<i>Trillium</i> <i>persistens</i> W.H.Duncan,SPECIES,Melanthiaceae,7700.0,Trillium,2742182.0,Trillium persistens,2742276.0,100,EXACT,2,2,Trillium persistens,Trillium,Trillium,Trillium
Cirsium arvense arvense,6305858,Cirsium arvense arvense,<i>Cirsium</i> <i>arvense</i> var. <i>arvense</i>,VARIETY,Asteraceae,3065.0,Cirsium,3112554.0,Cirsium arvense,3113414.0,85,EXACT,3,3,Cirsium arvense arvense,Cirsium,Cirsium,Cirsium
Ribes tularense,8083070,Ribes tularense,<i>Ribes</i> <i>tularense</i> (Coville) Standl.,SPECIES,Grossulariaceae,2403.0,Ribes,2986095.0,Ribes tularense,8083070.0,99,EXACT,2,2,Ribes tularense,Ribes,Ribes,Ribes
Claytonia peirsonii,9479365,Claytonia peirsonii,<i>Claytonia</i> <i>peirsonii</i> (Munz & I.M.Johnst.) Stoughton,SPECIES,Montiaceae,4898338.0,Claytonia,3084729.0,Claytonia peirsonii,9479365.0,100,EXACT,2,2,Claytonia peirsonii,Claytonia,Claytonia,Claytonia
Allium passeyi,2856670,Allium passeyi,<i>Allium</i> <i>passeyi</i> N.H.Holmgren & A.H.Holmgren,SPECIES,Amaryllidaceae,7682.0,Allium,9624496.0,Allium passeyi,2856670.0,100,EXACT,2,2,Allium passeyi,Allium,Allium,Allium
Viola × indivisa,5663767,Viola indivisa,<i>Viola</i> × <i>indivisa</i> Greene,SPECIES,Violaceae,6631.0,Viola,2874237.0,Viola indivisa,5663767.0,100,EXACT,3,2,Viola indivisa,Viola,Viola,Viola
Viburnum plicatum,2888622,Viburnum plicatum,<i>Viburnum</i> <i>plicatum</i> Thunb.,SPECIES,Viburnaceae,4924416.0,Viburnum,2888580.0,Viburnum plicatum,2888622.0,99,EXACT,2,2,Viburnum plicatum,Viburnum,Viburnum,Viburnum
Persicaria amphibia emersa,4037007,Persicaria amphibia emersa,<i>Persicaria</i> <i>amphibia</i> var. <i>emersa</i> (Michx.) J.C.Hickman,VARIETY,Polygonaceae,2416.0,Persicaria,6390748.0,Persicaria amphibia,6391648.0,88,EXACT,3,3,Persicaria amphibia emersa,Persicaria,Persicaria,Persicaria
Quercus durata durata,2879924,Quercus durata durata,<i>Quercus</i> <i>durata</i> var. <i>durata</i>,VARIETY,Fagaceae,4689.0,Quercus,2877951.0,Quercus durata,2879923.0,88,EXACT,3,3,Quercus durata durata,Quercus,Quercus,Quercus
Viola purpurea,5331324,Viola purpurea,<i>Viola</i> <i>purpurea</i> Kellogg,SPECIES,Violaceae,6631.0,Viola,2874237.0,Viola purpurea,5331324.0,99,EXACT,2,2,Viola purpurea,Viola,Viola,Viola
Viola riviniana,7296321,Viola riviniana,<i>Viola</i> <i>riviniana</i> Rchb.,SPECIES,Violaceae,6631.0,Viola,2874237.0,Viola riviniana,7296321.0,100,EXACT,2,2,Viola riviniana,Viola,Viola,Viola
Quercus × hawkinsiae,2879314,Quercus hawkinsiae,<i>Quercus</i> × <i>hawkinsiae</i> Sudw.,SPECIES,Fagaceae,4689.0,Quercus,2877951.0,Quercus hawkinsiae,2879314.0,100,EXACT,3,2,Quercus hawkinsiae,Quercus,Quercus,Quercus
Cannabis sativa sativa,6370925,Cannabis sativa sativa,<i>Cannabis</i> <i>sativa</i> subsp. <i>sativa</i>,SUBSPECIES,Cannabaceae,2384.0,Cannabis,2984538.0,Cannabis sativa,5361880.0,85,EXACT,3,3,Cannabis sativa sativa,Cannabis,Cannabis,Cannabis
Rubus idaeus idaeus,7258954,Rubus idaeus idaeus,<i>Rubus</i> <i>idaeus</i> subsp. <i>idaeus</i>,SUBSPECIES,Rosaceae,5015.0,Rubus,2988638.0,Rubus idaeus,2993094.0,85,EXACT,3,3,Rubus idaeus idaeus,Rubus,Rubus,Rubus
Cirsium remotifolium remotifolium,7222547,Cirsium remotifolium remotifolium,<i>Cirsium</i> <i>remotifolium</i> var. <i>remotifolium</i>,VARIETY,Asteraceae,3065.0,Cirsium,3112554.0,Cirsium remotifolium,3113736.0,85,EXACT,3,3,Cirsium remotifolium remotifolium,Cirsium,Cirsium,Cirsium
Quercus myrtifolia,2878545,Quercus myrtifolia,<i>Quercus</i> <i>myrtifolia</i> Willd.,SPECIES,Fagaceae,4689.0,Quercus,2877951.0,Quercus myrtifolia,2878545.0,100,EXACT,2,2,Quercus myrtifolia,Quercus,Quercus,Quercus
Quercus wislizeni wislizeni,7069110,Quercus wislizeni wislizeni,<i>Quercus</i> <i>wislizeni</i> var. <i>wislizeni</i>,VARIETY,Fagaceae,4689.0,Quercus,2877951.0,Quercus wislizeni,2878384.0,88,EXACT,3,3,Quercus wislizeni wislizeni,Quercus,Quercus,Quercus
Cirsium quercetorum,3113695,Cirsium quercetorum,<i>Cirsium</i> <i>quercetorum</i> (A.Gray) Jeps.,SPECIES,Asteraceae,3065.0,Cirsium,3112554.0,Cirsium quercetorum,3113695.0,100,EXACT,2,2,Cirsium quercetorum,Cirsium,Cirsium,Cirsium
Smilax melastomifolia,5295260,Smilax melastomifolia,<i>Smilax</i> <i>melastomifolia</i> Sm.,SPECIES,Smilacaceae,7702.0,Smilax,2740627.0,Smilax melastomifolia,5295260.0,100,EXACT,2,2,Smilax melastomifolia,Smilax,Smilax,Smilax
Typha × glauca,8960288,Typha glauca,<i>Typha</i> × <i>glauca</i> Godr.,SPECIES,Typhaceae,4246.0,Typha,2702102.0,Typha glauca,8960288.0,99,EXACT,3,2,Typha glauca,Typha,Typha,Typha
Crataegus dodgei,3016197,Crataegus dodgei,<i>Crataegus</i> <i>dodgei</i> Ashe,SPECIES,Rosaceae,5015.0,Crataegus,3013395.0,Crataegus dodgei,3016197.0,100,EXACT,2,2,Crataegus dodgei,Crataegus,Crataegus,Crataegus
Ceanothus impressus nipomensis,10046939,Ceanothus impressus nipomensis,<i>Ceanothus</i> <i>impressus</i> var. <i>nipomensis</i> Mc Minn,VARIETY,Rhamnaceae,2407.0,Ceanothus,3039297.0,Ceanothus impressus,3039310.0,87,EXACT,3,3,Ceanothus impressus nipomensis,Ceanothus,Ceanothus,Ceanothus
Trillium pusillum pusillum,7227509,Trillium pusillum pusillum,<i>Trillium</i> <i>pusillum</i> var. <i>pusillum</i>,VARIETY,Melanthiaceae,7700.0,Trillium,2742182.0,Trillium pusillum,2742209.0,88,EXACT,3,3,Trillium pusillum pusillum,Trillium,Trillium,Trillium
Tragopogon miscellus,5386909,Tragopogon miscellus,<i>Tragopogon</i> × <i>miscellus</i> Ownbey,SPECIES,Asteraceae,3065.0,Tragopogon,3092408.0,Tragopogon miscellus,5386909.0,100,EXACT,2,2,Tragopogon miscellus,Tragopogon,Tragopogon,Tragopogon
Raphanus raphanistrum raphanistrum,7225596,Raphanus raphanistrum raphanistrum,<i>Raphanus</i> <i>raphanistrum</i> subsp. <i>raphanistrum</i>,SUBSPECIES,Brassicaceae,3112.0,Raphanus,3040962.0,Raphanus raphanistrum,3040983.0,85,EXACT,3,3,Raphanus raphanistrum raphanistrum,Raphanus,Raphanus,Raphanus
Rubus aboriginum,2993662,Rubus aboriginum,<i>Rubus</i> <i>aboriginum</i> Rydb.,SPECIES,Rosaceae,5015.0,Rubus,2988638.0,Rubus aboriginum,2993662.0,100,EXACT,2,2,Rubus aboriginum,Rubus,Rubus,Rubus
Quercus × jackiana,2878032,Quercus jackiana,<i>Quercus</i> × <i>jackiana</i> C.K.Schneid.,SPECIES,Fagaceae,4689.0,Quercus,2877951.0,Quercus jackiana,2878032.0,100,EXACT,3,2,Quercus jackiana,Quercus,Quercus,Quercus
Acer saccharum schneckii,3767911,Acer saccharum schneckii,<i>Acer</i> <i>saccharum</i> var. <i>schneckii</i> Rehder,VARIETY,Sapindaceae,6657.0,Acer,3189834.0,Acer saccharum,3189859.0,85,EXACT,3,3,Acer saccharum schneckii,Acer,Acer,Acer
Lilium candidum,2753090,Lilium candidum,<i>Lilium</i> <i>candidum</i> L.,SPECIES,Liliaceae,7699.0,Lilium,2752977.0,Lilium candidum,2753090.0,99,EXACT,2,2,Lilium candidum,Lilium,Lilium,Lilium
Rumex alpinus,2888948,Rumex alpinus,<i>Rumex</i> <i>alpinus</i> L.,SPECIES,Polygonaceae,2416.0,Rumex,2888942.0,Rumex alpinus,2888948.0,99,EXACT,2,2,Rumex alpinus,Rumex,Rumex,Rumex
Rhus microphylla,7707078,Rhus microphylla,<i>Rhus</i> <i>microphylla</i> Engelm.,SPECIES,Anacardiaceae,2398.0,Rhus,3190534.0,Rhus microphylla,7707078.0,99,EXACT,2,2,Rhus microphylla,Rhus,Rhus,Rhus
Yucca louisianensis,2775545,Yucca louisianensis,<i>Yucca</i> <i>louisianensis</i> Trel.,SPECIES,Asparagaceae,7683.0,Yucca,2775496.0,Yucca flaccida,2775530.0,100,EXACT,2,2,Yucca louisianensis,Yucca,Yucca,Yucca
Lilium martagon,2753146,Lilium martagon,<i>Lilium</i> <i>martagon</i> L.,SPECIES,Liliaceae,7699.0,Lilium,2752977.0,Lilium martagon,2753146.0,99,EXACT,2,2,Lilium martagon,Lilium,Lilium,Lilium
Mertensia paniculata borealis,5662245,Mertensia paniculata borealis,<i>Mertensia</i> <i>paniculata</i> var. <i>borealis</i> (J.F.Macbr.) L.O.Williams,VARIETY,Boraginaceae,2498.0,Mertensia,2663415.0,Mertensia paniculata,5341214.0,88,EXACT,3,3,Mertensia paniculata borealis,Mertensia,Mertensia,Mertensia
Amelanchier nantucketensis,3023951,Amelanchier nantucketensis,<i>Amelanchier</i> <i>nantucketensis</i> E.P.Bicknell,SPECIES,Rosaceae,5015.0,Amelanchier,3023817.0,Amelanchier nantucketensis,3023951.0,100,EXACT,2,2,Amelanchier nantucketensis,Amelanchier,Amelanchier,Amelanchier
Rubus enslenii,2998356,Rubus enslenii,<i>Rubus</i> <i>enslenii</i> Tratt.,SPECIES,Rosaceae,5015.0,Rubus,2988638.0,Rubus enslenii,2998356.0,100,EXACT,2,2,Rubus enslenii,Rubus,Rubus,Rubus
Viola biflora,5331325,Viola biflora,<i>Viola</i> <i>biflora</i> L.,SPECIES,Violaceae,6631.0,Viola,2874237.0,Viola biflora,5331325.0,100,EXACT,2,2,Viola biflora,Viola,Viola,Viola
Rubus allegheniensis allegheniensis,6369131,Rubus allegheniensis allegheniensis,<i>Rubus</i> <i>allegheniensis</i> var. <i>allegheniensis</i>,VARIETY,Rosaceae,5015.0,Rubus,2988638.0,Rubus allegheniensis,8235931.0,84,EXACT,3,3,Rubus allegheniensis allegheniensis,Rubus,Rubus,Rubus
Lomatium foeniculaceum fimbriatum,6423485,Lomatium foeniculaceum fimbriatum,<i>Lomatium</i> <i>foeniculaceum</i> subsp. <i>fimbriatum</i> W.L.Theob.,SUBSPECIES,Apiaceae,6720.0,Lomatium,8394726.0,Lomatium foeniculaceum,3034267.0,85,EXACT,3,3,Lomatium foeniculaceum fimbriatum,Lomatium,Lomatium,Lomatium
Lactuca sativa,7403263,Lactuca sativa,<i>Lactuca</i> <i>sativa</i> L.,SPECIES,Asteraceae,3065.0,Lactuca,3140231.0,Lactuca sativa,7403263.0,100,EXACT,2,2,Lactuca sativa,Lactuca,Lactuca,Lactuca
Amelanchier humilis,3023903,Amelanchier humilis,<i>Amelanchier</i> <i>humilis</i> Wiegand,SPECIES,Rosaceae,5015.0,Amelanchier,3023817.0,Amelanchier humilis,3023903.0,99,EXACT,2,2,Amelanchier humilis,Amelanchier,Amelanchier,Amelanchier
Viburnum davidii,3856436,Viburnum davidi,<i>Viburnum</i> <i>davidi</i> Franch.,SPECIES,Viburnaceae,4924416.0,Viburnum,2888580.0,Viburnum davidi,3856436.0,98,VARIANT,2,2,Viburnum davidi,Viburnum,Viburnum,Viburnum
Carya × laneyi,3054343,Carya laneyi,<i>Carya</i> × <i>laneyi</i> Sarg.,SPECIES,Juglandaceae,2499.0,Carya,3054287.0,Carya laneyi,3054343.0,100,EXACT,3,2,Carya laneyi,Carya,Carya,Carya
Persicaria virginiana,2889320,Persicaria virginiana,<i>Persicaria</i> <i>virginiana</i> (L.) Gaertn.,SPECIES,Polygonaceae,2416.0,Persicaria,6390748.0,Persicaria virginiana,2889320.0,99,EXACT,2,2,Persicaria virginiana,Persicaria,Persicaria,Persicaria
Ceanothus prostratus,3039366,Ceanothus prostratus,<i>Ceanothus</i> <i>prostratus</i> Benth.,SPECIES,Rhamnaceae,2407.0,Ceanothus,3039297.0,Ceanothus prostratus,3039366.0,100,EXACT,2,2,Ceanothus prostratus,Ceanothus,Ceanothus,Ceanothus
Muscari botryoides,2772094,Muscari botryoides,<i>Muscari</i> <i>botryoides</i> (L.) Mill.,SPECIES,Asparagaceae,7683.0,Muscari,2772004.0,Muscari botryoides,2772094.0,99,EXACT,2,2,Muscari botryoides,Muscari,Muscari,Muscari
Vitis acerifolia,5372375,Vitis acerifolia,<i>Vitis</i> <i>acerifolia</i> Raf.,SPECIES,Vitaceae,6672.0,Vitis,7467468.0,Vitis acerifolia,5372375.0,100,EXACT,2,2,Vitis acerifolia,Vitis,Vitis,Vitis
Prunella vulgaris vulgaris,6410959,Prunella vulgaris vulgaris,<i>Prunella</i> <i>vulgaris</i> var. <i>vulgaris</i>,VARIETY,Lamiaceae,2497.0,Prunella,2926553.0,Prunella vulgaris,5341297.0,85,EXACT,3,3,Prunella vulgaris vulgaris,Prunella,Prunella,Prunella
Rubus rolfei,2994134,Rubus rolfei,<i>Rubus</i> <i>rolfei</i> S.Vidal,SPECIES,Rosaceae,5015.0,Rubus,2988638.0,Rubus rolfei,2994134.0,99,EXACT,2,2,Rubus rolfei,Rubus,Rubus,Rubus
Cirsium fontinale campylon,4222728,Cirsium fontinale campylon,<i>Cirsium</i> <i>fontinale</i> var. <i>campylon</i> (H.Sharsm.) Pilz ex D.J.Keil & C.E.Turner,VARIETY,Asteraceae,3065.0,Cirsium,3112554.0,Cirsium fontinale,3112638.0,85,EXACT,3,3,Cirsium fontinale campylon,Cirsium,Cirsium,Cirsium
Viola purpurea venosa,7887146,Viola purpurea venosa,<i>Viola</i> <i>purpurea</i> subsp. <i>venosa</i> (S.Watson) M.S.Baker & Clausen,SUBSPECIES,Violaceae,6631.0,Viola,2874237.0,Viola purpurea,5331324.0,85,EXACT,3,3,Viola purpurea venosa,Viola,Viola,Viola
Monarda stanfieldii,5341421,Monarda stanfieldii,<i>Monarda</i> <i>stanfieldii</i> Small,SPECIES,Lamiaceae,2497.0,Monarda,2926838.0,Monarda stanfieldii,5341421.0,100,EXACT,2,2,Monarda stanfieldii,Monarda,Monarda,Monarda
Colocasia esculenta esculenta,9638143,Colocasia esculenta esculenta,<i>Colocasia</i> <i>esculenta</i> subsp. <i>esculenta</i>,SUBSPECIES,Araceae,6979.0,Colocasia,5330758.0,Colocasia esculenta,5330776.0,85,EXACT,3,3,Colocasia esculenta esculenta,Colocasia,Colocasia,Colocasia
Cirsium vulgare vulgare,6305541,Cirsium vulgare vulgare,<i>Cirsium</i> <i>vulgare</i> subsp. <i>vulgare</i>,SUBSPECIES,Asteraceae,3065.0,Cirsium,3112554.0,Cirsium vulgare,3112801.0,85,EXACT,3,3,Cirsium vulgare vulgare,Cirsium,Cirsium,Cirsium
Ribes oxyacanthoides setosum,6442319,Ribes oxyacanthoides setosum,<i>Ribes</i> <i>oxyacanthoides</i> subsp. <i>setosum</i> (Lindl.) Q.P.Sinnott,SUBSPECIES,Grossulariaceae,2403.0,Ribes,2986095.0,Ribes oxyacanthoides,2986124.0,85,EXACT,3,3,Ribes oxyacanthoides setosum,Ribes,Ribes,Ribes
Barbarea vulgaris arcuata,5374656,Barbarea vulgaris arcuata,<i>Barbarea</i> <i>vulgaris</i> subsp. <i>arcuata</i> (Opiz) Hayek,SUBSPECIES,Brassicaceae,3112.0,Barbarea,8370997.0,Barbarea vulgaris,5708780.0,84,EXACT,3,3,Barbarea vulgaris arcuata,Barbarea,Barbarea,Barbarea
Amelanchier ovalis,3023878,Amelanchier ovalis,<i>Amelanchier</i> <i>ovalis</i> Medik.,SPECIES,Rosaceae,5015.0,Amelanchier,3023817.0,Amelanchier ovalis,3023878.0,99,EXACT,2,2,Amelanchier ovalis,Amelanchier,Amelanchier,Amelanchier
Viola adunca,5331199,Viola adunca,<i>Viola</i> <i>adunca</i> Sm.,SPECIES,Violaceae,6631.0,Viola,2874237.0,Viola adunca,5331199.0,100,EXACT,2,2,Viola adunca,Viola,Viola,Viola
Quercus velutina,8086561,Quercus velutina,<i>Quercus</i> <i>velutina</i> Lam.,SPECIES,Fagaceae,4689.0,Quercus,2877951.0,Quercus velutina,8086561.0,99,EXACT,2,2,Quercus velutina,Quercus,Quercus,Quercus
Viola palustris,5331355,Viola palustris,<i>Viola</i> <i>palustris</i> L.,SPECIES,Violaceae,6631.0,Viola,2874237.0,Viola palustris,5331355.0,100,EXACT,2,2,Viola palustris,Viola,Viola,Viola
Persicaria capitata,2889304,Persicaria capitata,<i>Persicaria</i> <i>capitata</i> (Buch.-Ham. ex D.Don) H.Gross,SPECIES,Polygonaceae,2416.0,Persicaria,6390748.0,Persicaria capitata,2889304.0,100,EXACT,2,2,Persicaria capitata,Persicaria,Persicaria,Persicaria
Rubus ursinus macropetalus,2991752,Rubus ursinus macropetalus,<i>Rubus</i> <i>ursinus</i> subsp. <i>macropetalus</i> (Douglas ex Hook.) Taylor & Mac Bryde,SUBSPECIES,Rosaceae,5015.0,Rubus,2988638.0,Rubus macropetalus,2991753.0,84,EXACT,3,3,Rubus ursinus macropetalus,Rubus,Rubus,Rubus
Crataegus crus-galli,3013404,Crataegus crus-galli,<i>Crataegus</i> <i>crus-galli</i> L.,SPECIES,Rosaceae,5015.0,Crataegus,3013395.0,Crataegus crus-galli,3013404.0,99,EXACT,2,2,Crataegus crus-galli,Crataegus,Crataegus,Crataegus
Cirsium occidentale occidentale,6444227,Cirsium occidentale occidentale,<i>Cirsium</i> <i>occidentale</i> var. <i>occidentale</i>,VARIETY,Asteraceae,3065.0,Cirsium,3112554.0,Cirsium occidentale,3114557.0,85,EXACT,3,3,Cirsium occidentale occidentale,Cirsium,Cirsium,Cirsium
Stellaria crispa,5384652,Stellaria crispa,<i>Stellaria</i> <i>crispa</i> Cham. & Schltdl.,SPECIES,Caryophyllaceae,2518.0,Stellaria,3085667.0,Stellaria crispa,5384652.0,100,EXACT,2,2,Stellaria crispa,Stellaria,Stellaria,Stellaria
Vaccinium myrtillus,2882833,Vaccinium myrtillus,<i>Vaccinium</i> <i>myrtillus</i> L.,SPECIES,Ericaceae,2505.0,Vaccinium,2882813.0,Vaccinium myrtillus,2882833.0,99,EXACT,2,2,Vaccinium myrtillus,Vaccinium,Vaccinium,Vaccinium
Glechoma hederacea micrantha,2926558,Glechoma hederacea micrantha,<i>Glechoma</i> <i>hederacea</i> var. <i>micrantha</i> Moricand,VARIETY,Lamiaceae,2497.0,Glechoma,2926556.0,Glechoma hederacea,2926557.0,84,EXACT,3,3,Glechoma hederacea micrantha,Glechoma,Glechoma,Glechoma
Cirsium occidentale candidissimum,4220437,Cirsium occidentale candidissimum,<i>Cirsium</i> <i>occidentale</i> var. <i>candidissimum</i> (Greene) J.F.Macbr.,VARIETY,Asteraceae,3065.0,Cirsium,3112554.0,Cirsium occidentale,3114557.0,85,EXACT,3,3,Cirsium occidentale candidissimum,Cirsium,Cirsium,Cirsium
Crataegus coccinioides,3014860,Crataegus coccinioides,<i>Crataegus</i> <i>coccinioides</i> Ashe,SPECIES,Rosaceae,5015.0,Crataegus,3013395.0,Crataegus coccinioides,3014860.0,100,EXACT,2,2,Crataegus coccinioides,Crataegus,Crataegus,Crataegus
Cirsium tioganum,6063915,Cirsium tioganum,<i>Cirsium</i> <i>tioganum</i> (Congdon) Petr.,SPECIES,Asteraceae,3065.0,Cirsium,3112554.0,Cirsium tioganum,6063915.0,100,EXACT,2,2,Cirsium tioganum,Cirsium,Cirsium,Cirsium
Ribes oxyacanthoides cognatum,6442192,Ribes oxyacanthoides cognatum,<i>Ribes</i> <i>oxyacanthoides</i> subsp. <i>cognatum</i> (Greene) Q.P.Sinnott,SUBSPECIES,Grossulariaceae,2403.0,Ribes,2986095.0,Ribes oxyacanthoides,2986124.0,85,EXACT,3,3,Ribes oxyacanthoides cognatum,Ribes,Ribes,Ribes
Picea mariana,5284802,Picea mariana,<i>Picea</i> <i>mariana</i> (Mill.) Britton et al.,SPECIES,Pinaceae,3925.0,Picea,7606064.0,Picea mariana,5284802.0,99,EXACT,2,2,Picea mariana,Picea,Picea,Picea
Quercus hypoleucoides,2878550,Quercus hypoleucoides,<i>Quercus</i> <i>hypoleucoides</i> A.Camus,SPECIES,Fagaceae,4689.0,Quercus,2877951.0,Quercus hypoleucoides,2878550.0,100,EXACT,2,2,Quercus hypoleucoides,Quercus,Quercus,Quercus
Quercus × alvordiana,2878156,Quercus alvordiana,<i>Quercus</i> × <i>alvordiana</i> Eastw.,SPECIES,Fagaceae,4689.0,Quercus,2877951.0,Quercus alvordiana,2878156.0,99,EXACT,3,2,Quercus alvordiana,Quercus,Quercus,Quercus
Ribes amarum,7947023,Ribes amarum,<i>Ribes</i> <i>amarum</i> Mc Clatchie,SPECIES,Grossulariaceae,2403.0,Ribes,2986095.0,Ribes amarum,7947023.0,99,EXACT,2,2,Ribes amarum,Ribes,Ribes,Ribes
Muscari armeniacum,8152187,Muscari armeniacum,<i>Muscari</i> <i>armeniacum</i> H.J.Veitch,SPECIES,Asparagaceae,7683.0,Muscari,2772004.0,Muscari armeniacum,8152187.0,99,EXACT,2,2,Muscari armeniacum,Muscari,Muscari,Muscari
Pediomelum hypogaeum scaposum,8078311,Pediomelum hypogaeum scaposum,<i>Pediomelum</i> <i>hypogaeum</i> var. <i>scaposum</i> (A.Gray) Mahler,VARIETY,Fabaceae,5386.0,Pediomelum,2959963.0,Pediomelum hypogaeum,2944196.0,85,EXACT,3,3,Pediomelum hypogaeum scaposum,Pediomelum,Pediomelum,Pediomelum
Viburnum opulus opulus,7096614,Viburnum opulus opulus,<i>Viburnum</i> <i>opulus</i> var. <i>opulus</i>,VARIETY,Viburnaceae,4924416.0,Viburnum,2888580.0,Viburnum opulus,2888605.0,85,EXACT,3,3,Viburnum opulus opulus,Viburnum,Viburnum,Viburnum
Quercus pungens,2878187,Quercus pungens,<i>Quercus</i> <i>pungens</i> Liebm.,SPECIES,Fagaceae,4689.0,Quercus,2877951.0,Quercus pungens,2878187.0,99,EXACT,2,2,Quercus pungens,Quercus,Quercus,Quercus
Erythronium shastense,8993372,Erythronium shastense,"<i>Erythronium</i> <i>shastense</i> D.A.York, J.K.Nelson & D.W.Taylor",SPECIES,Liliaceae,7699.0,Erythronium,2740136.0,Erythronium shastense,8993372.0,100,EXACT,2,2,Erythronium shastense,Erythronium,Erythronium,Erythronium
Pycnanthemum clinopodioides,2927372,Pycnanthemum clinopodioides,<i>Pycnanthemum</i> <i>clinopodioides</i> Torr. & A.Gray,SPECIES,Lamiaceae,2497.0,Pycnanthemum,2927338.0,Pycnanthemum clinopodioides,2927372.0,100,EXACT,2,2,Pycnanthemum clinopodioides,Pycnanthemum,Pycnanthemum,Pycnanthemum
Allium sativum sativum,6435054,Allium sativum sativum,<i>Allium</i> <i>sativum</i> var. <i>sativum</i>,VARIETY,Amaryllidaceae,7682.0,Allium,9624496.0,Allium sativum,2856681.0,85,EXACT,3,3,Allium sativum sativum,Allium,Allium,Allium
Pontederia cordata cordata,4270222,Pontederia cordata cordata,<i>Pontederia</i> <i>cordata</i> var. <i>cordata</i>,VARIETY,Pontederiaceae,3731.0,Pontederia,2740415.0,Pontederia cordata,2766030.0,84,EXACT,3,3,Pontederia cordata cordata,Pontederia,Pontederia,Pontederia
Crataegus flabellata flabellata,3014366,Crataegus flabellata,<i>Crataegus</i> <i>flabellata</i> (Bosc ex Spach) K.Koch,SPECIES,Rosaceae,5015.0,Crataegus,3013395.0,Crataegus flabellata,3014366.0,99,HIGHERRANK,3,2,Crataegus flabellata,Crataegus,Crataegus,Crataegus
Claytonia crawfordii,10761048,Claytonia crawfordii,<i>Claytonia</i> <i>crawfordii</i> Stoughton,SPECIES,Montiaceae,4898338.0,Claytonia,3084729.0,Claytonia crawfordii,10761048.0,100,EXACT,2,2,Claytonia crawfordii,Claytonia,Claytonia,Claytonia
Rumex acetosella acetosella,6709300,Rumex acetosella acetosella,"<i>Rumex</i> <i>acetosella</i> subsp. <i>acetosella</i> Linnaeus, 1753",SUBSPECIES,Polygonaceae,2416.0,Rumex,2888942.0,Rumex acetosella,2888995.0,85,EXACT,3,3,Rumex acetosella acetosella,Rumex,Rumex,Rumex
Viburnum lantanoides,2888601,Viburnum lantanoides,<i>Viburnum</i> <i>lantanoides</i> Michx.,SPECIES,Viburnaceae,4924416.0,Viburnum,2888580.0,Viburnum lantanoides,2888601.0,99,EXACT,2,2,Viburnum lantanoides,Viburnum,Viburnum,Viburnum
Persicaria bicornis,2889206,Persicaria bicornis,<i>Persicaria</i> <i>bicornis</i> (Raf.) Nieuwl.,SPECIES,Polygonaceae,2416.0,Persicaria,6390748.0,Persicaria bicornis,2889206.0,100,EXACT,2,2,Persicaria bicornis,Persicaria,Persicaria,Persicaria
Ceanothus jepsonii,3039365,Ceanothus jepsonii,<i>Ceanothus</i> <i>jepsonii</i> Greene,SPECIES,Rhamnaceae,2407.0,Ceanothus,3039297.0,Ceanothus jepsonii,3039365.0,100,EXACT,2,2,Ceanothus jepsonii,Ceanothus,Ceanothus,Ceanothus
Vicia faba,2974832,Vicia faba,<i>Vicia</i> <i>faba</i> L.,SPECIES,Fabaceae,5386.0,Vicia,2974751.0,Vicia faba,2974832.0,100,EXACT,2,2,Vicia faba,Vicia,Vicia,Vicia
Ceanothus arboreus,3039374,Ceanothus arboreus,<i>Ceanothus</i> <i>arboreus</i> Greene,SPECIES,Rhamnaceae,2407.0,Ceanothus,3039297.0,Ceanothus arboreus,3039374.0,100,EXACT,2,2,Ceanothus arboreus,Ceanothus,Ceanothus,Ceanothus
Ribes divaricatum divaricatum,7219278,Ribes divaricatum divaricatum,<i>Ribes</i> <i>divaricatum</i> var. <i>divaricatum</i>,VARIETY,Grossulariaceae,2403.0,Ribes,2986095.0,Ribes divaricatum,2986132.0,88,EXACT,3,3,Ribes divaricatum divaricatum,Ribes,Ribes,Ribes
Claytonia multiscapa,7125671,Claytonia multiscapa,<i>Claytonia</i> <i>multiscapa</i> Rydb.,SPECIES,Montiaceae,4898338.0,Claytonia,3084729.0,Claytonia multiscapa,7125671.0,100,EXACT,2,2,Claytonia multiscapa,Claytonia,Claytonia,Claytonia
Tilia americana caroliniana,7641050,Tilia americana caroliniana,<i>Tilia</i> <i>americana</i> var. <i>caroliniana</i> (Mill.) A.E.Murray,VARIETY,Malvaceae,6685.0,Tilia,3152041.0,Tilia americana,3152042.0,85,EXACT,3,3,Tilia americana caroliniana,Tilia,Tilia,Tilia
Quercus × caduca,2878552,Quercus caduca,<i>Quercus</i> × <i>caduca</i> Trel.,SPECIES,Fagaceae,4689.0,Quercus,2877951.0,Quercus caduca,2878552.0,100,EXACT,3,2,Quercus caduca,Quercus,Quercus,Quercus
Ribes marshallii,2986204,Ribes marshallii,<i>Ribes</i> <i>marshallii</i> Greene,SPECIES,Grossulariaceae,2403.0,Ribes,2986095.0,Ribes marshallii,2986204.0,100,EXACT,2,2,Ribes marshallii,Ribes,Ribes,Ribes
Rubus groutianus,2995969,Rubus groutianus,<i>Rubus</i> × <i>groutianus</i> Blanch. & L.H.Bailey,SPECIES,Rosaceae,5015.0,Rubus,2988638.0,Rubus setosus,7769228.0,100,EXACT,2,2,Rubus groutianus,Rubus,Rubus,Rubus
Allium yosemitense,2857454,Allium yosemitense,<i>Allium</i> <i>yosemitense</i> Eastw.,SPECIES,Amaryllidaceae,7682.0,Allium,9624496.0,Allium yosemitense,2857454.0,100,EXACT,2,2,Allium yosemitense,Allium,Allium,Allium
Rumex utahensis,4271176,Rumex utahensis,<i>Rumex</i> <i>utahensis</i> Rech.fil.,SPECIES,Polygonaceae,2416.0,Rumex,2888942.0,Rumex utahensis,4271176.0,100,EXACT,2,2,Rumex utahensis,Rumex,Rumex,Rumex
Quercus gambelii,2878268,Quercus gambelii,<i>Quercus</i> <i>gambelii</i> Nutt.,SPECIES,Fagaceae,4689.0,Quercus,2877951.0,Quercus gambelii,2878268.0,99,EXACT,2,2,Quercus gambelii,Quercus,Quercus,Quercus
Ceanothus crassifolius,3039308,Ceanothus crassifolius,<i>Ceanothus</i> <i>crassifolius</i> Torr.,SPECIES,Rhamnaceae,2407.0,Ceanothus,3039297.0,Ceanothus crassifolius,3039308.0,100,EXACT,2,2,Ceanothus crassifolius,Ceanothus,Ceanothus,Ceanothus
Pinus glabra,5285140,Pinus glabra,<i>Pinus</i> <i>glabra</i> Walter,SPECIES,Pinaceae,3925.0,Pinus,2684241.0,Pinus glabra,5285140.0,100,EXACT,2,2,Pinus glabra,Pinus,Pinus,Pinus
Viola selkirkii,5331202,Viola selkirkii,<i>Viola</i> <i>selkirkii</i> Pursh ex Goldie,SPECIES,Violaceae,6631.0,Viola,2874237.0,Viola selkirkii,5331202.0,99,EXACT,2,2,Viola selkirkii,Viola,Viola,Viola
Crataegus phaenopyrum,8041842,Crataegus phaenopyrum,<i>Crataegus</i> <i>phaenopyrum</i> (L.fil.) Borkh.,SPECIES,Rosaceae,5015.0,Crataegus,3013395.0,Crataegus phaenopyrum,8041842.0,99,EXACT,2,2,Crataegus phaenopyrum,Crataegus,Crataegus,Crataegus
Wisteria frutescens macrostachya,9967981,Wisteria frutescens macrostachya,<i>Wisteria</i> <i>frutescens</i> subsp. <i>macrostachya</i> (Torr. & A.Gray) J.Compton & Schrire,SUBSPECIES,Fabaceae,5386.0,Wisteria,2977309.0,Wisteria frutescens,2977310.0,85,EXACT,3,3,Wisteria frutescens macrostachya,Wisteria,Wisteria,Wisteria
Prunus virginiana virginiana,6620109,Prunus virginiana virginiana,<i>Prunus</i> <i>virginiana</i> var. <i>virginiana</i>,VARIETY,Rosaceae,5015.0,Prunus,3020559.0,Prunus virginiana,3022668.0,88,EXACT,3,3,Prunus virginiana virginiana,Prunus,Prunus,Prunus
Viola appalachiensis,5331290,Viola appalachiensis,<i>Viola</i> <i>appalachiensis</i> L.K.Henry,SPECIES,Violaceae,6631.0,Viola,2874237.0,Viola appalachiensis,5331290.0,100,EXACT,2,2,Viola appalachiensis,Viola,Viola,Viola
Quercus × townei,2879840,Quercus townei,<i>Quercus</i> × <i>townei</i> E.J.Palmer,SPECIES,Fagaceae,4689.0,Quercus,2877951.0,Quercus townei,2879840.0,100,EXACT,3,2,Quercus townei,Quercus,Quercus,Quercus
Lilium longiflorum,2753336,Lilium longiflorum,<i>Lilium</i> <i>longiflorum</i> Thunb.,SPECIES,Liliaceae,7699.0,Lilium,2752977.0,Lilium longiflorum,2753336.0,99,EXACT,2,2,Lilium longiflorum,Lilium,Lilium,Lilium
Crataegus brainerdii,3014175,Crataegus brainerdii,<i>Crataegus</i> <i>brainerdii</i> Sarg.,SPECIES,Rosaceae,5015.0,Crataegus,3013395.0,Crataegus scabrida,3014505.0,100,EXACT,2,2,Crataegus brainerdii,Crataegus,Crataegus,Crataegus
Stellaria sanjuanensis,10716260,Stellaria sanjuanensis,<i>Stellaria</i> <i>sanjuanensis</i> M.T.Sharples & E.A.Tripp,SPECIES,Caryophyllaceae,2518.0,Stellaria,3085667.0,Stellaria sanjuanensis,10716260.0,100,EXACT,2,2,Stellaria sanjuanensis,Stellaria,Stellaria,Stellaria
Daucus carota azoricus,3642205,Daucus carota azoricus,<i>Daucus</i> <i>carota</i> subsp. <i>azoricus</i> Franco,SUBSPECIES,Apiaceae,6720.0,Daucus,3034740.0,Daucus carota,3034742.0,88,EXACT,3,3,Daucus carota azoricus,Daucus,Daucus,Daucus
Quercus agrifolia,2880791,Quercus agrifolia,<i>Quercus</i> <i>agrifolia</i> Née,SPECIES,Fagaceae,4689.0,Quercus,2877951.0,Quercus agrifolia,2880791.0,99,EXACT,2,2,Quercus agrifolia,Quercus,Quercus,Quercus
Trillium nivale,2742425,Trillium nivale,<i>Trillium</i> <i>nivale</i> Riddell,SPECIES,Melanthiaceae,7700.0,Trillium,2742182.0,Trillium nivale,2742425.0,100,EXACT,2,2,Trillium nivale,Trillium,Trillium,Trillium
Ceanothus cordulatus,3039317,Ceanothus cordulatus,<i>Ceanothus</i> <i>cordulatus</i> Kellogg,SPECIES,Rhamnaceae,2407.0,Ceanothus,3039297.0,Ceanothus cordulatus,3039317.0,100,EXACT,2,2,Ceanothus cordulatus,Ceanothus,Ceanothus,Ceanothus
Primula latiloba,5640934,Primula latiloba,<i>Primula</i> <i>latiloba</i> (A.Gray) A.R.Mast & Reveal,SPECIES,Primulaceae,6674.0,Dodecatheon,7597718.0,Dodecatheon dentatum,3169260.0,100,EXACT,2,2,Primula latiloba,Primula,Primula,Primula
Allium abramsii,2856249,Allium abramsii,<i>Allium</i> <i>abramsii</i> (Ownbey & Aase ex Traub) McNeal,SPECIES,Amaryllidaceae,7682.0,Allium,9624496.0,Allium abramsii,2856249.0,100,EXACT,2,2,Allium abramsii,Allium,Allium,Allium
Vitis cinerea floridana,5658529,Vitis cinerea floridana,<i>Vitis</i> <i>cinerea</i> var. <i>floridana</i> Munson,VARIETY,Vitaceae,6672.0,Vitis,7467468.0,Vitis cinerea,5372379.0,88,EXACT,3,3,Vitis cinerea floridana,Vitis,Vitis,Vitis
Lilium humboldtii humboldtii,7227542,Lilium humboldtii humboldtii,<i>Lilium</i> <i>humboldtii</i> subsp. <i>humboldtii</i>,SUBSPECIES,Liliaceae,7699.0,Lilium,2752977.0,Lilium humboldtii,8491099.0,85,EXACT,3,3,Lilium humboldtii humboldtii,Lilium,Lilium,Lilium
Allium fraseri,2857573,Allium fraseri,<i>Allium</i> <i>fraseri</i> (Ownbey) Shinners,SPECIES,Amaryllidaceae,7682.0,Allium,9624496.0,Allium fraseri,2857573.0,100,EXACT,2,2,Allium fraseri,Allium,Allium,Allium
Persicaria posumbu,6391007,Persicaria posumbu,<i>Persicaria</i> <i>posumbu</i> (Buch.-Ham. ex D.Don) H.Gross,SPECIES,Polygonaceae,2416.0,Persicaria,6390748.0,Persicaria posumbu,6391007.0,99,EXACT,2,2,Persicaria posumbu,Persicaria,Persicaria,Persicaria
Gleditsia triacanthos inermis,9880128,Gleditsia triacanthos x inermis,,SPECIES,Fabaceae,5386.0,Gleditsia,2959442.0,Gleditsia texana,2959490.0,97,VARIANT,3,4,,Gleditsia,,Gleditsia
Quercus × subconvexa,2878236,Quercus subconvexa,<i>Quercus</i> × <i>subconvexa</i> J.M.Tucker,SPECIES,Fagaceae,4689.0,Quercus,2877951.0,Quercus subconvexa,2878236.0,100,EXACT,3,2,Quercus subconvexa,Quercus,Quercus,Quercus
Quercus parvula tamalpaisensis,2878126,Quercus parvula tamalpaisensis,<i>Quercus</i> <i>parvula</i> var. <i>tamalpaisensis</i> S.K.Langer,VARIETY,Fagaceae,4689.0,Quercus,2877951.0,Quercus parvula,2878124.0,88,EXACT,3,3,Quercus parvula tamalpaisensis,Quercus,Quercus,Quercus
Cirsium centaureae,7881028,Cirsium centaureae,<i>Cirsium</i> <i>centaureae</i> (Rydb.) K.Schum.,SPECIES,Asteraceae,3065.0,Cirsium,3112554.0,Cirsium centaureae,7881028.0,100,EXACT,2,2,Cirsium centaureae,Cirsium,Cirsium,Cirsium
Vaccinium uliginosum microphyllum,7821640,Vaccinium uliginosum microphyllum,<i>Vaccinium</i> <i>uliginosum</i> subsp. <i>microphyllum</i> (Lange) Hultén,SUBSPECIES,Ericaceae,2505.0,Vaccinium,2882813.0,Vaccinium uliginosum,8073364.0,85,EXACT,3,3,Vaccinium uliginosum microphyllum,Vaccinium,Vaccinium,Vaccinium
Cardamine impatiens impatiens,3046190,Cardamine impatiens impatiens,<i>Cardamine</i> <i>impatiens</i> var. <i>impatiens</i>,VARIETY,Brassicaceae,3112.0,Cardamine,3045622.0,Cardamine impatiens,3046187.0,84,EXACT,3,3,Cardamine impatiens impatiens,Cardamine,Cardamine,Cardamine
Sanicula canadensis grandis,3639590,Sanicula canadensis grandis,<i>Sanicula</i> <i>canadensis</i> var. <i>grandis</i> Fernald,VARIETY,Apiaceae,6720.0,Sanicula,3034831.0,Sanicula canadensis,3034834.0,88,EXACT,3,3,Sanicula canadensis grandis,Sanicula,Sanicula,Sanicula
Ribes rubrum,2986097,Ribes rubrum,<i>Ribes</i> <i>rubrum</i> L.,SPECIES,Grossulariaceae,2403.0,Ribes,2986095.0,Ribes rubrum,2986097.0,99,EXACT,2,2,Ribes rubrum,Ribes,Ribes,Ribes
Suaeda maritima,3083541,Suaeda maritima,<i>Suaeda</i> <i>maritima</i> (L.) Dumort.,SPECIES,Amaranthaceae,3064.0,Suaeda,7677792.0,Suaeda maritima,3083541.0,99,EXACT,2,2,Suaeda maritima,Suaeda,Suaeda,Suaeda
Viola pinetorum,5331223,Viola pinetorum,<i>Viola</i> <i>pinetorum</i> Greene,SPECIES,Violaceae,6631.0,Viola,2874237.0,Viola pinetorum,5331223.0,100,EXACT,2,2,Viola pinetorum,Viola,Viola,Viola
Erythronium mesochoreum,2752838,Erythronium mesochoreum,<i>Erythronium</i> <i>mesochoreum</i> Knerr,SPECIES,Liliaceae,7699.0,Erythronium,2740136.0,Erythronium mesochoreum,2752838.0,100,EXACT,2,2,Erythronium mesochoreum,Erythronium,Erythronium,Erythronium
Sorbus sitchensis,3012319,Sorbus sitchensis,<i>Sorbus</i> <i>sitchensis</i> M.Roem.,SPECIES,Rosaceae,5015.0,Sorbus,3012146.0,Sorbus sitchensis,3012319.0,99,EXACT,2,2,Sorbus sitchensis,Sorbus,Sorbus,Sorbus
Ceanothus hearstiorum,3039357,Ceanothus hearstiorum,<i>Ceanothus</i> <i>hearstiorum</i> Hoover & Roof,SPECIES,Rhamnaceae,2407.0,Ceanothus,3039297.0,Ceanothus hearstiorum,3039357.0,100,EXACT,2,2,Ceanothus hearstiorum,Ceanothus,Ceanothus,Ceanothus
Pinus halepensis,5285604,Pinus halepensis,<i>Pinus</i> <i>halepensis</i> Mill.,SPECIES,Pinaceae,3925.0,Pinus,2684241.0,Pinus halepensis,5285604.0,99,EXACT,2,2,Pinus halepensis,Pinus,Pinus,Pinus
Ficaria verna verna,7277276,Ficaria verna verna,<i>Ficaria</i> <i>verna</i> subsp. <i>verna</i>,SUBSPECIES,Ranunculaceae,2410.0,Ficaria,3234342.0,Ficaria verna,9094061.0,85,EXACT,3,3,Ficaria verna verna,Ficaria,Ficaria,Ficaria
Cirsium griseum,3112941,Cirsium griseum,<i>Cirsium</i> <i>griseum</i> (Rydb.) K.Schum.,SPECIES,Asteraceae,3065.0,Cirsium,3112554.0,Cirsium griseum,3112941.0,99,EXACT,2,2,Cirsium griseum,Cirsium,Cirsium,Cirsium
Viola retusa,5331289,Viola retusa,<i>Viola</i> <i>retusa</i> Greene,SPECIES,Violaceae,6631.0,Viola,2874237.0,Viola retusa,5331289.0,100,EXACT,2,2,Viola retusa,Viola,Viola,Viola
Primula jeffreyi jeffreyi,5640826,Primula jeffreyi,<i>Primula</i> <i>jeffreyi</i> (Van Houtte) A.R.Mast & Reveal,SPECIES,Primulaceae,6674.0,Dodecatheon,7597718.0,Dodecatheon jeffreyanum,4005760.0,100,HIGHERRANK,3,2,Primula jeffreyi,Primula,Primula,Primula
Ribes oxyacanthoides irriguum,6442173,Ribes oxyacanthoides irriguum,<i>Ribes</i> <i>oxyacanthoides</i> subsp. <i>irriguum</i> (Douglas) Q.P.Sinnott,SUBSPECIES,Grossulariaceae,2403.0,Ribes,2986095.0,Ribes oxyacanthoides,2986124.0,85,EXACT,3,3,Ribes oxyacanthoides irriguum,Ribes,Ribes,Ribes
Quercus × mutabilis,2879051,Quercus mutabilis,<i>Quercus</i> × <i>mutabilis</i> E.J.Palmer & Steyerm.,SPECIES,Fagaceae,4689.0,Quercus,2877951.0,Quercus mutabilis,2879051.0,100,EXACT,3,2,Quercus mutabilis,Quercus,Quercus,Quercus
Trillium undulatum,2742335,Trillium undulatum,<i>Trillium</i> <i>undulatum</i> Willd.,SPECIES,Melanthiaceae,7700.0,Trillium,2742182.0,Trillium undulatum,2742335.0,100,EXACT,2,2,Trillium undulatum,Trillium,Trillium,Trillium
Smilax lasioneuron,5295452,Smilax lasioneura,<i>Smilax</i> <i>lasioneura</i> Hook.,SPECIES,Smilacaceae,7702.0,Smilax,2740627.0,Smilax lasioneura,5295452.0,95,VARIANT,2,2,Smilax lasioneura,Smilax,Smilax,Smilax
Vaccinium calycinum,2882931,Vaccinium calycinum,<i>Vaccinium</i> <i>calycinum</i> Sm.,SPECIES,Ericaceae,2505.0,Vaccinium,2882813.0,Vaccinium calycinum,2882931.0,100,EXACT,2,2,Vaccinium calycinum,Vaccinium,Vaccinium,Vaccinium
Oxalis bowiei,7461212,Oxalis bowiei,<i>Oxalis</i> <i>bowiei</i> W.T.Aiton ex G.Don,SPECIES,Oxalidaceae,6697.0,Oxalis,2891642.0,Oxalis bowiei,7461212.0,99,EXACT,2,2,Oxalis bowiei,Oxalis,Oxalis,Oxalis
Petasites frigidus vitifolius,4217232,Petasites frigidus vitifolius,<i>Petasites</i> <i>frigidus</i> var. <i>vitifolius</i> (Greene) Chern.,VARIETY,Asteraceae,3065.0,Petasites,10717129.0,Petasites frigidus,3088323.0,85,EXACT,3,3,Petasites frigidus vitifolius,Petasites,Petasites,Petasites
Ceanothus prostratus prostratus,6449222,Ceanothus prostratus prostratus,<i>Ceanothus</i> <i>prostratus</i> subsp. <i>prostratus</i>,SUBSPECIES,Rhamnaceae,2407.0,Ceanothus,3039297.0,Ceanothus prostratus,3039366.0,88,EXACT,3,3,Ceanothus prostratus prostratus,Ceanothus,Ceanothus,Ceanothus
Pinus caribaea,5285740,Pinus caribaea,<i>Pinus</i> <i>caribaea</i> Morelet,SPECIES,Pinaceae,3925.0,Pinus,2684241.0,Pinus caribaea,5285740.0,100,EXACT,2,2,Pinus caribaea,Pinus,Pinus,Pinus
Clinopodium vulgare vulgare,7306840,Clinopodium vulgare vulgare,<i>Clinopodium</i> <i>vulgare</i> subsp. <i>vulgare</i>,SUBSPECIES,Lamiaceae,2497.0,Clinopodium,2926907.0,Clinopodium vulgare,2926945.0,88,EXACT,3,3,Clinopodium vulgare vulgare,Clinopodium,Clinopodium,Clinopodium
Viola × sublanceolata,5331388,Viola sublanceolata,<i>Viola</i> × <i>sublanceolata</i> House,SPECIES,Violaceae,6631.0,Viola,2874237.0,Viola sublanceolata,5331388.0,100,EXACT,3,2,Viola sublanceolata,Viola,Viola,Viola
Cyperus esculentus macrostachyus,2716248,Cyperus esculentus macrostachyus,<i>Cyperus</i> <i>esculentus</i> var. <i>macrostachyus</i> Boeckeler,VARIETY,Cyperaceae,7708.0,Cyperus,2713455.0,Cyperus esculentus,2716226.0,84,EXACT,3,3,Cyperus esculentus macrostachyus,Cyperus,Cyperus,Cyperus
Viola tripartita,5331304,Viola tripartita,<i>Viola</i> <i>tripartita</i> Elliott,SPECIES,Violaceae,6631.0,Viola,2874237.0,Viola tripartita,5331304.0,99,EXACT,2,2,Viola tripartita,Viola,Viola,Viola
Crataegus uniflora,3015389,Crataegus uniflora,<i>Crataegus</i> <i>uniflora</i> Münchh.,SPECIES,Rosaceae,5015.0,Crataegus,3013395.0,Crataegus uniflora,3015389.0,99,EXACT,2,2,Crataegus uniflora,Crataegus,Crataegus,Crataegus
Sphaeralcea coccinea elata,3939230,Sphaeralcea coccinea elata,<i>Sphaeralcea</i> <i>coccinea</i> var. <i>elata</i> (Baker fil.) Kearney,VARIETY,Malvaceae,6685.0,Sphaeralcea,7412190.0,Sphaeralcea coccinea,3152438.0,85,EXACT,3,3,Sphaeralcea coccinea elata,Sphaeralcea,Sphaeralcea,Sphaeralcea
Physalis longifolia subglabrata,5581279,Physalis longifolia subglabrata,<i>Physalis</i> <i>longifolia</i> var. <i>subglabrata</i> (Mack. & Bush) Cronquist,VARIETY,Solanaceae,7717.0,Physalis,2928907.0,Physalis longifolia,5341818.0,88,EXACT,3,3,Physalis longifolia subglabrata,Physalis,Physalis,Physalis
Viola brittoniana,5331282,Viola brittoniana,<i>Viola</i> <i>brittoniana</i> Pollard,SPECIES,Violaceae,6631.0,Viola,2874237.0,Viola brittoniana,5331282.0,100,EXACT,2,2,Viola brittoniana,Viola,Viola,Viola
Oxalis suksdorfii,2891645,Oxalis suksdorfii,<i>Oxalis</i> <i>suksdorfii</i> Trel.,SPECIES,Oxalidaceae,6697.0,Oxalis,2891642.0,Oxalis suksdorfii,2891645.0,100,EXACT,2,2,Oxalis suksdorfii,Oxalis,Oxalis,Oxalis
Perideridia gairdneri gairdneri,7258869,Perideridia gairdneri gairdneri,<i>Perideridia</i> <i>gairdneri</i> subsp. <i>gairdneri</i>,SUBSPECIES,Apiaceae,6720.0,Perideridia,3034536.0,Perideridia gairdneri,3034543.0,88,EXACT,3,3,Perideridia gairdneri gairdneri,Perideridia,Perideridia,Perideridia
Vicia americana minor,2975207,Vicia americana minor,<i>Vicia</i> <i>americana</i> subsp. <i>minor</i> (Hook.) C.R.Gunn,SUBSPECIES,Fabaceae,5386.0,Vicia,2974751.0,Vicia americana,2975204.0,85,EXACT,3,3,Vicia americana minor,Vicia,Vicia,Vicia
Tradescantia subaspera montana,2765302,Tradescantia subaspera montana,<i>Tradescantia</i> <i>subaspera</i> var. <i>montana</i> (Shuttlew. ex Small & Vail) E.S.Anderson & Woodson,VARIETY,Commelinaceae,2763195.0,Tradescantia,2765096.0,Tradescantia subaspera,2765298.0,85,EXACT,3,3,Tradescantia subaspera montana,Tradescantia,Tradescantia,Tradescantia
Colocasia esculenta illustris,5950162,Colocasia esculenta illustris,<i>Colocasia</i> <i>esculenta</i> var. <i>illustris</i> (W.Bull) A.F.Hill,VARIETY,Araceae,6979.0,Colocasia,5330758.0,Colocasia esculenta,5330776.0,84,EXACT,3,3,Colocasia esculenta illustris,Colocasia,Colocasia,Colocasia
Viburnum carolinianum,6369877,Viburnum carolinianum,<i>Viburnum</i> <i>carolinianum</i> Ashe,SPECIES,Viburnaceae,4924416.0,Viburnum,2888580.0,Viburnum carolinianum,6369877.0,100,EXACT,2,2,Viburnum carolinianum,Viburnum,Viburnum,Viburnum
Pinus echinata,5285324,Pinus echinata,<i>Pinus</i> <i>echinata</i> Mill.,SPECIES,Pinaceae,3925.0,Pinus,2684241.0,Pinus echinata,5285324.0,99,EXACT,2,2,Pinus echinata,Pinus,Pinus,Pinus
Quercus laevis,2878626,Quercus laevis,<i>Quercus</i> <i>laevis</i> Walter,SPECIES,Fagaceae,4689.0,Quercus,2877951.0,Quercus laevis,2878626.0,100,EXACT,2,2,Quercus laevis,Quercus,Quercus,Quercus
Stellaria dicranoides,5384673,Stellaria dicranoides,<i>Stellaria</i> <i>dicranoides</i> (Cham. & Schltdl.) Fenzl,SPECIES,Caryophyllaceae,2518.0,Stellaria,3085667.0,Stellaria dicranoides,5384673.0,100,EXACT,2,2,Stellaria dicranoides,Stellaria,Stellaria,Stellaria
Ceanothus americanus americanus,7273797,Ceanothus americanus americanus,<i>Ceanothus</i> <i>americanus</i> var. <i>americanus</i>,VARIETY,Rhamnaceae,2407.0,Ceanothus,3039297.0,Ceanothus americanus,3039318.0,88,EXACT,3,3,Ceanothus americanus americanus,Ceanothus,Ceanothus,Ceanothus
Vicia tetrasperma,2975083,Vicia tetrasperma,<i>Vicia</i> <i>tetrasperma</i> (L.) Schreb.,SPECIES,Fabaceae,5386.0,Vicia,2974751.0,Vicia tetrasperma,2975083.0,99,EXACT,2,2,Vicia tetrasperma,Vicia,Vicia,Vicia
Stellaria nitens,5384614,Stellaria nitens,<i>Stellaria</i> <i>nitens</i> Nutt.,SPECIES,Caryophyllaceae,2518.0,Stellaria,3085667.0,Stellaria nitens,5384614.0,100,EXACT,2,2,Stellaria nitens,Stellaria,Stellaria,Stellaria
Quercus hinckleyi,2880522,Quercus hinckleyi,<i>Quercus</i> <i>hinckleyi</i> C.H.Mull.,SPECIES,Fagaceae,4689.0,Quercus,2877951.0,Quercus hinckleyi,2880522.0,100,EXACT,2,2,Quercus hinckleyi,Quercus,Quercus,Quercus
Tradescantia edwardsiana,2765210,Tradescantia edwardsiana,<i>Tradescantia</i> <i>edwardsiana</i> Tharp,SPECIES,Commelinaceae,2763195.0,Tradescantia,2765096.0,Tradescantia edwardsiana,2765210.0,100,EXACT,2,2,Tradescantia edwardsiana,Tradescantia,Tradescantia,Tradescantia
Origanum vulgare vulgare,7226093,Origanum vulgare vulgare,"<i>Origanum</i> <i>vulgare</i> subsp. <i>vulgare</i> Linnaeus, 1753",SUBSPECIES,Lamiaceae,2497.0,Origanum,2926611.0,Origanum vulgare,2926612.0,85,EXACT,3,3,Origanum vulgare vulgare,Origanum,Origanum,Origanum
Allium multibulbosum,2857976,Allium multibulbosum,<i>Allium</i> <i>multibulbosum</i> Jacq.,SPECIES,Amaryllidaceae,7682.0,Allium,9624496.0,Allium multibulbosum,2857976.0,100,EXACT,2,2,Allium multibulbosum,Allium,Allium,Allium
Quercus × beadlei,2881678,Quercus beadlei,<i>Quercus</i> × <i>beadlei</i> Trel.,SPECIES,Fagaceae,4689.0,Quercus,2877951.0,Quercus beadlei,2881678.0,99,EXACT,3,2,Quercus beadlei,Quercus,Quercus,Quercus
Crataegus viburnifolia,3014949,Crataegus viburnifolia,<i>Crataegus</i> <i>viburnifolia</i> Sarg.,SPECIES,Rosaceae,5015.0,Crataegus,3013395.0,Crataegus mollis,3015562.0,100,EXACT,2,2,Crataegus viburnifolia,Crataegus,Crataegus,Crataegus
Smilax tamnoides,5295110,Smilax tamnoides,<i>Smilax</i> <i>tamnoides</i> L.,SPECIES,Smilacaceae,7702.0,Smilax,2740627.0,Smilax tamnoides,5295110.0,99,EXACT,2,2,Smilax tamnoides,Smilax,Smilax,Smilax
Ribes roezlii,2986198,Ribes roezlii,<i>Ribes</i> <i>roezlii</i> Regel,SPECIES,Grossulariaceae,2403.0,Ribes,2986095.0,Ribes roezlii,2986198.0,100,EXACT,2,2,Ribes roezlii,Ribes,Ribes,Ribes
Suaeda nigra,3083536,Suaeda nigra,<i>Suaeda</i> <i>nigra</i> (Raf.) J.F.Macbr.,SPECIES,Amaranthaceae,3064.0,Suaeda,7677792.0,Suaeda nigra,3083536.0,100,EXACT,2,2,Suaeda nigra,Suaeda,Suaeda,Suaeda
Erythronium multiscapideum,2752898,Erythronium multiscapideum,<i>Erythronium</i> <i>multiscapideum</i> (Kellogg) A.Nelson & P.B.Kenn.,SPECIES,Liliaceae,7699.0,Erythronium,2740136.0,Erythronium multiscapideum,2752898.0,100,EXACT,2,2,Erythronium multiscapideum,Erythronium,Erythronium,Erythronium
Rumex salicifolius,2888990,Rumex salicifolius,<i>Rumex</i> <i>salicifolius</i> Weinm.,SPECIES,Polygonaceae,2416.0,Rumex,2888942.0,Rumex salicifolius,2888990.0,99,EXACT,2,2,Rumex salicifolius,Rumex,Rumex,Rumex
Allium ampeloprasum,2856037,Allium ampeloprasum,<i>Allium</i> <i>ampeloprasum</i> L.,SPECIES,Amaryllidaceae,7682.0,Allium,9624496.0,Allium ampeloprasum,2856037.0,99,EXACT,2,2,Allium ampeloprasum,Allium,Allium,Allium
Vaccinium shastense,7936270,Vaccinium shastense,<i>Vaccinium</i> <i>shastense</i> J.K.Nelson & Lindstrand,SPECIES,Ericaceae,2505.0,Vaccinium,2882813.0,Vaccinium shastense,7936270.0,100,EXACT,2,2,Vaccinium shastense,Vaccinium,Vaccinium,Vaccinium
Zizania aquatica aquatica,7226842,Zizania aquatica aquatica,<i>Zizania</i> <i>aquatica</i> var. <i>aquatica</i>,VARIETY,Poaceae,3073.0,Zizania,2703227.0,Zizania aquatica,2703228.0,85,EXACT,3,3,Zizania aquatica aquatica,Zizania,Zizania,Zizania
Malvaviscus arboreus arboreus,6377387,Malvaviscus arboreus arboreus,<i>Malvaviscus</i> <i>arboreus</i> var. <i>arboreus</i>,VARIETY,Malvaceae,6685.0,Malvaviscus,3152774.0,Malvaviscus arboreus,3152775.0,85,EXACT,3,3,Malvaviscus arboreus arboreus,Malvaviscus,Malvaviscus,Malvaviscus
Quercus ellipsoidalis,2879276,Quercus ellipsoidalis,<i>Quercus</i> <i>ellipsoidalis</i> E.J.Hill,SPECIES,Fagaceae,4689.0,Quercus,2877951.0,Quercus ellipsoidalis,2879276.0,100,EXACT,2,2,Quercus ellipsoidalis,Quercus,Quercus,Quercus
Acorus americanus,2873771,Acorus americanus,<i>Acorus</i> <i>americanus</i> (Raf.) Raf.,SPECIES,Acoraceae,3719.0,Acorus,2730063.0,Acorus calamus,2873769.0,100,EXACT,2,2,Acorus americanus,Acorus,Acorus,Acorus
Lycopus europaeus,5341478,Lycopus europaeus,<i>Lycopus</i> <i>europaeus</i> L.,SPECIES,Lamiaceae,2497.0,Lycopus,2927122.0,Lycopus europaeus,5341478.0,99,EXACT,2,2,Lycopus europaeus,Lycopus,Lycopus,Lycopus
Vaccinium shastense nevadense,8073365,Vaccinium shastense nevadense,<i>Vaccinium</i> <i>shastense</i> subsp. <i>nevadense</i> J.K.Nelson & Lindstrand,SUBSPECIES,Ericaceae,2505.0,Vaccinium,2882813.0,Vaccinium shastense,7936270.0,88,EXACT,3,3,Vaccinium shastense nevadense,Vaccinium,Vaccinium,Vaccinium
Pinus leiophylla chihuahuana,5285527,Pinus leiophylla chihuahuana,<i>Pinus</i> <i>leiophylla</i> var. <i>chihuahuana</i> (Engelm.) Shaw,VARIETY,Pinaceae,3925.0,Pinus,2684241.0,Pinus leiophylla,5285511.0,85,EXACT,3,3,Pinus leiophylla chihuahuana,Pinus,Pinus,Pinus
Stellaria alsine,5384606,Stellaria alsine,<i>Stellaria</i> <i>alsine</i> Grimm,SPECIES,Caryophyllaceae,2518.0,Stellaria,3085667.0,Stellaria alsine,5384606.0,99,EXACT,2,2,Stellaria alsine,Stellaria,Stellaria,Stellaria
Pycnanthemum montanum,2927355,Pycnanthemum montanum,<i>Pycnanthemum</i> <i>montanum</i> Michx.,SPECIES,Lamiaceae,2497.0,Pycnanthemum,2927338.0,Pycnanthemum montanum,2927355.0,100,EXACT,2,2,Pycnanthemum montanum,Pycnanthemum,Pycnanthemum,Pycnanthemum
Vitis rotundifolia rotundifolia,7222052,Vitis rotundifolia rotundifolia,<i>Vitis</i> <i>rotundifolia</i> var. <i>rotundifolia</i>,VARIETY,Vitaceae,6672.0,Vitis,7467468.0,Vitis rotundifolia,5372394.0,88,EXACT,3,3,Vitis rotundifolia rotundifolia,Vitis,Vitis,Vitis
Rhus virens choriophylla,3662331,Rhus virens choriophylla,<i>Rhus</i> <i>virens</i> var. <i>choriophylla</i> (Wooton & Standl.) L.D.Benson,VARIETY,Anacardiaceae,2398.0,Rhus,3190534.0,Rhus choriophylla,3662688.0,84,EXACT,3,3,Rhus virens choriophylla,Rhus,Rhus,Rhus
Viola palustris palustris,7296370,Viola palustris palustris,<i>Viola</i> <i>palustris</i> subsp. <i>palustris</i>,SUBSPECIES,Violaceae,6631.0,Viola,2874237.0,Viola palustris,5331355.0,85,EXACT,3,3,Viola palustris palustris,Viola,Viola,Viola
Viola palmata,5331370,Viola palmata,<i>Viola</i> <i>palmata</i> L.,SPECIES,Violaceae,6631.0,Viola,2874237.0,Viola palmata,5331370.0,99,EXACT,2,2,Viola palmata,Viola,Viola,Viola
Lilium michauxii,2753428,Lilium michauxii,<i>Lilium</i> <i>michauxii</i> Poir.,SPECIES,Liliaceae,7699.0,Lilium,2752977.0,Lilium michauxii,2753428.0,100,EXACT,2,2,Lilium michauxii,Lilium,Lilium,Lilium
Viburnum nitidum,3855464,Viburnum nitidum,<i>Viburnum</i> <i>nitidum</i> Aiton,SPECIES,Viburnaceae,4924416.0,Viburnum,2888580.0,Viburnum cassinoides,6369862.0,100,EXACT,2,2,Viburnum nitidum,Viburnum,Viburnum,Viburnum
Pinus californiarum,5285503,Pinus californiarum,<i>Pinus</i> <i>californiarum</i> D.K.Bailey,SPECIES,Pinaceae,3925.0,Pinus,2684241.0,Pinus monophylla,5285501.0,100,EXACT,2,2,Pinus californiarum,Pinus,Pinus,Pinus
Viburnum tinus,2888585,Viburnum tinus,<i>Viburnum</i> <i>tinus</i> L.,SPECIES,Viburnaceae,4924416.0,Viburnum,2888580.0,Viburnum tinus,2888585.0,100,EXACT,2,2,Viburnum tinus,Viburnum,Viburnum,Viburnum
Cirsium grahamii,3112858,Cirsium grahamii,<i>Cirsium</i> <i>grahamii</i> A.Gray,SPECIES,Asteraceae,3065.0,Cirsium,3112554.0,Cirsium grahamii,3112858.0,100,EXACT,2,2,Cirsium grahamii,Cirsium,Cirsium,Cirsium
Wisteria floribunda,2977323,Wisteria floribunda,<i>Wisteria</i> <i>floribunda</i> (Willd.) DC.,SPECIES,Fabaceae,5386.0,Wisteria,2977309.0,Wisteria floribunda,2977323.0,99,EXACT,2,2,Wisteria floribunda,Wisteria,Wisteria,Wisteria
Allium marvinii,2857743,Allium marvinii,<i>Allium</i> <i>marvinii</i> Davidson,SPECIES,Amaryllidaceae,7682.0,Allium,9624496.0,Allium haematochiton,2857741.0,100,EXACT,2,2,Allium marvinii,Allium,Allium,Allium
Allium keeverae,10728948,Allium keeverae,"<i>Allium</i> <i>keeverae</i> D.B.Poind., Weakley & P.J.Williams",SPECIES,Amaryllidaceae,7682.0,Allium,9624496.0,Allium keeverae,10728948.0,100,EXACT,2,2,Allium keeverae,Allium,Allium,Allium
Allium bigelovii,3698013,Allium bigelovii,<i>Allium</i> <i>bigelovii</i> S.Watson,SPECIES,Amaryllidaceae,7682.0,Allium,9624496.0,Allium bigelovii,3698013.0,100,EXACT,2,2,Allium bigelovii,Allium,Allium,Allium
Rhus aromatica simplicifolia,3660013,Rhus aromatica simplicifolia,<i>Rhus</i> <i>aromatica</i> var. <i>simplicifolia</i> (Greene) Cronquist,VARIETY,Anacardiaceae,2398.0,Rhus,3190534.0,Rhus trilobata,3190562.0,84,EXACT,3,3,Rhus aromatica simplicifolia,Rhus,Rhus,Rhus
Lilium iridollae,2753379,Lilium iridollae,<i>Lilium</i> <i>iridollae</i> M.G.Henry,SPECIES,Liliaceae,7699.0,Lilium,2752977.0,Lilium iridollae,2753379.0,100,EXACT,2,2,Lilium iridollae,Lilium,Lilium,Lilium
Claytonia umbellata,3084768,Claytonia umbellata,<i>Claytonia</i> <i>umbellata</i> S.Watson,SPECIES,Montiaceae,4898338.0,Claytonia,3084729.0,Claytonia umbellata,3084768.0,99,EXACT,2,2,Claytonia umbellata,Claytonia,Claytonia,Claytonia
Lathyrus japonicus japonicus,7258891,Lathyrus japonicus japonicus,<i>Lathyrus</i> <i>japonicus</i> var. <i>japonicus</i>,VARIETY,Fabaceae,5386.0,Lathyrus,10356062.0,Lathyrus japonicus,5356714.0,85,EXACT,3,3,Lathyrus japonicus japonicus,Lathyrus,Lathyrus,Lathyrus
Rumex violascens,2888975,Rumex violascens,<i>Rumex</i> <i>violascens</i> Rech.fil.,SPECIES,Polygonaceae,2416.0,Rumex,2888942.0,Rumex violascens,2888975.0,100,EXACT,2,2,Rumex violascens,Rumex,Rumex,Rumex
Allium bolanderi,2856194,Allium bolanderi,<i>Allium</i> <i>bolanderi</i> S.Watson,SPECIES,Amaryllidaceae,7682.0,Allium,9624496.0,Allium bolanderi,2856194.0,100,EXACT,2,2,Allium bolanderi,Allium,Allium,Allium
Caltha palustris radicans,8380066,Caltha palustris radicans,<i>Caltha</i> <i>palustris</i> var. <i>radicans</i> (T.F.Forst.) Beck,VARIETY,Ranunculaceae,2410.0,Caltha,3033282.0,Caltha palustris,5371685.0,85,EXACT,3,3,Caltha palustris radicans,Caltha,Caltha,Caltha
Crataegus austromontana,3013495,Crataegus austromontana,<i>Crataegus</i> <i>austromontana</i> Beadle,SPECIES,Rosaceae,5015.0,Crataegus,3013395.0,Crataegus austromontana,3013495.0,100,EXACT,2,2,Crataegus austromontana,Crataegus,Crataegus,Crataegus
Cercis canadensis texensis,7598605,Cercis canadensis texensis,<i>Cercis</i> <i>canadensis</i> subsp. <i>texensis</i> (S.Watson) A.E.Murray,SUBSPECIES,Fabaceae,5386.0,Cercis,2955919.0,Cercis canadensis,5353583.0,85,EXACT,3,3,Cercis canadensis texensis,Cercis,Cercis,Cercis
Ribes oxyacanthoides,2986124,Ribes oxyacanthoides,<i>Ribes</i> <i>oxyacanthoides</i> L.,SPECIES,Grossulariaceae,2403.0,Ribes,2986095.0,Ribes oxyacanthoides,2986124.0,99,EXACT,2,2,Ribes oxyacanthoides,Ribes,Ribes,Ribes
Allium amplectens,2857894,Allium amplectens,<i>Allium</i> <i>amplectens</i> Torr.,SPECIES,Amaryllidaceae,7682.0,Allium,9624496.0,Allium amplectens,2857894.0,100,EXACT,2,2,Allium amplectens,Allium,Allium,Allium
Viburnum carlcephalum,8655746,Viburnum carlcephalum,<i>Viburnum</i> × <i>carlcephalum</i> Burkwood,SPECIES,Viburnaceae,4924416.0,Viburnum,2888580.0,Viburnum carlcephalum,8655746.0,99,EXACT,2,2,Viburnum carlcephalum,Viburnum,Viburnum,Viburnum
Cirsium perplexans,3112931,Cirsium perplexans,<i>Cirsium</i> <i>perplexans</i> (Rydb.) Petr.,SPECIES,Asteraceae,3065.0,Cirsium,3112554.0,Cirsium perplexans,3112931.0,99,EXACT,2,2,Cirsium perplexans,Cirsium,Cirsium,Cirsium
Yucca recurvifolia,2775677,Yucca recurvifolia,<i>Yucca</i> <i>recurvifolia</i> Salisb.,SPECIES,Asparagaceae,7683.0,Yucca,2775496.0,Yucca gloriosa,2775619.0,100,EXACT,2,2,Yucca recurvifolia,Yucca,Yucca,Yucca
Oxalis frutescens,2891719,Oxalis frutescens,<i>Oxalis</i> <i>frutescens</i> L.,SPECIES,Oxalidaceae,6697.0,Oxalis,2891642.0,Oxalis frutescens,2891719.0,99,EXACT,2,2,Oxalis frutescens,Oxalis,Oxalis,Oxalis
Cirsium culebraense,11464819,Cirsium culebraense,<i>Cirsium</i> <i>culebraense</i> Ackerf.,SPECIES,Asteraceae,3065.0,Cirsium,3112554.0,Cirsium culebraense,11464819.0,100,EXACT,2,2,Cirsium culebraense,Cirsium,Cirsium,Cirsium
Allium howellii clokeyi,2856793,Allium howellii clokeyi,<i>Allium</i> <i>howellii</i> var. <i>clokeyi</i> Ownbey & Aase ex Traub,VARIETY,Amaryllidaceae,7682.0,Allium,9624496.0,Allium howellii,2856788.0,87,EXACT,3,3,Allium howellii clokeyi,Allium,Allium,Allium
Viola sempervirens,5331332,Viola sempervirens,<i>Viola</i> <i>sempervirens</i> Greene,SPECIES,Violaceae,6631.0,Viola,2874237.0,Viola sempervirens,5331332.0,100,EXACT,2,2,Viola sempervirens,Viola,Viola,Viola
Mentha pulegium,2927189,Mentha pulegium,<i>Mentha</i> <i>pulegium</i> L.,SPECIES,Lamiaceae,2497.0,Mentha,2927173.0,Mentha pulegium,2927189.0,99,EXACT,2,2,Mentha pulegium,Mentha,Mentha,Mentha
Quercus agrifolia agrifolia,4274897,Quercus agrifolia agrifolia,<i>Quercus</i> <i>agrifolia</i> var. <i>agrifolia</i>,VARIETY,Fagaceae,4689.0,Quercus,2877951.0,Quercus agrifolia,2880791.0,88,EXACT,3,3,Quercus agrifolia agrifolia,Quercus,Quercus,Quercus
Tradescantia reverchonii,2765250,Tradescantia reverchonii,<i>Tradescantia</i> <i>reverchonii</i> Bush,SPECIES,Commelinaceae,2763195.0,Tradescantia,2765096.0,Tradescantia reverchonii,2765250.0,100,EXACT,2,2,Tradescantia reverchonii,Tradescantia,Tradescantia,Tradescantia
Cirsium canescens,3112906,Cirsium canescens,<i>Cirsium</i> <i>canescens</i> Nutt.,SPECIES,Asteraceae,3065.0,Cirsium,3112554.0,Cirsium canescens,3112906.0,99,EXACT,2,2,Cirsium canescens,Cirsium,Cirsium,Cirsium
Vitis rotundifolia munsoniana,5659023,Vitis rotundifolia munsoniana,<i>Vitis</i> <i>rotundifolia</i> var. <i>munsoniana</i> (Simpson ex Munson) M.O.Moore,VARIETY,Vitaceae,6672.0,Vitis,7467468.0,Vitis rotundifolia,5372394.0,88,EXACT,3,3,Vitis rotundifolia munsoniana,Vitis,Vitis,Vitis
Trillium tennesseense,9254522,Trillium tennesseense,<i>Trillium</i> <i>tennesseense</i> E.E.Schill. & Floden,SPECIES,Melanthiaceae,7700.0,Trillium,2742182.0,Trillium lancifolium,2742233.0,100,EXACT,2,2,Trillium tennesseense,Trillium,Trillium,Trillium
Rumex giganteus,2889028,Rumex giganteus,<i>Rumex</i> <i>giganteus</i> Aiton,SPECIES,Polygonaceae,2416.0,Rumex,2888942.0,Rumex giganteus,2889028.0,100,EXACT,2,2,Rumex giganteus,Rumex,Rumex,Rumex
Rubus pugnax,2997648,Rubus pugnax,<i>Rubus</i> <i>pugnax</i> L.H.Bailey,SPECIES,Rosaceae,5015.0,Rubus,2988638.0,Rubus pugnax,2997648.0,100,EXACT,2,2,Rubus pugnax,Rubus,Rubus,Rubus
Wisteria frutescens,2977310,Wisteria frutescens,<i>Wisteria</i> <i>frutescens</i> (L.) Poir.,SPECIES,Fabaceae,5386.0,Wisteria,2977309.0,Wisteria frutescens,2977310.0,100,EXACT,2,2,Wisteria frutescens,Wisteria,Wisteria,Wisteria
Clinopodium brownei,2926921,Clinopodium brownei,<i>Clinopodium</i> <i>brownei</i> (Sw.) Kuntze,SPECIES,Lamiaceae,2497.0,Clinopodium,2926907.0,Clinopodium brownei,2926921.0,100,EXACT,2,2,Clinopodium brownei,Clinopodium,Clinopodium,Clinopodium
Vicia tenuifolia,2975188,Vicia tenuifolia,<i>Vicia</i> <i>tenuifolia</i> Roth,SPECIES,Fabaceae,5386.0,Vicia,2974751.0,Vicia tenuifolia,2975188.0,99,EXACT,2,2,Vicia tenuifolia,Vicia,Vicia,Vicia
Salicornia rubra,5383950,Salicornia rubra,<i>Salicornia</i> <i>rubra</i> A.Nelson,SPECIES,Amaranthaceae,3064.0,Salicornia,3083796.0,Salicornia rubra,5383950.0,100,EXACT,2,2,Salicornia rubra,Salicornia,Salicornia,Salicornia
Quercus cerris,2880580,Quercus cerris,<i>Quercus</i> <i>cerris</i> L.,SPECIES,Fagaceae,4689.0,Quercus,2877951.0,Quercus cerris,2880580.0,99,EXACT,2,2,Quercus cerris,Quercus,Quercus,Quercus
Arctostaphylos uva-ursi leobreweri,2882591,Arctostaphylos uva-ursi leobreweri,<i>Arctostaphylos</i> <i>uva-ursi</i> var. <i>leobreweri</i> Roof,VARIETY,Ericaceae,2505.0,Arctostaphylos,2882486.0,Arctostaphylos uva-ursi,2882580.0,84,EXACT,3,3,Arctostaphylos uva-ursi leobreweri,Arctostaphylos,Arctostaphylos,Arctostaphylos
Cirsium remotifolium rivulare,4219554,Cirsium remotifolium rivulare,<i>Cirsium</i> <i>remotifolium</i> var. <i>rivulare</i> Jeps.,VARIETY,Asteraceae,3065.0,Cirsium,3112554.0,Cirsium remotifolium,3113736.0,88,EXACT,3,3,Cirsium remotifolium rivulare,Cirsium,Cirsium,Cirsium
Prunus pensylvanica pensylvanica,6560031,Prunus pensylvanica pensylvanica,<i>Prunus</i> <i>pensylvanica</i> subsp. <i>pensylvanica</i>,SUBSPECIES,Rosaceae,5015.0,Prunus,3020559.0,Prunus pensylvanica,8202030.0,84,EXACT,3,3,Prunus pensylvanica pensylvanica,Prunus,Prunus,Prunus
Lilium columbianum,2753524,Lilium columbianum,<i>Lilium</i> <i>columbianum</i> Leichtlin,SPECIES,Liliaceae,7699.0,Lilium,2752977.0,Lilium columbianum,2753524.0,99,EXACT,2,2,Lilium columbianum,Lilium,Lilium,Lilium
Viola renifolia,5331273,Viola renifolia,<i>Viola</i> <i>renifolia</i> A.Gray,SPECIES,Violaceae,6631.0,Viola,2874237.0,Viola renifolia,5331273.0,100,EXACT,2,2,Viola renifolia,Viola,Viola,Viola
Tradescantia virginiana,2765272,Tradescantia virginiana,<i>Tradescantia</i> <i>virginiana</i> L.,SPECIES,Commelinaceae,2763195.0,Tradescantia,2765096.0,Tradescantia virginiana,2765272.0,100,EXACT,2,2,Tradescantia virginiana,Tradescantia,Tradescantia,Tradescantia
Ceanothus cuneatus ramulosus,3875193,Ceanothus cuneatus ramulosus,<i>Ceanothus</i> <i>cuneatus</i> var. <i>ramulosus</i> Greene,VARIETY,Rhamnaceae,2407.0,Ceanothus,3039297.0,Ceanothus cuneatus,3039404.0,88,EXACT,3,3,Ceanothus cuneatus ramulosus,Ceanothus,Ceanothus,Ceanothus
Viburnum lantana,2888615,Viburnum lantana,<i>Viburnum</i> <i>lantana</i> L.,SPECIES,Viburnaceae,4924416.0,Viburnum,2888580.0,Viburnum lantana,2888615.0,99,EXACT,2,2,Viburnum lantana,Viburnum,Viburnum,Viburnum
Camassia quamash breviflora,2769105,Camassia quamash breviflora,<i>Camassia</i> <i>quamash</i> subsp. <i>breviflora</i> Gould,SUBSPECIES,Asparagaceae,7683.0,Camassia,2769068.0,Camassia quamash,2769084.0,85,EXACT,3,3,Camassia quamash breviflora,Camassia,Camassia,Camassia
Monarda fistulosa menthifolia,5605437,Monarda fistulosa menthifolia,<i>Monarda</i> <i>fistulosa</i> var. <i>menthifolia</i> (Graham) Fernald,VARIETY,Lamiaceae,2497.0,Monarda,2926838.0,Monarda fistulosa,5341411.0,85,EXACT,3,3,Monarda fistulosa menthifolia,Monarda,Monarda,Monarda
Hypericum ascyron pyramidatum,3715292,Hypericum ascyron pyramidatum,<i>Hypericum</i> <i>ascyron</i> subsp. <i>pyramidatum</i> (Dryand. ex Aiton) N.Robson,SUBSPECIES,Hypericaceae,4900406.0,Hypericum,3189452.0,Hypericum ascyron,3189479.0,88,EXACT,3,3,Hypericum ascyron pyramidatum,Hypericum,Hypericum,Hypericum
Rubus arcticus stellatus,6369034,Rubus arcticus stellatus,<i>Rubus</i> <i>arcticus</i> subsp. <i>stellatus</i> (Sm.) Boivin,SUBSPECIES,Rosaceae,5015.0,Rubus,2988638.0,Rubus arcticus,2992051.0,85,EXACT,3,3,Rubus arcticus stellatus,Rubus,Rubus,Rubus
Crataegus castlegarensis,3016092,Crataegus castlegarensis,<i>Crataegus</i> <i>castlegarensis</i> J.B.Phipps & O'Kennon,SPECIES,Rosaceae,5015.0,Crataegus,3013395.0,Crataegus castlegarensis,3016092.0,100,EXACT,2,2,Crataegus castlegarensis,Crataegus,Crataegus,Crataegus
Crataegus chrysocarpa chrysocarpa,7219969,Crataegus chrysocarpa chrysocarpa,<i>Crataegus</i> <i>chrysocarpa</i> var. <i>chrysocarpa</i>,VARIETY,Rosaceae,5015.0,Crataegus,3013395.0,Crataegus chrysocarpa,3015853.0,85,EXACT,3,3,Crataegus chrysocarpa chrysocarpa,Crataegus,Crataegus,Crataegus
Portulaca oleracea oleracea,6388110,Portulaca oleracea oleracea,"<i>Portulaca</i> <i>oleracea</i> subsp. <i>oleracea</i> Linnaeus, 1753",SUBSPECIES,Portulacaceae,6717.0,Portulaca,3084696.0,Portulaca oleracea,3084719.0,85,EXACT,3,3,Portulaca oleracea oleracea,Portulaca,Portulaca,Portulaca
Erythronium americanum,2752815,Erythronium americanum,<i>Erythronium</i> <i>americanum</i> Ker Gawl.,SPECIES,Liliaceae,7699.0,Erythronium,2740136.0,Erythronium americanum,2752815.0,99,EXACT,2,2,Erythronium americanum,Erythronium,Erythronium,Erythronium
Vicia grandiflora,2974901,Vicia grandiflora,<i>Vicia</i> <i>grandiflora</i> Scop.,SPECIES,Fabaceae,5386.0,Vicia,2974751.0,Vicia grandiflora,2974901.0,99,EXACT,2,2,Vicia grandiflora,Vicia,Vicia,Vicia
Cirsium wheeleri,3112670,Cirsium wheeleri,<i>Cirsium</i> <i>wheeleri</i> (A.Gray) Petr.,SPECIES,Asteraceae,3065.0,Cirsium,3112554.0,Cirsium wheeleri,3112670.0,100,EXACT,2,2,Cirsium wheeleri,Cirsium,Cirsium,Cirsium
Ceanothus maritimus,3039393,Ceanothus maritimus,<i>Ceanothus</i> <i>maritimus</i> Hoover,SPECIES,Rhamnaceae,2407.0,Ceanothus,3039297.0,Ceanothus maritimus,3039393.0,100,EXACT,2,2,Ceanothus maritimus,Ceanothus,Ceanothus,Ceanothus
Physalis cinerascens spathulifolia,5581432,Physalis cinerascens spathulifolia,<i>Physalis</i> <i>cinerascens</i> var. <i>spathulifolia</i> (Torr.) J.R.Sullivan,VARIETY,Solanaceae,7717.0,Physalis,2928907.0,Physalis cinerascens,5341768.0,88,EXACT,3,3,Physalis cinerascens spathulifolia,Physalis,Physalis,Physalis
Quercus marilandica marilandica,2881630,Quercus marilandica,<i>Quercus</i> <i>marilandica</i> (L.) Münchh.,SPECIES,Fagaceae,4689.0,Quercus,2877951.0,Quercus marilandica,2881630.0,100,HIGHERRANK,3,2,Quercus marilandica,Quercus,Quercus,Quercus
Ceanothus arcuatus,10527561,Ceanothus arcuatus,<i>Ceanothus</i> × <i>arcuatus</i> Mc Minn,SPECIES,Rhamnaceae,2407.0,Ceanothus,3039297.0,Ceanothus arcuatus,10527561.0,99,EXACT,2,2,Ceanothus arcuatus,Ceanothus,Ceanothus,Ceanothus
Claytonia exigua glauca,4022126,Claytonia exigua glauca,<i>Claytonia</i> <i>exigua</i> subsp. <i>glauca</i> (Nutt. ex Torr. & A.Gray) John M.Mill. & K.L.Chambers,SUBSPECIES,Montiaceae,4898338.0,Claytonia,3084729.0,Claytonia exigua,3084730.0,88,EXACT,3,3,Claytonia exigua glauca,Claytonia,Claytonia,Claytonia
Cirsium scariosum scariosum,7066689,Cirsium scariosum scariosum,<i>Cirsium</i> <i>scariosum</i> var. <i>scariosum</i>,VARIETY,Asteraceae,3065.0,Cirsium,3112554.0,Cirsium scariosum,3113127.0,88,EXACT,3,3,Cirsium scariosum scariosum,Cirsium,Cirsium,Cirsium
Quercus intricata,2879547,Quercus intricata,<i>Quercus</i> <i>intricata</i> Trel.,SPECIES,Fagaceae,4689.0,Quercus,2877951.0,Quercus intricata,2879547.0,100,EXACT,2,2,Quercus intricata,Quercus,Quercus,Quercus
Acorus calamus angustatus,2873796,Acorus calamus angustatus,<i>Acorus</i> <i>calamus</i> var. <i>angustatus</i> Besser,VARIETY,Acoraceae,3719.0,Acorus,2730063.0,Acorus calamus,2873769.0,88,EXACT,3,3,Acorus calamus angustatus,Acorus,Acorus,Acorus
Crataegus pisifera,3016153,Crataegus pisifera,<i>Crataegus</i> <i>pisifera</i> Sarg.,SPECIES,Rosaceae,5015.0,Crataegus,3013395.0,Crataegus succulenta,3016137.0,100,EXACT,2,2,Crataegus pisifera,Crataegus,Crataegus,Crataegus
Viola epipsiloides,5663752,Viola epipsiloides,<i>Viola</i> <i>epipsiloides</i> Á.Löve & D.Löve,SPECIES,Violaceae,6631.0,Viola,2874237.0,Viola epipsila,5331391.0,100,EXACT,2,2,Viola epipsiloides,Viola,Viola,Viola
Cylindropuntia imbricata imbricata,7282635,Cylindropuntia imbricata imbricata,<i>Cylindropuntia</i> <i>imbricata</i> subsp. <i>imbricata</i>,SUBSPECIES,Cactaceae,2519.0,Cylindropuntia,7628502.0,Cylindropuntia imbricata,6381277.0,85,EXACT,3,3,Cylindropuntia imbricata imbricata,Cylindropuntia,Cylindropuntia,Cylindropuntia
Cirsium rhothophilum,3113056,Cirsium rhothophilum,<i>Cirsium</i> <i>rhothophilum</i> S.F.Blake,SPECIES,Asteraceae,3065.0,Cirsium,3112554.0,Cirsium rhothophilum,3113056.0,100,EXACT,2,2,Cirsium rhothophilum,Cirsium,Cirsium,Cirsium
Trillium flexipes,2742422,Trillium flexipes,<i>Trillium</i> <i>flexipes</i> Raf.,SPECIES,Melanthiaceae,7700.0,Trillium,2742182.0,Trillium flexipes,2742422.0,100,EXACT,2,2,Trillium flexipes,Trillium,Trillium,Trillium
Quercus durata gabrielensis,2879928,Quercus durata gabrielensis,<i>Quercus</i> <i>durata</i> var. <i>gabrielensis</i> Nixon & C.H.Müll.,VARIETY,Fagaceae,4689.0,Quercus,2877951.0,Quercus durata,2879923.0,88,EXACT,3,3,Quercus durata gabrielensis,Quercus,Quercus,Quercus
Ceanothus thyrsiflorus,3039379,Ceanothus thyrsiflorus,<i>Ceanothus</i> <i>thyrsiflorus</i> Eschw.,SPECIES,Rhamnaceae,2407.0,Ceanothus,3039297.0,Ceanothus thyrsiflorus,3039379.0,100,EXACT,2,2,Ceanothus thyrsiflorus,Ceanothus,Ceanothus,Ceanothus
Sanicula arctopoides,3034853,Sanicula arctopoides,<i>Sanicula</i> <i>arctopoides</i> Hook. & Arn.,SPECIES,Apiaceae,6720.0,Sanicula,3034831.0,Sanicula arctopoides,3034853.0,100,EXACT,2,2,Sanicula arctopoides,Sanicula,Sanicula,Sanicula
Pycnanthemum curvipes,2927339,Pycnanthemum curvipes,<i>Pycnanthemum</i> <i>curvipes</i> (Greene) E.Grant & Epling,SPECIES,Lamiaceae,2497.0,Pycnanthemum,2927338.0,Pycnanthemum curvipes,2927339.0,100,EXACT,2,2,Pycnanthemum curvipes,Pycnanthemum,Pycnanthemum,Pycnanthemum
Malus ioensis,3001596,Malus ioensis,<i>Malus</i> <i>ioensis</i> (Alph.Wood) Britton,SPECIES,Rosaceae,5015.0,Malus,3001068.0,Malus ioensis,3001596.0,100,EXACT,2,2,Malus ioensis,Malus,Malus,Malus
Rubus fraxinifolius,2991951,Rubus fraxinifolius,<i>Rubus</i> <i>fraxinifolius</i> Poir.,SPECIES,Rosaceae,5015.0,Rubus,2988638.0,Rubus fraxinifolius,2991951.0,100,EXACT,2,2,Rubus fraxinifolius,Rubus,Rubus,Rubus
Viola canadensis scopulorum,5664111,Viola canadensis scopulorum,<i>Viola</i> <i>canadensis</i> var. <i>scopulorum</i> A.Gray,VARIETY,Violaceae,6631.0,Viola,2874237.0,Viola scopulorum,5665116.0,84,EXACT,3,3,Viola canadensis scopulorum,Viola,Viola,Viola
Quercus × deamii,2880125,Quercus deamii,<i>Quercus</i> × <i>deamii</i> Trel.,SPECIES,Fagaceae,4689.0,Quercus,2877951.0,Quercus deamii,2880125.0,100,EXACT,3,2,Quercus deamii,Quercus,Quercus,Quercus
Fallopia cristata,5652270,Fallopia cristata,<i>Fallopia</i> <i>cristata</i> (Engelm. ex A.Gray) Holub,SPECIES,Polygonaceae,2416.0,Fallopia,2889418.0,Fallopia scandens,5652201.0,100,EXACT,2,2,Fallopia cristata,Fallopia,Fallopia,Fallopia
Stellaria alaskana,5384644,Stellaria alaskana,<i>Stellaria</i> <i>alaskana</i> Hultén,SPECIES,Caryophyllaceae,2518.0,Stellaria,3085667.0,Stellaria alaskana,5384644.0,100,EXACT,2,2,Stellaria alaskana,Stellaria,Stellaria,Stellaria
Trifolium pratense sativum,5358798,Trifolium pratense sativum,<i>Trifolium</i> <i>pratense</i> var. <i>sativum</i> Schreb.,VARIETY,Fabaceae,5386.0,Trifolium,2973363.0,Trifolium pratense,8324121.0,85,EXACT,3,3,Trifolium pratense sativum,Trifolium,Trifolium,Trifolium
Barbarea vulgaris vulgaris,8560535,Barbarea vulgaris vulgaris,<i>Barbarea</i> <i>vulgaris</i> var. <i>vulgaris</i>,VARIETY,Brassicaceae,3112.0,Barbarea,8370997.0,Barbarea vulgaris,7941223.0,85,EXACT,3,3,Barbarea vulgaris vulgaris,Barbarea,Barbarea,Barbarea
Fallopia convolvulus,6391461,Fallopia convolvulus,<i>Fallopia</i> <i>convolvulus</i> (L.) Á.Löve,SPECIES,Polygonaceae,2416.0,Fallopia,2889418.0,Fallopia convolvulus,6391461.0,100,EXACT,2,2,Fallopia convolvulus,Fallopia,Fallopia,Fallopia
Maianthemum racemosum racemosum,7228120,Maianthemum racemosum racemosum,<i>Maianthemum</i> <i>racemosum</i> subsp. <i>racemosum</i>,SUBSPECIES,Asparagaceae,7683.0,Maianthemum,9608430.0,Maianthemum racemosum,2769457.0,88,EXACT,3,3,Maianthemum racemosum racemosum,Maianthemum,Maianthemum,Maianthemum
Prunus serotina serotina,6620105,Prunus serotina serotina,<i>Prunus</i> <i>serotina</i> var. <i>serotina</i>,VARIETY,Rosaceae,5015.0,Prunus,3020559.0,Prunus serotina,3021850.0,85,EXACT,3,3,Prunus serotina serotina,Prunus,Prunus,Prunus
Hesperis matronalis matronalis,7225626,Hesperis matronalis matronalis,"<i>Hesperis</i> <i>matronalis</i> subsp. <i>matronalis</i> Linnaeus, 1753",SUBSPECIES,Brassicaceae,3112.0,Hesperis,3042187.0,Hesperis matronalis,3042291.0,85,EXACT,3,3,Hesperis matronalis matronalis,Hesperis,Hesperis,Hesperis
Allium cratericola,2857370,Allium cratericola,<i>Allium</i> <i>cratericola</i> Eastw.,SPECIES,Amaryllidaceae,7682.0,Allium,9624496.0,Allium cratericola,2857370.0,100,EXACT,2,2,Allium cratericola,Allium,Allium,Allium
Camassia cusickii,2769078,Camassia cusickii,<i>Camassia</i> <i>cusickii</i> S.Watson,SPECIES,Asparagaceae,7683.0,Camassia,2769068.0,Camassia cusickii,2769078.0,100,EXACT,2,2,Camassia cusickii,Camassia,Camassia,Camassia
Ribes oxyacanthoides hendersonii,4194283,Ribes oxyacanthoides hendersonii,<i>Ribes</i> <i>oxyacanthoides</i> subsp. <i>hendersonii</i> (C.L.Hitchc.) Q.P.Sinnott,SUBSPECIES,Grossulariaceae,2403.0,Ribes,2986095.0,Ribes oxyacanthoides,2986124.0,85,EXACT,3,3,Ribes oxyacanthoides hendersonii,Ribes,Ribes,Ribes
Allium lacunosum micranthum,2857754,Allium lacunosum micranthum,<i>Allium</i> <i>lacunosum</i> var. <i>micranthum</i> Eastw.,VARIETY,Amaryllidaceae,7682.0,Allium,9624496.0,Allium lacunosum,2857752.0,88,EXACT,3,3,Allium lacunosum micranthum,Allium,Allium,Allium
Sonchus asper asper,11374076,Sonchus asper asper,"<i>Sonchus</i> <i>asper</i> subsp. <i>asper</i> (Linnaeus, 1753)",SUBSPECIES,Asteraceae,3065.0,Sonchus,3105646.0,Sonchus asper,3105782.0,85,EXACT,3,3,Sonchus asper asper,Sonchus,Sonchus,Sonchus
Ribes malvaceum,2986101,Ribes malvaceum,<i>Ribes</i> <i>malvaceum</i> Sm.,SPECIES,Grossulariaceae,2403.0,Ribes,2986095.0,Ribes malvaceum,2986101.0,100,EXACT,2,2,Ribes malvaceum,Ribes,Ribes,Ribes
Pinus serotina,5285602,Pinus serotina,<i>Pinus</i> <i>serotina</i> Michx.,SPECIES,Pinaceae,3925.0,Pinus,2684241.0,Pinus serotina,5285602.0,100,EXACT,2,2,Pinus serotina,Pinus,Pinus,Pinus
Trillium ovatum ovatum,7227512,Trillium ovatum ovatum,<i>Trillium</i> <i>ovatum</i> var. <i>ovatum</i>,VARIETY,Melanthiaceae,7700.0,Trillium,2742182.0,Trillium ovatum,2742413.0,85,EXACT,3,3,Trillium ovatum ovatum,Trillium,Trillium,Trillium
Erythronium rostratum,2752896,Erythronium rostratum,<i>Erythronium</i> <i>rostratum</i> W.Wolf,SPECIES,Liliaceae,7699.0,Erythronium,2740136.0,Erythronium rostratum,2752896.0,100,EXACT,2,2,Erythronium rostratum,Erythronium,Erythronium,Erythronium
Rubus multifer,2992089,Rubus multifer,<i>Rubus</i> <i>multifer</i> L.H.Bailey,SPECIES,Rosaceae,5015.0,Rubus,2988638.0,Rubus multifer,2992089.0,100,EXACT,2,2,Rubus multifer,Rubus,Rubus,Rubus
Crataegus macrosperma,3014896,Crataegus macrosperma,<i>Crataegus</i> <i>macrosperma</i> Ashe,SPECIES,Rosaceae,5015.0,Crataegus,3013395.0,Crataegus macrosperma,3014896.0,100,EXACT,2,2,Crataegus macrosperma,Crataegus,Crataegus,Crataegus
Eryngium yuccifolium synchaetum,3640885,Eryngium yuccifolium synchaetum,<i>Eryngium</i> <i>yuccifolium</i> var. <i>synchaetum</i> A.Gray ex J.M.Coult. & Rose,VARIETY,Apiaceae,6720.0,Eryngium,3034387.0,Eryngium yuccifolium,3034408.0,85,EXACT,3,3,Eryngium yuccifolium synchaetum,Eryngium,Eryngium,Eryngium
Vicia floridana,2974912,Vicia floridana,<i>Vicia</i> <i>floridana</i> S.Watson,SPECIES,Fabaceae,5386.0,Vicia,2974751.0,Vicia floridana,2974912.0,100,EXACT,2,2,Vicia floridana,Vicia,Vicia,Vicia
Cirsium tracyi,3113340,Cirsium tracyi,<i>Cirsium</i> <i>tracyi</i> (Rydb.) Petr.,SPECIES,Asteraceae,3065.0,Cirsium,3112554.0,Cirsium tracyi,3113340.0,99,EXACT,2,2,Cirsium tracyi,Cirsium,Cirsium,Cirsium
Betula papyrifera papyrifera,7226601,Betula papyrifera papyrifera,<i>Betula</i> <i>papyrifera</i> var. <i>papyrifera</i>,VARIETY,Betulaceae,4688.0,Betula,2875008.0,Betula papyrifera,5332120.0,84,EXACT,3,3,Betula papyrifera papyrifera,Betula,Betula,Betula
Allium gooddingii,2857880,Allium gooddingii,<i>Allium</i> <i>gooddingii</i> Ownbey,SPECIES,Amaryllidaceae,7682.0,Allium,9624496.0,Allium gooddingii,2857880.0,100,EXACT,2,2,Allium gooddingii,Allium,Allium,Allium
Physalis lagascae,5341775,Physalis lagascae,<i>Physalis</i> <i>lagascae</i> Roem. & Schult.,SPECIES,Solanaceae,7717.0,Physalis,2928907.0,Physalis lagascae,5341775.0,100,EXACT,2,2,Physalis lagascae,Physalis,Physalis,Physalis
Allium flavum,2856261,Allium flavum,<i>Allium</i> <i>flavum</i> L.,SPECIES,Amaryllidaceae,7682.0,Allium,9624496.0,Allium flavum,2856261.0,99,EXACT,2,2,Allium flavum,Allium,Allium,Allium
Fallopia scandens,5652201,Fallopia scandens,<i>Fallopia</i> <i>scandens</i> (L.) Holub,SPECIES,Polygonaceae,2416.0,Fallopia,2889418.0,Fallopia scandens,5652201.0,100,EXACT,2,2,Fallopia scandens,Fallopia,Fallopia,Fallopia
Lycopus amplectens,5341471,Lycopus amplectens,<i>Lycopus</i> <i>amplectens</i> Raf.,SPECIES,Lamiaceae,2497.0,Lycopus,2927122.0,Lycopus amplectens,5341471.0,100,EXACT,2,2,Lycopus amplectens,Lycopus,Lycopus,Lycopus
Sanicula arguta,3034832,Sanicula arguta,<i>Sanicula</i> <i>arguta</i> Greene ex J.M.Coult. & Rose,SPECIES,Apiaceae,6720.0,Sanicula,3034831.0,Sanicula arguta,3034832.0,99,EXACT,2,2,Sanicula arguta,Sanicula,Sanicula,Sanicula
Plantago maritima juncoides,4156211,Plantago maritima juncoides,<i>Plantago</i> <i>maritima</i> var. <i>juncoides</i> (Lam.) A.Gray,VARIETY,Plantaginaceae,2420.0,Plantago,3189695.0,Plantago maritima,3189755.0,84,EXACT,3,3,Plantago maritima juncoides,Plantago,Plantago,Plantago
Claytonia megarhiza nivalis,4023382,Claytonia megarhiza nivalis,<i>Claytonia</i> <i>megarhiza</i> var. <i>nivalis</i> (English) C.L.Hitchc.,VARIETY,Montiaceae,4898338.0,Claytonia,3084729.0,Claytonia megarhiza,3084735.0,88,EXACT,3,3,Claytonia megarhiza nivalis,Claytonia,Claytonia,Claytonia
Viola egglestonii,5331322,Viola egglestonii,<i>Viola</i> <i>egglestonii</i> Brainerd,SPECIES,Violaceae,6631.0,Viola,2874237.0,Viola egglestonii,5331322.0,100,EXACT,2,2,Viola egglestonii,Viola,Viola,Viola
Rumex obtusifolius obtusifolius,7344611,Rumex obtusifolius obtusifolius,"<i>Rumex</i> <i>obtusifolius</i> subsp. <i>obtusifolius</i> Linnaeus, 1753",SUBSPECIES,Polygonaceae,2416.0,Rumex,2888942.0,Rumex obtusifolius,2889011.0,85,EXACT,3,3,Rumex obtusifolius obtusifolius,Rumex,Rumex,Rumex
Ceanothus americanus pitcheri,3039319,Ceanothus americanus pitcheri,<i>Ceanothus</i> <i>americanus</i> var. <i>pitcheri</i> Torr. & A.Gray,VARIETY,Rhamnaceae,2407.0,Ceanothus,3039297.0,Ceanothus americanus,3039318.0,88,EXACT,3,3,Ceanothus americanus pitcheri,Ceanothus,Ceanothus,Ceanothus
Pinus mugo,5285385,Pinus mugo,<i>Pinus</i> <i>mugo</i> Turra,SPECIES,Pinaceae,3925.0,Pinus,2684241.0,Pinus mugo,5285385.0,100,EXACT,2,2,Pinus mugo,Pinus,Pinus,Pinus
Astragalus crassicarpus cavus,5343644,Astragalus crassicarpus cavus,<i>Astragalus</i> <i>crassicarpus</i> var. <i>cavus</i> Barneby,VARIETY,Fabaceae,5386.0,Astragalus,2933951.0,Astragalus crassicarpus,5343637.0,88,EXACT,3,3,Astragalus crassicarpus cavus,Astragalus,Astragalus,Astragalus
Viola × cordifolia,9196003,Viola cordifolia,<i>Viola</i> × <i>cordifolia</i> (Nutt.) Schwein.,SPECIES,Violaceae,6631.0,Viola,2874237.0,Viola cordifolia,9196003.0,99,EXACT,3,2,Viola cordifolia,Viola,Viola,Viola
Viola rostrata,5331225,Viola rostrata,<i>Viola</i> <i>rostrata</i> Pursh,SPECIES,Violaceae,6631.0,Viola,2874237.0,Viola rostrata,5331225.0,99,EXACT,2,2,Viola rostrata,Viola,Viola,Viola
Crataegus marshallii,3014468,Crataegus marshallii,<i>Crataegus</i> <i>marshallii</i> Eggl.,SPECIES,Rosaceae,5015.0,Crataegus,3013395.0,Crataegus marshallii,3014468.0,100,EXACT,2,2,Crataegus marshallii,Crataegus,Crataegus,Crataegus
Pinus flexilis,5285551,Pinus flexilis,<i>Pinus</i> <i>flexilis</i> E.James,SPECIES,Pinaceae,3925.0,Pinus,2684241.0,Pinus flexilis,5285551.0,100,EXACT,2,2,Pinus flexilis,Pinus,Pinus,Pinus
Lactuca virosa,3140346,Lactuca virosa,<i>Lactuca</i> <i>virosa</i> L.,SPECIES,Asteraceae,3065.0,Lactuca,3140231.0,Lactuca virosa,3140346.0,99,EXACT,2,2,Lactuca virosa,Lactuca,Lactuca,Lactuca
Hesperis matronalis candida,3042312,Hesperis matronalis candida,<i>Hesperis</i> <i>matronalis</i> subsp. <i>candida</i> (Kit.) Hegi & Em.Schmid,SUBSPECIES,Brassicaceae,3112.0,Hesperis,3042187.0,Hesperis matronalis,3042291.0,85,EXACT,3,3,Hesperis matronalis candida,Hesperis,Hesperis,Hesperis
Quercus × bushii,2879053,Quercus bushii,<i>Quercus</i> × <i>bushii</i> Sarg.,SPECIES,Fagaceae,4689.0,Quercus,2877951.0,Quercus bushii,2879053.0,100,EXACT,3,2,Quercus bushii,Quercus,Quercus,Quercus
Phlox pilosa deamii,4274753,Phlox pilosa deamii,<i>Phlox</i> <i>pilosa</i> subsp. <i>deamii</i> D.A.Levin,SUBSPECIES,Polemoniaceae,6648.0,Phlox,2927698.0,Phlox pilosa,2927734.0,88,EXACT,3,3,Phlox pilosa deamii,Phlox,Phlox,Phlox
Athyrium filix-femina filix-femina,7289067,Athyrium filix-femina filix-femina,<i>Athyrium</i> <i>filix-femina</i> subsp. <i>filix-femina</i>,SUBSPECIES,Athyriaceae,4922264.0,Athyrium,2650888.0,Athyrium filix-femina,5275044.0,85,EXACT,3,3,Athyrium filix-femina filix-femina,Athyrium,Athyrium,Athyrium
Ribes malvaceum malvaceum,7095863,Ribes malvaceum malvaceum,<i>Ribes</i> <i>malvaceum</i> var. <i>malvaceum</i>,VARIETY,Grossulariaceae,2403.0,Ribes,2986095.0,Ribes malvaceum,2986101.0,88,EXACT,3,3,Ribes malvaceum malvaceum,Ribes,Ribes,Ribes
Rapistrum rugosum,5373368,Rapistrum rugosum,<i>Rapistrum</i> <i>rugosum</i> (L.) All.,SPECIES,Brassicaceae,3112.0,Rapistrum,8306649.0,Rapistrum rugosum,5373368.0,99,EXACT,2,2,Rapistrum rugosum,Rapistrum,Rapistrum,Rapistrum
Quercus welshii,2877975,Quercus welshii,<i>Quercus</i> <i>welshii</i> R.A.Denham,SPECIES,Fagaceae,4689.0,Quercus,2877951.0,Quercus welshii,2877975.0,100,EXACT,2,2,Quercus welshii,Quercus,Quercus,Quercus
Ceanothus papillosus,3039343,Ceanothus papillosus,<i>Ceanothus</i> <i>papillosus</i> Torr. & A.Gray,SPECIES,Rhamnaceae,2407.0,Ceanothus,3039297.0,Ceanothus papillosus,3039343.0,100,EXACT,2,2,Ceanothus papillosus,Ceanothus,Ceanothus,Ceanothus
Ceanothus ferrisiae,10356434,Ceanothus ferrisiae,<i>Ceanothus</i> <i>ferrisiae</i> Mc Minn,SPECIES,Rhamnaceae,2407.0,Ceanothus,3039297.0,Ceanothus ferrisiae,10356434.0,99,EXACT,2,2,Ceanothus ferrisiae,Ceanothus,Ceanothus,Ceanothus
Comandra umbellata umbellata,7222040,Comandra umbellata umbellata,<i>Comandra</i> <i>umbellata</i> subsp. <i>umbellata</i>,SUBSPECIES,Comandraceae,4936000.0,Comandra,2889776.0,Comandra umbellata,2889777.0,85,EXACT,3,3,Comandra umbellata umbellata,Comandra,Comandra,Comandra
Cirsium hydrophilum hydrophilum,4274472,Cirsium hydrophilum hydrophilum,<i>Cirsium</i> <i>hydrophilum</i> var. <i>hydrophilum</i>,VARIETY,Asteraceae,3065.0,Cirsium,3112554.0,Cirsium hydrophilum,3112555.0,88,EXACT,3,3,Cirsium hydrophilum hydrophilum,Cirsium,Cirsium,Cirsium
Rubus uniformis,2991959,Rubus uniformis,<i>Rubus</i> <i>uniformis</i> L.H.Bailey,SPECIES,Rosaceae,5015.0,Rubus,2988638.0,Rubus uniformis,2991959.0,100,EXACT,2,2,Rubus uniformis,Rubus,Rubus,Rubus
Carduus nutans nutans,7066712,Carduus nutans nutans,<i>Carduus</i> <i>nutans</i> subsp. <i>nutans</i>,SUBSPECIES,Asteraceae,3065.0,Carduus,3114511.0,Carduus nutans,8185959.0,85,EXACT,3,3,Carduus nutans nutans,Carduus,Carduus,Carduus
Allium fimbriatum mohavense,2856837,Allium fimbriatum mohavense,<i>Allium</i> <i>fimbriatum</i> var. <i>mohavense</i> Jeps.,VARIETY,Amaryllidaceae,7682.0,Allium,9624496.0,Allium fimbriatum,2856831.0,85,EXACT,3,3,Allium fimbriatum mohavense,Allium,Allium,Allium
Erythronium grandiflorum grandiflorum,4270333,Erythronium grandiflorum grandiflorum,<i>Erythronium</i> <i>grandiflorum</i> subsp. <i>grandiflorum</i>,SUBSPECIES,Liliaceae,7699.0,Erythronium,2740136.0,Erythronium grandiflorum,2752872.0,85,EXACT,3,3,Erythronium grandiflorum grandiflorum,Erythronium,Erythronium,Erythronium
Yucca glauca,2775497,Yucca glauca,<i>Yucca</i> <i>glauca</i> Nutt.,SPECIES,Asparagaceae,7683.0,Yucca,2775496.0,Yucca glauca,2775497.0,99,EXACT,2,2,Yucca glauca,Yucca,Yucca,Yucca
Petasites frigidus palmatus,6300538,Petasites frigidus palmatus,<i>Petasites</i> <i>frigidus</i> var. <i>palmatus</i> (Aiton) Cronquist,VARIETY,Asteraceae,3065.0,Petasites,10717129.0,Petasites frigidus,3088323.0,85,EXACT,3,3,Petasites frigidus palmatus,Petasites,Petasites,Petasites
Pinus clausa,5285768,Pinus clausa,<i>Pinus</i> <i>clausa</i> (Chapm. ex Engelm.) Sarg.,SPECIES,Pinaceae,3925.0,Pinus,2684241.0,Pinus clausa,5285768.0,99,EXACT,2,2,Pinus clausa,Pinus,Pinus,Pinus
Vitis shuttleworthii,5372416,Vitis shuttleworthii,<i>Vitis</i> <i>shuttleworthii</i> House,SPECIES,Vitaceae,6672.0,Vitis,7467468.0,Vitis shuttleworthii,5372416.0,100,EXACT,2,2,Vitis shuttleworthii,Vitis,Vitis,Vitis
Claytonia saxosa,3084766,Claytonia saxosa,<i>Claytonia</i> <i>saxosa</i> Brandegee,SPECIES,Montiaceae,4898338.0,Claytonia,3084729.0,Claytonia saxosa,3084766.0,100,EXACT,2,2,Claytonia saxosa,Claytonia,Claytonia,Claytonia
Vitis doaniana,5372395,Vitis doaniana,<i>Vitis</i> × <i>doaniana</i> Munson,SPECIES,Vitaceae,6672.0,Vitis,7467468.0,Vitis doaniana,5372395.0,99,EXACT,2,2,Vitis doaniana,Vitis,Vitis,Vitis
Cirsium cymosum canovirens,4223486,Cirsium cymosum canovirens,<i>Cirsium</i> <i>cymosum</i> var. <i>canovirens</i> (Rydb.) D.J.Keil,VARIETY,Asteraceae,3065.0,Cirsium,3112554.0,Cirsium cymosum,6444478.0,88,EXACT,3,3,Cirsium cymosum canovirens,Cirsium,Cirsium,Cirsium
Xanthium strumarium glabratum,3089139,Xanthium,<i>Xanthium</i> L.,GENUS,Asteraceae,3065.0,Xanthium,3089139.0,,,84,HIGHERRANK,3,1,Xanthium,Xanthium,Xanthium,Xanthium
Crataegus ambigua,3014082,Crataegus ambigua,<i>Crataegus</i> <i>ambigua</i> C.A.Mey. ex A.K.Becker,SPECIES,Rosaceae,5015.0,Crataegus,3013395.0,Crataegus ambigua,3014082.0,99,EXACT,2,2,Crataegus ambigua,Crataegus,Crataegus,Crataegus
Viola mandshurica,7296405,Viola mandshurica,<i>Viola</i> <i>mandshurica</i> W.Becker,SPECIES,Violaceae,6631.0,Viola,2874237.0,Viola mandshurica,7296405.0,100,EXACT,2,2,Viola mandshurica,Viola,Viola,Viola
Rubus ulmifolius ulmifolius,7258952,Rubus ulmifolius ulmifolius,<i>Rubus</i> <i>ulmifolius</i> var. <i>ulmifolius</i>,VARIETY,Rosaceae,5015.0,Rubus,2988638.0,Rubus ulmifolius,2996929.0,88,EXACT,3,3,Rubus ulmifolius ulmifolius,Rubus,Rubus,Rubus
Claytonia virginica,3084745,Claytonia virginica,<i>Claytonia</i> <i>virginica</i> L.,SPECIES,Montiaceae,4898338.0,Claytonia,3084729.0,Claytonia virginica,3084745.0,100,EXACT,2,2,Claytonia virginica,Claytonia,Claytonia,Claytonia
Tradescantia gigantea,2765321,Tradescantia gigantea,<i>Tradescantia</i> <i>gigantea</i> Rose,SPECIES,Commelinaceae,2763195.0,Tradescantia,2765096.0,Tradescantia gigantea,2765321.0,100,EXACT,2,2,Tradescantia gigantea,Tradescantia,Tradescantia,Tradescantia
Viola macloskeyi,5331303,Viola macloskeyi,<i>Viola</i> <i>macloskeyi</i> F.E.Lloyd,SPECIES,Violaceae,6631.0,Viola,2874237.0,Viola macloskeyi,5331303.0,100,EXACT,2,2,Viola macloskeyi,Viola,Viola,Viola
Acer saccharum saccharum,7262942,Acer saccharum saccharum,<i>Acer</i> <i>saccharum</i> subsp. <i>saccharum</i>,SUBSPECIES,Sapindaceae,6657.0,Acer,3189834.0,Acer saccharum,3189859.0,85,EXACT,3,3,Acer saccharum saccharum,Acer,Acer,Acer
Erythronium americanum americanum,7070874,Erythronium americanum americanum,<i>Erythronium</i> <i>americanum</i> subsp. <i>americanum</i>,SUBSPECIES,Liliaceae,7699.0,Erythronium,2740136.0,Erythronium americanum,2752815.0,85,EXACT,3,3,Erythronium americanum americanum,Erythronium,Erythronium,Erythronium
Vaccinium microcarpum,8344892,Vaccinium microcarpum,<i>Vaccinium</i> <i>microcarpum</i> (Turcz. ex Rupr.) Schmalh. ex Busch,SPECIES,Ericaceae,2505.0,Vaccinium,2882813.0,Vaccinium microcarpum,8344892.0,99,EXACT,2,2,Vaccinium microcarpum,Vaccinium,Vaccinium,Vaccinium
Clinopodium acinos,2927118,Clinopodium acinos,<i>Clinopodium</i> <i>acinos</i> (L.) Kuntze,SPECIES,Lamiaceae,2497.0,Clinopodium,2926907.0,Clinopodium acinos,2927118.0,100,EXACT,2,2,Clinopodium acinos,Clinopodium,Clinopodium,Clinopodium
Celtis laevigata texana,4159346,Celtis laevigata texana,<i>Celtis</i> <i>laevigata</i> var. <i>texana</i> Sarg.,VARIETY,Cannabaceae,2384.0,Celtis,2984479.0,Celtis laevigata,2984491.0,88,EXACT,3,3,Celtis laevigata texana,Celtis,Celtis,Celtis
Allium carinatum,2855968,Allium carinatum,<i>Allium</i> <i>carinatum</i> L.,SPECIES,Amaryllidaceae,7682.0,Allium,9624496.0,Allium carinatum,2855968.0,99,EXACT,2,2,Allium carinatum,Allium,Allium,Allium
Vicia leucophaea,2974855,Vicia leucophaea,<i>Vicia</i> <i>leucophaea</i> Greene,SPECIES,Fabaceae,5386.0,Vicia,2974751.0,Vicia leucophaea,2974855.0,100,EXACT,2,2,Vicia leucophaea,Vicia,Vicia,Vicia
Crataegus schizophylla,3013446,Crataegus schizophylla,<i>Crataegus</i> <i>schizophylla</i> Eggl.,SPECIES,Rosaceae,5015.0,Crataegus,3013395.0,Crataegus schizophylla,3013446.0,100,EXACT,2,2,Crataegus schizophylla,Crataegus,Crataegus,Crataegus
Yucca filamentosa concava,6316621,Yucca filamentosa concava,<i>Yucca</i> <i>filamentosa</i> f. <i>concava</i> (Haw.) Voss,FORM,Asparagaceae,7683.0,Yucca,2775496.0,Yucca flaccida,2775530.0,84,EXACT,3,3,Yucca filamentosa concava,Yucca,Yucca,Yucca
Rubus wheeleri,3000174,Rubus wheeleri,<i>Rubus</i> <i>wheeleri</i> (L.H.Bailey) L.H.Bailey,SPECIES,Rosaceae,5015.0,Rubus,2988638.0,Rubus wheeleri,3000174.0,100,EXACT,2,2,Rubus wheeleri,Rubus,Rubus,Rubus
Ceanothus perplexans,3876275,Ceanothus perplexans,<i>Ceanothus</i> <i>perplexans</i> Trel.,SPECIES,Rhamnaceae,2407.0,Ceanothus,3039297.0,Ceanothus perplexans,3876275.0,100,EXACT,2,2,Ceanothus perplexans,Ceanothus,Ceanothus,Ceanothus
Vitis girdiana,5372407,Vitis girdiana,<i>Vitis</i> <i>girdiana</i> Munson,SPECIES,Vitaceae,6672.0,Vitis,7467468.0,Vitis girdiana,5372407.0,100,EXACT,2,2,Vitis girdiana,Vitis,Vitis,Vitis
Quercus parvula,2878124,Quercus parvula,<i>Quercus</i> <i>parvula</i> Greene,SPECIES,Fagaceae,4689.0,Quercus,2877951.0,Quercus parvula,2878124.0,100,EXACT,2,2,Quercus parvula,Quercus,Quercus,Quercus
Rubus argutus,2990801,Rubus argutus,<i>Rubus</i> <i>argutus</i> Link,SPECIES,Rosaceae,5015.0,Rubus,2988638.0,Rubus argutus,2990801.0,100,EXACT,2,2,Rubus argutus,Rubus,Rubus,Rubus
Quercus × bebbiana,2880074,Quercus bebbiana,<i>Quercus</i> × <i>bebbiana</i> C.K.Schneid.,SPECIES,Fagaceae,4689.0,Quercus,2877951.0,Quercus bebbiana,2880074.0,100,EXACT,3,2,Quercus bebbiana,Quercus,Quercus,Quercus
Cakile edentula harperi,3048888,Cakile edentula harperi,<i>Cakile</i> <i>edentula</i> subsp. <i>harperi</i> (Small) Rodman,SUBSPECIES,Brassicaceae,3112.0,Cakile,3048827.0,Cakile edentula,3048882.0,88,EXACT,3,3,Cakile edentula harperi,Cakile,Cakile,Cakile
Cirsium pulcherrimum aridum,4219701,Cirsium pulcherrimum aridum,<i>Cirsium</i> <i>pulcherrimum</i> var. <i>aridum</i> (Dorn) D.J.Keil,VARIETY,Asteraceae,3065.0,Cirsium,3112554.0,Cirsium pulcherrimum,3113782.0,88,EXACT,3,3,Cirsium pulcherrimum aridum,Cirsium,Cirsium,Cirsium
Rumex obtusifolius sylvestris,7901010,Rumex obtusifolius sylvestris,<i>Rumex</i> <i>obtusifolius</i> subsp. <i>sylvestris</i> (Lam.) Celak.,SUBSPECIES,Polygonaceae,2416.0,Rumex,2888942.0,Rumex obtusifolius,2889011.0,85,EXACT,3,3,Rumex obtusifolius sylvestris,Rumex,Rumex,Rumex
Lilium superbum,2753278,Lilium superbum,<i>Lilium</i> <i>superbum</i> L.,SPECIES,Liliaceae,7699.0,Lilium,2752977.0,Lilium superbum,2753278.0,99,EXACT,2,2,Lilium superbum,Lilium,Lilium,Lilium
Hibiscus lasiocarpos,6377193,Hibiscus lasiocarpos,<i>Hibiscus</i> <i>lasiocarpos</i> Cav.,SPECIES,Malvaceae,6685.0,Hibiscus,3152542.0,Hibiscus moscheutos,3152596.0,100,EXACT,2,2,Hibiscus lasiocarpos,Hibiscus,Hibiscus,Hibiscus
Vaccinium uliginosum occidentale,2882818,Vaccinium uliginosum occidentale,<i>Vaccinium</i> <i>uliginosum</i> subsp. <i>occidentale</i> (A.Gray) Hultén,SUBSPECIES,Ericaceae,2505.0,Vaccinium,2882813.0,Vaccinium uliginosum,8073364.0,85,EXACT,3,3,Vaccinium uliginosum occidentale,Vaccinium,Vaccinium,Vaccinium
Erythronium helenae,2752847,Erythronium helenae,<i>Erythronium</i> <i>helenae</i> Applegate,SPECIES,Liliaceae,7699.0,Erythronium,2740136.0,Erythronium helenae,2752847.0,100,EXACT,2,2,Erythronium helenae,Erythronium,Erythronium,Erythronium
Crataegus macracantha,3013570,Crataegus macracantha,<i>Crataegus</i> <i>macracantha</i> Lodd. ex Loudon,SPECIES,Rosaceae,5015.0,Crataegus,3013395.0,Crataegus macracantha,3013570.0,99,EXACT,2,2,Crataegus macracantha,Crataegus,Crataegus,Crataegus
Rumex lacustris,4032742,Rumex lacustris,<i>Rumex</i> <i>lacustris</i> Greene,SPECIES,Polygonaceae,2416.0,Rumex,2888942.0,Rumex lacustris,4032742.0,100,EXACT,2,2,Rumex lacustris,Rumex,Rumex,Rumex
Honckenya peploides diffusa,3810234,Honckenya peploides diffusa,<i>Honckenya</i> <i>peploides</i> subsp. <i>diffusa</i> (Hornem.) Hultén ex V.V.Petrovsky,SUBSPECIES,Caryophyllaceae,2518.0,Honckenya,3085775.0,Honckenya peploides,3085776.0,85,EXACT,3,3,Honckenya peploides diffusa,Honckenya,Honckenya,Honckenya
Primula clevelandii,7127770,Primula clevelandii,<i>Primula</i> <i>clevelandii</i> (Greene) A.R.Mast & Reveal,SPECIES,Primulaceae,6674.0,Dodecatheon,7597718.0,Dodecatheon clevelandii,3169271.0,100,EXACT,2,2,Primula clevelandii,Primula,Primula,Primula
Persicaria pensylvanica,2889198,Persicaria pensylvanica,<i>Persicaria</i> <i>pensylvanica</i> (L.) M.Gómez,SPECIES,Polygonaceae,2416.0,Persicaria,6390748.0,Persicaria pensylvanica,2889198.0,99,EXACT,2,2,Persicaria pensylvanica,Persicaria,Persicaria,Persicaria
Rubus flagellaris,2992071,Rubus flagellaris,<i>Rubus</i> <i>flagellaris</i> Willd.,SPECIES,Rosaceae,5015.0,Rubus,2988638.0,Rubus flagellaris,2992071.0,99,EXACT,2,2,Rubus flagellaris,Rubus,Rubus,Rubus
Viola douglasii,5331351,Viola douglasii,<i>Viola</i> <i>douglasii</i> Steud.,SPECIES,Violaceae,6631.0,Viola,2874237.0,Viola douglasii,5331351.0,100,EXACT,2,2,Viola douglasii,Viola,Viola,Viola
Vaccinium crassifolium,2882960,Vaccinium crassifolium,<i>Vaccinium</i> <i>crassifolium</i> Andrews,SPECIES,Ericaceae,2505.0,Vaccinium,2882813.0,Vaccinium crassifolium,2882960.0,100,EXACT,2,2,Vaccinium crassifolium,Vaccinium,Vaccinium,Vaccinium
Viola lobata integrifolia,8073196,Viola lobata integrifolia,<i>Viola</i> <i>lobata</i> subsp. <i>integrifolia</i> (S.Watson) R.J.Little,SUBSPECIES,Violaceae,6631.0,Viola,2874237.0,Viola lobata,5331345.0,85,EXACT,3,3,Viola lobata integrifolia,Viola,Viola,Viola
Rubus ulmifolius,2996929,Rubus ulmifolius,<i>Rubus</i> <i>ulmifolius</i> Schott,SPECIES,Rosaceae,5015.0,Rubus,2988638.0,Rubus ulmifolius,2996929.0,99,EXACT,2,2,Rubus ulmifolius,Rubus,Rubus,Rubus
Viola stoneana,5331380,Viola stoneana,<i>Viola</i> <i>stoneana</i> House,SPECIES,Violaceae,6631.0,Viola,2874237.0,Viola stoneana,5331380.0,100,EXACT,2,2,Viola stoneana,Viola,Viola,Viola
Oxalis laxa,2891716,Oxalis laxa,<i>Oxalis</i> <i>laxa</i> Hook. & Arn.,SPECIES,Oxalidaceae,6697.0,Oxalis,2891642.0,Oxalis laxa,2891716.0,99,EXACT,2,2,Oxalis laxa,Oxalis,Oxalis,Oxalis
Allium moly,2855825,Allium moly,<i>Allium</i> <i>moly</i> L.,SPECIES,Amaryllidaceae,7682.0,Allium,9624496.0,Allium moly,2855825.0,99,EXACT,2,2,Allium moly,Allium,Allium,Allium
Allium constrictum,2857790,Allium constrictum,"<i>Allium</i> <i>constrictum</i> (Ownbey & Mingrone) P.M.Peterson, Annable & Rieseberg",SPECIES,Amaryllidaceae,7682.0,Allium,9624496.0,Allium constrictum,2857790.0,100,EXACT,2,2,Allium constrictum,Allium,Allium,Allium
Viburnum plicatum formosanum,3856819,Viburnum plicatum formosanum,<i>Viburnum</i> <i>plicatum</i> var. <i>formosanum</i> Y.C.Liu & C.H.Ou,VARIETY,Viburnaceae,4924416.0,Viburnum,2888580.0,Viburnum plicatum,2888622.0,85,EXACT,3,3,Viburnum plicatum formosanum,Viburnum,Viburnum,Viburnum
Smilax pumila,5295658,Smilax pumila,<i>Smilax</i> <i>pumila</i> Walter,SPECIES,Smilacaceae,7702.0,Smilax,2740627.0,Smilax pumila,5295658.0,100,EXACT,2,2,Smilax pumila,Smilax,Smilax,Smilax
Trillium cernuum,2742194,Trillium cernuum,<i>Trillium</i> <i>cernuum</i> L.,SPECIES,Melanthiaceae,7700.0,Trillium,2742182.0,Trillium cernuum,2742194.0,99,EXACT,2,2,Trillium cernuum,Trillium,Trillium,Trillium
Sorbus americana,7779378,Sorbus americana,<i>Sorbus</i> <i>americana</i> Marshall,SPECIES,Rosaceae,5015.0,Sorbus,3012146.0,Sorbus americana,7779378.0,99,EXACT,2,2,Sorbus americana,Sorbus,Sorbus,Sorbus
Cirsium palustre,3113239,Cirsium palustre,<i>Cirsium</i> <i>palustre</i> (L.) Scop.,SPECIES,Asteraceae,3065.0,Cirsium,3112554.0,Cirsium palustre,3113239.0,99,EXACT,2,2,Cirsium palustre,Cirsium,Cirsium,Cirsium
Lilium humboldtii ocellatum,2753413,Lilium humboldtii ocellatum,<i>Lilium</i> <i>humboldtii</i> subsp. <i>ocellatum</i> (Kellogg) Thorne,SUBSPECIES,Liliaceae,7699.0,Lilium,2752977.0,Lilium humboldtii,8491099.0,85,EXACT,3,3,Lilium humboldtii ocellatum,Lilium,Lilium,Lilium
Trillium stamineum,2742388,Trillium stamineum,<i>Trillium</i> <i>stamineum</i> Harb.,SPECIES,Melanthiaceae,7700.0,Trillium,2742182.0,Trillium stamineum,2742388.0,100,EXACT,2,2,Trillium stamineum,Trillium,Trillium,Trillium
Commelina communis ludens,2764307,Commelina communis ludens,<i>Commelina</i> <i>communis</i> var. <i>ludens</i> (Miq.) C.B.Clarke,VARIETY,Commelinaceae,2763195.0,Commelina,2763939.0,Commelina communis,2764179.0,88,EXACT,3,3,Commelina communis ludens,Commelina,Commelina,Commelina
Rumex sanguineus sanguineus,7291676,Rumex sanguineus sanguineus,<i>Rumex</i> <i>sanguineus</i> var. <i>sanguineus</i>,VARIETY,Polygonaceae,2416.0,Rumex,2888942.0,Rumex sanguineus,2888960.0,88,EXACT,3,3,Rumex sanguineus sanguineus,Rumex,Rumex,Rumex
Cirsium eatonii,3113381,Cirsium eatonii,<i>Cirsium</i> <i>eatonii</i> (A.Gray) B.L.Rob.,SPECIES,Asteraceae,3065.0,Cirsium,3112554.0,Cirsium eatonii,3113381.0,100,EXACT,2,2,Cirsium eatonii,Cirsium,Cirsium,Cirsium
Rubus heterophyllus,2989717,Rubus heterophyllus,<i>Rubus</i> <i>heterophyllus</i> Willd.,SPECIES,Rosaceae,5015.0,Rubus,2988638.0,Rubus heterophyllus,2989717.0,99,EXACT,2,2,Rubus heterophyllus,Rubus,Rubus,Rubus
Crataegus flava,7855454,Crataegus flava,<i>Crataegus</i> <i>flava</i> Aiton,SPECIES,Rosaceae,5015.0,Crataegus,3013395.0,Crataegus flava,7855454.0,99,EXACT,2,2,Crataegus flava,Crataegus,Crataegus,Crataegus
Cirsium arizonicum,3112861,Cirsium arizonicum,<i>Cirsium</i> <i>arizonicum</i> (A.Gray) Petr.,SPECIES,Asteraceae,3065.0,Cirsium,3112554.0,Cirsium arizonicum,3112861.0,100,EXACT,2,2,Cirsium arizonicum,Cirsium,Cirsium,Cirsium
Viola primulifolia,8215820,Viola primulifolia,<i>Viola</i> <i>primulifolia</i> L.,SPECIES,Violaceae,6631.0,Viola,2874237.0,Viola primulifolia,8215820.0,99,EXACT,2,2,Viola primulifolia,Viola,Viola,Viola
Ribes viscosissimum,2986172,Ribes viscosissimum,<i>Ribes</i> <i>viscosissimum</i> Pursh,SPECIES,Grossulariaceae,2403.0,Ribes,2986095.0,Ribes viscosissimum,2986172.0,100,EXACT,2,2,Ribes viscosissimum,Ribes,Ribes,Ribes
Sanicula bipinnata,3034843,Sanicula bipinnata,<i>Sanicula</i> <i>bipinnata</i> Hook. & Arn.,SPECIES,Apiaceae,6720.0,Sanicula,3034831.0,Sanicula bipinnata,3034843.0,100,EXACT,2,2,Sanicula bipinnata,Sanicula,Sanicula,Sanicula
Malus toringo,7848132,Malus toringo,<i>Malus</i> <i>toringo</i> (Siebold) de Vriese,SPECIES,Rosaceae,5015.0,Malus,3001068.0,Malus toringo,7848132.0,99,EXACT,2,2,Malus toringo,Malus,Malus,Malus
Rubus × wisconsinensis,3000069,Rubus wisconsinensis,<i>Rubus</i> × <i>wisconsinensis</i> L.H.Bailey,SPECIES,Rosaceae,5015.0,Rubus,2988638.0,Rubus wisconsinensis,3000069.0,100,EXACT,3,2,Rubus wisconsinensis,Rubus,Rubus,Rubus
Physalis greenei,5581362,Physalis greenei,<i>Physalis</i> <i>greenei</i> Vasey & Rose,SPECIES,Solanaceae,7717.0,Physalis,2928907.0,Physalis crassifolia,5341782.0,100,EXACT,2,2,Physalis greenei,Physalis,Physalis,Physalis
Galinsoga parviflora semicalva,4230297,Galinsoga parviflora semicalva,<i>Galinsoga</i> <i>parviflora</i> var. <i>semicalva</i> A.Gray,VARIETY,Asteraceae,3065.0,Galinsoga,3132547.0,Galinsoga parviflora,3132570.0,85,EXACT,3,3,Galinsoga parviflora semicalva,Galinsoga,Galinsoga,Galinsoga
Picea abies abies,7230719,Picea abies abies,<i>Picea</i> <i>abies</i> var. <i>abies</i>,VARIETY,Pinaceae,3925.0,Picea,7606064.0,Picea abies,5284884.0,85,EXACT,3,3,Picea abies abies,Picea,Picea,Picea
Trillium grandiflorum,2742283,Trillium grandiflorum,<i>Trillium</i> <i>grandiflorum</i> (Michx.) Salisb.,SPECIES,Melanthiaceae,7700.0,Trillium,2742182.0,Trillium grandiflorum,2742283.0,100,EXACT,2,2,Trillium grandiflorum,Trillium,Trillium,Trillium
Allium acuminatum,2856154,Allium acuminatum,<i>Allium</i> <i>acuminatum</i> Hook.,SPECIES,Amaryllidaceae,7682.0,Allium,9624496.0,Allium acuminatum,2856154.0,100,EXACT,2,2,Allium acuminatum,Allium,Allium,Allium
Trillium recurvatum,2742260,Trillium recurvatum,<i>Trillium</i> <i>recurvatum</i> L.C.Beck,SPECIES,Melanthiaceae,7700.0,Trillium,2742182.0,Trillium recurvatum,2742260.0,100,EXACT,2,2,Trillium recurvatum,Trillium,Trillium,Trillium
Quercus ilicifolia,2878190,Quercus ilicifolia,<i>Quercus</i> <i>ilicifolia</i> Wangenh.,SPECIES,Fagaceae,4689.0,Quercus,2877951.0,Quercus ilicifolia,2878190.0,99,EXACT,2,2,Quercus ilicifolia,Quercus,Quercus,Quercus
Lilium humboldtii,8491099,Lilium humboldtii,<i>Lilium</i> <i>humboldtii</i> Leichtlin,SPECIES,Liliaceae,7699.0,Lilium,2752977.0,Lilium humboldtii,8491099.0,99,EXACT,2,2,Lilium humboldtii,Lilium,Lilium,Lilium
Stellaria apetala,8311921,Stellaria apetala,<i>Stellaria</i> <i>apetala</i> Bernardino,SPECIES,Caryophyllaceae,2518.0,Stellaria,3085667.0,Stellaria apetala,8311921.0,99,EXACT,2,2,Stellaria apetala,Stellaria,Stellaria,Stellaria
Salicornia utahensis,8264266,Salicornia utahensis,<i>Salicornia</i> <i>utahensis</i> Tidestr.,SPECIES,Amaranthaceae,3064.0,Salicornia,3083796.0,Salicornia utahensis,8264266.0,99,EXACT,2,2,Salicornia utahensis,Salicornia,Salicornia,Salicornia
Rubus alumnus,2992616,Rubus alumnus,<i>Rubus</i> <i>alumnus</i> L.H.Bailey,SPECIES,Rosaceae,5015.0,Rubus,2988638.0,Rubus alumnus,2992616.0,100,EXACT,2,2,Rubus alumnus,Rubus,Rubus,Rubus
Onopordum tauricum,3094939,Onopordum tauricum,<i>Onopordum</i> <i>tauricum</i> Willd.,SPECIES,Asteraceae,3065.0,Onopordum,3094883.0,Onopordum tauricum,3094939.0,100,EXACT,2,2,Onopordum tauricum,Onopordum,Onopordum,Onopordum
Descurainia pinnata glabra,3044158,Descurainia pinnata glabra,<i>Descurainia</i> <i>pinnata</i> subsp. <i>glabra</i> (Wooton & Standl.) Detling,SUBSPECIES,Brassicaceae,3112.0,Descurainia,3044104.0,Descurainia pinnata,3044133.0,85,EXACT,3,3,Descurainia pinnata glabra,Descurainia,Descurainia,Descurainia
Fragaria virginiana grayana,3029929,Fragaria virginiana grayana,<i>Fragaria</i> <i>virginiana</i> subsp. <i>grayana</i> (Vilm.) Staudt,SUBSPECIES,Rosaceae,5015.0,Fragaria,3029779.0,Fragaria virginiana,7950792.0,85,EXACT,3,3,Fragaria virginiana grayana,Fragaria,Fragaria,Fragaria
Cirsium scariosum loncholepis,9401580,Cirsium scariosum loncholepis,<i>Cirsium</i> <i>scariosum</i> var. <i>loncholepis</i> (Petr.) D.J.Keil,VARIETY,Asteraceae,3065.0,Cirsium,3112554.0,Cirsium scariosum,3113127.0,88,EXACT,3,3,Cirsium scariosum loncholepis,Cirsium,Cirsium,Cirsium
Crataegus succulenta succulenta,7271665,Crataegus succulenta succulenta,<i>Crataegus</i> <i>succulenta</i> var. <i>succulenta</i>,VARIETY,Rosaceae,5015.0,Crataegus,3013395.0,Crataegus succulenta,3016137.0,88,EXACT,3,3,Crataegus succulenta succulenta,Crataegus,Crataegus,Crataegus
Rubus ursinus,2990646,Rubus ursinus,<i>Rubus</i> <i>ursinus</i> Cham. & Schltdl.,SPECIES,Rosaceae,5015.0,Rubus,2988638.0,Rubus ursinus,2990646.0,99,EXACT,2,2,Rubus ursinus,Rubus,Rubus,Rubus
Quercus sinuata,2879488,Quercus sinuata,<i>Quercus</i> <i>sinuata</i> Walter,SPECIES,Fagaceae,4689.0,Quercus,2877951.0,Quercus sinuata,2879488.0,99,EXACT,2,2,Quercus sinuata,Quercus,Quercus,Quercus
Rubus lasiococcus,2997456,Rubus lasiococcus,<i>Rubus</i> <i>lasiococcus</i> A.Gray,SPECIES,Rosaceae,5015.0,Rubus,2988638.0,Rubus lasiococcus,2997456.0,100,EXACT,2,2,Rubus lasiococcus,Rubus,Rubus,Rubus
Trillium kurabayashii,2742386,Trillium kurabayashii,<i>Trillium</i> <i>kurabayashii</i> J.D.Freeman,SPECIES,Melanthiaceae,7700.0,Trillium,2742182.0,Trillium kurabayashii,2742386.0,100,EXACT,2,2,Trillium kurabayashii,Trillium,Trillium,Trillium
Ribes nigrum,2986192,Ribes nigrum,<i>Ribes</i> <i>nigrum</i> L.,SPECIES,Grossulariaceae,2403.0,Ribes,2986095.0,Ribes nigrum,2986192.0,99,EXACT,2,2,Ribes nigrum,Ribes,Ribes,Ribes
Viola purpurea aurea,5331394,Viola purpurea aurea,<i>Viola</i> <i>purpurea</i> var. <i>aurea</i> (Kellogg) M.S.Baker ex Jeps.,VARIETY,Violaceae,6631.0,Viola,2874237.0,Viola aurea,5331393.0,84,EXACT,3,3,Viola purpurea aurea,Viola,Viola,Viola
Viola praemorsa linguifolia,8152692,Viola praemorsa linguifolia,<i>Viola</i> <i>praemorsa</i> subsp. <i>linguifolia</i> (Nutt.) M.S.Baker,SUBSPECIES,Violaceae,6631.0,Viola,2874237.0,Viola praemorsa,7884309.0,85,EXACT,3,3,Viola praemorsa linguifolia,Viola,Viola,Viola
Yucca cernua,2775713,Yucca cernua,<i>Yucca</i> <i>cernua</i> E.L.Keith,SPECIES,Asparagaceae,7683.0,Yucca,2775496.0,Yucca cernua,2775713.0,100,EXACT,2,2,Yucca cernua,Yucca,Yucca,Yucca
Oxalis megalorrhiza,7318087,Oxalis megalorrhiza,<i>Oxalis</i> <i>megalorrhiza</i> Jacq.,SPECIES,Oxalidaceae,6697.0,Oxalis,2891642.0,Oxalis megalorrhiza,7318087.0,100,EXACT,2,2,Oxalis megalorrhiza,Oxalis,Oxalis,Oxalis
Crataegus brazoria,3015080,Crataegus brazoria,<i>Crataegus</i> <i>brazoria</i> Sarg.,SPECIES,Rosaceae,5015.0,Crataegus,3013395.0,Crataegus brazoria,3015080.0,100,EXACT,2,2,Crataegus brazoria,Crataegus,Crataegus,Crataegus
Cirsium pulcherrimum,3113782,Cirsium pulcherrimum,<i>Cirsium</i> <i>pulcherrimum</i> (Rydb.) K.Schum.,SPECIES,Asteraceae,3065.0,Cirsium,3112554.0,Cirsium pulcherrimum,3113782.0,100,EXACT,2,2,Cirsium pulcherrimum,Cirsium,Cirsium,Cirsium
Rubus bartonianus,2996922,Rubus bartonianus,<i>Rubus</i> <i>bartonianus</i> Peck,SPECIES,Rosaceae,5015.0,Rubus,2988638.0,Rubus bartonianus,2996922.0,100,EXACT,2,2,Rubus bartonianus,Rubus,Rubus,Rubus
Mentha requienii,2927174,Mentha requienii,<i>Mentha</i> <i>requienii</i> Benth.,SPECIES,Lamiaceae,2497.0,Mentha,2927173.0,Mentha requienii,2927174.0,100,EXACT,2,2,Mentha requienii,Mentha,Mentha,Mentha
Tradescantia buckleyi,2765251,Tradescantia buckleyi,<i>Tradescantia</i> <i>buckleyi</i> (I.M.Johnst.) D.R.Hunt,SPECIES,Commelinaceae,2763195.0,Tradescantia,2765096.0,Tradescantia buckleyi,2765251.0,100,EXACT,2,2,Tradescantia buckleyi,Tradescantia,Tradescantia,Tradescantia
Robinia hispida hispida,7225009,Robinia hispida hispida,<i>Robinia</i> <i>hispida</i> var. <i>hispida</i>,VARIETY,Fabaceae,5386.0,Robinia,2952066.0,Robinia hispida,5352221.0,88,EXACT,3,3,Robinia hispida hispida,Robinia,Robinia,Robinia
Quercus shumardii shumardii,7226623,Quercus shumardii shumardii,<i>Quercus</i> <i>shumardii</i> var. <i>shumardii</i>,VARIETY,Fagaceae,4689.0,Quercus,2877951.0,Quercus shumardii,2878289.0,88,EXACT,3,3,Quercus shumardii shumardii,Quercus,Quercus,Quercus
Cyperus esculentus esculentus,7258849,Cyperus esculentus esculentus,<i>Cyperus</i> <i>esculentus</i> var. <i>esculentus</i>,VARIETY,Cyperaceae,7708.0,Cyperus,2713455.0,Cyperus esculentus,2716226.0,84,EXACT,3,3,Cyperus esculentus esculentus,Cyperus,Cyperus,Cyperus
Primula hendersonii,5641741,Primula hendersonii,<i>Primula</i> <i>hendersonii</i> (A.Gray) A.R.Mast & Reveal,SPECIES,Primulaceae,6674.0,Dodecatheon,7597718.0,Dodecatheon hendersonii,3169266.0,100,EXACT,2,2,Primula hendersonii,Primula,Primula,Primula
Lilium rubescens,2753213,Lilium rubescens,<i>Lilium</i> <i>rubescens</i> S.Watson,SPECIES,Liliaceae,7699.0,Lilium,2752977.0,Lilium rubescens,2753213.0,100,EXACT,2,2,Lilium rubescens,Lilium,Lilium,Lilium
Cochlearia groenlandica,5373235,Cochlearia groenlandica,<i>Cochlearia</i> <i>groenlandica</i> L.,SPECIES,Brassicaceae,3112.0,Cochlearia,3040481.0,Cochlearia groenlandica,5373235.0,99,EXACT,2,2,Cochlearia groenlandica,Cochlearia,Cochlearia,Cochlearia
Viola frank-smithii,5331302,Viola franksmithii,<i>Viola</i> <i>franksmithii</i> N.H.Holmgren,SPECIES,Violaceae,6631.0,Viola,2874237.0,Viola franksmithii,5331302.0,98,VARIANT,2,2,Viola franksmithii,Viola,Viola,Viola
Ceanothus thyrsiflorus thyrsiflorus,7273783,Ceanothus thyrsiflorus thyrsiflorus,<i>Ceanothus</i> <i>thyrsiflorus</i> var. <i>thyrsiflorus</i>,VARIETY,Rhamnaceae,2407.0,Ceanothus,3039297.0,Ceanothus thyrsiflorus,3039379.0,88,EXACT,3,3,Ceanothus thyrsiflorus thyrsiflorus,Ceanothus,Ceanothus,Ceanothus
Amelanchier alnifolia alnifolia,7258961,Amelanchier alnifolia alnifolia,<i>Amelanchier</i> <i>alnifolia</i> var. <i>alnifolia</i>,VARIETY,Rosaceae,5015.0,Amelanchier,3023817.0,Amelanchier alnifolia,8168485.0,85,EXACT,3,3,Amelanchier alnifolia alnifolia,Amelanchier,Amelanchier,Amelanchier
Cirsium joannae,3112880,Cirsium joannae,"<i>Cirsium</i> <i>joannae</i> S.L.Welsh, N.D.Atwood & L.C.Higgins",SPECIES,Asteraceae,3065.0,Cirsium,3112554.0,Cirsium joannae,3112880.0,100,EXACT,2,2,Cirsium joannae,Cirsium,Cirsium,Cirsium
Yucca aloifolia aloifolia,7331194,Yucca aloifolia aloifolia,<i>Yucca</i> <i>aloifolia</i> var. <i>aloifolia</i>,VARIETY,Asparagaceae,7683.0,Yucca,2775496.0,Yucca aloifolia,2775744.0,88,EXACT,3,3,Yucca aloifolia aloifolia,Yucca,Yucca,Yucca
Crataegus brachyacantha,3014393,Crataegus brachyacantha,<i>Crataegus</i> <i>brachyacantha</i> Engelm.,SPECIES,Rosaceae,5015.0,Crataegus,3013395.0,Crataegus brachyacantha,3014393.0,100,EXACT,2,2,Crataegus brachyacantha,Crataegus,Crataegus,Crataegus
Brassica rapa sylvestris,3042720,Brassica rapa sylvestris,<i>Brassica</i> <i>rapa</i> subsp. <i>sylvestris</i> (Lam.) Janch.,SUBSPECIES,Brassicaceae,3112.0,Brassica,3042506.0,Brassica rapa,7903057.0,84,EXACT,3,3,Brassica rapa sylvestris,Brassica,Brassica,Brassica
Oxalis pes-caprae sericea,7460849,Oxalis pes-caprae sericea,<i>Oxalis</i> <i>pes-caprae</i> var. <i>sericea</i> (Thunb.) T.M.Salter,VARIETY,Oxalidaceae,6697.0,Oxalis,2891642.0,Oxalis pes-caprae,2891661.0,88,EXACT,3,3,Oxalis pes-caprae sericea,Oxalis,Oxalis,Oxalis
Picea engelmannii engelmannii,7230720,Picea engelmannii engelmannii,<i>Picea</i> <i>engelmannii</i> subsp. <i>engelmannii</i>,SUBSPECIES,Pinaceae,3925.0,Picea,7606064.0,Picea engelmannii,5284917.0,85,EXACT,3,3,Picea engelmannii engelmannii,Picea,Picea,Picea
Sanicula canadensis,3034834,Sanicula canadensis,<i>Sanicula</i> <i>canadensis</i> L.,SPECIES,Apiaceae,6720.0,Sanicula,3034831.0,Sanicula canadensis,3034834.0,99,EXACT,2,2,Sanicula canadensis,Sanicula,Sanicula,Sanicula
Cirsium horridulum horridulum,7222534,Cirsium horridulum horridulum,<i>Cirsium</i> <i>horridulum</i> var. <i>horridulum</i>,VARIETY,Asteraceae,3065.0,Cirsium,3112554.0,Cirsium horridulum,3112777.0,85,EXACT,3,3,Cirsium horridulum horridulum,Cirsium,Cirsium,Cirsium
Yucca angustissima,2775690,Yucca angustissima,<i>Yucca</i> <i>angustissima</i> Engelm. ex Trel.,SPECIES,Asparagaceae,7683.0,Yucca,2775496.0,Yucca angustissima,2775690.0,99,EXACT,2,2,Yucca angustissima,Yucca,Yucca,Yucca
Monarda luteola,8017382,Monarda luteola,<i>Monarda</i> <i>luteola</i> Singhurst & W.C.Holmes,SPECIES,Lamiaceae,2497.0,Monarda,2926838.0,Monarda luteola,8017382.0,100,EXACT,2,2,Monarda luteola,Monarda,Monarda,Monarda
Ceanothus masonii,10618671,Ceanothus masonii,<i>Ceanothus</i> <i>masonii</i> Mc Minn,SPECIES,Rhamnaceae,2407.0,Ceanothus,3039297.0,Ceanothus masonii,10618671.0,99,EXACT,2,2,Ceanothus masonii,Ceanothus,Ceanothus,Ceanothus
Quercus × rudkinii,2878419,Quercus rudkinii,<i>Quercus</i> × <i>rudkinii</i> Britton,SPECIES,Fagaceae,4689.0,Quercus,2877951.0,Quercus rudkinii,2878419.0,100,EXACT,3,2,Quercus rudkinii,Quercus,Quercus,Quercus
Physalis arenicola,5341814,Physalis arenicola,<i>Physalis</i> <i>arenicola</i> Kearney,SPECIES,Solanaceae,7717.0,Physalis,2928907.0,Physalis arenicola,5341814.0,100,EXACT,2,2,Physalis arenicola,Physalis,Physalis,Physalis
Viola × williamsii,7598868,Viola williamsii,<i>Viola</i> × <i>williamsii</i> Wittr.,SPECIES,Violaceae,6631.0,Viola,2874237.0,Viola williamsii,7598868.0,100,EXACT,3,2,Viola williamsii,Viola,Viola,Viola
Vicia acutifolia,2975269,Vicia acutifolia,<i>Vicia</i> <i>acutifolia</i> Elliott,SPECIES,Fabaceae,5386.0,Vicia,2974751.0,Vicia acutifolia,2975269.0,100,EXACT,2,2,Vicia acutifolia,Vicia,Vicia,Vicia
Rubus steelei,2994521,Rubus steelei,<i>Rubus</i> <i>steelei</i> L.H.Bailey,SPECIES,Rosaceae,5015.0,Rubus,2988638.0,Rubus steelei,2994521.0,100,EXACT,2,2,Rubus steelei,Rubus,Rubus,Rubus
Ribes missouriense,8113655,Ribes missouriense,<i>Ribes</i> <i>missouriense</i> Nutt. ex Torr. & A.Gray,SPECIES,Grossulariaceae,2403.0,Ribes,2986095.0,Ribes missouriense,8113655.0,99,EXACT,2,2,Ribes missouriense,Ribes,Ribes,Ribes
Pinus pinea,5285165,Pinus pinea,<i>Pinus</i> <i>pinea</i> L.,SPECIES,Pinaceae,3925.0,Pinus,2684241.0,Pinus pinea,5285165.0,99,EXACT,2,2,Pinus pinea,Pinus,Pinus,Pinus
Carya floridana,3054348,Carya floridana,<i>Carya</i> <i>floridana</i> Sarg.,SPECIES,Juglandaceae,2499.0,Carya,3054287.0,Carya floridana,3054348.0,100,EXACT,2,2,Carya floridana,Carya,Carya,Carya
Erythronium californicum,2752891,Erythronium californicum,<i>Erythronium</i> <i>californicum</i> Purdy,SPECIES,Liliaceae,7699.0,Erythronium,2740136.0,Erythronium californicum,2752891.0,100,EXACT,2,2,Erythronium californicum,Erythronium,Erythronium,Erythronium
Sambucus racemosa arborescens,3857095,Sambucus racemosa arborescens,<i>Sambucus</i> <i>racemosa</i> subsp. <i>arborescens</i> (Torr. & A.Gray) A.E.Murray,SUBSPECIES,Viburnaceae,4924416.0,Sambucus,2888721.0,Sambucus racemosa,2888723.0,84,EXACT,3,3,Sambucus racemosa arborescens,Sambucus,Sambucus,Sambucus
Galinsoga parviflora,3132570,Galinsoga parviflora,<i>Galinsoga</i> <i>parviflora</i> Cav.,SPECIES,Asteraceae,3065.0,Galinsoga,3132547.0,Galinsoga parviflora,3132570.0,100,EXACT,2,2,Galinsoga parviflora,Galinsoga,Galinsoga,Galinsoga
Acer saccharum rugelii,3767958,Acer saccharum rugelii,<i>Acer</i> <i>saccharum</i> var. <i>rugelii</i> (Pax) Rehder,VARIETY,Sapindaceae,6657.0,Acer,3189834.0,Acer saccharum,3189859.0,84,EXACT,3,3,Acer saccharum rugelii,Acer,Acer,Acer
Claytonia parviflora grandiflora,4023039,Claytonia parviflora grandiflora,<i>Claytonia</i> <i>parviflora</i> subsp. <i>grandiflora</i> J.M.Mill. & K.L.Chambers,SUBSPECIES,Montiaceae,4898338.0,Claytonia,3084729.0,Claytonia parviflora,3084736.0,88,EXACT,3,3,Claytonia parviflora grandiflora,Claytonia,Claytonia,Claytonia
Viola × bissellii,5331314,Viola bissellii,<i>Viola</i> × <i>bissellii</i> House,SPECIES,Violaceae,6631.0,Viola,2874237.0,Viola bissellii,5331314.0,100,EXACT,3,2,Viola bissellii,Viola,Viola,Viola
Brassica rapa campestris,10737495,Brassica rapa campestris,"<i>Brassica</i> <i>rapa</i> var. <i>campestris</i> (L.) Kitam., 1950",VARIETY,Brassicaceae,3112.0,Brassica,3042506.0,Brassica rapa,7903057.0,85,EXACT,3,3,Brassica rapa campestris,Brassica,Brassica,Brassica
Ceanothus leucodermis,3039329,Ceanothus leucodermis,<i>Ceanothus</i> <i>leucodermis</i> Greene,SPECIES,Rhamnaceae,2407.0,Ceanothus,3039297.0,Ceanothus leucodermis,3039329.0,100,EXACT,2,2,Ceanothus leucodermis,Ceanothus,Ceanothus,Ceanothus
Rubus neomexicanus,2992911,Rubus neomexicanus,<i>Rubus</i> <i>neomexicanus</i> A.Gray,SPECIES,Rosaceae,5015.0,Rubus,2988638.0,Rubus neomexicanus,2992911.0,100,EXACT,2,2,Rubus neomexicanus,Rubus,Rubus,Rubus
Stellaria aquatica,5384501,Stellaria aquatica,<i>Stellaria</i> <i>aquatica</i> (L.) Scop.,SPECIES,Caryophyllaceae,2518.0,Stellaria,3085667.0,Stellaria aquatica,5384501.0,99,EXACT,2,2,Stellaria aquatica,Stellaria,Stellaria,Stellaria
Salicornia ambigua,5383931,Salicornia ambigua,<i>Salicornia</i> <i>ambigua</i> Michx.,SPECIES,Amaranthaceae,3064.0,Salicornia,3083796.0,Salicornia ambigua,5383931.0,100,EXACT,2,2,Salicornia ambigua,Salicornia,Salicornia,Salicornia
Trillium pusillum,2742209,Trillium pusillum,<i>Trillium</i> <i>pusillum</i> Michx.,SPECIES,Melanthiaceae,7700.0,Trillium,2742182.0,Trillium pusillum,2742209.0,99,EXACT,2,2,Trillium pusillum,Trillium,Trillium,Trillium
Quercus × walteriana,2879562,Quercus walteriana,<i>Quercus</i> × <i>walteriana</i> Ashe,SPECIES,Fagaceae,4689.0,Quercus,2877951.0,Quercus walteriana,2879562.0,100,EXACT,3,2,Quercus walteriana,Quercus,Quercus,Quercus
Monarda viridissima,5341417,Monarda viridissima,<i>Monarda</i> <i>viridissima</i> Correll,SPECIES,Lamiaceae,2497.0,Monarda,2926838.0,Monarda viridissima,5341417.0,100,EXACT,2,2,Monarda viridissima,Monarda,Monarda,Monarda
Allium canadense canadense,7227635,Allium canadense canadense,<i>Allium</i> <i>canadense</i> var. <i>canadense</i>,VARIETY,Amaryllidaceae,7682.0,Allium,9624496.0,Allium canadense,2855611.0,88,EXACT,3,3,Allium canadense canadense,Allium,Allium,Allium
Allium vineale compactum,2856968,Allium vineale compactum,<i>Allium</i> <i>vineale</i> subsp. <i>compactum</i> (Thuill.) K.Richt.,SUBSPECIES,Amaryllidaceae,7682.0,Allium,9624496.0,Allium vineale,7792960.0,84,EXACT,3,3,Allium vineale compactum,Allium,Allium,Allium
Vitis cinerea baileyana,5658537,Vitis cinerea baileyana,<i>Vitis</i> <i>cinerea</i> var. <i>baileyana</i> (Munson) Comeaux,VARIETY,Vitaceae,6672.0,Vitis,7467468.0,Vitis cinerea,5372379.0,88,EXACT,3,3,Vitis cinerea baileyana,Vitis,Vitis,Vitis
Stellaria irrigua,5384657,Stellaria irrigua,<i>Stellaria</i> <i>irrigua</i> Bunge,SPECIES,Caryophyllaceae,2518.0,Stellaria,3085667.0,Stellaria irrigua,5384657.0,100,EXACT,2,2,Stellaria irrigua,Stellaria,Stellaria,Stellaria
Crataegus harbisonii,3014045,Crataegus harbisonii,<i>Crataegus</i> <i>harbisonii</i> Beadle,SPECIES,Rosaceae,5015.0,Crataegus,3013395.0,Crataegus harbisonii,3014045.0,100,EXACT,2,2,Crataegus harbisonii,Crataegus,Crataegus,Crataegus
Crataegus canadensis,3014793,Crataegus canadensis,<i>Crataegus</i> <i>canadensis</i> Sarg.,SPECIES,Rosaceae,5015.0,Crataegus,3013395.0,Crataegus submollis,3015560.0,100,EXACT,2,2,Crataegus canadensis,Crataegus,Crataegus,Crataegus
Tradescantia occidentalis,2765322,Tradescantia occidentalis,<i>Tradescantia</i> <i>occidentalis</i> (Britton) Smyth,SPECIES,Commelinaceae,2763195.0,Tradescantia,2765096.0,Tradescantia occidentalis,2765322.0,99,EXACT,2,2,Tradescantia occidentalis,Tradescantia,Tradescantia,Tradescantia
Erythronium montanum,2752799,Erythronium montanum,<i>Erythronium</i> <i>montanum</i> S.Watson,SPECIES,Liliaceae,7699.0,Erythronium,2740136.0,Erythronium montanum,2752799.0,100,EXACT,2,2,Erythronium montanum,Erythronium,Erythronium,Erythronium
Cirsium undulatum,3113051,Cirsium undulatum,<i>Cirsium</i> <i>undulatum</i> (Nutt.) Spreng.,SPECIES,Asteraceae,3065.0,Cirsium,3112554.0,Cirsium undulatum,3113051.0,100,EXACT,2,2,Cirsium undulatum,Cirsium,Cirsium,Cirsium
Fragaria cascadensis,7649603,Fragaria cascadensis,<i>Fragaria</i> <i>cascadensis</i> K.E.Hummer,SPECIES,Rosaceae,5015.0,Fragaria,3029779.0,Fragaria cascadensis,7649603.0,100,EXACT,2,2,Fragaria cascadensis,Fragaria,Fragaria,Fragaria
Suaeda esteroa,3083530,Suaeda esteroa,<i>Suaeda</i> <i>esteroa</i> Ferren & S.A.Whitmore,SPECIES,Amaranthaceae,3064.0,Suaeda,7677792.0,Suaeda esteroa,3083530.0,100,EXACT,2,2,Suaeda esteroa,Suaeda,Suaeda,Suaeda
Stellaria longifolia,5384658,Stellaria longifolia,<i>Stellaria</i> <i>longifolia</i> (Regel) Muhl. ex Willd.,SPECIES,Caryophyllaceae,2518.0,Stellaria,3085667.0,Stellaria longifolia,5384658.0,99,EXACT,2,2,Stellaria longifolia,Stellaria,Stellaria,Stellaria
Trillium ovatum stenosepalum,2742415,Trillium ovatum stenosepalum,<i>Trillium</i> <i>ovatum</i> var. <i>stenosepalum</i> R.R.Gates,VARIETY,Melanthiaceae,7700.0,Trillium,2742182.0,Trillium ovatum,2742413.0,88,EXACT,3,3,Trillium ovatum stenosepalum,Trillium,Trillium,Trillium
Viola viarum,5331213,Viola viarum,<i>Viola</i> <i>viarum</i> Pollard,SPECIES,Violaceae,6631.0,Viola,2874237.0,Viola viarum,5331213.0,100,EXACT,2,2,Viola viarum,Viola,Viola,Viola
Clinopodium menthifolium,11007246,Clinopodium menthifolium,<i>Clinopodium</i> <i>menthifolium</i> (Host) Merino,SPECIES,Lamiaceae,2497.0,Clinopodium,2926907.0,Clinopodium menthifolium,11007246.0,99,EXACT,2,2,Clinopodium menthifolium,Clinopodium,Clinopodium,Clinopodium
Mentha × rotundifolia,8974899,Mentha rotundifolia,<i>Mentha</i> × <i>rotundifolia</i> (L.) Huds.,SPECIES,Lamiaceae,2497.0,Mentha,2927173.0,Mentha rotundifolia,8974899.0,99,EXACT,3,2,Mentha rotundifolia,Mentha,Mentha,Mentha
Lomatium foeniculaceum foeniculaceum,7224232,Lomatium foeniculaceum foeniculaceum,<i>Lomatium</i> <i>foeniculaceum</i> subsp. <i>foeniculaceum</i>,SUBSPECIES,Apiaceae,6720.0,Lomatium,8394726.0,Lomatium foeniculaceum,3034267.0,85,EXACT,3,3,Lomatium foeniculaceum foeniculaceum,Lomatium,Lomatium,Lomatium
Rubus leviculus,2993721,Rubus leviculus,<i>Rubus</i> <i>leviculus</i> L.H.Bailey,SPECIES,Rosaceae,5015.0,Rubus,2988638.0,Rubus serratus,2992000.0,100,EXACT,2,2,Rubus leviculus,Rubus,Rubus,Rubus
Rumex sibiricus,9096611,Rumex sibiricus,<i>Rumex</i> <i>sibiricus</i> Hultén,SPECIES,Polygonaceae,2416.0,Rumex,2888942.0,Rumex sibiricus,9096611.0,100,EXACT,2,2,Rumex sibiricus,Rumex,Rumex,Rumex
Allium campanulatum,2856719,Allium campanulatum,<i>Allium</i> <i>campanulatum</i> S.Watson,SPECIES,Amaryllidaceae,7682.0,Allium,9624496.0,Allium campanulatum,2856719.0,100,EXACT,2,2,Allium campanulatum,Allium,Allium,Allium
Physalis caudella,5341776,Physalis caudella,<i>Physalis</i> <i>caudella</i> Standl.,SPECIES,Solanaceae,7717.0,Physalis,2928907.0,Physalis caudella,5341776.0,100,EXACT,2,2,Physalis caudella,Physalis,Physalis,Physalis
Vaccinium × brunoense,11177994,Vaccinium brunoense,<i>Vaccinium</i> × <i>brunoense</i> P.W.Fritsch,SPECIES,Ericaceae,2505.0,Vaccinium,2882813.0,Vaccinium brunoense,11177994.0,100,EXACT,3,2,Vaccinium brunoense,Vaccinium,Vaccinium,Vaccinium
Amelanchier obovalis,3023872,Amelanchier obovalis,<i>Amelanchier</i> <i>obovalis</i> (Michx.) Ashe,SPECIES,Rosaceae,5015.0,Amelanchier,3023817.0,Amelanchier obovalis,3023872.0,100,EXACT,2,2,Amelanchier obovalis,Amelanchier,Amelanchier,Amelanchier
Physalis virginiana virginiana,8016426,Physalis virginiana virginiana,<i>Physalis</i> <i>virginiana</i> var. <i>virginiana</i>,VARIETY,Solanaceae,7717.0,Physalis,2928907.0,Physalis virginiana,5341786.0,88,EXACT,3,3,Physalis virginiana virginiana,Physalis,Physalis,Physalis
Persicaria odorata,4033932,Persicaria odorata,<i>Persicaria</i> <i>odorata</i> (Lour.) Soják,SPECIES,Polygonaceae,2416.0,Persicaria,6390748.0,Persicaria odorata,4033932.0,100,EXACT,2,2,Persicaria odorata,Persicaria,Persicaria,Persicaria
Cirsium crassicaule,3113617,Cirsium crassicaule,<i>Cirsium</i> <i>crassicaule</i> (Greene) Jeps.,SPECIES,Asteraceae,3065.0,Cirsium,3112554.0,Cirsium crassicaule,3113617.0,100,EXACT,2,2,Cirsium crassicaule,Cirsium,Cirsium,Cirsium
Sanicula tuberosa,3034838,Sanicula tuberosa,<i>Sanicula</i> <i>tuberosa</i> Torr.,SPECIES,Apiaceae,6720.0,Sanicula,3034831.0,Sanicula tuberosa,3034838.0,100,EXACT,2,2,Sanicula tuberosa,Sanicula,Sanicula,Sanicula
Allium perdulce,2856317,Allium perdulce,<i>Allium</i> <i>perdulce</i> S.V.Fraser,SPECIES,Amaryllidaceae,7682.0,Allium,9624496.0,Allium perdulce,2856317.0,100,EXACT,2,2,Allium perdulce,Allium,Allium,Allium
Allium parvum,2856693,Allium parvum,<i>Allium</i> <i>parvum</i> Kellogg,SPECIES,Amaryllidaceae,7682.0,Allium,9624496.0,Allium parvum,2856693.0,100,EXACT,2,2,Allium parvum,Allium,Allium,Allium
Crataegus coccinea,7790614,Crataegus coccinea,<i>Crataegus</i> <i>coccinea</i> L.,SPECIES,Rosaceae,5015.0,Crataegus,3013395.0,Crataegus coccinea,7790614.0,99,EXACT,2,2,Crataegus coccinea,Crataegus,Crataegus,Crataegus
Cirsium occidentale compactum,4220433,Cirsium occidentale compactum,<i>Cirsium</i> <i>occidentale</i> var. <i>compactum</i> Hoover,VARIETY,Asteraceae,3065.0,Cirsium,3112554.0,Cirsium occidentale,3114557.0,88,EXACT,3,3,Cirsium occidentale compactum,Cirsium,Cirsium,Cirsium
Viburnum molle,2888618,Viburnum molle,<i>Viburnum</i> <i>molle</i> Michx.,SPECIES,Viburnaceae,4924416.0,Viburnum,2888580.0,Viburnum molle,2888618.0,100,EXACT,2,2,Viburnum molle,Viburnum,Viburnum,Viburnum
Stellaria neglecta,6363436,Stellaria neglecta,<i>Stellaria</i> <i>neglecta</i> (Lej.) Weihe,SPECIES,Caryophyllaceae,2518.0,Stellaria,3085667.0,Stellaria neglecta,6363436.0,99,EXACT,2,2,Stellaria neglecta,Stellaria,Stellaria,Stellaria
Quercus × caesariensis,2878463,Quercus caesariensis,<i>Quercus</i> × <i>caesariensis</i> Moldenke,SPECIES,Fagaceae,4689.0,Quercus,2877951.0,Quercus caesariensis,2878463.0,100,EXACT,3,2,Quercus caesariensis,Quercus,Quercus,Quercus
Viola patrinii,7390250,Viola patrinii,<i>Viola</i> <i>patrinii</i> Ging.,SPECIES,Violaceae,6631.0,Viola,2874237.0,Viola patrinii,7390250.0,99,EXACT,2,2,Viola patrinii,Viola,Viola,Viola
Lathyrus venosus arkansanus,7970629,Lathyrus venosus arkansanus,<i>Lathyrus</i> <i>venosus</i> var. <i>arkansanus</i> Fassett,VARIETY,Fabaceae,5386.0,Lathyrus,10356062.0,Lathyrus venosus,5356511.0,85,EXACT,3,3,Lathyrus venosus arkansanus,Lathyrus,Lathyrus,Lathyrus
Trillium erectum album,2742343,Trillium erectum album,<i>Trillium</i> <i>erectum</i> var. <i>album</i> (Michx.) Pursh,VARIETY,Melanthiaceae,7700.0,Trillium,2742182.0,Trillium erectum,2742342.0,88,EXACT,3,3,Trillium erectum album,Trillium,Trillium,Trillium
Quercus gravesii,2879752,Quercus gravesii,<i>Quercus</i> <i>gravesii</i> Sudw.,SPECIES,Fagaceae,4689.0,Quercus,2877951.0,Quercus gravesii,2879752.0,100,EXACT,2,2,Quercus gravesii,Quercus,Quercus,Quercus
Malus hupehensis,3001077,Malus hupehensis,<i>Malus</i> <i>hupehensis</i> (Pamp.) Rehder,SPECIES,Rosaceae,5015.0,Malus,3001068.0,Malus hupehensis,3001077.0,99,EXACT,2,2,Malus hupehensis,Malus,Malus,Malus
Liatris punctata mucronata,4243109,Liatris punctata mucronata,<i>Liatris</i> <i>punctata</i> var. <i>mucronata</i> (DC.) B.L.Turner,VARIETY,Asteraceae,3065.0,Liatris,3104263.0,Liatris punctata,3104349.0,88,EXACT,3,3,Liatris punctata mucronata,Liatris,Liatris,Liatris
Quercus grisea,2879358,Quercus grisea,<i>Quercus</i> <i>grisea</i> Liebm.,SPECIES,Fagaceae,4689.0,Quercus,2877951.0,Quercus grisea,2879358.0,100,EXACT,2,2,Quercus grisea,Quercus,Quercus,Quercus
Viola clauseniana,5331212,Viola clauseniana,<i>Viola</i> <i>clauseniana</i> Baker,SPECIES,Violaceae,6631.0,Viola,2874237.0,Viola clauseniana,5331212.0,100,EXACT,2,2,Viola clauseniana,Viola,Viola,Viola
Viola glaberrima,8055626,Viola glaberrima,<i>Viola</i> <i>glaberrima</i> (Ging. ex Chapm.) House,SPECIES,Violaceae,6631.0,Viola,2874237.0,Viola glaberrima,8055626.0,99,EXACT,2,2,Viola glaberrima,Viola,Viola,Viola
Acer rubrum rubrum,7990464,Acer rubrum rubrum,<i>Acer</i> <i>rubrum</i> var. <i>rubrum</i>,VARIETY,Sapindaceae,6657.0,Acer,3189834.0,Acer rubrum,3189883.0,85,EXACT,3,3,Acer rubrum rubrum,Acer,Acer,Acer
Cirsium hesperium,7402863,Cirsium hesperium,<i>Cirsium</i> <i>hesperium</i> (Eastw.) Rydb.,SPECIES,Asteraceae,3065.0,Cirsium,3112554.0,Cirsium hesperium,7402863.0,99,EXACT,2,2,Cirsium hesperium,Cirsium,Cirsium,Cirsium
Monarda lindheimeri,5341401,Monarda lindheimeri,<i>Monarda</i> <i>lindheimeri</i> Engelm. & A.Gray,SPECIES,Lamiaceae,2497.0,Monarda,2926838.0,Monarda lindheimeri,5341401.0,100,EXACT,2,2,Monarda lindheimeri,Monarda,Monarda,Monarda
Viola purpurea purpurea,7095978,Viola purpurea purpurea,<i>Viola</i> <i>purpurea</i> subsp. <i>purpurea</i>,SUBSPECIES,Violaceae,6631.0,Viola,2874237.0,Viola purpurea,5331324.0,85,EXACT,3,3,Viola purpurea purpurea,Viola,Viola,Viola
Viola utahensis,5331267,Viola utahensis,<i>Viola</i> <i>utahensis</i> M.S.Baker & J.C.Clausen,SPECIES,Violaceae,6631.0,Viola,2874237.0,Viola utahensis,5331267.0,100,EXACT,2,2,Viola utahensis,Viola,Viola,Viola
Tradescantia subaspera subaspera,7227458,Tradescantia subaspera subaspera,<i>Tradescantia</i> <i>subaspera</i> var. <i>subaspera</i>,VARIETY,Commelinaceae,2763195.0,Tradescantia,2765096.0,Tradescantia subaspera,2765298.0,88,EXACT,3,3,Tradescantia subaspera subaspera,Tradescantia,Tradescantia,Tradescantia
Viola × fallacissima,5663492,Viola fallacissima,<i>Viola</i> × <i>fallacissima</i> Greene,SPECIES,Violaceae,6631.0,Viola,2874237.0,Viola bernardii,5331381.0,100,EXACT,3,2,Viola fallacissima,Viola,Viola,Viola
Rhus virens,3190539,Rhus virens,<i>Rhus</i> <i>virens</i> Lindh. ex A.Gray,SPECIES,Anacardiaceae,2398.0,Rhus,3190534.0,Rhus virens,3190539.0,99,EXACT,2,2,Rhus virens,Rhus,Rhus,Rhus
Yucca arkansana,2775587,Yucca arkansana,<i>Yucca</i> <i>arkansana</i> Trel.,SPECIES,Asparagaceae,7683.0,Yucca,2775496.0,Yucca arkansana,2775587.0,100,EXACT,2,2,Yucca arkansana,Yucca,Yucca,Yucca
Mentha aquatica,2927208,Mentha aquatica,<i>Mentha</i> <i>aquatica</i> L.,SPECIES,Lamiaceae,2497.0,Mentha,2927173.0,Mentha aquatica,2927208.0,99,EXACT,2,2,Mentha aquatica,Mentha,Mentha,Mentha
Tradescantia zebrina,2765359,Tradescantia zebrina,<i>Tradescantia</i> <i>zebrina</i> Bosse,SPECIES,Commelinaceae,2763195.0,Tradescantia,2765096.0,Tradescantia zebrina,2765359.0,99,EXACT,2,2,Tradescantia zebrina,Tradescantia,Tradescantia,Tradescantia
Crataegus collina,3013545,Crataegus collina,<i>Crataegus</i> <i>collina</i> Chapm.,SPECIES,Rosaceae,5015.0,Crataegus,3013395.0,Crataegus collina,3013545.0,100,EXACT,2,2,Crataegus collina,Crataegus,Crataegus,Crataegus
Trillium recurvatum luteum,2742264,Trillium recurvatum luteum,<i>Trillium</i> <i>recurvatum</i> f. <i>luteum</i> Friesner,FORM,Melanthiaceae,7700.0,Trillium,2742182.0,Trillium recurvatum,2742260.0,84,EXACT,3,3,Trillium recurvatum luteum,Trillium,Trillium,Trillium
Viola primulifolia occidentalis,5665013,Viola primulifolia occidentalis,<i>Viola</i> <i>primulifolia</i> var. <i>occidentalis</i> A.Gray,VARIETY,Violaceae,6631.0,Viola,2874237.0,Viola occidentalis,5664675.0,84,EXACT,3,3,Viola primulifolia occidentalis,Viola,Viola,Viola
Viburnum venosum,6369834,Viburnum venosum,<i>Viburnum</i> <i>venosum</i> Britton,SPECIES,Viburnaceae,4924416.0,Viburnum,2888580.0,Viburnum venosum,6369834.0,100,EXACT,2,2,Viburnum venosum,Viburnum,Viburnum,Viburnum
Allium cepa,2857697,Allium cepa,<i>Allium</i> <i>cepa</i> L.,SPECIES,Amaryllidaceae,7682.0,Allium,9624496.0,Allium cepa,2857697.0,100,EXACT,2,2,Allium cepa,Allium,Allium,Allium
Crataegus coccinea coccinea,3015572,Crataegus coccinea coccinea,<i>Crataegus</i> <i>coccinea</i> var. <i>coccinea</i>,VARIETY,Rosaceae,5015.0,Crataegus,3013395.0,Crataegus coccinea,7790614.0,88,EXACT,3,3,Crataegus coccinea coccinea,Crataegus,Crataegus,Crataegus
Muscari commutatum,2772145,Muscari commutatum,<i>Muscari</i> <i>commutatum</i> Guss.,SPECIES,Asparagaceae,7683.0,Muscari,2772004.0,Muscari commutatum,2772145.0,100,EXACT,2,2,Muscari commutatum,Muscari,Muscari,Muscari
Cirsium occidentale,3114557,Cirsium occidentale,<i>Cirsium</i> <i>occidentale</i> (Nutt.) Jeps.,SPECIES,Asteraceae,3065.0,Cirsium,3112554.0,Cirsium occidentale,3114557.0,100,EXACT,2,2,Cirsium occidentale,Cirsium,Cirsium,Cirsium
Viola pedunculata,5331230,Viola pedunculata,<i>Viola</i> <i>pedunculata</i> Torr. & A.Gray,SPECIES,Violaceae,6631.0,Viola,2874237.0,Viola pedunculata,5331230.0,100,EXACT,2,2,Viola pedunculata,Viola,Viola,Viola
Oxalis macrantha,2891648,Oxalis macrantha,<i>Oxalis</i> <i>macrantha</i> (Trel.) Small,SPECIES,Oxalidaceae,6697.0,Oxalis,2891642.0,Oxalis macrantha,2891648.0,100,EXACT,2,2,Oxalis macrantha,Oxalis,Oxalis,Oxalis
Quercus sinuata sinuata,7226621,Quercus sinuata sinuata,<i>Quercus</i> <i>sinuata</i> var. <i>sinuata</i>,VARIETY,Fagaceae,4689.0,Quercus,2877951.0,Quercus sinuata,2879488.0,88,EXACT,3,3,Quercus sinuata sinuata,Quercus,Quercus,Quercus
Viola blanda,5331300,Viola blanda,<i>Viola</i> <i>blanda</i> Willd.,SPECIES,Violaceae,6631.0,Viola,2874237.0,Viola blanda,5331300.0,99,EXACT,2,2,Viola blanda,Viola,Viola,Viola
Physalis fendleri,6402943,Physalis fendleri,<i>Physalis</i> <i>fendleri</i> A.Gray,SPECIES,Solanaceae,7717.0,Physalis,2928907.0,Physalis fendleri,6402943.0,100,EXACT,2,2,Physalis fendleri,Physalis,Physalis,Physalis
Muscari comosum,2769204,Muscari comosum,<i>Muscari</i> <i>comosum</i> (L.) Mill.,SPECIES,Asparagaceae,7683.0,Muscari,2772004.0,Muscari comosum,2769204.0,100,EXACT,2,2,Muscari comosum,Muscari,Muscari,Muscari
Onopordum acanthium acanthium,6303618,Onopordum acanthium acanthium,<i>Onopordum</i> <i>acanthium</i> var. <i>acanthium</i>,VARIETY,Asteraceae,3065.0,Onopordum,3094883.0,Onopordum acanthium,3094900.0,88,EXACT,3,3,Onopordum acanthium acanthium,Onopordum,Onopordum,Onopordum
Lomatium foeniculaceum inyoense,3635208,Lomatium foeniculaceum inyoense,<i>Lomatium</i> <i>foeniculaceum</i> subsp. <i>inyoense</i> (Mathias & Constance) W.L.Theob.,SUBSPECIES,Apiaceae,6720.0,Lomatium,8394726.0,Lomatium foeniculaceum,3034267.0,85,EXACT,3,3,Lomatium foeniculaceum inyoense,Lomatium,Lomatium,Lomatium
Vaccinium scoparium,8383191,Vaccinium scoparium,<i>Vaccinium</i> <i>scoparium</i> Leiberg,SPECIES,Ericaceae,2505.0,Vaccinium,2882813.0,Vaccinium scoparium,8383191.0,99,EXACT,2,2,Vaccinium scoparium,Vaccinium,Vaccinium,Vaccinium
Ceanothus pauciflorus,3876325,Ceanothus pauciflorus,<i>Ceanothus</i> <i>pauciflorus</i> Moc. & Sessé ex DC.,SPECIES,Rhamnaceae,2407.0,Ceanothus,3039297.0,Ceanothus pauciflorus,3876325.0,99,EXACT,2,2,Ceanothus pauciflorus,Ceanothus,Ceanothus,Ceanothus
Physalis peruviana,5341784,Physalis peruviana,<i>Physalis</i> <i>peruviana</i> L.,SPECIES,Solanaceae,7717.0,Physalis,2928907.0,Physalis peruviana,5341784.0,99,EXACT,2,2,Physalis peruviana,Physalis,Physalis,Physalis
Quercus prinoides,2879759,Quercus prinoides,<i>Quercus</i> <i>prinoides</i> Willd.,SPECIES,Fagaceae,4689.0,Quercus,2877951.0,Quercus prinoides,2879759.0,99,EXACT,2,2,Quercus prinoides,Quercus,Quercus,Quercus
Allium fibrillum,8035897,Allium fibrillum,<i>Allium</i> <i>fibrillum</i> M.E.Jones,SPECIES,Amaryllidaceae,7682.0,Allium,9624496.0,Allium fibrillum,8035897.0,99,EXACT,2,2,Allium fibrillum,Allium,Allium,Allium
Viburnum odoratissimum,2888626,Viburnum odoratissimum,<i>Viburnum</i> <i>odoratissimum</i> Ker Gawl.,SPECIES,Viburnaceae,4924416.0,Viburnum,2888580.0,Viburnum odoratissimum,2888626.0,99,EXACT,2,2,Viburnum odoratissimum,Viburnum,Viburnum,Viburnum
Cirsium turneri,3113147,Cirsium turneri,<i>Cirsium</i> <i>turneri</i> Warnock,SPECIES,Asteraceae,3065.0,Cirsium,3112554.0,Cirsium turneri,3113147.0,100,EXACT,2,2,Cirsium turneri,Cirsium,Cirsium,Cirsium
Crataegus pruinosa pruinosa,7271838,Crataegus pruinosa pruinosa,<i>Crataegus</i> <i>pruinosa</i> f. <i>pruinosa</i>,FORM,Rosaceae,5015.0,Crataegus,3013395.0,Crataegus pruinosa,7790552.0,84,EXACT,3,3,Crataegus pruinosa pruinosa,Crataegus,Crataegus,Crataegus
Pinus elliottii,5285777,Pinus elliottii,<i>Pinus</i> <i>elliottii</i> Engelm.,SPECIES,Pinaceae,3925.0,Pinus,2684241.0,Pinus elliottii,5285777.0,100,EXACT,2,2,Pinus elliottii,Pinus,Pinus,Pinus
Quercus dumosa,2880740,Quercus dumosa,<i>Quercus</i> <i>dumosa</i> Nutt.,SPECIES,Fagaceae,4689.0,Quercus,2877951.0,Quercus dumosa,2880740.0,100,EXACT,2,2,Quercus dumosa,Quercus,Quercus,Quercus
Picea engelmannii,5284917,Picea engelmannii,<i>Picea</i> <i>engelmannii</i> Parry ex Engelm.,SPECIES,Pinaceae,3925.0,Picea,7606064.0,Picea engelmannii,5284917.0,99,EXACT,2,2,Picea engelmannii,Picea,Picea,Picea
Gleditsia triacanthos triacanthos,7278328,Gleditsia triacanthos triacanthos,<i>Gleditsia</i> <i>triacanthos</i> f. <i>triacanthos</i>,FORM,Fabaceae,5386.0,Gleditsia,2959442.0,Gleditsia triacanthos,2959443.0,85,EXACT,3,3,Gleditsia triacanthos triacanthos,Gleditsia,Gleditsia,Gleditsia
Pycnanthemum verticillatum pilosum,3890974,Pycnanthemum verticillatum pilosum,<i>Pycnanthemum</i> <i>verticillatum</i> var. <i>pilosum</i> (Nutt.) Cooperr.,VARIETY,Lamiaceae,2497.0,Pycnanthemum,2927338.0,Pycnanthemum verticillatum,2927363.0,88,EXACT,3,3,Pycnanthemum verticillatum pilosum,Pycnanthemum,Pycnanthemum,Pycnanthemum
Stellaria crassifolia,5384660,Stellaria crassifolia,<i>Stellaria</i> <i>crassifolia</i> Ehrh.,SPECIES,Caryophyllaceae,2518.0,Stellaria,3085667.0,Stellaria crassifolia,5384660.0,99,EXACT,2,2,Stellaria crassifolia,Stellaria,Stellaria,Stellaria
Cirsium cymosum cymosum,6444479,Cirsium cymosum cymosum,<i>Cirsium</i> <i>cymosum</i> var. <i>cymosum</i>,VARIETY,Asteraceae,3065.0,Cirsium,3112554.0,Cirsium cymosum,6444478.0,88,EXACT,3,3,Cirsium cymosum cymosum,Cirsium,Cirsium,Cirsium
Sanicula peckiana,3034836,Sanicula peckiana,<i>Sanicula</i> <i>peckiana</i> J.F.Macbr.,SPECIES,Apiaceae,6720.0,Sanicula,3034831.0,Sanicula peckiana,3034836.0,100,EXACT,2,2,Sanicula peckiana,Sanicula,Sanicula,Sanicula
Allium cernuum cernuum,4270238,Allium cernuum cernuum,<i>Allium</i> <i>cernuum</i> var. <i>cernuum</i>,VARIETY,Amaryllidaceae,7682.0,Allium,9624496.0,Allium cernuum,2856745.0,88,EXACT,3,3,Allium cernuum cernuum,Allium,Allium,Allium
Cirsium andrewsii,3112868,Cirsium andrewsii,<i>Cirsium</i> <i>andrewsii</i> (A.Gray) Jeps.,SPECIES,Asteraceae,3065.0,Cirsium,3112554.0,Cirsium andrewsii,3112868.0,99,EXACT,2,2,Cirsium andrewsii,Cirsium,Cirsium,Cirsium
Vicia ludoviciana,2975352,Vicia ludoviciana,<i>Vicia</i> <i>ludoviciana</i> Nutt.,SPECIES,Fabaceae,5386.0,Vicia,2974751.0,Vicia ludoviciana,2975352.0,99,EXACT,2,2,Vicia ludoviciana,Vicia,Vicia,Vicia
Tradescantia hirsuticaulis,2765306,Tradescantia hirsuticaulis,<i>Tradescantia</i> <i>hirsuticaulis</i> Small,SPECIES,Commelinaceae,2763195.0,Tradescantia,2765096.0,Tradescantia hirsuticaulis,2765306.0,100,EXACT,2,2,Tradescantia hirsuticaulis,Tradescantia,Tradescantia,Tradescantia
Cirsium tweedyi,4218494,Cirsium tweedyi,"<i>Cirsium</i> <i>tweedyi</i> (Rydb.) Petr., 1917",SPECIES,Asteraceae,3065.0,Cirsium,3112554.0,Cirsium eatonii,3113381.0,99,EXACT,2,2,Cirsium tweedyi,Cirsium,Cirsium,Cirsium
Quercus hemisphaerica,2877348,Quercus hemisphaerica,<i>Quercus</i> <i>hemisphaerica</i> W.Bartram ex Willd.,SPECIES,Fagaceae,4689.0,Quercus,2877951.0,Quercus hemisphaerica,2877348.0,99,EXACT,2,2,Quercus hemisphaerica,Quercus,Quercus,Quercus
Cirsium carolinianum,3112872,Cirsium carolinianum,<i>Cirsium</i> <i>carolinianum</i> (Walter) Fernald & Schub.,SPECIES,Asteraceae,3065.0,Cirsium,3112554.0,Cirsium carolinianum,3112872.0,100,EXACT,2,2,Cirsium carolinianum,Cirsium,Cirsium,Cirsium
Vicia americana americana,7225461,Vicia americana americana,<i>Vicia</i> <i>americana</i> var. <i>americana</i>,VARIETY,Fabaceae,5386.0,Vicia,2974751.0,Vicia americana,2975204.0,85,EXACT,3,3,Vicia americana americana,Vicia,Vicia,Vicia
Clinopodium nepeta,8916040,Clinopodium nepeta,<i>Clinopodium</i> <i>nepeta</i> (L.) Kuntze,SPECIES,Lamiaceae,2497.0,Clinopodium,2926907.0,Clinopodium nepeta,8916040.0,100,EXACT,2,2,Clinopodium nepeta,Clinopodium,Clinopodium,Clinopodium
Ambrosia trifida texana,4249366,Ambrosia trifida texana,<i>Ambrosia</i> <i>trifida</i> var. <i>texana</i> Scheele,VARIETY,Asteraceae,3065.0,Ambrosia,3110576.0,Ambrosia trifida,3110588.0,88,EXACT,3,3,Ambrosia trifida texana,Ambrosia,Ambrosia,Ambrosia
Crataegus chrysocarpa,3015853,Crataegus chrysocarpa,<i>Crataegus</i> <i>chrysocarpa</i> Ashe,SPECIES,Rosaceae,5015.0,Crataegus,3013395.0,Crataegus chrysocarpa,3015853.0,100,EXACT,2,2,Crataegus chrysocarpa,Crataegus,Crataegus,Crataegus
Vicia minutiflora,2975172,Vicia minutiflora,<i>Vicia</i> <i>minutiflora</i> D.Dietr.,SPECIES,Fabaceae,5386.0,Vicia,2974751.0,Vicia minutiflora,2975172.0,100,EXACT,2,2,Vicia minutiflora,Vicia,Vicia,Vicia
Ribes sericeum,2986102,Ribes sericeum,<i>Ribes</i> <i>sericeum</i> Eastw.,SPECIES,Grossulariaceae,2403.0,Ribes,2986095.0,Ribes sericeum,2986102.0,100,EXACT,2,2,Ribes sericeum,Ribes,Ribes,Ribes
Claytonia rubra depressa,4022562,Claytonia rubra depressa,<i>Claytonia</i> <i>rubra</i> subsp. <i>depressa</i> (A.Gray) J.M.Mill. & K.L.Chambers,SUBSPECIES,Montiaceae,4898338.0,Claytonia,3084729.0,Claytonia rubra,3084740.0,88,EXACT,3,3,Claytonia rubra depressa,Claytonia,Claytonia,Claytonia
Allium oxyphilum,2857535,Allium oxyphilum,<i>Allium</i> <i>oxyphilum</i> Wherry,SPECIES,Amaryllidaceae,7682.0,Allium,9624496.0,Allium cernuum,2856745.0,100,EXACT,2,2,Allium oxyphilum,Allium,Allium,Allium
Vicia ludoviciana leavenworthii,6373407,Vicia ludoviciana leavenworthii,<i>Vicia</i> <i>ludoviciana</i> var. <i>leavenworthii</i> (Torr. & A.Gray) Broich,VARIETY,Fabaceae,5386.0,Vicia,2974751.0,Vicia ludoviciana,2975352.0,85,EXACT,3,3,Vicia ludoviciana leavenworthii,Vicia,Vicia,Vicia
Erythronium umbilicatum monostolum,2752905,Erythronium umbilicatum monostolum,<i>Erythronium</i> <i>umbilicatum</i> subsp. <i>monostolum</i> C.R.Parks & Hardin,SUBSPECIES,Liliaceae,7699.0,Erythronium,2740136.0,Erythronium umbilicatum,2752903.0,88,EXACT,3,3,Erythronium umbilicatum monostolum,Erythronium,Erythronium,Erythronium
Allium schubertii,2857583,Allium schubertii,<i>Allium</i> <i>schubertii</i> Zucc.,SPECIES,Amaryllidaceae,7682.0,Allium,9624496.0,Allium schubertii,2857583.0,100,EXACT,2,2,Allium schubertii,Allium,Allium,Allium
Commelina erecta deamiana,2764434,Commelina erecta deamiana,<i>Commelina</i> <i>erecta</i> var. <i>deamiana</i> Fernald,VARIETY,Commelinaceae,2763195.0,Commelina,2763939.0,Commelina erecta,2764389.0,88,EXACT,3,3,Commelina erecta deamiana,Commelina,Commelina,Commelina
Quercus mexicana,2879574,Quercus mexicana,<i>Quercus</i> <i>mexicana</i> Bonpl.,SPECIES,Fagaceae,4689.0,Quercus,2877951.0,Quercus mexicana,2879574.0,99,EXACT,2,2,Quercus mexicana,Quercus,Quercus,Quercus
Quercus mohriana,2880351,Quercus mohriana,<i>Quercus</i> <i>mohriana</i> Buckley ex Rydb.,SPECIES,Fagaceae,4689.0,Quercus,2877951.0,Quercus mohriana,2880351.0,99,EXACT,2,2,Quercus mohriana,Quercus,Quercus,Quercus
Ionoxalis,7318113,Ionoxalis,<i>Ionoxalis</i> Small,GENUS,Oxalidaceae,6697.0,Oxalis,2891642.0,,,96,HIGHERRANK,1,1,Ionoxalis,Ionoxalis,Ionoxalis,Ionoxalis
Astragalus crassicarpus berlandieri,5343639,Astragalus crassicarpus berlandieri,<i>Astragalus</i> <i>crassicarpus</i> var. <i>berlandieri</i> Barneby,VARIETY,Fabaceae,5386.0,Astragalus,2933951.0,Astragalus crassicarpus,5343637.0,88,EXACT,3,3,Astragalus crassicarpus berlandieri,Astragalus,Astragalus,Astragalus
Yucca glauca stricta,2775502,Yucca glauca stricta,<i>Yucca</i> <i>glauca</i> var. <i>stricta</i> (Sims) Trel.,VARIETY,Asparagaceae,7683.0,Yucca,2775496.0,Yucca glauca,2775497.0,84,EXACT,3,3,Yucca glauca stricta,Yucca,Yucca,Yucca
Lilium parvum,2753310,Lilium parvum,<i>Lilium</i> <i>parvum</i> Kellogg,SPECIES,Liliaceae,7699.0,Lilium,2752977.0,Lilium parvum,2753310.0,100,EXACT,2,2,Lilium parvum,Lilium,Lilium,Lilium
Ribes montigenum,10137876,Ribes montigenum,<i>Ribes</i> <i>montigenum</i> Mc Clatchie,SPECIES,Grossulariaceae,2403.0,Ribes,2986095.0,Ribes montigenum,10137876.0,99,EXACT,2,2,Ribes montigenum,Ribes,Ribes,Ribes
Quercus palustris,8313153,Quercus palustris,<i>Quercus</i> <i>palustris</i> Münchh.,SPECIES,Fagaceae,4689.0,Quercus,2877951.0,Quercus palustris,8313153.0,99,EXACT,2,2,Quercus palustris,Quercus,Quercus,Quercus
Quercus shumardii,2878289,Quercus shumardii,<i>Quercus</i> <i>shumardii</i> Buckley,SPECIES,Fagaceae,4689.0,Quercus,2877951.0,Quercus shumardii,2878289.0,100,EXACT,2,2,Quercus shumardii,Quercus,Quercus,Quercus
Acer negundo violaceum,8282529,Acer negundo violaceum,<i>Acer</i> <i>negundo</i> var. <i>violaceum</i> (G.Kirchn.) H.Jaeger,VARIETY,Sapindaceae,6657.0,Acer,3189834.0,Acer negundo,3189866.0,85,EXACT,3,3,Acer negundo violaceum,Acer,Acer,Acer
Erythronium hendersonii,2752803,Erythronium hendersonii,<i>Erythronium</i> <i>hendersonii</i> S.Watson,SPECIES,Liliaceae,7699.0,Erythronium,2740136.0,Erythronium hendersonii,2752803.0,100,EXACT,2,2,Erythronium hendersonii,Erythronium,Erythronium,Erythronium
Viola novae-angliae,5331232,Viola novae-angliae,<i>Viola</i> <i>novae-angliae</i> House,SPECIES,Violaceae,6631.0,Viola,2874237.0,Viola novae-angliae,5331232.0,100,EXACT,2,2,Viola novae-angliae,Viola,Viola,Viola
Claytonia virginica virginica,7288808,Claytonia virginica virginica,<i>Claytonia</i> <i>virginica</i> f. <i>virginica</i>,FORM,Montiaceae,4898338.0,Claytonia,3084729.0,Claytonia virginica,3084745.0,84,EXACT,3,3,Claytonia virginica virginica,Claytonia,Claytonia,Claytonia
Pycnanthemum pycnanthemoides pycnanthemoides,7096218,Pycnanthemum pycnanthemoides pycnanthemoides,<i>Pycnanthemum</i> <i>pycnanthemoides</i> var. <i>pycnanthemoides</i>,VARIETY,Lamiaceae,2497.0,Pycnanthemum,2927338.0,Pycnanthemum pycnanthemoides,2927362.0,88,EXACT,3,3,Pycnanthemum pycnanthemoides pycnanthemoides,Pycnanthemum,Pycnanthemum,Pycnanthemum
Chamaenerion angustifolium angustifolium,7322650,Chamaenerion angustifolium angustifolium,<i>Chamaenerion</i> <i>angustifolium</i> subsp. <i>angustifolium</i>,SUBSPECIES,Onagraceae,2430.0,Chamaenerion,8406741.0,Chamaenerion angustifolium,6428353.0,88,EXACT,3,3,Chamaenerion angustifolium angustifolium,Chamaenerion,Chamaenerion,Chamaenerion
Rubus allegheniensis gravesii,2992947,Rubus allegheniensis gravesii,<i>Rubus</i> <i>allegheniensis</i> var. <i>gravesii</i> (Fernald) Fernald,VARIETY,Rosaceae,5015.0,Rubus,2988638.0,Rubus allegheniensis,8235931.0,88,EXACT,3,3,Rubus allegheniensis gravesii,Rubus,Rubus,Rubus
Physalis crassifolia,5341782,Physalis crassifolia,<i>Physalis</i> <i>crassifolia</i> Benth.,SPECIES,Solanaceae,7717.0,Physalis,2928907.0,Physalis crassifolia,5341782.0,100,EXACT,2,2,Physalis crassifolia,Physalis,Physalis,Physalis
Sorbus aucuparia,3012167,Sorbus aucuparia,<i>Sorbus</i> <i>aucuparia</i> L.,SPECIES,Rosaceae,5015.0,Sorbus,3012146.0,Sorbus aucuparia,3012167.0,99,EXACT,2,2,Sorbus aucuparia,Sorbus,Sorbus,Sorbus
Quercus john-tuckeri,2880404,Quercus john-tuckeri,<i>Quercus</i> <i>john-tuckeri</i> Nixon & C.H.Müll.,SPECIES,Fagaceae,4689.0,Quercus,2877951.0,Quercus john-tuckeri,2880404.0,100,EXACT,2,2,Quercus john-tuckeri,Quercus,Quercus,Quercus
Ceanothus incanus,3039405,Ceanothus incanus,<i>Ceanothus</i> <i>incanus</i> Torr. & A.Gray,SPECIES,Rhamnaceae,2407.0,Ceanothus,3039297.0,Ceanothus incanus,3039405.0,100,EXACT,2,2,Ceanothus incanus,Ceanothus,Ceanothus,Ceanothus
Trifolium pratense pratense,7224412,Trifolium pratense pratense,<i>Trifolium</i> <i>pratense</i> var. <i>pratense</i>,VARIETY,Fabaceae,5386.0,Trifolium,2973363.0,Trifolium pratense,8324121.0,85,EXACT,3,3,Trifolium pratense pratense,Trifolium,Trifolium,Trifolium
Monarda fruticulosa,5341403,Monarda fruticulosa,<i>Monarda</i> <i>fruticulosa</i> Epling,SPECIES,Lamiaceae,2497.0,Monarda,2926838.0,Monarda fruticulosa,5341403.0,100,EXACT,2,2,Monarda fruticulosa,Monarda,Monarda,Monarda
Erythronium citrinum,2752801,Erythronium citrinum,<i>Erythronium</i> <i>citrinum</i> S.Watson,SPECIES,Liliaceae,7699.0,Erythronium,2740136.0,Erythronium citrinum,2752801.0,100,EXACT,2,2,Erythronium citrinum,Erythronium,Erythronium,Erythronium
Cirsium engelmannii,3112849,Cirsium engelmannii,<i>Cirsium</i> <i>engelmannii</i> Rydb.,SPECIES,Asteraceae,3065.0,Cirsium,3112554.0,Cirsium engelmannii,3112849.0,100,EXACT,2,2,Cirsium engelmannii,Cirsium,Cirsium,Cirsium
Ceanothus papillosus papillosus,6371260,Ceanothus papillosus papillosus,<i>Ceanothus</i> <i>papillosus</i> subsp. <i>papillosus</i>,SUBSPECIES,Rhamnaceae,2407.0,Ceanothus,3039297.0,Ceanothus papillosus,3039343.0,85,EXACT,3,3,Ceanothus papillosus papillosus,Ceanothus,Ceanothus,Ceanothus
Tradescantia zebrina zebrina,7227457,Tradescantia zebrina zebrina,<i>Tradescantia</i> <i>zebrina</i> var. <i>zebrina</i> Bosse,VARIETY,Commelinaceae,2763195.0,Tradescantia,2765096.0,Tradescantia zebrina,2765359.0,85,EXACT,3,3,Tradescantia zebrina zebrina,Tradescantia,Tradescantia,Tradescantia
Ribes victoris,2986212,Ribes victoris,<i>Ribes</i> <i>victoris</i> Greene,SPECIES,Grossulariaceae,2403.0,Ribes,2986095.0,Ribes victoris,2986212.0,100,EXACT,2,2,Ribes victoris,Ribes,Ribes,Ribes
Ceanothus impressus impressus,7658589,Ceanothus impressus impressus,<i>Ceanothus</i> <i>impressus</i> var. <i>impressus</i>,VARIETY,Rhamnaceae,2407.0,Ceanothus,3039297.0,Ceanothus impressus,3039310.0,88,EXACT,3,3,Ceanothus impressus impressus,Ceanothus,Ceanothus,Ceanothus
Pediomelum hypogaeum hypogaeum,2944197,Pediomelum hypogaeum hypogaeum,<i>Pediomelum</i> <i>hypogaeum</i> var. <i>hypogaeum</i>,VARIETY,Fabaceae,5386.0,Pediomelum,2959963.0,Pediomelum hypogaeum,2944196.0,88,EXACT,3,3,Pediomelum hypogaeum hypogaeum,Pediomelum,Pediomelum,Pediomelum
Vitis cinerea helleri,5658526,Vitis cinerea helleri,<i>Vitis</i> <i>cinerea</i> var. <i>helleri</i> (L.H.Bailey) M.O.Moore,VARIETY,Vitaceae,6672.0,Vitis,7467468.0,Vitis cinerea,5372379.0,88,EXACT,3,3,Vitis cinerea helleri,Vitis,Vitis,Vitis
Quercus stellata,8879961,Quercus stellata,<i>Quercus</i> <i>stellata</i> Wangenh.,SPECIES,Fagaceae,4689.0,Quercus,2877951.0,Quercus stellata,8879961.0,100,EXACT,2,2,Quercus stellata,Quercus,Quercus,Quercus
Quercus bicolor,2878470,Quercus bicolor,<i>Quercus</i> <i>bicolor</i> Willd.,SPECIES,Fagaceae,4689.0,Quercus,2877951.0,Quercus bicolor,2878470.0,100,EXACT,2,2,Quercus bicolor,Quercus,Quercus,Quercus
Monarda punctata,5341413,Monarda punctata,<i>Monarda</i> <i>punctata</i> L.,SPECIES,Lamiaceae,2497.0,Monarda,2926838.0,Monarda punctata,5341413.0,100,EXACT,2,2,Monarda punctata,Monarda,Monarda,Monarda
Rubus laciniatus,2992543,Rubus laciniatus,<i>Rubus</i> <i>laciniatus</i> Willd.,SPECIES,Rosaceae,5015.0,Rubus,2988638.0,Rubus laciniatus,2992543.0,99,EXACT,2,2,Rubus laciniatus,Rubus,Rubus,Rubus
Claytonia rosea,3084756,Claytonia rosea,<i>Claytonia</i> <i>rosea</i> Rydb.,SPECIES,Montiaceae,4898338.0,Claytonia,3084729.0,Claytonia rosea,3084756.0,100,EXACT,2,2,Claytonia rosea,Claytonia,Claytonia,Claytonia
Ceanothus roderickii,3039353,Ceanothus roderickii,<i>Ceanothus</i> <i>roderickii</i> W.Knight,SPECIES,Rhamnaceae,2407.0,Ceanothus,3039297.0,Ceanothus roderickii,3039353.0,100,EXACT,2,2,Ceanothus roderickii,Ceanothus,Ceanothus,Ceanothus
Tradescantia bracteata,2765168,Tradescantia bracteata,<i>Tradescantia</i> <i>bracteata</i> Small ex Britton,SPECIES,Commelinaceae,2763195.0,Tradescantia,2765096.0,Tradescantia bracteata,2765168.0,99,EXACT,2,2,Tradescantia bracteata,Tradescantia,Tradescantia,Tradescantia
Foeniculum vulgare dulce,9740820,Foeniculum vulgare dulce,<i>Foeniculum</i> <i>vulgare</i> var. <i>dulce</i> (Mill.) Cout.,VARIETY,Apiaceae,6720.0,Foeniculum,10704390.0,Foeniculum vulgare,3034922.0,85,EXACT,3,3,Foeniculum vulgare dulce,Foeniculum,Foeniculum,Foeniculum
Carya glabra megacarpa,6413923,Carya glabra megacarpa,<i>Carya</i> <i>glabra</i> var. <i>megacarpa</i> (Sarg.) Sarg.,VARIETY,Juglandaceae,2499.0,Carya,3054287.0,Carya glabra,3054325.0,85,EXACT,3,3,Carya glabra megacarpa,Carya,Carya,Carya
Viburnum rafinesqueanum affine,4925724,Viburnum rafinesqueanum affine,<i>Viburnum</i> <i>rafinesqueanum</i> var. <i>affine</i> (Bush ex C.K.Schneid.) House,VARIETY,Viburnaceae,4924416.0,Viburnum,2888580.0,Viburnum rafinesqueanum,4925723.0,88,EXACT,3,3,Viburnum rafinesqueanum affine,Viburnum,Viburnum,Viburnum
Tragopogon pratensis minor,3092408,Tragopogon,<i>Tragopogon</i> L.,GENUS,Asteraceae,3065.0,Tragopogon,3092408.0,,,84,HIGHERRANK,3,1,Tragopogon,Tragopogon,Tragopogon,Tragopogon
Rumex crispus fauriei,7697641,Rumex crispus fauriei,<i>Rumex</i> <i>crispus</i> var. <i>fauriei</i> (Rech.fil.) Reveal,VARIETY,Polygonaceae,2416.0,Rumex,2888942.0,Rumex crispus,8195144.0,85,EXACT,3,3,Rumex crispus fauriei,Rumex,Rumex,Rumex
Stellaria nemorum,6363434,Stellaria nemorum,<i>Stellaria</i> <i>nemorum</i> L.,SPECIES,Caryophyllaceae,2518.0,Stellaria,3085667.0,Stellaria nemorum,6363434.0,99,EXACT,2,2,Stellaria nemorum,Stellaria,Stellaria,Stellaria
Ilex vomitoria vomitoria,7315835,Ilex vomitoria vomitoria,<i>Ilex</i> <i>vomitoria</i> subsp. <i>vomitoria</i>,SUBSPECIES,Aquifoliaceae,6716.0,Ilex,10792217.0,Ilex vomitoria,5414250.0,88,EXACT,3,3,Ilex vomitoria vomitoria,Ilex,Ilex,Ilex
Pycnanthemum tenuifolium,2927347,Pycnanthemum tenuifolium,<i>Pycnanthemum</i> <i>tenuifolium</i> Schrad.,SPECIES,Lamiaceae,2497.0,Pycnanthemum,2927338.0,Pycnanthemum tenuifolium,2927347.0,100,EXACT,2,2,Pycnanthemum tenuifolium,Pycnanthemum,Pycnanthemum,Pycnanthemum
Smilax havanensis,5295726,Smilax havanensis,<i>Smilax</i> <i>havanensis</i> Jacq.,SPECIES,Smilacaceae,7702.0,Smilax,2740627.0,Smilax havanensis,5295726.0,99,EXACT,2,2,Smilax havanensis,Smilax,Smilax,Smilax
Ceanothus cuneatus fascicularis,3875208,Ceanothus cuneatus fascicularis,<i>Ceanothus</i> <i>cuneatus</i> var. <i>fascicularis</i> (Mc Minn) Hoover,VARIETY,Rhamnaceae,2407.0,Ceanothus,3039297.0,Ceanothus cuneatus,3039404.0,85,EXACT,3,3,Ceanothus cuneatus fascicularis,Ceanothus,Ceanothus,Ceanothus
Clinopodium chandleri,2926942,Clinopodium chandleri,<i>Clinopodium</i> <i>chandleri</i> (Brandegee) P.D.Cantino & Wagstaff,SPECIES,Lamiaceae,2497.0,Clinopodium,2926907.0,Clinopodium chandleri,2926942.0,100,EXACT,2,2,Clinopodium chandleri,Clinopodium,Clinopodium,Clinopodium
Crataegus suborbiculata,3014833,Crataegus suborbiculata,<i>Crataegus</i> <i>suborbiculata</i> Sarg.,SPECIES,Rosaceae,5015.0,Crataegus,3013395.0,Crataegus suborbiculata,3014833.0,100,EXACT,2,2,Crataegus suborbiculata,Crataegus,Crataegus,Crataegus
Rubus subsolanus,2992601,Rubus subsolanus,<i>Rubus</i> <i>subsolanus</i> L.H.Bailey,SPECIES,Rosaceae,5015.0,Rubus,2988638.0,Rubus missouricus,2992597.0,100,EXACT,2,2,Rubus subsolanus,Rubus,Rubus,Rubus
Rubus suus,2994178,Rubus suus,<i>Rubus</i> <i>suus</i> L.H.Bailey,SPECIES,Rosaceae,5015.0,Rubus,2988638.0,Rubus suus,2994178.0,100,EXACT,2,2,Rubus suus,Rubus,Rubus,Rubus
Phlox pilosa riparia,4056632,Phlox pilosa riparia,<i>Phlox</i> <i>pilosa</i> subsp. <i>riparia</i> Wherry,SUBSPECIES,Polemoniaceae,6648.0,Phlox,2927698.0,Phlox pilosa,2927734.0,88,EXACT,3,3,Phlox pilosa riparia,Phlox,Phlox,Phlox
Phlox pilosa longipilosa,7783315,Phlox pilosa longipilosa,<i>Phlox</i> <i>pilosa</i> subsp. <i>longipilosa</i> (Waterf.) Locklear,SUBSPECIES,Polemoniaceae,6648.0,Phlox,2927698.0,Phlox pilosa,2927734.0,85,EXACT,3,3,Phlox pilosa longipilosa,Phlox,Phlox,Phlox
Fragaria chiloensis lucida,3030034,Fragaria chiloensis lucida,<i>Fragaria</i> <i>chiloensis</i> subsp. <i>lucida</i> (Vilm.) Staudt,SUBSPECIES,Rosaceae,5015.0,Fragaria,3029779.0,Fragaria chiloensis,7738624.0,88,EXACT,3,3,Fragaria chiloensis lucida,Fragaria,Fragaria,Fragaria
Allium cepa cepa,6435012,Allium cepa cepa,<i>Allium</i> <i>cepa</i> var. <i>cepa</i>,VARIETY,Amaryllidaceae,7682.0,Allium,9624496.0,Allium cepa,2857697.0,85,EXACT,3,3,Allium cepa cepa,Allium,Allium,Allium
Smilax glauca,5295374,Smilax glauca,<i>Smilax</i> <i>glauca</i> Walter,SPECIES,Smilacaceae,7702.0,Smilax,2740627.0,Smilax glauca,5295374.0,99,EXACT,2,2,Smilax glauca,Smilax,Smilax,Smilax
Yucca baileyi,2775611,Yucca baileyi,<i>Yucca</i> <i>baileyi</i> Wooton & Standl.,SPECIES,Asparagaceae,7683.0,Yucca,2775496.0,Yucca baileyi,2775611.0,100,EXACT,2,2,Yucca baileyi,Yucca,Yucca,Yucca
Vicia villosa villosa,6404650,Vicia villosa villosa,<i>Vicia</i> <i>villosa</i> var. <i>villosa</i>,VARIETY,Fabaceae,5386.0,Vicia,2974751.0,Vicia villosa,9182154.0,85,EXACT,3,3,Vicia villosa villosa,Vicia,Vicia,Vicia
Vicia pulchella,2974801,Vicia pulchella,<i>Vicia</i> <i>pulchella</i> Kunth,SPECIES,Fabaceae,5386.0,Vicia,2974751.0,Vicia pulchella,2974801.0,100,EXACT,2,2,Vicia pulchella,Vicia,Vicia,Vicia
Viburnum plicatum tomentosum,2888624,Viburnum plicatum tomentosum,<i>Viburnum</i> <i>plicatum</i> var. <i>tomentosum</i> (Thunb.) Miq.,VARIETY,Viburnaceae,4924416.0,Viburnum,2888580.0,Viburnum plicatum,2888622.0,84,EXACT,3,3,Viburnum plicatum tomentosum,Viburnum,Viburnum,Viburnum
Ribes watsonianum,2986142,Ribes watsonianum,<i>Ribes</i> <i>watsonianum</i> Koehne,SPECIES,Grossulariaceae,2403.0,Ribes,2986095.0,Ribes watsonianum,2986142.0,100,EXACT,2,2,Ribes watsonianum,Ribes,Ribes,Ribes
Physalis solanacea,7796156,Physalis solanacea,<i>Physalis</i> <i>solanacea</i> (Schltdl.) Axelius,SPECIES,Solanaceae,7717.0,Physalis,2928907.0,Physalis solanacea,7796156.0,99,EXACT,2,2,Physalis solanacea,Physalis,Physalis,Physalis
Malus prunifolia,3001157,Malus prunifolia,<i>Malus</i> <i>prunifolia</i> (Willd.) Borkh.,SPECIES,Rosaceae,5015.0,Malus,3001068.0,Malus prunifolia,3001157.0,99,EXACT,2,2,Malus prunifolia,Malus,Malus,Malus
Ribes hudsonianum petiolare,4194874,Ribes hudsonianum petiolare,<i>Ribes</i> <i>hudsonianum</i> var. <i>petiolare</i> (Douglas) Jancz.,VARIETY,Grossulariaceae,2403.0,Ribes,2986095.0,Ribes hudsonianum,2986140.0,88,EXACT,3,3,Ribes hudsonianum petiolare,Ribes,Ribes,Ribes
Claytonia parviflora utahensis,4023008,Claytonia parviflora utahensis,<i>Claytonia</i> <i>parviflora</i> subsp. <i>utahensis</i> (Rydb.) John M.Mill. & K.L.Chambers,SUBSPECIES,Montiaceae,4898338.0,Claytonia,3084729.0,Claytonia parviflora,3084736.0,85,EXACT,3,3,Claytonia parviflora utahensis,Claytonia,Claytonia,Claytonia
Cirsium harrisonii,12085875,Cirsium harrisonii,<i>Cirsium</i> <i>harrisonii</i> (S.L.Welsh) Ackerf. & D.J.Keil,SPECIES,Asteraceae,3065.0,Cirsium,3112554.0,Cirsium harrisonii,12085875.0,100,EXACT,2,2,Cirsium harrisonii,Cirsium,Cirsium,Cirsium
Quercus turbinella,2878247,Quercus turbinella,<i>Quercus</i> <i>turbinella</i> Greene,SPECIES,Fagaceae,4689.0,Quercus,2877951.0,Quercus turbinella,2878247.0,100,EXACT,2,2,Quercus turbinella,Quercus,Quercus,Quercus
Ribes speciosum,2986206,Ribes speciosum,<i>Ribes</i> <i>speciosum</i> Pursh,SPECIES,Grossulariaceae,2403.0,Ribes,2986095.0,Ribes speciosum,2986206.0,100,EXACT,2,2,Ribes speciosum,Ribes,Ribes,Ribes
Rumex verticillatus,2888967,Rumex verticillatus,<i>Rumex</i> <i>verticillatus</i> L.,SPECIES,Polygonaceae,2416.0,Rumex,2888942.0,Rumex verticillatus,2888967.0,99,EXACT,2,2,Rumex verticillatus,Rumex,Rumex,Rumex
Pycnanthemum incanum,2927354,Pycnanthemum incanum,<i>Pycnanthemum</i> <i>incanum</i> (L.) Michx.,SPECIES,Lamiaceae,2497.0,Pycnanthemum,2927338.0,Pycnanthemum incanum,2927354.0,100,EXACT,2,2,Pycnanthemum incanum,Pycnanthemum,Pycnanthemum,Pycnanthemum
Cirsium mohavense,3112917,Cirsium mohavense,<i>Cirsium</i> <i>mohavense</i> (Greene) Petr.,SPECIES,Asteraceae,3065.0,Cirsium,3112554.0,Cirsium mohavense,3112917.0,99,EXACT,2,2,Cirsium mohavense,Cirsium,Cirsium,Cirsium
Quercus pagoda,2881680,Quercus pagoda,<i>Quercus</i> <i>pagoda</i> Raf.,SPECIES,Fagaceae,4689.0,Quercus,2877951.0,Quercus pagoda,2881680.0,100,EXACT,2,2,Quercus pagoda,Quercus,Quercus,Quercus
Vitis aestivalis lincecumii,5708433,Vitis aestivalis lincecumii,<i>Vitis</i> <i>aestivalis</i> var. <i>lincecumii</i> (Buckley) Munson,VARIETY,Vitaceae,6672.0,Vitis,7467468.0,Vitis aestivalis,5372400.0,88,EXACT,3,3,Vitis aestivalis lincecumii,Vitis,Vitis,Vitis
Vaccinium dentatum,2882855,Vaccinium dentatum,<i>Vaccinium</i> <i>dentatum</i> Sm.,SPECIES,Ericaceae,2505.0,Vaccinium,2882813.0,Vaccinium dentatum,2882855.0,100,EXACT,2,2,Vaccinium dentatum,Vaccinium,Vaccinium,Vaccinium
Erythronium klamathense,2752870,Erythronium klamathense,<i>Erythronium</i> <i>klamathense</i> Applegate,SPECIES,Liliaceae,7699.0,Erythronium,2740136.0,Erythronium klamathense,2752870.0,100,EXACT,2,2,Erythronium klamathense,Erythronium,Erythronium,Erythronium
Pinus discolor,5686897,Pinus discolor,<i>Pinus</i> <i>discolor</i> D.K.Bailey & Hawksw.,SPECIES,Pinaceae,3925.0,Pinus,2684241.0,Pinus discolor,5686897.0,100,EXACT,2,2,Pinus discolor,Pinus,Pinus,Pinus
Trillium discolor,2742273,Trillium discolor,<i>Trillium</i> <i>discolor</i> Hook.,SPECIES,Melanthiaceae,7700.0,Trillium,2742182.0,Trillium discolor,2742273.0,100,EXACT,2,2,Trillium discolor,Trillium,Trillium,Trillium
Quercus × saulii,2881677,Quercus saulii,<i>Quercus</i> × <i>saulii</i> C.K.Schneid.,SPECIES,Fagaceae,4689.0,Quercus,2877951.0,Quercus saulii,2881677.0,100,EXACT,3,2,Quercus saulii,Quercus,Quercus,Quercus
Allium hoffmanii,2856947,Allium hoffmanii,<i>Allium</i> <i>hoffmanii</i> Ownbey ex Traub,SPECIES,Amaryllidaceae,7682.0,Allium,9624496.0,Allium hoffmanii,2856947.0,100,EXACT,2,2,Allium hoffmanii,Allium,Allium,Allium
Stellaria media media,7104410,Stellaria media media,<i>Stellaria</i> <i>media</i> subsp. <i>media</i>,SUBSPECIES,Caryophyllaceae,2518.0,Stellaria,3085667.0,Stellaria media,5384604.0,85,EXACT,3,3,Stellaria media media,Stellaria,Stellaria,Stellaria
Capsella bursa-pastoris bursa-pastoris,7129045,Capsella bursa-pastoris bursa-pastoris,<i>Capsella</i> <i>bursa-pastoris</i> subsp. <i>bursa-pastoris</i>,SUBSPECIES,Brassicaceae,3112.0,Capsella,3047430.0,Capsella bursa-pastoris,5375388.0,84,EXACT,3,3,Capsella bursa-pastoris bursa-pastoris,Capsella,Capsella,Capsella
Sanicula crassicaulis tripartita,3639437,Sanicula crassicaulis tripartita,<i>Sanicula</i> <i>crassicaulis</i> var. <i>tripartita</i> (Suksd.) H.Wolff,VARIETY,Apiaceae,6720.0,Sanicula,3034831.0,Sanicula crassicaulis,3034844.0,88,EXACT,3,3,Sanicula crassicaulis tripartita,Sanicula,Sanicula,Sanicula
Vicia eriocarpa,3973495,Vicia eriocarpa,<i>Vicia</i> <i>eriocarpa</i> (Hausskn.) Halácsy,SPECIES,Fabaceae,5386.0,Vicia,2974751.0,Vicia eriocarpa,3973495.0,100,EXACT,2,2,Vicia eriocarpa,Vicia,Vicia,Vicia
Mentha × gracilis,7923052,Mentha gracilis,<i>Mentha</i> × <i>gracilis</i> Sole,SPECIES,Lamiaceae,2497.0,Mentha,2927173.0,Mentha gracilis,7923052.0,99,EXACT,3,2,Mentha gracilis,Mentha,Mentha,Mentha
Allium speculae,2857670,Allium speculae,<i>Allium</i> <i>speculae</i> Ownbey & Aase,SPECIES,Amaryllidaceae,7682.0,Allium,9624496.0,Allium speculae,2857670.0,100,EXACT,2,2,Allium speculae,Allium,Allium,Allium
Trillium simile,2742253,Trillium simile,<i>Trillium</i> <i>simile</i> Gleason,SPECIES,Melanthiaceae,7700.0,Trillium,2742182.0,Trillium simile,2742253.0,100,EXACT,2,2,Trillium simile,Trillium,Trillium,Trillium
Ribes leptanthum,2986114,Ribes leptanthum,<i>Ribes</i> <i>leptanthum</i> A.Gray,SPECIES,Grossulariaceae,2403.0,Ribes,2986095.0,Ribes leptanthum,2986114.0,100,EXACT,2,2,Ribes leptanthum,Ribes,Ribes,Ribes
Allium fimbriatum fimbriatum,7227618,Allium fimbriatum fimbriatum,<i>Allium</i> <i>fimbriatum</i> var. <i>fimbriatum</i>,VARIETY,Amaryllidaceae,7682.0,Allium,9624496.0,Allium fimbriatum,2856831.0,88,EXACT,3,3,Allium fimbriatum fimbriatum,Allium,Allium,Allium
Lomatium foeniculaceum macdougalii,6423481,Lomatium foeniculaceum macdougalii,<i>Lomatium</i> <i>foeniculaceum</i> subsp. <i>macdougalii</i> (J.M.Coult. & Rose) W.L.Theob.,SUBSPECIES,Apiaceae,6720.0,Lomatium,8394726.0,Lomatium foeniculaceum,3034267.0,85,EXACT,3,3,Lomatium foeniculaceum macdougalii,Lomatium,Lomatium,Lomatium
Viola chamissoniana tracheliifolia,5663658,Viola chamissoniana tracheliifolia,"<i>Viola</i> <i>chamissoniana</i> subsp. <i>tracheliifolia</i> (Ging.) W.L.Wagner, D.R.Herbst & Sohmer",SUBSPECIES,Violaceae,6631.0,Viola,2874237.0,Viola tracheliifolia,6397023.0,88,EXACT,3,3,Viola chamissoniana tracheliifolia,Viola,Viola,Viola
Camassia quamash azurea,2769106,Camassia quamash azurea,<i>Camassia</i> <i>quamash</i> subsp. <i>azurea</i> (A.Heller) Gould,SUBSPECIES,Asparagaceae,7683.0,Camassia,2769068.0,Camassia quamash,2769084.0,85,EXACT,3,3,Camassia quamash azurea,Camassia,Camassia,Camassia
Suaeda occidentalis,3083543,Suaeda occidentalis,<i>Suaeda</i> <i>occidentalis</i> (S.Watson) S.Watson,SPECIES,Amaranthaceae,3064.0,Suaeda,7677792.0,Suaeda occidentalis,3083543.0,100,EXACT,2,2,Suaeda occidentalis,Suaeda,Suaeda,Suaeda
Malus dasyphylla,3001561,Malus dasyphylla,<i>Malus</i> × <i>dasyphylla</i> Borkh.,SPECIES,Rosaceae,5015.0,Malus,3001068.0,Malus dasyphylla,3001561.0,100,EXACT,2,2,Malus dasyphylla,Malus,Malus,Malus
Yucca treculeana treculeana,4270195,Yucca treculeana treculeana,<i>Yucca</i> <i>treculeana</i> var. <i>treculeana</i>,VARIETY,Asparagaceae,7683.0,Yucca,2775496.0,Yucca treculeana,2775506.0,88,EXACT,3,3,Yucca treculeana treculeana,Yucca,Yucca,Yucca
Suaeda conferta,3083553,Suaeda conferta,<i>Suaeda</i> <i>conferta</i> (Small) I.M.Johnst.,SPECIES,Amaranthaceae,3064.0,Suaeda,7677792.0,Suaeda conferta,3083553.0,100,EXACT,2,2,Suaeda conferta,Suaeda,Suaeda,Suaeda
Quercus × incomita,2879564,Quercus incomita,<i>Quercus</i> × <i>incomita</i> E.J.Palmer,SPECIES,Fagaceae,4689.0,Quercus,2877951.0,Quercus incomita,2879564.0,100,EXACT,3,2,Quercus incomita,Quercus,Quercus,Quercus
Vaccinium angustifolium,2882868,Vaccinium angustifolium,<i>Vaccinium</i> <i>angustifolium</i> Aiton,SPECIES,Ericaceae,2505.0,Vaccinium,2882813.0,Vaccinium angustifolium,2882868.0,99,EXACT,2,2,Vaccinium angustifolium,Vaccinium,Vaccinium,Vaccinium
Crataegus monogyna,9220780,Crataegus monogyna,<i>Crataegus</i> <i>monogyna</i> Jacq.,SPECIES,Rosaceae,5015.0,Crataegus,3013395.0,Crataegus monogyna,9220780.0,99,EXACT,2,2,Crataegus monogyna,Crataegus,Crataegus,Crataegus
Trillium chloropetalum,2742377,Trillium chloropetalum,<i>Trillium</i> <i>chloropetalum</i> (Torr.) Howell,SPECIES,Melanthiaceae,7700.0,Trillium,2742182.0,Trillium chloropetalum,2742377.0,100,EXACT,2,2,Trillium chloropetalum,Trillium,Trillium,Trillium
Ceanothus sanguineus,3039303,Ceanothus sanguineus,<i>Ceanothus</i> <i>sanguineus</i> Pursh,SPECIES,Rhamnaceae,2407.0,Ceanothus,3039297.0,Ceanothus sanguineus,3039303.0,99,EXACT,2,2,Ceanothus sanguineus,Ceanothus,Ceanothus,Ceanothus
Ribes acerifolium,2986189,Ribes acerifolium,<i>Ribes</i> <i>acerifolium</i> Howell,SPECIES,Grossulariaceae,2403.0,Ribes,2986095.0,Ribes acerifolium,2986189.0,99,EXACT,2,2,Ribes acerifolium,Ribes,Ribes,Ribes
Erythronium quinaultense,2752890,Erythronium quinaultense,<i>Erythronium</i> <i>quinaultense</i> G.A.Allen,SPECIES,Liliaceae,7699.0,Erythronium,2740136.0,Erythronium quinaultense,2752890.0,100,EXACT,2,2,Erythronium quinaultense,Erythronium,Erythronium,Erythronium
Allium hyalinum,2856588,Allium hyalinum,<i>Allium</i> <i>hyalinum</i> Curran,SPECIES,Amaryllidaceae,7682.0,Allium,9624496.0,Allium hyalinum,2856588.0,99,EXACT,2,2,Allium hyalinum,Allium,Allium,Allium
Crataegus intricata,3014211,Crataegus intricata,<i>Crataegus</i> <i>intricata</i> Lange,SPECIES,Rosaceae,5015.0,Crataegus,3013395.0,Crataegus intricata,3014211.0,100,EXACT,2,2,Crataegus intricata,Crataegus,Crataegus,Crataegus
Lilium occidentale,2753475,Lilium occidentale,<i>Lilium</i> <i>occidentale</i> Purdy,SPECIES,Liliaceae,7699.0,Lilium,2752977.0,Lilium occidentale,2753475.0,100,EXACT,2,2,Lilium occidentale,Lilium,Lilium,Lilium
Pteridium aquilinum champlainense,5275013,Pteridium aquilinum champlainense,<i>Pteridium</i> <i>aquilinum</i> var. <i>champlainense</i> B.Boivin,VARIETY,Dennstaedtiaceae,6623.0,Pteridium,5275011.0,Pteridium aquilinum,5275012.0,88,EXACT,3,3,Pteridium aquilinum champlainense,Pteridium,Pteridium,Pteridium
Rumex floridanus,2888969,Rumex floridanus,<i>Rumex</i> × <i>floridanus</i> Meisn.,SPECIES,Polygonaceae,2416.0,Rumex,2888942.0,Rumex floridanus,2888969.0,100,EXACT,2,2,Rumex floridanus,Rumex,Rumex,Rumex
Viola palmata triloba,5331373,Viola palmata triloba,<i>Viola</i> <i>palmata</i> var. <i>triloba</i> (Schwein.) Ging. ex DC.,VARIETY,Violaceae,6631.0,Viola,2874237.0,Viola palmata,5331370.0,85,EXACT,3,3,Viola palmata triloba,Viola,Viola,Viola
Wisteria × formosa,2960222,Wisteria formosa,<i>Wisteria</i> × <i>formosa</i> Rehder,SPECIES,Fabaceae,5386.0,Wisteria,2977309.0,Wisteria formosa,2960222.0,100,EXACT,3,2,Wisteria formosa,Wisteria,Wisteria,Wisteria
Allium peninsulare,2856390,Allium peninsulare,<i>Allium</i> <i>peninsulare</i> Lemmon ex Greene,SPECIES,Amaryllidaceae,7682.0,Allium,9624496.0,Allium peninsulare,2856390.0,99,EXACT,2,2,Allium peninsulare,Allium,Allium,Allium
Sanicula bipinnatifida,7839339,Sanicula bipinnatifida,<i>Sanicula</i> <i>bipinnatifida</i> Douglas,SPECIES,Apiaceae,6720.0,Sanicula,3034831.0,Sanicula bipinnatifida,7839339.0,99,EXACT,2,2,Sanicula bipinnatifida,Sanicula,Sanicula,Sanicula
Ceanothus tomentosus,3039360,Ceanothus tomentosus,<i>Ceanothus</i> <i>tomentosus</i> Parry,SPECIES,Rhamnaceae,2407.0,Ceanothus,3039297.0,Ceanothus tomentosus,3039360.0,100,EXACT,2,2,Ceanothus tomentosus,Ceanothus,Ceanothus,Ceanothus
Typha domingensis,5289534,Typha domingensis,<i>Typha</i> <i>domingensis</i> Pers.,SPECIES,Typhaceae,4246.0,Typha,2702102.0,Typha domingensis,5289534.0,99,EXACT,2,2,Typha domingensis,Typha,Typha,Typha
Pinus remota,5285086,Pinus remota,<i>Pinus</i> <i>remota</i> (Little) D.K.Bailey & Hawksw.,SPECIES,Pinaceae,3925.0,Pinus,2684241.0,Pinus remota,5285086.0,100,EXACT,2,2,Pinus remota,Pinus,Pinus,Pinus
Tradescantia pedicellata,2765247,Tradescantia pedicellata,<i>Tradescantia</i> <i>pedicellata</i> Celarier,SPECIES,Commelinaceae,2763195.0,Tradescantia,2765096.0,Tradescantia pedicellata,2765247.0,100,EXACT,2,2,Tradescantia pedicellata,Tradescantia,Tradescantia,Tradescantia
Sorbus californica,3012369,Sorbus californica,<i>Sorbus</i> <i>californica</i> Greene,SPECIES,Rosaceae,5015.0,Sorbus,3012146.0,Sorbus californica,3012369.0,100,EXACT,2,2,Sorbus californica,Sorbus,Sorbus,Sorbus
Ribes viburnifolium,2986110,Ribes viburnifolium,<i>Ribes</i> <i>viburnifolium</i> A.Gray,SPECIES,Grossulariaceae,2403.0,Ribes,2986095.0,Ribes viburnifolium,2986110.0,100,EXACT,2,2,Ribes viburnifolium,Ribes,Ribes,Ribes
Ribes inerme inerme,7219279,Ribes inerme inerme,<i>Ribes</i> <i>inerme</i> var. <i>inerme</i>,VARIETY,Grossulariaceae,2403.0,Ribes,2986095.0,Ribes inerme,2986112.0,88,EXACT,3,3,Ribes inerme inerme,Ribes,Ribes,Ribes
Amphicarpaea bracteata comosa,7427412,Amphicarpaea bracteata comosa,<i>Amphicarpaea</i> <i>bracteata</i> var. <i>comosa</i> (L.) C.F.Reed,VARIETY,Fabaceae,5386.0,Amphicarpaea,2960157.0,Amphicarpaea bracteata,2960161.0,85,EXACT,3,3,Amphicarpaea bracteata comosa,Amphicarpaea,Amphicarpaea,Amphicarpaea
Ceanothus crassifolius planus,3039309,Ceanothus crassifolius planus,<i>Ceanothus</i> <i>crassifolius</i> var. <i>planus</i> Abrams,VARIETY,Rhamnaceae,2407.0,Ceanothus,3039297.0,Ceanothus crassifolius,3039308.0,88,EXACT,3,3,Ceanothus crassifolius planus,Ceanothus,Ceanothus,Ceanothus
Rubus superioris,2989757,Rubus superioris,<i>Rubus</i> <i>superioris</i> L.H.Bailey,SPECIES,Rosaceae,5015.0,Rubus,2988638.0,Rubus vermontanus,2989749.0,100,EXACT,2,2,Rubus superioris,Rubus,Rubus,Rubus
Tradescantia wrightii,2765268,Tradescantia wrightii,<i>Tradescantia</i> <i>wrightii</i> Rose & Bush,SPECIES,Commelinaceae,2763195.0,Tradescantia,2765096.0,Tradescantia wrightii,2765268.0,100,EXACT,2,2,Tradescantia wrightii,Tradescantia,Tradescantia,Tradescantia
Camassia quamash walpolei,2769109,Camassia quamash walpolei,<i>Camassia</i> <i>quamash</i> subsp. <i>walpolei</i> (Piper) Gould,SUBSPECIES,Asparagaceae,7683.0,Camassia,2769068.0,Camassia quamash,2769084.0,88,EXACT,3,3,Camassia quamash walpolei,Camassia,Camassia,Camassia
Lilium pensylvanicum,2753465,Lilium pensylvanicum,<i>Lilium</i> <i>pensylvanicum</i> Ker Gawl.,SPECIES,Liliaceae,7699.0,Lilium,2752977.0,Lilium pensylvanicum,2753465.0,99,EXACT,2,2,Lilium pensylvanicum,Lilium,Lilium,Lilium
Pinus lambertiana,5284989,Pinus lambertiana,<i>Pinus</i> <i>lambertiana</i> Douglas,SPECIES,Pinaceae,3925.0,Pinus,2684241.0,Pinus lambertiana,5284989.0,99,EXACT,2,2,Pinus lambertiana,Pinus,Pinus,Pinus
Vaccinium myrtilloides,2882880,Vaccinium myrtilloides,<i>Vaccinium</i> <i>myrtilloides</i> Michx.,SPECIES,Ericaceae,2505.0,Vaccinium,2882813.0,Vaccinium myrtilloides,2882880.0,99,EXACT,2,2,Vaccinium myrtilloides,Vaccinium,Vaccinium,Vaccinium
Vaccinium parvifolium,2882910,Vaccinium parvifolium,<i>Vaccinium</i> <i>parvifolium</i> Sm.,SPECIES,Ericaceae,2505.0,Vaccinium,2882813.0,Vaccinium parvifolium,2882910.0,100,EXACT,2,2,Vaccinium parvifolium,Vaccinium,Vaccinium,Vaccinium
Pinus taeda,5285241,Pinus taeda,<i>Pinus</i> <i>taeda</i> L.,SPECIES,Pinaceae,3925.0,Pinus,2684241.0,Pinus taeda,5285241.0,99,EXACT,2,2,Pinus taeda,Pinus,Pinus,Pinus
Vicia benghalensis,2975384,Vicia benghalensis,<i>Vicia</i> <i>benghalensis</i> L.,SPECIES,Fabaceae,5386.0,Vicia,2974751.0,Vicia benghalensis,2975384.0,99,EXACT,2,2,Vicia benghalensis,Vicia,Vicia,Vicia
Viola walteri,5331182,Viola walteri,<i>Viola</i> <i>walteri</i> House,SPECIES,Violaceae,6631.0,Viola,2874237.0,Viola walteri,5331182.0,100,EXACT,2,2,Viola walteri,Viola,Viola,Viola
Primula utahensis,5641386,Primula utahensis,<i>Primula</i> <i>utahensis</i> (N.H.Holmgren) A.R.Mast & Reveal,SPECIES,Primulaceae,6674.0,Dodecatheon,7597718.0,Dodecatheon utahense,4007823.0,100,EXACT,2,2,Primula utahensis,Primula,Primula,Primula
Triglochin concinna,2865381,Triglochin concinna,<i>Triglochin</i> <i>concinna</i> Burtt Davy,SPECIES,Juncaginaceae,7679.0,Triglochin,2777072.0,Triglochin maritima,2865368.0,100,EXACT,2,2,Triglochin concinna,Triglochin,Triglochin,Triglochin
Quercus vaseyana,2879249,Quercus vaseyana,<i>Quercus</i> <i>vaseyana</i> Buckley,SPECIES,Fagaceae,4689.0,Quercus,2877951.0,Quercus vaseyana,2879249.0,100,EXACT,2,2,Quercus vaseyana,Quercus,Quercus,Quercus
Crataegus turnerorum,3016098,Crataegus turnerorum,<i>Crataegus</i> <i>turnerorum</i> Enquist,SPECIES,Rosaceae,5015.0,Crataegus,3013395.0,Crataegus turnerorum,3016098.0,100,EXACT,2,2,Crataegus turnerorum,Crataegus,Crataegus,Crataegus
Pinus ponderosa washoensis,8105740,Pinus ponderosa washoensis,<i>Pinus</i> <i>ponderosa</i> subsp. <i>washoensis</i> (Mason & Stockw.) E.Murray,SUBSPECIES,Pinaceae,3925.0,Pinus,2684241.0,Pinus ponderosa,5285053.0,84,EXACT,3,3,Pinus ponderosa washoensis,Pinus,Pinus,Pinus
Rumex obovatus,2888987,Rumex obovatus,<i>Rumex</i> <i>obovatus</i> Danser,SPECIES,Polygonaceae,2416.0,Rumex,2888942.0,Rumex obovatus,2888987.0,100,EXACT,2,2,Rumex obovatus,Rumex,Rumex,Rumex
Picea omorika,5284950,Picea omorika,<i>Picea</i> <i>omorika</i> (Pancic) Purk.,SPECIES,Pinaceae,3925.0,Picea,7606064.0,Picea omorika,5284950.0,99,EXACT,2,2,Picea omorika,Picea,Picea,Picea
Quercus × ganderi,2879537,Quercus ganderi,<i>Quercus</i> × <i>ganderi</i> C.B.Wolf,SPECIES,Fagaceae,4689.0,Quercus,2877951.0,Quercus ganderi,2879537.0,100,EXACT,3,2,Quercus ganderi,Quercus,Quercus,Quercus
Ceanothus foliosus,3039336,Ceanothus foliosus,<i>Ceanothus</i> <i>foliosus</i> Parry,SPECIES,Rhamnaceae,2407.0,Ceanothus,3039297.0,Ceanothus foliosus,3039336.0,100,EXACT,2,2,Ceanothus foliosus,Ceanothus,Ceanothus,Ceanothus
Solidago canadensis hargeri,5705607,Solidago canadensis hargeri,<i>Solidago</i> <i>canadensis</i> var. <i>hargeri</i> Fernald,VARIETY,Asteraceae,3065.0,Solidago,5388868.0,Solidago canadensis,5389029.0,88,EXACT,3,3,Solidago canadensis hargeri,Solidago,Solidago,Solidago
Allium burlewii,2857286,Allium burlewii,<i>Allium</i> <i>burlewii</i> Davidson,SPECIES,Amaryllidaceae,7682.0,Allium,9624496.0,Allium burlewii,2857286.0,100,EXACT,2,2,Allium burlewii,Allium,Allium,Allium
Quercus suber,2879411,Quercus suber,<i>Quercus</i> <i>suber</i> L.,SPECIES,Fagaceae,4689.0,Quercus,2877951.0,Quercus suber,2879411.0,99,EXACT,2,2,Quercus suber,Quercus,Quercus,Quercus
Allium fimbriatum purdyi,2856840,Allium fimbriatum purdyi,<i>Allium</i> <i>fimbriatum</i> var. <i>purdyi</i> (Eastw.) Ownbey ex McNeal,VARIETY,Amaryllidaceae,7682.0,Allium,9624496.0,Allium fimbriatum,2856831.0,85,EXACT,3,3,Allium fimbriatum purdyi,Allium,Allium,Allium
Mentha spicata spicata,4925757,Mentha spicata spicata,<i>Mentha</i> <i>spicata</i> var. <i>spicata</i>,VARIETY,Lamiaceae,2497.0,Mentha,2927173.0,Mentha spicata,2927175.0,85,EXACT,3,3,Mentha spicata spicata,Mentha,Mentha,Mentha
Crataegus alabamensis,3013743,Crataegus alabamensis,<i>Crataegus</i> <i>alabamensis</i> Beadle,SPECIES,Rosaceae,5015.0,Crataegus,3013395.0,Crataegus alabamensis,3013743.0,100,EXACT,2,2,Crataegus alabamensis,Crataegus,Crataegus,Crataegus
Primula conjugens conjugens,7127735,Primula conjugens conjugens,<i>Primula</i> <i>conjugens</i> var. <i>conjugens</i>,VARIETY,Primulaceae,6674.0,Dodecatheon,7597718.0,Dodecatheon conjugens,3169254.0,84,EXACT,3,3,Primula conjugens conjugens,Primula,Primula,Primula
Monarda punctata occidentalis,5605234,Monarda punctata occidentalis,<i>Monarda</i> <i>punctata</i> var. <i>occidentalis</i> (Epling) E.J.Palmer & Steyerm.,VARIETY,Lamiaceae,2497.0,Monarda,2926838.0,Monarda punctata,5341413.0,85,EXACT,3,3,Monarda punctata occidentalis,Monarda,Monarda,Monarda
Oxalis pes-caprae pes-caprae,7469271,Oxalis pes-caprae pes-caprae,<i>Oxalis</i> <i>pes-caprae</i> var. <i>pes-caprae</i>,VARIETY,Oxalidaceae,6697.0,Oxalis,2891642.0,Oxalis pes-caprae,2891661.0,88,EXACT,3,3,Oxalis pes-caprae pes-caprae,Oxalis,Oxalis,Oxalis
Quercus myrsinifolia,2878564,Quercus myrsinifolia,<i>Quercus</i> <i>myrsinifolia</i> Blume,SPECIES,Fagaceae,4689.0,Quercus,2877951.0,Quercus myrsinifolia,2878564.0,100,EXACT,2,2,Quercus myrsinifolia,Quercus,Quercus,Quercus
Smilax californica,5295648,Smilax californica,<i>Smilax</i> <i>californica</i> (A.DC.) A.Gray,SPECIES,Smilacaceae,7702.0,Smilax,2740627.0,Smilax californica,5295648.0,100,EXACT,2,2,Smilax californica,Smilax,Smilax,Smilax
Persicaria setacea,2889232,Persicaria setacea,<i>Persicaria</i> <i>setacea</i> (Baldwin ex Elliott) Small,SPECIES,Polygonaceae,2416.0,Persicaria,6390748.0,Persicaria setacea,2889232.0,100,EXACT,2,2,Persicaria setacea,Persicaria,Persicaria,Persicaria
Suaeda tampicensis,3083532,Suaeda tampicensis,<i>Suaeda</i> <i>tampicensis</i> (Standl.) Standl.,SPECIES,Amaranthaceae,3064.0,Suaeda,7677792.0,Suaeda tampicensis,3083532.0,100,EXACT,2,2,Suaeda tampicensis,Suaeda,Suaeda,Suaeda
Sambucus racemosa pubens,8250865,Sambucus racemosa pubens,<i>Sambucus</i> <i>racemosa</i> subsp. <i>pubens</i> (Michx.) Hultén,SUBSPECIES,Viburnaceae,4924416.0,Sambucus,2888721.0,Sambucus racemosa,2888723.0,85,EXACT,3,3,Sambucus racemosa pubens,Sambucus,Sambucus,Sambucus
Fragaria × ananassa,3029912,Fragaria ananassa,<i>Fragaria</i> × <i>ananassa</i> (Weston) Rozier,SPECIES,Rosaceae,5015.0,Fragaria,3029779.0,Fragaria ananassa,3029912.0,99,EXACT,3,2,Fragaria ananassa,Fragaria,Fragaria,Fragaria
Physalis lanceolata,5341790,Physalis lanceolata,<i>Physalis</i> <i>lanceolata</i> Michx.,SPECIES,Solanaceae,7717.0,Physalis,2928907.0,Physalis lanceolata,5341790.0,99,EXACT,2,2,Physalis lanceolata,Physalis,Physalis,Physalis
Viola purpurea dimorpha,5664375,Viola purpurea dimorpha,<i>Viola</i> <i>purpurea</i> subsp. <i>dimorpha</i> M.S.Baker & Clausen,SUBSPECIES,Violaceae,6631.0,Viola,2874237.0,Viola purpurea,5331324.0,85,EXACT,3,3,Viola purpurea dimorpha,Viola,Viola,Viola
Rubus missouricus,2992597,Rubus missouricus,<i>Rubus</i> <i>missouricus</i> L.H.Bailey,SPECIES,Rosaceae,5015.0,Rubus,2988638.0,Rubus missouricus,2992597.0,100,EXACT,2,2,Rubus missouricus,Rubus,Rubus,Rubus
Crataegus pyracanthifolia,3014143,Crataegus pyracanthifolia,<i>Crataegus</i> <i>pyracanthifolia</i> G.Don,SPECIES,Rosaceae,5015.0,Crataegus,3013395.0,Crataegus pyracanthifolia,3014143.0,97,EXACT,2,2,Crataegus pyracanthifolia,Crataegus,Crataegus,Crataegus
Picea rubens,5284717,Picea rubens,<i>Picea</i> <i>rubens</i> Sarg.,SPECIES,Pinaceae,3925.0,Picea,7606064.0,Picea rubens,5284717.0,100,EXACT,2,2,Picea rubens,Picea,Picea,Picea
Chamaenerion latifolium,3188786,Chamaenerion latifolium,<i>Chamaenerion</i> <i>latifolium</i> (L.) Sweet,SPECIES,Onagraceae,2430.0,Chamaenerion,8406741.0,Chamaenerion latifolium,3188786.0,99,EXACT,2,2,Chamaenerion latifolium,Chamaenerion,Chamaenerion,Chamaenerion
Persicaria arifolia,4036886,Persicaria arifolia,<i>Persicaria</i> <i>arifolia</i> (L.) Haraldson,SPECIES,Polygonaceae,2416.0,Persicaria,6390748.0,Persicaria arifolia,4036886.0,100,EXACT,2,2,Persicaria arifolia,Persicaria,Persicaria,Persicaria
Rhus × pulvinata,3190551,Rhus pulvinata,<i>Rhus</i> × <i>pulvinata</i> Greene,SPECIES,Anacardiaceae,2398.0,Rhus,3190534.0,Rhus pulvinata,3190551.0,100,EXACT,3,2,Rhus pulvinata,Rhus,Rhus,Rhus
Pinus pungens,5285139,Pinus pungens,<i>Pinus</i> <i>pungens</i> Lamb.,SPECIES,Pinaceae,3925.0,Pinus,2684241.0,Pinus pungens,5285139.0,99,EXACT,2,2,Pinus pungens,Pinus,Pinus,Pinus
Lilium pardalinum pardalinum,7227532,Lilium pardalinum pardalinum,<i>Lilium</i> <i>pardalinum</i> subsp. <i>pardalinum</i>,SUBSPECIES,Liliaceae,7699.0,Lilium,2752977.0,Lilium pardalinum,2753192.0,88,EXACT,3,3,Lilium pardalinum pardalinum,Lilium,Lilium,Lilium
Lilium pardalinum shastense,2753203,Lilium pardalinum shastense,<i>Lilium</i> <i>pardalinum</i> subsp. <i>shastense</i> (Eastw.) M.W.Skinner,SUBSPECIES,Liliaceae,7699.0,Lilium,2752977.0,Lilium pardalinum,2753192.0,88,EXACT,3,3,Lilium pardalinum shastense,Lilium,Lilium,Lilium
Cirsium ochrocentrum martinii,4220369,Cirsium ochrocentrum martinii,<i>Cirsium</i> <i>ochrocentrum</i> var. <i>martinii</i> (Barlow-Irick) D.J.Keil,VARIETY,Asteraceae,3065.0,Cirsium,3112554.0,Cirsium ochrocentrum,3112785.0,85,EXACT,3,3,Cirsium ochrocentrum martinii,Cirsium,Cirsium,Cirsium
Viola hallii,5331348,Viola hallii,<i>Viola</i> <i>hallii</i> A.Gray,SPECIES,Violaceae,6631.0,Viola,2874237.0,Viola hallii,5331348.0,100,EXACT,2,2,Viola hallii,Viola,Viola,Viola
Yucca baccata brevifolia,2775790,Yucca baccata brevifolia,<i>Yucca</i> <i>baccata</i> var. <i>brevifolia</i> L.D.Benson & Darrow,VARIETY,Asparagaceae,7683.0,Yucca,2775496.0,Yucca baccata,2775788.0,88,EXACT,3,3,Yucca baccata brevifolia,Yucca,Yucca,Yucca
Rudbeckia laciniata humilis,4254924,Rudbeckia laciniata humilis,<i>Rudbeckia</i> <i>laciniata</i> var. <i>humilis</i> A.Gray,VARIETY,Asteraceae,3065.0,Rudbeckia,3114220.0,Rudbeckia laciniata,3114229.0,88,EXACT,3,3,Rudbeckia laciniata humilis,Rudbeckia,Rudbeckia,Rudbeckia
Crataegus persimilis,3015457,Crataegus persimilis,<i>Crataegus</i> <i>persimilis</i> Sarg.,SPECIES,Rosaceae,5015.0,Crataegus,3013395.0,Crataegus persimilis,3015457.0,100,EXACT,2,2,Crataegus persimilis,Crataegus,Crataegus,Crataegus
Quercus × ashei,2879836,Quercus ashei,<i>Quercus</i> × <i>ashei</i> Trel.,SPECIES,Fagaceae,4689.0,Quercus,2877951.0,Quercus ashei,2879836.0,99,EXACT,3,2,Quercus ashei,Quercus,Quercus,Quercus
Tradescantia occidentalis melanthera,2765333,Tradescantia occidentalis melanthera,<i>Tradescantia</i> <i>occidentalis</i> var. <i>melanthera</i> MacRoberts,VARIETY,Commelinaceae,2763195.0,Tradescantia,2765096.0,Tradescantia occidentalis,2765322.0,88,EXACT,3,3,Tradescantia occidentalis melanthera,Tradescantia,Tradescantia,Tradescantia
Claytonia tuberosa,3084755,Claytonia tuberosa,<i>Claytonia</i> <i>tuberosa</i> Pall. ex Willd.,SPECIES,Montiaceae,4898338.0,Claytonia,3084729.0,Claytonia tuberosa,3084755.0,99,EXACT,2,2,Claytonia tuberosa,Claytonia,Claytonia,Claytonia
Allium crenulatum,2857353,Allium crenulatum,<i>Allium</i> <i>crenulatum</i> Wiegand,SPECIES,Amaryllidaceae,7682.0,Allium,9624496.0,Allium crenulatum,2857353.0,100,EXACT,2,2,Allium crenulatum,Allium,Allium,Allium
Pinus monticola,5285621,Pinus monticola,<i>Pinus</i> <i>monticola</i> Douglas ex D.Don,SPECIES,Pinaceae,3925.0,Pinus,2684241.0,Pinus monticola,5285621.0,99,EXACT,2,2,Pinus monticola,Pinus,Pinus,Pinus
Quercus douglasii,2878266,Quercus douglasii,<i>Quercus</i> <i>douglasii</i> Hook. & Arn.,SPECIES,Fagaceae,4689.0,Quercus,2877951.0,Quercus douglasii,2878266.0,100,EXACT,2,2,Quercus douglasii,Quercus,Quercus,Quercus
Claytonia exigua exigua,7219452,Claytonia exigua exigua,<i>Claytonia</i> <i>exigua</i> subsp. <i>exigua</i>,SUBSPECIES,Montiaceae,4898338.0,Claytonia,3084729.0,Claytonia exigua,3084730.0,88,EXACT,3,3,Claytonia exigua exigua,Claytonia,Claytonia,Claytonia
Allium geyeri,2857196,Allium geyeri,<i>Allium</i> <i>geyeri</i> S.Watson,SPECIES,Amaryllidaceae,7682.0,Allium,9624496.0,Allium geyeri,2857196.0,100,EXACT,2,2,Allium geyeri,Allium,Allium,Allium
Ceanothus otayensis,10131607,Ceanothus otayensis,<i>Ceanothus</i> × <i>otayensis</i> Mc Minn,SPECIES,Rhamnaceae,2407.0,Ceanothus,3039297.0,Ceanothus otayensis,10131607.0,99,EXACT,2,2,Ceanothus otayensis,Ceanothus,Ceanothus,Ceanothus
Clinopodium glabellum,2926917,Clinopodium glabellum,<i>Clinopodium</i> <i>glabellum</i> (Michx.) Kuntze,SPECIES,Lamiaceae,2497.0,Clinopodium,2926907.0,Clinopodium glabellum,2926917.0,100,EXACT,2,2,Clinopodium glabellum,Clinopodium,Clinopodium,Clinopodium
Allium schoenoprasum sibiricum,2855897,Allium schoenoprasum sibiricum,<i>Allium</i> <i>schoenoprasum</i> var. <i>sibiricum</i> (L.) Hartm.,VARIETY,Amaryllidaceae,7682.0,Allium,9624496.0,Allium schoenoprasum,2855860.0,84,EXACT,3,3,Allium schoenoprasum sibiricum,Allium,Allium,Allium
Allium perdulce perdulce,7227636,Allium perdulce perdulce,<i>Allium</i> <i>perdulce</i> var. <i>perdulce</i>,VARIETY,Amaryllidaceae,7682.0,Allium,9624496.0,Allium perdulce,2856317.0,88,EXACT,3,3,Allium perdulce perdulce,Allium,Allium,Allium
Allium geyeri tenerum,2857202,Allium geyeri tenerum,<i>Allium</i> <i>geyeri</i> var. <i>tenerum</i> M.E.Jones,VARIETY,Amaryllidaceae,7682.0,Allium,9624496.0,Allium geyeri,2857196.0,85,EXACT,3,3,Allium geyeri tenerum,Allium,Allium,Allium
Monarda media,5341410,Monarda media,<i>Monarda</i> <i>media</i> Willd.,SPECIES,Lamiaceae,2497.0,Monarda,2926838.0,Monarda media,5341410.0,100,EXACT,2,2,Monarda media,Monarda,Monarda,Monarda
Ceanothus × lobbianus,8932018,Ceanothus lobbianus,<i>Ceanothus</i> × <i>lobbianus</i> Hook.,SPECIES,Rhamnaceae,2407.0,Ceanothus,3039297.0,Ceanothus lobbianus,8932018.0,100,EXACT,3,2,Ceanothus lobbianus,Ceanothus,Ceanothus,Ceanothus
Ceanothus × serrulatus,10156140,Ceanothus serrulatus,<i>Ceanothus</i> × <i>serrulatus</i> Mc Minn,SPECIES,Rhamnaceae,2407.0,Ceanothus,3039297.0,Ceanothus serrulatus,10156140.0,99,EXACT,3,2,Ceanothus serrulatus,Ceanothus,Ceanothus,Ceanothus
Rumex kerneri,2889005,Rumex kerneri,<i>Rumex</i> <i>kerneri</i> Borbás,SPECIES,Polygonaceae,2416.0,Rumex,2888942.0,Rumex kerneri,2889005.0,99,EXACT,2,2,Rumex kerneri,Rumex,Rumex,Rumex
Ceanothus × humboldtensis,3039349,Ceanothus humboldtensis,<i>Ceanothus</i> × <i>humboldtensis</i> Roof,SPECIES,Rhamnaceae,2407.0,Ceanothus,3039297.0,Ceanothus humboldtensis,3039349.0,100,EXACT,3,2,Ceanothus humboldtensis,Ceanothus,Ceanothus,Ceanothus
Nuphar polysepala,6434926,Nuphar polysepala,<i>Nuphar</i> <i>polysepala</i> Engelm.,SPECIES,Nymphaeaceae,2423.0,Nuphar,2882408.0,Nuphar polysepala,6434926.0,100,EXACT,2,2,Nuphar polysepala,Nuphar,Nuphar,Nuphar
Lilium canadense,2753239,Lilium canadense,<i>Lilium</i> <i>canadense</i> L.,SPECIES,Liliaceae,7699.0,Lilium,2752977.0,Lilium canadense,2753239.0,99,EXACT,2,2,Lilium canadense,Lilium,Lilium,Lilium
Ribes cynosbati,2986152,Ribes cynosbati,<i>Ribes</i> <i>cynosbati</i> L.,SPECIES,Grossulariaceae,2403.0,Ribes,2986095.0,Ribes cynosbati,2986152.0,100,EXACT,2,2,Ribes cynosbati,Ribes,Ribes,Ribes
Rumex hymenosepalus,2889015,Rumex hymenosepalus,<i>Rumex</i> <i>hymenosepalus</i> Torr.,SPECIES,Polygonaceae,2416.0,Rumex,2888942.0,Rumex hymenosepalus,2889015.0,100,EXACT,2,2,Rumex hymenosepalus,Rumex,Rumex,Rumex
Physalis virginiana,5341786,Physalis virginiana,<i>Physalis</i> <i>virginiana</i> Mill.,SPECIES,Solanaceae,7717.0,Physalis,2928907.0,Physalis virginiana,5341786.0,100,EXACT,2,2,Physalis virginiana,Physalis,Physalis,Physalis
Rhus trilobata trilobata,8330813,Rhus trilobata trilobata,<i>Rhus</i> <i>trilobata</i> var. <i>trilobata</i>,VARIETY,Anacardiaceae,2398.0,Rhus,3190534.0,Rhus trilobata,3190562.0,88,EXACT,3,3,Rhus trilobata trilobata,Rhus,Rhus,Rhus
Rumex mexicanus,6391868,Rumex mexicanus,<i>Rumex</i> <i>mexicanus</i> Meisn.,SPECIES,Polygonaceae,2416.0,Rumex,2888942.0,Rumex triangulivalvis,6391377.0,100,EXACT,2,2,Rumex mexicanus,Rumex,Rumex,Rumex
Viola emarginata,6397173,Viola emarginata,<i>Viola</i> <i>emarginata</i> (Nutt.) Leconte,SPECIES,Violaceae,6631.0,Viola,2874237.0,Viola emarginata,6397173.0,100,EXACT,2,2,Viola emarginata,Viola,Viola,Viola
Ceanothus fresnensis,3039315,Ceanothus fresnensis,<i>Ceanothus</i> <i>fresnensis</i> Dudley ex Abrams,SPECIES,Rhamnaceae,2407.0,Ceanothus,3039297.0,Ceanothus fresnensis,3039315.0,99,EXACT,2,2,Ceanothus fresnensis,Ceanothus,Ceanothus,Ceanothus
Rubus niveus,2989183,Rubus niveus,<i>Rubus</i> <i>niveus</i> Thunb.,SPECIES,Rosaceae,5015.0,Rubus,2988638.0,Rubus niveus,2989183.0,99,EXACT,2,2,Rubus niveus,Rubus,Rubus,Rubus
Tilia americana americana,7226552,Tilia americana americana,<i>Tilia</i> <i>americana</i> var. <i>americana</i>,VARIETY,Malvaceae,6685.0,Tilia,3152041.0,Tilia americana,3152042.0,88,EXACT,3,3,Tilia americana americana,Tilia,Tilia,Tilia
Vitis rotundifolia pygmaea,5659021,Vitis rotundifolia pygmaea,<i>Vitis</i> <i>rotundifolia</i> var. <i>pygmaea</i> Mc Farlin ex D.B.Ward,VARIETY,Vitaceae,6672.0,Vitis,7467468.0,Vitis rotundifolia,5372394.0,85,EXACT,3,3,Vitis rotundifolia pygmaea,Vitis,Vitis,Vitis
Claytonia peirsonii peirsonii,9600356,Claytonia peirsonii peirsonii,<i>Claytonia</i> <i>peirsonii</i> subsp. <i>peirsonii</i>,SUBSPECIES,Montiaceae,4898338.0,Claytonia,3084729.0,Claytonia peirsonii,9479365.0,88,EXACT,3,3,Claytonia peirsonii peirsonii,Claytonia,Claytonia,Claytonia
Amelanchier cusickii,3023999,Amelanchier cusickii,<i>Amelanchier</i> <i>cusickii</i> Fernald,SPECIES,Rosaceae,5015.0,Amelanchier,3023817.0,Amelanchier alnifolia,8168485.0,100,EXACT,2,2,Amelanchier cusickii,Amelanchier,Amelanchier,Amelanchier
Liatris punctata nebraskana,4243103,Liatris punctata nebraskana,<i>Liatris</i> <i>punctata</i> var. <i>nebraskana</i> Gaiser,VARIETY,Asteraceae,3065.0,Liatris,3104263.0,Liatris punctata,3104349.0,88,EXACT,3,3,Liatris punctata nebraskana,Liatris,Liatris,Liatris
Vitis riparia,5372385,Vitis riparia,<i>Vitis</i> <i>riparia</i> Michx.,SPECIES,Vitaceae,6672.0,Vitis,7467468.0,Vitis riparia,5372385.0,99,EXACT,2,2,Vitis riparia,Vitis,Vitis,Vitis
Pinus albicaulis,5285183,Pinus albicaulis,<i>Pinus</i> <i>albicaulis</i> Engelm.,SPECIES,Pinaceae,3925.0,Pinus,2684241.0,Pinus albicaulis,5285183.0,100,EXACT,2,2,Pinus albicaulis,Pinus,Pinus,Pinus
Trillium maculatum,2742330,Trillium maculatum,<i>Trillium</i> <i>maculatum</i> Raf.,SPECIES,Melanthiaceae,7700.0,Trillium,2742182.0,Trillium maculatum,2742330.0,100,EXACT,2,2,Trillium maculatum,Trillium,Trillium,Trillium
Quercus acutissima,2877959,Quercus acutissima,<i>Quercus</i> <i>acutissima</i> Carruth.,SPECIES,Fagaceae,4689.0,Quercus,2877951.0,Quercus acutissima,2877959.0,100,EXACT,2,2,Quercus acutissima,Quercus,Quercus,Quercus
Allium atrorubens,2855926,Allium atrorubens,<i>Allium</i> <i>atrorubens</i> S.Watson,SPECIES,Amaryllidaceae,7682.0,Allium,9624496.0,Allium atrorubens,2855926.0,100,EXACT,2,2,Allium atrorubens,Allium,Allium,Allium
Hibiscus lasiocarpos occidentalis,3936075,Hibiscus lasiocarpos occidentalis,<i>Hibiscus</i> <i>lasiocarpos</i> var. <i>occidentalis</i> A.Gray,VARIETY,Malvaceae,6685.0,Hibiscus,3152542.0,Hibiscus moscheutos,3152596.0,88,EXACT,3,3,Hibiscus lasiocarpos occidentalis,Hibiscus,Hibiscus,Hibiscus
Ceanothus jepsonii jepsonii,7095697,Ceanothus jepsonii jepsonii,<i>Ceanothus</i> <i>jepsonii</i> var. <i>jepsonii</i>,VARIETY,Rhamnaceae,2407.0,Ceanothus,3039297.0,Ceanothus jepsonii,3039365.0,85,EXACT,3,3,Ceanothus jepsonii jepsonii,Ceanothus,Ceanothus,Ceanothus
Claytonia sibirica sibirica,6388101,Claytonia sibirica sibirica,<i>Claytonia</i> <i>sibirica</i> var. <i>sibirica</i>,VARIETY,Montiaceae,4898338.0,Claytonia,3084729.0,Claytonia sibirica,3084742.0,88,EXACT,3,3,Claytonia sibirica sibirica,Claytonia,Claytonia,Claytonia
Primula austrofrigida,5640793,Primula austrofrigida,<i>Primula</i> <i>austrofrigida</i> (K.L.Chambers) A.R.Mast & Reveal,SPECIES,Primulaceae,6674.0,Dodecatheon,7597718.0,Dodecatheon austrofrigidum,3169258.0,100,EXACT,2,2,Primula austrofrigida,Primula,Primula,Primula
Cakile edentula edentula,6392356,Cakile edentula edentula,<i>Cakile</i> <i>edentula</i> var. <i>edentula</i>,VARIETY,Brassicaceae,3112.0,Cakile,3048827.0,Cakile edentula,3048882.0,85,EXACT,3,3,Cakile edentula edentula,Cakile,Cakile,Cakile
Pinus brutia,5285710,Pinus brutia,<i>Pinus</i> <i>brutia</i> Ten.,SPECIES,Pinaceae,3925.0,Pinus,2684241.0,Pinus brutia,5285710.0,100,EXACT,2,2,Pinus brutia,Pinus,Pinus,Pinus
Crataegus submollis,3015560,Crataegus submollis,<i>Crataegus</i> <i>submollis</i> Sarg.,SPECIES,Rosaceae,5015.0,Crataegus,3013395.0,Crataegus submollis,3015560.0,100,EXACT,2,2,Crataegus submollis,Crataegus,Crataegus,Crataegus
Ribes indecorum,2986122,Ribes indecorum,<i>Ribes</i> <i>indecorum</i> Eastw.,SPECIES,Grossulariaceae,2403.0,Ribes,2986095.0,Ribes indecorum,2986122.0,100,EXACT,2,2,Ribes indecorum,Ribes,Ribes,Ribes
Vaccinium erythrocarpum,2882844,Vaccinium erythrocarpum,<i>Vaccinium</i> <i>erythrocarpum</i> Michx.,SPECIES,Ericaceae,2505.0,Vaccinium,2882813.0,Vaccinium erythrocarpum,2882844.0,100,EXACT,2,2,Vaccinium erythrocarpum,Vaccinium,Vaccinium,Vaccinium
Quercus sinuata breviloba,2879489,Quercus sinuata breviloba,<i>Quercus</i> <i>sinuata</i> var. <i>breviloba</i> (Torr.) C.H.Mull.,VARIETY,Fagaceae,4689.0,Quercus,2877951.0,Quercus sinuata,2879488.0,85,EXACT,3,3,Quercus sinuata breviloba,Quercus,Quercus,Quercus
Rumex maritimus,2888980,Rumex maritimus,<i>Rumex</i> <i>maritimus</i> L.,SPECIES,Polygonaceae,2416.0,Rumex,2888942.0,Rumex maritimus,2888980.0,99,EXACT,2,2,Rumex maritimus,Rumex,Rumex,Rumex
Pinus torreyana torreyana,7230687,Pinus torreyana torreyana,<i>Pinus</i> <i>torreyana</i> subsp. <i>torreyana</i>,SUBSPECIES,Pinaceae,3925.0,Pinus,2684241.0,Pinus torreyana,5285764.0,85,EXACT,3,3,Pinus torreyana torreyana,Pinus,Pinus,Pinus
Allium geyeri chatterleyi,2857197,Allium geyeri chatterleyi,<i>Allium</i> <i>geyeri</i> var. <i>chatterleyi</i> S.L.Welsh,VARIETY,Amaryllidaceae,7682.0,Allium,9624496.0,Allium geyeri,2857196.0,88,EXACT,3,3,Allium geyeri chatterleyi,Allium,Allium,Allium
Viola purpurea mohavensis,5664271,Viola purpurea mohavensis,<i>Viola</i> <i>purpurea</i> var. <i>mohavensis</i> (Baker & Clausen) J.T.Howell,VARIETY,Violaceae,6631.0,Viola,2874237.0,Viola aurea,5331393.0,84,EXACT,3,3,Viola purpurea mohavensis,Viola,Viola,Viola
Viola × brauniae,5331313,Viola brauniae,<i>Viola</i> × <i>brauniae</i> Grover ex Cooperr.,SPECIES,Violaceae,6631.0,Viola,2874237.0,Viola brauniae,5331313.0,99,EXACT,3,2,Viola brauniae,Viola,Viola,Viola
Quercus parvula parvula,7226616,Quercus parvula parvula,<i>Quercus</i> <i>parvula</i> var. <i>parvula</i>,VARIETY,Fagaceae,4689.0,Quercus,2877951.0,Quercus parvula,2878124.0,88,EXACT,3,3,Quercus parvula parvula,Quercus,Quercus,Quercus
Limnia,3234805,Limnia,<i>Limnia</i> Haw.,GENUS,Montiaceae,4898338.0,Claytonia,3084729.0,,,96,HIGHERRANK,1,1,Limnia,Limnia,Limnia,Limnia
Cirsium vulgare litorale,4218196,Cirsium vulgare litorale,<i>Cirsium</i> <i>vulgare</i> var. <i>litorale</i> P.D.Sell,VARIETY,Asteraceae,3065.0,Cirsium,3112554.0,Cirsium vulgare,3112801.0,88,EXACT,3,3,Cirsium vulgare litorale,Cirsium,Cirsium,Cirsium
Viola nuttallii,5331211,Viola nuttallii,<i>Viola</i> <i>nuttallii</i> Pursh,SPECIES,Violaceae,6631.0,Viola,2874237.0,Viola nuttallii,5331211.0,99,EXACT,2,2,Viola nuttallii,Viola,Viola,Viola
Pinus nigra,5284809,Pinus nigra,<i>Pinus</i> <i>nigra</i> J.F.Arnold,SPECIES,Pinaceae,3925.0,Pinus,2684241.0,Pinus nigra,5284809.0,99,EXACT,2,2,Pinus nigra,Pinus,Pinus,Pinus
Carya carolinae-septentrionalis,3054328,Carya carolinae-septentrionalis,<i>Carya</i> <i>carolinae-septentrionalis</i> (Ashe) Engl. & Graebn.,SPECIES,Juglandaceae,2499.0,Carya,3054287.0,Carya carolinae-septentrionalis,3054328.0,99,EXACT,2,2,Carya carolinae-septentrionalis,Carya,Carya,Carya
Rumex chrysocarpos,4035452,Rumex chrysocarpos,<i>Rumex</i> <i>chrysocarpos</i> Moris,SPECIES,Polygonaceae,2416.0,Rumex,2888942.0,Rumex chrysocarpos,4035452.0,100,EXACT,2,2,Rumex chrysocarpos,Rumex,Rumex,Rumex
Rhus michauxii,3190550,Rhus michauxii,<i>Rhus</i> <i>michauxii</i> Sarg.,SPECIES,Anacardiaceae,2398.0,Rhus,3190534.0,Rhus michauxii,3190550.0,100,EXACT,2,2,Rhus michauxii,Rhus,Rhus,Rhus
Oxalis tetraphylla,7560711,Oxalis tetraphylla,<i>Oxalis</i> <i>tetraphylla</i> Cav.,SPECIES,Oxalidaceae,6697.0,Oxalis,2891642.0,Oxalis tetraphylla,7560711.0,99,EXACT,2,2,Oxalis tetraphylla,Oxalis,Oxalis,Oxalis
Allium sanbornii,2856940,Allium sanbornii,<i>Allium</i> <i>sanbornii</i> Alph.Wood,SPECIES,Amaryllidaceae,7682.0,Allium,9624496.0,Allium sanbornii,2856940.0,100,EXACT,2,2,Allium sanbornii,Allium,Allium,Allium
Allium vineale vineale,4270235,Allium vineale vineale,<i>Allium</i> <i>vineale</i> subsp. <i>vineale</i>,SUBSPECIES,Amaryllidaceae,7682.0,Allium,9624496.0,Allium vineale,7792960.0,88,EXACT,3,3,Allium vineale vineale,Allium,Allium,Allium
Crataegus pruinosa dissona,8108263,Crataegus pruinosa dissona,<i>Crataegus</i> <i>pruinosa</i> var. <i>dissona</i> (Sarg.) J.B.Phipps,VARIETY,Rosaceae,5015.0,Crataegus,3013395.0,Crataegus pruinosa,7790552.0,85,EXACT,3,3,Crataegus pruinosa dissona,Crataegus,Crataegus,Crataegus
Rubus fruticosus,8436459,Rubus fruticosus,<i>Rubus</i> <i>fruticosus</i> L.,SPECIES,Rosaceae,5015.0,Rubus,2988638.0,Rubus fruticosus,8436459.0,99,EXACT,2,2,Rubus fruticosus,Rubus,Rubus,Rubus
Vitis vinifera sylvestris,5832702,Vitis vinifera sylvestris,<i>Vitis</i> <i>vinifera</i> subsp. <i>sylvestris</i> (Willd.) Hegi,SUBSPECIES,Vitaceae,6672.0,Vitis,7467468.0,Vitis gmelinii,9484186.0,84,EXACT,3,3,Vitis vinifera sylvestris,Vitis,Vitis,Vitis
Malus halliana,3001220,Malus halliana,<i>Malus</i> <i>halliana</i> Koehne,SPECIES,Rosaceae,5015.0,Malus,3001068.0,Malus halliana,3001220.0,100,EXACT,2,2,Malus halliana,Malus,Malus,Malus
Sanicula odorata,3034839,Sanicula odorata,<i>Sanicula</i> <i>odorata</i> (Raf.) Pryer & Phillippe,SPECIES,Apiaceae,6720.0,Sanicula,3034831.0,Sanicula odorata,3034839.0,100,EXACT,2,2,Sanicula odorata,Sanicula,Sanicula,Sanicula
Phlox divaricata divaricata,7096549,Phlox divaricata divaricata,<i>Phlox</i> <i>divaricata</i> subsp. <i>divaricata</i>,SUBSPECIES,Polemoniaceae,6648.0,Phlox,2927698.0,Phlox divaricata,2927730.0,85,EXACT,3,3,Phlox divaricata divaricata,Phlox,Phlox,Phlox
Allium neapolitanum,2856348,Allium neapolitanum,<i>Allium</i> <i>neapolitanum</i> Cirillo,SPECIES,Amaryllidaceae,7682.0,Allium,9624496.0,Allium neapolitanum,2856348.0,99,EXACT,2,2,Allium neapolitanum,Allium,Allium,Allium
Rhus lanceolata,3190559,Rhus lanceolata,<i>Rhus</i> <i>lanceolata</i> (A.Gray) Britton,SPECIES,Anacardiaceae,2398.0,Rhus,3190534.0,Rhus lanceolata,3190559.0,99,EXACT,2,2,Rhus lanceolata,Rhus,Rhus,Rhus
Trillium ovatum maculosum,2742420,Trillium ovatum maculosum,<i>Trillium</i> <i>ovatum</i> f. <i>maculosum</i> Case & R.B.Case,FORM,Melanthiaceae,7700.0,Trillium,2742182.0,Trillium ovatum,2742413.0,88,EXACT,3,3,Trillium ovatum maculosum,Trillium,Trillium,Trillium
Acer negundo interior,3768607,Acer negundo interior,<i>Acer</i> <i>negundo</i> var. <i>interior</i> (Britton) Sarg.,VARIETY,Sapindaceae,6657.0,Acer,3189834.0,Acer negundo,3189866.0,85,EXACT,3,3,Acer negundo interior,Acer,Acer,Acer
Cirsium douglasii,3113757,Cirsium douglasii,<i>Cirsium</i> <i>douglasii</i> DC.,SPECIES,Asteraceae,3065.0,Cirsium,3112554.0,Cirsium douglasii,3113757.0,100,EXACT,2,2,Cirsium douglasii,Cirsium,Cirsium,Cirsium
Tilia americana neglecta,4260153,Tilia americana neglecta,<i>Tilia</i> <i>americana</i> var. <i>neglecta</i> (Spach) Fosberg,VARIETY,Malvaceae,6685.0,Tilia,3152041.0,Tilia americana,3152042.0,88,EXACT,3,3,Tilia americana neglecta,Tilia,Tilia,Tilia
Hemerocallis fulva aurantiaca,2781097,Hemerocallis fulva aurantiaca,<i>Hemerocallis</i> <i>fulva</i> var. <i>aurantiaca</i> (Baker) M.Hotta,VARIETY,Asphodelaceae,4259209.0,Hemerocallis,9557223.0,Hemerocallis fulva,2781074.0,85,EXACT,3,3,Hemerocallis fulva aurantiaca,Hemerocallis,Hemerocallis,Hemerocallis
Sideroxylon lanuginosum oblongifolium,2887090,Sideroxylon lanuginosum oblongifolium,<i>Sideroxylon</i> <i>lanuginosum</i> subsp. <i>oblongifolium</i> (Nutt.) T.D.Penn.,SUBSPECIES,Sapotaceae,8802.0,Sideroxylon,2886817.0,Sideroxylon lanuginosum,2887069.0,85,EXACT,3,3,Sideroxylon lanuginosum oblongifolium,Sideroxylon,Sideroxylon,Sideroxylon
Rumex paucifolius gracilescens,4037430,Rumex paucifolius gracilescens,<i>Rumex</i> <i>paucifolius</i> var. <i>gracilescens</i> Rech.fil.,VARIETY,Polygonaceae,2416.0,Rumex,2888942.0,Rumex paucifolius,2889007.0,84,EXACT,3,3,Rumex paucifolius gracilescens,Rumex,Rumex,Rumex
Ceanothus prostratus occidentalis,3039369,Ceanothus prostratus occidentalis,<i>Ceanothus</i> <i>prostratus</i> var. <i>occidentalis</i> McMinn,VARIETY,Rhamnaceae,2407.0,Ceanothus,3039297.0,Ceanothus divergens,3039345.0,84,EXACT,3,3,Ceanothus prostratus occidentalis,Ceanothus,Ceanothus,Ceanothus
Viola pratincola,5331287,Viola pratincola,<i>Viola</i> <i>pratincola</i> Greene,SPECIES,Violaceae,6631.0,Viola,2874237.0,Viola pratincola,5331287.0,100,EXACT,2,2,Viola pratincola,Viola,Viola,Viola
Rubus parviflorus,7872219,Rubus parviflorus,<i>Rubus</i> <i>parviflorus</i> Kük.,SPECIES,Rosaceae,5015.0,Rubus,2988638.0,Rubus parviflorus,7872219.0,99,EXACT,2,2,Rubus parviflorus,Rubus,Rubus,Rubus
Viola lanceolata,5331183,Viola lanceolata,<i>Viola</i> <i>lanceolata</i> L.,SPECIES,Violaceae,6631.0,Viola,2874237.0,Viola lanceolata,5331183.0,99,EXACT,2,2,Viola lanceolata,Viola,Viola,Viola
Corylus avellana,2875979,Corylus avellana,<i>Corylus</i> <i>avellana</i> L.,SPECIES,Betulaceae,4688.0,Corylus,2875967.0,Corylus avellana,2875979.0,99,EXACT,2,2,Corylus avellana,Corylus,Corylus,Corylus
Viola fimbriatula,6397021,Viola fimbriatula,<i>Viola</i> <i>fimbriatula</i> Sm.,SPECIES,Violaceae,6631.0,Viola,2874237.0,Viola fimbriatula,6397021.0,100,EXACT,2,2,Viola fimbriatula,Viola,Viola,Viola
Tradescantia pinetorum,2765100,Tradescantia pinetorum,<i>Tradescantia</i> <i>pinetorum</i> Greene,SPECIES,Commelinaceae,2763195.0,Tradescantia,2765096.0,Tradescantia pinetorum,2765100.0,100,EXACT,2,2,Tradescantia pinetorum,Tradescantia,Tradescantia,Tradescantia
Ceanothus thyrsiflorus griseus,8333166,Ceanothus thyrsiflorus griseus,<i>Ceanothus</i> <i>thyrsiflorus</i> var. <i>griseus</i> Trel.,VARIETY,Rhamnaceae,2407.0,Ceanothus,3039297.0,Ceanothus griseus,10331743.0,88,EXACT,3,3,Ceanothus thyrsiflorus griseus,Ceanothus,Ceanothus,Ceanothus
Fragaria vesca bracteata,6369288,Fragaria vesca bracteata,<i>Fragaria</i> <i>vesca</i> subsp. <i>bracteata</i> (A.Heller) Staudt,SUBSPECIES,Rosaceae,5015.0,Fragaria,3029779.0,Fragaria vesca,3029817.0,85,EXACT,3,3,Fragaria vesca bracteata,Fragaria,Fragaria,Fragaria
Ceanothus diversifolius,3039299,Ceanothus diversifolius,<i>Ceanothus</i> <i>diversifolius</i> Kellogg,SPECIES,Rhamnaceae,2407.0,Ceanothus,3039297.0,Ceanothus diversifolius,3039299.0,100,EXACT,2,2,Ceanothus diversifolius,Ceanothus,Ceanothus,Ceanothus
Claytonia palustris,3084769,Claytonia palustris,<i>Claytonia</i> <i>palustris</i> Swanson & Kelley,SPECIES,Montiaceae,4898338.0,Claytonia,3084729.0,Claytonia palustris,3084769.0,100,EXACT,2,2,Claytonia palustris,Claytonia,Claytonia,Claytonia
Viola umbraticola,5331292,Viola umbraticola,<i>Viola</i> <i>umbraticola</i> Kunth,SPECIES,Violaceae,6631.0,Viola,2874237.0,Viola umbraticola,5331292.0,100,EXACT,2,2,Viola umbraticola,Viola,Viola,Viola
Rubus apogaeus,2992148,Rubus apogaeus,<i>Rubus</i> <i>apogaeus</i> L.H.Bailey,SPECIES,Rosaceae,5015.0,Rubus,2988638.0,Rubus apogaeus,2992148.0,100,EXACT,2,2,Rubus apogaeus,Rubus,Rubus,Rubus
Brassica rapa nipposinica,3042682,Brassica rapa nipposinica,<i>Brassica</i> <i>rapa</i> subsp. <i>nipposinica</i> (L.H.Bailey) Hanelt,SUBSPECIES,Brassicaceae,3112.0,Brassica,3042506.0,Brassica rapa,7903057.0,84,EXACT,3,3,Brassica rapa nipposinica,Brassica,Brassica,Brassica
Quercus lobata,2878373,Quercus lobata,<i>Quercus</i> <i>lobata</i> Née,SPECIES,Fagaceae,4689.0,Quercus,2877951.0,Quercus lobata,2878373.0,100,EXACT,2,2,Quercus lobata,Quercus,Quercus,Quercus
Ribes californicum,2986175,Ribes californicum,<i>Ribes</i> <i>californicum</i> Hook. & Arn.,SPECIES,Grossulariaceae,2403.0,Ribes,2986095.0,Ribes californicum,2986175.0,100,EXACT,2,2,Ribes californicum,Ribes,Ribes,Ribes
Viburnum rafinesqueanum,4925723,Viburnum rafinesqueanum,<i>Viburnum</i> <i>rafinesqueanum</i> Schult.,SPECIES,Viburnaceae,4924416.0,Viburnum,2888580.0,Viburnum rafinesqueanum,4925723.0,100,EXACT,2,2,Viburnum rafinesqueanum,Viburnum,Viburnum,Viburnum
Clinopodium dentatum,2926939,Clinopodium dentatum,<i>Clinopodium</i> <i>dentatum</i> (Chapm.) Kuntze,SPECIES,Lamiaceae,2497.0,Clinopodium,2926907.0,Clinopodium dentatum,2926939.0,100,EXACT,2,2,Clinopodium dentatum,Clinopodium,Clinopodium,Clinopodium
Tradescantia subaspera,2765298,Tradescantia subaspera,<i>Tradescantia</i> <i>subaspera</i> Ker Gawl.,SPECIES,Commelinaceae,2763195.0,Tradescantia,2765096.0,Tradescantia subaspera,2765298.0,99,EXACT,2,2,Tradescantia subaspera,Tradescantia,Tradescantia,Tradescantia
Oxalis triangularis,7156971,Oxalis triangularis,<i>Oxalis</i> <i>triangularis</i> A.St.-Hil.,SPECIES,Oxalidaceae,6697.0,Oxalis,2891642.0,Oxalis triangularis,7156971.0,100,EXACT,2,2,Oxalis triangularis,Oxalis,Oxalis,Oxalis
Lonicera caerulea cauriana,5598586,Lonicera caerulea cauriana,<i>Lonicera</i> <i>caerulea</i> var. <i>cauriana</i> (Fernald) Boivin,VARIETY,Caprifoliaceae,6710.0,Lonicera,2888645.0,Lonicera caerulea,5334269.0,88,EXACT,3,3,Lonicera caerulea cauriana,Lonicera,Lonicera,Lonicera
Fragaria virginiana virginiana,3029922,Fragaria virginiana virginiana,<i>Fragaria</i> <i>virginiana</i> subsp. <i>virginiana</i>,SUBSPECIES,Rosaceae,5015.0,Fragaria,3029779.0,Fragaria virginiana,7950792.0,88,EXACT,3,3,Fragaria virginiana virginiana,Fragaria,Fragaria,Fragaria
Sambucus racemosa racemosa,7222035,Sambucus racemosa racemosa,<i>Sambucus</i> <i>racemosa</i> subsp. <i>racemosa</i>,SUBSPECIES,Viburnaceae,4924416.0,Sambucus,2888721.0,Sambucus racemosa,2888723.0,85,EXACT,3,3,Sambucus racemosa racemosa,Sambucus,Sambucus,Sambucus
Sanicula trifoliata,3034848,Sanicula trifoliata,<i>Sanicula</i> <i>trifoliata</i> E.P.Bicknell,SPECIES,Apiaceae,6720.0,Sanicula,3034831.0,Sanicula trifoliata,3034848.0,100,EXACT,2,2,Sanicula trifoliata,Sanicula,Sanicula,Sanicula
Trillium chloropetalum giganteum,2742378,Trillium chloropetalum giganteum,<i>Trillium</i> <i>chloropetalum</i> var. <i>giganteum</i> (Hook. & Arn.) Munz,VARIETY,Melanthiaceae,7700.0,Trillium,2742182.0,Trillium chloropetalum,2742377.0,85,EXACT,3,3,Trillium chloropetalum giganteum,Trillium,Trillium,Trillium
Viola bakeri,5331358,Viola bakeri,<i>Viola</i> <i>bakeri</i> Greene,SPECIES,Violaceae,6631.0,Viola,2874237.0,Viola bakeri,5331358.0,100,EXACT,2,2,Viola bakeri,Viola,Viola,Viola
Claytonia virginica hammondiae,4022053,Claytonia virginica hammondiae,"<i>Claytonia</i> <i>virginica</i> var. <i>hammondiae</i> (Kalmb.) Doyle, Lewis & D.B.Snyder",VARIETY,Montiaceae,4898338.0,Claytonia,3084729.0,Claytonia virginica,3084745.0,85,EXACT,3,3,Claytonia virginica hammondiae,Claytonia,Claytonia,Claytonia
Robinia hispida fertilis,5352224,Robinia hispida fertilis,<i>Robinia</i> <i>hispida</i> var. <i>fertilis</i> (Ashe) R.T.Clausen,VARIETY,Fabaceae,5386.0,Robinia,2952066.0,Robinia hispida,5352221.0,88,EXACT,3,3,Robinia hispida fertilis,Robinia,Robinia,Robinia
Delostylis,2741681,Delostylis,<i>Delostylis</i> Raf.,GENUS,Melanthiaceae,7700.0,Trillium,2742182.0,,,96,HIGHERRANK,1,1,Delostylis,Delostylis,Delostylis,Delostylis
Rubus armeniacus,2996525,Rubus armeniacus,<i>Rubus</i> <i>armeniacus</i> Focke,SPECIES,Rosaceae,5015.0,Rubus,2988638.0,Rubus armeniacus,2996525.0,100,EXACT,2,2,Rubus armeniacus,Rubus,Rubus,Rubus
Quercus minima,2879040,Quercus minima,<i>Quercus</i> <i>minima</i> (Sarg.) Small,SPECIES,Fagaceae,4689.0,Quercus,2877951.0,Quercus minima,2879040.0,100,EXACT,2,2,Quercus minima,Quercus,Quercus,Quercus
Viola minuscula,5663577,Viola minuscula,<i>Viola</i> <i>minuscula</i> Greene,SPECIES,Violaceae,6631.0,Viola,2874237.0,Viola minuscula,5663577.0,100,EXACT,2,2,Viola minuscula,Viola,Viola,Viola
Lilium washingtonianum purpurascens,2752996,Lilium washingtonianum purpurascens,<i>Lilium</i> <i>washingtonianum</i> subsp. <i>purpurascens</i> (Stearn) M.W.Skinner,SUBSPECIES,Liliaceae,7699.0,Lilium,2752977.0,Lilium washingtonianum,2752992.0,85,EXACT,3,3,Lilium washingtonianum purpurascens,Lilium,Lilium,Lilium
Yucca madrensis,2775610,Yucca madrensis,<i>Yucca</i> <i>madrensis</i> Gentry,SPECIES,Asparagaceae,7683.0,Yucca,2775496.0,Yucca madrensis,2775610.0,100,EXACT,2,2,Yucca madrensis,Yucca,Yucca,Yucca
Viola purpurea quercetorum,5664257,Viola purpurea quercetorum,<i>Viola</i> <i>purpurea</i> var. <i>quercetorum</i> (M.S.Baker & J.C.Clausen) R.J.Little,VARIETY,Violaceae,6631.0,Viola,2874237.0,Viola quercetorum,5664124.0,84,EXACT,3,3,Viola purpurea quercetorum,Viola,Viola,Viola
Torilis arvensis arvensis,4271349,Torilis arvensis arvensis,<i>Torilis</i> <i>arvensis</i> subsp. <i>arvensis</i>,SUBSPECIES,Apiaceae,6720.0,Torilis,3034818.0,Torilis arvensis,3034823.0,88,EXACT,3,3,Torilis arvensis arvensis,Torilis,Torilis,Torilis
Viola canadensis rugulosa,5664135,Viola canadensis rugulosa,<i>Viola</i> <i>canadensis</i> var. <i>rugulosa</i> (Greene) C.L.Hitchc.,VARIETY,Violaceae,6631.0,Viola,2874237.0,Viola rugulosa,5663386.0,88,EXACT,3,3,Viola canadensis rugulosa,Viola,Viola,Viola
Pycnanthemum floridanum,2927344,Pycnanthemum floridanum,<i>Pycnanthemum</i> <i>floridanum</i> E.Grant & Epling,SPECIES,Lamiaceae,2497.0,Pycnanthemum,2927338.0,Pycnanthemum floridanum,2927344.0,100,EXACT,2,2,Pycnanthemum floridanum,Pycnanthemum,Pycnanthemum,Pycnanthemum
Corylus colurna,2875968,Corylus colurna,<i>Corylus</i> <i>colurna</i> L.,SPECIES,Betulaceae,4688.0,Corylus,2875967.0,Corylus colurna,2875968.0,100,EXACT,2,2,Corylus colurna,Corylus,Corylus,Corylus
Lilium bulbiferum,2753079,Lilium bulbiferum,<i>Lilium</i> <i>bulbiferum</i> L.,SPECIES,Liliaceae,7699.0,Lilium,2752977.0,Lilium bulbiferum,2753079.0,99,EXACT,2,2,Lilium bulbiferum,Lilium,Lilium,Lilium
Vitis mustangensis,5372381,Vitis mustangensis,<i>Vitis</i> <i>mustangensis</i> Buckley,SPECIES,Vitaceae,6672.0,Vitis,7467468.0,Vitis mustangensis,5372381.0,100,EXACT,2,2,Vitis mustangensis,Vitis,Vitis,Vitis
Neltuma glandulosa,2970789,Neltuma glandulosa,<i>Neltuma</i> <i>glandulosa</i> (Torr.) Britton & Rose,SPECIES,Fabaceae,5386.0,Prosopis,2970763.0,Prosopis glandulosa,5358457.0,100,EXACT,2,2,Neltuma glandulosa,Neltuma,Neltuma,Neltuma
Persicaria glabra,6391450,Persicaria glabra,<i>Persicaria</i> <i>glabra</i> (Willd.) M.Gómez,SPECIES,Polygonaceae,2416.0,Persicaria,6390748.0,Persicaria glabra,6391450.0,99,EXACT,2,2,Persicaria glabra,Persicaria,Persicaria,Persicaria
Arctostaphylos uva-ursi suborbiculata,2882586,Arctostaphylos uva-ursi suborbiculata,<i>Arctostaphylos</i> <i>uva-ursi</i> var. <i>suborbiculata</i> W.Knight,VARIETY,Ericaceae,2505.0,Arctostaphylos,2882486.0,Arctostaphylos uva-ursi,2882580.0,84,EXACT,3,3,Arctostaphylos uva-ursi suborbiculata,Arctostaphylos,Arctostaphylos,Arctostaphylos
Pycnanthemum californicum,2927343,Pycnanthemum californicum,<i>Pycnanthemum</i> <i>californicum</i> Torr. ex Durand,SPECIES,Lamiaceae,2497.0,Pycnanthemum,2927338.0,Pycnanthemum californicum,2927343.0,99,EXACT,2,2,Pycnanthemum californicum,Pycnanthemum,Pycnanthemum,Pycnanthemum
Oxalis triangularis triangularis,7318173,Oxalis triangularis triangularis,<i>Oxalis</i> <i>triangularis</i> subsp. <i>triangularis</i>,SUBSPECIES,Oxalidaceae,6697.0,Oxalis,2891642.0,Oxalis triangularis,7156971.0,88,EXACT,3,3,Oxalis triangularis triangularis,Oxalis,Oxalis,Oxalis
Amelanchier interior,3024097,Amelanchier interior,<i>Amelanchier</i> <i>interior</i> Nielsen,SPECIES,Rosaceae,5015.0,Amelanchier,3023817.0,Amelanchier interior,3024097.0,100,EXACT,2,2,Amelanchier interior,Amelanchier,Amelanchier,Amelanchier
Rumex pseudonatronatus,7911993,Rumex pseudonatronatus,<i>Rumex</i> <i>pseudonatronatus</i> (Borbás) Borbás ex Murb.,SPECIES,Polygonaceae,2416.0,Rumex,2888942.0,Rumex pseudonatronatus,7911993.0,99,EXACT,2,2,Rumex pseudonatronatus,Rumex,Rumex,Rumex
Empetrum nigrum nigrum,6387990,Empetrum nigrum nigrum,<i>Empetrum</i> <i>nigrum</i> subsp. <i>nigrum</i>,SUBSPECIES,Ericaceae,2505.0,Empetrum,2888367.0,Empetrum nigrum,8925249.0,85,EXACT,3,3,Empetrum nigrum nigrum,Empetrum,Empetrum,Empetrum
Oxalis dillenii,2891677,Oxalis dillenii,<i>Oxalis</i> <i>dillenii</i> Jacq.,SPECIES,Oxalidaceae,6697.0,Oxalis,2891642.0,Oxalis dillenii,2891677.0,100,EXACT,2,2,Oxalis dillenii,Oxalis,Oxalis,Oxalis
Pteridium aquilinum pubescens,7674768,Pteridium aquilinum pubescens,"<i>Pteridium</i> <i>aquilinum</i> subsp. <i>pubescens</i> (Underw.) J.A.Thomson, Mickel & Mehltr.",SUBSPECIES,Dennstaedtiaceae,6623.0,Pteridium,5275011.0,Pteridium aquilinum,5275012.0,85,EXACT,3,3,Pteridium aquilinum pubescens,Pteridium,Pteridium,Pteridium
Cirsium edule,3112749,Cirsium edule,<i>Cirsium</i> <i>edule</i> Nutt.,SPECIES,Asteraceae,3065.0,Cirsium,3112554.0,Cirsium edule,3112749.0,100,EXACT,2,2,Cirsium edule,Cirsium,Cirsium,Cirsium
Primula jeffreyi,5640826,Primula jeffreyi,<i>Primula</i> <i>jeffreyi</i> (Van Houtte) A.R.Mast & Reveal,SPECIES,Primulaceae,6674.0,Dodecatheon,7597718.0,Dodecatheon jeffreyanum,4005760.0,100,EXACT,2,2,Primula jeffreyi,Primula,Primula,Primula
Lilium parryi,2753473,Lilium parryi,<i>Lilium</i> <i>parryi</i> S.Watson,SPECIES,Liliaceae,7699.0,Lilium,2752977.0,Lilium parryi,2753473.0,100,EXACT,2,2,Lilium parryi,Lilium,Lilium,Lilium
Pinus reflexa,5285554,Pinus reflexa,<i>Pinus</i> <i>reflexa</i> (Engelm.) Engelm.,SPECIES,Pinaceae,3925.0,Pinus,2684241.0,Pinus flexilis,5285551.0,100,EXACT,2,2,Pinus reflexa,Pinus,Pinus,Pinus
Quercus garryana semota,2879272,Quercus garryana semota,<i>Quercus</i> <i>garryana</i> var. <i>semota</i> Jeps.,VARIETY,Fagaceae,4689.0,Quercus,2877951.0,Quercus garryana,2879260.0,85,EXACT,3,3,Quercus garryana semota,Quercus,Quercus,Quercus
Yucca schottii,2775615,Yucca schottii,<i>Yucca</i> × <i>schottii</i> Engelm.,SPECIES,Asparagaceae,7683.0,Yucca,2775496.0,Yucca schottii,2775615.0,99,EXACT,2,2,Yucca schottii,Yucca,Yucca,Yucca
Muscari azureum,2769622,Muscari azureum,<i>Muscari</i> <i>azureum</i> Fenzl,SPECIES,Asparagaceae,7683.0,Muscari,2772004.0,Muscari azureum,2769622.0,100,EXACT,2,2,Muscari azureum,Muscari,Muscari,Muscari
Viola floridana,5331251,Viola floridana,<i>Viola</i> <i>floridana</i> Brainerd,SPECIES,Violaceae,6631.0,Viola,2874237.0,Viola floridana,5331251.0,100,EXACT,2,2,Viola floridana,Viola,Viola,Viola
Torilis arvensis recta,3632991,Torilis arvensis recta,<i>Torilis</i> <i>arvensis</i> subsp. <i>recta</i> Jury,SUBSPECIES,Apiaceae,6720.0,Torilis,3034818.0,Torilis arvensis,3034823.0,88,EXACT,3,3,Torilis arvensis recta,Torilis,Torilis,Torilis
Claytonia arkansana,8104635,Claytonia arkansana,"<i>Claytonia</i> <i>arkansana</i> Yatsk., R.Evans & Witsell",SPECIES,Montiaceae,4898338.0,Claytonia,3084729.0,Claytonia arkansana,8104635.0,100,EXACT,2,2,Claytonia arkansana,Claytonia,Claytonia,Claytonia
Rubus canescens,2991626,Rubus canescens,<i>Rubus</i> <i>canescens</i> A.DC.,SPECIES,Rosaceae,5015.0,Rubus,2988638.0,Rubus canescens,2991626.0,100,EXACT,2,2,Rubus canescens,Rubus,Rubus,Rubus
Tragopogon dubius,6443709,Tragopogon dubius,<i>Tragopogon</i> <i>dubius</i> Scop.,SPECIES,Asteraceae,3065.0,Tragopogon,3092408.0,Tragopogon dubius,6443709.0,99,EXACT,2,2,Tragopogon dubius,Tragopogon,Tragopogon,Tragopogon
Tradescantia pallida,2765221,Tradescantia pallida,<i>Tradescantia</i> <i>pallida</i> (Rose) D.R.Hunt,SPECIES,Commelinaceae,2763195.0,Tradescantia,2765096.0,Tradescantia pallida,2765221.0,99,EXACT,2,2,Tradescantia pallida,Tradescantia,Tradescantia,Tradescantia
Wisteria sinensis,8149049,Wisteria sinensis,<i>Wisteria</i> <i>sinensis</i> (Sims) DC.,SPECIES,Fabaceae,5386.0,Wisteria,2977309.0,Wisteria sinensis,8149049.0,99,EXACT,2,2,Wisteria sinensis,Wisteria,Wisteria,Wisteria
Physalis × elliottii,7957506,Physalis elliottii,<i>Physalis</i> × <i>elliottii</i> Kunze,SPECIES,Solanaceae,7717.0,Physalis,2928907.0,Physalis elliottii,7957506.0,99,EXACT,3,2,Physalis elliottii,Physalis,Physalis,Physalis
Vitis aestivalis aestivalis,6394171,Vitis aestivalis aestivalis,<i>Vitis</i> <i>aestivalis</i> var. <i>aestivalis</i>,VARIETY,Vitaceae,6672.0,Vitis,7467468.0,Vitis aestivalis,5372400.0,88,EXACT,3,3,Vitis aestivalis aestivalis,Vitis,Vitis,Vitis
Pinus × sondereggeri,8723099,Pinus sondereggeri,<i>Pinus</i> × <i>sondereggeri</i> H.H.Chapm. ex Sudw.,SPECIES,Pinaceae,3925.0,Pinus,2684241.0,Pinus sondereggeri,8723099.0,99,EXACT,3,2,Pinus sondereggeri,Pinus,Pinus,Pinus
Rorippa palustris palustris,7225576,Rorippa palustris palustris,<i>Rorippa</i> <i>palustris</i> subsp. <i>palustris</i>,SUBSPECIES,Brassicaceae,3112.0,Rorippa,3053118.0,Rorippa palustris,3053168.0,85,EXACT,3,3,Rorippa palustris palustris,Rorippa,Rorippa,Rorippa
Quercus × willdenowiana,2878500,Quercus willdenowiana,<i>Quercus</i> × <i>willdenowiana</i> (Dippel) Zabel,SPECIES,Fagaceae,4689.0,Quercus,2877951.0,Quercus willdenowiana,2878500.0,100,EXACT,3,2,Quercus willdenowiana,Quercus,Quercus,Quercus
Crataegus pexa,3014317,Crataegus pexa,<i>Crataegus</i> <i>pexa</i> Beadle,SPECIES,Rosaceae,5015.0,Crataegus,3013395.0,Crataegus munda,3015394.0,100,EXACT,2,2,Crataegus pexa,Crataegus,Crataegus,Crataegus
Rumex persicarioides,2888984,Rumex persicarioides,<i>Rumex</i> <i>persicarioides</i> L.,SPECIES,Polygonaceae,2416.0,Rumex,2888942.0,Rumex persicarioides,2888984.0,99,EXACT,2,2,Rumex persicarioides,Rumex,Rumex,Rumex
Mentha piperita piperita,6411645,Mentha piperita piperita,<i>Mentha</i> × <i>piperita</i> var. <i>piperita</i>,VARIETY,Lamiaceae,2497.0,Mentha,2927173.0,Mentha piperita,8707933.0,84,EXACT,3,3,Mentha piperita piperita,Mentha,Mentha,Mentha
Rubus ursinus ursinus,6369414,Rubus ursinus ursinus,<i>Rubus</i> <i>ursinus</i> subsp. <i>ursinus</i>,SUBSPECIES,Rosaceae,5015.0,Rubus,2988638.0,Rubus ursinus,2990646.0,84,EXACT,3,3,Rubus ursinus ursinus,Rubus,Rubus,Rubus
Ribes inerme,2986112,Ribes inerme,<i>Ribes</i> <i>inerme</i> Rydb.,SPECIES,Grossulariaceae,2403.0,Ribes,2986095.0,Ribes inerme,2986112.0,100,EXACT,2,2,Ribes inerme,Ribes,Ribes,Ribes
Picea breweriana,5284955,Picea breweriana,<i>Picea</i> <i>breweriana</i> S.Watson,SPECIES,Pinaceae,3925.0,Picea,7606064.0,Picea breweriana,5284955.0,100,EXACT,2,2,Picea breweriana,Picea,Picea,Picea
Crataegus reverchonii,3013672,Crataegus reverchonii,<i>Crataegus</i> <i>reverchonii</i> Sarg.,SPECIES,Rosaceae,5015.0,Crataegus,3013395.0,Crataegus reverchonii,3013672.0,100,EXACT,2,2,Crataegus reverchonii,Crataegus,Crataegus,Crataegus
Fragaria × ananassa cuneifolia,3030116,Fragaria ananassa cuneifolia,<i>Fragaria</i> × <i>ananassa</i> subsp. <i>cuneifolia</i> (Nutt. ex Howell) Staudt,SUBSPECIES,Rosaceae,5015.0,Fragaria,3029779.0,Fragaria ananassa,3029912.0,85,EXACT,4,3,Fragaria ananassa cuneifolia,Fragaria,Fragaria,Fragaria
Sorbus sitchensis sitchensis,3013175,Sorbus sitchensis sitchensis,<i>Sorbus</i> <i>sitchensis</i> var. <i>sitchensis</i>,VARIETY,Rosaceae,5015.0,Sorbus,3012146.0,Sorbus sitchensis,3012319.0,85,EXACT,3,3,Sorbus sitchensis sitchensis,Sorbus,Sorbus,Sorbus
Nothoscordum bivalve bivalve,7227593,Nothoscordum bivalve bivalve,<i>Nothoscordum</i> <i>bivalve</i> var. <i>bivalve</i>,VARIETY,Amaryllidaceae,7682.0,Nothoscordum,2771093.0,Nothoscordum bivalve,2855600.0,88,EXACT,3,3,Nothoscordum bivalve bivalve,Nothoscordum,Nothoscordum,Nothoscordum
Cirsium arizonicum bipinnatum,4224667,Cirsium arizonicum bipinnatum,<i>Cirsium</i> <i>arizonicum</i> var. <i>bipinnatum</i> (Eastw.) D.J.Keil,VARIETY,Asteraceae,3065.0,Cirsium,3112554.0,Cirsium pulchellum,8695770.0,88,EXACT,3,3,Cirsium arizonicum bipinnatum,Cirsium,Cirsium,Cirsium
Alniaria alnifolia,10825869,Alniaria alnifolia,<i>Alniaria</i> <i>alnifolia</i> (Siebold & Zucc.) Rushforth,SPECIES,Rosaceae,5015.0,Sorbus,3012146.0,Sorbus alnifolia,3012762.0,100,EXACT,2,2,Alniaria alnifolia,Alniaria,Alniaria,Alniaria
Viola pectinata,5663619,Viola pectinata,<i>Viola</i> <i>pectinata</i> E.P.Bicknell,SPECIES,Violaceae,6631.0,Viola,2874237.0,Viola pectinata,5663619.0,100,EXACT,2,2,Viola pectinata,Viola,Viola,Viola
Rubus hirtus,2989697,Rubus hirtus,<i>Rubus</i> <i>hirtus</i> Waldst. & Kit.,SPECIES,Rosaceae,5015.0,Rubus,2988638.0,Rubus hirtus,2989697.0,99,EXACT,2,2,Rubus hirtus,Rubus,Rubus,Rubus
Ceanothus oliganthus,3039398,Ceanothus oliganthus,<i>Ceanothus</i> <i>oliganthus</i> Nutt.,SPECIES,Rhamnaceae,2407.0,Ceanothus,3039297.0,Ceanothus oliganthus,3039398.0,100,EXACT,2,2,Ceanothus oliganthus,Ceanothus,Ceanothus,Ceanothus
Pinus rigida,5285635,Pinus rigida,<i>Pinus</i> <i>rigida</i> Mill.,SPECIES,Pinaceae,3925.0,Pinus,2684241.0,Pinus rigida,5285635.0,99,EXACT,2,2,Pinus rigida,Pinus,Pinus,Pinus
Ceanothus integerrimus,3039382,Ceanothus integerrimus,<i>Ceanothus</i> <i>integerrimus</i> Hook. & Arn.,SPECIES,Rhamnaceae,2407.0,Ceanothus,3039297.0,Ceanothus integerrimus,3039382.0,100,EXACT,2,2,Ceanothus integerrimus,Ceanothus,Ceanothus,Ceanothus
Quercus incana,2878060,Quercus incana,<i>Quercus</i> <i>incana</i> W.Bartram,SPECIES,Fagaceae,4689.0,Quercus,2877951.0,Quercus incana,2878060.0,99,EXACT,2,2,Quercus incana,Quercus,Quercus,Quercus
Phlox divaricata laphamii,6394438,Phlox divaricata laphamii,<i>Phlox</i> <i>divaricata</i> subsp. <i>laphamii</i> (Alph.Wood) Wherry,SUBSPECIES,Polemoniaceae,6648.0,Phlox,2927698.0,Phlox divaricata,2927730.0,85,EXACT,3,3,Phlox divaricata laphamii,Phlox,Phlox,Phlox
Allium peninsulare franciscanum,2856393,Allium peninsulare franciscanum,<i>Allium</i> <i>peninsulare</i> var. <i>franciscanum</i> McNeal & Ownbey,VARIETY,Amaryllidaceae,7682.0,Allium,9624496.0,Allium peninsulare,2856390.0,88,EXACT,3,3,Allium peninsulare franciscanum,Allium,Allium,Allium
Tradescantia ernestiana,2765345,Tradescantia ernestiana,<i>Tradescantia</i> <i>ernestiana</i> E.S.Anderson & Woodson,SPECIES,Commelinaceae,2763195.0,Tradescantia,2765096.0,Tradescantia ernestiana,2765345.0,100,EXACT,2,2,Tradescantia ernestiana,Tradescantia,Tradescantia,Tradescantia
Crataegus tracyi,7711906,Crataegus tracyi,<i>Crataegus</i> <i>tracyi</i> Ashe,SPECIES,Rosaceae,5015.0,Crataegus,3013395.0,Crataegus tracyi,7711906.0,99,EXACT,2,2,Crataegus tracyi,Crataegus,Crataegus,Crataegus
Ficaria verna bulbilifera,8113755,Ficaria verna bulbilifera,<i>Ficaria</i> <i>verna</i> subsp. <i>bulbilifera</i> Á.Löve & D.Löve,SUBSPECIES,Ranunculaceae,2410.0,Ficaria,3234342.0,Ficaria verna,9094061.0,88,EXACT,3,3,Ficaria verna bulbilifera,Ficaria,Ficaria,Ficaria
Ceanothus confusus,3039333,Ceanothus confusus,<i>Ceanothus</i> <i>confusus</i> Howell,SPECIES,Rhamnaceae,2407.0,Ceanothus,3039297.0,Ceanothus divergens,3039345.0,100,EXACT,2,2,Ceanothus confusus,Ceanothus,Ceanothus,Ceanothus
Stellaria borealis,5384671,Stellaria borealis,<i>Stellaria</i> <i>borealis</i> Bigelow,SPECIES,Caryophyllaceae,2518.0,Stellaria,3085667.0,Stellaria borealis,5384671.0,99,EXACT,2,2,Stellaria borealis,Stellaria,Stellaria,Stellaria
Cirsium griseum griseum,12227569,Cirsium griseum griseum,<i>Cirsium</i> <i>griseum</i> var. <i>griseum</i>,VARIETY,Asteraceae,3065.0,Cirsium,3112554.0,Cirsium griseum,3112941.0,88,EXACT,3,3,Cirsium griseum griseum,Cirsium,Cirsium,Cirsium
Myrica gale tomentosa,8392922,Myrica gale tomentosa,<i>Myrica</i> <i>gale</i> subsp. <i>tomentosa</i> (C.DC.) A.E.Murray,SUBSPECIES,Myricaceae,2432.0,Myrica,5938218.0,Myrica gale,5414202.0,85,EXACT,3,3,Myrica gale tomentosa,Myrica,Myrica,Myrica
Cirsium quercetorum quercetorum,3113695,Cirsium quercetorum,<i>Cirsium</i> <i>quercetorum</i> (A.Gray) Jeps.,SPECIES,Asteraceae,3065.0,Cirsium,3112554.0,Cirsium quercetorum,3113695.0,100,HIGHERRANK,3,2,Cirsium quercetorum,Cirsium,Cirsium,Cirsium
Vaccinium shastense shastense,7493272,Vaccinium shastense shastense,<i>Vaccinium</i> <i>shastense</i> subsp. <i>shastense</i>,SUBSPECIES,Ericaceae,2505.0,Vaccinium,2882813.0,Vaccinium shastense,7936270.0,88,EXACT,3,3,Vaccinium shastense shastense,Vaccinium,Vaccinium,Vaccinium
Vicia villosa varia,2974921,Vicia villosa varia,<i>Vicia</i> <i>villosa</i> subsp. <i>varia</i> (Host) Corb.,SUBSPECIES,Fabaceae,5386.0,Vicia,2974751.0,Vicia villosa,9182154.0,85,EXACT,3,3,Vicia villosa varia,Vicia,Vicia,Vicia
Crataegus viridis,3014089,Crataegus viridis,<i>Crataegus</i> <i>viridis</i> L.,SPECIES,Rosaceae,5015.0,Crataegus,3013395.0,Crataegus viridis,3014089.0,99,EXACT,2,2,Crataegus viridis,Crataegus,Crataegus,Crataegus
Rumex venosus,2888994,Rumex venosus,<i>Rumex</i> <i>venosus</i> Pursh,SPECIES,Polygonaceae,2416.0,Rumex,2888942.0,Rumex venosus,2888994.0,100,EXACT,2,2,Rumex venosus,Rumex,Rumex,Rumex
Malus fusca,3001080,Malus fusca,<i>Malus</i> <i>fusca</i> (Raf.) C.K.Schneid.,SPECIES,Rosaceae,5015.0,Malus,3001068.0,Malus fusca,3001080.0,100,EXACT,2,2,Malus fusca,Malus,Malus,Malus
Viola tricolor,5331347,Viola tricolor,<i>Viola</i> <i>tricolor</i> L.,SPECIES,Violaceae,6631.0,Viola,2874237.0,Viola tricolor,5331347.0,100,EXACT,2,2,Viola tricolor,Viola,Viola,Viola
Lilium kelloggii,2753460,Lilium kelloggii,<i>Lilium</i> <i>kelloggii</i> Purdy,SPECIES,Liliaceae,7699.0,Lilium,2752977.0,Lilium kelloggii,2753460.0,100,EXACT,2,2,Lilium kelloggii,Lilium,Lilium,Lilium
Erythronium grandiflorum candidum,2752806,Erythronium grandiflorum candidum,<i>Erythronium</i> <i>grandiflorum</i> subsp. <i>candidum</i> Piper,SUBSPECIES,Liliaceae,7699.0,Erythronium,2740136.0,Erythronium idahoense,2752805.0,84,EXACT,3,3,Erythronium grandiflorum candidum,Erythronium,Erythronium,Erythronium
Xanthium strumarium strumarium,6306086,Xanthium strumarium strumarium,<i>Xanthium</i> <i>strumarium</i> f. <i>strumarium</i>,FORM,Asteraceae,3065.0,Xanthium,3089139.0,Xanthium strumarium,3089154.0,84,EXACT,3,3,Xanthium strumarium strumarium,Xanthium,Xanthium,Xanthium
Ceanothus papillosus roweanus,3876398,Ceanothus papillosus roweanus,<i>Ceanothus</i> <i>papillosus</i> subsp. <i>roweanus</i> (Mc Minn) Munz,SUBSPECIES,Rhamnaceae,2407.0,Ceanothus,3039297.0,Ceanothus papillosus,3039343.0,85,EXACT,3,3,Ceanothus papillosus roweanus,Ceanothus,Ceanothus,Ceanothus
Crataegus pruinosa virella,3014010,Crataegus pruinosa virella,<i>Crataegus</i> <i>pruinosa</i> var. <i>virella</i> (Ashe) Kruschke,VARIETY,Rosaceae,5015.0,Crataegus,3013395.0,Crataegus pruinosa,7790552.0,88,EXACT,3,3,Crataegus pruinosa virella,Crataegus,Crataegus,Crataegus
Nuphar orbiculata,3697288,Nuphar orbiculata,<i>Nuphar</i> <i>orbiculata</i> (Small) Standl.,SPECIES,Nymphaeaceae,2423.0,Nuphar,2882408.0,Nuphar advena,6434985.0,100,EXACT,2,2,Nuphar orbiculata,Nuphar,Nuphar,Nuphar
Allium serra,2856672,Allium serra,<i>Allium</i> <i>serra</i> McNeal & Ownbey,SPECIES,Amaryllidaceae,7682.0,Allium,9624496.0,Allium serra,2856672.0,100,EXACT,2,2,Allium serra,Allium,Allium,Allium
Ceanothus pumilus,3039348,Ceanothus pumilus,<i>Ceanothus</i> <i>pumilus</i> Greene,SPECIES,Rhamnaceae,2407.0,Ceanothus,3039297.0,Ceanothus pumilus,3039348.0,100,EXACT,2,2,Ceanothus pumilus,Ceanothus,Ceanothus,Ceanothus
Cirsium scopulorum,4219253,Cirsium scopulorum,<i>Cirsium</i> <i>scopulorum</i> (Greene) Cockerell ex Daniels,SPECIES,Asteraceae,3065.0,Cirsium,3112554.0,Cirsium scopulorum,4219253.0,99,EXACT,2,2,Cirsium scopulorum,Cirsium,Cirsium,Cirsium
Allium membranaceum,2856106,Allium membranaceum,<i>Allium</i> <i>membranaceum</i> Ownbey ex Traub,SPECIES,Amaryllidaceae,7682.0,Allium,9624496.0,Allium membranaceum,2856106.0,99,EXACT,2,2,Allium membranaceum,Allium,Allium,Allium
Mentha × verticillata,8172952,Mentha verticillata,<i>Mentha</i> × <i>verticillata</i> L.,SPECIES,Lamiaceae,2497.0,Mentha,2927173.0,Mentha verticillata,8172952.0,99,EXACT,3,2,Mentha verticillata,Mentha,Mentha,Mentha
Vallisneria neotropicalis,2865502,Vallisneria neotropicalis,<i>Vallisneria</i> <i>neotropicalis</i> Vict.,SPECIES,Hydrocharitaceae,3721.0,Vallisneria,2865241.0,Vallisneria americana,2865501.0,100,EXACT,2,2,Vallisneria neotropicalis,Vallisneria,Vallisneria,Vallisneria
Cochlearia sessilifolia,5373248,Cochlearia sessilifolia,<i>Cochlearia</i> <i>sessilifolia</i> Rollins,SPECIES,Brassicaceae,3112.0,Cochlearia,3040481.0,Cochlearia sessilifolia,5373248.0,100,EXACT,2,2,Cochlearia sessilifolia,Cochlearia,Cochlearia,Cochlearia
Rumex skottsbergii,2889018,Rumex skottsbergii,<i>Rumex</i> <i>skottsbergii</i> O.Deg. & I.Deg.,SPECIES,Polygonaceae,2416.0,Rumex,2888942.0,Rumex skottsbergii,2889018.0,100,EXACT,2,2,Rumex skottsbergii,Rumex,Rumex,Rumex
Honckenya peploides major,3810213,Honckenya peploides major,<i>Honckenya</i> <i>peploides</i> subsp. <i>major</i> (Hook.) Hultén,SUBSPECIES,Caryophyllaceae,2518.0,Honckenya,3085775.0,Honckenya peploides,3085776.0,85,EXACT,3,3,Honckenya peploides major,Honckenya,Honckenya,Honckenya
Rumex paraguayensis,2888972,Rumex paraguayensis,<i>Rumex</i> <i>paraguayensis</i> D.Parodi,SPECIES,Polygonaceae,2416.0,Rumex,2888942.0,Rumex paraguayensis,2888972.0,100,EXACT,2,2,Rumex paraguayensis,Rumex,Rumex,Rumex
Crataegus erythropoda,3014749,Crataegus erythropoda,<i>Crataegus</i> <i>erythropoda</i> Ashe,SPECIES,Rosaceae,5015.0,Crataegus,3013395.0,Crataegus erythropoda,3014749.0,100,EXACT,2,2,Crataegus erythropoda,Crataegus,Crataegus,Crataegus
Fragaria vesca californica,3029882,Fragaria vesca californica,<i>Fragaria</i> <i>vesca</i> subsp. <i>californica</i> (Cham. & Schltdl.) Staudt,SUBSPECIES,Rosaceae,5015.0,Fragaria,3029779.0,Fragaria vesca,3029817.0,88,EXACT,3,3,Fragaria vesca californica,Fragaria,Fragaria,Fragaria
Amelanchier intermedia,3024070,Amelanchier intermedia,<i>Amelanchier</i> × <i>intermedia</i> Spach,SPECIES,Rosaceae,5015.0,Amelanchier,3023817.0,Amelanchier intermedia,3024070.0,99,EXACT,2,2,Amelanchier intermedia,Amelanchier,Amelanchier,Amelanchier
Vaccinium stamineum stamineum,7328012,Vaccinium stamineum stamineum,<i>Vaccinium</i> <i>stamineum</i> var. <i>stamineum</i>,VARIETY,Ericaceae,2505.0,Vaccinium,2882813.0,Vaccinium stamineum,2882913.0,88,EXACT,3,3,Vaccinium stamineum stamineum,Vaccinium,Vaccinium,Vaccinium
Crataegus straminea,3015595,Crataegus straminea,<i>Crataegus</i> <i>straminea</i> Beadle,SPECIES,Rosaceae,5015.0,Crataegus,3013395.0,Crataegus intricata,3014211.0,100,EXACT,2,2,Crataegus straminea,Crataegus,Crataegus,Crataegus
Erythronium grandiflorum,2752872,Erythronium grandiflorum,<i>Erythronium</i> <i>grandiflorum</i> Pursh,SPECIES,Liliaceae,7699.0,Erythronium,2740136.0,Erythronium grandiflorum,2752872.0,99,EXACT,2,2,Erythronium grandiflorum,Erythronium,Erythronium,Erythronium
Lilium michiganense,2753323,Lilium michiganense,<i>Lilium</i> <i>michiganense</i> Farw.,SPECIES,Liliaceae,7699.0,Lilium,2752977.0,Lilium michiganense,2753323.0,100,EXACT,2,2,Lilium michiganense,Lilium,Lilium,Lilium
Allium praecox,2857005,Allium praecox,<i>Allium</i> <i>praecox</i> Brandegee,SPECIES,Amaryllidaceae,7682.0,Allium,9624496.0,Allium praecox,2857005.0,100,EXACT,2,2,Allium praecox,Allium,Allium,Allium
Oxalis drummondii,2891752,Oxalis drummondii,<i>Oxalis</i> <i>drummondii</i> A.Gray,SPECIES,Oxalidaceae,6697.0,Oxalis,2891642.0,Oxalis drummondii,2891752.0,100,EXACT,2,2,Oxalis drummondii,Oxalis,Oxalis,Oxalis
Trillium pusillum ozarkanum,2742217,Trillium pusillum ozarkanum,<i>Trillium</i> <i>pusillum</i> var. <i>ozarkanum</i> (E.J.Palmer & Steyerm.) Steyerm.,VARIETY,Melanthiaceae,7700.0,Trillium,2742182.0,Trillium pusillum,2742209.0,88,EXACT,3,3,Trillium pusillum ozarkanum,Trillium,Trillium,Trillium
Ceanothus cuneatus cuneatus,7219564,Ceanothus cuneatus cuneatus,<i>Ceanothus</i> <i>cuneatus</i> var. <i>cuneatus</i>,VARIETY,Rhamnaceae,2407.0,Ceanothus,3039297.0,Ceanothus cuneatus,3039404.0,85,EXACT,3,3,Ceanothus cuneatus cuneatus,Ceanothus,Ceanothus,Ceanothus
Allium rhizomatum,2856991,Allium rhizomatum,<i>Allium</i> <i>rhizomatum</i> Wooton & Standl.,SPECIES,Amaryllidaceae,7682.0,Allium,9624496.0,Allium rhizomatum,2856991.0,100,EXACT,2,2,Allium rhizomatum,Allium,Allium,Allium
Lactuca graminifolia,3140577,Lactuca graminifolia,<i>Lactuca</i> <i>graminifolia</i> Michx.,SPECIES,Asteraceae,3065.0,Lactuca,3140231.0,Lactuca graminifolia,3140577.0,100,EXACT,2,2,Lactuca graminifolia,Lactuca,Lactuca,Lactuca
Trillium ludovicianum,2742236,Trillium ludovicianum,<i>Trillium</i> <i>ludovicianum</i> Harb.,SPECIES,Melanthiaceae,7700.0,Trillium,2742182.0,Trillium ludovicianum,2742236.0,100,EXACT,2,2,Trillium ludovicianum,Trillium,Trillium,Trillium
Ceanothus tomentosus olivaceus,3039361,Ceanothus tomentosus olivaceus,<i>Ceanothus</i> <i>tomentosus</i> var. <i>olivaceus</i> Jeps.,VARIETY,Rhamnaceae,2407.0,Ceanothus,3039297.0,Ceanothus tomentosus,3039360.0,84,EXACT,3,3,Ceanothus tomentosus olivaceus,Ceanothus,Ceanothus,Ceanothus
Castanea pumila pumila,6371876,Castanea pumila pumila,<i>Castanea</i> <i>pumila</i> var. <i>pumila</i>,VARIETY,Fagaceae,4689.0,Castanea,2882140.0,Castanea pumila,5333212.0,88,EXACT,3,3,Castanea pumila pumila,Castanea,Castanea,Castanea
Pontederia cordata lancifolia,2766078,Pontederia cordata lancifolia,<i>Pontederia</i> <i>cordata</i> var. <i>lancifolia</i> (Muhl.) Morong,VARIETY,Pontederiaceae,3731.0,Pontederia,2740415.0,Pontederia cordata,2766030.0,84,EXACT,3,3,Pontederia cordata lancifolia,Pontederia,Pontederia,Pontederia
Carduus nutans leiophyllus,9448191,Carduus nutans leiophyllus,<i>Carduus</i> <i>nutans</i> subsp. <i>leiophyllus</i> (Petrovic) Arènes,SUBSPECIES,Asteraceae,3065.0,Carduus,3114511.0,Carduus nutans,8185959.0,85,EXACT,3,3,Carduus nutans leiophyllus,Carduus,Carduus,Carduus
Allium carinatum carinatum,2855970,Allium carinatum carinatum,<i>Allium</i> <i>carinatum</i> subsp. <i>carinatum</i>,SUBSPECIES,Amaryllidaceae,7682.0,Allium,9624496.0,Allium carinatum,2855968.0,88,EXACT,3,3,Allium carinatum carinatum,Allium,Allium,Allium
Quercus × garlandensis,2879456,Quercus garlandensis,<i>Quercus</i> × <i>garlandensis</i> E.J.Palmer,SPECIES,Fagaceae,4689.0,Quercus,2877951.0,Quercus garlandensis,2879456.0,100,EXACT,3,2,Quercus garlandensis,Quercus,Quercus,Quercus
Erythronium revolutum,2752833,Erythronium revolutum,<i>Erythronium</i> <i>revolutum</i> Sm.,SPECIES,Liliaceae,7699.0,Erythronium,2740136.0,Erythronium revolutum,2752833.0,99,EXACT,2,2,Erythronium revolutum,Erythronium,Erythronium,Erythronium
Viburnum carlesii,3857225,Viburnum carlesii,<i>Viburnum</i> <i>carlesii</i> Hemsl. ex Forbes & Hemsl.,SPECIES,Viburnaceae,4924416.0,Viburnum,2888580.0,Viburnum carlesii,3857225.0,100,EXACT,2,2,Viburnum carlesii,Viburnum,Viburnum,Viburnum
Cirsium peckii,4220094,Cirsium peckii,<i>Cirsium</i> <i>peckii</i> L.F.Hend.,SPECIES,Asteraceae,3065.0,Cirsium,3112554.0,Cirsium peckii,4220094.0,100,EXACT,2,2,Cirsium peckii,Cirsium,Cirsium,Cirsium
Vicia ludoviciana ludoviciana,6449289,Vicia ludoviciana ludoviciana,<i>Vicia</i> <i>ludoviciana</i> var. <i>ludoviciana</i>,VARIETY,Fabaceae,5386.0,Vicia,2974751.0,Vicia ludoviciana,2975352.0,88,EXACT,3,3,Vicia ludoviciana ludoviciana,Vicia,Vicia,Vicia
Urtica dioica dioica,7221272,Urtica dioica dioica,<i>Urtica</i> <i>dioica</i> subsp. <i>dioica</i>,SUBSPECIES,Urticaceae,6639.0,Urtica,2984391.0,Urtica dioica,7960979.0,85,EXACT,3,3,Urtica dioica dioica,Urtica,Urtica,Urtica
Phacelia dubia interior,3612820,Phacelia dubia interior,<i>Phacelia</i> <i>dubia</i> var. <i>interior</i> Fernald,VARIETY,Hydrophyllaceae,2387.0,Phacelia,8988077.0,Phacelia dubia,2928259.0,88,EXACT,3,3,Phacelia dubia interior,Phacelia,Phacelia,Phacelia
Berula erecta incisa,3034701,Berula erecta incisa,<i>Berula</i> <i>erecta</i> var. <i>incisa</i> (Torr.) Cronquist,VARIETY,Apiaceae,6720.0,Berula,7607352.0,Berula erecta,3034699.0,88,EXACT,3,3,Berula erecta incisa,Berula,Berula,Berula
Viola × dissita,5331312,Viola dissita,<i>Viola</i> × <i>dissita</i> House,SPECIES,Violaceae,6631.0,Viola,2874237.0,Viola dissita,5331312.0,100,EXACT,3,2,Viola dissita,Viola,Viola,Viola
Viburnum dentatum dentatum,7222032,Viburnum dentatum dentatum,<i>Viburnum</i> <i>dentatum</i> var. <i>dentatum</i>,VARIETY,Viburnaceae,4924416.0,Viburnum,2888580.0,Viburnum dentatum,2888594.0,88,EXACT,3,3,Viburnum dentatum dentatum,Viburnum,Viburnum,Viburnum
Sideroxylon lanuginosum albicans,2887087,Sideroxylon lanuginosum albicans,<i>Sideroxylon</i> <i>lanuginosum</i> subsp. <i>albicans</i> (Sarg.) Kartesz & Gandhi,SUBSPECIES,Sapotaceae,8802.0,Sideroxylon,2886817.0,Sideroxylon lanuginosum,2887069.0,88,EXACT,3,3,Sideroxylon lanuginosum albicans,Sideroxylon,Sideroxylon,Sideroxylon
Lilium philadelphicum immaculatum,2753225,Lilium philadelphicum immaculatum,<i>Lilium</i> <i>philadelphicum</i> f. <i>immaculatum</i> Raup,FORM,Liliaceae,7699.0,Lilium,2752977.0,Lilium philadelphicum,2753218.0,88,EXACT,3,3,Lilium philadelphicum immaculatum,Lilium,Lilium,Lilium
Rhus trilobata anisophylla,3659825,Rhus trilobata anisophylla,<i>Rhus</i> <i>trilobata</i> var. <i>anisophylla</i> (Greene) Jeps.,VARIETY,Anacardiaceae,2398.0,Rhus,3190534.0,Rhus trilobata,3190562.0,88,EXACT,3,3,Rhus trilobata anisophylla,Rhus,Rhus,Rhus
Quercus shumardii schneckii,2878290,Quercus shumardii schneckii,<i>Quercus</i> <i>shumardii</i> var. <i>schneckii</i> (Britton) Sarg.,VARIETY,Fagaceae,4689.0,Quercus,2877951.0,Quercus shumardii,2878289.0,88,EXACT,3,3,Quercus shumardii schneckii,Quercus,Quercus,Quercus
Viola ocellata,5331196,Viola ocellata,<i>Viola</i> <i>ocellata</i> Torr. & A.Gray,SPECIES,Violaceae,6631.0,Viola,2874237.0,Viola ocellata,5331196.0,100,EXACT,2,2,Viola ocellata,Viola,Viola,Viola
Ceanothus verrucosus,3039298,Ceanothus verrucosus,<i>Ceanothus</i> <i>verrucosus</i> Nutt.,SPECIES,Rhamnaceae,2407.0,Ceanothus,3039297.0,Ceanothus verrucosus,3039298.0,100,EXACT,2,2,Ceanothus verrucosus,Ceanothus,Ceanothus,Ceanothus
Rumex britannica,6391465,Rumex britannica,<i>Rumex</i> <i>britannica</i> L.,SPECIES,Polygonaceae,2416.0,Rumex,2888942.0,Rumex britannica,6391465.0,99,EXACT,2,2,Rumex britannica,Rumex,Rumex,Rumex
Trillium luteum,2742408,Trillium luteum,<i>Trillium</i> <i>luteum</i> (Muhl.) Harb.,SPECIES,Melanthiaceae,7700.0,Trillium,2742182.0,Trillium luteum,2742408.0,100,EXACT,2,2,Trillium luteum,Trillium,Trillium,Trillium
Oxalis corniculata repens,6560049,Oxalis corniculata repens,<i>Oxalis</i> <i>corniculata</i> subsp. <i>repens</i> (Thunb.) Masam.,SUBSPECIES,Oxalidaceae,6697.0,Oxalis,2891642.0,Oxalis corniculata,8427624.0,84,EXACT,3,3,Oxalis corniculata repens,Oxalis,Oxalis,Oxalis
Comandra umbellata pallida,6361571,Comandra umbellata pallida,<i>Comandra</i> <i>umbellata</i> subsp. <i>pallida</i> (A.DC.) Piehl,SUBSPECIES,Comandraceae,4936000.0,Comandra,2889776.0,Comandra umbellata,2889777.0,85,EXACT,3,3,Comandra umbellata pallida,Comandra,Comandra,Comandra
Primula clevelandii gracilis,5641753,Primula clevelandii gracilis,<i>Primula</i> <i>clevelandii</i> var. <i>gracilis</i> (Greene) A.R.Mast & Reveal,VARIETY,Primulaceae,6674.0,Dodecatheon,7597718.0,Dodecatheon clevelandii,3169271.0,88,EXACT,3,3,Primula clevelandii gracilis,Primula,Primula,Primula
Rhus aromatica aromatica,7221285,Rhus aromatica aromatica,<i>Rhus</i> <i>aromatica</i> var. <i>aromatica</i>,VARIETY,Anacardiaceae,2398.0,Rhus,3190534.0,Rhus aromatica,3190558.0,85,EXACT,3,3,Rhus aromatica aromatica,Rhus,Rhus,Rhus
Phacelia dubia dubia,7226483,Phacelia dubia dubia,<i>Phacelia</i> <i>dubia</i> var. <i>dubia</i>,VARIETY,Hydrophyllaceae,2387.0,Phacelia,8988077.0,Phacelia dubia,2928259.0,88,EXACT,3,3,Phacelia dubia dubia,Phacelia,Phacelia,Phacelia
Rubus mollior,2992494,Rubus mollior,<i>Rubus</i> <i>mollior</i> L.H.Bailey,SPECIES,Rosaceae,5015.0,Rubus,2988638.0,Rubus mollior,2992494.0,99,EXACT,2,2,Rubus mollior,Rubus,Rubus,Rubus
Ceanothus × bakeri,12175785,Ceanothus bakeri,<i>Ceanothus</i> × <i>bakeri</i> Greene ex Mc Minn,SPECIES,Rhamnaceae,2407.0,Ceanothus,3039297.0,Ceanothus bakeri,12175785.0,99,EXACT,3,2,Ceanothus bakeri,Ceanothus,Ceanothus,Ceanothus
Smilax smallii,5295481,Smilax smallii,<i>Smilax</i> <i>smallii</i> Morong,SPECIES,Smilacaceae,7702.0,Smilax,2740627.0,Smilax maritima,5295625.0,100,EXACT,2,2,Smilax smallii,Smilax,Smilax,Smilax
Persicaria sagittata,6390897,Persicaria sagittata,<i>Persicaria</i> <i>sagittata</i> (L.) H.Gross,SPECIES,Polygonaceae,2416.0,Persicaria,6390748.0,Persicaria sagittata,6390897.0,99,EXACT,2,2,Persicaria sagittata,Persicaria,Persicaria,Persicaria
Smilax biltmoreana,5295218,Smilax biltmoreana,<i>Smilax</i> <i>biltmoreana</i> (Small) J.B.Norton ex Pennell,SPECIES,Smilacaceae,7702.0,Smilax,2740627.0,Smilax biltmoreana,5295218.0,99,EXACT,2,2,Smilax biltmoreana,Smilax,Smilax,Smilax
Viola subsinuata,5331382,Viola subsinuata,<i>Viola</i> <i>subsinuata</i> (Greene) Greene,SPECIES,Violaceae,6631.0,Viola,2874237.0,Viola subsinuata,5331382.0,100,EXACT,2,2,Viola subsinuata,Viola,Viola,Viola
Allium canadense lavandulare,4925519,Allium canadense lavandulare,<i>Allium</i> <i>canadense</i> var. <i>lavandulare</i> (Bates) Ownbey & Aase,VARIETY,Amaryllidaceae,7682.0,Allium,9624496.0,Allium canadense,2855611.0,85,EXACT,3,3,Allium canadense lavandulare,Allium,Allium,Allium
Trillium grandiflorum grandiflorum,7309920,Trillium grandiflorum grandiflorum,<i>Trillium</i> <i>grandiflorum</i> var. <i>grandiflorum</i>,VARIETY,Melanthiaceae,7700.0,Trillium,2742182.0,Trillium grandiflorum,2742283.0,85,EXACT,3,3,Trillium grandiflorum grandiflorum,Trillium,Trillium,Trillium
Rubus michiganensis,2992998,Rubus michiganensis,<i>Rubus</i> <i>michiganensis</i> (Card) L.H.Bailey,SPECIES,Rosaceae,5015.0,Rubus,2988638.0,Rubus michiganensis,2992998.0,100,EXACT,2,2,Rubus michiganensis,Rubus,Rubus,Rubus
Cirsium virginianum,7896485,Cirsium virginianum,<i>Cirsium</i> <i>virginianum</i> (L.) Michx.,SPECIES,Asteraceae,3065.0,Cirsium,3112554.0,Cirsium virginianum,7896485.0,99,EXACT,2,2,Cirsium virginianum,Cirsium,Cirsium,Cirsium
Rubus arcticus arcticus,7258955,Rubus arcticus arcticus,<i>Rubus</i> <i>arcticus</i> subsp. <i>arcticus</i>,SUBSPECIES,Rosaceae,5015.0,Rubus,2988638.0,Rubus arcticus,2992051.0,85,EXACT,3,3,Rubus arcticus arcticus,Rubus,Rubus,Rubus
Sanicula sandwicensis,3034866,Sanicula sandwicensis,<i>Sanicula</i> <i>sandwicensis</i> A.Gray,SPECIES,Apiaceae,6720.0,Sanicula,3034831.0,Sanicula sandwicensis,3034866.0,100,EXACT,2,2,Sanicula sandwicensis,Sanicula,Sanicula,Sanicula
Pinus virginiana,5285091,Pinus virginiana,<i>Pinus</i> <i>virginiana</i> Mill.,SPECIES,Pinaceae,3925.0,Pinus,2684241.0,Pinus virginiana,5285091.0,100,EXACT,2,2,Pinus virginiana,Pinus,Pinus,Pinus
Tragopogon porrifolius,5386938,Tragopogon porrifolius,<i>Tragopogon</i> <i>porrifolius</i> L.,SPECIES,Asteraceae,3065.0,Tragopogon,3092408.0,Tragopogon porrifolius,5386938.0,99,EXACT,2,2,Tragopogon porrifolius,Tragopogon,Tragopogon,Tragopogon
Ribes californicum californicum,7335052,Ribes californicum californicum,<i>Ribes</i> <i>californicum</i> subsp. <i>californicum</i>,SUBSPECIES,Grossulariaceae,2403.0,Ribes,2986095.0,Ribes californicum,2986175.0,88,EXACT,3,3,Ribes californicum californicum,Ribes,Ribes,Ribes
Lycopus virginicus,5341476,Lycopus virginicus,<i>Lycopus</i> <i>virginicus</i> L.,SPECIES,Lamiaceae,2497.0,Lycopus,2927122.0,Lycopus virginicus,5341476.0,99,EXACT,2,2,Lycopus virginicus,Lycopus,Lycopus,Lycopus
Oxalis californica,6423017,Oxalis californica,<i>Oxalis</i> <i>californica</i> (Abrams) R.Knuth,SPECIES,Oxalidaceae,6697.0,Oxalis,2891642.0,Oxalis californica,6423017.0,100,EXACT,2,2,Oxalis californica,Oxalis,Oxalis,Oxalis
Crataegus spathulata,3013616,Crataegus spathulata,<i>Crataegus</i> <i>spathulata</i> Michx.,SPECIES,Rosaceae,5015.0,Crataegus,3013395.0,Crataegus spathulata,3013616.0,99,EXACT,2,2,Crataegus spathulata,Crataegus,Crataegus,Crataegus
Quercus × undulata,2879031,Quercus undulata,<i>Quercus</i> × <i>undulata</i> Torr.,SPECIES,Fagaceae,4689.0,Quercus,2877951.0,Quercus undulata,2879031.0,99,EXACT,3,2,Quercus undulata,Quercus,Quercus,Quercus
Malus baccata,3001362,Malus baccata,<i>Malus</i> <i>baccata</i> (L.) Borkh.,SPECIES,Rosaceae,5015.0,Malus,3001068.0,Malus baccata,3001362.0,99,EXACT,2,2,Malus baccata,Malus,Malus,Malus
Quercus georgiana,2881547,Quercus georgiana,<i>Quercus</i> <i>georgiana</i> M.A.Curtis,SPECIES,Fagaceae,4689.0,Quercus,2877951.0,Quercus georgiana,2881547.0,100,EXACT,2,2,Quercus georgiana,Quercus,Quercus,Quercus
Trillium petiolatum,2742321,Trillium petiolatum,<i>Trillium</i> <i>petiolatum</i> Pursh,SPECIES,Melanthiaceae,7700.0,Trillium,2742182.0,Trillium petiolatum,2742321.0,100,EXACT,2,2,Trillium petiolatum,Trillium,Trillium,Trillium
Fragaria vesca vesca,7258956,Fragaria vesca vesca,<i>Fragaria</i> <i>vesca</i> subsp. <i>vesca</i>,SUBSPECIES,Rosaceae,5015.0,Fragaria,3029779.0,Fragaria vesca,3029817.0,85,EXACT,3,3,Fragaria vesca vesca,Fragaria,Fragaria,Fragaria
Cirsium loncholepis,4221235,Cirsium loncholepis,<i>Cirsium</i> <i>loncholepis</i> Petr.,SPECIES,Asteraceae,3065.0,Cirsium,3112554.0,Cirsium scariosum,3113127.0,100,EXACT,2,2,Cirsium loncholepis,Cirsium,Cirsium,Cirsium
Persicaria hirsuta,2889104,Persicaria hirsuta,<i>Persicaria</i> <i>hirsuta</i> (Walter) Small,SPECIES,Polygonaceae,2416.0,Persicaria,6390748.0,Persicaria hirsuta,2889104.0,100,EXACT,2,2,Persicaria hirsuta,Persicaria,Persicaria,Persicaria
Ceanothus foliosus vineatus,9961729,Ceanothus foliosus vineatus,<i>Ceanothus</i> <i>foliosus</i> var. <i>vineatus</i> Mc Minn,VARIETY,Rhamnaceae,2407.0,Ceanothus,3039297.0,Ceanothus foliosus,3039336.0,85,EXACT,3,3,Ceanothus foliosus vineatus,Ceanothus,Ceanothus,Ceanothus
Primula subalpina,5641746,Primula subalpina,<i>Primula</i> <i>subalpina</i> (Eastw.) A.R.Mast & Reveal,SPECIES,Primulaceae,6674.0,Dodecatheon,7597718.0,Dodecatheon subalpinum,3169269.0,100,EXACT,2,2,Primula subalpina,Primula,Primula,Primula
Allium sativum ophioscorodon,2856685,Allium sativum ophioscorodon,<i>Allium</i> <i>sativum</i> subsp. <i>ophioscorodon</i> (Link) Schübl. & G.Martens,SUBSPECIES,Amaryllidaceae,7682.0,Allium,9624496.0,Allium sativum,2856681.0,84,EXACT,3,3,Allium sativum ophioscorodon,Allium,Allium,Allium
Pycnanthemum incanum incanum,6410827,Pycnanthemum incanum incanum,<i>Pycnanthemum</i> <i>incanum</i> var. <i>incanum</i>,VARIETY,Lamiaceae,2497.0,Pycnanthemum,2927338.0,Pycnanthemum incanum,2927354.0,88,EXACT,3,3,Pycnanthemum incanum incanum,Pycnanthemum,Pycnanthemum,Pycnanthemum
Viola variegata,8006762,Viola variegata,<i>Viola</i> <i>variegata</i> Fisch. ex Link,SPECIES,Violaceae,6631.0,Viola,2874237.0,Viola variegata,8006762.0,99,EXACT,2,2,Viola variegata,Viola,Viola,Viola
Rhus ovata,3190541,Rhus ovata,<i>Rhus</i> <i>ovata</i> S.Watson,SPECIES,Anacardiaceae,2398.0,Rhus,3190534.0,Rhus ovata,3190541.0,100,EXACT,2,2,Rhus ovata,Rhus,Rhus,Rhus
Yucca jaegeriana,2775598,Yucca jaegeriana,<i>Yucca</i> <i>jaegeriana</i> (McKelvey) L.W.Lenz,SPECIES,Asparagaceae,7683.0,Yucca,2775496.0,Yucca brevifolia,2775592.0,100,EXACT,2,2,Yucca jaegeriana,Yucca,Yucca,Yucca
Crataegus gattingeri,3014503,Crataegus gattingeri,<i>Crataegus</i> <i>gattingeri</i> Ashe,SPECIES,Rosaceae,5015.0,Crataegus,3013395.0,Crataegus gattingeri,3014503.0,100,EXACT,2,2,Crataegus gattingeri,Crataegus,Crataegus,Crataegus
Fragaria chiloensis pacifica,3030035,Fragaria chiloensis pacifica,<i>Fragaria</i> <i>chiloensis</i> subsp. <i>pacifica</i> Staudt,SUBSPECIES,Rosaceae,5015.0,Fragaria,3029779.0,Fragaria chiloensis,7738624.0,88,EXACT,3,3,Fragaria chiloensis pacifica,Fragaria,Fragaria,Fragaria
Oxalis texana,3627693,Oxalis texana,<i>Oxalis</i> <i>texana</i> (Small) Fedde,SPECIES,Oxalidaceae,6697.0,Oxalis,2891642.0,Oxalis texana,3627693.0,99,EXACT,2,2,Oxalis texana,Oxalis,Oxalis,Oxalis
Cirsium ownbeyi,3113149,Cirsium ownbeyi,<i>Cirsium</i> <i>ownbeyi</i> S.L.Welsh,SPECIES,Asteraceae,3065.0,Cirsium,3112554.0,Cirsium ownbeyi,3113149.0,100,EXACT,2,2,Cirsium ownbeyi,Cirsium,Cirsium,Cirsium
Rumex californicus,4271177,Rumex californicus,<i>Rumex</i> <i>californicus</i> Rech.fil.,SPECIES,Polygonaceae,2416.0,Rumex,2888942.0,Rumex californicus,4271177.0,100,EXACT,2,2,Rumex californicus,Rumex,Rumex,Rumex
Ceanothus divergens,3039345,Ceanothus divergens,<i>Ceanothus</i> <i>divergens</i> Parry,SPECIES,Rhamnaceae,2407.0,Ceanothus,3039297.0,Ceanothus divergens,3039345.0,99,EXACT,2,2,Ceanothus divergens,Ceanothus,Ceanothus,Ceanothus
Quercus canbyi,2878132,Quercus canbyi,<i>Quercus</i> <i>canbyi</i> Trel.,SPECIES,Fagaceae,4689.0,Quercus,2877951.0,Quercus canbyi,2878132.0,99,EXACT,2,2,Quercus canbyi,Quercus,Quercus,Quercus
Pycnanthemum incanum puberulum,3891332,Pycnanthemum incanum puberulum,<i>Pycnanthemum</i> <i>incanum</i> var. <i>puberulum</i> (E.Grant & Epling) Fernald,VARIETY,Lamiaceae,2497.0,Pycnanthemum,2927338.0,Pycnanthemum incanum,2927354.0,88,EXACT,3,3,Pycnanthemum incanum puberulum,Pycnanthemum,Pycnanthemum,Pycnanthemum
Rubus caesius,2995209,Rubus caesius,<i>Rubus</i> <i>caesius</i> L.,SPECIES,Rosaceae,5015.0,Rubus,2988638.0,Rubus caesius,2995209.0,99,EXACT,2,2,Rubus caesius,Rubus,Rubus,Rubus
Cirsium nuttallii,4220494,Cirsium nuttalii,<i>Cirsium</i> <i>nuttalii</i> DC.,SPECIES,Asteraceae,3065.0,Cirsium,3112554.0,Cirsium nuttalii,4220494.0,98,VARIANT,2,2,Cirsium nuttalii,Cirsium,Cirsium,Cirsium
Ribes sanguineum glutinosum,4272258,Ribes sanguineum glutinosum,<i>Ribes</i> <i>sanguineum</i> var. <i>glutinosum</i> (Benth.) Loudon,VARIETY,Grossulariaceae,2403.0,Ribes,2986095.0,Ribes sanguineum,2986130.0,88,EXACT,3,3,Ribes sanguineum glutinosum,Ribes,Ribes,Ribes
Ceanothus oliganthus sorediatus,3039341,Ceanothus oliganthus sorediatus,<i>Ceanothus</i> <i>oliganthus</i> var. <i>sorediatus</i> (Hook. & Arn.) Hoover,VARIETY,Rhamnaceae,2407.0,Ceanothus,3039297.0,Ceanothus sorediatus,3039339.0,84,EXACT,3,3,Ceanothus oliganthus sorediatus,Ceanothus,Ceanothus,Ceanothus
Tradescantia ozarkana,2765257,Tradescantia ozarkana,<i>Tradescantia</i> <i>ozarkana</i> E.S.Anderson & Woodson,SPECIES,Commelinaceae,2763195.0,Tradescantia,2765096.0,Tradescantia ozarkana,2765257.0,100,EXACT,2,2,Tradescantia ozarkana,Tradescantia,Tradescantia,Tradescantia
Primula frigida,5640448,Primula frigida,<i>Primula</i> <i>frigida</i> (Cham. & Schltdl.) A.R.Mast & Reveal,SPECIES,Primulaceae,6674.0,Dodecatheon,7597718.0,Dodecatheon frigidum,3169264.0,100,EXACT,2,2,Primula frigida,Primula,Primula,Primula
Viola septemloba,5331321,Viola septemloba,<i>Viola</i> <i>septemloba</i> Leconte,SPECIES,Violaceae,6631.0,Viola,2874237.0,Viola septemloba,5331321.0,100,EXACT,2,2,Viola septemloba,Viola,Viola,Viola
Sanicula laciniata,3034835,Sanicula laciniata,<i>Sanicula</i> <i>laciniata</i> Hook. & Arn.,SPECIES,Apiaceae,6720.0,Sanicula,3034831.0,Sanicula laciniata,3034835.0,100,EXACT,2,2,Sanicula laciniata,Sanicula,Sanicula,Sanicula
Rumex arcticus,2888974,Rumex arcticus,<i>Rumex</i> <i>arcticus</i> Trautv.,SPECIES,Polygonaceae,2416.0,Rumex,2888942.0,Rumex arcticus,2888974.0,100,EXACT,2,2,Rumex arcticus,Rumex,Rumex,Rumex
Allium kunthii,2856176,Allium kunthii,<i>Allium</i> <i>kunthii</i> G.Don,SPECIES,Amaryllidaceae,7682.0,Allium,9624496.0,Allium longifolium,2856173.0,100,EXACT,2,2,Allium kunthii,Allium,Allium,Allium
Vaccinium simulatum,2882962,Vaccinium simulatum,<i>Vaccinium</i> <i>simulatum</i> Small,SPECIES,Ericaceae,2505.0,Vaccinium,2882813.0,Vaccinium corymbosum,2882849.0,100,EXACT,2,2,Vaccinium simulatum,Vaccinium,Vaccinium,Vaccinium
Quercus robusta,2879532,Quercus robusta,<i>Quercus</i> <i>robusta</i> C.H.Mull.,SPECIES,Fagaceae,4689.0,Quercus,2877951.0,Quercus robusta,2879532.0,100,EXACT,2,2,Quercus robusta,Quercus,Quercus,Quercus
Allium zebdanense,2857341,Allium zebdanense,<i>Allium</i> <i>zebdanense</i> Boiss. & Noë,SPECIES,Amaryllidaceae,7682.0,Allium,9624496.0,Allium zebdanense,2857341.0,100,EXACT,2,2,Allium zebdanense,Allium,Allium,Allium
Allium hickmanii,2857256,Allium hickmanii,<i>Allium</i> <i>hickmanii</i> Eastw.,SPECIES,Amaryllidaceae,7682.0,Allium,9624496.0,Allium hickmanii,2857256.0,99,EXACT,2,2,Allium hickmanii,Allium,Allium,Allium
Vaccinium boreale,8147903,Vaccinium boreale,<i>Vaccinium</i> <i>boreale</i> I.V.Hall & Aalders,SPECIES,Ericaceae,2505.0,Vaccinium,2882813.0,Vaccinium boreale,8147903.0,100,EXACT,2,2,Vaccinium boreale,Vaccinium,Vaccinium,Vaccinium
Stellaria littoralis,5384677,Stellaria littoralis,<i>Stellaria</i> <i>littoralis</i> Torr.,SPECIES,Caryophyllaceae,2518.0,Stellaria,3085667.0,Stellaria littoralis,5384677.0,100,EXACT,2,2,Stellaria littoralis,Stellaria,Stellaria,Stellaria
Oxalis alpina,2891724,Oxalis alpina,<i>Oxalis</i> <i>alpina</i> (Rose) Rose ex R.Knuth,SPECIES,Oxalidaceae,6697.0,Oxalis,2891642.0,Oxalis alpina,2891724.0,99,EXACT,2,2,Oxalis alpina,Oxalis,Oxalis,Oxalis
Oxypolis rigidior rigidior,7942493,Oxypolis rigidior rigidior,<i>Oxypolis</i> <i>rigidior</i> var. <i>rigidior</i>,VARIETY,Apiaceae,6720.0,Oxypolis,3034746.0,Oxypolis rigidior,3034755.0,88,EXACT,3,3,Oxypolis rigidior rigidior,Oxypolis,Oxypolis,Oxypolis
Tradescantia humilis,2765211,Tradescantia humilis,<i>Tradescantia</i> <i>humilis</i> Rose,SPECIES,Commelinaceae,2763195.0,Tradescantia,2765096.0,Tradescantia humilis,2765211.0,100,EXACT,2,2,Tradescantia humilis,Tradescantia,Tradescantia,Tradescantia
Oxalis pes-caprae pleniflora,3626896,Oxalis pes-caprae pleniflora,<i>Oxalis</i> <i>pes-caprae</i> f. <i>pleniflora</i> (Lowe) Sunding,FORM,Oxalidaceae,6697.0,Oxalis,2891642.0,Oxalis pes-caprae,2891661.0,84,EXACT,3,3,Oxalis pes-caprae pleniflora,Oxalis,Oxalis,Oxalis
Muscari latifolium,2772082,Muscari latifolium,<i>Muscari</i> <i>latifolium</i> J.Kirk,SPECIES,Asparagaceae,7683.0,Muscari,2772004.0,Muscari latifolium,2772082.0,100,EXACT,2,2,Muscari latifolium,Muscari,Muscari,Muscari
Rhus chinensis,3190553,Rhus chinensis,<i>Rhus</i> <i>chinensis</i> Mill.,SPECIES,Anacardiaceae,2398.0,Rhus,3190534.0,Rhus chinensis,3190553.0,100,EXACT,2,2,Rhus chinensis,Rhus,Rhus,Rhus
Viola trinervata,5331319,Viola trinervata,<i>Viola</i> <i>trinervata</i> (Howell) Howell ex A.Gray,SPECIES,Violaceae,6631.0,Viola,2874237.0,Viola trinervata,5331319.0,99,EXACT,2,2,Viola trinervata,Viola,Viola,Viola
Clinopodium coccineum,2926912,Clinopodium coccineum,<i>Clinopodium</i> <i>coccineum</i> (Nutt. ex Hook.) Kuntze,SPECIES,Lamiaceae,2497.0,Clinopodium,2926907.0,Clinopodium coccineum,2926912.0,100,EXACT,2,2,Clinopodium coccineum,Clinopodium,Clinopodium,Clinopodium
Suaeda californica,6447732,Suaeda californica,<i>Suaeda</i> <i>californica</i> S.Watson,SPECIES,Amaranthaceae,3064.0,Suaeda,7677792.0,Suaeda californica,6447732.0,99,EXACT,2,2,Suaeda californica,Suaeda,Suaeda,Suaeda
Quercus laceyi,2879361,Quercus laceyi,<i>Quercus</i> <i>laceyi</i> Small,SPECIES,Fagaceae,4689.0,Quercus,2877951.0,Quercus laceyi,2879361.0,100,EXACT,2,2,Quercus laceyi,Quercus,Quercus,Quercus
Allium platycaule,2857767,Allium platycaule,<i>Allium</i> <i>platycaule</i> S.Watson,SPECIES,Amaryllidaceae,7682.0,Allium,9624496.0,Allium platycaule,2857767.0,100,EXACT,2,2,Allium platycaule,Allium,Allium,Allium
Trillium decipiens,2742268,Trillium decipiens,<i>Trillium</i> <i>decipiens</i> J.D.Freeman,SPECIES,Melanthiaceae,7700.0,Trillium,2742182.0,Trillium decipiens,2742268.0,100,EXACT,2,2,Trillium decipiens,Trillium,Trillium,Trillium
Acer negundo arizonicum,3767724,Acer negundo arizonicum,<i>Acer</i> <i>negundo</i> var. <i>arizonicum</i> Sarg.,VARIETY,Sapindaceae,6657.0,Acer,3189834.0,Acer negundo,3189866.0,88,EXACT,3,3,Acer negundo arizonicum,Acer,Acer,Acer
Rubus pennus,2992929,Rubus pennus,<i>Rubus</i> <i>pennus</i> L.H.Bailey,SPECIES,Rosaceae,5015.0,Rubus,2988638.0,Rubus allegheniensis,8235931.0,100,EXACT,2,2,Rubus pennus,Rubus,Rubus,Rubus
Hydrophyllum virginianum virginianum,7155125,Hydrophyllum virginianum virginianum,<i>Hydrophyllum</i> <i>virginianum</i> var. <i>virginianum</i>,VARIETY,Hydrophyllaceae,2387.0,Hydrophyllum,8906001.0,Hydrophyllum virginianum,2928281.0,85,EXACT,3,3,Hydrophyllum virginianum virginianum,Hydrophyllum,Hydrophyllum,Hydrophyllum
Tilia americana heterophylla,6415053,Tilia americana heterophylla,<i>Tilia</i> <i>americana</i> var. <i>heterophylla</i> (Vent.) Loudon,VARIETY,Malvaceae,6685.0,Tilia,3152041.0,Tilia americana,3152042.0,85,EXACT,3,3,Tilia americana heterophylla,Tilia,Tilia,Tilia
Ribes thacherianum,2986138,Ribes thacherianum,<i>Ribes</i> <i>thacherianum</i> (Jeps.) Munz,SPECIES,Grossulariaceae,2403.0,Ribes,2986095.0,Ribes thacherianum,2986138.0,100,EXACT,2,2,Ribes thacherianum,Ribes,Ribes,Ribes
Allium jepsonii,8649668,Allium jepsonii,<i>Allium</i> <i>jepsonii</i> (Ownbey & Aase ex Traub) S.S.Denison & McNeal,SPECIES,Amaryllidaceae,7682.0,Allium,9624496.0,Allium jepsonii,8649668.0,100,EXACT,2,2,Allium jepsonii,Allium,Allium,Allium
Oxalis hirta,2891754,Oxalis hirta,<i>Oxalis</i> <i>hirta</i> L.,SPECIES,Oxalidaceae,6697.0,Oxalis,2891642.0,Oxalis hirta,2891754.0,100,EXACT,2,2,Oxalis hirta,Oxalis,Oxalis,Oxalis
Allium lacunosum davisiae,2857755,Allium lacunosum davisiae,<i>Allium</i> <i>lacunosum</i> var. <i>davisiae</i> (M.E.Jones) McNeal & Ownbey,VARIETY,Amaryllidaceae,7682.0,Allium,9624496.0,Allium lacunosum,2857752.0,88,EXACT,3,3,Allium lacunosum davisiae,Allium,Allium,Allium
Claytonia gypsophiloides,3084731,Claytonia gypsophiloides,<i>Claytonia</i> <i>gypsophiloides</i> Fisch. & C.A.Mey.,SPECIES,Montiaceae,4898338.0,Claytonia,3084729.0,Claytonia gypsophiloides,3084731.0,100,EXACT,2,2,Claytonia gypsophiloides,Claytonia,Claytonia,Claytonia
Cirsium occidentale venustum,6444228,Cirsium occidentale venustum,<i>Cirsium</i> <i>occidentale</i> var. <i>venustum</i> (Greene) Jeps.,VARIETY,Asteraceae,3065.0,Cirsium,3112554.0,Cirsium occidentale,3114557.0,85,EXACT,3,3,Cirsium occidentale venustum,Cirsium,Cirsium,Cirsium
Pinus contorta,5285750,Pinus contorta,<i>Pinus</i> <i>contorta</i> Douglas ex Loudon,SPECIES,Pinaceae,3925.0,Pinus,2684241.0,Pinus contorta,5285750.0,99,EXACT,2,2,Pinus contorta,Pinus,Pinus,Pinus
Viola sororia priceana,5664497,Viola sororia priceana,<i>Viola</i> <i>sororia</i> f. <i>priceana</i> (Pollard) Cooperr.,FORM,Violaceae,6631.0,Viola,2874237.0,Viola sororia,5331238.0,88,EXACT,3,3,Viola sororia priceana,Viola,Viola,Viola
Viola lobata lobata,5331346,Viola lobata lobata,<i>Viola</i> <i>lobata</i> var. <i>lobata</i>,VARIETY,Violaceae,6631.0,Viola,2874237.0,Viola lobata,5331345.0,85,EXACT,3,3,Viola lobata lobata,Viola,Viola,Viola
Pinus torreyana insularis,5285767,Pinus torreyana insularis,<i>Pinus</i> <i>torreyana</i> subsp. <i>insularis</i> J.R.Haller,SUBSPECIES,Pinaceae,3925.0,Pinus,2684241.0,Pinus torreyana,5285764.0,85,EXACT,3,3,Pinus torreyana insularis,Pinus,Pinus,Pinus
Acer rubrum trilobum,4272376,Acer rubrum trilobum,<i>Acer</i> <i>rubrum</i> var. <i>trilobum</i> Torr. & A.Gray ex K.Koch,VARIETY,Sapindaceae,6657.0,Acer,3189834.0,Acer rubrum,3189883.0,85,EXACT,3,3,Acer rubrum trilobum,Acer,Acer,Acer
Tradescantia tharpii,2765246,Tradescantia tharpii,<i>Tradescantia</i> <i>tharpii</i> E.S.Anderson & Woodson,SPECIES,Commelinaceae,2763195.0,Tradescantia,2765096.0,Tradescantia tharpii,2765246.0,100,EXACT,2,2,Tradescantia tharpii,Tradescantia,Tradescantia,Tradescantia
Linum berlandieri filifolium,4048700,Linum berlandieri filifolium,<i>Linum</i> <i>berlandieri</i> var. <i>filifolium</i> (Shinners) C.M.Rogers,VARIETY,Linaceae,2493.0,Linum,2873855.0,Linum berlandieri,2873932.0,88,EXACT,3,3,Linum berlandieri filifolium,Linum,Linum,Linum
Viola calcicola,7392062,Viola calcicola,<i>Viola</i> <i>calcicola</i> R.A.Mc Cauley & H.E.Ballard,SPECIES,Violaceae,6631.0,Viola,2874237.0,Viola calcicola,7392062.0,100,EXACT,2,2,Viola calcicola,Viola,Viola,Viola
Viburnum × bodnantense,3857539,Viburnum bodnantense,<i>Viburnum</i> × <i>bodnantense</i> Aberc. ex Stearn,SPECIES,Viburnaceae,4924416.0,Viburnum,2888580.0,Viburnum bodnantense,3857539.0,99,EXACT,3,2,Viburnum bodnantense,Viburnum,Viburnum,Viburnum
Vaccinium ovatum,2882838,Vaccinium ovatum,<i>Vaccinium</i> <i>ovatum</i> Pursh,SPECIES,Ericaceae,2505.0,Vaccinium,2882813.0,Vaccinium ovatum,2882838.0,100,EXACT,2,2,Vaccinium ovatum,Vaccinium,Vaccinium,Vaccinium
Ribes aureum,2986111,Ribes aureum,<i>Ribes</i> <i>aureum</i> Pursh,SPECIES,Grossulariaceae,2403.0,Ribes,2986095.0,Ribes aureum,2986111.0,99,EXACT,2,2,Ribes aureum,Ribes,Ribes,Ribes
Ribes bracteosum,2986193,Ribes bracteosum,<i>Ribes</i> <i>bracteosum</i> Douglas ex Hook.,SPECIES,Grossulariaceae,2403.0,Ribes,2986095.0,Ribes bracteosum,2986193.0,99,EXACT,2,2,Ribes bracteosum,Ribes,Ribes,Ribes
Oxalis brasiliensis,10905755,Oxalis brasiliensis,<i>Oxalis</i> <i>brasiliensis</i> G.Lodd. ex Hildebr.,SPECIES,Oxalidaceae,6697.0,Oxalis,2891642.0,Oxalis brasiliensis,10905755.0,99,EXACT,2,2,Oxalis brasiliensis,Oxalis,Oxalis,Oxalis
Primula fassettii,5640613,Primula fassettii,<i>Primula</i> <i>fassettii</i> A.R.Mast & Reveal,SPECIES,Primulaceae,6674.0,Dodecatheon,7597718.0,Dodecatheon amethystinum,3169261.0,100,EXACT,2,2,Primula fassettii,Primula,Primula,Primula
Dalea candida oligophylla,5353281,Dalea candida oligophylla,<i>Dalea</i> <i>candida</i> var. <i>oligophylla</i> (Torr.) Shinners,VARIETY,Fabaceae,5386.0,Dalea,2954771.0,Dalea candida,5353279.0,88,EXACT,3,3,Dalea candida oligophylla,Dalea,Dalea,Dalea
Phlox pilosa fulgida,6394543,Phlox pilosa fulgida,<i>Phlox</i> <i>pilosa</i> subsp. <i>fulgida</i> (Wherry) Wherry,SUBSPECIES,Polemoniaceae,6648.0,Phlox,2927698.0,Phlox pilosa,2927734.0,85,EXACT,3,3,Phlox pilosa fulgida,Phlox,Phlox,Phlox
Monarda brevis,11082785,Monarda brevis,<i>Monarda</i> <i>brevis</i> (Fosberg & Artz) Floden,SPECIES,Lamiaceae,2497.0,Monarda,2926838.0,Monarda brevis,11082785.0,100,EXACT,2,2,Monarda brevis,Monarda,Monarda,Monarda
Honckenya peploides peploides,7219308,Honckenya peploides peploides,<i>Honckenya</i> <i>peploides</i> subsp. <i>peploides</i>,SUBSPECIES,Caryophyllaceae,2518.0,Honckenya,3085775.0,Honckenya peploides,3085776.0,85,EXACT,3,3,Honckenya peploides peploides,Honckenya,Honckenya,Honckenya
Cirsium pumilum,3112698,Cirsium pumilum,<i>Cirsium</i> <i>pumilum</i> (Nutt.) Spreng.,SPECIES,Asteraceae,3065.0,Cirsium,3112554.0,Cirsium pumilum,3112698.0,100,EXACT,2,2,Cirsium pumilum,Cirsium,Cirsium,Cirsium
Viola nephrophylla,5331283,Viola nephrophylla,<i>Viola</i> <i>nephrophylla</i> Greene,SPECIES,Violaceae,6631.0,Viola,2874237.0,Viola nephrophylla,5331283.0,100,EXACT,2,2,Viola nephrophylla,Viola,Viola,Viola
Allium howellii howellii,2856789,Allium howellii howellii,<i>Allium</i> <i>howellii</i> var. <i>howellii</i>,VARIETY,Amaryllidaceae,7682.0,Allium,9624496.0,Allium howellii,2856788.0,88,EXACT,3,3,Allium howellii howellii,Allium,Allium,Allium
Quercus texana,2878115,Quercus texana,<i>Quercus</i> <i>texana</i> Buckley,SPECIES,Fagaceae,4689.0,Quercus,2877951.0,Quercus texana,2878115.0,99,EXACT,2,2,Quercus texana,Quercus,Quercus,Quercus
Allium cuthbertii,2856669,Allium cuthbertii,<i>Allium</i> <i>cuthbertii</i> Small,SPECIES,Amaryllidaceae,7682.0,Allium,9624496.0,Allium cuthbertii,2856669.0,100,EXACT,2,2,Allium cuthbertii,Allium,Allium,Allium
Rubus meracus,2993031,Rubus meracus,<i>Rubus</i> <i>meracus</i> L.H.Bailey,SPECIES,Rosaceae,5015.0,Rubus,2988638.0,Rubus meracus,2993031.0,100,EXACT,2,2,Rubus meracus,Rubus,Rubus,Rubus
Pinus ponderosa,5285053,Pinus ponderosa,<i>Pinus</i> <i>ponderosa</i> Douglas ex C.Lawson,SPECIES,Pinaceae,3925.0,Pinus,2684241.0,Pinus ponderosa,5285053.0,99,EXACT,2,2,Pinus ponderosa,Pinus,Pinus,Pinus
Amelanchier alnifolia,8168485,Amelanchier alnifolia,<i>Amelanchier</i> <i>alnifolia</i> (Nutt.) Nutt.,SPECIES,Rosaceae,5015.0,Amelanchier,3023817.0,Amelanchier alnifolia,8168485.0,99,EXACT,2,2,Amelanchier alnifolia,Amelanchier,Amelanchier,Amelanchier
Camassia leichtlinii,2769069,Camassia leichtlinii,<i>Camassia</i> <i>leichtlinii</i> (Baker) S.Watson,SPECIES,Asparagaceae,7683.0,Camassia,2769068.0,Camassia leichtlinii,2769069.0,100,EXACT,2,2,Camassia leichtlinii,Camassia,Camassia,Camassia
Viola eriocarpa,7133268,Viola eriocarpa,<i>Viola</i> <i>eriocarpa</i> (Nutt.) Schwein.,SPECIES,Violaceae,6631.0,Viola,2874237.0,Viola eriocarpa,7133268.0,100,EXACT,2,2,Viola eriocarpa,Viola,Viola,Viola
Mutarda nigra,3042667,Mutarda nigra,<i>Mutarda</i> <i>nigra</i> (L.) Bernh.,SPECIES,Brassicaceae,3112.0,Brassica,3042506.0,Brassica nigra,3042658.0,100,EXACT,2,2,Mutarda nigra,Mutarda,Mutarda,Mutarda
Mentha canadensis,2927198,Mentha canadensis,<i>Mentha</i> <i>canadensis</i> L.,SPECIES,Lamiaceae,2497.0,Mentha,2927173.0,Mentha canadensis,2927198.0,99,EXACT,2,2,Mentha canadensis,Mentha,Mentha,Mentha
Youngia thunbergiana,5387983,Youngia thunbergiana,<i>Youngia</i> <i>thunbergiana</i> DC.,SPECIES,Asteraceae,3065.0,Youngia,3095748.0,Youngia japonica,5387974.0,100,EXACT,2,2,Youngia thunbergiana,Youngia,Youngia,Youngia
Quercus robur,2878688,Quercus robur,<i>Quercus</i> <i>robur</i> L.,SPECIES,Fagaceae,4689.0,Quercus,2877951.0,Quercus robur,2878688.0,99,EXACT,2,2,Quercus robur,Quercus,Quercus,Quercus
Rumex paucifolius,2889007,Rumex paucifolius,<i>Rumex</i> <i>paucifolius</i> Nutt.,SPECIES,Polygonaceae,2416.0,Rumex,2888942.0,Rumex paucifolius,2889007.0,99,EXACT,2,2,Rumex paucifolius,Rumex,Rumex,Rumex
Claytonia peirsonii yorkii,9479327,Claytonia peirsonii yorkii,<i>Claytonia</i> <i>peirsonii</i> subsp. <i>yorkii</i> Stoughton,SUBSPECIES,Montiaceae,4898338.0,Claytonia,3084729.0,Claytonia peirsonii,9479365.0,88,EXACT,3,3,Claytonia peirsonii yorkii,Claytonia,Claytonia,Claytonia
Fallopia baldschuanica,5334351,Fallopia baldschuanica,<i>Fallopia</i> <i>baldschuanica</i> (Regel) Holub,SPECIES,Polygonaceae,2416.0,Fallopia,2889418.0,Fallopia baldschuanica,5334351.0,100,EXACT,2,2,Fallopia baldschuanica,Fallopia,Fallopia,Fallopia
Claytonia lanceolata lanceolata,7619180,Claytonia lanceolata lanceolata,<i>Claytonia</i> <i>lanceolata</i> subsp. <i>lanceolata</i>,SUBSPECIES,Montiaceae,4898338.0,Claytonia,3084729.0,Claytonia lanceolata,3084746.0,84,EXACT,3,3,Claytonia lanceolata lanceolata,Claytonia,Claytonia,Claytonia
Galium aparine aparine,7474788,Galium aparine aparine,<i>Galium</i> <i>aparine</i> var. <i>aparine</i>,VARIETY,Rubiaceae,8798.0,Galium,2913027.0,Galium aparine,2913548.0,85,EXACT,3,3,Galium aparine aparine,Galium,Galium,Galium
Quercus × brittonii,2880790,Quercus brittonii,<i>Quercus</i> × <i>brittonii</i> W.T.Davis,SPECIES,Fagaceae,4689.0,Quercus,2877951.0,Quercus brittonii,2880790.0,100,EXACT,3,2,Quercus brittonii,Quercus,Quercus,Quercus
Ribes fasciculatum,7334992,Ribes fasciculatum,<i>Ribes</i> <i>fasciculatum</i> Siebold & Zucc.,SPECIES,Grossulariaceae,2403.0,Ribes,2986095.0,Ribes fasciculatum,7334992.0,100,EXACT,2,2,Ribes fasciculatum,Ribes,Ribes,Ribes
Viola septentrionalis septentrionalis,7133542,Viola septentrionalis septentrionalis,<i>Viola</i> <i>septentrionalis</i> var. <i>septentrionalis</i>,VARIETY,Violaceae,6631.0,Viola,2874237.0,Viola septentrionalis,5331239.0,84,EXACT,3,3,Viola septentrionalis septentrionalis,Viola,Viola,Viola
Rubus furtivus,2994145,Rubus furtivus,<i>Rubus</i> × <i>furtivus</i> L.H.Bailey,SPECIES,Rosaceae,5015.0,Rubus,2988638.0,Rubus permixtus,2988890.0,100,EXACT,2,2,Rubus furtivus,Rubus,Rubus,Rubus
Phytolacca americana rigida,4192782,Phytolacca americana rigida,<i>Phytolacca</i> <i>americana</i> var. <i>rigida</i> (Small) Caulkins & R.E.Wyatt,VARIETY,Phytolaccaceae,2516.0,Phytolacca,3084013.0,Phytolacca americana,3084015.0,88,EXACT,3,3,Phytolacca americana rigida,Phytolacca,Phytolacca,Phytolacca
Yucca reverchonii,2775785,Yucca reverchonii,<i>Yucca</i> <i>reverchonii</i> Trel.,SPECIES,Asparagaceae,7683.0,Yucca,2775496.0,Yucca reverchonii,2775785.0,100,EXACT,2,2,Yucca reverchonii,Yucca,Yucca,Yucca
Descurainia pinnata brachycarpa,6306553,Descurainia pinnata brachycarpa,<i>Descurainia</i> <i>pinnata</i> var. <i>brachycarpa</i> (Richardson) Fernald,VARIETY,Brassicaceae,3112.0,Descurainia,3044104.0,Descurainia pinnata,3044133.0,88,EXACT,3,3,Descurainia pinnata brachycarpa,Descurainia,Descurainia,Descurainia
Quercus havardii,2879540,Quercus havardii,<i>Quercus</i> <i>havardii</i> Rydb.,SPECIES,Fagaceae,4689.0,Quercus,2877951.0,Quercus havardii,2879540.0,100,EXACT,2,2,Quercus havardii,Quercus,Quercus,Quercus
Rumex conglomeratus,2888963,Rumex conglomeratus,<i>Rumex</i> <i>conglomeratus</i> Murray,SPECIES,Polygonaceae,2416.0,Rumex,2888942.0,Rumex conglomeratus,2888963.0,100,EXACT,2,2,Rumex conglomeratus,Rumex,Rumex,Rumex
Ribes cereum cereum,7219280,Ribes cereum cereum,<i>Ribes</i> <i>cereum</i> var. <i>cereum</i>,VARIETY,Grossulariaceae,2403.0,Ribes,2986095.0,Ribes cereum,2986127.0,88,EXACT,3,3,Ribes cereum cereum,Ribes,Ribes,Ribes
Ceanothus pinetorum,8286761,Ceanothus pinetorum,<i>Ceanothus</i> <i>pinetorum</i> Coult.,SPECIES,Rhamnaceae,2407.0,Ceanothus,3039297.0,Ceanothus pinetorum,8286761.0,99,EXACT,2,2,Ceanothus pinetorum,Ceanothus,Ceanothus,Ceanothus
Oxalis florida,2891670,Oxalis florida,<i>Oxalis</i> <i>florida</i> Salisb.,SPECIES,Oxalidaceae,6697.0,Oxalis,2891642.0,Oxalis florida,2891670.0,99,EXACT,2,2,Oxalis florida,Oxalis,Oxalis,Oxalis
Viburnum rafinesqueanum rafinesqueanum,4925723,Viburnum rafinesqueanum,<i>Viburnum</i> <i>rafinesqueanum</i> Schult.,SPECIES,Viburnaceae,4924416.0,Viburnum,2888580.0,Viburnum rafinesqueanum,4925723.0,100,HIGHERRANK,3,2,Viburnum rafinesqueanum,Viburnum,Viburnum,Viburnum
Quercus × drummondii,2881710,Quercus drummondii,<i>Quercus</i> × <i>drummondii</i> Liebm.,SPECIES,Fagaceae,4689.0,Quercus,2877951.0,Quercus drummondii,2881710.0,100,EXACT,3,2,Quercus drummondii,Quercus,Quercus,Quercus
Cirsium edule wenatchense,4223095,Cirsium edule wenatchense,<i>Cirsium</i> <i>edule</i> var. <i>wenatchense</i> D.J.Keil,VARIETY,Asteraceae,3065.0,Cirsium,3112554.0,Cirsium edule,3112749.0,88,EXACT,3,3,Cirsium edule wenatchense,Cirsium,Cirsium,Cirsium
Viola pedata flabellata,12209504,Viola pedata flabellata,<i>Viola</i> <i>pedata</i> subsp. <i>flabellata</i> (D.Don) H.E.Ballard,SUBSPECIES,Violaceae,6631.0,Viola,2874237.0,Viola pedata,5331278.0,85,EXACT,3,3,Viola pedata flabellata,Viola,Viola,Viola
Monarda maritima,5341405,Monarda maritima,<i>Monarda</i> <i>maritima</i> (Cory) Correll,SPECIES,Lamiaceae,2497.0,Monarda,2926838.0,Monarda maritima,5341405.0,99,EXACT,2,2,Monarda maritima,Monarda,Monarda,Monarda
Cirsium cymosum,6444478,Cirsium cymosum,<i>Cirsium</i> <i>cymosum</i> (Greene) J.T.Howell,SPECIES,Asteraceae,3065.0,Cirsium,3112554.0,Cirsium cymosum,6444478.0,100,EXACT,2,2,Cirsium cymosum,Cirsium,Cirsium,Cirsium
Viola pedata cuneatiloba,12177168,Viola pedata cuneatiloba,<i>Viola</i> <i>pedata</i> subsp. <i>cuneatiloba</i> (Brainerd ex Fernald) H.E.Ballard,SUBSPECIES,Violaceae,6631.0,Viola,2874237.0,Viola pedata,5331278.0,85,EXACT,3,3,Viola pedata cuneatiloba,Viola,Viola,Viola
Lepidium virginicum virginicum,7129308,Lepidium virginicum virginicum,<i>Lepidium</i> <i>virginicum</i> subsp. <i>virginicum</i>,SUBSPECIES,Brassicaceae,3112.0,Lepidium,3051713.0,Lepidium virginicum,5376648.0,85,EXACT,3,3,Lepidium virginicum virginicum,Lepidium,Lepidium,Lepidium
Physalis cinerascens cinerascens,6402983,Physalis cinerascens cinerascens,<i>Physalis</i> <i>cinerascens</i> var. <i>cinerascens</i> (Dunal) Hitchc.,VARIETY,Solanaceae,7717.0,Physalis,2928907.0,Physalis cinerascens,5341768.0,88,EXACT,3,3,Physalis cinerascens cinerascens,Physalis,Physalis,Physalis
Pinus pumila,5285355,Pinus pumila,<i>Pinus</i> <i>pumila</i> (Pall.) Regel,SPECIES,Pinaceae,3925.0,Pinus,2684241.0,Pinus pumila,5285355.0,99,EXACT,2,2,Pinus pumila,Pinus,Pinus,Pinus
Quercus arizonica,2877992,Quercus arizonica,<i>Quercus</i> <i>arizonica</i> Sarg.,SPECIES,Fagaceae,4689.0,Quercus,2877951.0,Quercus arizonica,2877992.0,100,EXACT,2,2,Quercus arizonica,Quercus,Quercus,Quercus
Lycopus uniflorus,5341480,Lycopus uniflorus,<i>Lycopus</i> <i>uniflorus</i> Michx.,SPECIES,Lamiaceae,2497.0,Lycopus,2927122.0,Lycopus uniflorus,5341480.0,100,EXACT,2,2,Lycopus uniflorus,Lycopus,Lycopus,Lycopus
Smilax walteri,5295687,Smilax walteri,<i>Smilax</i> <i>walteri</i> Pursh,SPECIES,Smilacaceae,7702.0,Smilax,2740627.0,Smilax walteri,5295687.0,100,EXACT,2,2,Smilax walteri,Smilax,Smilax,Smilax
Pinus aristata,5285256,Pinus aristata,<i>Pinus</i> <i>aristata</i> Engelm.,SPECIES,Pinaceae,3925.0,Pinus,2684241.0,Pinus aristata,5285256.0,100,EXACT,2,2,Pinus aristata,Pinus,Pinus,Pinus
Tradescantia subacaulis,2765356,Tradescantia subacaulis,<i>Tradescantia</i> <i>subacaulis</i> Bush,SPECIES,Commelinaceae,2763195.0,Tradescantia,2765096.0,Tradescantia subacaulis,2765356.0,100,EXACT,2,2,Tradescantia subacaulis,Tradescantia,Tradescantia,Tradescantia
Acer negundo californicum,3768664,Acer negundo californicum,<i>Acer</i> <i>negundo</i> var. <i>californicum</i> (Torr. & A.Gray) Sarg.,VARIETY,Sapindaceae,6657.0,Acer,3189834.0,Acer negundo,3189866.0,85,EXACT,3,3,Acer negundo californicum,Acer,Acer,Acer
Rumex altissimus,2889030,Rumex altissimus,<i>Rumex</i> <i>altissimus</i> Wood,SPECIES,Polygonaceae,2416.0,Rumex,2888942.0,Rumex altissimus,2889030.0,100,EXACT,2,2,Rumex altissimus,Rumex,Rumex,Rumex
Allium diabolense,2857466,Allium diabolense,<i>Allium</i> <i>diabolense</i> (Ownbey & Aase ex Traub) McNeal,SPECIES,Amaryllidaceae,7682.0,Allium,9624496.0,Allium diabolense,2857466.0,100,EXACT,2,2,Allium diabolense,Allium,Allium,Allium
Primula pauciflora cusickii,5641499,Primula pauciflora cusickii,<i>Primula</i> <i>pauciflora</i> var. <i>cusickii</i> (Greene) A.R.Mast & Reveal,VARIETY,Primulaceae,6674.0,Dodecatheon,7597718.0,Dodecatheon pulchellum,3169253.0,88,EXACT,3,3,Primula pauciflora cusickii,Primula,Primula,Primula
Physalis macrosperma,10865701,Physalis macrosperma,"<i>Physalis</i> <i>macrosperma</i> Pyne, E.L.Bridges & Orzell",SPECIES,Solanaceae,7717.0,Physalis,2928907.0,Physalis macrosperma,10865701.0,100,EXACT,2,2,Physalis macrosperma,Physalis,Physalis,Physalis
Rubus invisus,8038781,Rubus invisus,<i>Rubus</i> <i>invisus</i> (L.H.Bailey) L.H.Bailey,SPECIES,Rosaceae,5015.0,Rubus,2988638.0,Rubus invisus,8038781.0,99,EXACT,2,2,Rubus invisus,Rubus,Rubus,Rubus
Claytonia peirsonii bernardinus,9289741,Claytonia peirsonii bernardinus,<i>Claytonia</i> <i>peirsonii</i> subsp. <i>bernardinus</i> Stoughton,SUBSPECIES,Montiaceae,4898338.0,Claytonia,3084729.0,Claytonia peirsonii,9479365.0,88,EXACT,3,3,Claytonia peirsonii bernardinus,Claytonia,Claytonia,Claytonia
Ceanothus megacarpus,3039316,Ceanothus megacarpus,<i>Ceanothus</i> <i>megacarpus</i> Nutt.,SPECIES,Rhamnaceae,2407.0,Ceanothus,3039297.0,Ceanothus megacarpus,3039316.0,99,EXACT,2,2,Ceanothus megacarpus,Ceanothus,Ceanothus,Ceanothus
Allium crispum,2857315,Allium crispum,<i>Allium</i> <i>crispum</i> Greene,SPECIES,Amaryllidaceae,7682.0,Allium,9624496.0,Allium crispum,2857315.0,100,EXACT,2,2,Allium crispum,Allium,Allium,Allium
Viola charlestonensis,7953786,Viola charlestonensis,<i>Viola</i> <i>charlestonensis</i> M.S.Baker & J.C.Clausen ex Clokey,SPECIES,Violaceae,6631.0,Viola,2874237.0,Viola charlestonensis,7953786.0,99,EXACT,2,2,Viola charlestonensis,Viola,Viola,Viola
Monarda citriodora austromontana,5605561,Monarda citriodora austromontana,<i>Monarda</i> <i>citriodora</i> var. <i>austromontana</i> (Epling) B.L.Turner,VARIETY,Lamiaceae,2497.0,Monarda,2926838.0,Monarda citriodora,5341423.0,85,EXACT,3,3,Monarda citriodora austromontana,Monarda,Monarda,Monarda
Quercus polymorpha,2878068,Quercus polymorpha,<i>Quercus</i> <i>polymorpha</i> Schltdl. & Cham.,SPECIES,Fagaceae,4689.0,Quercus,2877951.0,Quercus polymorpha,2878068.0,100,EXACT,2,2,Quercus polymorpha,Quercus,Quercus,Quercus
Allium oleraceum,2857071,Allium oleraceum,<i>Allium</i> <i>oleraceum</i> L.,SPECIES,Amaryllidaceae,7682.0,Allium,9624496.0,Allium oleraceum,2857071.0,99,EXACT,2,2,Allium oleraceum,Allium,Allium,Allium
Ribes roezlii roezlii,7334974,Ribes roezlii roezlii,<i>Ribes</i> <i>roezlii</i> var. <i>roezlii</i>,VARIETY,Grossulariaceae,2403.0,Ribes,2986095.0,Ribes roezlii,2986198.0,88,EXACT,3,3,Ribes roezlii roezlii,Ribes,Ribes,Ribes
Erythronium tuolumnense,2752804,Erythronium tuolumnense,<i>Erythronium</i> <i>tuolumnense</i> Applegate,SPECIES,Liliaceae,7699.0,Erythronium,2740136.0,Erythronium tuolumnense,2752804.0,100,EXACT,2,2,Erythronium tuolumnense,Erythronium,Erythronium,Erythronium
Linum berlandieri berlandieri,8427805,Linum berlandieri berlandieri,<i>Linum</i> <i>berlandieri</i> var. <i>berlandieri</i>,VARIETY,Linaceae,2493.0,Linum,2873855.0,Linum berlandieri,2873932.0,88,EXACT,3,3,Linum berlandieri berlandieri,Linum,Linum,Linum
Zizania palustris palustris,6432299,Zizania palustris palustris,<i>Zizania</i> <i>palustris</i> subsp. <i>palustris</i>,SUBSPECIES,Poaceae,3073.0,Zizania,2703227.0,Zizania palustris,2703230.0,84,EXACT,3,3,Zizania palustris palustris,Zizania,Zizania,Zizania
Viola pedatifida,5331262,Viola pedatifida,<i>Viola</i> <i>pedatifida</i> G.Don,SPECIES,Violaceae,6631.0,Viola,2874237.0,Viola pedatifida,5331262.0,100,EXACT,2,2,Viola pedatifida,Viola,Viola,Viola
Physalis cinerascens,5341768,Physalis cinerascens,<i>Physalis</i> <i>cinerascens</i> (Dunal) Hitchc.,SPECIES,Solanaceae,7717.0,Physalis,2928907.0,Physalis cinerascens,5341768.0,100,EXACT,2,2,Physalis cinerascens,Physalis,Physalis,Physalis
Cirsium parryi,3112578,Cirsium parryi,<i>Cirsium</i> <i>parryi</i> (A.Gray) Petr.,SPECIES,Asteraceae,3065.0,Cirsium,3112554.0,Cirsium parryi,3112578.0,99,EXACT,2,2,Cirsium parryi,Cirsium,Cirsium,Cirsium
Yucca baccata baccata,2775796,Yucca baccata baccata,<i>Yucca</i> <i>baccata</i> var. <i>baccata</i>,VARIETY,Asparagaceae,7683.0,Yucca,2775496.0,Yucca baccata,2775788.0,88,EXACT,3,3,Yucca baccata baccata,Yucca,Yucca,Yucca
Viola septentrionalis,5331239,Viola septentrionalis,<i>Viola</i> <i>septentrionalis</i> Greene,SPECIES,Violaceae,6631.0,Viola,2874237.0,Viola septentrionalis,5331239.0,100,EXACT,2,2,Viola septentrionalis,Viola,Viola,Viola
Quercus pacifica,2881701,Quercus pacifica,<i>Quercus</i> <i>pacifica</i> Nixon & C.H.Müll.,SPECIES,Fagaceae,4689.0,Quercus,2877951.0,Quercus pacifica,2881701.0,100,EXACT,2,2,Quercus pacifica,Quercus,Quercus,Quercus
Rhus aromatica arenaria,3660172,Rhus aromatica arenaria,<i>Rhus</i> <i>aromatica</i> var. <i>arenaria</i> (Greene) Fernald,VARIETY,Anacardiaceae,2398.0,Rhus,3190534.0,Rhus aromatica,3190558.0,88,EXACT,3,3,Rhus aromatica arenaria,Rhus,Rhus,Rhus
Descurainia pinnata ochroleuca,3044155,Descurainia pinnata ochroleuca,<i>Descurainia</i> <i>pinnata</i> subsp. <i>ochroleuca</i> (Wooton) Detling,SUBSPECIES,Brassicaceae,3112.0,Descurainia,3044104.0,Descurainia pinnata,3044133.0,85,EXACT,3,3,Descurainia pinnata ochroleuca,Descurainia,Descurainia,Descurainia
Allium howellii sanbenitense,2856790,Allium howellii sanbenitense,<i>Allium</i> <i>howellii</i> var. <i>sanbenitense</i> (Traub) Ownbey & Aase,VARIETY,Amaryllidaceae,7682.0,Allium,9624496.0,Allium howellii,2856788.0,85,EXACT,3,3,Allium howellii sanbenitense,Allium,Allium,Allium
Ceanothus impressus,3039310,Ceanothus impressus,<i>Ceanothus</i> <i>impressus</i> Trel.,SPECIES,Rhamnaceae,2407.0,Ceanothus,3039297.0,Ceanothus impressus,3039310.0,100,EXACT,2,2,Ceanothus impressus,Ceanothus,Ceanothus,Ceanothus
Phlox pilosa detonsa,6394549,Phlox pilosa detonsa,<i>Phlox</i> <i>pilosa</i> subsp. <i>detonsa</i> (A.Gray) Wherry,SUBSPECIES,Polemoniaceae,6648.0,Phlox,2927698.0,Phlox pilosa,2927734.0,85,EXACT,3,3,Phlox pilosa detonsa,Phlox,Phlox,Phlox
Rubus × fraseri,2997212,Rubus fraseri,<i>Rubus</i> × <i>fraseri</i> Rehder,SPECIES,Rosaceae,5015.0,Rubus,2988638.0,Rubus fraseri,2997212.0,100,EXACT,3,2,Rubus fraseri,Rubus,Rubus,Rubus
Quercus lyrata,2878378,Quercus lyrata,<i>Quercus</i> <i>lyrata</i> Walter,SPECIES,Fagaceae,4689.0,Quercus,2877951.0,Quercus lyrata,2878378.0,99,EXACT,2,2,Quercus lyrata,Quercus,Quercus,Quercus
Rubus praecox,8019170,Rubus praecox,<i>Rubus</i> <i>praecox</i> Bertol.,SPECIES,Rosaceae,5015.0,Rubus,2988638.0,Rubus praecox,8019170.0,99,EXACT,2,2,Rubus praecox,Rubus,Rubus,Rubus
Tragopogon pratensis,5386897,Tragopogon pratensis,<i>Tragopogon</i> <i>pratensis</i> L.,SPECIES,Asteraceae,3065.0,Tragopogon,3092408.0,Tragopogon pratensis,5386897.0,100,EXACT,2,2,Tragopogon pratensis,Tragopogon,Tragopogon,Tragopogon
Ribes aureum aureum,7095864,Ribes aureum aureum,<i>Ribes</i> <i>aureum</i> var. <i>aureum</i>,VARIETY,Grossulariaceae,2403.0,Ribes,2986095.0,Ribes aureum,2986111.0,88,EXACT,3,3,Ribes aureum aureum,Ribes,Ribes,Ribes
Dalea candida candida,7225489,Dalea candida candida,<i>Dalea</i> <i>candida</i> var. <i>candida</i>,VARIETY,Fabaceae,5386.0,Dalea,2954771.0,Dalea candida,5353279.0,88,EXACT,3,3,Dalea candida candida,Dalea,Dalea,Dalea
Allium anceps,2857771,Allium anceps,<i>Allium</i> <i>anceps</i> Kellogg,SPECIES,Amaryllidaceae,7682.0,Allium,9624496.0,Allium anceps,2857771.0,100,EXACT,2,2,Allium anceps,Allium,Allium,Allium
Viola orbiculata,7539797,Viola orbiculata,<i>Viola</i> <i>orbiculata</i> Geyer ex A.Gray,SPECIES,Violaceae,6631.0,Viola,2874237.0,Viola orbiculata,7539797.0,99,EXACT,2,2,Viola orbiculata,Viola,Viola,Viola
Vicia sepium,2974786,Vicia sepium,<i>Vicia</i> <i>sepium</i> L.,SPECIES,Fabaceae,5386.0,Vicia,2974751.0,Vicia sepium,2974786.0,100,EXACT,2,2,Vicia sepium,Vicia,Vicia,Vicia
Rumex sanguineus,2888960,Rumex sanguineus,<i>Rumex</i> <i>sanguineus</i> L.,SPECIES,Polygonaceae,2416.0,Rumex,2888942.0,Rumex sanguineus,2888960.0,99,EXACT,2,2,Rumex sanguineus,Rumex,Rumex,Rumex
Viburnum suspensum,2888582,Viburnum suspensum,<i>Viburnum</i> <i>suspensum</i> Lindl.,SPECIES,Viburnaceae,4924416.0,Viburnum,2888580.0,Viburnum suspensum,2888582.0,99,EXACT,2,2,Viburnum suspensum,Viburnum,Viburnum,Viburnum
Dalea purpurea arenicola,5353343,Dalea purpurea arenicola,<i>Dalea</i> <i>purpurea</i> var. <i>arenicola</i> (Wemple) Barneby,VARIETY,Fabaceae,5386.0,Dalea,2954771.0,Dalea purpurea,5353342.0,88,EXACT,3,3,Dalea purpurea arenicola,Dalea,Dalea,Dalea
Allium elmendorfii,2856226,Allium elmendorfii,<i>Allium</i> <i>elmendorfii</i> M.E.Jones ex Ownbey,SPECIES,Amaryllidaceae,7682.0,Allium,9624496.0,Allium elmendorfii,2856226.0,99,EXACT,2,2,Allium elmendorfii,Allium,Allium,Allium
Origanum vulgare hirtum,9508942,Origanum vulgare hirtum,<i>Origanum</i> <i>vulgare</i> subsp. <i>hirtum</i> (Link) A.Terracc.,SUBSPECIES,Lamiaceae,2497.0,Origanum,2926611.0,Origanum vulgare,2926612.0,85,EXACT,3,3,Origanum vulgare hirtum,Origanum,Origanum,Origanum
Monarda fistulosa longepetiolata,5708987,Monarda fistulosa longepetiolata,<i>Monarda</i> <i>fistulosa</i> var. <i>longepetiolata</i> B.Boivin,VARIETY,Lamiaceae,2497.0,Monarda,2926838.0,Monarda fistulosa,5341411.0,88,EXACT,3,3,Monarda fistulosa longepetiolata,Monarda,Monarda,Monarda
Crataegus viridis velutina,8351695,Crataegus viridis velutina,<i>Crataegus</i> <i>viridis</i> var. <i>velutina</i> (Sarg.) J.B.Phipps,VARIETY,Rosaceae,5015.0,Crataegus,3013395.0,Crataegus viridis,3014089.0,85,EXACT,3,3,Crataegus viridis velutina,Crataegus,Crataegus,Crataegus
Erythronium purpurascens,2752907,Erythronium purpurascens,<i>Erythronium</i> <i>purpurascens</i> S.Watson,SPECIES,Liliaceae,7699.0,Erythronium,2740136.0,Erythronium purpurascens,2752907.0,100,EXACT,2,2,Erythronium purpurascens,Erythronium,Erythronium,Erythronium
Ceanothus fendleri,3039389,Ceanothus fendleri,<i>Ceanothus</i> <i>fendleri</i> A.Gray,SPECIES,Rhamnaceae,2407.0,Ceanothus,3039297.0,Ceanothus fendleri,3039389.0,100,EXACT,2,2,Ceanothus fendleri,Ceanothus,Ceanothus,Ceanothus
Viola rotundifolia,5331203,Viola rotundifolia,<i>Viola</i> <i>rotundifolia</i> Michx.,SPECIES,Violaceae,6631.0,Viola,2874237.0,Viola rotundifolia,5331203.0,99,EXACT,2,2,Viola rotundifolia,Viola,Viola,Viola
Vaccinium ovalifolium,2882894,Vaccinium ovalifolium,<i>Vaccinium</i> <i>ovalifolium</i> Sm.,SPECIES,Ericaceae,2505.0,Vaccinium,2882813.0,Vaccinium ovalifolium,2882894.0,100,EXACT,2,2,Vaccinium ovalifolium,Vaccinium,Vaccinium,Vaccinium
Pinus torreyana,5285764,Pinus torreyana,<i>Pinus</i> <i>torreyana</i> Parry ex Carrière,SPECIES,Pinaceae,3925.0,Pinus,2684241.0,Pinus torreyana,5285764.0,99,EXACT,2,2,Pinus torreyana,Pinus,Pinus,Pinus
Lilium pardalinum,2753192,Lilium pardalinum,<i>Lilium</i> <i>pardalinum</i> Kellogg,SPECIES,Liliaceae,7699.0,Lilium,2752977.0,Lilium pardalinum,2753192.0,100,EXACT,2,2,Lilium pardalinum,Lilium,Lilium,Lilium
Ceanothus gloriosus exaltatus,3874482,Ceanothus gloriosus exaltatus,<i>Ceanothus</i> <i>gloriosus</i> var. <i>exaltatus</i> J.T.Howell,VARIETY,Rhamnaceae,2407.0,Ceanothus,3039297.0,Ceanothus gloriosus,3039305.0,85,EXACT,3,3,Ceanothus gloriosus exaltatus,Ceanothus,Ceanothus,Ceanothus
Smilax herbacea,5295311,Smilax herbacea,<i>Smilax</i> <i>herbacea</i> L.,SPECIES,Smilacaceae,7702.0,Smilax,2740627.0,Smilax herbacea,5295311.0,99,EXACT,2,2,Smilax herbacea,Smilax,Smilax,Smilax
Smilax illinoensis,5295028,Smilax illinoensis,<i>Smilax</i> <i>illinoensis</i> Mangaly,SPECIES,Smilacaceae,7702.0,Smilax,2740627.0,Smilax illinoensis,5295028.0,100,EXACT,2,2,Smilax illinoensis,Smilax,Smilax,Smilax
Physalis pumila,5341810,Physalis pumila,<i>Physalis</i> <i>pumila</i> Nutt.,SPECIES,Solanaceae,7717.0,Physalis,2928907.0,Physalis pumila,5341810.0,100,EXACT,2,2,Physalis pumila,Physalis,Physalis,Physalis
Viola × slavinii,5331269,Viola slavinii,<i>Viola</i> × <i>slavinii</i> House,SPECIES,Violaceae,6631.0,Viola,2874237.0,Viola slavinii,5331269.0,100,EXACT,3,2,Viola slavinii,Viola,Viola,Viola
Yucca glauca glauca,6437932,Yucca glauca glauca,<i>Yucca</i> <i>glauca</i> var. <i>glauca</i>,VARIETY,Asparagaceae,7683.0,Yucca,2775496.0,Yucca glauca,2775497.0,88,EXACT,3,3,Yucca glauca glauca,Yucca,Yucca,Yucca
Pinus cembroides cembroides,7306151,Pinus cembroides cembroides,<i>Pinus</i> <i>cembroides</i> subsp. <i>cembroides</i>,SUBSPECIES,Pinaceae,3925.0,Pinus,2684241.0,Pinus cembroides,5285172.0,85,EXACT,3,3,Pinus cembroides cembroides,Pinus,Pinus,Pinus
Crataegus holmesiana,3014062,Crataegus holmesiana,<i>Crataegus</i> <i>holmesiana</i> Ashe,SPECIES,Rosaceae,5015.0,Crataegus,3013395.0,Crataegus holmesiana,3014062.0,100,EXACT,2,2,Crataegus holmesiana,Crataegus,Crataegus,Crataegus
Viburnum × rhytidophylloides,2888588,Viburnum rhytidophylloides,<i>Viburnum</i> × <i>rhytidophylloides</i> Suringar,SPECIES,Viburnaceae,4924416.0,Viburnum,2888580.0,Viburnum rhytidophylloides,2888588.0,100,EXACT,3,2,Viburnum rhytidophylloides,Viburnum,Viburnum,Viburnum
Cirsium calcareum,3112592,Cirsium calcareum,<i>Cirsium</i> <i>calcareum</i> (M.E.Jones) Wooton & Standl.,SPECIES,Asteraceae,3065.0,Cirsium,3112554.0,Cirsium calcareum,3112592.0,100,EXACT,2,2,Cirsium calcareum,Cirsium,Cirsium,Cirsium
Cirsium hydrophilum,3112555,Cirsium hydrophilum,<i>Cirsium</i> <i>hydrophilum</i> (Greene) Jeps.,SPECIES,Asteraceae,3065.0,Cirsium,3112554.0,Cirsium hydrophilum,3112555.0,100,EXACT,2,2,Cirsium hydrophilum,Cirsium,Cirsium,Cirsium
Vitis × novae-angliae,5372397,Vitis novae-angliae,<i>Vitis</i> × <i>novae-angliae</i> Fernald,SPECIES,Vitaceae,6672.0,Vitis,7467468.0,Vitis novae-angliae,5372397.0,100,EXACT,3,2,Vitis novae-angliae,Vitis,Vitis,Vitis
Allium tuberosum,2856297,Allium tuberosum,<i>Allium</i> <i>tuberosum</i> Rottler ex Spreng.,SPECIES,Amaryllidaceae,7682.0,Allium,9624496.0,Allium tuberosum,2856297.0,99,EXACT,2,2,Allium tuberosum,Allium,Allium,Allium
Lycopus americanus,5341461,Lycopus americanus,<i>Lycopus</i> <i>americanus</i> Muhl. ex W.P.C.Barton,SPECIES,Lamiaceae,2497.0,Lycopus,2927122.0,Lycopus americanus,5341461.0,99,EXACT,2,2,Lycopus americanus,Lycopus,Lycopus,Lycopus
Physalis neomexicana,5581229,Physalis neomexicana,<i>Physalis</i> <i>neomexicana</i> Rydb.,SPECIES,Solanaceae,7717.0,Physalis,2928907.0,Physalis neomexicana,5581229.0,100,EXACT,2,2,Physalis neomexicana,Physalis,Physalis,Physalis
Yucca utahensis,2775714,Yucca utahensis,<i>Yucca</i> <i>utahensis</i> McKelvey,SPECIES,Asparagaceae,7683.0,Yucca,2775496.0,Yucca utahensis,2775714.0,100,EXACT,2,2,Yucca utahensis,Yucca,Yucca,Yucca
Cirsium wrightii,3113171,Cirsium wrightii,<i>Cirsium</i> <i>wrightii</i> A.Gray,SPECIES,Asteraceae,3065.0,Cirsium,3112554.0,Cirsium wrightii,3113171.0,100,EXACT,2,2,Cirsium wrightii,Cirsium,Cirsium,Cirsium
Ceanothus foliosus foliosus,7219566,Ceanothus foliosus foliosus,<i>Ceanothus</i> <i>foliosus</i> var. <i>foliosus</i>,VARIETY,Rhamnaceae,2407.0,Ceanothus,3039297.0,Ceanothus foliosus,3039336.0,85,EXACT,3,3,Ceanothus foliosus foliosus,Ceanothus,Ceanothus,Ceanothus
Pinus ponderosa benthamiana,5285064,Pinus ponderosa benthamiana,<i>Pinus</i> <i>ponderosa</i> var. <i>benthamiana</i> (Hartw.) Vasey,VARIETY,Pinaceae,3925.0,Pinus,2684241.0,Pinus ponderosa,5285053.0,84,EXACT,3,3,Pinus ponderosa benthamiana,Pinus,Pinus,Pinus
Rubus illecebrosus,2995508,Rubus illecebrosus,<i>Rubus</i> <i>illecebrosus</i> Focke,SPECIES,Rosaceae,5015.0,Rubus,2988638.0,Rubus illecebrosus,2995508.0,100,EXACT,2,2,Rubus illecebrosus,Rubus,Rubus,Rubus
Amphicarpaea bracteata bracteata,6592498,Amphicarpaea bracteata bracteata,<i>Amphicarpaea</i> <i>bracteata</i> subsp. <i>bracteata</i>,SUBSPECIES,Fabaceae,5386.0,Amphicarpaea,2960157.0,Amphicarpaea bracteata,2960161.0,84,EXACT,3,3,Amphicarpaea bracteata bracteata,Amphicarpaea,Amphicarpaea,Amphicarpaea
Clinopodium talladeganum,12211980,Clinopodium talladeganum,<i>Clinopodium</i> <i>talladeganum</i> B.R.Keener & Floden,SPECIES,Lamiaceae,2497.0,Clinopodium,2926907.0,Clinopodium talladeganum,12211980.0,100,EXACT,2,2,Clinopodium talladeganum,Clinopodium,Clinopodium,Clinopodium
Acer rubrum drummondii,6449332,Acer rubrum drummondii,<i>Acer</i> <i>rubrum</i> var. <i>drummondii</i> (Hook. & Arn. ex Nutt.) Sarg.,VARIETY,Sapindaceae,6657.0,Acer,3189834.0,Acer rubrum,3189883.0,85,EXACT,3,3,Acer rubrum drummondii,Acer,Acer,Acer
Rubus hancinianus,2993414,Rubus hancinianus,<i>Rubus</i> <i>hancinianus</i> L.H.Bailey,SPECIES,Rosaceae,5015.0,Rubus,2988638.0,Rubus hancinianus,2993414.0,100,EXACT,2,2,Rubus hancinianus,Rubus,Rubus,Rubus
Vaccinium reticulatum,2882863,Vaccinium reticulatum,<i>Vaccinium</i> <i>reticulatum</i> Sm.,SPECIES,Ericaceae,2505.0,Vaccinium,2882813.0,Vaccinium reticulatum,2882863.0,100,EXACT,2,2,Vaccinium reticulatum,Vaccinium,Vaccinium,Vaccinium
Smilax ecirrhata,5295258,Smilax ecirrhata,<i>Smilax</i> <i>ecirrhata</i> (Engelm. ex Kunth) S.Watson,SPECIES,Smilacaceae,7702.0,Smilax,2740627.0,Smilax ecirrhata,5295258.0,100,EXACT,2,2,Smilax ecirrhata,Smilax,Smilax,Smilax
Allium plummerae,2857533,Allium plummerae,<i>Allium</i> <i>plummerae</i> S.Watson,SPECIES,Amaryllidaceae,7682.0,Allium,9624496.0,Allium plummerae,2857533.0,100,EXACT,2,2,Allium plummerae,Allium,Allium,Allium
Ribes niveum,2986171,Ribes niveum,<i>Ribes</i> <i>niveum</i> Lindl.,SPECIES,Grossulariaceae,2403.0,Ribes,2986095.0,Ribes niveum,2986171.0,100,EXACT,2,2,Ribes niveum,Ribes,Ribes,Ribes
Lepidium virginicum menziesii,5376651,Lepidium virginicum menziesii,<i>Lepidium</i> <i>virginicum</i> subsp. <i>menziesii</i> (DC.) Thell.,SUBSPECIES,Brassicaceae,3112.0,Lepidium,3051713.0,Lepidium virginicum,5376648.0,85,EXACT,3,3,Lepidium virginicum menziesii,Lepidium,Lepidium,Lepidium
Smilax pulverulenta,5295724,Smilax pulverulenta,<i>Smilax</i> <i>pulverulenta</i> Michx.,SPECIES,Smilacaceae,7702.0,Smilax,2740627.0,Smilax pulverulenta,5295724.0,100,EXACT,2,2,Smilax pulverulenta,Smilax,Smilax,Smilax
Ribes canthariforme,2986144,Ribes canthariforme,<i>Ribes</i> <i>canthariforme</i> Wiggins,SPECIES,Grossulariaceae,2403.0,Ribes,2986095.0,Ribes canthariforme,2986144.0,100,EXACT,2,2,Ribes canthariforme,Ribes,Ribes,Ribes
Callirhoe involucrata involucrata,8132811,Callirhoe involucrata involucrata,<i>Callirhoe</i> <i>involucrata</i> var. <i>involucrata</i>,VARIETY,Malvaceae,6685.0,Callirhoe,3152285.0,Callirhoe involucrata,5406702.0,88,EXACT,3,3,Callirhoe involucrata involucrata,Callirhoe,Callirhoe,Callirhoe
Pilea pumila pumila,7300885,Pilea pumila pumila,<i>Pilea</i> <i>pumila</i> f. <i>pumila</i>,FORM,Urticaceae,6639.0,Pilea,2984417.0,Pilea pumila,5361818.0,84,EXACT,3,3,Pilea pumila pumila,Pilea,Pilea,Pilea
Crataegus schuettei,3014267,Crataegus schuettei,<i>Crataegus</i> <i>schuettei</i> Ashe,SPECIES,Rosaceae,5015.0,Crataegus,3013395.0,Crataegus schuettei,3014267.0,100,EXACT,2,2,Crataegus schuettei,Crataegus,Crataegus,Crataegus
Rubus hirsutus,2989128,Rubus hirsutus,<i>Rubus</i> <i>hirsutus</i> Thunb.,SPECIES,Rosaceae,5015.0,Rubus,2988638.0,Rubus hirsutus,2989128.0,99,EXACT,2,2,Rubus hirsutus,Rubus,Rubus,Rubus
Viola umbraticola glaberrima,5665281,Viola umbraticola glaberrima,<i>Viola</i> <i>umbraticola</i> var. <i>glaberrima</i> W.Becker,VARIETY,Violaceae,6631.0,Viola,2874237.0,Viola umbraticola,5331292.0,88,EXACT,3,3,Viola umbraticola glaberrima,Viola,Viola,Viola
Vaccinium oxycoccos,2882940,Vaccinium oxycoccos,<i>Vaccinium</i> <i>oxycoccos</i> L.,SPECIES,Ericaceae,2505.0,Vaccinium,2882813.0,Vaccinium oxycoccos,2882940.0,100,EXACT,2,2,Vaccinium oxycoccos,Vaccinium,Vaccinium,Vaccinium
Physalis acutifolia,5341769,Physalis acutifolia,<i>Physalis</i> <i>acutifolia</i> (Miers) Sandwith,SPECIES,Solanaceae,7717.0,Physalis,2928907.0,Physalis acutifolia,5341769.0,100,EXACT,2,2,Physalis acutifolia,Physalis,Physalis,Physalis
Stellaria sitchana,6364942,Stellaria sitchana,<i>Stellaria</i> <i>sitchana</i> Steud.,SPECIES,Caryophyllaceae,2518.0,Stellaria,3085667.0,Stellaria sitchana,6364942.0,100,EXACT,2,2,Stellaria sitchana,Stellaria,Stellaria,Stellaria
Stellaria cuspidata,5384613,Stellaria cuspidata,<i>Stellaria</i> <i>cuspidata</i> Willd. ex D.F.K.Schltdl.,SPECIES,Caryophyllaceae,2518.0,Stellaria,3085667.0,Stellaria cuspidata,5384613.0,99,EXACT,2,2,Stellaria cuspidata,Stellaria,Stellaria,Stellaria
Chaerophyllum tainturieri tainturieri,6423721,Chaerophyllum tainturieri tainturieri,<i>Chaerophyllum</i> <i>tainturieri</i> var. <i>tainturieri</i>,VARIETY,Apiaceae,6720.0,Chaerophyllum,3034649.0,Chaerophyllum tainturieri,3034651.0,88,EXACT,3,3,Chaerophyllum tainturieri tainturieri,Chaerophyllum,Chaerophyllum,Chaerophyllum
Liatris punctata punctata,4273401,Liatris punctata punctata,<i>Liatris</i> <i>punctata</i> var. <i>punctata</i>,VARIETY,Asteraceae,3065.0,Liatris,3104263.0,Liatris punctata,3104349.0,85,EXACT,3,3,Liatris punctata punctata,Liatris,Liatris,Liatris
Rumex hydrolapathum,7291247,Rumex hydrolapathum,<i>Rumex</i> <i>hydrolapathum</i> (Scop.) Huds.,SPECIES,Polygonaceae,2416.0,Rumex,2888942.0,Rumex hydrolapathum,7291247.0,99,EXACT,2,2,Rumex hydrolapathum,Rumex,Rumex,Rumex
Physalis hederifolia comata,5581353,Physalis hederifolia comata,<i>Physalis</i> <i>hederifolia</i> var. <i>comata</i> (Rydb.) Waterf.,VARIETY,Solanaceae,7717.0,Physalis,2928907.0,Physalis hederifolia,5341807.0,88,EXACT,3,3,Physalis hederifolia comata,Physalis,Physalis,Physalis
Pinus sabiniana,5285255,Pinus sabiniana,<i>Pinus</i> <i>sabiniana</i> Douglas ex D.Don,SPECIES,Pinaceae,3925.0,Pinus,2684241.0,Pinus sabiniana,5285255.0,99,EXACT,2,2,Pinus sabiniana,Pinus,Pinus,Pinus
Quercus palmeri,2880352,Quercus palmeri,<i>Quercus</i> <i>palmeri</i> (Engelm.) Engelm.,SPECIES,Fagaceae,4689.0,Quercus,2877951.0,Quercus palmeri,2880352.0,100,EXACT,2,2,Quercus palmeri,Quercus,Quercus,Quercus
Rubus hawaiensis,2996680,Rubus hawaiensis,<i>Rubus</i> <i>hawaiensis</i> A.Gray,SPECIES,Rosaceae,5015.0,Rubus,2988638.0,Rubus hawaiensis,2996680.0,100,EXACT,2,2,Rubus hawaiensis,Rubus,Rubus,Rubus
Ceanothus martini,3876938,Ceanothus martini,<i>Ceanothus</i> <i>martini</i> M.E.Jones,SPECIES,Rhamnaceae,2407.0,Ceanothus,3039297.0,Ceanothus martini,3876938.0,100,EXACT,2,2,Ceanothus martini,Ceanothus,Ceanothus,Ceanothus
Perilla frutescens crispa,7905147,Perilla frutescens crispa,<i>Perilla</i> <i>frutescens</i> var. <i>crispa</i> (Thunb.) H.Deane,VARIETY,Lamiaceae,2497.0,Perilla,2926832.0,Perilla frutescens,5341394.0,85,EXACT,3,3,Perilla frutescens crispa,Perilla,Perilla,Perilla
Allium fistulosum,2856504,Allium fistulosum,<i>Allium</i> <i>fistulosum</i> L.,SPECIES,Amaryllidaceae,7682.0,Allium,9624496.0,Allium fistulosum,2856504.0,100,EXACT,2,2,Allium fistulosum,Allium,Allium,Allium
Crataegus chrysocarpa praecox,3015864,Crataegus chrysocarpa praecox,<i>Crataegus</i> <i>chrysocarpa</i> var. <i>praecox</i> (Sarg.) J.B.Phipps,VARIETY,Rosaceae,5015.0,Crataegus,3013395.0,Crataegus chrysocarpa,3015853.0,88,EXACT,3,3,Crataegus chrysocarpa praecox,Crataegus,Crataegus,Crataegus
Viola pedunculata tenuifolia,5663443,Viola pedunculata tenuifolia,<i>Viola</i> <i>pedunculata</i> subsp. <i>tenuifolia</i> Baker & Clausen,SUBSPECIES,Violaceae,6631.0,Viola,2874237.0,Viola pedunculata,5331230.0,85,EXACT,3,3,Viola pedunculata tenuifolia,Viola,Viola,Viola
Persicaria filiformis,7291643,Persicaria filiformis,<i>Persicaria</i> <i>filiformis</i> (Thunb.) Nakai,SPECIES,Polygonaceae,2416.0,Persicaria,6390748.0,Persicaria filiformis,7291643.0,100,EXACT,2,2,Persicaria filiformis,Persicaria,Persicaria,Persicaria
Quercus marilandica,2881630,Quercus marilandica,<i>Quercus</i> <i>marilandica</i> (L.) Münchh.,SPECIES,Fagaceae,4689.0,Quercus,2877951.0,Quercus marilandica,2881630.0,100,EXACT,2,2,Quercus marilandica,Quercus,Quercus,Quercus
Salicornia pacifica,5383928,Salicornia pacifica,<i>Salicornia</i> <i>pacifica</i> Standl.,SPECIES,Amaranthaceae,3064.0,Salicornia,3083796.0,Salicornia pacifica,5383928.0,100,EXACT,2,2,Salicornia pacifica,Salicornia,Salicornia,Salicornia
Viola lobata,5331345,Viola lobata,<i>Viola</i> <i>lobata</i> Benth.,SPECIES,Violaceae,6631.0,Viola,2874237.0,Viola lobata,5331345.0,100,EXACT,2,2,Viola lobata,Viola,Viola,Viola
Physalis grisea,5341797,Physalis grisea,<i>Physalis</i> <i>grisea</i> (Waterf.) M.Martínez,SPECIES,Solanaceae,7717.0,Physalis,2928907.0,Physalis grisea,5341797.0,100,EXACT,2,2,Physalis grisea,Physalis,Physalis,Physalis
Rumex spinosus,2888870,Rumex spinosus,<i>Rumex</i> <i>spinosus</i> L.,SPECIES,Polygonaceae,2416.0,Rumex,2888942.0,Rumex spinosus,2888870.0,99,EXACT,2,2,Rumex spinosus,Rumex,Rumex,Rumex
Yucca gloriosa tristis,2775683,Yucca gloriosa tristis,<i>Yucca</i> <i>gloriosa</i> var. <i>tristis</i> Carrière,VARIETY,Asparagaceae,7683.0,Yucca,2775496.0,Yucca gloriosa,2775619.0,88,EXACT,3,3,Yucca gloriosa tristis,Yucca,Yucca,Yucca
Ribes sanguineum sanguineum,7219277,Ribes sanguineum sanguineum,<i>Ribes</i> <i>sanguineum</i> var. <i>sanguineum</i>,VARIETY,Grossulariaceae,2403.0,Ribes,2986095.0,Ribes sanguineum,2986130.0,88,EXACT,3,3,Ribes sanguineum sanguineum,Ribes,Ribes,Ribes
Yucca faxoniana,2775736,Yucca faxoniana,<i>Yucca</i> <i>faxoniana</i> (Trel.) Sarg.,SPECIES,Asparagaceae,7683.0,Yucca,2775496.0,Yucca faxoniana,2775736.0,100,EXACT,2,2,Yucca faxoniana,Yucca,Yucca,Yucca
Monarda fistulosa fistulosa,7226106,Monarda fistulosa fistulosa,<i>Monarda</i> <i>fistulosa</i> var. <i>fistulosa</i>,VARIETY,Lamiaceae,2497.0,Monarda,2926838.0,Monarda fistulosa,5341411.0,85,EXACT,3,3,Monarda fistulosa fistulosa,Monarda,Monarda,Monarda
Quercus × rehderi,2880500,Quercus rehderi,<i>Quercus</i> × <i>rehderi</i> Trel.,SPECIES,Fagaceae,4689.0,Quercus,2877951.0,Quercus rehderi,2880500.0,100,EXACT,3,2,Quercus rehderi,Quercus,Quercus,Quercus
Rhus trilobata simplicifolia,3659665,Rhus trilobata simplicifolia,<i>Rhus</i> <i>trilobata</i> var. <i>simplicifolia</i> (Greene) F.A.Barkley,VARIETY,Anacardiaceae,2398.0,Rhus,3190534.0,Rhus trilobata,3190562.0,88,EXACT,3,3,Rhus trilobata simplicifolia,Rhus,Rhus,Rhus
Tradescantia cerinthoides,2765318,Tradescantia cerinthoides,<i>Tradescantia</i> <i>cerinthoides</i> Kunth,SPECIES,Commelinaceae,2763195.0,Tradescantia,2765096.0,Tradescantia cerinthoides,2765318.0,100,EXACT,2,2,Tradescantia cerinthoides,Tradescantia,Tradescantia,Tradescantia
Oxalis montana,2891760,Oxalis montana,<i>Oxalis</i> <i>montana</i> Raf.,SPECIES,Oxalidaceae,6697.0,Oxalis,2891642.0,Oxalis montana,2891760.0,100,EXACT,2,2,Oxalis montana,Oxalis,Oxalis,Oxalis
Rubus recurvans,2998629,Rubus recurvans,<i>Rubus</i> <i>recurvans</i> Blanch.,SPECIES,Rosaceae,5015.0,Rubus,2988638.0,Rubus recurvans,2998629.0,100,EXACT,2,2,Rubus recurvans,Rubus,Rubus,Rubus
Vaccinium tenellum,2882847,Vaccinium tenellum,<i>Vaccinium</i> <i>tenellum</i> Aiton,SPECIES,Ericaceae,2505.0,Vaccinium,2882813.0,Vaccinium tenellum,2882847.0,99,EXACT,2,2,Vaccinium tenellum,Vaccinium,Vaccinium,Vaccinium
Allium columbianum,2855924,Allium columbianum,"<i>Allium</i> <i>columbianum</i> (Ownbey & Mingrone) P.M.Peterson, Annable & Rieseberg",SPECIES,Amaryllidaceae,7682.0,Allium,9624496.0,Allium columbianum,2855924.0,100,EXACT,2,2,Allium columbianum,Allium,Allium,Allium
Petasites frigidus sagittatus,4238351,Petasites frigidus sagittatus,<i>Petasites</i> <i>frigidus</i> var. <i>sagittatus</i> (Banks ex Pursh) Chern.,VARIETY,Asteraceae,3065.0,Petasites,10717129.0,Petasites frigidus,3088323.0,85,EXACT,3,3,Petasites frigidus sagittatus,Petasites,Petasites,Petasites
Viola latiuscula,5331245,Viola latiuscula,<i>Viola</i> <i>latiuscula</i> Greene,SPECIES,Violaceae,6631.0,Viola,2874237.0,Viola latiuscula,5331245.0,100,EXACT,2,2,Viola latiuscula,Viola,Viola,Viola
Suaeda taxifolia,6447543,Suaeda taxifolia,<i>Suaeda</i> <i>taxifolia</i> (Standl.) Standl.,SPECIES,Amaranthaceae,3064.0,Suaeda,7677792.0,Suaeda taxifolia,6447543.0,100,EXACT,2,2,Suaeda taxifolia,Suaeda,Suaeda,Suaeda
Phytolacca americana americana,7219448,Phytolacca americana americana,<i>Phytolacca</i> <i>americana</i> var. <i>americana</i>,VARIETY,Phytolaccaceae,2516.0,Phytolacca,3084013.0,Phytolacca americana,3084015.0,88,EXACT,3,3,Phytolacca americana americana,Phytolacca,Phytolacca,Phytolacca
Trillium viridescens,2742323,Trillium viridescens,<i>Trillium</i> <i>viridescens</i> Nutt.,SPECIES,Melanthiaceae,7700.0,Trillium,2742182.0,Trillium viridescens,2742323.0,100,EXACT,2,2,Trillium viridescens,Trillium,Trillium,Trillium
Chamaenerion angustifolium circumvagum,3666480,Chamaenerion angustifolium circumvagum,<i>Chamaenerion</i> <i>angustifolium</i> subsp. <i>circumvagum</i> (Mosquin) Moldenke,SUBSPECIES,Onagraceae,2430.0,Chamaenerion,8406741.0,Chamaenerion angustifolium,6428353.0,88,EXACT,3,3,Chamaenerion angustifolium circumvagum,Chamaenerion,Chamaenerion,Chamaenerion
Yucca thompsoniana,2775783,Yucca thompsoniana,<i>Yucca</i> <i>thompsoniana</i> Trel.,SPECIES,Asparagaceae,7683.0,Yucca,2775496.0,Yucca thompsoniana,2775783.0,100,EXACT,2,2,Yucca thompsoniana,Yucca,Yucca,Yucca
Monarda stipitatoglandulosa,5605189,Monarda stipitatoglandulosa,<i>Monarda</i> <i>stipitatoglandulosa</i> Waterf.,SPECIES,Lamiaceae,2497.0,Monarda,2926838.0,Monarda fistulosa,5341411.0,100,EXACT,2,2,Monarda stipitatoglandulosa,Monarda,Monarda,Monarda
Viola flettii,5331224,Viola flettii,<i>Viola</i> <i>flettii</i> Piper,SPECIES,Violaceae,6631.0,Viola,2874237.0,Viola flettii,5331224.0,100,EXACT,2,2,Viola flettii,Viola,Viola,Viola
Allium proliferum,3697844,Allium proliferum,<i>Allium</i> × <i>proliferum</i> (Moench) Schrad. ex Willd.,SPECIES,Amaryllidaceae,7682.0,Allium,9624496.0,Allium proliferum,3697844.0,99,EXACT,2,2,Allium proliferum,Allium,Allium,Allium
Viola sororia sororia,5927922,Viola sororia sororia,<i>Viola</i> <i>sororia</i> subsp. <i>sororia</i>,SUBSPECIES,Violaceae,6631.0,Viola,2874237.0,Viola sororia,5331238.0,84,EXACT,3,3,Viola sororia sororia,Viola,Viola,Viola
Claytonia scammaniana,9219805,Claytonia scammaniana,<i>Claytonia</i> <i>scammaniana</i> Hultén,SPECIES,Montiaceae,4898338.0,Claytonia,3084729.0,Claytonia scammaniana,9219805.0,100,EXACT,2,2,Claytonia scammaniana,Claytonia,Claytonia,Claytonia
Ceanothus oliganthus oliganthus,6449224,Ceanothus oliganthus oliganthus,<i>Ceanothus</i> <i>oliganthus</i> subsp. <i>oliganthus</i>,SUBSPECIES,Rhamnaceae,2407.0,Ceanothus,3039297.0,Ceanothus oliganthus,3039398.0,88,EXACT,3,3,Ceanothus oliganthus oliganthus,Ceanothus,Ceanothus,Ceanothus
Sideroxylon lanuginosum lanuginosum,7065384,Sideroxylon lanuginosum lanuginosum,<i>Sideroxylon</i> <i>lanuginosum</i> subsp. <i>lanuginosum</i>,SUBSPECIES,Sapotaceae,8802.0,Sideroxylon,2886817.0,Sideroxylon lanuginosum,2887069.0,88,EXACT,3,3,Sideroxylon lanuginosum lanuginosum,Sideroxylon,Sideroxylon,Sideroxylon
Cirsium ciliolatum,3113022,Cirsium ciliolatum,<i>Cirsium</i> <i>ciliolatum</i> (L.F.Hend.) J.T.Howell,SPECIES,Asteraceae,3065.0,Cirsium,3112554.0,Cirsium ciliolatum,3113022.0,100,EXACT,2,2,Cirsium ciliolatum,Cirsium,Cirsium,Cirsium
Cercis canadensis canadensis,10743523,Cercis canadensis canadensis,<i>Cercis</i> <i>canadensis</i> subsp. <i>canadensis</i>,SUBSPECIES,Fabaceae,5386.0,Cercis,2955919.0,Cercis canadensis,5353583.0,85,EXACT,3,3,Cercis canadensis canadensis,Cercis,Cercis,Cercis
Yucca gigantea,2775716,Yucca gigantea,<i>Yucca</i> <i>gigantea</i> Lem.,SPECIES,Asparagaceae,7683.0,Yucca,2775496.0,Yucca gigantea,2775716.0,100,EXACT,2,2,Yucca gigantea,Yucca,Yucca,Yucca
Yucca harrimaniae,2775580,Yucca harrimaniae,<i>Yucca</i> <i>harrimaniae</i> Trel.,SPECIES,Asparagaceae,7683.0,Yucca,2775496.0,Yucca harrimaniae,2775580.0,100,EXACT,2,2,Yucca harrimaniae,Yucca,Yucca,Yucca
Oxypolis rigidior ambigua,3034756,Oxypolis rigidior ambigua,<i>Oxypolis</i> <i>rigidior</i> var. <i>ambigua</i> (Nutt.) B.L.Rob.,VARIETY,Apiaceae,6720.0,Oxypolis,3034746.0,Oxypolis rigidior,3034755.0,88,EXACT,3,3,Oxypolis rigidior ambigua,Oxypolis,Oxypolis,Oxypolis
Carya myristiciformis,8093912,Carya myristiciformis,<i>Carya</i> <i>myristiciformis</i> (F.Michx.) Nutt.,SPECIES,Juglandaceae,2499.0,Carya,3054287.0,Carya myristiciformis,8093912.0,99,EXACT,2,2,Carya myristiciformis,Carya,Carya,Carya
Claytonia perfoliata perfoliata,7095665,Claytonia perfoliata perfoliata,<i>Claytonia</i> <i>perfoliata</i> subsp. <i>perfoliata</i>,SUBSPECIES,Montiaceae,4898338.0,Claytonia,3084729.0,Claytonia perfoliata,7736011.0,85,EXACT,3,3,Claytonia perfoliata perfoliata,Claytonia,Claytonia,Claytonia
Persicaria maculosa maculosa,7291447,Persicaria maculosa maculosa,<i>Persicaria</i> <i>maculosa</i> var. <i>maculosa</i>,VARIETY,Polygonaceae,2416.0,Persicaria,6390748.0,Persicaria maculosa,6391194.0,88,EXACT,3,3,Persicaria maculosa maculosa,Persicaria,Persicaria,Persicaria
Allium runyonii,2857491,Allium runyonii,<i>Allium</i> <i>runyonii</i> Ownbey,SPECIES,Amaryllidaceae,7682.0,Allium,9624496.0,Allium runyonii,2857491.0,100,EXACT,2,2,Allium runyonii,Allium,Allium,Allium
Yucca treculiana,9163943,Yucca treculiana,<i>Yucca</i> <i>treculiana</i> Carrière,SPECIES,Asparagaceae,7683.0,Yucca,2775496.0,Yucca treculiana,9163943.0,100,EXACT,2,2,Yucca treculiana,Yucca,Yucca,Yucca
Pteridium aquilinum decompositum,8066744,Pteridium aquilinum decompositum,<i>Pteridium</i> <i>aquilinum</i> subsp. <i>decompositum</i> (Gaudich.) Lamoureux ex J.A.Thomson,SUBSPECIES,Dennstaedtiaceae,6623.0,Pteridium,5275011.0,Pteridium aquilinum,5275012.0,85,EXACT,3,3,Pteridium aquilinum decompositum,Pteridium,Pteridium,Pteridium
Lilium kelleyanum,2753048,Lilium kelleyanum,<i>Lilium</i> <i>kelleyanum</i> Lemmon,SPECIES,Liliaceae,7699.0,Lilium,2752977.0,Lilium kelleyanum,2753048.0,100,EXACT,2,2,Lilium kelleyanum,Lilium,Lilium,Lilium
Physalis cordata,5341803,Physalis cordata,<i>Physalis</i> <i>cordata</i> Mill.,SPECIES,Solanaceae,7717.0,Physalis,2928907.0,Physalis cordata,5341803.0,100,EXACT,2,2,Physalis cordata,Physalis,Physalis,Physalis
Monarda fistulosa mollis,7750598,Monarda fistulosa mollis,<i>Monarda</i> <i>fistulosa</i> var. <i>mollis</i> (L.) L.,VARIETY,Lamiaceae,2497.0,Monarda,2926838.0,Monarda fistulosa,5341411.0,85,EXACT,3,3,Monarda fistulosa mollis,Monarda,Monarda,Monarda
Malus sylvestris,3001509,Malus sylvestris,<i>Malus</i> <i>sylvestris</i> Mill.,SPECIES,Rosaceae,5015.0,Malus,3001068.0,Malus sylvestris,3001509.0,99,EXACT,2,2,Malus sylvestris,Malus,Malus,Malus
Allium allegheniense,2857541,Allium allegheniense,<i>Allium</i> <i>allegheniense</i> Small,SPECIES,Amaryllidaceae,7682.0,Allium,9624496.0,Allium cernuum,2856745.0,100,EXACT,2,2,Allium allegheniense,Allium,Allium,Allium
Rubus parvifolius parvifolius,2995270,Rubus parvifolius parvifolius,<i>Rubus</i> <i>parvifolius</i> subsp. <i>parvifolius</i>,SUBSPECIES,Rosaceae,5015.0,Rubus,2988638.0,Rubus parvifolius,2991373.0,85,EXACT,3,3,Rubus parvifolius parvifolius,Rubus,Rubus,Rubus
Allium tolmiei persimile,2857531,Allium tolmiei persimile,<i>Allium</i> <i>tolmiei</i> var. <i>persimile</i> Ownbey,VARIETY,Amaryllidaceae,7682.0,Allium,9624496.0,Allium tolmiei,2857235.0,88,EXACT,3,3,Allium tolmiei persimile,Allium,Allium,Allium
Pinus nigra nigra,7230699,Pinus nigra nigra,<i>Pinus</i> <i>nigra</i> subsp. <i>nigra</i>,SUBSPECIES,Pinaceae,3925.0,Pinus,2684241.0,Pinus nigra,5284809.0,85,EXACT,3,3,Pinus nigra nigra,Pinus,Pinus,Pinus
Plantago maritima californica,4156230,Plantago maritima californica,<i>Plantago</i> <i>maritima</i> var. <i>californica</i> (Fernald) Pilg.,VARIETY,Plantaginaceae,2420.0,Plantago,3189695.0,Plantago maritima,3189755.0,88,EXACT,3,3,Plantago maritima californica,Plantago,Plantago,Plantago
Crataegus sargentii,3014795,Crataegus sargentii,<i>Crataegus</i> <i>sargentii</i> Beadle,SPECIES,Rosaceae,5015.0,Crataegus,3013395.0,Crataegus sargentii,3014795.0,100,EXACT,2,2,Crataegus sargentii,Crataegus,Crataegus,Crataegus
Vaccinium uliginosum uliginosum,7223549,Vaccinium uliginosum uliginosum,<i>Vaccinium</i> <i>uliginosum</i> subsp. <i>uliginosum</i>,SUBSPECIES,Ericaceae,2505.0,Vaccinium,2882813.0,Vaccinium uliginosum,8073364.0,85,EXACT,3,3,Vaccinium uliginosum uliginosum,Vaccinium,Vaccinium,Vaccinium
Suaeda calceoliformis,3083542,Suaeda calceoliformis,<i>Suaeda</i> <i>calceoliformis</i> (Hook.) Moq.,SPECIES,Amaranthaceae,3064.0,Suaeda,7677792.0,Suaeda calceoliformis,3083542.0,100,EXACT,2,2,Suaeda calceoliformis,Suaeda,Suaeda,Suaeda
Mentha suaveolens,2927190,Mentha suaveolens,<i>Mentha</i> <i>suaveolens</i> Ehrh.,SPECIES,Lamiaceae,2497.0,Mentha,2927173.0,Mentha suaveolens,2927190.0,99,EXACT,2,2,Mentha suaveolens,Mentha,Mentha,Mentha
Triglochin concinna concinna,4925476,Triglochin concinna concinna,<i>Triglochin</i> <i>concinna</i> var. <i>concinna</i>,VARIETY,Juncaginaceae,7679.0,Triglochin,2777072.0,Triglochin maritima,2865368.0,88,EXACT,3,3,Triglochin concinna concinna,Triglochin,Triglochin,Triglochin
Rubus ellipticus obcordatus,2991322,Rubus ellipticus obcordatus,<i>Rubus</i> <i>ellipticus</i> var. <i>obcordatus</i> (Franch.) Focke,VARIETY,Rosaceae,5015.0,Rubus,2988638.0,Rubus ellipticus,2991314.0,85,EXACT,3,3,Rubus ellipticus obcordatus,Rubus,Rubus,Rubus
Lactuca hirsuta sanguinea,4211929,Lactuca hirsuta sanguinea,<i>Lactuca</i> <i>hirsuta</i> var. <i>sanguinea</i> (Bigelow) Fernald,VARIETY,Asteraceae,3065.0,Lactuca,3140231.0,Lactuca hirsuta,7521930.0,88,EXACT,3,3,Lactuca hirsuta sanguinea,Lactuca,Lactuca,Lactuca
Allium sanbornii sanbornii,7070088,Allium sanbornii sanbornii,<i>Allium</i> <i>sanbornii</i> var. <i>sanbornii</i>,VARIETY,Amaryllidaceae,7682.0,Allium,9624496.0,Allium sanbornii,2856940.0,85,EXACT,3,3,Allium sanbornii sanbornii,Allium,Allium,Allium
Juniperus communis communis,7230662,Juniperus communis communis,<i>Juniperus</i> <i>communis</i> var. <i>communis</i>,VARIETY,Cupressaceae,8144.0,Juniperus,2684359.0,Juniperus communis,2684709.0,85,EXACT,3,3,Juniperus communis communis,Juniperus,Juniperus,Juniperus
Persicaria puritanorum,4033275,Persicaria puritanorum,<i>Persicaria</i> <i>puritanorum</i> (Fernald) Soják,SPECIES,Polygonaceae,2416.0,Persicaria,6390748.0,Persicaria maculosa,6391194.0,100,EXACT,2,2,Persicaria puritanorum,Persicaria,Persicaria,Persicaria
Claytonia peirsonii californacis,9553866,Claytonia peirsonii californacis,<i>Claytonia</i> <i>peirsonii</i> subsp. <i>californacis</i> Stoughton,SUBSPECIES,Montiaceae,4898338.0,Claytonia,3084729.0,Claytonia peirsonii,9479365.0,88,EXACT,3,3,Claytonia peirsonii californacis,Claytonia,Claytonia,Claytonia
Rubus glaucifolius,2991817,Rubus glaucifolius,<i>Rubus</i> <i>glaucifolius</i> Kellogg,SPECIES,Rosaceae,5015.0,Rubus,2988638.0,Rubus glaucifolius,2991817.0,99,EXACT,2,2,Rubus glaucifolius,Rubus,Rubus,Rubus
Pinus brachyptera,5285073,Pinus brachyptera,<i>Pinus</i> <i>brachyptera</i> Engelm.,SPECIES,Pinaceae,3925.0,Pinus,2684241.0,Pinus ponderosa,5285053.0,100,EXACT,2,2,Pinus brachyptera,Pinus,Pinus,Pinus
Cercis canadensis mexicana,7372138,Cercis canadensis mexicana,<i>Cercis</i> <i>canadensis</i> subsp. <i>mexicana</i> (Rose) A.E.Murray,SUBSPECIES,Fabaceae,5386.0,Cercis,2955919.0,Cercis canadensis,5353583.0,85,EXACT,3,3,Cercis canadensis mexicana,Cercis,Cercis,Cercis
Muscari neglectum,2772020,Muscari neglectum,<i>Muscari</i> <i>neglectum</i> Guss. ex Ten.,SPECIES,Asparagaceae,7683.0,Muscari,2772004.0,Muscari neglectum,2772020.0,99,EXACT,2,2,Muscari neglectum,Muscari,Muscari,Muscari
Yucca campestris,2775731,Yucca campestris,<i>Yucca</i> <i>campestris</i> McKelvey,SPECIES,Asparagaceae,7683.0,Yucca,2775496.0,Yucca campestris,2775731.0,100,EXACT,2,2,Yucca campestris,Yucca,Yucca,Yucca
Ceanothus integerrimus macrothyrsus,3039387,Ceanothus integerrimus macrothyrsus,<i>Ceanothus</i> <i>integerrimus</i> var. <i>macrothyrsus</i> (Torr.) G.T.Benson,VARIETY,Rhamnaceae,2407.0,Ceanothus,3039297.0,Ceanothus integerrimus,3039382.0,88,EXACT,3,3,Ceanothus integerrimus macrothyrsus,Ceanothus,Ceanothus,Ceanothus
Oxalis stricta rufa,2891672,Oxalis stricta rufa,<i>Oxalis</i> <i>stricta</i> var. <i>rufa</i> (Small) Farw.,VARIETY,Oxalidaceae,6697.0,Oxalis,2891642.0,Oxalis stricta,9823072.0,88,EXACT,3,3,Oxalis stricta rufa,Oxalis,Oxalis,Oxalis
Crataegus wootoniana,3015467,Crataegus wootoniana,<i>Crataegus</i> <i>wootoniana</i> Eggl.,SPECIES,Rosaceae,5015.0,Crataegus,3013395.0,Crataegus wootoniana,3015467.0,100,EXACT,2,2,Crataegus wootoniana,Crataegus,Crataegus,Crataegus
Rubus × neglectus,2993166,Rubus neglectus,<i>Rubus</i> × <i>neglectus</i> Peck,SPECIES,Rosaceae,5015.0,Rubus,2988638.0,Rubus neglectus,2993166.0,99,EXACT,3,2,Rubus neglectus,Rubus,Rubus,Rubus
Crataegus padifolia,3014620,Crataegus padifolia,<i>Crataegus</i> <i>padifolia</i> Sarg.,SPECIES,Rosaceae,5015.0,Crataegus,3013395.0,Crataegus padifolia,3014620.0,100,EXACT,2,2,Crataegus padifolia,Crataegus,Crataegus,Crataegus
Engellaria obtusa,12147223,Engellaria obtusa,<i>Engellaria</i> <i>obtusa</i> (Engelm.) Iamonico,SPECIES,Caryophyllaceae,2518.0,Stellaria,3085667.0,Stellaria obtusa,5384601.0,100,EXACT,2,2,Engellaria obtusa,Engellaria,Engellaria,Engellaria
Oxalis pes-caprae,2891661,Oxalis pes-caprae,<i>Oxalis</i> <i>pes-caprae</i> L.,SPECIES,Oxalidaceae,6697.0,Oxalis,2891642.0,Oxalis pes-caprae,2891661.0,99,EXACT,2,2,Oxalis pes-caprae,Oxalis,Oxalis,Oxalis
Hylotelephium telephium telephium,6441863,Hylotelephium telephium telephium,<i>Hylotelephium</i> <i>telephium</i> subsp. <i>telephium</i>,SUBSPECIES,Crassulaceae,2406.0,Hylotelephium,2985862.0,Hylotelephium telephium,2985865.0,88,EXACT,3,3,Hylotelephium telephium telephium,Hylotelephium,Hylotelephium,Hylotelephium
Vitis californica,5372406,Vitis californica,<i>Vitis</i> <i>californica</i> Benth.,SPECIES,Vitaceae,6672.0,Vitis,7467468.0,Vitis californica,5372406.0,99,EXACT,2,2,Vitis californica,Vitis,Vitis,Vitis
Cirsium occidentale californicum,4220456,Cirsium occidentale californicum,<i>Cirsium</i> <i>occidentale</i> var. <i>californicum</i> (A.Gray) D.J.Keil & C.E.Turner,VARIETY,Asteraceae,3065.0,Cirsium,3112554.0,Cirsium occidentale,3114557.0,88,EXACT,3,3,Cirsium occidentale californicum,Cirsium,Cirsium,Cirsium
Trillium decumbens,2742407,Trillium decumbens,<i>Trillium</i> <i>decumbens</i> Harb.,SPECIES,Melanthiaceae,7700.0,Trillium,2742182.0,Trillium decumbens,2742407.0,100,EXACT,2,2,Trillium decumbens,Trillium,Trillium,Trillium
Trillium recurvatum recurvatum,7812950,Trillium recurvatum recurvatum,<i>Trillium</i> <i>recurvatum</i> f. <i>recurvatum</i>,FORM,Melanthiaceae,7700.0,Trillium,2742182.0,Trillium recurvatum,2742260.0,88,EXACT,3,3,Trillium recurvatum recurvatum,Trillium,Trillium,Trillium
Trillium chloropetalum chloropetalum,7227510,Trillium chloropetalum chloropetalum,<i>Trillium</i> <i>chloropetalum</i> var. <i>chloropetalum</i>,VARIETY,Melanthiaceae,7700.0,Trillium,2742182.0,Trillium chloropetalum,2742377.0,88,EXACT,3,3,Trillium chloropetalum chloropetalum,Trillium,Trillium,Trillium
Claytonia panamintensis,9556440,Claytonia panamintensis,<i>Claytonia</i> <i>panamintensis</i> Stoughton,SPECIES,Montiaceae,4898338.0,Claytonia,3084729.0,Claytonia panamintensis,9556440.0,100,EXACT,2,2,Claytonia panamintensis,Claytonia,Claytonia,Claytonia
Nuphar sagittifolia,3697703,Nuphar sagittifolia,<i>Nuphar</i> <i>sagittifolia</i> (Walter) Pursh,SPECIES,Nymphaeaceae,2423.0,Nuphar,2882408.0,Nuphar sagittifolia,3697703.0,100,EXACT,2,2,Nuphar sagittifolia,Nuphar,Nuphar,Nuphar
Crataegus berberifolia engelmannii,3014986,Crataegus berberifolia engelmannii,<i>Crataegus</i> <i>berberifolia</i> var. <i>engelmannii</i> (Sarg.) Eggl.,VARIETY,Rosaceae,5015.0,Crataegus,3013395.0,Crataegus berberifolia,3014985.0,88,EXACT,3,3,Crataegus berberifolia engelmannii,Crataegus,Crataegus,Crataegus
Lomatium macdougalii,3634548,Lomatium macdougalii,<i>Lomatium</i> <i>macdougalii</i> J.M.Coult. & Rose,SPECIES,Apiaceae,6720.0,Lomatium,8394726.0,Lomatium foeniculaceum,3034267.0,100,EXACT,2,2,Lomatium macdougalii,Lomatium,Lomatium,Lomatium
Viburnum bracteatum,2888598,Viburnum bracteatum,<i>Viburnum</i> <i>bracteatum</i> Rehder,SPECIES,Viburnaceae,4924416.0,Viburnum,2888580.0,Viburnum bracteatum,2888598.0,100,EXACT,2,2,Viburnum bracteatum,Viburnum,Viburnum,Viburnum
Chaerophyllum procumbens procumbens,6423733,Chaerophyllum procumbens procumbens,<i>Chaerophyllum</i> <i>procumbens</i> var. <i>procumbens</i>,VARIETY,Apiaceae,6720.0,Chaerophyllum,3034649.0,Chaerophyllum procumbens,3034652.0,88,EXACT,3,3,Chaerophyllum procumbens procumbens,Chaerophyllum,Chaerophyllum,Chaerophyllum
Malus × dawsoniana,3001305,Malus dawsoniana,<i>Malus</i> × <i>dawsoniana</i> Rehder,SPECIES,Rosaceae,5015.0,Malus,3001068.0,Malus dawsoniana,3001305.0,100,EXACT,3,2,Malus dawsoniana,Malus,Malus,Malus
Crataegus nananixonii,3014888,Crataegus nananixonii,<i>Crataegus</i> <i>nananixonii</i> J.B.Phipps & O'Kennon,SPECIES,Rosaceae,5015.0,Crataegus,3013395.0,Crataegus nananixonii,3014888.0,100,EXACT,2,2,Crataegus nananixonii,Crataegus,Crataegus,Crataegus
Allium karataviense,2856891,Allium karataviense,<i>Allium</i> <i>karataviense</i> Regel,SPECIES,Amaryllidaceae,7682.0,Allium,9624496.0,Allium karataviense,2856891.0,100,EXACT,2,2,Allium karataviense,Allium,Allium,Allium
Cirsium scariosum,3113127,Cirsium scariosum,<i>Cirsium</i> <i>scariosum</i> Nutt.,SPECIES,Asteraceae,3065.0,Cirsium,3112554.0,Cirsium scariosum,3113127.0,100,EXACT,2,2,Cirsium scariosum,Cirsium,Cirsium,Cirsium
Viburnum acerifolium,2888596,Viburnum acerifolium,<i>Viburnum</i> <i>acerifolium</i> L.,SPECIES,Viburnaceae,4924416.0,Viburnum,2888580.0,Viburnum acerifolium,2888596.0,99,EXACT,2,2,Viburnum acerifolium,Viburnum,Viburnum,Viburnum
Cirsium pumilum hillii,4219668,Cirsium pumilum hillii,<i>Cirsium</i> <i>pumilum</i> var. <i>hillii</i> (Canby) B.Boivin,VARIETY,Asteraceae,3065.0,Cirsium,3112554.0,Cirsium pumilum,3112698.0,85,EXACT,3,3,Cirsium pumilum hillii,Cirsium,Cirsium,Cirsium
Quercus × ewanii,9327213,Quercus ewanii,<i>Quercus</i> × <i>ewanii</i> I.M.Turner,SPECIES,Fagaceae,4689.0,Quercus,2877951.0,Quercus ewanii,9327213.0,100,EXACT,3,2,Quercus ewanii,Quercus,Quercus,Quercus
Quercus rugosa,8386328,Quercus rugosa,<i>Quercus</i> <i>rugosa</i> Née,SPECIES,Fagaceae,4689.0,Quercus,2877951.0,Quercus rugosa,8386328.0,99,EXACT,2,2,Quercus rugosa,Quercus,Quercus,Quercus
Monarda russeliana,5341408,Monarda russeliana,<i>Monarda</i> <i>russeliana</i> Nutt. ex Sims,SPECIES,Lamiaceae,2497.0,Monarda,2926838.0,Monarda russeliana,5341408.0,99,EXACT,2,2,Monarda russeliana,Monarda,Monarda,Monarda
Ceanothus megacarpus insularis,6371326,Ceanothus megacarpus insularis,<i>Ceanothus</i> <i>megacarpus</i> var. <i>insularis</i> (Eastw.) Munz,VARIETY,Rhamnaceae,2407.0,Ceanothus,3039297.0,Ceanothus megacarpus,3039316.0,85,EXACT,3,3,Ceanothus megacarpus insularis,Ceanothus,Ceanothus,Ceanothus
Cirsium scariosum congdonii,4219319,Cirsium scariosum congdonii,<i>Cirsium</i> <i>scariosum</i> var. <i>congdonii</i> (R.J.Moore & Frankton) D.J.Keil,VARIETY,Asteraceae,3065.0,Cirsium,3112554.0,Cirsium congdonii,4223633.0,88,EXACT,3,3,Cirsium scariosum congdonii,Cirsium,Cirsium,Cirsium
Pycnanthemum torreyi,3891042,Pycnanthemum torreyi,<i>Pycnanthemum</i> <i>torreyi</i> Benth.,SPECIES,Lamiaceae,2497.0,Pycnanthemum,2927338.0,Pycnanthemum torreyi,3891042.0,100,EXACT,2,2,Pycnanthemum torreyi,Pycnanthemum,Pycnanthemum,Pycnanthemum
Rumex albescens,2888965,Rumex albescens,<i>Rumex</i> <i>albescens</i> Hillebr.,SPECIES,Polygonaceae,2416.0,Rumex,2888942.0,Rumex albescens,2888965.0,100,EXACT,2,2,Rumex albescens,Rumex,Rumex,Rumex
Quercus × succulenta,2879049,Quercus succulenta,<i>Quercus</i> × <i>succulenta</i> Small,SPECIES,Fagaceae,4689.0,Quercus,2877951.0,Quercus succulenta,2879049.0,100,EXACT,3,2,Quercus succulenta,Quercus,Quercus,Quercus
Clinopodium nepeta nepeta,7096205,Clinopodium nepeta nepeta,<i>Clinopodium</i> <i>nepeta</i> subsp. <i>nepeta</i>,SUBSPECIES,Lamiaceae,2497.0,Clinopodium,2926907.0,Clinopodium nepeta,8916040.0,88,EXACT,3,3,Clinopodium nepeta nepeta,Clinopodium,Clinopodium,Clinopodium
Sanicula tracyi,3034837,Sanicula tracyi,<i>Sanicula</i> <i>tracyi</i> R.H.Shan & Constance,SPECIES,Apiaceae,6720.0,Sanicula,3034831.0,Sanicula tracyi,3034837.0,100,EXACT,2,2,Sanicula tracyi,Sanicula,Sanicula,Sanicula
Rubus acridens,2990899,Rubus acridens,<i>Rubus</i> <i>acridens</i> L.H.Bailey,SPECIES,Rosaceae,5015.0,Rubus,2988638.0,Rubus kennedyanus,2990896.0,100,EXACT,2,2,Rubus acridens,Rubus,Rubus,Rubus
Pinus leiophylla,5285511,Pinus leiophylla,<i>Pinus</i> <i>leiophylla</i> Schiede ex Schltdl. & Cham.,SPECIES,Pinaceae,3925.0,Pinus,2684241.0,Pinus leiophylla,5285511.0,99,EXACT,2,2,Pinus leiophylla,Pinus,Pinus,Pinus
Allium bisceptrum,2856600,Allium bisceptrum,<i>Allium</i> <i>bisceptrum</i> S.Watson,SPECIES,Amaryllidaceae,7682.0,Allium,9624496.0,Allium bisceptrum,2856600.0,100,EXACT,2,2,Allium bisceptrum,Allium,Allium,Allium
Yucca gloriosa,2775619,Yucca gloriosa,<i>Yucca</i> <i>gloriosa</i> L.,SPECIES,Asparagaceae,7683.0,Yucca,2775496.0,Yucca gloriosa,2775619.0,100,EXACT,2,2,Yucca gloriosa,Yucca,Yucca,Yucca
Robinia hispida nana,5352231,Robinia hispida nana,<i>Robinia</i> <i>hispida</i> var. <i>nana</i> (Elliott) DC.,VARIETY,Fabaceae,5386.0,Robinia,2952066.0,Robinia hispida,5352221.0,88,EXACT,3,3,Robinia hispida nana,Robinia,Robinia,Robinia
Ribes aureum gracillimum,6442202,Ribes aureum gracillimum,<i>Ribes</i> <i>aureum</i> var. <i>gracillimum</i> (Coville & Britton) Jeps.,VARIETY,Grossulariaceae,2403.0,Ribes,2986095.0,Ribes aureum,2986111.0,85,EXACT,3,3,Ribes aureum gracillimum,Ribes,Ribes,Ribes
Cirsium coloradense,6064069,Cirsium coloradense,<i>Cirsium</i> <i>coloradense</i> (Rydb.) Cockerell ex Daniels,SPECIES,Asteraceae,3065.0,Cirsium,3112554.0,Cirsium coloradense,6064069.0,99,EXACT,2,2,Cirsium coloradense,Cirsium,Cirsium,Cirsium
Ribes uva-crispa,2986185,Ribes uva-crispa,<i>Ribes</i> <i>uva-crispa</i> L.,SPECIES,Grossulariaceae,2403.0,Ribes,2986095.0,Ribes uva-crispa,2986185.0,99,EXACT,2,2,Ribes uva-crispa,Ribes,Ribes,Ribes
Yucca filamentosa filamentosa,7559707,Yucca filamentosa filamentosa,<i>Yucca</i> <i>filamentosa</i> var. <i>filamentosa</i>,VARIETY,Asparagaceae,7683.0,Yucca,2775496.0,Yucca filamentosa,2775561.0,88,EXACT,3,3,Yucca filamentosa filamentosa,Yucca,Yucca,Yucca
Crataegus lucorum,3014328,Crataegus lucorum,<i>Crataegus</i> <i>lucorum</i> Sarg.,SPECIES,Rosaceae,5015.0,Crataegus,3013395.0,Crataegus lucorum,3014328.0,100,EXACT,2,2,Crataegus lucorum,Crataegus,Crataegus,Crataegus
Ceanothus spinosus,3039307,Ceanothus spinosus,<i>Ceanothus</i> <i>spinosus</i> Nutt.,SPECIES,Rhamnaceae,2407.0,Ceanothus,3039297.0,Ceanothus spinosus,3039307.0,99,EXACT,2,2,Ceanothus spinosus,Ceanothus,Ceanothus,Ceanothus
Petasites frigidus frigidus,7222891,Petasites frigidus frigidus,<i>Petasites</i> <i>frigidus</i> var. <i>frigidus</i>,VARIETY,Asteraceae,3065.0,Petasites,10717129.0,Petasites frigidus,3088323.0,88,EXACT,3,3,Petasites frigidus frigidus,Petasites,Petasites,Petasites
Rubus macraei,2988908,Rubus macraei,<i>Rubus</i> <i>macraei</i> A.Gray,SPECIES,Rosaceae,5015.0,Rubus,2988638.0,Rubus macraei,2988908.0,100,EXACT,2,2,Rubus macraei,Rubus,Rubus,Rubus
Cirsium ochrocentrum,3112785,Cirsium ochrocentrum,<i>Cirsium</i> <i>ochrocentrum</i> A.Gray,SPECIES,Asteraceae,3065.0,Cirsium,3112554.0,Cirsium ochrocentrum,3112785.0,100,EXACT,2,2,Cirsium ochrocentrum,Cirsium,Cirsium,Cirsium
Vicia disperma,2974981,Vicia disperma,<i>Vicia</i> <i>disperma</i> DC.,SPECIES,Fabaceae,5386.0,Vicia,2974751.0,Vicia disperma,2974981.0,100,EXACT,2,2,Vicia disperma,Vicia,Vicia,Vicia
Betula papyrifera kenaica,5331914,Betula papyrifera kenaica,<i>Betula</i> <i>papyrifera</i> var. <i>kenaica</i> (W.H.Evans) A.Henry,VARIETY,Betulaceae,4688.0,Betula,2875008.0,Betula papyrifera,5332120.0,84,EXACT,3,3,Betula papyrifera kenaica,Betula,Betula,Betula
Pinus arizonica stormiae,5285097,Pinus arizonica stormiae,<i>Pinus</i> <i>arizonica</i> var. <i>stormiae</i> Martínez,VARIETY,Pinaceae,3925.0,Pinus,2684241.0,Pinus arizonica,5285094.0,85,EXACT,3,3,Pinus arizonica stormiae,Pinus,Pinus,Pinus
Tradescantia occidentalis scopulorum,2765324,Tradescantia occidentalis scopulorum,<i>Tradescantia</i> <i>occidentalis</i> var. <i>scopulorum</i> (Rose) E.S.Anderson & Woodson,VARIETY,Commelinaceae,2763195.0,Tradescantia,2765096.0,Tradescantia occidentalis,2765322.0,88,EXACT,3,3,Tradescantia occidentalis scopulorum,Tradescantia,Tradescantia,Tradescantia
Malus floribunda,3001365,Malus floribunda,<i>Malus</i> × <i>floribunda</i> Siebold ex Van Houtte,SPECIES,Rosaceae,5015.0,Malus,3001068.0,Malus floribunda,3001365.0,99,EXACT,2,2,Malus floribunda,Malus,Malus,Malus
Quercus × burnetensis,2879099,Quercus burnetensis,<i>Quercus</i> × <i>burnetensis</i> Little,SPECIES,Fagaceae,4689.0,Quercus,2877951.0,Quercus burnetensis,2879099.0,100,EXACT,3,2,Quercus burnetensis,Quercus,Quercus,Quercus
Erythronium howellii,2752902,Erythronium howellii,<i>Erythronium</i> <i>howellii</i> S.Watson,SPECIES,Liliaceae,7699.0,Erythronium,2740136.0,Erythronium howellii,2752902.0,100,EXACT,2,2,Erythronium howellii,Erythronium,Erythronium,Erythronium
Tradescantia sillamontana,2765120,Tradescantia sillamontana,<i>Tradescantia</i> <i>sillamontana</i> Matuda,SPECIES,Commelinaceae,2763195.0,Tradescantia,2765096.0,Tradescantia sillamontana,2765120.0,100,EXACT,2,2,Tradescantia sillamontana,Tradescantia,Tradescantia,Tradescantia
Tradescantia ohiensis,2765175,Tradescantia ohiensis,<i>Tradescantia</i> <i>ohiensis</i> Raf.,SPECIES,Commelinaceae,2763195.0,Tradescantia,2765096.0,Tradescantia ohiensis,2765175.0,100,EXACT,2,2,Tradescantia ohiensis,Tradescantia,Tradescantia,Tradescantia
Tradescantia spathacea,2765230,Tradescantia spathacea,<i>Tradescantia</i> <i>spathacea</i> Sw.,SPECIES,Commelinaceae,2763195.0,Tradescantia,2765096.0,Tradescantia spathacea,2765230.0,100,EXACT,2,2,Tradescantia spathacea,Tradescantia,Tradescantia,Tradescantia
Vitis arizonica,5372420,Vitis arizonica,<i>Vitis</i> <i>arizonica</i> Engelm.,SPECIES,Vitaceae,6672.0,Vitis,7467468.0,Vitis arizonica,5372420.0,100,EXACT,2,2,Vitis arizonica,Vitis,Vitis,Vitis
Pinus jeffreyi,8892957,Pinus jeffreyi,<i>Pinus</i> <i>jeffreyi</i> Balf.,SPECIES,Pinaceae,3925.0,Pinus,2684241.0,Pinus jeffreyi,8892957.0,99,EXACT,2,2,Pinus jeffreyi,Pinus,Pinus,Pinus
Oxalis pilosa,7531821,Oxalis pilosa,<i>Oxalis</i> <i>pilosa</i> Nutt. ex Torr. & A.Gray,SPECIES,Oxalidaceae,6697.0,Oxalis,2891642.0,Oxalis pilosa,7531821.0,99,EXACT,2,2,Oxalis pilosa,Oxalis,Oxalis,Oxalis
Sanicula smallii,3034865,Sanicula smallii,<i>Sanicula</i> <i>smallii</i> E.P.Bicknell,SPECIES,Apiaceae,6720.0,Sanicula,3034831.0,Sanicula smallii,3034865.0,100,EXACT,2,2,Sanicula smallii,Sanicula,Sanicula,Sanicula
Allium scilloides,2857514,Allium scilloides,<i>Allium</i> <i>scilloides</i> Douglas ex S.Watson,SPECIES,Amaryllidaceae,7682.0,Allium,9624496.0,Allium scilloides,2857514.0,99,EXACT,2,2,Allium scilloides,Allium,Allium,Allium
Ribes divaricatum pubiflorum,4194543,Ribes divaricatum pubiflorum,<i>Ribes</i> <i>divaricatum</i> var. <i>pubiflorum</i> Koehne,VARIETY,Grossulariaceae,2403.0,Ribes,2986095.0,Ribes divaricatum,2986132.0,88,EXACT,3,3,Ribes divaricatum pubiflorum,Ribes,Ribes,Ribes
Primula pauciflora pauciflora,7223627,Primula pauciflora pauciflora,<i>Primula</i> <i>pauciflora</i> var. <i>pauciflora</i>,VARIETY,Primulaceae,6674.0,Dodecatheon,7597718.0,Dodecatheon pulchellum,3169253.0,84,EXACT,3,3,Primula pauciflora pauciflora,Primula,Primula,Primula
Sorbus sitchensis grayi,3013002,Sorbus sitchensis grayi,<i>Sorbus</i> <i>sitchensis</i> subsp. <i>grayi</i> (Wenz.) Calder & R.L.Taylor,SUBSPECIES,Rosaceae,5015.0,Sorbus,3012146.0,Sorbus occidentalis,3013000.0,84,EXACT,3,3,Sorbus sitchensis grayi,Sorbus,Sorbus,Sorbus
Lactuca graminifolia graminifolia,3140577,Lactuca graminifolia,<i>Lactuca</i> <i>graminifolia</i> Michx.,SPECIES,Asteraceae,3065.0,Lactuca,3140231.0,Lactuca graminifolia,3140577.0,100,HIGHERRANK,3,2,Lactuca graminifolia,Lactuca,Lactuca,Lactuca
Erythronium elegans,2752865,Erythronium elegans,<i>Erythronium</i> <i>elegans</i> P.C.Hammond & K.L.Chambers,SPECIES,Liliaceae,7699.0,Erythronium,2740136.0,Erythronium elegans,2752865.0,100,EXACT,2,2,Erythronium elegans,Erythronium,Erythronium,Erythronium
Quercus × runcinata,2881646,Quercus runcinata,<i>Quercus</i> × <i>runcinata</i> (A.DC.) Engelm.,SPECIES,Fagaceae,4689.0,Quercus,2877951.0,Quercus runcinata,2881646.0,100,EXACT,3,2,Quercus runcinata,Quercus,Quercus,Quercus
Quercus × fernowii,2880403,Quercus fernowii,<i>Quercus</i> × <i>fernowii</i> Trel.,SPECIES,Fagaceae,4689.0,Quercus,2877951.0,Quercus fernowii,2880403.0,100,EXACT,3,2,Quercus fernowii,Quercus,Quercus,Quercus
Crataegus integriloba,3015008,Crataegus integriloba,<i>Crataegus</i> <i>integriloba</i> Sarg.,SPECIES,Rosaceae,5015.0,Crataegus,3013395.0,Crataegus succulenta,3016137.0,100,EXACT,2,2,Crataegus integriloba,Crataegus,Crataegus,Crataegus
Crataegus succulenta neofluvialis,3016139,Crataegus succulenta neofluvialis,<i>Crataegus</i> <i>succulenta</i> var. <i>neofluvialis</i> (Ashe) E.J.Palmer,VARIETY,Rosaceae,5015.0,Crataegus,3013395.0,Crataegus succulenta,3016137.0,88,EXACT,3,3,Crataegus succulenta neofluvialis,Crataegus,Crataegus,Crataegus
Vaccinium × atlanticum,2882934,Vaccinium atlanticum,<i>Vaccinium</i> × <i>atlanticum</i> E.P.Bicknell,SPECIES,Ericaceae,2505.0,Vaccinium,2882813.0,Vaccinium atlanticum,2882934.0,100,EXACT,3,2,Vaccinium atlanticum,Vaccinium,Vaccinium,Vaccinium
Pycnanthemum virginianum,2927376,Pycnanthemum virginianum,<i>Pycnanthemum</i> <i>virginianum</i> (L.) T.Durand & B.D.Jacks. ex B.L.Rob. & Fernald,SPECIES,Lamiaceae,2497.0,Pycnanthemum,2927338.0,Pycnanthemum virginianum,2927376.0,99,EXACT,2,2,Pycnanthemum virginianum,Pycnanthemum,Pycnanthemum,Pycnanthemum
Viola odorata,5331181,Viola odorata,<i>Viola</i> <i>odorata</i> L.,SPECIES,Violaceae,6631.0,Viola,2874237.0,Viola odorata,5331181.0,99,EXACT,2,2,Viola odorata,Viola,Viola,Viola
Persicaria nepalensis,4034001,Persicaria nepalensis,<i>Persicaria</i> <i>nepalensis</i> (Meisn.) H.Gross,SPECIES,Polygonaceae,2416.0,Persicaria,6390748.0,Persicaria nepalensis,4034001.0,99,EXACT,2,2,Persicaria nepalensis,Persicaria,Persicaria,Persicaria
Oxalis metcalfei,2891726,Oxalis metcalfei,<i>Oxalis</i> <i>metcalfei</i> (Small) R.Knuth,SPECIES,Oxalidaceae,6697.0,Oxalis,2891642.0,Oxalis metcalfei,2891726.0,100,EXACT,2,2,Oxalis metcalfei,Oxalis,Oxalis,Oxalis
Pinus patula,5285090,Pinus patula,<i>Pinus</i> <i>patula</i> Schiede ex Schltdl. & Cham.,SPECIES,Pinaceae,3925.0,Pinus,2684241.0,Pinus patula,5285090.0,99,EXACT,2,2,Pinus patula,Pinus,Pinus,Pinus
Viola chamissoniana robusta,5663663,Viola chamissoniana robusta,"<i>Viola</i> <i>chamissoniana</i> subsp. <i>robusta</i> (Hillebr.) W.L.Wagner, Herbst & Sohmer",SUBSPECIES,Violaceae,6631.0,Viola,2874237.0,Viola robusta,5663648.0,88,EXACT,3,3,Viola chamissoniana robusta,Viola,Viola,Viola
Viola × malteana,5331266,Viola malteana,<i>Viola</i> × <i>malteana</i> House,SPECIES,Violaceae,6631.0,Viola,2874237.0,Viola malteana,5331266.0,100,EXACT,3,2,Viola malteana,Viola,Viola,Viola
Crataegus sororia,3014402,Crataegus sororia,<i>Crataegus</i> <i>sororia</i> Beadle,SPECIES,Rosaceae,5015.0,Crataegus,3013395.0,Crataegus sororia,3014402.0,99,EXACT,2,2,Crataegus sororia,Crataegus,Crataegus,Crataegus
Quercus × palaeolithicola,2881126,Quercus palaeolithicola,<i>Quercus</i> × <i>palaeolithicola</i> Trel.,SPECIES,Fagaceae,4689.0,Quercus,2877951.0,Quercus palaeolithicola,2881126.0,100,EXACT,3,2,Quercus palaeolithicola,Quercus,Quercus,Quercus
Vaccinium vitis-idaea minus,4166651,Vaccinium vitis-idaea minus,<i>Vaccinium</i> <i>vitis-idaea</i> f. <i>minus</i> (G.Lodd.) Nakai,FORM,Ericaceae,2505.0,Vaccinium,2882813.0,Vaccinium vitis-idaea,2882835.0,84,EXACT,3,3,Vaccinium vitis-idaea minus,Vaccinium,Vaccinium,Vaccinium
Allium unifolium,2857829,Allium unifolium,<i>Allium</i> <i>unifolium</i> Kellogg,SPECIES,Amaryllidaceae,7682.0,Allium,9624496.0,Allium unifolium,2857829.0,99,EXACT,2,2,Allium unifolium,Allium,Allium,Allium
Rubus hispidus,2991369,Rubus hispidus,<i>Rubus</i> <i>hispidus</i> L.,SPECIES,Rosaceae,5015.0,Rubus,2988638.0,Rubus hispidus,2991369.0,99,EXACT,2,2,Rubus hispidus,Rubus,Rubus,Rubus
Ceanothus dentatus,3039363,Ceanothus dentatus,<i>Ceanothus</i> <i>dentatus</i> Torr. & A.Gray,SPECIES,Rhamnaceae,2407.0,Ceanothus,3039297.0,Ceanothus dentatus,3039363.0,100,EXACT,2,2,Ceanothus dentatus,Ceanothus,Ceanothus,Ceanothus
Persicaria extremiorientalis,8629566,Persicaria extremiorientalis,<i>Persicaria</i> <i>extremiorientalis</i> (Vorosch.) Tzvelev,SPECIES,Polygonaceae,2416.0,Persicaria,6390748.0,Persicaria extremiorientalis,8629566.0,100,EXACT,2,2,Persicaria extremiorientalis,Persicaria,Persicaria,Persicaria
Viola cuneata,5331277,Viola cuneata,<i>Viola</i> <i>cuneata</i> S.Watson,SPECIES,Violaceae,6631.0,Viola,2874237.0,Viola cuneata,5331277.0,100,EXACT,2,2,Viola cuneata,Viola,Viola,Viola
Quercus parvula shrevei,2878127,Quercus parvula shrevei,<i>Quercus</i> <i>parvula</i> var. <i>shrevei</i> (C.H.Mull.) Nixon,VARIETY,Fagaceae,4689.0,Quercus,2877951.0,Quercus parvula,2878124.0,88,EXACT,3,3,Quercus parvula shrevei,Quercus,Quercus,Quercus
Yucca angustissima angustissima,7228147,Yucca angustissima angustissima,<i>Yucca</i> <i>angustissima</i> var. <i>angustissima</i>,VARIETY,Asparagaceae,7683.0,Yucca,2775496.0,Yucca angustissima,2775690.0,88,EXACT,3,3,Yucca angustissima angustissima,Yucca,Yucca,Yucca
Rubus nivalis,2998283,Rubus nivalis,<i>Rubus</i> <i>nivalis</i> Douglas ex Hook.,SPECIES,Rosaceae,5015.0,Rubus,2988638.0,Rubus nivalis,2998283.0,99,EXACT,2,2,Rubus nivalis,Rubus,Rubus,Rubus
Crataegus rivularis,3015454,Crataegus rivularis,<i>Crataegus</i> <i>rivularis</i> Nutt. ex Torr. & A.Gray,SPECIES,Rosaceae,5015.0,Crataegus,3013395.0,Crataegus rivularis,3015454.0,99,EXACT,2,2,Crataegus rivularis,Crataegus,Crataegus,Crataegus
Rhus sandwicensis,3190555,Rhus sandwicensis,<i>Rhus</i> <i>sandwicensis</i> A.Gray,SPECIES,Anacardiaceae,2398.0,Rhus,3190534.0,Rhus sandwicensis,3190555.0,100,EXACT,2,2,Rhus sandwicensis,Rhus,Rhus,Rhus
Pycnanthemum nudum,2927345,Pycnanthemum nudum,<i>Pycnanthemum</i> <i>nudum</i> Nutt.,SPECIES,Lamiaceae,2497.0,Pycnanthemum,2927338.0,Pycnanthemum nudum,2927345.0,100,EXACT,2,2,Pycnanthemum nudum,Pycnanthemum,Pycnanthemum,Pycnanthemum
Rhus kearneyi kearneyi,7321606,Rhus kearneyi kearneyi,<i>Rhus</i> <i>kearneyi</i> subsp. <i>kearneyi</i>,SUBSPECIES,Anacardiaceae,2398.0,Rhus,3190534.0,Rhus kearneyi,3190549.0,88,EXACT,3,3,Rhus kearneyi kearneyi,Rhus,Rhus,Rhus
Rubus bifrons,2995779,Rubus bifrons,<i>Rubus</i> <i>bifrons</i> Vest ex Tratt.,SPECIES,Rosaceae,5015.0,Rubus,2988638.0,Rubus bifrons,2995779.0,99,EXACT,2,2,Rubus bifrons,Rubus,Rubus,Rubus
Yucca schidigera,2775710,Yucca schidigera,<i>Yucca</i> <i>schidigera</i> Roezl ex Ortgies,SPECIES,Asparagaceae,7683.0,Yucca,2775496.0,Yucca schidigera,2775710.0,99,EXACT,2,2,Yucca schidigera,Yucca,Yucca,Yucca
Amelanchier arborea,3024052,Amelanchier arborea,<i>Amelanchier</i> <i>arborea</i> (F.Michx.) Fernald,SPECIES,Rosaceae,5015.0,Amelanchier,3023817.0,Amelanchier arborea,3024052.0,100,EXACT,2,2,Amelanchier arborea,Amelanchier,Amelanchier,Amelanchier
Vicia hirsuta,2975328,Vicia hirsuta,<i>Vicia</i> <i>hirsuta</i> (L.) Gray,SPECIES,Fabaceae,5386.0,Vicia,2974751.0,Vicia hirsuta,2975328.0,99,EXACT,2,2,Vicia hirsuta,Vicia,Vicia,Vicia
Oxalis dehradunensis,3627330,Oxalis dehradunensis,<i>Oxalis</i> <i>dehradunensis</i> Raizada,SPECIES,Oxalidaceae,6697.0,Oxalis,2891642.0,Oxalis dehradunensis,3627330.0,100,EXACT,2,2,Oxalis dehradunensis,Oxalis,Oxalis,Oxalis
Primula pauciflora monantha,5641490,Primula pauciflora monantha,<i>Primula</i> <i>pauciflora</i> var. <i>monantha</i> (Greene) A.R.Mast & Reveal,VARIETY,Primulaceae,6674.0,Dodecatheon,7597718.0,Dodecatheon pulchellum,3169253.0,88,EXACT,3,3,Primula pauciflora monantha,Primula,Primula,Primula
Quercus austrina,2879818,Quercus austrina,<i>Quercus</i> <i>austrina</i> Small,SPECIES,Fagaceae,4689.0,Quercus,2877951.0,Quercus austrina,2879818.0,100,EXACT,2,2,Quercus austrina,Quercus,Quercus,Quercus
Crataegus saligna,3015658,Crataegus saligna,<i>Crataegus</i> <i>saligna</i> Greene,SPECIES,Rosaceae,5015.0,Crataegus,3013395.0,Crataegus saligna,3015658.0,100,EXACT,2,2,Crataegus saligna,Crataegus,Crataegus,Crataegus
Pinus strobus,5284982,Pinus strobus,<i>Pinus</i> <i>strobus</i> L.,SPECIES,Pinaceae,3925.0,Pinus,2684241.0,Pinus strobus,5284982.0,99,EXACT,2,2,Pinus strobus,Pinus,Pinus,Pinus
Viola beckwithii,5331169,Viola beckwithii,<i>Viola</i> <i>beckwithii</i> Torr. & A.Gray,SPECIES,Violaceae,6631.0,Viola,2874237.0,Viola beckwithii,5331169.0,99,EXACT,2,2,Viola beckwithii,Viola,Viola,Viola
Sphaeralcea coccinea coccinea,6377233,Sphaeralcea coccinea coccinea,<i>Sphaeralcea</i> <i>coccinea</i> var. <i>coccinea</i>,VARIETY,Malvaceae,6685.0,Sphaeralcea,7412190.0,Sphaeralcea coccinea,3152438.0,85,EXACT,3,3,Sphaeralcea coccinea coccinea,Sphaeralcea,Sphaeralcea,Sphaeralcea
Trillium crassifolium,2742418,Trillium crassifolium,<i>Trillium</i> <i>crassifolium</i> Piper,SPECIES,Melanthiaceae,7700.0,Trillium,2742182.0,Trillium crassifolium,2742418.0,100,EXACT,2,2,Trillium crassifolium,Trillium,Trillium,Trillium
Crataegus lassa,3014332,Crataegus lassa,<i>Crataegus</i> <i>lassa</i> Beadle,SPECIES,Rosaceae,5015.0,Crataegus,3013395.0,Crataegus lassa,3014332.0,100,EXACT,2,2,Crataegus lassa,Crataegus,Crataegus,Crataegus
Tragopogon porrifolius porrifolius,7222841,Tragopogon porrifolius porrifolius,<i>Tragopogon</i> <i>porrifolius</i> subsp. <i>porrifolius</i>,SUBSPECIES,Asteraceae,3065.0,Tragopogon,3092408.0,Tragopogon porrifolius,5386938.0,85,EXACT,3,3,Tragopogon porrifolius porrifolius,Tragopogon,Tragopogon,Tragopogon
Cirsium griseum osterhoutii,11965506,Cirsium griseum osterhoutii,<i>Cirsium</i> <i>griseum</i> var. <i>osterhoutii</i> (Rydb.) Ackerf. & D.J.Keil,VARIETY,Asteraceae,3065.0,Cirsium,3112554.0,Cirsium griseum,3112941.0,88,EXACT,3,3,Cirsium griseum osterhoutii,Cirsium,Cirsium,Cirsium
Trillium sessile,2742223,Trillium sessile,<i>Trillium</i> <i>sessile</i> L.,SPECIES,Melanthiaceae,7700.0,Trillium,2742182.0,Trillium sessile,2742223.0,100,EXACT,2,2,Trillium sessile,Trillium,Trillium,Trillium
Allium triquetrum,2856457,Allium triquetrum,<i>Allium</i> <i>triquetrum</i> L.,SPECIES,Amaryllidaceae,7682.0,Allium,9624496.0,Allium triquetrum,2856457.0,99,EXACT,2,2,Allium triquetrum,Allium,Allium,Allium
Picea glauca densata,5284753,Picea glauca densata,<i>Picea</i> <i>glauca</i> var. <i>densata</i> L.H.Bailey,VARIETY,Pinaceae,3925.0,Picea,7606064.0,Picea glauca,5284745.0,88,EXACT,3,3,Picea glauca densata,Picea,Picea,Picea
Pinus contorta murrayana,5285751,Pinus contorta murrayana,<i>Pinus</i> <i>contorta</i> var. <i>murrayana</i> (Balf.) Engelm.,VARIETY,Pinaceae,3925.0,Pinus,2684241.0,Pinus contorta,5285750.0,85,EXACT,3,3,Pinus contorta murrayana,Pinus,Pinus,Pinus
Ribes cereum,2986127,Ribes cereum,<i>Ribes</i> <i>cereum</i> Douglas,SPECIES,Grossulariaceae,2403.0,Ribes,2986095.0,Ribes cereum,2986127.0,100,EXACT,2,2,Ribes cereum,Ribes,Ribes,Ribes
Lycopus angustifolius,5341467,Lycopus angustifolius,<i>Lycopus</i> <i>angustifolius</i> Elliott,SPECIES,Lamiaceae,2497.0,Lycopus,2927122.0,Lycopus angustifolius,5341467.0,99,EXACT,2,2,Lycopus angustifolius,Lycopus,Lycopus,Lycopus
Ribes binominatum,2986218,Ribes binominatum,<i>Ribes</i> <i>binominatum</i> A.Heller,SPECIES,Grossulariaceae,2403.0,Ribes,2986095.0,Ribes binominatum,2986218.0,100,EXACT,2,2,Ribes binominatum,Ribes,Ribes,Ribes
Vitis cinerea cinerea,7222051,Vitis cinerea cinerea,<i>Vitis</i> <i>cinerea</i> var. <i>cinerea</i>,VARIETY,Vitaceae,6672.0,Vitis,7467468.0,Vitis cinerea,5372379.0,88,EXACT,3,3,Vitis cinerea cinerea,Vitis,Vitis,Vitis
Monarda punctata intermedia,5605249,Monarda punctata intermedia,<i>Monarda</i> <i>punctata</i> var. <i>intermedia</i> (E.M.McClint. & Epling) Waterf.,VARIETY,Lamiaceae,2497.0,Monarda,2926838.0,Monarda punctata,5341413.0,85,EXACT,3,3,Monarda punctata intermedia,Monarda,Monarda,Monarda
Rubus oklahomus,2990545,Rubus oklahomus,<i>Rubus</i> <i>oklahomus</i> L.H.Bailey,SPECIES,Rosaceae,5015.0,Rubus,2988638.0,Rubus oklahomus,2990545.0,100,EXACT,2,2,Rubus oklahomus,Rubus,Rubus,Rubus
Vicia lutea,2974753,Vicia lutea,<i>Vicia</i> <i>lutea</i> L.,SPECIES,Fabaceae,5386.0,Vicia,2974751.0,Vicia lutea,2974753.0,99,EXACT,2,2,Vicia lutea,Vicia,Vicia,Vicia
Allium coryi,2857489,Allium coryi,<i>Allium</i> <i>coryi</i> M.E.Jones,SPECIES,Amaryllidaceae,7682.0,Allium,9624496.0,Allium coryi,2857489.0,100,EXACT,2,2,Allium coryi,Allium,Allium,Allium
Monarda punctata lasiodonta,5605246,Monarda punctata lasiodonta,<i>Monarda</i> <i>punctata</i> var. <i>lasiodonta</i> A.Gray,VARIETY,Lamiaceae,2497.0,Monarda,2926838.0,Monarda punctata,5341413.0,88,EXACT,3,3,Monarda punctata lasiodonta,Monarda,Monarda,Monarda
Vaccinium caesariense,2882837,Vaccinium caesariense,<i>Vaccinium</i> <i>caesariense</i> Mack.,SPECIES,Ericaceae,2505.0,Vaccinium,2882813.0,Vaccinium caesariense,2882837.0,100,EXACT,2,2,Vaccinium caesariense,Vaccinium,Vaccinium,Vaccinium
Lilium washingtonianum washingtonianum,7227539,Lilium washingtonianum washingtonianum,<i>Lilium</i> <i>washingtonianum</i> subsp. <i>washingtonianum</i>,SUBSPECIES,Liliaceae,7699.0,Lilium,2752977.0,Lilium washingtonianum,2752992.0,85,EXACT,3,3,Lilium washingtonianum washingtonianum,Lilium,Lilium,Lilium
Viola rafinesquei,5331343,Viola rafinesquei,<i>Viola</i> <i>rafinesquei</i> Greene,SPECIES,Violaceae,6631.0,Viola,2874237.0,Viola rafinesquei,5331343.0,100,EXACT,2,2,Viola rafinesquei,Viola,Viola,Viola
Monarda fistulosa,5341411,Monarda fistulosa,<i>Monarda</i> <i>fistulosa</i> L.,SPECIES,Lamiaceae,2497.0,Monarda,2926838.0,Monarda fistulosa,5341411.0,99,EXACT,2,2,Monarda fistulosa,Monarda,Monarda,Monarda
Sanicula crassicaulis,3034844,Sanicula crassicaulis,<i>Sanicula</i> <i>crassicaulis</i> Poepp. ex DC.,SPECIES,Apiaceae,6720.0,Sanicula,3034831.0,Sanicula crassicaulis,3034844.0,99,EXACT,2,2,Sanicula crassicaulis,Sanicula,Sanicula,Sanicula
Oxalis incarnata,2891720,Oxalis incarnata,<i>Oxalis</i> <i>incarnata</i> L.,SPECIES,Oxalidaceae,6697.0,Oxalis,2891642.0,Oxalis incarnata,2891720.0,100,EXACT,2,2,Oxalis incarnata,Oxalis,Oxalis,Oxalis
Physalis mollis,5341817,Physalis mollis,<i>Physalis</i> <i>mollis</i> Nutt.,SPECIES,Solanaceae,7717.0,Physalis,2928907.0,Physalis mollis,5341817.0,99,EXACT,2,2,Physalis mollis,Physalis,Physalis,Physalis
Rubus pubescens pubescens,8307079,Rubus pubescens pubescens,<i>Rubus</i> <i>pubescens</i> var. <i>pubescens</i>,VARIETY,Rosaceae,5015.0,Rubus,2988638.0,Rubus pubescens,2989228.0,86,EXACT,3,3,Rubus pubescens pubescens,Rubus,Rubus,Rubus
Trillium oostingii,4196293,Trillium oostingii,<i>Trillium</i> <i>oostingii</i> Gaddy,SPECIES,Melanthiaceae,7700.0,Trillium,2742182.0,Trillium oostingii,4196293.0,100,EXACT,2,2,Trillium oostingii,Trillium,Trillium,Trillium
Crataegus irrasa,3015911,Crataegus irrasa,<i>Crataegus</i> <i>irrasa</i> Sarg.,SPECIES,Rosaceae,5015.0,Crataegus,3013395.0,Crataegus irrasa,3015911.0,100,EXACT,2,2,Crataegus irrasa,Crataegus,Crataegus,Crataegus
Hypochaeris radicata radicata,7066309,Hypochaeris radicata radicata,<i>Hypochaeris</i> <i>radicata</i> subsp. <i>radicata</i>,SUBSPECIES,Asteraceae,3065.0,Hypochaeris,3093681.0,Hypochaeris radicata,3093702.0,85,EXACT,3,3,Hypochaeris radicata radicata,Hypochaeris,Hypochaeris,Hypochaeris
Smilax auriculata,5295097,Smilax auriculata,<i>Smilax</i> <i>auriculata</i> Walter,SPECIES,Smilacaceae,7702.0,Smilax,2740627.0,Smilax auriculata,5295097.0,100,EXACT,2,2,Smilax auriculata,Smilax,Smilax,Smilax
Cirsium brevistylum,3113218,Cirsium brevistylum,<i>Cirsium</i> <i>brevistylum</i> Cronquist,SPECIES,Asteraceae,3065.0,Cirsium,3112554.0,Cirsium brevistylum,3113218.0,100,EXACT,2,2,Cirsium brevistylum,Cirsium,Cirsium,Cirsium
Viburnum ellipticum,2888599,Viburnum ellipticum,<i>Viburnum</i> <i>ellipticum</i> Hook.,SPECIES,Viburnaceae,4924416.0,Viburnum,2888580.0,Viburnum ellipticum,2888599.0,100,EXACT,2,2,Viburnum ellipticum,Viburnum,Viburnum,Viburnum
Viola wailenalenae,5331301,Viola wailenalenae,<i>Viola</i> <i>wailenalenae</i> (Rock) Skottsb.,SPECIES,Violaceae,6631.0,Viola,2874237.0,Viola wailenalenae,5331301.0,100,EXACT,2,2,Viola wailenalenae,Viola,Viola,Viola
Pinus × attenuradiata,5686819,Pinus attenuradiata,<i>Pinus</i> × <i>attenuradiata</i> Stockw. & Righter,SPECIES,Pinaceae,3925.0,Pinus,2684241.0,Pinus attenuradiata,5686819.0,100,EXACT,3,2,Pinus attenuradiata,Pinus,Pinus,Pinus
Quercus × howellii,2878235,Quercus howellii,<i>Quercus</i> × <i>howellii</i> J.M.Tucker,SPECIES,Fagaceae,4689.0,Quercus,2877951.0,Quercus howellii,2878235.0,100,EXACT,3,2,Quercus howellii,Quercus,Quercus,Quercus
Erythronium pluriflorum,2752871,Erythronium pluriflorum,"<i>Erythronium</i> <i>pluriflorum</i> Shevock, Bartel & G.A.Allen",SPECIES,Liliaceae,7699.0,Erythronium,2740136.0,Erythronium pluriflorum,2752871.0,100,EXACT,2,2,Erythronium pluriflorum,Erythronium,Erythronium,Erythronium
Persicaria lapathifolia lapathifolia,7291486,Persicaria lapathifolia lapathifolia,<i>Persicaria</i> <i>lapathifolia</i> subsp. <i>lapathifolia</i>,SUBSPECIES,Polygonaceae,2416.0,Persicaria,6390748.0,Persicaria lapathifolia,2889262.0,85,EXACT,3,3,Persicaria lapathifolia lapathifolia,Persicaria,Persicaria,Persicaria
Commelina erecta erecta,7227470,Commelina erecta erecta,<i>Commelina</i> <i>erecta</i> subsp. <i>erecta</i>,SUBSPECIES,Commelinaceae,2763195.0,Commelina,2763939.0,Commelina erecta,2764389.0,85,EXACT,3,3,Commelina erecta erecta,Commelina,Commelina,Commelina
Rubus leucodermis leucodermis,7878925,Rubus leucodermis leucodermis,<i>Rubus</i> <i>leucodermis</i> var. <i>leucodermis</i>,VARIETY,Rosaceae,5015.0,Rubus,2988638.0,Rubus leucodermis,8110785.0,88,EXACT,3,3,Rubus leucodermis leucodermis,Rubus,Rubus,Rubus
Pinus cembroides,5285172,Pinus cembroides,<i>Pinus</i> <i>cembroides</i> Zucc.,SPECIES,Pinaceae,3925.0,Pinus,2684241.0,Pinus cembroides,5285172.0,99,EXACT,2,2,Pinus cembroides,Pinus,Pinus,Pinus
Quercus kelloggii,2878586,Quercus kelloggii,<i>Quercus</i> <i>kelloggii</i> Newb.,SPECIES,Fagaceae,4689.0,Quercus,2877951.0,Quercus kelloggii,2878586.0,100,EXACT,2,2,Quercus kelloggii,Quercus,Quercus,Quercus
Camassia scilloides,2769112,Camassia scilloides,<i>Camassia</i> <i>scilloides</i> (Raf.) Cory,SPECIES,Asparagaceae,7683.0,Camassia,2769068.0,Camassia scilloides,2769112.0,100,EXACT,2,2,Camassia scilloides,Camassia,Camassia,Camassia
Neltuma glandulosa glandulosa,12373028,Neltuma glandulosa glandulosa,<i>Neltuma</i> <i>glandulosa</i> var. <i>glandulosa</i>,VARIETY,Fabaceae,5386.0,Prosopis,2970763.0,Prosopis glandulosa,5358457.0,84,EXACT,3,3,Neltuma glandulosa glandulosa,Neltuma,Neltuma,Neltuma
Trillium sulcatum,2742279,Trillium sulcatum,<i>Trillium</i> <i>sulcatum</i> T.S.Patrick,SPECIES,Melanthiaceae,7700.0,Trillium,2742182.0,Trillium sulcatum,2742279.0,100,EXACT,2,2,Trillium sulcatum,Trillium,Trillium,Trillium
Ribes hudsonianum,2986140,Ribes hudsonianum,<i>Ribes</i> <i>hudsonianum</i> Richardson,SPECIES,Grossulariaceae,2403.0,Ribes,2986095.0,Ribes hudsonianum,2986140.0,99,EXACT,2,2,Ribes hudsonianum,Ribes,Ribes,Ribes
Viola vittata,5664684,Viola vittata,<i>Viola</i> <i>vittata</i> Greene,SPECIES,Violaceae,6631.0,Viola,2874237.0,Viola vittata,5664684.0,100,EXACT,2,2,Viola vittata,Viola,Viola,Viola
Rubus stipulatus,2991256,Rubus stipulatus,<i>Rubus</i> <i>stipulatus</i> L.H.Bailey,SPECIES,Rosaceae,5015.0,Rubus,2988638.0,Rubus stipulatus,2991256.0,100,EXACT,2,2,Rubus stipulatus,Rubus,Rubus,Rubus
Rumex cristatus,2889010,Rumex cristatus,<i>Rumex</i> <i>cristatus</i> DC.,SPECIES,Polygonaceae,2416.0,Rumex,2888942.0,Rumex cristatus,2889010.0,99,EXACT,2,2,Rumex cristatus,Rumex,Rumex,Rumex
Carya ovata ovata,7148690,Carya ovata ovata,<i>Carya</i> <i>ovata</i> var. <i>ovata</i>,VARIETY,Juglandaceae,2499.0,Carya,3054287.0,Carya ovata,3054296.0,88,EXACT,3,3,Carya ovata ovata,Carya,Carya,Carya
Strobus,7306128,Strobus,<i>Strobus</i> Opiz,GENUS,Pinaceae,3925.0,Pinus,2684241.0,,,96,HIGHERRANK,1,1,Strobus,Strobus,Strobus,Strobus
Triglochin concinna debilis,2865389,Triglochin concinna debilis,<i>Triglochin</i> <i>concinna</i> var. <i>debilis</i> (M.E.Jones) J.T.Howell,VARIETY,Juncaginaceae,7679.0,Triglochin,2777072.0,Triglochin maritima,2865368.0,88,EXACT,3,3,Triglochin concinna debilis,Triglochin,Triglochin,Triglochin
Allium tuolumnense,8684445,Allium tuolumnense,<i>Allium</i> <i>tuolumnense</i> (Ownbey & Aase ex Traub) S.S.Denison & McNeal,SPECIES,Amaryllidaceae,7682.0,Allium,9624496.0,Allium tuolumnense,8684445.0,100,EXACT,2,2,Allium tuolumnense,Allium,Allium,Allium
Tragopogon porrifolius longirostris,5693149,Tragopogon porrifolius longirostris,<i>Tragopogon</i> <i>porrifolius</i> subsp. <i>longirostris</i> (Sch.Bip.) Greuter,SUBSPECIES,Asteraceae,3065.0,Tragopogon,3092408.0,Tragopogon coelesyriacus,5693363.0,88,EXACT,3,3,Tragopogon porrifolius longirostris,Tragopogon,Tragopogon,Tragopogon
Viola hederacea,7296375,Viola hederacea,<i>Viola</i> <i>hederacea</i> Labill.,SPECIES,Violaceae,6631.0,Viola,2874237.0,Viola hederacea,7296375.0,100,EXACT,2,2,Viola hederacea,Viola,Viola,Viola
Rubus deamii,2999820,Rubus deamii,<i>Rubus</i> <i>deamii</i> L.H.Bailey,SPECIES,Rosaceae,5015.0,Rubus,2988638.0,Rubus deamii,2999820.0,100,EXACT,2,2,Rubus deamii,Rubus,Rubus,Rubus
Ribes pinetorum,2986113,Ribes pinetorum,<i>Ribes</i> <i>pinetorum</i> Greene,SPECIES,Grossulariaceae,2403.0,Ribes,2986095.0,Ribes pinetorum,2986113.0,100,EXACT,2,2,Ribes pinetorum,Ribes,Ribes,Ribes
Pinus palustris,5285816,Pinus palustris,<i>Pinus</i> <i>palustris</i> Mill.,SPECIES,Pinaceae,3925.0,Pinus,2684241.0,Pinus palustris,5285816.0,100,EXACT,2,2,Pinus palustris,Pinus,Pinus,Pinus
Lycopus rubellus,5341465,Lycopus rubellus,<i>Lycopus</i> <i>rubellus</i> Moench,SPECIES,Lamiaceae,2497.0,Lycopus,2927122.0,Lycopus rubellus,5341465.0,100,EXACT,2,2,Lycopus rubellus,Lycopus,Lycopus,Lycopus
Picea pungens,5284871,Picea pungens,<i>Picea</i> <i>pungens</i> Engelm.,SPECIES,Pinaceae,3925.0,Picea,7606064.0,Picea pungens,5284871.0,100,EXACT,2,2,Picea pungens,Picea,Picea,Picea
Sanicula marilandica,3034845,Sanicula marilandica,<i>Sanicula</i> <i>marilandica</i> L.,SPECIES,Apiaceae,6720.0,Sanicula,3034831.0,Sanicula marilandica,3034845.0,99,EXACT,2,2,Sanicula marilandica,Sanicula,Sanicula,Sanicula
Viburnum wrightii,3856130,Viburnum wrightii,<i>Viburnum</i> <i>wrightii</i> Miq.,SPECIES,Viburnaceae,4924416.0,Viburnum,2888580.0,Viburnum wrightii,3856130.0,100,EXACT,2,2,Viburnum wrightii,Viburnum,Viburnum,Viburnum
Pycnanthemum muticum,2927374,Pycnanthemum muticum,<i>Pycnanthemum</i> <i>muticum</i> (Michx.) Pers.,SPECIES,Lamiaceae,2497.0,Pycnanthemum,2927338.0,Pycnanthemum muticum,2927374.0,100,EXACT,2,2,Pycnanthemum muticum,Pycnanthemum,Pycnanthemum,Pycnanthemum
Pinus thunbergii,5285799,Pinus thunbergii,<i>Pinus</i> <i>thunbergii</i> Parl.,SPECIES,Pinaceae,3925.0,Pinus,2684241.0,Pinus thunbergii,5285799.0,99,EXACT,2,2,Pinus thunbergii,Pinus,Pinus,Pinus
Caltha palustris palustris,7746216,Caltha palustris palustris,<i>Caltha</i> <i>palustris</i> var. <i>palustris</i>,VARIETY,Ranunculaceae,2410.0,Caltha,3033282.0,Caltha palustris,5371685.0,85,EXACT,3,3,Caltha palustris palustris,Caltha,Caltha,Caltha
Claytonia obovata,4023145,Claytonia obovata,<i>Claytonia</i> <i>obovata</i> Rydb.,SPECIES,Montiaceae,4898338.0,Claytonia,3084729.0,Claytonia obovata,4023145.0,100,EXACT,2,2,Claytonia obovata,Claytonia,Claytonia,Claytonia
Viola langloisii,5331221,Viola langloisii,<i>Viola</i> <i>langloisii</i> Greene,SPECIES,Violaceae,6631.0,Viola,2874237.0,Viola langloisii,5331221.0,100,EXACT,2,2,Viola langloisii,Viola,Viola,Viola
Cichorium intybus intybus,7223369,Cichorium intybus intybus,<i>Cichorium</i> <i>intybus</i> subsp. <i>intybus</i>,SUBSPECIES,Asteraceae,3065.0,Cichorium,3106707.0,Cichorium intybus,5392252.0,85,EXACT,3,3,Cichorium intybus intybus,Cichorium,Cichorium,Cichorium
Quercus × hastingsii,2879563,Quercus hastingsii,<i>Quercus</i> × <i>hastingsii</i> Sarg.,SPECIES,Fagaceae,4689.0,Quercus,2877951.0,Quercus hastingsii,2879563.0,100,EXACT,3,2,Quercus hastingsii,Quercus,Quercus,Quercus
Rubus roribaccus,2998655,Rubus roribaccus,<i>Rubus</i> <i>roribaccus</i> (L.H.Bailey) Rydb.,SPECIES,Rosaceae,5015.0,Rubus,2988638.0,Rubus roribaccus,2998655.0,100,EXACT,2,2,Rubus roribaccus,Rubus,Rubus,Rubus
Ribes oxyacanthoides oxyacanthoides,7095862,Ribes oxyacanthoides oxyacanthoides,<i>Ribes</i> <i>oxyacanthoides</i> subsp. <i>oxyacanthoides</i>,SUBSPECIES,Grossulariaceae,2403.0,Ribes,2986095.0,Ribes oxyacanthoides,2986124.0,88,EXACT,3,3,Ribes oxyacanthoides oxyacanthoides,Ribes,Ribes,Ribes
Ribes nevadense jaegeri,4194716,Ribes nevadense jaegeri,<i>Ribes</i> <i>nevadense</i> var. <i>jaegeri</i> Berger,VARIETY,Grossulariaceae,2403.0,Ribes,2986095.0,Ribes nevadense,2986211.0,88,EXACT,3,3,Ribes nevadense jaegeri,Ribes,Ribes,Ribes
Pinus longaeva,5285258,Pinus longaeva,<i>Pinus</i> <i>longaeva</i> D.K.Bailey,SPECIES,Pinaceae,3925.0,Pinus,2684241.0,Pinus longaeva,5285258.0,100,EXACT,2,2,Pinus longaeva,Pinus,Pinus,Pinus
Claytonia caroliniana,3084760,Claytonia caroliniana,<i>Claytonia</i> <i>caroliniana</i> Michx.,SPECIES,Montiaceae,4898338.0,Claytonia,3084729.0,Claytonia caroliniana,3084760.0,100,EXACT,2,2,Claytonia caroliniana,Claytonia,Claytonia,Claytonia
Crataegus mollis,3015562,Crataegus mollis,<i>Crataegus</i> <i>mollis</i> (Torr. & A.Gray) Scheele,SPECIES,Rosaceae,5015.0,Crataegus,3013395.0,Crataegus mollis,3015562.0,99,EXACT,2,2,Crataegus mollis,Crataegus,Crataegus,Crataegus
Persicaria punctata,6390957,Persicaria punctata,<i>Persicaria</i> <i>punctata</i> (Elliott) Small,SPECIES,Polygonaceae,2416.0,Persicaria,6390748.0,Persicaria punctata,6390957.0,100,EXACT,2,2,Persicaria punctata,Persicaria,Persicaria,Persicaria
Viburnum scabrellum,6369682,Viburnum scabrellum,<i>Viburnum</i> <i>scabrellum</i> (Torr. & A.Gray) Chapm.,SPECIES,Viburnaceae,4924416.0,Viburnum,2888580.0,Viburnum scabrellum,6369682.0,100,EXACT,2,2,Viburnum scabrellum,Viburnum,Viburnum,Viburnum
Viola × wittrockiana,5331389,Viola wittrockiana,<i>Viola</i> × <i>wittrockiana</i> Gams,SPECIES,Violaceae,6631.0,Viola,2874237.0,Viola wittrockiana,5331389.0,99,EXACT,3,2,Viola wittrockiana,Viola,Viola,Viola
Allium parishii,2856919,Allium parishii,<i>Allium</i> <i>parishii</i> S.Watson,SPECIES,Amaryllidaceae,7682.0,Allium,9624496.0,Allium parishii,2856919.0,100,EXACT,2,2,Allium parishii,Allium,Allium,Allium
Typha laxmannii,5289503,Typha laxmannii,<i>Typha</i> <i>laxmannii</i> Lepech.,SPECIES,Typhaceae,4246.0,Typha,2702102.0,Typha laxmannii,5289503.0,100,EXACT,2,2,Typha laxmannii,Typha,Typha,Typha
Quercus boyntonii,2881643,Quercus boyntonii,<i>Quercus</i> <i>boyntonii</i> Beadle,SPECIES,Fagaceae,4689.0,Quercus,2877951.0,Quercus boyntonii,2881643.0,100,EXACT,2,2,Quercus boyntonii,Quercus,Quercus,Quercus
Allium canadense hyacinthoides,3697904,Allium canadense hyacinthoides,<i>Allium</i> <i>canadense</i> var. <i>hyacinthoides</i> (Bush) Ownbey,VARIETY,Amaryllidaceae,7682.0,Allium,9624496.0,Allium canadense,2855611.0,85,EXACT,3,3,Allium canadense hyacinthoides,Allium,Allium,Allium
Camassia leichtlinii leichtlinii,7070006,Camassia leichtlinii leichtlinii,<i>Camassia</i> <i>leichtlinii</i> subsp. <i>leichtlinii</i>,SUBSPECIES,Asparagaceae,7683.0,Camassia,2769068.0,Camassia leichtlinii,2769069.0,88,EXACT,3,3,Camassia leichtlinii leichtlinii,Camassia,Camassia,Camassia
Nuphar ozarkana,3697264,Nuphar ozarkana,<i>Nuphar</i> <i>ozarkana</i> (G.S.Mill. & Standl.) Standl.,SPECIES,Nymphaeaceae,2423.0,Nuphar,2882408.0,Nuphar advena,6434985.0,100,EXACT,2,2,Nuphar ozarkana,Nuphar,Nuphar,Nuphar
Stellaria calycantha,5384608,Stellaria calycantha,<i>Stellaria</i> <i>calycantha</i> (Ledeb.) Bong.,SPECIES,Caryophyllaceae,2518.0,Stellaria,3085667.0,Stellaria calycantha,5384608.0,100,EXACT,2,2,Stellaria calycantha,Stellaria,Stellaria,Stellaria
Liatris punctata mexicana,4243120,Liatris punctata mexicana,<i>Liatris</i> <i>punctata</i> var. <i>mexicana</i> Gaiser,VARIETY,Asteraceae,3065.0,Liatris,3104263.0,Liatris punctata,3104349.0,88,EXACT,3,3,Liatris punctata mexicana,Liatris,Liatris,Liatris
Cirsium kamtschaticum,3113059,Cirsium kamtschaticum,<i>Cirsium</i> <i>kamtschaticum</i> Ledeb. ex DC.,SPECIES,Asteraceae,3065.0,Cirsium,3112554.0,Cirsium kamtschaticum,3113059.0,99,EXACT,2,2,Cirsium kamtschaticum,Cirsium,Cirsium,Cirsium
Rubus allegheniensis,8235931,Rubus allegheniensis,<i>Rubus</i> <i>allegheniensis</i> Porter,SPECIES,Rosaceae,5015.0,Rubus,2988638.0,Rubus allegheniensis,8235931.0,100,EXACT,2,2,Rubus allegheniensis,Rubus,Rubus,Rubus
Yucca rostrata,2775576,Yucca rostrata,<i>Yucca</i> <i>rostrata</i> Engelm. ex Trel.,SPECIES,Asparagaceae,7683.0,Yucca,2775496.0,Yucca rostrata,2775576.0,99,EXACT,2,2,Yucca rostrata,Yucca,Yucca,Yucca
Trillium catesbaei,2742183,Trillium catesbaei,<i>Trillium</i> <i>catesbaei</i> Elliott,SPECIES,Melanthiaceae,7700.0,Trillium,2742182.0,Trillium catesbaei,2742183.0,100,EXACT,2,2,Trillium catesbaei,Trillium,Trillium,Trillium
Quercus oblongifolia,8390742,Quercus oblongifolia,<i>Quercus</i> <i>oblongifolia</i> Torr.,SPECIES,Fagaceae,4689.0,Quercus,2877951.0,Quercus oblongifolia,8390742.0,99,EXACT,2,2,Quercus oblongifolia,Quercus,Quercus,Quercus
Tradescantia fluminensis,2765156,Tradescantia fluminensis,<i>Tradescantia</i> <i>fluminensis</i> Vell.,SPECIES,Commelinaceae,2763195.0,Tradescantia,2765096.0,Tradescantia fluminensis,2765156.0,99,EXACT,2,2,Tradescantia fluminensis,Tradescantia,Tradescantia,Tradescantia
Allium obtusum obtusum,7070115,Allium obtusum obtusum,<i>Allium</i> <i>obtusum</i> var. <i>obtusum</i>,VARIETY,Amaryllidaceae,7682.0,Allium,9624496.0,Allium obtusum,2857338.0,88,EXACT,3,3,Allium obtusum obtusum,Allium,Allium,Allium
Allium tribracteatum,2857234,Allium tribracteatum,<i>Allium</i> <i>tribracteatum</i> Torr.,SPECIES,Amaryllidaceae,7682.0,Allium,9624496.0,Allium tribracteatum,2857234.0,100,EXACT,2,2,Allium tribracteatum,Allium,Allium,Allium
Quercus × kinseliae,2878211,Quercus kinseliae,<i>Quercus</i> × <i>kinseliae</i> (C.H.Mull.) Nixon & C.H.Müll.,SPECIES,Fagaceae,4689.0,Quercus,2877951.0,Quercus kinseliae,2878211.0,100,EXACT,3,2,Quercus kinseliae,Quercus,Quercus,Quercus
Lonicera japonica chinensis,5334241,Lonicera japonica chinensis,<i>Lonicera</i> <i>japonica</i> var. <i>chinensis</i> (P.Watson) Baker,VARIETY,Caprifoliaceae,6710.0,Lonicera,2888645.0,Lonicera japonica,5334240.0,84,EXACT,3,3,Lonicera japonica chinensis,Lonicera,Lonicera,Lonicera
Rubus semisetosus,2996067,Rubus semisetosus,<i>Rubus</i> <i>semisetosus</i> Blanch.,SPECIES,Rosaceae,5015.0,Rubus,2988638.0,Rubus semisetosus,2996067.0,100,EXACT,2,2,Rubus semisetosus,Rubus,Rubus,Rubus
Ribes malvaceum viridifolium,4194633,Ribes malvaceum viridifolium,<i>Ribes</i> <i>malvaceum</i> var. <i>viridifolium</i> Abrams,VARIETY,Grossulariaceae,2403.0,Ribes,2986095.0,Ribes malvaceum,2986101.0,88,EXACT,3,3,Ribes malvaceum viridifolium,Ribes,Ribes,Ribes
Crataegus succulenta,3016137,Crataegus succulenta,<i>Crataegus</i> <i>succulenta</i> Schrad. ex Link,SPECIES,Rosaceae,5015.0,Crataegus,3013395.0,Crataegus succulenta,3016137.0,99,EXACT,2,2,Crataegus succulenta,Crataegus,Crataegus,Crataegus
Crataegus lacrimata,3016116,Crataegus lacrimata,<i>Crataegus</i> <i>lacrimata</i> Small,SPECIES,Rosaceae,5015.0,Crataegus,3013395.0,Crataegus lacrimata,3016116.0,100,EXACT,2,2,Crataegus lacrimata,Crataegus,Crataegus,Crataegus
Lapsana communis communis,7223198,Lapsana communis communis,<i>Lapsana</i> <i>communis</i> subsp. <i>communis</i>,SUBSPECIES,Asteraceae,3065.0,Lapsana,3134850.0,Lapsana communis,3134857.0,85,EXACT,3,3,Lapsana communis communis,Lapsana,Lapsana,Lapsana
Crataegus mollis mollis,7219965,Crataegus mollis mollis,<i>Crataegus</i> <i>mollis</i> var. <i>mollis</i>,VARIETY,Rosaceae,5015.0,Crataegus,3013395.0,Crataegus mollis,3015562.0,85,EXACT,3,3,Crataegus mollis mollis,Crataegus,Crataegus,Crataegus
Asarum canadense acuminatum,2873953,Asarum canadense acuminatum,<i>Asarum</i> <i>canadense</i> var. <i>acuminatum</i> Ashe,VARIETY,Aristolochiaceae,3066.0,Asarum,2873945.0,Asarum canadense,2873947.0,88,EXACT,3,3,Asarum canadense acuminatum,Asarum,Asarum,Asarum
Crataegus laevigata,8252683,Crataegus laevigata,<i>Crataegus</i> <i>laevigata</i> (Poir.) DC.,SPECIES,Rosaceae,5015.0,Crataegus,3013395.0,Crataegus laevigata,8252683.0,100,EXACT,2,2,Crataegus laevigata,Crataegus,Crataegus,Crataegus
Cylindropuntia imbricata argentea,3952723,Cylindropuntia imbricata argentea,<i>Cylindropuntia</i> <i>imbricata</i> subsp. <i>argentea</i> (M.S.Anthony) U.Guzmán,SUBSPECIES,Cactaceae,2519.0,Cylindropuntia,7628502.0,Cylindropuntia imbricata,6381277.0,85,EXACT,3,3,Cylindropuntia imbricata argentea,Cylindropuntia,Cylindropuntia,Cylindropuntia
Clinopodium ashei,2926951,Clinopodium ashei,<i>Clinopodium</i> <i>ashei</i> (Weath.) Small,SPECIES,Lamiaceae,2497.0,Clinopodium,2926907.0,Clinopodium ashei,2926951.0,100,EXACT,2,2,Clinopodium ashei,Clinopodium,Clinopodium,Clinopodium
Oxalis decaphylla,2891652,Oxalis decaphylla,<i>Oxalis</i> <i>decaphylla</i> Kunth,SPECIES,Oxalidaceae,6697.0,Oxalis,2891642.0,Oxalis decaphylla,2891652.0,100,EXACT,2,2,Oxalis decaphylla,Oxalis,Oxalis,Oxalis
Viburnum dilatatum,2888584,Viburnum dilatatum,<i>Viburnum</i> <i>dilatatum</i> Thunb.,SPECIES,Viburnaceae,4924416.0,Viburnum,2888580.0,Viburnum dilatatum,2888584.0,100,EXACT,2,2,Viburnum dilatatum,Viburnum,Viburnum,Viburnum
Quercus margaretiae,2878237,Quercus margaretiae,<i>Quercus</i> <i>margaretiae</i> (Ashe) Small,SPECIES,Fagaceae,4689.0,Quercus,2877951.0,Quercus margaretiae,2878237.0,100,EXACT,2,2,Quercus margaretiae,Quercus,Quercus,Quercus
Quercus chapmanii,2879533,Quercus chapmanii,<i>Quercus</i> <i>chapmanii</i> Sarg.,SPECIES,Fagaceae,4689.0,Quercus,2877951.0,Quercus chapmanii,2879533.0,100,EXACT,2,2,Quercus chapmanii,Quercus,Quercus,Quercus
Oxalis dichondrifolia,2891749,Oxalis dichondrifolia,<i>Oxalis</i> <i>dichondrifolia</i> A.Gray,SPECIES,Oxalidaceae,6697.0,Oxalis,2891642.0,Oxalis dichondrifolia,2891749.0,100,EXACT,2,2,Oxalis dichondrifolia,Oxalis,Oxalis,Oxalis
Erythronium propullans,2752832,Erythronium propullans,<i>Erythronium</i> <i>propullans</i> A.Gray,SPECIES,Liliaceae,7699.0,Erythronium,2740136.0,Erythronium propullans,2752832.0,100,EXACT,2,2,Erythronium propullans,Erythronium,Erythronium,Erythronium
Allium sphaerocephalon,2857616,Allium sphaerocephalon,<i>Allium</i> <i>sphaerocephalon</i> L.,SPECIES,Amaryllidaceae,7682.0,Allium,9624496.0,Allium sphaerocephalon,2857616.0,100,EXACT,2,2,Allium sphaerocephalon,Allium,Allium,Allium
Quercus × macdonaldii,2879378,Quercus macdonaldii,<i>Quercus</i> × <i>macdonaldii</i> Greene & Kellogg,SPECIES,Fagaceae,4689.0,Quercus,2877951.0,Quercus macdonaldii,2879378.0,100,EXACT,3,2,Quercus macdonaldii,Quercus,Quercus,Quercus
Yucca sterilis,3723270,Yucca sterilis,<i>Yucca</i> <i>sterilis</i> (Neese & S.L.Welsh) S.L.Welsh & L.C.Higgins,SPECIES,Asparagaceae,7683.0,Yucca,2775496.0,Yucca sterilis,3723270.0,100,EXACT,2,2,Yucca sterilis,Yucca,Yucca,Yucca
Viola edulis,5663964,Viola edulis,<i>Viola</i> <i>edulis</i> Spach,SPECIES,Violaceae,6631.0,Viola,2874237.0,Viola edulis,5663964.0,100,EXACT,2,2,Viola edulis,Viola,Viola,Viola
Viburnum awabuki,3855498,Viburnum awabuki,<i>Viburnum</i> <i>awabuki</i> K.Koch,SPECIES,Viburnaceae,4924416.0,Viburnum,2888580.0,Viburnum odoratissimum,2888626.0,100,EXACT,2,2,Viburnum awabuki,Viburnum,Viburnum,Viburnum
Lathyrus venosus venosus,7275101,Lathyrus venosus venosus,<i>Lathyrus</i> <i>venosus</i> var. <i>venosus</i>,VARIETY,Fabaceae,5386.0,Lathyrus,10356062.0,Lathyrus venosus,5356511.0,85,EXACT,3,3,Lathyrus venosus venosus,Lathyrus,Lathyrus,Lathyrus
Yucca rupicola,2775732,Yucca rupicola,<i>Yucca</i> <i>rupicola</i> Scheele,SPECIES,Asparagaceae,7683.0,Yucca,2775496.0,Yucca rupicola,2775732.0,99,EXACT,2,2,Yucca rupicola,Yucca,Yucca,Yucca
Claytonia exigua,3084730,Claytonia exigua,<i>Claytonia</i> <i>exigua</i> Douglas ex Torr. & A.Gray,SPECIES,Montiaceae,4898338.0,Claytonia,3084729.0,Claytonia exigua,3084730.0,99,EXACT,2,2,Claytonia exigua,Claytonia,Claytonia,Claytonia
Oxalis grandis,2891655,Oxalis grandis,<i>Oxalis</i> <i>grandis</i> Small,SPECIES,Oxalidaceae,6697.0,Oxalis,2891642.0,Oxalis grandis,2891655.0,100,EXACT,2,2,Oxalis grandis,Oxalis,Oxalis,Oxalis
Clinopodium carolinianum,3887869,Clinopodium carolinianum,<i>Clinopodium</i> <i>carolinianum</i> Mill.,SPECIES,Lamiaceae,2497.0,Clinopodium,2926907.0,Clinopodium carolinianum,3887869.0,99,EXACT,2,2,Clinopodium carolinianum,Clinopodium,Clinopodium,Clinopodium
Physalis pumila hispida,8340556,Physalis pumila hispida,<i>Physalis</i> <i>pumila</i> var. <i>hispida</i> (Waterf.) J.R.Sullivan,VARIETY,Solanaceae,7717.0,Physalis,2928907.0,Physalis pumila,5341810.0,85,EXACT,3,3,Physalis pumila hispida,Physalis,Physalis,Physalis
Ceanothus ophiochilus,3039362,Ceanothus ophiochilus,"<i>Ceanothus</i> <i>ophiochilus</i> S.Boyd, T.S.Ross & Arnseth",SPECIES,Rhamnaceae,2407.0,Ceanothus,3039297.0,Ceanothus ophiochilus,3039362.0,100,EXACT,2,2,Ceanothus ophiochilus,Ceanothus,Ceanothus,Ceanothus
Allium lacunosum lacunosum,7070121,Allium lacunosum lacunosum,<i>Allium</i> <i>lacunosum</i> var. <i>lacunosum</i>,VARIETY,Amaryllidaceae,7682.0,Allium,9624496.0,Allium lacunosum,2857752.0,88,EXACT,3,3,Allium lacunosum lacunosum,Allium,Allium,Allium
Cirsium pumilum pumilum,7222542,Cirsium pumilum pumilum,<i>Cirsium</i> <i>pumilum</i> var. <i>pumilum</i>,VARIETY,Asteraceae,3065.0,Cirsium,3112554.0,Cirsium pumilum,3112698.0,85,EXACT,3,3,Cirsium pumilum pumilum,Cirsium,Cirsium,Cirsium
Quercus durata,2879923,Quercus durata,<i>Quercus</i> <i>durata</i> Jeps.,SPECIES,Fagaceae,4689.0,Quercus,2877951.0,Quercus durata,2879923.0,100,EXACT,2,2,Quercus durata,Quercus,Quercus,Quercus
Sanicula crassicaulis nudicaulis,11732225,Sanicula crassicaulis nudicaulis,<i>Sanicula</i> <i>crassicaulis</i> var. <i>nudicaulis</i> (Hook. & Arn.) Kenny & James A.West,VARIETY,Apiaceae,6720.0,Sanicula,3034831.0,Sanicula crassicaulis,3034844.0,88,EXACT,3,3,Sanicula crassicaulis nudicaulis,Sanicula,Sanicula,Sanicula
Viola maviensis,5331329,Viola maviensis,<i>Viola</i> <i>maviensis</i> H.Mann,SPECIES,Violaceae,6631.0,Viola,2874237.0,Viola maviensis,5331329.0,100,EXACT,2,2,Viola maviensis,Viola,Viola,Viola
Sonchus arvensis arvensis,7222599,Sonchus arvensis arvensis,<i>Sonchus</i> <i>arvensis</i> subsp. <i>arvensis</i>,SUBSPECIES,Asteraceae,3065.0,Sonchus,3105646.0,Sonchus arvensis,3105813.0,85,EXACT,3,3,Sonchus arvensis arvensis,Sonchus,Sonchus,Sonchus
Quercus macrocarpa macrocarpa,7226629,Quercus macrocarpa macrocarpa,<i>Quercus</i> <i>macrocarpa</i> var. <i>macrocarpa</i>,VARIETY,Fagaceae,4689.0,Quercus,2877951.0,Quercus macrocarpa,2878213.0,88,EXACT,3,3,Quercus macrocarpa macrocarpa,Quercus,Quercus,Quercus
Pinus radiata radiata,7230692,Pinus radiata radiata,<i>Pinus</i> <i>radiata</i> var. <i>radiata</i>,VARIETY,Pinaceae,3925.0,Pinus,2684241.0,Pinus radiata,5285727.0,88,EXACT,3,3,Pinus radiata radiata,Pinus,Pinus,Pinus
Allium oreophilum,2856614,Allium oreophilum,<i>Allium</i> <i>oreophilum</i> C.A.Mey.,SPECIES,Amaryllidaceae,7682.0,Allium,9624496.0,Allium oreophilum,2856614.0,100,EXACT,2,2,Allium oreophilum,Allium,Allium,Allium
Quercus × riparia,2879544,Quercus riparia,<i>Quercus</i> × <i>riparia</i> Laughlin,SPECIES,Fagaceae,4689.0,Quercus,2877951.0,Quercus riparia,2879544.0,100,EXACT,3,2,Quercus riparia,Quercus,Quercus,Quercus
Picea abies,5284884,Picea abies,<i>Picea</i> <i>abies</i> (L.) H.Karst.,SPECIES,Pinaceae,3925.0,Picea,7606064.0,Picea abies,5284884.0,99,EXACT,2,2,Picea abies,Picea,Picea,Picea
Viburnum rhytidophyllum,2888625,Viburnum rhytidophyllum,<i>Viburnum</i> <i>rhytidophyllum</i> Hemsl. ex Forbes & Hemsl.,SPECIES,Viburnaceae,4924416.0,Viburnum,2888580.0,Viburnum rhytidophyllum,2888625.0,99,EXACT,2,2,Viburnum rhytidophyllum,Viburnum,Viburnum,Viburnum
Viburnum opulus americanum,3857319,Viburnum opulus americanum,<i>Viburnum</i> <i>opulus</i> subsp. <i>americanum</i> (Aiton) Piper & Beattie,SUBSPECIES,Viburnaceae,4924416.0,Viburnum,2888580.0,Viburnum trilobum,3857198.0,84,EXACT,3,3,Viburnum opulus americanum,Viburnum,Viburnum,Viburnum
Pycnanthemum flexuosum,2927351,Pycnanthemum flexuosum,"<i>Pycnanthemum</i> <i>flexuosum</i> (Walter) Britton, Sterns & Poggenb.",SPECIES,Lamiaceae,2497.0,Pycnanthemum,2927338.0,Pycnanthemum flexuosum,2927351.0,100,EXACT,2,2,Pycnanthemum flexuosum,Pycnanthemum,Pycnanthemum,Pycnanthemum
Trillium reliquum,2742390,Trillium reliquum,<i>Trillium</i> <i>reliquum</i> J.D.Freeman,SPECIES,Melanthiaceae,7700.0,Trillium,2742182.0,Trillium reliquum,2742390.0,100,EXACT,2,2,Trillium reliquum,Trillium,Trillium,Trillium
Sambucus racemosa melanocarpa,10084009,Sambucus racemosa melanocarpa,<i>Sambucus</i> <i>racemosa</i> var. <i>melanocarpa</i> (A.Gray) Mc Minn,VARIETY,Viburnaceae,4924416.0,Sambucus,2888721.0,Sambucus racemosa,2888723.0,85,EXACT,3,3,Sambucus racemosa melanocarpa,Sambucus,Sambucus,Sambucus
Pinus balfouriana austrina,5285709,Pinus balfouriana austrina,<i>Pinus</i> <i>balfouriana</i> subsp. <i>austrina</i> Bruijn & J.Mastrog.,SUBSPECIES,Pinaceae,3925.0,Pinus,2684241.0,Pinus balfouriana,5285708.0,84,EXACT,3,3,Pinus balfouriana austrina,Pinus,Pinus,Pinus
Rubus × loganobaccus,2990630,Rubus loganobaccus,<i>Rubus</i> × <i>loganobaccus</i> L.H.Bailey,SPECIES,Rosaceae,5015.0,Rubus,2988638.0,Rubus loganobaccus,2990630.0,100,EXACT,3,2,Rubus loganobaccus,Rubus,Rubus,Rubus
Crataegus scabrida,3014505,Crataegus scabrida,<i>Crataegus</i> <i>scabrida</i> Sarg.,SPECIES,Rosaceae,5015.0,Crataegus,3013395.0,Crataegus scabrida,3014505.0,100,EXACT,2,2,Crataegus scabrida,Crataegus,Crataegus,Crataegus
Vicia nigricans,2946881,Vicia nigricans,<i>Vicia</i> <i>nigricans</i> Hook. & Arn.,SPECIES,Fabaceae,5386.0,Vicia,2974751.0,Vicia nigricans,2946881.0,99,EXACT,2,2,Vicia nigricans,Vicia,Vicia,Vicia
Monarda citriodora,5341423,Monarda citriodora,<i>Monarda</i> <i>citriodora</i> Cerv. ex Lag.,SPECIES,Lamiaceae,2497.0,Monarda,2926838.0,Monarda citriodora,5341423.0,99,EXACT,2,2,Monarda citriodora,Monarda,Monarda,Monarda
Pinus coulteri,5285113,Pinus coulteri,<i>Pinus</i> <i>coulteri</i> D.Don,SPECIES,Pinaceae,3925.0,Pinus,2684241.0,Pinus coulteri,5285113.0,100,EXACT,2,2,Pinus coulteri,Pinus,Pinus,Pinus
Viola labradorica,5331200,Viola labradorica,<i>Viola</i> <i>labradorica</i> Schrank,SPECIES,Violaceae,6631.0,Viola,2874237.0,Viola labradorica,5331200.0,100,EXACT,2,2,Viola labradorica,Viola,Viola,Viola
Picea glauca,5284745,Picea glauca,<i>Picea</i> <i>glauca</i> (Moench) Voss,SPECIES,Pinaceae,3925.0,Picea,7606064.0,Picea glauca,5284745.0,99,EXACT,2,2,Picea glauca,Picea,Picea,Picea
Cirsium remotifolium,3113736,Cirsium remotifolium,<i>Cirsium</i> <i>remotifolium</i> (Hook.) DC.,SPECIES,Asteraceae,3065.0,Cirsium,3112554.0,Cirsium remotifolium,3113736.0,99,EXACT,2,2,Cirsium remotifolium,Cirsium,Cirsium,Cirsium
Juniperus virginiana silicicola,2684401,Juniperus virginiana silicicola,<i>Juniperus</i> <i>virginiana</i> var. <i>silicicola</i> (Small) E.Murray,VARIETY,Cupressaceae,8144.0,Juniperus,2684359.0,Juniperus virginiana,2684391.0,85,EXACT,3,3,Juniperus virginiana silicicola,Juniperus,Juniperus,Juniperus
Asarum canadense canadense,7313640,Asarum canadense canadense,<i>Asarum</i> <i>canadense</i> f. <i>canadense</i>,FORM,Aristolochiaceae,3066.0,Asarum,2873945.0,Asarum canadense,2873947.0,84,EXACT,3,3,Asarum canadense canadense,Asarum,Asarum,Asarum
Primula clevelandii insularis,5641751,Primula clevelandii insularis,<i>Primula</i> <i>clevelandii</i> var. <i>insularis</i> (H.J.Thomps.) A.R.Mast & Reveal,VARIETY,Primulaceae,6674.0,Dodecatheon,7597718.0,Dodecatheon clevelandii,3169271.0,88,EXACT,3,3,Primula clevelandii insularis,Primula,Primula,Primula
Allium aaseae,2856316,Allium aaseae,<i>Allium</i> <i>aaseae</i> Ownbey,SPECIES,Amaryllidaceae,7682.0,Allium,9624496.0,Allium aaseae,2856316.0,100,EXACT,2,2,Allium aaseae,Allium,Allium,Allium
Lapsana communis intermedia,4933861,Lapsana communis intermedia,<i>Lapsana</i> <i>communis</i> subsp. <i>intermedia</i> (M.Bieb.) Hayek,SUBSPECIES,Asteraceae,3065.0,Lapsana,3134850.0,Lapsana communis,3134857.0,88,EXACT,3,3,Lapsana communis intermedia,Lapsana,Lapsana,Lapsana
Fragaria chiloensis sandwicensis,3030045,Fragaria chiloensis sandwicensis,<i>Fragaria</i> <i>chiloensis</i> subsp. <i>sandwicensis</i> (O.Deg. & I.Deg.) Staudt,SUBSPECIES,Rosaceae,5015.0,Fragaria,3029779.0,Fragaria chiloensis,7738624.0,85,EXACT,3,3,Fragaria chiloensis sandwicensis,Fragaria,Fragaria,Fragaria
Vitis champinii,5372393,Vitis champinii,<i>Vitis</i> × <i>champinii</i> Planch.,SPECIES,Vitaceae,6672.0,Vitis,7467468.0,Vitis champinii,5372393.0,100,EXACT,2,2,Vitis champinii,Vitis,Vitis,Vitis
Rubus spectabilis,2993761,Rubus spectabilis,<i>Rubus</i> <i>spectabilis</i> Pursh,SPECIES,Rosaceae,5015.0,Rubus,2988638.0,Rubus spectabilis,2993761.0,99,EXACT,2,2,Rubus spectabilis,Rubus,Rubus,Rubus
Pteridium aquilinum latiusculum,7667554,Pteridium aquilinum latiusculum,<i>Pteridium</i> <i>aquilinum</i> subsp. <i>latiusculum</i> (Desv.) Hultén,SUBSPECIES,Dennstaedtiaceae,6623.0,Pteridium,5275011.0,Pteridium aquilinum,5275012.0,85,EXACT,3,3,Pteridium aquilinum latiusculum,Pteridium,Pteridium,Pteridium
Rhus integrifolia,7160609,Rhus integrifolia,<i>Rhus</i> <i>integrifolia</i> (Nutt.) Benth. & Hook.fil. ex Brewer & S.Watson,SPECIES,Anacardiaceae,2398.0,Rhus,3190534.0,Rhus integrifolia,7160609.0,99,EXACT,2,2,Rhus integrifolia,Rhus,Rhus,Rhus
Claytonia parviflora,3084736,Claytonia parviflora,<i>Claytonia</i> <i>parviflora</i> Douglas ex Hook.,SPECIES,Montiaceae,4898338.0,Claytonia,3084729.0,Claytonia parviflora,3084736.0,99,EXACT,2,2,Claytonia parviflora,Claytonia,Claytonia,Claytonia
Monarda pectinata,5341397,Monarda pectinata,<i>Monarda</i> <i>pectinata</i> Nutt.,SPECIES,Lamiaceae,2497.0,Monarda,2926838.0,Monarda pectinata,5341397.0,100,EXACT,2,2,Monarda pectinata,Monarda,Monarda,Monarda
Viburnum alabamense,7674899,Viburnum alabamense,<i>Viburnum</i> <i>alabamense</i> (Mc Atee) Sorrie,SPECIES,Viburnaceae,4924416.0,Viburnum,2888580.0,Viburnum alabamense,7674899.0,100,EXACT,2,2,Viburnum alabamense,Viburnum,Viburnum,Viburnum
Trapa natans bispinosa,4204450,Trapa natans bispinosa,<i>Trapa</i> <i>natans</i> var. <i>bispinosa</i> (Roxb.) Makino,VARIETY,Lythraceae,6684.0,Trapa,3188756.0,Trapa natans,3188757.0,85,EXACT,3,3,Trapa natans bispinosa,Trapa,Trapa,Trapa
Cirsium fontinale fontinale,7066663,Cirsium fontinale fontinale,<i>Cirsium</i> <i>fontinale</i> var. <i>fontinale</i>,VARIETY,Asteraceae,3065.0,Cirsium,3112554.0,Cirsium fontinale,3112638.0,88,EXACT,3,3,Cirsium fontinale fontinale,Cirsium,Cirsium,Cirsium
Viburnum × burkwoodii,3857337,Viburnum burkwoodii,<i>Viburnum</i> × <i>burkwoodii</i> Burkwood & Skipwith,SPECIES,Viburnaceae,4924416.0,Viburnum,2888580.0,Viburnum burkwoodii,3857337.0,100,EXACT,3,2,Viburnum burkwoodii,Viburnum,Viburnum,Viburnum
Crataegus triflora,3014336,Crataegus triflora,<i>Crataegus</i> <i>triflora</i> Chapm.,SPECIES,Rosaceae,5015.0,Crataegus,3013395.0,Crataegus triflora,3014336.0,100,EXACT,2,2,Crataegus triflora,Crataegus,Crataegus,Crataegus
Physalis pumila pumila,8340440,Physalis pumila pumila,<i>Physalis</i> <i>pumila</i> var. <i>pumila</i>,VARIETY,Solanaceae,7717.0,Physalis,2928907.0,Physalis pumila,5341810.0,85,EXACT,3,3,Physalis pumila pumila,Physalis,Physalis,Physalis
Viola pluviae,10698305,Viola pluviae,"<i>Viola</i> <i>pluviae</i> Marcussen, H.E.Ballard & Blaxland",SPECIES,Violaceae,6631.0,Viola,2874237.0,Viola pluviae,10698305.0,100,EXACT,2,2,Viola pluviae,Viola,Viola,Viola
Erythronium oregonum,2752808,Erythronium oregonum,<i>Erythronium</i> <i>oregonum</i> Applegate,SPECIES,Liliaceae,7699.0,Erythronium,2740136.0,Erythronium oregonum,2752808.0,100,EXACT,2,2,Erythronium oregonum,Erythronium,Erythronium,Erythronium
Trillium foetidissimum,2742191,Trillium foetidissimum,<i>Trillium</i> <i>foetidissimum</i> J.D.Freeman,SPECIES,Melanthiaceae,7700.0,Trillium,2742182.0,Trillium foetidissimum,2742191.0,100,EXACT,2,2,Trillium foetidissimum,Trillium,Trillium,Trillium
Viola cucullata,5331189,Viola cucullata,<i>Viola</i> <i>cucullata</i> Aiton,SPECIES,Violaceae,6631.0,Viola,2874237.0,Viola cucullata,5331189.0,99,EXACT,2,2,Viola cucullata,Viola,Viola,Viola
Quercus garryana breweri,2879263,Quercus garryana breweri,<i>Quercus</i> <i>garryana</i> subsp. <i>breweri</i> (Engelm.) A.E.Murray,SUBSPECIES,Fagaceae,4689.0,Quercus,2877951.0,Quercus garryana,2879260.0,84,EXACT,3,3,Quercus garryana breweri,Quercus,Quercus,Quercus
Camassia quamash maxima,2769104,Camassia quamash maxima,<i>Camassia</i> <i>quamash</i> subsp. <i>maxima</i> Gould,SUBSPECIES,Asparagaceae,7683.0,Camassia,2769068.0,Camassia quamash,2769084.0,85,EXACT,3,3,Camassia quamash maxima,Camassia,Camassia,Camassia
Persicaria minor,6391150,Persicaria minor,<i>Persicaria</i> <i>minor</i> (Huds.) Opiz,SPECIES,Polygonaceae,2416.0,Persicaria,6390748.0,Persicaria minor,6391150.0,99,EXACT,2,2,Persicaria minor,Persicaria,Persicaria,Persicaria
Rumex transitorius,6391385,Rumex transitorius,<i>Rumex</i> <i>transitorius</i> Rech.fil.,SPECIES,Polygonaceae,2416.0,Rumex,2888942.0,Rumex transitorius,6391385.0,100,EXACT,2,2,Rumex transitorius,Rumex,Rumex,Rumex
Allium shevockii,2856257,Allium shevockii,<i>Allium</i> <i>shevockii</i> McNeal,SPECIES,Amaryllidaceae,7682.0,Allium,9624496.0,Allium shevockii,2856257.0,100,EXACT,2,2,Allium shevockii,Allium,Allium,Allium
Rhus kearneyi,3190549,Rhus kearneyi,<i>Rhus</i> <i>kearneyi</i> F.A.Barkley,SPECIES,Anacardiaceae,2398.0,Rhus,3190534.0,Rhus kearneyi,3190549.0,100,EXACT,2,2,Rhus kearneyi,Rhus,Rhus,Rhus
Rubus trivialis,2992760,Rubus trivialis,<i>Rubus</i> <i>trivialis</i> Michx.,SPECIES,Rosaceae,5015.0,Rubus,2988638.0,Rubus trivialis,2992760.0,99,EXACT,2,2,Rubus trivialis,Rubus,Rubus,Rubus
Quercus wislizeni,2878384,Quercus wislizeni,<i>Quercus</i> <i>wislizeni</i> A.DC.,SPECIES,Fagaceae,4689.0,Quercus,2877951.0,Quercus wislizeni,2878384.0,100,EXACT,2,2,Quercus wislizeni,Quercus,Quercus,Quercus
Ceanothus parryi,3039327,Ceanothus parryi,<i>Ceanothus</i> <i>parryi</i> Trel.,SPECIES,Rhamnaceae,2407.0,Ceanothus,3039297.0,Ceanothus parryi,3039327.0,100,EXACT,2,2,Ceanothus parryi,Ceanothus,Ceanothus,Ceanothus
Pinus sylvestris,5285637,Pinus sylvestris,<i>Pinus</i> <i>sylvestris</i> L.,SPECIES,Pinaceae,3925.0,Pinus,2684241.0,Pinus sylvestris,5285637.0,99,EXACT,2,2,Pinus sylvestris,Pinus,Pinus,Pinus
Trillium lancifolium,2742233,Trillium lancifolium,<i>Trillium</i> <i>lancifolium</i> Raf.,SPECIES,Melanthiaceae,7700.0,Trillium,2742182.0,Trillium lancifolium,2742233.0,100,EXACT,2,2,Trillium lancifolium,Trillium,Trillium,Trillium
Quercus ilex,2879098,Quercus ilex,<i>Quercus</i> <i>ilex</i> L.,SPECIES,Fagaceae,4689.0,Quercus,2877951.0,Quercus ilex,2879098.0,99,EXACT,2,2,Quercus ilex,Quercus,Quercus,Quercus
Crataegus calpodendron,3013866,Crataegus calpodendron,<i>Crataegus</i> <i>calpodendron</i> (Ehrh.) Medik.,SPECIES,Rosaceae,5015.0,Crataegus,3013395.0,Crataegus calpodendron,3013866.0,99,EXACT,2,2,Crataegus calpodendron,Crataegus,Crataegus,Crataegus
Crataegus pulcherrima,3016019,Crataegus pulcherrima,<i>Crataegus</i> <i>pulcherrima</i> Ashe,SPECIES,Rosaceae,5015.0,Crataegus,3013395.0,Crataegus pulcherrima,3016019.0,100,EXACT,2,2,Crataegus pulcherrima,Crataegus,Crataegus,Crataegus
Amelanchier bartramiana,3024074,Amelanchier bartramiana,<i>Amelanchier</i> <i>bartramiana</i> (Tausch) M.Roem.,SPECIES,Rosaceae,5015.0,Amelanchier,3023817.0,Amelanchier bartramiana,3024074.0,100,EXACT,2,2,Amelanchier bartramiana,Amelanchier,Amelanchier,Amelanchier
Monarda punctata arkansana,5605268,Monarda punctata arkansana,<i>Monarda</i> <i>punctata</i> var. <i>arkansana</i> (E.M.McClint. & Epling) Shinners,VARIETY,Lamiaceae,2497.0,Monarda,2926838.0,Monarda punctata,5341413.0,85,EXACT,3,3,Monarda punctata arkansana,Monarda,Monarda,Monarda
Silphium terebinthinaceum luciae-brauniae,4274359,Silphium terebinthinaceum luciae-brauniae,<i>Silphium</i> <i>terebinthinaceum</i> var. <i>luciae-brauniae</i> Steyerm.,VARIETY,Asteraceae,3065.0,Silphium,3092563.0,Silphium terebinthinaceum,7475866.0,88,EXACT,3,3,Silphium terebinthinaceum luciae-brauniae,Silphium,Silphium,Silphium
Crataegus jonesiae,4272199,Crataegus jonesiae,<i>Crataegus</i> <i>jonesiae</i> Sarg.,SPECIES,Rosaceae,5015.0,Crataegus,3013395.0,Crataegus jonesiae,4272199.0,100,EXACT,2,2,Crataegus jonesiae,Crataegus,Crataegus,Crataegus
Viburnum dentatum,2888594,Viburnum dentatum,<i>Viburnum</i> <i>dentatum</i> L.,SPECIES,Viburnaceae,4924416.0,Viburnum,2888580.0,Viburnum dentatum,2888594.0,99,EXACT,2,2,Viburnum dentatum,Viburnum,Viburnum,Viburnum
Pinus monophylla,5285501,Pinus monophylla,<i>Pinus</i> <i>monophylla</i> Torr. & Frém.,SPECIES,Pinaceae,3925.0,Pinus,2684241.0,Pinus monophylla,5285501.0,99,EXACT,2,2,Pinus monophylla,Pinus,Pinus,Pinus
Claytonia lanceolata,3084746,Claytonia lanceolata,<i>Claytonia</i> <i>lanceolata</i> Pursh,SPECIES,Montiaceae,4898338.0,Claytonia,3084729.0,Claytonia lanceolata,3084746.0,99,EXACT,2,2,Claytonia lanceolata,Claytonia,Claytonia,Claytonia
Amelanchier canadensis,3023833,Amelanchier canadensis,<i>Amelanchier</i> <i>canadensis</i> (L.) Medik.,SPECIES,Rosaceae,5015.0,Amelanchier,3023817.0,Amelanchier canadensis,3023833.0,99,EXACT,2,2,Amelanchier canadensis,Amelanchier,Amelanchier,Amelanchier
Claytonia sarmentosa,3084753,Claytonia sarmentosa,<i>Claytonia</i> <i>sarmentosa</i> C.A.Mey.,SPECIES,Montiaceae,4898338.0,Claytonia,3084729.0,Claytonia sarmentosa,3084753.0,99,EXACT,2,2,Claytonia sarmentosa,Claytonia,Claytonia,Claytonia
Ceanothus integerrimus integerrimus,7273997,Ceanothus integerrimus integerrimus,<i>Ceanothus</i> <i>integerrimus</i> var. <i>integerrimus</i>,VARIETY,Rhamnaceae,2407.0,Ceanothus,3039297.0,Ceanothus integerrimus,3039382.0,88,EXACT,3,3,Ceanothus integerrimus integerrimus,Ceanothus,Ceanothus,Ceanothus
Viola pedata pedata,7133226,Viola pedata pedata,<i>Viola</i> <i>pedata</i> var. <i>pedata</i>,VARIETY,Violaceae,6631.0,Viola,2874237.0,Viola pedata,5331278.0,85,EXACT,3,3,Viola pedata pedata,Viola,Viola,Viola
Viburnum farreri,6369599,Viburnum farreri,<i>Viburnum</i> <i>farreri</i> Stearn,SPECIES,Viburnaceae,4924416.0,Viburnum,2888580.0,Viburnum farreri,6369599.0,100,EXACT,2,2,Viburnum farreri,Viburnum,Viburnum,Viburnum
Vitis vinifera,5372392,Vitis vinifera,<i>Vitis</i> <i>vinifera</i> L.,SPECIES,Vitaceae,6672.0,Vitis,7467468.0,Vitis vinifera,5372392.0,99,EXACT,2,2,Vitis vinifera,Vitis,Vitis,Vitis
Tradescantia occidentalis occidentalis,2765326,Tradescantia occidentalis occidentalis,<i>Tradescantia</i> <i>occidentalis</i> var. <i>occidentalis</i>,VARIETY,Commelinaceae,2763195.0,Tradescantia,2765096.0,Tradescantia occidentalis,2765322.0,88,EXACT,3,3,Tradescantia occidentalis occidentalis,Tradescantia,Tradescantia,Tradescantia
Rumex orthoneurus,2888949,Rumex orthoneurus,<i>Rumex</i> <i>orthoneurus</i> Rech.fil.,SPECIES,Polygonaceae,2416.0,Rumex,2888942.0,Rumex orthoneurus,2888949.0,100,EXACT,2,2,Rumex orthoneurus,Rumex,Rumex,Rumex
Physalis pubescens integrifolia,5581130,Physalis pubescens integrifolia,<i>Physalis</i> <i>pubescens</i> var. <i>integrifolia</i> (Dunal) Waterf.,VARIETY,Solanaceae,7717.0,Physalis,2928907.0,Physalis pubescens,5341819.0,88,EXACT,3,3,Physalis pubescens integrifolia,Physalis,Physalis,Physalis
Osmorhiza longistylis longistylis,7565377,Osmorhiza longistylis longistylis,<i>Osmorhiza</i> <i>longistylis</i> var. <i>longistylis</i>,VARIETY,Apiaceae,6720.0,Osmorhiza,3034140.0,Osmorhiza longistylis,3034155.0,88,EXACT,3,3,Osmorhiza longistylis longistylis,Osmorhiza,Osmorhiza,Osmorhiza
Allium bolanderi bolanderi,7070107,Allium bolanderi bolanderi,<i>Allium</i> <i>bolanderi</i> var. <i>bolanderi</i>,VARIETY,Amaryllidaceae,7682.0,Allium,9624496.0,Allium bolanderi,2856194.0,88,EXACT,3,3,Allium bolanderi bolanderi,Allium,Allium,Allium
Pilea pumila deamii,5671071,Pilea pumila deamii,<i>Pilea</i> <i>pumila</i> var. <i>deamii</i> (Lunell) Fernald,VARIETY,Urticaceae,6639.0,Pilea,2984417.0,Pilea pumila,5361818.0,85,EXACT,3,3,Pilea pumila deamii,Pilea,Pilea,Pilea
Astragalus crassicarpus paysonii,5343643,Astragalus crassicarpus paysonii,<i>Astragalus</i> <i>crassicarpus</i> var. <i>paysonii</i> (E.H.Kelso) Barneby,VARIETY,Fabaceae,5386.0,Astragalus,2933951.0,Astragalus crassicarpus,5343637.0,88,EXACT,3,3,Astragalus crassicarpus paysonii,Astragalus,Astragalus,Astragalus
Trillium albidum,2742259,Trillium albidum,<i>Trillium</i> <i>albidum</i> J.D.Freeman,SPECIES,Melanthiaceae,7700.0,Trillium,2742182.0,Trillium albidum,2742259.0,100,EXACT,2,2,Trillium albidum,Trillium,Trillium,Trillium
Physalis angulata,5341792,Physalis angulata,<i>Physalis</i> <i>angulata</i> L.,SPECIES,Solanaceae,7717.0,Physalis,2928907.0,Physalis angulata,5341792.0,99,EXACT,2,2,Physalis angulata,Physalis,Physalis,Physalis
Lilium grayi,2753369,Lilium grayi,<i>Lilium</i> <i>grayi</i> S.Watson,SPECIES,Liliaceae,7699.0,Lilium,2752977.0,Lilium grayi,2753369.0,100,EXACT,2,2,Lilium grayi,Lilium,Lilium,Lilium
Allium fimbriatum,2856831,Allium fimbriatum,<i>Allium</i> <i>fimbriatum</i> S.Watson,SPECIES,Amaryllidaceae,7682.0,Allium,9624496.0,Allium fimbriatum,2856831.0,99,EXACT,2,2,Allium fimbriatum,Allium,Allium,Allium
Acer negundo negundo,6359254,Acer negundo negundo,<i>Acer</i> <i>negundo</i> subsp. <i>negundo</i>,SUBSPECIES,Sapindaceae,6657.0,Acer,3189834.0,Acer negundo,3189866.0,85,EXACT,3,3,Acer negundo negundo,Acer,Acer,Acer
Monarda citriodora citriodora,7226104,Monarda citriodora citriodora,<i>Monarda</i> <i>citriodora</i> var. <i>citriodora</i>,VARIETY,Lamiaceae,2497.0,Monarda,2926838.0,Monarda citriodora,5341423.0,85,EXACT,3,3,Monarda citriodora citriodora,Monarda,Monarda,Monarda
Allium siculum,2856204,Allium siculum,<i>Allium</i> <i>siculum</i> Ucria,SPECIES,Amaryllidaceae,7682.0,Allium,9624496.0,Allium siculum,2856204.0,100,EXACT,2,2,Allium siculum,Allium,Allium,Allium
Crataegus iracunda,3013529,Crataegus iracunda,<i>Crataegus</i> <i>iracunda</i> Beadle,SPECIES,Rosaceae,5015.0,Crataegus,3013395.0,Crataegus iracunda,3013529.0,100,EXACT,2,2,Crataegus iracunda,Crataegus,Crataegus,Crataegus
Pinus muricata,5285595,Pinus muricata,<i>Pinus</i> <i>muricata</i> D.Don,SPECIES,Pinaceae,3925.0,Pinus,2684241.0,Pinus muricata,5285595.0,99,EXACT,2,2,Pinus muricata,Pinus,Pinus,Pinus
Monarda bradburiana,5341418,Monarda bradburiana,<i>Monarda</i> <i>bradburiana</i> Beck,SPECIES,Lamiaceae,2497.0,Monarda,2926838.0,Monarda bradburiana,5341418.0,100,EXACT,2,2,Monarda bradburiana,Monarda,Monarda,Monarda
Trillium angustipetalum,2742317,Trillium angustipetalum,<i>Trillium</i> <i>angustipetalum</i> (Torr.) J.D.Freeman,SPECIES,Melanthiaceae,7700.0,Trillium,2742182.0,Trillium angustipetalum,2742317.0,100,EXACT,2,2,Trillium angustipetalum,Trillium,Trillium,Trillium
Quercus × eplingii,2880752,Quercus eplingii,<i>Quercus</i> × <i>eplingii</i> C.H.Mull.,SPECIES,Fagaceae,4689.0,Quercus,2877951.0,Quercus eplingii,2880752.0,100,EXACT,3,2,Quercus eplingii,Quercus,Quercus,Quercus
Ambrosia trifida trifida,10557076,Ambrosia trifida trifida,<i>Ambrosia</i> <i>trifida</i> var. <i>trifida</i>,VARIETY,Asteraceae,3065.0,Ambrosia,3110576.0,Ambrosia trifida,3110588.0,85,EXACT,3,3,Ambrosia trifida trifida,Ambrosia,Ambrosia,Ambrosia
Ribes roezlii cruentum,4272246,Ribes roezlii cruentum,<i>Ribes</i> <i>roezlii</i> var. <i>cruentum</i> (Greene) Rehder,VARIETY,Grossulariaceae,2403.0,Ribes,2986095.0,Ribes cruentum,2986096.0,88,EXACT,3,3,Ribes roezlii cruentum,Ribes,Ribes,Ribes
Monarda austroappalachiana,9394845,Monarda austroappalachiana,<i>Monarda</i> <i>austroappalachiana</i> Floden,SPECIES,Lamiaceae,2497.0,Monarda,2926838.0,Monarda austroappalachiana,9394845.0,100,EXACT,2,2,Monarda austroappalachiana,Monarda,Monarda,Monarda
Silphium terebinthinaceum terebinthinaceum,7223121,Silphium terebinthinaceum terebinthinaceum,<i>Silphium</i> <i>terebinthinaceum</i> var. <i>terebinthinaceum</i>,VARIETY,Asteraceae,3065.0,Silphium,3092563.0,Silphium terebinthinaceum,7475866.0,88,EXACT,3,3,Silphium terebinthinaceum terebinthinaceum,Silphium,Silphium,Silphium
Quercus ajoensis,2878465,Quercus ajoensis,<i>Quercus</i> <i>ajoensis</i> C.H.Mull.,SPECIES,Fagaceae,4689.0,Quercus,2877951.0,Quercus ajoensis,2878465.0,100,EXACT,2,2,Quercus ajoensis,Quercus,Quercus,Quercus
Cirsium neomexicanum utahense,4220636,Cirsium neomexicanum utahense,<i>Cirsium</i> <i>neomexicanum</i> var. <i>utahense</i> (Petr.) S.L.Welsh,VARIETY,Asteraceae,3065.0,Cirsium,3112554.0,Cirsium neomexicanum,3113512.0,88,EXACT,3,3,Cirsium neomexicanum utahense,Cirsium,Cirsium,Cirsium
Stellaria longipes longipes,7219323,Stellaria longipes longipes,<i>Stellaria</i> <i>longipes</i> subsp. <i>longipes</i>,SUBSPECIES,Caryophyllaceae,2518.0,Stellaria,3085667.0,Stellaria longipes,5384620.0,85,EXACT,3,3,Stellaria longipes longipes,Stellaria,Stellaria,Stellaria
Claytonia arctica,3084770,Claytonia arctica,<i>Claytonia</i> <i>arctica</i> Adam,SPECIES,Montiaceae,4898338.0,Claytonia,3084729.0,Claytonia arctica,3084770.0,100,EXACT,2,2,Claytonia arctica,Claytonia,Claytonia,Claytonia
Amelanchier utahensis,3023964,Amelanchier utahensis,<i>Amelanchier</i> <i>utahensis</i> Koehne,SPECIES,Rosaceae,5015.0,Amelanchier,3023817.0,Amelanchier utahensis,3023964.0,100,EXACT,2,2,Amelanchier utahensis,Amelanchier,Amelanchier,Amelanchier
Quercus coccinea,8326061,Quercus coccinea,<i>Quercus</i> <i>coccinea</i> Münchh.,SPECIES,Fagaceae,4689.0,Quercus,2877951.0,Quercus coccinea,8326061.0,99,EXACT,2,2,Quercus coccinea,Quercus,Quercus,Quercus
Oxalis articulata,2891664,Oxalis articulata,<i>Oxalis</i> <i>articulata</i> Savigny,SPECIES,Oxalidaceae,6697.0,Oxalis,2891642.0,Oxalis articulata,2891664.0,99,EXACT,2,2,Oxalis articulata,Oxalis,Oxalis,Oxalis
Yucca aloifolia,2775744,Yucca aloifolia,<i>Yucca</i> <i>aloifolia</i> L.,SPECIES,Asparagaceae,7683.0,Yucca,2775496.0,Yucca aloifolia,2775744.0,99,EXACT,2,2,Yucca aloifolia,Yucca,Yucca,Yucca
Lilium formosanum,2753371,Lilium formosanum,<i>Lilium</i> <i>formosanum</i> A.Wallace,SPECIES,Liliaceae,7699.0,Lilium,2752977.0,Lilium formosanum,2753371.0,100,EXACT,2,2,Lilium formosanum,Lilium,Lilium,Lilium
Trillium vaseyi,2742244,Trillium vaseyi,<i>Trillium</i> <i>vaseyi</i> Harb.,SPECIES,Melanthiaceae,7700.0,Trillium,2742182.0,Trillium vaseyi,2742244.0,100,EXACT,2,2,Trillium vaseyi,Trillium,Trillium,Trillium
Rumex pulcher,2888978,Rumex pulcher,<i>Rumex</i> <i>pulcher</i> L.,SPECIES,Polygonaceae,2416.0,Rumex,2888942.0,Rumex pulcher,2888978.0,99,EXACT,2,2,Rumex pulcher,Rumex,Rumex,Rumex
Lactuca tatarica,9123250,Lactuca tatarica,<i>Lactuca</i> <i>tatarica</i> (L.) C.A.Mey.,SPECIES,Asteraceae,3065.0,Lactuca,3140231.0,Lactuca tatarica,9123250.0,100,EXACT,2,2,Lactuca tatarica,Lactuca,Lactuca,Lactuca
Vicia lens,3973001,Vicia lens,<i>Vicia</i> <i>lens</i> (L.) Coss. & Germ.,SPECIES,Fabaceae,5386.0,Vicia,2974751.0,Vicia lens,3973001.0,100,EXACT,2,2,Vicia lens,Vicia,Vicia,Vicia
Prunus serotina rufula,10346573,Prunus serotina rufula,<i>Prunus</i> <i>serotina</i> var. <i>rufula</i> (Wooton & Standl.) Mc Vaugh,VARIETY,Rosaceae,5015.0,Prunus,3020559.0,Prunus serotina,3021850.0,85,EXACT,3,3,Prunus serotina rufula,Prunus,Prunus,Prunus
Cirsium arvense integrifolium,4274470,Cirsium arvense integrifolium,<i>Cirsium</i> <i>arvense</i> var. <i>integrifolium</i> Wimm. & Grab.,VARIETY,Asteraceae,3065.0,Cirsium,3112554.0,Cirsium arvense,3113414.0,85,EXACT,3,3,Cirsium arvense integrifolium,Cirsium,Cirsium,Cirsium
Marrubium vulgare,2927069,Marrubium vulgare,<i>Marrubium</i> <i>vulgare</i> L.,SPECIES,Lamiaceae,2497.0,Marrubium,2927068.0,Marrubium vulgare,2927069.0,100,EXACT,2,2,Marrubium vulgare,Marrubium,Marrubium,Marrubium
Ceanothus decornutus,8275443,Ceanothus decornutus,<i>Ceanothus</i> <i>decornutus</i> V.T.Parker,SPECIES,Rhamnaceae,2407.0,Ceanothus,3039297.0,Ceanothus decornutus,8275443.0,100,EXACT,2,2,Ceanothus decornutus,Ceanothus,Ceanothus,Ceanothus
Allium atrorubens atrorubens,7227628,Allium atrorubens atrorubens,<i>Allium</i> <i>atrorubens</i> var. <i>atrorubens</i>,VARIETY,Amaryllidaceae,7682.0,Allium,9624496.0,Allium atrorubens,2855926.0,88,EXACT,3,3,Allium atrorubens atrorubens,Allium,Allium,Allium
Ribes alpinum,2986184,Ribes alpinum,<i>Ribes</i> <i>alpinum</i> L.,SPECIES,Grossulariaceae,2403.0,Ribes,2986095.0,Ribes alpinum,2986184.0,99,EXACT,2,2,Ribes alpinum,Ribes,Ribes,Ribes
Oxalis articulata rubra,2891728,Oxalis articulata rubra,<i>Oxalis</i> <i>articulata</i> subsp. <i>rubra</i> (A.St.-Hil.) Lourteig,SUBSPECIES,Oxalidaceae,6697.0,Oxalis,2891642.0,Oxalis articulata,2891664.0,88,EXACT,3,3,Oxalis articulata rubra,Oxalis,Oxalis,Oxalis
Viburnum deamii,8111807,Viburnum deamii,<i>Viburnum</i> <i>deamii</i> (Rehder) Sorrie,SPECIES,Viburnaceae,4924416.0,Viburnum,2888580.0,Viburnum deamii,8111807.0,99,EXACT,2,2,Viburnum deamii,Viburnum,Viburnum,Viburnum
Chaerophyllum procumbens shortii,3641137,Chaerophyllum procumbens shortii,<i>Chaerophyllum</i> <i>procumbens</i> var. <i>shortii</i> Torr. & A.Gray,VARIETY,Apiaceae,6720.0,Chaerophyllum,3034649.0,Chaerophyllum procumbens,3034652.0,88,EXACT,3,3,Chaerophyllum procumbens shortii,Chaerophyllum,Chaerophyllum,Chaerophyllum
Malva sylvestris mauritiana,6285889,Malva sylvestris mauritiana,<i>Malva</i> <i>sylvestris</i> var. <i>mauritiana</i> (L.) Boiss.,VARIETY,Malvaceae,6685.0,Malva,3152364.0,Malva sylvestris,3152374.0,85,EXACT,3,3,Malva sylvestris mauritiana,Malva,Malva,Malva
Ribes sanguineum,2986130,Ribes sanguineum,<i>Ribes</i> <i>sanguineum</i> Pursh,SPECIES,Grossulariaceae,2403.0,Ribes,2986095.0,Ribes sanguineum,2986130.0,100,EXACT,2,2,Ribes sanguineum,Ribes,Ribes,Ribes
Smilax pseudochina,5295746,Smilax pseudochina,<i>Smilax</i> <i>pseudochina</i> L.,SPECIES,Smilacaceae,7702.0,Smilax,2740627.0,Smilax pseudochina,5295746.0,99,EXACT,2,2,Smilax pseudochina,Smilax,Smilax,Smilax
Ribes velutinum,2986120,Ribes velutinum,<i>Ribes</i> <i>velutinum</i> Greene,SPECIES,Grossulariaceae,2403.0,Ribes,2986095.0,Ribes velutinum,2986120.0,100,EXACT,2,2,Ribes velutinum,Ribes,Ribes,Ribes
Primula conjugens,7127734,Primula conjugens,<i>Primula</i> <i>conjugens</i> (Greene) A.R.Mast & Reveal,SPECIES,Primulaceae,6674.0,Dodecatheon,7597718.0,Dodecatheon conjugens,3169254.0,100,EXACT,2,2,Primula conjugens,Primula,Primula,Primula
Allium tolmiei,2857235,Allium tolmiei,<i>Allium</i> <i>tolmiei</i> Baker,SPECIES,Amaryllidaceae,7682.0,Allium,9624496.0,Allium tolmiei,2857235.0,99,EXACT,2,2,Allium tolmiei,Allium,Allium,Allium
Hydrophyllum virginianum atranthum,2928282,Hydrophyllum virginianum atranthum,<i>Hydrophyllum</i> <i>virginianum</i> var. <i>atranthum</i> (Alexander) Constance,VARIETY,Hydrophyllaceae,2387.0,Hydrophyllum,8906001.0,Hydrophyllum virginianum,2928281.0,88,EXACT,3,3,Hydrophyllum virginianum atranthum,Hydrophyllum,Hydrophyllum,Hydrophyllum
Robinia viscosa hartwigii,5352248,Robinia viscosa hartwigii,<i>Robinia</i> <i>viscosa</i> var. <i>hartwigii</i> (Koehne) Ashe,VARIETY,Fabaceae,5386.0,Robinia,2952066.0,Robinia viscosa,5352245.0,88,EXACT,3,3,Robinia viscosa hartwigii,Robinia,Robinia,Robinia
Lamium amplexicaule amplexicaule,7308142,Lamium amplexicaule amplexicaule,<i>Lamium</i> <i>amplexicaule</i> var. <i>amplexicaule</i>,VARIETY,Lamiaceae,2497.0,Lamium,2926678.0,Lamium amplexicaule,2926679.0,85,EXACT,3,3,Lamium amplexicaule amplexicaule,Lamium,Lamium,Lamium
Quercus marilandica ashei,2881631,Quercus marilandica ashei,<i>Quercus</i> <i>marilandica</i> var. <i>ashei</i> Sudw.,VARIETY,Fagaceae,4689.0,Quercus,2877951.0,Quercus marilandica,2881630.0,88,EXACT,3,3,Quercus marilandica ashei,Quercus,Quercus,Quercus
Viola lithion,5331291,Viola lithion,<i>Viola</i> <i>lithion</i> N.H.Holmgren & P.K.Holmgren,SPECIES,Violaceae,6631.0,Viola,2874237.0,Viola lithion,5331291.0,100,EXACT,2,2,Viola lithion,Viola,Viola,Viola
Quercus hemisphaerica hemisphaerica,4925821,Quercus hemisphaerica hemisphaerica,<i>Quercus</i> <i>hemisphaerica</i> var. <i>hemisphaerica</i>,VARIETY,Fagaceae,4689.0,Quercus,2877951.0,Quercus hemisphaerica,2877348.0,88,EXACT,3,3,Quercus hemisphaerica hemisphaerica,Quercus,Quercus,Quercus
Pinus ponderosa ponderosa,7230697,Pinus ponderosa ponderosa,<i>Pinus</i> <i>ponderosa</i> var. <i>ponderosa</i>,VARIETY,Pinaceae,3925.0,Pinus,2684241.0,Pinus ponderosa,5285053.0,88,EXACT,3,3,Pinus ponderosa ponderosa,Pinus,Pinus,Pinus
Trillium viride,2742258,Trillium viride,<i>Trillium</i> <i>viride</i> L.C.Beck,SPECIES,Melanthiaceae,7700.0,Trillium,2742182.0,Trillium viride,2742258.0,100,EXACT,2,2,Trillium viride,Trillium,Trillium,Trillium
Ribes quercetorum,2986221,Ribes quercetorum,<i>Ribes</i> <i>quercetorum</i> Greene,SPECIES,Grossulariaceae,2403.0,Ribes,2986095.0,Ribes quercetorum,2986221.0,100,EXACT,2,2,Ribes quercetorum,Ribes,Ribes,Ribes
Allium validum,2857382,Allium validum,<i>Allium</i> <i>validum</i> S.Watson,SPECIES,Amaryllidaceae,7682.0,Allium,9624496.0,Allium validum,2857382.0,100,EXACT,2,2,Allium validum,Allium,Allium,Allium
Rubus arcticus acaulis,2992055,Rubus arcticus acaulis,<i>Rubus</i> <i>arcticus</i> subsp. <i>acaulis</i> (Michx.) Focke,SUBSPECIES,Rosaceae,5015.0,Rubus,2988638.0,Rubus arcticus,2992051.0,85,EXACT,3,3,Rubus arcticus acaulis,Rubus,Rubus,Rubus
Astragalus crassicarpus trichocalyx,8339156,Astragalus crassicarpus trichocalyx,<i>Astragalus</i> <i>crassicarpus</i> var. <i>trichocalyx</i> (Nutt.) Barneby,VARIETY,Fabaceae,5386.0,Astragalus,2933951.0,Astragalus crassicarpus,5343637.0,85,EXACT,3,3,Astragalus crassicarpus trichocalyx,Astragalus,Astragalus,Astragalus
Pinus cembroides bicolor,5686603,Pinus cembroides bicolor,<i>Pinus</i> <i>cembroides</i> var. <i>bicolor</i> Little,VARIETY,Pinaceae,3925.0,Pinus,2684241.0,Pinus discolor,5686897.0,84,EXACT,3,3,Pinus cembroides bicolor,Pinus,Pinus,Pinus
Persicaria careyi,2889216,Persicaria careyi,<i>Persicaria</i> <i>careyi</i> (Olney) Greene,SPECIES,Polygonaceae,2416.0,Persicaria,6390748.0,Persicaria careyi,2889216.0,100,EXACT,2,2,Persicaria careyi,Persicaria,Persicaria,Persicaria
Allium trifoliatum,2856997,Allium trifoliatum,<i>Allium</i> <i>trifoliatum</i> Cirillo,SPECIES,Amaryllidaceae,7682.0,Allium,9624496.0,Allium trifoliatum,2856997.0,100,EXACT,2,2,Allium trifoliatum,Allium,Allium,Allium
Ribes hudsonianum hudsonianum,6442305,Ribes hudsonianum hudsonianum,<i>Ribes</i> <i>hudsonianum</i> var. <i>hudsonianum</i>,VARIETY,Grossulariaceae,2403.0,Ribes,2986095.0,Ribes hudsonianum,2986140.0,88,EXACT,3,3,Ribes hudsonianum hudsonianum,Ribes,Ribes,Ribes
Smilax hugeri,5295255,Smilax hugeri,<i>Smilax</i> <i>hugeri</i> (Small) J.B.Norton ex Pennell,SPECIES,Smilacaceae,7702.0,Smilax,2740627.0,Smilax hugeri,5295255.0,99,EXACT,2,2,Smilax hugeri,Smilax,Smilax,Smilax
Quercus garryana,2879260,Quercus garryana,<i>Quercus</i> <i>garryana</i> Douglas ex Hook.,SPECIES,Fagaceae,4689.0,Quercus,2877951.0,Quercus garryana,2879260.0,99,EXACT,2,2,Quercus garryana,Quercus,Quercus,Quercus
Allium lacunosum,2857752,Allium lacunosum,<i>Allium</i> <i>lacunosum</i> S.Watson,SPECIES,Amaryllidaceae,7682.0,Allium,9624496.0,Allium lacunosum,2857752.0,100,EXACT,2,2,Allium lacunosum,Allium,Allium,Allium
Cirsium douglasii breweri,4223275,Cirsium douglasii breweri,<i>Cirsium</i> <i>douglasii</i> var. <i>breweri</i> (A.Gray) D.J.Keil & C.E.Turner,VARIETY,Asteraceae,3065.0,Cirsium,3112554.0,Cirsium douglasii,3113757.0,88,EXACT,3,3,Cirsium douglasii breweri,Cirsium,Cirsium,Cirsium
Callirhoe involucrata lineariloba,8031766,Callirhoe involucrata lineariloba,<i>Callirhoe</i> <i>involucrata</i> var. <i>lineariloba</i> (Torr. & A.Gray) A.Gray ex S.Watson,VARIETY,Malvaceae,6685.0,Callirhoe,3152285.0,Callirhoe involucrata,5406702.0,85,EXACT,3,3,Callirhoe involucrata lineariloba,Callirhoe,Callirhoe,Callirhoe
Crataegus berberifolia,3014985,Crataegus berberifolia,<i>Crataegus</i> <i>berberifolia</i> Torr. & A.Gray,SPECIES,Rosaceae,5015.0,Crataegus,3013395.0,Crataegus berberifolia,3014985.0,100,EXACT,2,2,Crataegus berberifolia,Crataegus,Crataegus,Crataegus
Cirsium horridulum vittatum,4222069,Cirsium horridulum vittatum,<i>Cirsium</i> <i>horridulum</i> var. <i>vittatum</i> (Small) R.W.Long,VARIETY,Asteraceae,3065.0,Cirsium,3112554.0,Cirsium horridulum,3112777.0,88,EXACT,3,3,Cirsium horridulum vittatum,Cirsium,Cirsium,Cirsium
Ceanothus lemmonii,3039347,Ceanothus lemmonii,<i>Ceanothus</i> <i>lemmonii</i> Parry,SPECIES,Rhamnaceae,2407.0,Ceanothus,3039297.0,Ceanothus lemmonii,3039347.0,100,EXACT,2,2,Ceanothus lemmonii,Ceanothus,Ceanothus,Ceanothus
Allium incomptum,12258670,Allium incomptum,<i>Allium</i> <i>incomptum</i> Kierstead & Lindstrand,SPECIES,Amaryllidaceae,7682.0,Allium,9624496.0,Allium incomptum,12258670.0,100,EXACT,2,2,Allium incomptum,Allium,Allium,Allium
Viola purpurea integrifolia,8401825,Viola purpurea integrifolia,<i>Viola</i> <i>purpurea</i> subsp. <i>integrifolia</i> M.S.Baker & Clausen,SUBSPECIES,Violaceae,6631.0,Viola,2874237.0,Viola purpurea,5331324.0,85,EXACT,3,3,Viola purpurea integrifolia,Viola,Viola,Viola
Sparganium eurycarpum coreanum,2702397,Sparganium eurycarpum coreanum,<i>Sparganium</i> <i>eurycarpum</i> subsp. <i>coreanum</i> (H.Lév.) C.D.K.Cook & M.S.Nicholls,SUBSPECIES,Typhaceae,4246.0,Sparganium,2702260.0,Sparganium eurycarpum,2702394.0,88,EXACT,3,3,Sparganium eurycarpum coreanum,Sparganium,Sparganium,Sparganium
Smilax rotundifolia,5295375,Smilax rotundifolia,<i>Smilax</i> <i>rotundifolia</i> L.,SPECIES,Smilacaceae,7702.0,Smilax,2740627.0,Smilax rotundifolia,5295375.0,99,EXACT,2,2,Smilax rotundifolia,Smilax,Smilax,Smilax
Vaccinium cespitosum,2882861,Vaccinium cespitosum,<i>Vaccinium</i> <i>cespitosum</i> Michx.,SPECIES,Ericaceae,2505.0,Vaccinium,2882813.0,Vaccinium cespitosum,2882861.0,100,EXACT,2,2,Vaccinium cespitosum,Vaccinium,Vaccinium,Vaccinium
Cirsium lecontei,3113529,Cirsium lecontei,<i>Cirsium</i> <i>lecontei</i> Torr. & A.Gray,SPECIES,Asteraceae,3065.0,Cirsium,3112554.0,Cirsium lecontei,3113529.0,100,EXACT,2,2,Cirsium lecontei,Cirsium,Cirsium,Cirsium
Yucca angustissima kanabensis,2775691,Yucca angustissima kanabensis,<i>Yucca</i> <i>angustissima</i> var. <i>kanabensis</i> (McKelvey) Reveal,VARIETY,Asparagaceae,7683.0,Yucca,2775496.0,Yucca angustissima,2775690.0,85,EXACT,3,3,Yucca angustissima kanabensis,Yucca,Yucca,Yucca
Ribes erythrocarpum,2986104,Ribes erythrocarpum,<i>Ribes</i> <i>erythrocarpum</i> Coville & Leiberg,SPECIES,Grossulariaceae,2403.0,Ribes,2986095.0,Ribes erythrocarpum,2986104.0,100,EXACT,2,2,Ribes erythrocarpum,Ribes,Ribes,Ribes
Claytonia megarhiza megarhiza,6388226,Claytonia megarhiza megarhiza,<i>Claytonia</i> <i>megarhiza</i> var. <i>megarhiza</i>,VARIETY,Montiaceae,4898338.0,Claytonia,3084729.0,Claytonia megarhiza,3084735.0,88,EXACT,3,3,Claytonia megarhiza megarhiza,Claytonia,Claytonia,Claytonia
Quercus × leana,8920502,Quercus leana,<i>Quercus</i> × <i>leana</i> Nutt.,SPECIES,Fagaceae,4689.0,Quercus,2877951.0,Quercus leana,8920502.0,100,EXACT,3,2,Quercus leana,Quercus,Quercus,Quercus
Trillium pusillum texanum,2742216,Trillium pusillum texanum,<i>Trillium</i> <i>pusillum</i> var. <i>texanum</i> (Buckley) Reveal & C.R.Broome,VARIETY,Melanthiaceae,7700.0,Trillium,2742182.0,Trillium pusillum,2742209.0,84,EXACT,3,3,Trillium pusillum texanum,Trillium,Trillium,Trillium
Rubus beamanii,9606151,Rubus beamanii,<i>Rubus</i> <i>beamanii</i> Widrl. & Riley,SPECIES,Rosaceae,5015.0,Rubus,2988638.0,Rubus beamanii,9606151.0,100,EXACT,2,2,Rubus beamanii,Rubus,Rubus,Rubus
Mertensia paniculata alaskana,5662248,Mertensia paniculata alaskana,<i>Mertensia</i> <i>paniculata</i> var. <i>alaskana</i> (Britton) L.O.Williams,VARIETY,Boraginaceae,2498.0,Mertensia,2663415.0,Mertensia paniculata,5341214.0,88,EXACT,3,3,Mertensia paniculata alaskana,Mertensia,Mertensia,Mertensia
Galinsoga parviflora parviflora,7223126,Galinsoga parviflora parviflora,<i>Galinsoga</i> <i>parviflora</i> var. <i>parviflora</i>,VARIETY,Asteraceae,3065.0,Galinsoga,3132547.0,Galinsoga parviflora,3132570.0,85,EXACT,3,3,Galinsoga parviflora parviflora,Galinsoga,Galinsoga,Galinsoga
Vaccinium darrowii,2882908,Vaccinium darrowii,<i>Vaccinium</i> <i>darrowii</i> Camp,SPECIES,Ericaceae,2505.0,Vaccinium,2882813.0,Vaccinium darrowii,2882908.0,100,EXACT,2,2,Vaccinium darrowii,Vaccinium,Vaccinium,Vaccinium
Sorbus decora,3012350,Sorbus decora,<i>Sorbus</i> <i>decora</i> (Sarg.) C.K.Schneid.,SPECIES,Rosaceae,5015.0,Sorbus,3012146.0,Sorbus decora,3012350.0,100,EXACT,2,2,Sorbus decora,Sorbus,Sorbus,Sorbus
Cirsium pitcheri,3113668,Cirsium pitcheri,<i>Cirsium</i> <i>pitcheri</i> (Torr. ex Eaton) Torr. & A.Gray,SPECIES,Asteraceae,3065.0,Cirsium,3112554.0,Cirsium pitcheri,3113668.0,100,EXACT,2,2,Cirsium pitcheri,Cirsium,Cirsium,Cirsium
Viola striata,5331184,Viola striata,<i>Viola</i> <i>striata</i> Aiton,SPECIES,Violaceae,6631.0,Viola,2874237.0,Viola striata,5331184.0,99,EXACT,2,2,Viola striata,Viola,Viola,Viola
Sorbus scopulina,3012298,Sorbus scopulina,<i>Sorbus</i> <i>scopulina</i> Greene,SPECIES,Rosaceae,5015.0,Sorbus,3012146.0,Sorbus scopulina,3012298.0,99,EXACT,2,2,Sorbus scopulina,Sorbus,Sorbus,Sorbus
Ceanothus microphyllus,3039306,Ceanothus microphyllus,<i>Ceanothus</i> <i>microphyllus</i> Michx.,SPECIES,Rhamnaceae,2407.0,Ceanothus,3039297.0,Ceanothus microphyllus,3039306.0,100,EXACT,2,2,Ceanothus microphyllus,Ceanothus,Ceanothus,Ceanothus
Silene vulgaris vulgaris,5587240,Silene vulgaris vulgaris,<i>Silene</i> <i>vulgaris</i> subsp. <i>vulgaris</i>,SUBSPECIES,Caryophyllaceae,2518.0,Silene,3085897.0,Silene vulgaris,9172281.0,85,EXACT,3,3,Silene vulgaris vulgaris,Silene,Silene,Silene
Glechoma hederacea hederacea,6449519,Glechoma hederacea hederacea,<i>Glechoma</i> <i>hederacea</i> var. <i>hederacea</i>,VARIETY,Lamiaceae,2497.0,Glechoma,2926556.0,Glechoma hederacea,2926557.0,84,EXACT,3,3,Glechoma hederacea hederacea,Glechoma,Glechoma,Glechoma
Crataegus gaylussacia,3013900,Crataegus gaylussacia,<i>Crataegus</i> <i>gaylussacia</i> A.Heller,SPECIES,Rosaceae,5015.0,Crataegus,3013395.0,Crataegus gaylussacia,3013900.0,100,EXACT,2,2,Crataegus gaylussacia,Crataegus,Crataegus,Crataegus
Claytonia washingtoniana,3084773,Claytonia washingtoniana,<i>Claytonia</i> <i>washingtoniana</i> (Suksd.) Suksd.,SPECIES,Montiaceae,4898338.0,Claytonia,3084729.0,Claytonia washingtoniana,3084773.0,100,EXACT,2,2,Claytonia washingtoniana,Claytonia,Claytonia,Claytonia
Picea glauca glauca,7071066,Picea glauca glauca,<i>Picea</i> <i>glauca</i> var. <i>glauca</i>,VARIETY,Pinaceae,3925.0,Picea,7606064.0,Picea glauca,5284745.0,85,EXACT,3,3,Picea glauca glauca,Picea,Picea,Picea
Sanicula epipactis,3639337,Sanicula epipactis,<i>Sanicula</i> <i>epipactis</i> (Scop.) E.H.L.Krause,SPECIES,Apiaceae,6720.0,Sanicula,3034831.0,Sanicula epipactis,3639337.0,100,EXACT,2,2,Sanicula epipactis,Sanicula,Sanicula,Sanicula
Lactuca hirsuta hirsuta,4273743,Lactuca hirsuta hirsuta,<i>Lactuca</i> <i>hirsuta</i> var. <i>hirsuta</i>,VARIETY,Asteraceae,3065.0,Lactuca,3140231.0,Lactuca hirsuta,7521930.0,84,EXACT,3,3,Lactuca hirsuta hirsuta,Lactuca,Lactuca,Lactuca
Robinia neomexicana neomexicana,6593197,Robinia neomexicana neomexicana,<i>Robinia</i> <i>neomexicana</i> var. <i>neomexicana</i>,VARIETY,Fabaceae,5386.0,Robinia,2952066.0,Robinia neomexicana,5352212.0,88,EXACT,3,3,Robinia neomexicana neomexicana,Robinia,Robinia,Robinia
Asarum canadense reflexum,2873952,Asarum canadense reflexum,<i>Asarum</i> <i>canadense</i> var. <i>reflexum</i> (E.P.Bicknell) B.L.Rob.,VARIETY,Aristolochiaceae,3066.0,Asarum,2873945.0,Asarum canadense,2873947.0,88,EXACT,3,3,Asarum canadense reflexum,Asarum,Asarum,Asarum
Typha angustifolia,5289461,Typha angustifolia,<i>Typha</i> <i>angustifolia</i> L.,SPECIES,Typhaceae,4246.0,Typha,2702102.0,Typha angustifolia,5289461.0,99,EXACT,2,2,Typha angustifolia,Typha,Typha,Typha
Pinus banksiana,5285533,Pinus banksiana,<i>Pinus</i> <i>banksiana</i> Lamb.,SPECIES,Pinaceae,3925.0,Pinus,2684241.0,Pinus banksiana,5285533.0,100,EXACT,2,2,Pinus banksiana,Pinus,Pinus,Pinus
Trillium cuneatum,2742247,Trillium cuneatum,<i>Trillium</i> <i>cuneatum</i> Raf.,SPECIES,Melanthiaceae,7700.0,Trillium,2742182.0,Trillium cuneatum,2742247.0,100,EXACT,2,2,Trillium cuneatum,Trillium,Trillium,Trillium
Trillium underwoodii,2742327,Trillium underwoodii,<i>Trillium</i> <i>underwoodii</i> Small,SPECIES,Melanthiaceae,7700.0,Trillium,2742182.0,Trillium underwoodii,2742327.0,100,EXACT,2,2,Trillium underwoodii,Trillium,Trillium,Trillium
Vaccinium hirsutum,2882824,Vaccinium hirsutum,<i>Vaccinium</i> <i>hirsutum</i> Buckley,SPECIES,Ericaceae,2505.0,Vaccinium,2882813.0,Vaccinium hirsutum,2882824.0,99,EXACT,2,2,Vaccinium hirsutum,Vaccinium,Vaccinium,Vaccinium
Rumex occidentalis,6391790,Rumex occidentalis,<i>Rumex</i> <i>occidentalis</i> (Michx.) S.Watson,SPECIES,Polygonaceae,2416.0,Rumex,2888942.0,Rumex occidentalis,6391790.0,100,EXACT,2,2,Rumex occidentalis,Rumex,Rumex,Rumex
Viola × populifolia,5331192,Viola populifolia,<i>Viola</i> × <i>populifolia</i> Greene,SPECIES,Violaceae,6631.0,Viola,2874237.0,Viola populifolia,5331192.0,100,EXACT,3,2,Viola populifolia,Viola,Viola,Viola
Crataegus × cogswellii,10744118,Crataegus cogswellii,<i>Crataegus</i> × <i>cogswellii</i> K.I.Chr. & T.A.Dickinson,SPECIES,Rosaceae,5015.0,Crataegus,3013395.0,Crataegus cogswellii,10744118.0,100,EXACT,3,2,Crataegus cogswellii,Crataegus,Crataegus,Crataegus
Plantago major major,6665114,Plantago major major,"<i>Plantago</i> <i>major</i> subsp. <i>major</i> Linnaeus, 1753",SUBSPECIES,Plantaginaceae,2420.0,Plantago,3189695.0,Plantago major,3189767.0,85,EXACT,3,3,Plantago major major,Plantago,Plantago,Plantago
Acer negundo mexicanum,3768490,Acer negundo mexicanum,<i>Acer</i> <i>negundo</i> var. <i>mexicanum</i> (DC.) Kuntze,VARIETY,Sapindaceae,6657.0,Acer,3189834.0,Acer negundo,3189866.0,85,EXACT,3,3,Acer negundo mexicanum,Acer,Acer,Acer
Typha capensis,5289571,Typha capensis,<i>Typha</i> <i>capensis</i> (Rohrb.) N.E.Br.,SPECIES,Typhaceae,4246.0,Typha,2702102.0,Typha capensis,5289571.0,99,EXACT,2,2,Typha capensis,Typha,Typha,Typha
Rubus rosifolius,8234521,Rubus rosifolius,<i>Rubus</i> <i>rosifolius</i> Sm.,SPECIES,Rosaceae,5015.0,Rubus,2988638.0,Rubus rosifolius,8234521.0,99,EXACT,2,2,Rubus rosifolius,Rubus,Rubus,Rubus
Nuphar advena,6434985,Nuphar advena,<i>Nuphar</i> <i>advena</i> (Aiton) Aiton,SPECIES,Nymphaeaceae,2423.0,Nuphar,2882408.0,Nuphar advena,6434985.0,99,EXACT,2,2,Nuphar advena,Nuphar,Nuphar,Nuphar
Ceanothus parvifolius,3039311,Ceanothus parvifolius,<i>Ceanothus</i> <i>parvifolius</i> (S.Watson) Trel.,SPECIES,Rhamnaceae,2407.0,Ceanothus,3039297.0,Ceanothus parvifolius,3039311.0,99,EXACT,2,2,Ceanothus parvifolius,Ceanothus,Ceanothus,Ceanothus
Pinus balfouriana,5285708,Pinus balfouriana,<i>Pinus</i> <i>balfouriana</i> Balf.,SPECIES,Pinaceae,3925.0,Pinus,2684241.0,Pinus balfouriana,5285708.0,99,EXACT,2,2,Pinus balfouriana,Pinus,Pinus,Pinus
Rubus canadensis,2991408,Rubus canadensis,<i>Rubus</i> <i>canadensis</i> L.,SPECIES,Rosaceae,5015.0,Rubus,2988638.0,Rubus canadensis,2991408.0,99,EXACT,2,2,Rubus canadensis,Rubus,Rubus,Rubus
Cirsium arizonicum tenuisectum,4224645,Cirsium arizonicum tenuisectum,<i>Cirsium</i> <i>arizonicum</i> var. <i>tenuisectum</i> D.J.Keil,VARIETY,Asteraceae,3065.0,Cirsium,3112554.0,Cirsium arizonicum,3112861.0,88,EXACT,3,3,Cirsium arizonicum tenuisectum,Cirsium,Cirsium,Cirsium
Allium macrum,2857410,Allium macrum,<i>Allium</i> <i>macrum</i> S.Watson,SPECIES,Amaryllidaceae,7682.0,Allium,9624496.0,Allium macrum,2857410.0,100,EXACT,2,2,Allium macrum,Allium,Allium,Allium
Cirsium inamoenum inamoenum,7222539,Cirsium inamoenum inamoenum,<i>Cirsium</i> <i>inamoenum</i> var. <i>inamoenum</i>,VARIETY,Asteraceae,3065.0,Cirsium,3112554.0,Cirsium inamoenum,3113257.0,88,EXACT,3,3,Cirsium inamoenum inamoenum,Cirsium,Cirsium,Cirsium
Viola howellii,5331294,Viola howellii,<i>Viola</i> <i>howellii</i> A.Gray,SPECIES,Violaceae,6631.0,Viola,2874237.0,Viola howellii,5331294.0,100,EXACT,2,2,Viola howellii,Viola,Viola,Viola
Allium tolmiei tolmiei,7227620,Allium tolmiei tolmiei,<i>Allium</i> <i>tolmiei</i> var. <i>tolmiei</i>,VARIETY,Amaryllidaceae,7682.0,Allium,9624496.0,Allium tolmiei,2857235.0,88,EXACT,3,3,Allium tolmiei tolmiei,Allium,Allium,Allium
Juniperus communis charlottensis,2684758,Juniperus communis charlottensis,<i>Juniperus</i> <i>communis</i> var. <i>charlottensis</i> R.P.Adams,VARIETY,Cupressaceae,8144.0,Juniperus,2684359.0,Juniperus communis,2684709.0,88,EXACT,3,3,Juniperus communis charlottensis,Juniperus,Juniperus,Juniperus
Quercus × benderi,2879029,Quercus benderi,<i>Quercus</i> × <i>benderi</i> Baen.,SPECIES,Fagaceae,4689.0,Quercus,2877951.0,Quercus benderi,2879029.0,100,EXACT,3,2,Quercus benderi,Quercus,Quercus,Quercus
Betula alleghaniensis alleghaniensis,5709491,Betula alleghaniensis alleghaniensis,<i>Betula</i> <i>alleghaniensis</i> var. <i>alleghaniensis</i>,VARIETY,Betulaceae,4688.0,Betula,2875008.0,Betula alleghaniensis,5331779.0,88,EXACT,3,3,Betula alleghaniensis alleghaniensis,Betula,Betula,Betula
Yucca neomexicana,2775786,Yucca neomexicana,<i>Yucca</i> <i>neomexicana</i> Wooton & Standl.,SPECIES,Asparagaceae,7683.0,Yucca,2775496.0,Yucca neomexicana,2775786.0,100,EXACT,2,2,Yucca neomexicana,Yucca,Yucca,Yucca
Fragaria orientalis,3029834,Fragaria orientalis,<i>Fragaria</i> <i>orientalis</i> Losinsk.,SPECIES,Rosaceae,5015.0,Fragaria,3029779.0,Fragaria orientalis,3029834.0,100,EXACT,2,2,Fragaria orientalis,Fragaria,Fragaria,Fragaria
Yucca baccata,2775788,Yucca baccata,<i>Yucca</i> <i>baccata</i> Torr.,SPECIES,Asparagaceae,7683.0,Yucca,2775496.0,Yucca baccata,2775788.0,100,EXACT,2,2,Yucca baccata,Yucca,Yucca,Yucca
Persicaria perfoliata,4033648,Persicaria perfoliata,<i>Persicaria</i> <i>perfoliata</i> (L.) H.Gross,SPECIES,Polygonaceae,2416.0,Persicaria,6390748.0,Persicaria perfoliata,4033648.0,100,EXACT,2,2,Persicaria perfoliata,Persicaria,Persicaria,Persicaria
Claytonia rubra,3084740,Claytonia rubra,<i>Claytonia</i> <i>rubra</i> (Howell) Tidestr.,SPECIES,Montiaceae,4898338.0,Claytonia,3084729.0,Claytonia rubra,3084740.0,100,EXACT,2,2,Claytonia rubra,Claytonia,Claytonia,Claytonia
Quercus vacciniifolia,10918497,Quercus vacciniifolia,<i>Quercus</i> <i>vacciniifolia</i> Hittell,SPECIES,Fagaceae,4689.0,Quercus,2877951.0,Quercus vacciniifolia,10918497.0,99,EXACT,2,2,Quercus vacciniifolia,Quercus,Quercus,Quercus
Yucca flaccida,2775530,Yucca flaccida,<i>Yucca</i> <i>flaccida</i> Haw.,SPECIES,Asparagaceae,7683.0,Yucca,2775496.0,Yucca flaccida,2775530.0,100,EXACT,2,2,Yucca flaccida,Yucca,Yucca,Yucca
Prunus serotina eximia,3021900,Prunus serotina eximia,<i>Prunus</i> <i>serotina</i> var. <i>eximia</i> (Small) Little,VARIETY,Rosaceae,5015.0,Prunus,3020559.0,Prunus serotina,3021850.0,85,EXACT,3,3,Prunus serotina eximia,Prunus,Prunus,Prunus
Phlox pilosa ozarkana,6394534,Phlox pilosa ozarkana,<i>Phlox</i> <i>pilosa</i> subsp. <i>ozarkana</i> (Wherry) Wherry,SUBSPECIES,Polemoniaceae,6648.0,Phlox,2927698.0,Phlox pilosa,2927734.0,85,EXACT,3,3,Phlox pilosa ozarkana,Phlox,Phlox,Phlox
Cirsium flodmanii,3113498,Cirsium flodmanii,<i>Cirsium</i> <i>flodmanii</i> (Rydb.) Arthur,SPECIES,Asteraceae,3065.0,Cirsium,3112554.0,Cirsium flodmanii,3113498.0,100,EXACT,2,2,Cirsium flodmanii,Cirsium,Cirsium,Cirsium
Quercus graciliformis,2878143,Quercus graciliformis,<i>Quercus</i> <i>graciliformis</i> C.H.Mull.,SPECIES,Fagaceae,4689.0,Quercus,2877951.0,Quercus canbyi,2878132.0,100,EXACT,2,2,Quercus graciliformis,Quercus,Quercus,Quercus
Stellaria humifusa,5384598,Stellaria humifusa,<i>Stellaria</i> <i>humifusa</i> Rottb.,SPECIES,Caryophyllaceae,2518.0,Stellaria,3085667.0,Stellaria humifusa,5384598.0,99,EXACT,2,2,Stellaria humifusa,Stellaria,Stellaria,Stellaria
Quercus cedrosensis,2880835,Quercus cedrosensis,<i>Quercus</i> <i>cedrosensis</i> C.H.Mull.,SPECIES,Fagaceae,4689.0,Quercus,2877951.0,Quercus cedrosensis,2880835.0,100,EXACT,2,2,Quercus cedrosensis,Quercus,Quercus,Quercus
Fallopia dumetorum,6391446,Fallopia dumetorum,<i>Fallopia</i> <i>dumetorum</i> (L.) Holub,SPECIES,Polygonaceae,2416.0,Fallopia,2889418.0,Fallopia dumetorum,6391446.0,100,EXACT,2,2,Fallopia dumetorum,Fallopia,Fallopia,Fallopia
Quercus × columnaris,2881571,Quercus columnaris,<i>Quercus</i> × <i>columnaris</i> Laughlin,SPECIES,Fagaceae,4689.0,Quercus,2877951.0,Quercus columnaris,2881571.0,100,EXACT,3,2,Quercus columnaris,Quercus,Quercus,Quercus
Rumex acetosella angiocarpus,9630289,Rumex acetosella angiocarpus,<i>Rumex</i> <i>acetosella</i> subsp. <i>angiocarpus</i> (Murb.) Murb.,SUBSPECIES,Polygonaceae,2416.0,Rumex,2888942.0,Rumex acetosella,2888995.0,85,EXACT,3,3,Rumex acetosella angiocarpus,Rumex,Rumex,Rumex
Crataegus douglasii,3013580,Crataegus douglasii,<i>Crataegus</i> <i>douglasii</i> Lindl.,SPECIES,Rosaceae,5015.0,Crataegus,3013395.0,Crataegus douglasii,3013580.0,99,EXACT,2,2,Crataegus douglasii,Crataegus,Crataegus,Crataegus
Rumex stenophyllus,2889023,Rumex stenophyllus,<i>Rumex</i> <i>stenophyllus</i> Ledeb.,SPECIES,Polygonaceae,2416.0,Rumex,2888942.0,Rumex stenophyllus,2889023.0,99,EXACT,2,2,Rumex stenophyllus,Rumex,Rumex,Rumex
Ceanothus cyaneus,3039381,Ceanothus cyaneus,<i>Ceanothus</i> <i>cyaneus</i> Eastw.,SPECIES,Rhamnaceae,2407.0,Ceanothus,3039297.0,Ceanothus cyaneus,3039381.0,99,EXACT,2,2,Ceanothus cyaneus,Ceanothus,Ceanothus,Ceanothus
Rhus trilobata pilosissima,3659701,Rhus trilobata pilosissima,<i>Rhus</i> <i>trilobata</i> var. <i>pilosissima</i> Engl.,VARIETY,Anacardiaceae,2398.0,Rhus,3190534.0,Rhus trilobata,3190562.0,88,EXACT,3,3,Rhus trilobata pilosissima,Rhus,Rhus,Rhus
Pinus pinaster,5285565,Pinus pinaster,<i>Pinus</i> <i>pinaster</i> Aiton,SPECIES,Pinaceae,3925.0,Pinus,2684241.0,Pinus pinaster,5285565.0,99,EXACT,2,2,Pinus pinaster,Pinus,Pinus,Pinus
Allium schoenoprasum schoenoprasum,6448925,Allium schoenoprasum schoenoprasum,<i>Allium</i> <i>schoenoprasum</i> var. <i>schoenoprasum</i>,VARIETY,Amaryllidaceae,7682.0,Allium,9624496.0,Allium schoenoprasum,2855860.0,84,EXACT,3,3,Allium schoenoprasum schoenoprasum,Allium,Allium,Allium
Ribes cereum colubrinum,4194520,Ribes cereum colubrinum,<i>Ribes</i> <i>cereum</i> var. <i>colubrinum</i> C.L.Hitchc.,VARIETY,Grossulariaceae,2403.0,Ribes,2986095.0,Ribes cereum,2986127.0,88,EXACT,3,3,Ribes cereum colubrinum,Ribes,Ribes,Ribes
Acer negundo texanum,3768436,Acer negundo texanum,<i>Acer</i> <i>negundo</i> var. <i>texanum</i> Pax,VARIETY,Sapindaceae,6657.0,Acer,3189834.0,Acer negundo,3189866.0,88,EXACT,3,3,Acer negundo texanum,Acer,Acer,Acer
Crataegus texana,3014602,Crataegus texana,<i>Crataegus</i> <i>texana</i> Buckley,SPECIES,Rosaceae,5015.0,Crataegus,3013395.0,Crataegus texana,3014602.0,100,EXACT,2,2,Crataegus texana,Crataegus,Crataegus,Crataegus
Rubus odoratus odoratus,7220171,Rubus odoratus odoratus,<i>Rubus</i> <i>odoratus</i> f. <i>odoratus</i>,FORM,Rosaceae,5015.0,Rubus,2988638.0,Rubus odoratus,2994912.0,85,EXACT,3,3,Rubus odoratus odoratus,Rubus,Rubus,Rubus
Viola inconspicua,7296357,Viola inconspicua,<i>Viola</i> <i>inconspicua</i> Blume,SPECIES,Violaceae,6631.0,Viola,2874237.0,Viola inconspicua,7296357.0,100,EXACT,2,2,Viola inconspicua,Viola,Viola,Viola
Nuphar lutea,7551339,Nuphar lutea,<i>Nuphar</i> <i>lutea</i> (L.) Sibth. & Sm.,SPECIES,Nymphaeaceae,2423.0,Nuphar,2882408.0,Nuphar lutea,7551339.0,100,EXACT,2,2,Nuphar lutea,Nuphar,Nuphar,Nuphar
Cirsium texanum,3113276,Cirsium texanum,<i>Cirsium</i> <i>texanum</i> Buckley,SPECIES,Asteraceae,3065.0,Cirsium,3112554.0,Cirsium texanum,3113276.0,100,EXACT,2,2,Cirsium texanum,Cirsium,Cirsium,Cirsium
Galinsoga quadriradiata,8298495,Galinsoga quadriradiata,<i>Galinsoga</i> <i>quadriradiata</i> Ruiz & Pav.,SPECIES,Asteraceae,3065.0,Galinsoga,3132547.0,Galinsoga quadriradiata,8298495.0,99,EXACT,2,2,Galinsoga quadriradiata,Galinsoga,Galinsoga,Galinsoga
Trillium ovatum,2742413,Trillium ovatum,<i>Trillium</i> <i>ovatum</i> Pursh,SPECIES,Melanthiaceae,7700.0,Trillium,2742182.0,Trillium ovatum,2742413.0,100,EXACT,2,2,Trillium ovatum,Trillium,Trillium,Trillium
Prunella vulgaris lanceolata,8071829,Prunella vulgaris lanceolata,<i>Prunella</i> <i>vulgaris</i> subsp. <i>lanceolata</i> (W.P.C.Barton) Piper & Beattie,SUBSPECIES,Lamiaceae,2497.0,Prunella,2926553.0,Prunella vulgaris,5341297.0,85,EXACT,3,3,Prunella vulgaris lanceolata,Prunella,Prunella,Prunella
Ribes wolfii,2986125,Ribes wolfii,<i>Ribes</i> <i>wolfii</i> Rothr.,SPECIES,Grossulariaceae,2403.0,Ribes,2986095.0,Ribes wolfii,2986125.0,100,EXACT,2,2,Ribes wolfii,Ribes,Ribes,Ribes
Salicornia maritima,5383953,Salicornia maritima,<i>Salicornia</i> <i>maritima</i> S.L.Wolff & Jefferies,SPECIES,Amaranthaceae,3064.0,Salicornia,3083796.0,Salicornia maritima,5383953.0,100,EXACT,2,2,Salicornia maritima,Salicornia,Salicornia,Salicornia
Oxalis illinoensis,2891658,Oxalis illinoensis,<i>Oxalis</i> <i>illinoensis</i> Schwegman,SPECIES,Oxalidaceae,6697.0,Oxalis,2891642.0,Oxalis illinoensis,2891658.0,100,EXACT,2,2,Oxalis illinoensis,Oxalis,Oxalis,Oxalis
Rubus vermontanus,2989749,Rubus vermontanus,<i>Rubus</i> <i>vermontanus</i> Blanch.,SPECIES,Rosaceae,5015.0,Rubus,2988638.0,Rubus vermontanus,2989749.0,100,EXACT,2,2,Rubus vermontanus,Rubus,Rubus,Rubus
Nuphar ulvacea,3697657,Nuphar ulvacea,<i>Nuphar</i> <i>ulvacea</i> (G.S.Mill. & Standl.) Standl.,SPECIES,Nymphaeaceae,2423.0,Nuphar,2882408.0,Nuphar advena,6434985.0,100,EXACT,2,2,Nuphar ulvacea,Nuphar,Nuphar,Nuphar
Pinus resinosa,5285067,Pinus resinosa,<i>Pinus</i> <i>resinosa</i> Aiton,SPECIES,Pinaceae,3925.0,Pinus,2684241.0,Pinus resinosa,5285067.0,99,EXACT,2,2,Pinus resinosa,Pinus,Pinus,Pinus
Erythronium americanum harperi,2752816,Erythronium americanum harperi,<i>Erythronium</i> <i>americanum</i> subsp. <i>harperi</i> (W.Wolf) C.R.Parks & Hardin,SUBSPECIES,Liliaceae,7699.0,Erythronium,2740136.0,Erythronium americanum,2752815.0,88,EXACT,3,3,Erythronium americanum harperi,Erythronium,Erythronium,Erythronium
Cirsium vinaceum,3113117,Cirsium vinaceum,<i>Cirsium</i> <i>vinaceum</i> (Wooton & Standl.) Wooton & Standl.,SPECIES,Asteraceae,3065.0,Cirsium,3112554.0,Cirsium vinaceum,3113117.0,99,EXACT,2,2,Cirsium vinaceum,Cirsium,Cirsium,Cirsium
Allium ampeloprasum ampeloprasum,4270245,Allium ampeloprasum ampeloprasum,<i>Allium</i> <i>ampeloprasum</i> var. <i>ampeloprasum</i>,VARIETY,Amaryllidaceae,7682.0,Allium,9624496.0,Allium ampeloprasum,2856037.0,85,EXACT,3,3,Allium ampeloprasum ampeloprasum,Allium,Allium,Allium
Plantago maritima maritima,7303135,Plantago maritima maritima,<i>Plantago</i> <i>maritima</i> subsp. <i>maritima</i>,SUBSPECIES,Plantaginaceae,2420.0,Plantago,3189695.0,Plantago maritima,3189755.0,85,EXACT,3,3,Plantago maritima maritima,Plantago,Plantago,Plantago
Lathyrus palustris pilosus,5356413,Lathyrus palustris pilosus,<i>Lathyrus</i> <i>palustris</i> subsp. <i>pilosus</i> (Cham.) Hultén,SUBSPECIES,Fabaceae,5386.0,Lathyrus,10356062.0,Lathyrus palustris,5356412.0,84,EXACT,3,3,Lathyrus palustris pilosus,Lathyrus,Lathyrus,Lathyrus
Rubus revealii,11161997,Rubus revealii,<i>Rubus</i> <i>revealii</i> A.Beek & Widrl.,SPECIES,Rosaceae,5015.0,Rubus,2988638.0,Rubus revealii,11161997.0,100,EXACT,2,2,Rubus revealii,Rubus,Rubus,Rubus
Ribes menziesii ixoderme,4194454,Ribes menziesii ixoderme,<i>Ribes</i> <i>menziesii</i> var. <i>ixoderme</i> Quick,VARIETY,Grossulariaceae,2403.0,Ribes,2986095.0,Ribes menziesii,2986187.0,88,EXACT,3,3,Ribes menziesii ixoderme,Ribes,Ribes,Ribes
Rhus trilobata,3190562,Rhus trilobata,<i>Rhus</i> <i>trilobata</i> Nutt.,SPECIES,Anacardiaceae,2398.0,Rhus,3190534.0,Rhus trilobata,3190562.0,100,EXACT,2,2,Rhus trilobata,Rhus,Rhus,Rhus
Allium haematochiton,2857741,Allium haematochiton,<i>Allium</i> <i>haematochiton</i> S.Watson,SPECIES,Amaryllidaceae,7682.0,Allium,9624496.0,Allium haematochiton,2857741.0,100,EXACT,2,2,Allium haematochiton,Allium,Allium,Allium
Vitis rupestris,5372398,Vitis rupestris,<i>Vitis</i> <i>rupestris</i> Scheele,SPECIES,Vitaceae,6672.0,Vitis,7467468.0,Vitis rupestris,5372398.0,100,EXACT,2,2,Vitis rupestris,Vitis,Vitis,Vitis
Astragalus crassicarpus crassicarpus,5343645,Astragalus crassicarpus crassicarpus,<i>Astragalus</i> <i>crassicarpus</i> var. <i>crassicarpus</i>,VARIETY,Fabaceae,5386.0,Astragalus,2933951.0,Astragalus crassicarpus,5343637.0,88,EXACT,3,3,Astragalus crassicarpus crassicarpus,Astragalus,Astragalus,Astragalus
Rumex crassus,4271172,Rumex crassus,<i>Rumex</i> <i>crassus</i> Rech.fil.,SPECIES,Polygonaceae,2416.0,Rumex,2888942.0,Rumex crassus,4271172.0,100,EXACT,2,2,Rumex crassus,Rumex,Rumex,Rumex
Erythronium taylorii,2752848,Erythronium taylorii,<i>Erythronium</i> <i>taylorii</i> Shevock & G.A.Allen,SPECIES,Liliaceae,7699.0,Erythronium,2740136.0,Erythronium taylorii,2752848.0,100,EXACT,2,2,Erythronium taylorii,Erythronium,Erythronium,Erythronium
Pinus canariensis,5285243,Pinus canariensis,<i>Pinus</i> <i>canariensis</i> C.Sm.,SPECIES,Pinaceae,3925.0,Pinus,2684241.0,Pinus canariensis,5285243.0,99,EXACT,2,2,Pinus canariensis,Pinus,Pinus,Pinus
Ribes aureum villosum,4194303,Ribes aureum villosum,<i>Ribes</i> <i>aureum</i> var. <i>villosum</i> DC.,VARIETY,Grossulariaceae,2403.0,Ribes,2986095.0,Ribes aureum,2986111.0,85,EXACT,3,3,Ribes aureum villosum,Ribes,Ribes,Ribes
Crataegus margaretta,9029215,Crataegus margaretta,<i>Crataegus</i> <i>margaretta</i> Ashe,SPECIES,Rosaceae,5015.0,Crataegus,3013395.0,Crataegus margaretta,9029215.0,100,EXACT,2,2,Crataegus margaretta,Crataegus,Crataegus,Crataegus
Ceanothus pendletonensis,9682509,Ceanothus pendletonensis,"<i>Ceanothus</i> <i>pendletonensis</i> D.O.Burge, Rebman & M.R.Mulligan",SPECIES,Rhamnaceae,2407.0,Ceanothus,3039297.0,Ceanothus pendletonensis,9682509.0,100,EXACT,2,2,Ceanothus pendletonensis,Ceanothus,Ceanothus,Ceanothus
Allium dichlamydeum,2857412,Allium dichlamydeum,<i>Allium</i> <i>dichlamydeum</i> Greene,SPECIES,Amaryllidaceae,7682.0,Allium,9624496.0,Allium dichlamydeum,2857412.0,100,EXACT,2,2,Allium dichlamydeum,Allium,Allium,Allium
Viola hirsutula,5331320,Viola hirsutula,<i>Viola</i> <i>hirsutula</i> Brainerd,SPECIES,Violaceae,6631.0,Viola,2874237.0,Viola hirsutula,5331320.0,100,EXACT,2,2,Viola hirsutula,Viola,Viola,Viola
Claytonia cordifolia,3084737,Claytonia cordifolia,<i>Claytonia</i> <i>cordifolia</i> S.Watson,SPECIES,Montiaceae,4898338.0,Claytonia,3084729.0,Claytonia cordifolia,3084737.0,100,EXACT,2,2,Claytonia cordifolia,Claytonia,Claytonia,Claytonia
Oxalis colorea,3628358,Oxalis colorea,<i>Oxalis</i> <i>colorea</i> (Small) Fedde,SPECIES,Oxalidaceae,6697.0,Oxalis,2891642.0,Oxalis colorea,3628358.0,99,EXACT,2,2,Oxalis colorea,Oxalis,Oxalis,Oxalis
Quercus acerifolia,10998168,Quercus acerifolia,<i>Quercus</i> <i>acerifolia</i> (E.J.Palmer) Stoynoff & W.J.Hess ex R.J.Jensen,SPECIES,Fagaceae,4689.0,Quercus,2877951.0,Quercus acerifolia,10998168.0,99,EXACT,2,2,Quercus acerifolia,Quercus,Quercus,Quercus
Monarda clinopodioides,5341415,Monarda clinopodioides,<i>Monarda</i> <i>clinopodioides</i> A.Gray,SPECIES,Lamiaceae,2497.0,Monarda,2926838.0,Monarda clinopodioides,5341415.0,100,EXACT,2,2,Monarda clinopodioides,Monarda,Monarda,Monarda
Persicaria chinensis,4036385,Persicaria chinensis,<i>Persicaria</i> <i>chinensis</i> (L.) H.Gross,SPECIES,Polygonaceae,2416.0,Persicaria,6390748.0,Persicaria chinensis,4036385.0,99,EXACT,2,2,Persicaria chinensis,Persicaria,Persicaria,Persicaria
Pycnanthemum pycnanthemoides,2927362,Pycnanthemum pycnanthemoides,<i>Pycnanthemum</i> <i>pycnanthemoides</i> (Leavenw.) Fernald,SPECIES,Lamiaceae,2497.0,Pycnanthemum,2927338.0,Pycnanthemum pycnanthemoides,2927362.0,100,EXACT,2,2,Pycnanthemum pycnanthemoides,Pycnanthemum,Pycnanthemum,Pycnanthemum
Claytonia serpenticola,9358736,Claytonia serpenticola,<i>Claytonia</i> <i>serpenticola</i> Stoughton,SPECIES,Montiaceae,4898338.0,Claytonia,3084729.0,Claytonia serpenticola,9358736.0,100,EXACT,2,2,Claytonia serpenticola,Claytonia,Claytonia,Claytonia
Clinopodium menthifolium ascendens,3886463,Clinopodium menthifolium ascendens,<i>Clinopodium</i> <i>menthifolium</i> subsp. <i>ascendens</i> (Jord.) Govaerts,SUBSPECIES,Lamiaceae,2497.0,Clinopodium,2926907.0,Clinopodium menthifolium,11007246.0,88,EXACT,3,3,Clinopodium menthifolium ascendens,Clinopodium,Clinopodium,Clinopodium
Viola philippica,7296732,Viola philippica,<i>Viola</i> <i>philippica</i> Cav.,SPECIES,Violaceae,6631.0,Viola,2874237.0,Viola philippica,7296732.0,99,EXACT,2,2,Viola philippica,Viola,Viola,Viola
Viola pinetorum grisea,5665476,Viola pinetorum grisea,<i>Viola</i> <i>pinetorum</i> var. <i>grisea</i> Jeps.,VARIETY,Violaceae,6631.0,Viola,2874237.0,Viola pinetorum,5331223.0,85,EXACT,3,3,Viola pinetorum grisea,Viola,Viola,Viola
Primula pauciflora macrocarpa,5641494,Primula pauciflora macrocarpa,<i>Primula</i> <i>pauciflora</i> var. <i>macrocarpa</i> (A.Gray) A.R.Mast & Reveal,VARIETY,Primulaceae,6674.0,Dodecatheon,7597718.0,Dodecatheon pulchellum,3169253.0,88,EXACT,3,3,Primula pauciflora macrocarpa,Primula,Primula,Primula
Claytonia rubra rubra,7219457,Claytonia rubra rubra,<i>Claytonia</i> <i>rubra</i> subsp. <i>rubra</i>,SUBSPECIES,Montiaceae,4898338.0,Claytonia,3084729.0,Claytonia rubra,3084740.0,88,EXACT,3,3,Claytonia rubra rubra,Claytonia,Claytonia,Claytonia
Pedicularis canadensis fluviatilis,3725709,Pedicularis canadensis fluviatilis,<i>Pedicularis</i> <i>canadensis</i> subsp. <i>fluviatilis</i> (A.Heller) W.A.Weber,SUBSPECIES,Orobanchaceae,6651.0,Pedicularis,3171670.0,Pedicularis canadensis,3171674.0,84,EXACT,3,3,Pedicularis canadensis fluviatilis,Pedicularis,Pedicularis,Pedicularis
Eryngium yuccifolium yuccifolium,7258873,Eryngium yuccifolium yuccifolium,<i>Eryngium</i> <i>yuccifolium</i> var. <i>yuccifolium</i>,VARIETY,Apiaceae,6720.0,Eryngium,3034387.0,Eryngium yuccifolium,3034408.0,88,EXACT,3,3,Eryngium yuccifolium yuccifolium,Eryngium,Eryngium,Eryngium
Lilium pardalinum pitkinense,2753209,Lilium pardalinum pitkinense,<i>Lilium</i> <i>pardalinum</i> subsp. <i>pitkinense</i> (Beane & Vollmer) M.W.Skinner,SUBSPECIES,Liliaceae,7699.0,Lilium,2752977.0,Lilium pardalinum,2753192.0,88,EXACT,3,3,Lilium pardalinum pitkinense,Lilium,Lilium,Lilium
Chaerophyllum tainturieri dasycarpum,8689166,Chaerophyllum tainturieri dasycarpum,"<i>Chaerophyllum</i> <i>tainturieri</i> var. <i>dasycarpum</i> (J.M.Coult. & Rose) J.M.Coult. & Rose, 1900",VARIETY,Apiaceae,6720.0,Chaerophyllum,3034649.0,Chaerophyllum tainturieri,3034651.0,85,EXACT,3,3,Chaerophyllum tainturieri dasycarpum,Chaerophyllum,Chaerophyllum,Chaerophyllum
Viola arvensis arvensis,7296251,Viola arvensis arvensis,<i>Viola</i> <i>arvensis</i> subsp. <i>arvensis</i>,SUBSPECIES,Violaceae,6631.0,Viola,2874237.0,Viola arvensis,5331235.0,85,EXACT,3,3,Viola arvensis arvensis,Viola,Viola,Viola
Ribes mescalerium,2986158,Ribes mescalerium,<i>Ribes</i> <i>mescalerium</i> Coville,SPECIES,Grossulariaceae,2403.0,Ribes,2986095.0,Ribes mescalerium,2986158.0,100,EXACT,2,2,Ribes mescalerium,Ribes,Ribes,Ribes
Quercus × filialis,2878410,Quercus filialis,<i>Quercus</i> × <i>filialis</i> Little,SPECIES,Fagaceae,4689.0,Quercus,2877951.0,Quercus filialis,2878410.0,100,EXACT,3,2,Quercus filialis,Quercus,Quercus,Quercus
Erythronium umbilicatum,2752903,Erythronium umbilicatum,<i>Erythronium</i> <i>umbilicatum</i> C.R.Parks & Hardin,SPECIES,Liliaceae,7699.0,Erythronium,2740136.0,Erythronium umbilicatum,2752903.0,100,EXACT,2,2,Erythronium umbilicatum,Erythronium,Erythronium,Erythronium
Ribes laxiflorum,2986150,Ribes laxiflorum,<i>Ribes</i> <i>laxiflorum</i> Pursh,SPECIES,Grossulariaceae,2403.0,Ribes,2986095.0,Ribes laxiflorum,2986150.0,99,EXACT,2,2,Ribes laxiflorum,Ribes,Ribes,Ribes
Quercus falcata,2880967,Quercus falcata,<i>Quercus</i> <i>falcata</i> Michx.,SPECIES,Fagaceae,4689.0,Quercus,2877951.0,Quercus falcata,2880967.0,100,EXACT,2,2,Quercus falcata,Quercus,Quercus,Quercus
Rumex dentatus,2889038,Rumex dentatus,<i>Rumex</i> <i>dentatus</i> L.,SPECIES,Polygonaceae,2416.0,Rumex,2888942.0,Rumex dentatus,2889038.0,99,EXACT,2,2,Rumex dentatus,Rumex,Rumex,Rumex
Cirsium clokeyi,3113220,Cirsium clokeyi,<i>Cirsium</i> <i>clokeyi</i> S.F.Blake,SPECIES,Asteraceae,3065.0,Cirsium,3112554.0,Cirsium eatonii,3113381.0,100,EXACT,2,2,Cirsium clokeyi,Cirsium,Cirsium,Cirsium
Pedicularis canadensis canadensis,3171675,Pedicularis canadensis canadensis,<i>Pedicularis</i> <i>canadensis</i> var. <i>canadensis</i>,VARIETY,Orobanchaceae,6651.0,Pedicularis,3171670.0,Pedicularis canadensis,3171674.0,84,EXACT,3,3,Pedicularis canadensis canadensis,Pedicularis,Pedicularis,Pedicularis
Pinus contorta latifolia,5285756,Pinus contorta latifolia,<i>Pinus</i> <i>contorta</i> var. <i>latifolia</i> Engelm.,VARIETY,Pinaceae,3925.0,Pinus,2684241.0,Pinus contorta,5285750.0,85,EXACT,3,3,Pinus contorta latifolia,Pinus,Pinus,Pinus
Viola vallicola,5331175,Viola vallicola,<i>Viola</i> <i>vallicola</i> A.Nelson,SPECIES,Violaceae,6631.0,Viola,2874237.0,Viola vallicola,5331175.0,100,EXACT,2,2,Viola vallicola,Viola,Viola,Viola
Fragaria virginiana platypetala,8133484,Fragaria virginiana platypetala,<i>Fragaria</i> <i>virginiana</i> subsp. <i>platypetala</i> (Rydb.) A.E.Murray,SUBSPECIES,Rosaceae,5015.0,Fragaria,3029779.0,Fragaria virginiana,7950792.0,85,EXACT,3,3,Fragaria virginiana platypetala,Fragaria,Fragaria,Fragaria
Allium peninsulare peninsulare,7227637,Allium peninsulare peninsulare,<i>Allium</i> <i>peninsulare</i> var. <i>peninsulare</i>,VARIETY,Amaryllidaceae,7682.0,Allium,9624496.0,Allium peninsulare,2856390.0,88,EXACT,3,3,Allium peninsulare peninsulare,Allium,Allium,Allium
Cirsium remotifolium odontolepis,4219572,Cirsium remotifolium odontolepis,<i>Cirsium</i> <i>remotifolium</i> var. <i>odontolepis</i> Petr.,VARIETY,Asteraceae,3065.0,Cirsium,3112554.0,Cirsium remotifolium,3113736.0,88,EXACT,3,3,Cirsium remotifolium odontolepis,Cirsium,Cirsium,Cirsium
Osmorhiza longistylis villicaulis,3034158,Osmorhiza longistylis villicaulis,<i>Osmorhiza</i> <i>longistylis</i> var. <i>villicaulis</i> Fernald,VARIETY,Apiaceae,6720.0,Osmorhiza,3034140.0,Osmorhiza longistylis,3034155.0,88,EXACT,3,3,Osmorhiza longistylis villicaulis,Osmorhiza,Osmorhiza,Osmorhiza
Quercus × harbisonii,2880538,Quercus harbisonii,<i>Quercus</i> × <i>harbisonii</i> Sarg.,SPECIES,Fagaceae,4689.0,Quercus,2877951.0,Quercus harbisonii,2880538.0,100,EXACT,3,2,Quercus harbisonii,Quercus,Quercus,Quercus
Betula uber,5669409,Betula uber,<i>Betula</i> <i>uber</i> (Ashe) Fernald,SPECIES,Betulaceae,4688.0,Betula,2875008.0,Betula lenta,5331709.0,100,EXACT,2,2,Betula uber,Betula,Betula,Betula
Monarda fistulosa rubra,5605417,Monarda fistulosa rubra,<i>Monarda</i> <i>fistulosa</i> var. <i>rubra</i> A.Gray,VARIETY,Lamiaceae,2497.0,Monarda,2926838.0,Monarda fistulosa,5341411.0,88,EXACT,3,3,Monarda fistulosa rubra,Monarda,Monarda,Monarda
Rumex × confusus,2889024,Rumex confusus,<i>Rumex</i> × <i>confusus</i> Simonk.,SPECIES,Polygonaceae,2416.0,Rumex,2888942.0,Rumex confusus,2889024.0,100,EXACT,3,2,Rumex confusus,Rumex,Rumex,Rumex
Viburnum setigerum,2888604,Viburnum setigerum,<i>Viburnum</i> <i>setigerum</i> Hance,SPECIES,Viburnaceae,4924416.0,Viburnum,2888580.0,Viburnum setigerum,2888604.0,100,EXACT,2,2,Viburnum setigerum,Viburnum,Viburnum,Viburnum
Tragopogon eriospermus,5693308,Tragopogon eriospermus,<i>Tragopogon</i> <i>eriospermus</i> Ten.,SPECIES,Asteraceae,3065.0,Tragopogon,3092408.0,Tragopogon porrifolius,5386938.0,100,EXACT,2,2,Tragopogon eriospermus,Tragopogon,Tragopogon,Tragopogon
Claytonia parviflora viridis,4022997,Claytonia parviflora viridis,<i>Claytonia</i> <i>parviflora</i> subsp. <i>viridis</i> (Davidson) J.M.Mill. & K.L.Chambers,SUBSPECIES,Montiaceae,4898338.0,Claytonia,3084729.0,Claytonia parviflora,3084736.0,88,EXACT,3,3,Claytonia parviflora viridis,Claytonia,Claytonia,Claytonia
Quercus inopina,2880834,Quercus inopina,<i>Quercus</i> <i>inopina</i> Ashe,SPECIES,Fagaceae,4689.0,Quercus,2877951.0,Quercus inopina,2880834.0,100,EXACT,2,2,Quercus inopina,Quercus,Quercus,Quercus
Sparganium eurycarpum eurycarpum,7227192,Sparganium eurycarpum eurycarpum,<i>Sparganium</i> <i>eurycarpum</i> subsp. <i>eurycarpum</i>,SUBSPECIES,Typhaceae,4246.0,Sparganium,2702260.0,Sparganium eurycarpum,2702394.0,88,EXACT,3,3,Sparganium eurycarpum eurycarpum,Sparganium,Sparganium,Sparganium
Passiflora incarnata alba,3587408,Passiflora incarnata alba,<i>Passiflora</i> <i>incarnata</i> f. <i>alba</i> Waterf.,FORM,Passifloraceae,2378.0,Passiflora,2874172.0,Passiflora incarnata,2874218.0,88,EXACT,3,3,Passiflora incarnata alba,Passiflora,Passiflora,Passiflora
Sideroxylon lanuginosum rigidum,2887071,Sideroxylon lanuginosum rigidum,<i>Sideroxylon</i> <i>lanuginosum</i> subsp. <i>rigidum</i> (A.Gray) T.D.Penn.,SUBSPECIES,Sapotaceae,8802.0,Sideroxylon,2886817.0,Sideroxylon lanuginosum,2887069.0,85,EXACT,3,3,Sideroxylon lanuginosum rigidum,Sideroxylon,Sideroxylon,Sideroxylon
Amelanchier amabilis,3023845,Amelanchier amabilis,<i>Amelanchier</i> <i>amabilis</i> Wiegand,SPECIES,Rosaceae,5015.0,Amelanchier,3023817.0,Amelanchier sanguinea,3023840.0,100,EXACT,2,2,Amelanchier amabilis,Amelanchier,Amelanchier,Amelanchier
Phlox pilosa sangamonensis,4056624,Phlox pilosa sangamonensis,<i>Phlox</i> <i>pilosa</i> subsp. <i>sangamonensis</i> D.A.Levin & D.M.Sm.,SUBSPECIES,Polemoniaceae,6648.0,Phlox,2927698.0,Phlox pilosa,2927734.0,88,EXACT,3,3,Phlox pilosa sangamonensis,Phlox,Phlox,Phlox
Trillium albidum albidum,8209586,Trillium albidum albidum,<i>Trillium</i> <i>albidum</i> subsp. <i>albidum</i>,SUBSPECIES,Melanthiaceae,7700.0,Trillium,2742182.0,Trillium albidum,2742259.0,88,EXACT,3,3,Trillium albidum albidum,Trillium,Trillium,Trillium
Crataegus tanuphylla,3015010,Crataegus tanuphylla,<i>Crataegus</i> <i>tanuphylla</i> Sarg.,SPECIES,Rosaceae,5015.0,Crataegus,3013395.0,Crataegus tanuphylla,3015010.0,100,EXACT,2,2,Crataegus tanuphylla,Crataegus,Crataegus,Crataegus
Clinopodium mimuloides,2926928,Clinopodium mimuloides,<i>Clinopodium</i> <i>mimuloides</i> (Benth.) Kuntze,SPECIES,Lamiaceae,2497.0,Clinopodium,2926907.0,Clinopodium mimuloides,2926928.0,100,EXACT,2,2,Clinopodium mimuloides,Clinopodium,Clinopodium,Clinopodium
Quercus × heterophylla,2879971,Quercus heterophylla,<i>Quercus</i> × <i>heterophylla</i> F.Michx.,SPECIES,Fagaceae,4689.0,Quercus,2877951.0,Quercus heterophylla,2879971.0,99,EXACT,3,2,Quercus heterophylla,Quercus,Quercus,Quercus
Rubus tricolor,2989222,Rubus tricolor,<i>Rubus</i> <i>tricolor</i> Focke,SPECIES,Rosaceae,5015.0,Rubus,2988638.0,Rubus tricolor,2989222.0,99,EXACT,2,2,Rubus tricolor,Rubus,Rubus,Rubus
Persicaria amphibia stipulacea,4036983,Persicaria amphibia stipulacea,<i>Persicaria</i> <i>amphibia</i> var. <i>stipulacea</i> (N.Coleman) H.Hara,VARIETY,Polygonaceae,2416.0,Persicaria,6390748.0,Persicaria amphibia,6391648.0,88,EXACT,3,3,Persicaria amphibia stipulacea,Persicaria,Persicaria,Persicaria
Commelina erecta angustifolia,2764395,Commelina erecta angustifolia,"<i>Commelina</i> <i>erecta</i> var. <i>angustifolia</i> Alph.Wood, 1861",VARIETY,Commelinaceae,2763195.0,Commelina,2763939.0,Commelina erecta,2764389.0,85,EXACT,3,3,Commelina erecta angustifolia,Commelina,Commelina,Commelina
Polygonatum biflorum biflorum,4270343,Polygonatum biflorum biflorum,<i>Polygonatum</i> <i>biflorum</i> var. <i>biflorum</i>,VARIETY,Asparagaceae,7683.0,Polygonatum,2769995.0,Polygonatum biflorum,2770039.0,84,EXACT,3,3,Polygonatum biflorum biflorum,Polygonatum,Polygonatum,Polygonatum
Ceanothus gloriosus,3039305,Ceanothus gloriosus,<i>Ceanothus</i> <i>gloriosus</i> Howell,SPECIES,Rhamnaceae,2407.0,Ceanothus,3039297.0,Ceanothus gloriosus,3039305.0,100,EXACT,2,2,Ceanothus gloriosus,Ceanothus,Ceanothus,Ceanothus
Viola incognita,6397175,Viola incognita,<i>Viola</i> <i>incognita</i> Brainerd,SPECIES,Violaceae,6631.0,Viola,2874237.0,Viola incognita,6397175.0,100,EXACT,2,2,Viola incognita,Viola,Viola,Viola
Angelica dentata,5371785,Angelica dentata,<i>Angelica</i> <i>dentata</i> (Chapm.) J.M.Coult. & Rose,SPECIES,Apiaceae,6720.0,Angelica,3034560.0,Angelica venenosa,5371819.0,100,EXACT,2,2,Angelica dentata,Angelica,Angelica,Angelica
Allium sharsmithiae,2856376,Allium sharsmithiae,<i>Allium</i> <i>sharsmithiae</i> (Ownbey & Aase ex Traub) McNeal,SPECIES,Amaryllidaceae,7682.0,Allium,9624496.0,Allium sharsmithiae,2856376.0,99,EXACT,2,2,Allium sharsmithiae,Allium,Allium,Allium
Physalis hederifolia palmeri,7422372,Physalis hederifolia palmeri,<i>Physalis</i> <i>hederifolia</i> var. <i>palmeri</i> (A.Gray) C.L.Hitchc.,VARIETY,Solanaceae,7717.0,Physalis,2928907.0,Physalis hederifolia,5341807.0,87,EXACT,3,3,Physalis hederifolia palmeri,Physalis,Physalis,Physalis
Rubus satis,2994785,Rubus satis,<i>Rubus</i> <i>satis</i> L.H.Bailey,SPECIES,Rosaceae,5015.0,Rubus,2988638.0,Rubus ithacanus,2994784.0,100,EXACT,2,2,Rubus satis,Rubus,Rubus,Rubus
Quercus rubra rubra,7968447,Quercus rubra rubra,<i>Quercus</i> <i>rubra</i> var. <i>rubra</i>,VARIETY,Fagaceae,4689.0,Quercus,2877951.0,Quercus rubra,2880539.0,88,EXACT,3,3,Quercus rubra rubra,Quercus,Quercus,Quercus
Amelanchier × lamarckii,3024109,Amelanchier lamarckii,<i>Amelanchier</i> × <i>lamarckii</i> F.G.Schroed.,SPECIES,Rosaceae,5015.0,Amelanchier,3023817.0,Amelanchier lamarckii,3024109.0,100,EXACT,3,2,Amelanchier lamarckii,Amelanchier,Amelanchier,Amelanchier
Quercus rubra ambigua,2880559,Quercus rubra ambigua,"<i>Quercus</i> <i>rubra</i> var. <i>ambigua</i> Houba, 1887",VARIETY,Fagaceae,4689.0,Quercus,2877951.0,Quercus rubra,2880539.0,85,EXACT,3,3,Quercus rubra ambigua,Quercus,Quercus,Quercus
Cirsium serrulatum,8046394,Cirsium serrulatum,"<i>Cirsium</i> <i>serrulatum</i> M.Bieb., 1819",SPECIES,Asteraceae,3065.0,Cirsium,3112554.0,Cirsium serrulatum,8046394.0,99,EXACT,2,2,Cirsium serrulatum,Cirsium,Cirsium,Cirsium
Viola lanaiensis,5331187,Viola lanaiensis,<i>Viola</i> <i>lanaiensis</i> W.Becker,SPECIES,Violaceae,6631.0,Viola,2874237.0,Viola lanaiensis,5331187.0,100,EXACT,2,2,Viola lanaiensis,Viola,Viola,Viola
Oxalis oregana,8017574,Oxalis oregana,<i>Oxalis</i> <i>oregana</i> Nutt. ex Torr. & A.Gray,SPECIES,Oxalidaceae,6697.0,Oxalis,2891642.0,Oxalis oregana,8017574.0,99,EXACT,2,2,Oxalis oregana,Oxalis,Oxalis,Oxalis
Yucca filamentosa,2775561,Yucca filamentosa,<i>Yucca</i> <i>filamentosa</i> L.,SPECIES,Asparagaceae,7683.0,Yucca,2775496.0,Yucca filamentosa,2775561.0,99,EXACT,2,2,Yucca filamentosa,Yucca,Yucca,Yucca
Pinus strobiformis,5285004,Pinus strobiformis,<i>Pinus</i> <i>strobiformis</i> Engelm.,SPECIES,Pinaceae,3925.0,Pinus,2684241.0,Pinus strobiformis,5285004.0,100,EXACT,2,2,Pinus strobiformis,Pinus,Pinus,Pinus
Allium nevii,2855922,Allium nevii,<i>Allium</i> <i>nevii</i> S.Watson,SPECIES,Amaryllidaceae,7682.0,Allium,9624496.0,Allium nevii,2855922.0,100,EXACT,2,2,Allium nevii,Allium,Allium,Allium
Crataegus pruinosa,7790552,Crataegus pruinosa,<i>Crataegus</i> <i>pruinosa</i> H.L.Wendl.,SPECIES,Rosaceae,5015.0,Crataegus,3013395.0,Crataegus pruinosa,7790552.0,99,EXACT,2,2,Crataegus pruinosa,Crataegus,Crataegus,Crataegus
Cirsium brevifolium,3113356,Cirsium brevifolium,<i>Cirsium</i> <i>brevifolium</i> Nutt.,SPECIES,Asteraceae,3065.0,Cirsium,3112554.0,Cirsium brevifolium,3113356.0,100,EXACT,2,2,Cirsium brevifolium,Cirsium,Cirsium,Cirsium
Allium cristophii,2856780,Allium cristophii,<i>Allium</i> <i>cristophii</i> Trautv.,SPECIES,Amaryllidaceae,7682.0,Allium,9624496.0,Allium cristophii,2856780.0,100,EXACT,2,2,Allium cristophii,Allium,Allium,Allium
Rubus ulmifolius anoplothyrsus,9524237,Rubus ulmifolius anoplothyrsus,<i>Rubus</i> <i>ulmifolius</i> var. <i>anoplothyrsus</i> Sudre,VARIETY,Rosaceae,5015.0,Rubus,2988638.0,Rubus ulmifolius,2996929.0,88,EXACT,3,3,Rubus ulmifolius anoplothyrsus,Rubus,Rubus,Rubus
Tragopogon mirus,5386951,Tragopogon mirus,<i>Tragopogon</i> × <i>mirus</i> Ownbey,SPECIES,Asteraceae,3065.0,Tragopogon,3092408.0,Tragopogon mirus,5386951.0,100,EXACT,2,2,Tragopogon mirus,Tragopogon,Tragopogon,Tragopogon
Oxalis exilis,3626311,Oxalis exilis,<i>Oxalis</i> <i>exilis</i> A.Cunn.,SPECIES,Oxalidaceae,6697.0,Oxalis,2891642.0,Oxalis exilis,3626311.0,100,EXACT,2,2,Oxalis exilis,Oxalis,Oxalis,Oxalis
Perideridia gairdneri borealis,3634197,Perideridia gairdneri borealis,<i>Perideridia</i> <i>gairdneri</i> subsp. <i>borealis</i> T.I.Chuang & Constance,SUBSPECIES,Apiaceae,6720.0,Perideridia,3034536.0,Perideridia gairdneri,3034543.0,88,EXACT,3,3,Perideridia gairdneri borealis,Perideridia,Perideridia,Perideridia
Rubus ictus,2995997,Rubus ictus,<i>Rubus</i> <i>ictus</i> L.H.Bailey,SPECIES,Rosaceae,5015.0,Rubus,2988638.0,Rubus ictus,2995997.0,100,EXACT,2,2,Rubus ictus,Rubus,Rubus,Rubus
Pimpinella saxifraga saxifraga,7224271,Pimpinella saxifraga saxifraga,<i>Pimpinella</i> <i>saxifraga</i> subsp. <i>saxifraga</i>,SUBSPECIES,Apiaceae,6720.0,Pimpinella,3034784.0,Pimpinella saxifraga,7622278.0,85,EXACT,3,3,Pimpinella saxifraga saxifraga,Pimpinella,Pimpinella,Pimpinella
Viola hastata,5331331,Viola hastata,<i>Viola</i> <i>hastata</i> Michx.,SPECIES,Violaceae,6631.0,Viola,2874237.0,Viola hastata,5331331.0,100,EXACT,2,2,Viola hastata,Viola,Viola,Viola
Quercus × acutidens,2879060,Quercus acutidens,<i>Quercus</i> × <i>acutidens</i> Torr.,SPECIES,Fagaceae,4689.0,Quercus,2877951.0,Quercus acutidens,2879060.0,100,EXACT,3,2,Quercus acutidens,Quercus,Quercus,Quercus
Cirsium fontinale obispoense,4222723,Cirsium fontinale obispoense,<i>Cirsium</i> <i>fontinale</i> var. <i>obispoense</i> J.T.Howell,VARIETY,Asteraceae,3065.0,Cirsium,3112554.0,Cirsium fontinale,3112638.0,88,EXACT,3,3,Cirsium fontinale obispoense,Cirsium,Cirsium,Cirsium
Suaeda linearis,6447662,Suaeda linearis,<i>Suaeda</i> <i>linearis</i> (Elliott) Moq.,SPECIES,Amaranthaceae,3064.0,Suaeda,7677792.0,Suaeda linearis,6447662.0,100,EXACT,2,2,Suaeda linearis,Suaeda,Suaeda,Suaeda
Oxalis purpurea,2891764,Oxalis purpurea,<i>Oxalis</i> <i>purpurea</i> L.,SPECIES,Oxalidaceae,6697.0,Oxalis,2891642.0,Oxalis purpurea,2891764.0,99,EXACT,2,2,Oxalis purpurea,Oxalis,Oxalis,Oxalis
Rorippa palustris fernaldiana,3053179,Rorippa palustris fernaldiana,<i>Rorippa</i> <i>palustris</i> subsp. <i>fernaldiana</i> (Butters & Abbe) Jonsell,SUBSPECIES,Brassicaceae,3112.0,Rorippa,3053118.0,Rorippa palustris,3053168.0,84,EXACT,3,3,Rorippa palustris fernaldiana,Rorippa,Rorippa,Rorippa
Allium simillimum,2856005,Allium simillimum,<i>Allium</i> <i>simillimum</i> L.F.Hend.,SPECIES,Amaryllidaceae,7682.0,Allium,9624496.0,Allium simillimum,2856005.0,100,EXACT,2,2,Allium simillimum,Allium,Allium,Allium
Rubus fulleri,3000177,Rubus fulleri,<i>Rubus</i> <i>fulleri</i> L.H.Bailey,SPECIES,Rosaceae,5015.0,Rubus,2988638.0,Rubus wheeleri,3000174.0,100,EXACT,2,2,Rubus fulleri,Rubus,Rubus,Rubus
Ceanothus thyrsiflorus obispoensis,9650440,Ceanothus thyrsiflorus obispoensis,<i>Ceanothus</i> <i>thyrsiflorus</i> var. <i>obispoensis</i> D.O.Burge,VARIETY,Rhamnaceae,2407.0,Ceanothus,3039297.0,Ceanothus thyrsiflorus,3039379.0,88,EXACT,3,3,Ceanothus thyrsiflorus obispoensis,Ceanothus,Ceanothus,Ceanothus
Ribes nevadense,2986211,Ribes nevadense,<i>Ribes</i> <i>nevadense</i> Kellogg,SPECIES,Grossulariaceae,2403.0,Ribes,2986095.0,Ribes nevadense,2986211.0,100,EXACT,2,2,Ribes nevadense,Ribes,Ribes,Ribes
Viburnum opulus,2888605,Viburnum opulus,<i>Viburnum</i> <i>opulus</i> L.,SPECIES,Viburnaceae,4924416.0,Viburnum,2888580.0,Viburnum opulus,2888605.0,100,EXACT,2,2,Viburnum opulus,Viburnum,Viburnum,Viburnum
Pinus contorta bolanderi,5285754,Pinus contorta bolanderi,<i>Pinus</i> <i>contorta</i> var. <i>bolanderi</i> (Parl.) Vasey,VARIETY,Pinaceae,3925.0,Pinus,2684241.0,Pinus contorta,5285750.0,84,EXACT,3,3,Pinus contorta bolanderi,Pinus,Pinus,Pinus
Oxalis hispidula,3626759,Oxalis hispidula,<i>Oxalis</i> <i>hispidula</i> Zucc.,SPECIES,Oxalidaceae,6697.0,Oxalis,2891642.0,Oxalis hispidula,3626759.0,100,EXACT,2,2,Oxalis hispidula,Oxalis,Oxalis,Oxalis
Silphium perfoliatum perfoliatum,7223120,Silphium perfoliatum perfoliatum,"<i>Silphium</i> <i>perfoliatum</i> var. <i>perfoliatum</i> Linnaeus, 1759",VARIETY,Asteraceae,3065.0,Silphium,3092563.0,Silphium perfoliatum,3092576.0,85,EXACT,3,3,Silphium perfoliatum perfoliatum,Silphium,Silphium,Silphium
Claytonia lanceolata sessilifolia,4023532,Claytonia lanceolata sessilifolia,<i>Claytonia</i> <i>lanceolata</i> var. <i>sessilifolia</i> (Torr.) A.Nelson,VARIETY,Montiaceae,4898338.0,Claytonia,3084729.0,Claytonia lanceolata,3084746.0,88,EXACT,3,3,Claytonia lanceolata sessilifolia,Claytonia,Claytonia,Claytonia
Cakile edentula lacustris,6392766,Cakile edentula lacustris,<i>Cakile</i> <i>edentula</i> var. <i>lacustris</i> Fernald,VARIETY,Brassicaceae,3112.0,Cakile,3048827.0,Cakile edentula,3048882.0,85,EXACT,3,3,Cakile edentula lacustris,Cakile,Cakile,Cakile
Allium ursinum,2857601,Allium ursinum,<i>Allium</i> <i>ursinum</i> L.,SPECIES,Amaryllidaceae,7682.0,Allium,9624496.0,Allium ursinum,2857601.0,100,EXACT,2,2,Allium ursinum,Allium,Allium,Allium
Oxalis albicans,2891711,Oxalis albicans,<i>Oxalis</i> <i>albicans</i> Kunth,SPECIES,Oxalidaceae,6697.0,Oxalis,2891642.0,Oxalis albicans,2891711.0,100,EXACT,2,2,Oxalis albicans,Oxalis,Oxalis,Oxalis
Solidago canadensis canadensis,7222647,Solidago canadensis canadensis,"<i>Solidago</i> <i>canadensis</i> var. <i>canadensis</i> Linnaeus, 1753",VARIETY,Asteraceae,3065.0,Solidago,5388868.0,Solidago canadensis,5389029.0,85,EXACT,3,3,Solidago canadensis canadensis,Solidago,Solidago,Solidago
Juniperus communis kelleyi,7723768,Juniperus communis kelleyi,<i>Juniperus</i> <i>communis</i> var. <i>kelleyi</i> R.P.Adams,VARIETY,Cupressaceae,8144.0,Juniperus,2684359.0,Juniperus communis,2684709.0,88,EXACT,3,3,Juniperus communis kelleyi,Juniperus,Juniperus,Juniperus
Allium falcifolium,2857472,Allium falcifolium,<i>Allium</i> <i>falcifolium</i> Hook. & Arn.,SPECIES,Amaryllidaceae,7682.0,Allium,9624496.0,Allium falcifolium,2857472.0,100,EXACT,2,2,Allium falcifolium,Allium,Allium,Allium
Sanicula graveolens,3034858,Sanicula graveolens,<i>Sanicula</i> <i>graveolens</i> Poepp. ex DC.,SPECIES,Apiaceae,6720.0,Sanicula,3034831.0,Sanicula graveolens,3034858.0,99,EXACT,2,2,Sanicula graveolens,Sanicula,Sanicula,Sanicula
Persicaria robustior,2889144,Persicaria robustior,<i>Persicaria</i> <i>robustior</i> (Small) E.P.Bicknell,SPECIES,Polygonaceae,2416.0,Persicaria,6390748.0,Persicaria robustior,2889144.0,100,EXACT,2,2,Persicaria robustior,Persicaria,Persicaria,Persicaria
Quercus similis,2879830,Quercus similis,<i>Quercus</i> <i>similis</i> Ashe,SPECIES,Fagaceae,4689.0,Quercus,2877951.0,Quercus similis,2879830.0,100,EXACT,2,2,Quercus similis,Quercus,Quercus,Quercus
Viola pinetorum pinetorum,7095969,Viola pinetorum pinetorum,<i>Viola</i> <i>pinetorum</i> var. <i>pinetorum</i>,VARIETY,Violaceae,6631.0,Viola,2874237.0,Viola pinetorum,5331223.0,85,EXACT,3,3,Viola pinetorum pinetorum,Viola,Viola,Viola
Hemerocallis fulva kwanso,2781077,Hemerocallis fulva kwanso,<i>Hemerocallis</i> <i>fulva</i> f. <i>kwanso</i> (Regel) Kitam.,FORM,Asphodelaceae,4259209.0,Hemerocallis,9557223.0,Hemerocallis fulva,2781074.0,84,EXACT,3,3,Hemerocallis fulva kwanso,Hemerocallis,Hemerocallis,Hemerocallis
Urtica dioica sondenii,5670458,Urtica dioica sondenii,<i>Urtica</i> <i>dioica</i> subsp. <i>sondenii</i> (Simmons) Hyl.,SUBSPECIES,Urticaceae,6639.0,Urtica,2984391.0,Urtica dioica,7960979.0,85,EXACT,3,3,Urtica dioica sondenii,Urtica,Urtica,Urtica
Oxalis × vanaelstii,11143727,Oxalis vanaelstii,"<i>Oxalis</i> × <i>vanaelstii</i> Hoste, Meeus & Groom",SPECIES,Oxalidaceae,6697.0,Oxalis,2891642.0,Oxalis vanaelstii,11143727.0,100,EXACT,3,2,Oxalis vanaelstii,Oxalis,Oxalis,Oxalis
Carya glabra glabra,7096646,Carya glabra glabra,<i>Carya</i> <i>glabra</i> var. <i>glabra</i>,VARIETY,Juglandaceae,2499.0,Carya,3054287.0,Carya glabra,3054325.0,88,EXACT,3,3,Carya glabra glabra,Carya,Carya,Carya
Lomatium foeniculaceum daucifolium,6423486,Lomatium foeniculaceum daucifolium,<i>Lomatium</i> <i>foeniculaceum</i> subsp. <i>daucifolium</i> (Torr. & A.Gray) W.L.Theob.,SUBSPECIES,Apiaceae,6720.0,Lomatium,8394726.0,Lomatium foeniculaceum,3034267.0,85,EXACT,3,3,Lomatium foeniculaceum daucifolium,Lomatium,Lomatium,Lomatium
Stellaria porsildii,5384678,Stellaria porsildii,<i>Stellaria</i> <i>porsildii</i> C.C.Chinnappa,SPECIES,Caryophyllaceae,2518.0,Stellaria,3085667.0,Stellaria porsildii,5384678.0,100,EXACT,2,2,Stellaria porsildii,Stellaria,Stellaria,Stellaria
Foeniculum vulgare vulgare,7224221,Foeniculum vulgare vulgare,<i>Foeniculum</i> <i>vulgare</i> subsp. <i>vulgare</i>,SUBSPECIES,Apiaceae,6720.0,Foeniculum,10704390.0,Foeniculum vulgare,3034922.0,85,EXACT,3,3,Foeniculum vulgare vulgare,Foeniculum,Foeniculum,Foeniculum
Rubus ithacanus,2994784,Rubus ithacanus,<i>Rubus</i> <i>ithacanus</i> L.H.Bailey,SPECIES,Rosaceae,5015.0,Rubus,2988638.0,Rubus ithacanus,2994784.0,100,EXACT,2,2,Rubus ithacanus,Rubus,Rubus,Rubus
Erythronium albidum,2752906,Erythronium albidum,<i>Erythronium</i> <i>albidum</i> Nutt.,SPECIES,Liliaceae,7699.0,Erythronium,2740136.0,Erythronium albidum,2752906.0,100,EXACT,2,2,Erythronium albidum,Erythronium,Erythronium,Erythronium
Oxalis corniculata,8427624,Oxalis corniculata,<i>Oxalis</i> <i>corniculata</i> L.,SPECIES,Oxalidaceae,6697.0,Oxalis,2891642.0,Oxalis corniculata,8427624.0,100,EXACT,2,2,Oxalis corniculata,Oxalis,Oxalis,Oxalis
Yucca elata,2775775,Yucca elata,<i>Yucca</i> <i>elata</i> (Engelm.) Engelm.,SPECIES,Asparagaceae,7683.0,Yucca,2775496.0,Yucca elata,2775775.0,100,EXACT,2,2,Yucca elata,Yucca,Yucca,Yucca
Viola communis,5663261,Viola communis,<i>Viola</i> <i>communis</i> Pollard,SPECIES,Violaceae,6631.0,Viola,2874237.0,Viola communis,5663261.0,100,EXACT,2,2,Viola communis,Viola,Viola,Viola
Salicornia depressa,5383963,Salicornia depressa,<i>Salicornia</i> <i>depressa</i> Standl.,SPECIES,Amaranthaceae,3064.0,Salicornia,3083796.0,Salicornia virginica,8028759.0,100,EXACT,2,2,Salicornia depressa,Salicornia,Salicornia,Salicornia
Viola praemorsa,7884309,Viola praemorsa,<i>Viola</i> <i>praemorsa</i> Douglas,SPECIES,Violaceae,6631.0,Viola,2874237.0,Viola praemorsa,7884309.0,99,EXACT,2,2,Viola praemorsa,Viola,Viola,Viola
Rumex densiflorus,2888957,Rumex densiflorus,<i>Rumex</i> <i>densiflorus</i> Osterh.,SPECIES,Polygonaceae,2416.0,Rumex,2888942.0,Rumex densiflorus,2888957.0,100,EXACT,2,2,Rumex densiflorus,Rumex,Rumex,Rumex
Commelina communis communis,2764295,Commelina communis communis,<i>Commelina</i> <i>communis</i> var. <i>communis</i>,VARIETY,Commelinaceae,2763195.0,Commelina,2763939.0,Commelina communis,2764179.0,88,EXACT,3,3,Commelina communis communis,Commelina,Commelina,Commelina
Claytonia perfoliata mexicana,4022904,Claytonia perfoliata mexicana,<i>Claytonia</i> <i>perfoliata</i> subsp. <i>mexicana</i> (Rydb.) J.M.Mill. & K.L.Chambers,SUBSPECIES,Montiaceae,4898338.0,Claytonia,3084729.0,Claytonia perfoliata,7736011.0,88,EXACT,3,3,Claytonia perfoliata mexicana,Claytonia,Claytonia,Claytonia
Rubus sons,2990157,Rubus sons,<i>Rubus</i> <i>sons</i> L.H.Bailey,SPECIES,Rosaceae,5015.0,Rubus,2988638.0,Rubus sons,2990157.0,100,EXACT,2,2,Rubus sons,Rubus,Rubus,Rubus
Ceanothus × flexilis,10458691,Ceanothus flexilis,<i>Ceanothus</i> × <i>flexilis</i> Mc Minn,SPECIES,Rhamnaceae,2407.0,Ceanothus,3039297.0,Ceanothus flexilis,10458691.0,99,EXACT,3,2,Ceanothus flexilis,Ceanothus,Ceanothus,Ceanothus
Quercus muehlenbergii,2879947,Quercus muehlenbergii,<i>Quercus</i> <i>muehlenbergii</i> Engelm.,SPECIES,Fagaceae,4689.0,Quercus,2877951.0,Quercus muehlenbergii,2879947.0,100,EXACT,2,2,Quercus muehlenbergii,Quercus,Quercus,Quercus
Ceanothus velutinus,7723763,Ceanothus velutinus,<i>Ceanothus</i> <i>velutinus</i> Douglas,SPECIES,Rhamnaceae,2407.0,Ceanothus,3039297.0,Ceanothus velutinus,7723763.0,99,EXACT,2,2,Ceanothus velutinus,Ceanothus,Ceanothus,Ceanothus
Pinus balfouriana balfouriana,5285708,Pinus balfouriana,<i>Pinus</i> <i>balfouriana</i> Balf.,SPECIES,Pinaceae,3925.0,Pinus,2684241.0,Pinus balfouriana,5285708.0,99,HIGHERRANK,3,2,Pinus balfouriana,Pinus,Pinus,Pinus
Physalis philadelphica,8969026,Physalis philadelphica,<i>Physalis</i> <i>philadelphica</i> Lam.,SPECIES,Solanaceae,7717.0,Physalis,2928907.0,Physalis philadelphica,8969026.0,99,EXACT,2,2,Physalis philadelphica,Physalis,Physalis,Physalis
Cirsium hydrophilum vaseyi,4222017,Cirsium hydrophilum vaseyi,<i>Cirsium</i> <i>hydrophilum</i> var. <i>vaseyi</i> (A.Gray) J.T.Howell,VARIETY,Asteraceae,3065.0,Cirsium,3112554.0,Cirsium hydrophilum,3112555.0,88,EXACT,3,3,Cirsium hydrophilum vaseyi,Cirsium,Cirsium,Cirsium
Rubus setosus,7769228,Rubus setosus,<i>Rubus</i> × <i>setosus</i> Bigelow,SPECIES,Rosaceae,5015.0,Rubus,2988638.0,Rubus setosus,7769228.0,99,EXACT,2,2,Rubus setosus,Rubus,Rubus,Rubus
Viola tenuipes,5663628,Viola tenuipes,<i>Viola</i> <i>tenuipes</i> Pollard,SPECIES,Violaceae,6631.0,Viola,2874237.0,Viola tenuipes,5663628.0,100,EXACT,2,2,Viola tenuipes,Viola,Viola,Viola
Viola × eclipes,5331177,Viola eclipes,<i>Viola</i> × <i>eclipes</i> H.E.Ballard,SPECIES,Violaceae,6631.0,Viola,2874237.0,Viola eclipes,5331177.0,100,EXACT,3,2,Viola eclipes,Viola,Viola,Viola
Brassica rapa rapa,7225636,Brassica rapa rapa,<i>Brassica</i> <i>rapa</i> subsp. <i>rapa</i>,SUBSPECIES,Brassicaceae,3112.0,Brassica,3042506.0,Brassica rapa,7903057.0,85,EXACT,3,3,Brassica rapa rapa,Brassica,Brassica,Brassica
Quercus × faxonii,2879860,Quercus faxonii,<i>Quercus</i> × <i>faxonii</i> Trel.,SPECIES,Fagaceae,4689.0,Quercus,2877951.0,Quercus faxonii,2879860.0,100,EXACT,3,2,Quercus faxonii,Quercus,Quercus,Quercus
Ceanothus crassifolius crassifolius,3039308,Ceanothus crassifolius,<i>Ceanothus</i> <i>crassifolius</i> Torr.,SPECIES,Rhamnaceae,2407.0,Ceanothus,3039297.0,Ceanothus crassifolius,3039308.0,100,HIGHERRANK,3,2,Ceanothus crassifolius,Ceanothus,Ceanothus,Ceanothus
Rubus pensilvanicus,2989061,Rubus pensilvanicus,<i>Rubus</i> × <i>pensilvanicus</i> Poir.,SPECIES,Rosaceae,5015.0,Rubus,2988638.0,Rubus pensilvanicus,2989061.0,100,EXACT,2,2,Rubus pensilvanicus,Rubus,Rubus,Rubus
Rubus pedatus,2993074,Rubus pedatus,<i>Rubus</i> <i>pedatus</i> Sm.,SPECIES,Rosaceae,5015.0,Rubus,2988638.0,Rubus pedatus,2993074.0,99,EXACT,2,2,Rubus pedatus,Rubus,Rubus,Rubus
Juniperus virginiana virginiana,7071099,Juniperus virginiana virginiana,<i>Juniperus</i> <i>virginiana</i> var. <i>virginiana</i>,VARIETY,Cupressaceae,8144.0,Juniperus,2684359.0,Juniperus virginiana,2684391.0,88,EXACT,3,3,Juniperus virginiana virginiana,Juniperus,Juniperus,Juniperus
Allium lemmonii,2857108,Allium lemmonii,<i>Allium</i> <i>lemmonii</i> S.Watson,SPECIES,Amaryllidaceae,7682.0,Allium,9624496.0,Allium lemmonii,2857108.0,100,EXACT,2,2,Allium lemmonii,Allium,Allium,Allium
Vaccinium ashei,2882888,Vaccinium ashei,<i>Vaccinium</i> <i>ashei</i> Rehder,SPECIES,Ericaceae,2505.0,Vaccinium,2882813.0,Vaccinium corymbosum,2882849.0,99,EXACT,2,2,Vaccinium ashei,Vaccinium,Vaccinium,Vaccinium
Allium geyeri geyeri,7227639,Allium geyeri geyeri,<i>Allium</i> <i>geyeri</i> var. <i>geyeri</i>,VARIETY,Amaryllidaceae,7682.0,Allium,9624496.0,Allium geyeri,2857196.0,88,EXACT,3,3,Allium geyeri geyeri,Allium,Allium,Allium
Lamium purpureum incisum,4273231,Lamium purpureum incisum,<i>Lamium</i> <i>purpureum</i> var. <i>incisum</i> (Willd.) Pers.,VARIETY,Lamiaceae,2497.0,Lamium,2926678.0,Lamium purpureum,2926682.0,85,EXACT,3,3,Lamium purpureum incisum,Lamium,Lamium,Lamium
Quercus glauca,2876873,Quercus glauca,<i>Quercus</i> <i>glauca</i> Thunb.,SPECIES,Fagaceae,4689.0,Quercus,2877951.0,Quercus glauca,2876873.0,99,EXACT,2,2,Quercus glauca,Quercus,Quercus,Quercus
Persicaria hydropiperoides,2889340,Persicaria hydropiperoides,<i>Persicaria</i> <i>hydropiperoides</i> (Michx.) Small,SPECIES,Polygonaceae,2416.0,Persicaria,6390748.0,Persicaria hydropiperoides,2889340.0,100,EXACT,2,2,Persicaria hydropiperoides,Persicaria,Persicaria,Persicaria
Quercus geminata,2878250,Quercus geminata,<i>Quercus</i> <i>geminata</i> Small,SPECIES,Fagaceae,4689.0,Quercus,2877951.0,Quercus geminata,2878250.0,99,EXACT,2,2,Quercus geminata,Quercus,Quercus,Quercus
Picea sitchensis,5284827,Picea sitchensis,<i>Picea</i> <i>sitchensis</i> (Bong.) Carrière,SPECIES,Pinaceae,3925.0,Picea,7606064.0,Picea sitchensis,5284827.0,99,EXACT,2,2,Picea sitchensis,Picea,Picea,Picea
Rubus frondosus,2997679,Rubus frondosus,<i>Rubus</i> <i>frondosus</i> Bigelow,SPECIES,Rosaceae,5015.0,Rubus,2988638.0,Rubus frondosus,2997679.0,100,EXACT,2,2,Rubus frondosus,Rubus,Rubus,Rubus
Primula clevelandii clevelandii,7223625,Primula clevelandii clevelandii,<i>Primula</i> <i>clevelandii</i> var. <i>clevelandii</i>,VARIETY,Primulaceae,6674.0,Dodecatheon,7597718.0,Dodecatheon clevelandii,3169271.0,84,EXACT,3,3,Primula clevelandii clevelandii,Primula,Primula,Primula
Peraphyllum ramosissimum,2987832,Peraphyllum ramosissimum,<i>Peraphyllum</i> <i>ramosissimum</i> Nutt. ex Torr. & A.Gray,SPECIES,Rosaceae,5015.0,Amelanchier,3023817.0,Amelanchier ramosissima,12250196.0,99,EXACT,2,2,Peraphyllum ramosissimum,Peraphyllum,Peraphyllum,Peraphyllum
Claytonia acutifolia,7593208,Claytonia acutifolia,<i>Claytonia</i> <i>acutifolia</i> Pall. ex Willd.,SPECIES,Montiaceae,4898338.0,Claytonia,3084729.0,Claytonia acutifolia,7593208.0,99,EXACT,2,2,Claytonia acutifolia,Claytonia,Claytonia,Claytonia
Allium madidum,2857395,Allium madidum,<i>Allium</i> <i>madidum</i> S.Watson,SPECIES,Amaryllidaceae,7682.0,Allium,9624496.0,Allium madidum,2857395.0,100,EXACT,2,2,Allium madidum,Allium,Allium,Allium
Quercus frainetto,2879504,Quercus frainetto,<i>Quercus</i> <i>frainetto</i> Ten.,SPECIES,Fagaceae,4689.0,Quercus,2877951.0,Quercus conferta,2879520.0,100,EXACT,2,2,Quercus frainetto,Quercus,Quercus,Quercus
Allium cernuum neomexicanum,2857538,Allium cernuum neomexicanum,<i>Allium</i> <i>cernuum</i> subsp. <i>neomexicanum</i> (Rydb.) Traub & Ownbey,SUBSPECIES,Amaryllidaceae,7682.0,Allium,9624496.0,Allium cernuum,2856745.0,84,EXACT,3,3,Allium cernuum neomexicanum,Allium,Allium,Allium
Rubus sieboldii,2995482,Rubus sieboldii,<i>Rubus</i> <i>sieboldii</i> Blume,SPECIES,Rosaceae,5015.0,Rubus,2988638.0,Rubus sieboldii,2995482.0,100,EXACT,2,2,Rubus sieboldii,Rubus,Rubus,Rubus
Viburnum recognitum,6369733,Viburnum recognitum,<i>Viburnum</i> <i>recognitum</i> Fernald,SPECIES,Viburnaceae,4924416.0,Viburnum,2888580.0,Viburnum recognitum,6369733.0,100,EXACT,2,2,Viburnum recognitum,Viburnum,Viburnum,Viburnum
Pinus arizonica,5285094,Pinus arizonica,<i>Pinus</i> <i>arizonica</i> Engelm.,SPECIES,Pinaceae,3925.0,Pinus,2684241.0,Pinus arizonica,5285094.0,100,EXACT,2,2,Pinus arizonica,Pinus,Pinus,Pinus
Lilium washingtonianum,2752992,Lilium washingtonianum,<i>Lilium</i> <i>washingtonianum</i> Kellogg,SPECIES,Liliaceae,7699.0,Lilium,2752977.0,Lilium washingtonianum,2752992.0,99,EXACT,2,2,Lilium washingtonianum,Lilium,Lilium,Lilium
Youngia japonica japonica,5696356,Youngia japonica japonica,<i>Youngia</i> <i>japonica</i> subsp. <i>japonica</i>,SUBSPECIES,Asteraceae,3065.0,Youngia,3095748.0,Youngia japonica,5387974.0,85,EXACT,3,3,Youngia japonica japonica,Youngia,Youngia,Youngia
Viola banksii,5665311,Viola banksii,<i>Viola</i> <i>banksii</i> K.R.Thiele & Prober,SPECIES,Violaceae,6631.0,Viola,2874237.0,Viola banksii,5665311.0,100,EXACT,2,2,Viola banksii,Viola,Viola,Viola
Trillium rugelii,2742385,Trillium rugelii,<i>Trillium</i> <i>rugelii</i> Rendle,SPECIES,Melanthiaceae,7700.0,Trillium,2742182.0,Trillium rugelii,2742385.0,100,EXACT,2,2,Trillium rugelii,Trillium,Trillium,Trillium
Viola langsdorffii,8758339,Viola langsdorffii,<i>Viola</i> <i>langsdorffii</i> Fisch. ex DC.,SPECIES,Violaceae,6631.0,Viola,2874237.0,Viola langsdorffii,8758339.0,100,EXACT,2,2,Viola langsdorffii,Viola,Viola,Viola
Vaccinium alaskaense,2882858,Vaccinium alaskaense,<i>Vaccinium</i> <i>alaskaense</i> Howell,SPECIES,Ericaceae,2505.0,Vaccinium,2882813.0,Vaccinium ovalifolium,2882894.0,99,EXACT,2,2,Vaccinium alaskaense,Vaccinium,Vaccinium,Vaccinium
Trillium grandiflorum roseum,6413136,Trillium grandiflorum roseum,<i>Trillium</i> <i>grandiflorum</i> var. <i>roseum</i> Hubbard,VARIETY,Melanthiaceae,7700.0,Trillium,2742182.0,Trillium grandiflorum,2742283.0,85,EXACT,3,3,Trillium grandiflorum roseum,Trillium,Trillium,Trillium
Ceanothus oliganthus orcuttii,3039400,Ceanothus oliganthus orcuttii,<i>Ceanothus</i> <i>oliganthus</i> var. <i>orcuttii</i> (Parry) Trel. ex Jeps.,VARIETY,Rhamnaceae,2407.0,Ceanothus,3039297.0,Ceanothus oliganthus,3039398.0,84,EXACT,3,3,Ceanothus oliganthus orcuttii,Ceanothus,Ceanothus,Ceanothus
Rubus jaysmithii,2992091,Rubus jaysmithii,<i>Rubus</i> <i>jaysmithii</i> L.H.Bailey,SPECIES,Rosaceae,5015.0,Rubus,2988638.0,Rubus multifer,2992089.0,100,EXACT,2,2,Rubus jaysmithii,Rubus,Rubus,Rubus
Lathyrus venosus intonsus,5356585,Lathyrus venosus intonsus,<i>Lathyrus</i> <i>venosus</i> var. <i>intonsus</i> Butters & H.St.John,VARIETY,Fabaceae,5386.0,Lathyrus,10356062.0,Lathyrus venosus,5356511.0,88,EXACT,3,3,Lathyrus venosus intonsus,Lathyrus,Lathyrus,Lathyrus
Trillium erectum,2742342,Trillium erectum,<i>Trillium</i> <i>erectum</i> L.,SPECIES,Melanthiaceae,7700.0,Trillium,2742182.0,Trillium erectum,2742342.0,99,EXACT,2,2,Trillium erectum,Trillium,Trillium,Trillium
Clinopodium arkansanum,2926930,Clinopodium arkansanum,<i>Clinopodium</i> <i>arkansanum</i> (Nutt.) House,SPECIES,Lamiaceae,2497.0,Clinopodium,2926907.0,Clinopodium arkansanum,2926930.0,99,EXACT,2,2,Clinopodium arkansanum,Clinopodium,Clinopodium,Clinopodium
Viola kauaensis,5331357,Viola kauaensis,<i>Viola</i> <i>kauaensis</i> A.Gray,SPECIES,Violaceae,6631.0,Viola,2874237.0,Viola kauaensis,5331357.0,100,EXACT,2,2,Viola kauaensis,Viola,Viola,Viola
Quercus pumila,2878192,Quercus pumila,<i>Quercus</i> <i>pumila</i> Walter,SPECIES,Fagaceae,4689.0,Quercus,2877951.0,Quercus pumila,2878192.0,99,EXACT,2,2,Quercus pumila,Quercus,Quercus,Quercus
Ribes lobbii,2986116,Ribes lobbii,<i>Ribes</i> <i>lobbii</i> A.Gray,SPECIES,Grossulariaceae,2403.0,Ribes,2986095.0,Ribes lobbii,2986116.0,100,EXACT,2,2,Ribes lobbii,Ribes,Ribes,Ribes
Erythronium pusaterii,2752888,Erythronium pusaterii,"<i>Erythronium</i> <i>pusaterii</i> (Munz & J.T.Howell) Shevock, Bartel & G.A.Allen",SPECIES,Liliaceae,7699.0,Erythronium,2740136.0,Erythronium pusaterii,2752888.0,100,EXACT,2,2,Erythronium pusaterii,Erythronium,Erythronium,Erythronium
Rubus parvifolius,2991373,Rubus parvifolius,<i>Rubus</i> <i>parvifolius</i> L.,SPECIES,Rosaceae,5015.0,Rubus,2988638.0,Rubus parvifolius,2991373.0,99,EXACT,2,2,Rubus parvifolius,Rubus,Rubus,Rubus
Rubus laudatus,2991179,Rubus laudatus,<i>Rubus</i> <i>laudatus</i> A.Berger,SPECIES,Rosaceae,5015.0,Rubus,2988638.0,Rubus laudatus,2991179.0,100,EXACT,2,2,Rubus laudatus,Rubus,Rubus,Rubus
Rubus serratus,2992000,Rubus serratus,<i>Rubus</i> <i>serratus</i> J.F.Gmel.,SPECIES,Rosaceae,5015.0,Rubus,2988638.0,Rubus serratus,2992000.0,99,EXACT,2,2,Rubus serratus,Rubus,Rubus,Rubus
Claytonia multiscapa multiscapa,7219456,Claytonia multiscapa multiscapa,<i>Claytonia</i> <i>multiscapa</i> subsp. <i>multiscapa</i>,SUBSPECIES,Montiaceae,4898338.0,Claytonia,3084729.0,Claytonia multiscapa,7125671.0,88,EXACT,3,3,Claytonia multiscapa multiscapa,Claytonia,Claytonia,Claytonia
Oxalis debilis,2891707,Oxalis debilis,<i>Oxalis</i> <i>debilis</i> Kunth,SPECIES,Oxalidaceae,6697.0,Oxalis,2891642.0,Oxalis debilis,2891707.0,100,EXACT,2,2,Oxalis debilis,Oxalis,Oxalis,Oxalis
Quercus garryana garryana,2879266,Quercus garryana garryana,<i>Quercus</i> <i>garryana</i> var. <i>garryana</i>,VARIETY,Fagaceae,4689.0,Quercus,2877951.0,Quercus garryana,2879260.0,88,EXACT,3,3,Quercus garryana garryana,Quercus,Quercus,Quercus
Abies balsamea balsamea,7230712,Abies balsamea balsamea,<i>Abies</i> <i>balsamea</i> var. <i>balsamea</i>,VARIETY,Pinaceae,3925.0,Abies,2684876.0,Abies balsamea,2685383.0,85,EXACT,3,3,Abies balsamea balsamea,Abies,Abies,Abies
Quercus agrifolia oxyadenia,2880795,Quercus agrifolia oxyadenia,<i>Quercus</i> <i>agrifolia</i> var. <i>oxyadenia</i> (Torr.) J.T.Howell,VARIETY,Fagaceae,4689.0,Quercus,2877951.0,Quercus agrifolia,2880791.0,88,EXACT,3,3,Quercus agrifolia oxyadenia,Quercus,Quercus,Quercus
Cirsium arizonicum arizonicum,7222536,Cirsium arizonicum arizonicum,<i>Cirsium</i> <i>arizonicum</i> var. <i>arizonicum</i>,VARIETY,Asteraceae,3065.0,Cirsium,3112554.0,Cirsium arizonicum,3112861.0,88,EXACT,3,3,Cirsium arizonicum arizonicum,Cirsium,Cirsium,Cirsium
Vitis palmata,5372414,Vitis palmata,<i>Vitis</i> <i>palmata</i> Vahl,SPECIES,Vitaceae,6672.0,Vitis,7467468.0,Vitis palmata,5372414.0,99,EXACT,2,2,Vitis palmata,Vitis,Vitis,Vitis
Lycopus cokeri,5341457,Lycopus cokeri,<i>Lycopus</i> <i>cokeri</i> H.E.Ahles ex Sorrie,SPECIES,Lamiaceae,2497.0,Lycopus,2927122.0,Lycopus cokeri,5341457.0,99,EXACT,2,2,Lycopus cokeri,Lycopus,Lycopus,Lycopus
Ribes lasianthum,2986177,Ribes lasianthum,<i>Ribes</i> <i>lasianthum</i> Greene,SPECIES,Grossulariaceae,2403.0,Ribes,2986095.0,Ribes lasianthum,2986177.0,100,EXACT,2,2,Ribes lasianthum,Ribes,Ribes,Ribes
Vaccinium formosum,2882935,Vaccinium formosum,<i>Vaccinium</i> <i>formosum</i> Andrews,SPECIES,Ericaceae,2505.0,Vaccinium,2882813.0,Vaccinium corymbosum,2882849.0,100,EXACT,2,2,Vaccinium formosum,Vaccinium,Vaccinium,Vaccinium
Lilium pyrophilum,2753144,Lilium pyrophilum,<i>Lilium</i> <i>pyrophilum</i> M.W.Skinner & Sorrie,SPECIES,Liliaceae,7699.0,Lilium,2752977.0,Lilium pyrophilum,2753144.0,100,EXACT,2,2,Lilium pyrophilum,Lilium,Lilium,Lilium
Cirsium viperinum,12166212,Cirsium viperinum,<i>Cirsium</i> <i>viperinum</i> (D.J.Keil) Ackerf. & D.J.Keil,SPECIES,Asteraceae,3065.0,Cirsium,3112554.0,Cirsium viperinum,12166212.0,100,EXACT,2,2,Cirsium viperinum,Cirsium,Cirsium,Cirsium
Cirsium ochrocentrum ochrocentrum,6305833,Cirsium ochrocentrum ochrocentrum,<i>Cirsium</i> <i>ochrocentrum</i> var. <i>ochrocentrum</i>,VARIETY,Asteraceae,3065.0,Cirsium,3112554.0,Cirsium ochrocentrum,3112785.0,85,EXACT,3,3,Cirsium ochrocentrum ochrocentrum,Cirsium,Cirsium,Cirsium
Lilium philadelphicum,2753218,Lilium philadelphicum,<i>Lilium</i> <i>philadelphicum</i> L.,SPECIES,Liliaceae,7699.0,Lilium,2752977.0,Lilium philadelphicum,2753218.0,99,EXACT,2,2,Lilium philadelphicum,Lilium,Lilium,Lilium
Stellaria corei,5384667,Stellaria corei,<i>Stellaria</i> <i>corei</i> Shinners,SPECIES,Caryophyllaceae,2518.0,Stellaria,3085667.0,Stellaria corei,5384667.0,100,EXACT,2,2,Stellaria corei,Stellaria,Stellaria,Stellaria
Clinopodium gracile,2926958,Clinopodium gracile,<i>Clinopodium</i> <i>gracile</i> (Benth.) Kuntze,SPECIES,Lamiaceae,2497.0,Clinopodium,2926907.0,Clinopodium gracile,2926958.0,99,EXACT,2,2,Clinopodium gracile,Clinopodium,Clinopodium,Clinopodium
Camassia howellii,2769076,Camassia howellii,<i>Camassia</i> <i>howellii</i> S.Watson,SPECIES,Asparagaceae,7683.0,Camassia,2769068.0,Camassia howellii,2769076.0,100,EXACT,2,2,Camassia howellii,Camassia,Camassia,Camassia
Oxalis latifolia,2891755,Oxalis latifolia,<i>Oxalis</i> <i>latifolia</i> Kunth,SPECIES,Oxalidaceae,6697.0,Oxalis,2891642.0,Oxalis latifolia,2891755.0,99,EXACT,2,2,Oxalis latifolia,Oxalis,Oxalis,Oxalis
Fragaria virginiana glauca,6287846,Fragaria virginiana glauca,<i>Fragaria</i> <i>virginiana</i> subsp. <i>glauca</i> (S.Watson) Staudt,SUBSPECIES,Rosaceae,5015.0,Fragaria,3029779.0,Fragaria virginiana,7950792.0,85,EXACT,3,3,Fragaria virginiana glauca,Fragaria,Fragaria,Fragaria
Carya ovalis,3054334,Carya ovalis,<i>Carya</i> <i>ovalis</i> (Wangenh.) Sarg.,SPECIES,Juglandaceae,2499.0,Carya,3054287.0,Carya ovalis,3054334.0,100,EXACT,2,2,Carya ovalis,Carya,Carya,Carya
Ceanothus tomentosus tomentosus,3039360,Ceanothus tomentosus,<i>Ceanothus</i> <i>tomentosus</i> Parry,SPECIES,Rhamnaceae,2407.0,Ceanothus,3039297.0,Ceanothus tomentosus,3039360.0,100,HIGHERRANK,3,2,Ceanothus tomentosus,Ceanothus,Ceanothus,Ceanothus
Lycium carolinianum carolinianum,7751607,Lycium carolinianum carolinianum,<i>Lycium</i> <i>carolinianum</i> var. <i>carolinianum</i>,VARIETY,Solanaceae,7717.0,Lycium,2928808.0,Lycium carolinianum,2928830.0,88,EXACT,3,3,Lycium carolinianum carolinianum,Lycium,Lycium,Lycium
Crataegus ashei,3013848,Crataegus ashei,<i>Crataegus</i> <i>ashei</i> Beadle,SPECIES,Rosaceae,5015.0,Crataegus,3013395.0,Crataegus ashei,3013848.0,100,EXACT,2,2,Crataegus ashei,Crataegus,Crataegus,Crataegus
Cirsium scariosum citrinum,4219327,Cirsium scariosum citrinum,<i>Cirsium</i> <i>scariosum</i> var. <i>citrinum</i> (Petr.) D.J.Keil,VARIETY,Asteraceae,3065.0,Cirsium,3112554.0,Cirsium scariosum,3113127.0,88,EXACT,3,3,Cirsium scariosum citrinum,Cirsium,Cirsium,Cirsium
Persicaria longiseta,4034537,Persicaria longiseta,<i>Persicaria</i> <i>longiseta</i> (Bruijn) Kitag.,SPECIES,Polygonaceae,2416.0,Persicaria,6390748.0,Persicaria longiseta,4034537.0,99,EXACT,2,2,Persicaria longiseta,Persicaria,Persicaria,Persicaria
Rubus ellipticus,2991314,Rubus ellipticus,<i>Rubus</i> <i>ellipticus</i> Sm.,SPECIES,Rosaceae,5015.0,Rubus,2988638.0,Rubus ellipticus,2991314.0,99,EXACT,2,2,Rubus ellipticus,Rubus,Rubus,Rubus
Nuphar variegata,6434989,Nuphar variegata,<i>Nuphar</i> <i>variegata</i> Engelm. ex Durand,SPECIES,Nymphaeaceae,2423.0,Nuphar,2882408.0,Nuphar variegata,6434989.0,99,EXACT,2,2,Nuphar variegata,Nuphar,Nuphar,Nuphar
Corylus cornuta californica,2876033,Corylus cornuta californica,<i>Corylus</i> <i>cornuta</i> subsp. <i>californica</i> (A.DC.) A.E.Murray,SUBSPECIES,Betulaceae,4688.0,Corylus,2875967.0,Corylus cornuta,2876032.0,85,EXACT,3,3,Corylus cornuta californica,Corylus,Corylus,Corylus
Oxalis trilliifolia,2891747,Oxalis trilliifolia,<i>Oxalis</i> <i>trilliifolia</i> Hook.,SPECIES,Oxalidaceae,6697.0,Oxalis,2891642.0,Oxalis trilliifolia,2891747.0,100,EXACT,2,2,Oxalis trilliifolia,Oxalis,Oxalis,Oxalis
Lycopus asper,5341458,Lycopus asper,<i>Lycopus</i> <i>asper</i> Greene,SPECIES,Lamiaceae,2497.0,Lycopus,2927122.0,Lycopus asper,5341458.0,100,EXACT,2,2,Lycopus asper,Lycopus,Lycopus,Lycopus
Amelanchier stolonifera,3023901,Amelanchier stolonifera,<i>Amelanchier</i> <i>stolonifera</i> Wiegand,SPECIES,Rosaceae,5015.0,Amelanchier,3023817.0,Amelanchier stolonifera,3023901.0,100,EXACT,2,2,Amelanchier stolonifera,Amelanchier,Amelanchier,Amelanchier
Allium perdulce sperryi,2856319,Allium perdulce sperryi,<i>Allium</i> <i>perdulce</i> var. <i>sperryi</i> Ownbey,VARIETY,Amaryllidaceae,7682.0,Allium,9624496.0,Allium perdulce,2856317.0,85,EXACT,3,3,Allium perdulce sperryi,Allium,Allium,Allium
Salicornia perennis,5383932,Salicornia perennis,<i>Salicornia</i> <i>perennis</i> Mill.,SPECIES,Amaranthaceae,3064.0,Salicornia,3083796.0,Salicornia perennis,5383932.0,100,EXACT,2,2,Salicornia perennis,Salicornia,Salicornia,Salicornia
Ceanothus purpureus,3039330,Ceanothus purpureus,<i>Ceanothus</i> <i>purpureus</i> Jeps.,SPECIES,Rhamnaceae,2407.0,Ceanothus,3039297.0,Ceanothus purpureus,3039330.0,100,EXACT,2,2,Ceanothus purpureus,Ceanothus,Ceanothus,Ceanothus
Primula pauciflora shoshonensis,5641485,Primula pauciflora shoshonensis,<i>Primula</i> <i>pauciflora</i> var. <i>shoshonensis</i> (A.Nelson) A.R.Mast & Reveal,VARIETY,Primulaceae,6674.0,Dodecatheon,7597718.0,Dodecatheon pulchellum,3169253.0,88,EXACT,3,3,Primula pauciflora shoshonensis,Primula,Primula,Primula
Cannabis sativa spontanea,5709497,Cannabis sativa spontanea,<i>Cannabis</i> <i>sativa</i> var. <i>spontanea</i> Vavilov,VARIETY,Cannabaceae,2384.0,Cannabis,2984538.0,Cannabis sativa,5361880.0,84,EXACT,3,3,Cannabis sativa spontanea,Cannabis,Cannabis,Cannabis
Amelanchier pallida,3023823,Amelanchier pallida,<i>Amelanchier</i> <i>pallida</i> Greene,SPECIES,Rosaceae,5015.0,Amelanchier,3023817.0,Amelanchier pallida,3023823.0,100,EXACT,2,2,Amelanchier pallida,Amelanchier,Amelanchier,Amelanchier
Rubus cuneifolius,2996841,Rubus cuneifolius,<i>Rubus</i> <i>cuneifolius</i> Pursh,SPECIES,Rosaceae,5015.0,Rubus,2988638.0,Rubus cuneifolius,2996841.0,99,EXACT,2,2,Rubus cuneifolius,Rubus,Rubus,Rubus
Viola arvensis,5331235,Viola arvensis,<i>Viola</i> <i>arvensis</i> Murray,SPECIES,Violaceae,6631.0,Viola,2874237.0,Viola arvensis,5331235.0,100,EXACT,2,2,Viola arvensis,Viola,Viola,Viola
Primula tetrandra,5641589,Primula tetrandra,<i>Primula</i> <i>tetrandra</i> (Suksd.) A.R.Mast & Reveal,SPECIES,Primulaceae,6674.0,Dodecatheon,7597718.0,Dodecatheon alpinum,3169259.0,100,EXACT,2,2,Primula tetrandra,Primula,Primula,Primula
Malus angustifolia,3001548,Malus angustifolia,<i>Malus</i> <i>angustifolia</i> (Aiton) Michx.,SPECIES,Rosaceae,5015.0,Malus,3001068.0,Malus angustifolia,3001548.0,99,EXACT,2,2,Malus angustifolia,Malus,Malus,Malus
Juniperus communis depressa,2684721,Juniperus communis depressa,<i>Juniperus</i> <i>communis</i> var. <i>depressa</i> Pursh,VARIETY,Cupressaceae,8144.0,Juniperus,2684359.0,Juniperus communis,2684709.0,85,EXACT,3,3,Juniperus communis depressa,Juniperus,Juniperus,Juniperus
Quercus wislizeni frutescens,2878385,Quercus wislizeni frutescens,<i>Quercus</i> <i>wislizeni</i> var. <i>frutescens</i> Engelm.,VARIETY,Fagaceae,4689.0,Quercus,2877951.0,Quercus wislizeni,2878384.0,85,EXACT,3,3,Quercus wislizeni frutescens,Quercus,Quercus,Quercus
Pycnanthemum setosum,2927368,Pycnanthemum setosum,<i>Pycnanthemum</i> <i>setosum</i> Nutt.,SPECIES,Lamiaceae,2497.0,Pycnanthemum,2927338.0,Pycnanthemum setosum,2927368.0,100,EXACT,2,2,Pycnanthemum setosum,Pycnanthemum,Pycnanthemum,Pycnanthemum
Wisteria frutescens frutescens,10471911,Wisteria frutescens frutescens,<i>Wisteria</i> <i>frutescens</i> subsp. <i>frutescens</i>,SUBSPECIES,Fabaceae,5386.0,Wisteria,2977309.0,Wisteria frutescens,2977310.0,88,EXACT,3,3,Wisteria frutescens frutescens,Wisteria,Wisteria,Wisteria
Crataegus × bicknellii,3015731,Crataegus bicknellii,<i>Crataegus</i> × <i>bicknellii</i> (Eggl.) Eggl.,SPECIES,Rosaceae,5015.0,Crataegus,3013395.0,Crataegus bicknellii,3015731.0,100,EXACT,3,2,Crataegus bicknellii,Crataegus,Crataegus,Crataegus
Cirsium scariosum thorneae,4219309,Cirsium scariosum thorneae,<i>Cirsium</i> <i>scariosum</i> var. <i>thorneae</i> S.L.Welsh,VARIETY,Asteraceae,3065.0,Cirsium,3112554.0,Cirsium scariosum,3113127.0,88,EXACT,3,3,Cirsium scariosum thorneae,Cirsium,Cirsium,Cirsium
Robinia viscosa viscosa,7111356,Robinia viscosa viscosa,<i>Robinia</i> <i>viscosa</i> var. <i>viscosa</i>,VARIETY,Fabaceae,5386.0,Robinia,2952066.0,Robinia viscosa,5352245.0,88,EXACT,3,3,Robinia viscosa viscosa,Robinia,Robinia,Robinia
Lilium bolanderi,2753549,Lilium bolanderi,<i>Lilium</i> <i>bolanderi</i> S.Watson,SPECIES,Liliaceae,7699.0,Lilium,2752977.0,Lilium bolanderi,2753549.0,100,EXACT,2,2,Lilium bolanderi,Lilium,Lilium,Lilium
Ribes menziesii,2986187,Ribes menziesii,<i>Ribes</i> <i>menziesii</i> Pursh,SPECIES,Grossulariaceae,2403.0,Ribes,2986095.0,Ribes menziesii,2986187.0,100,EXACT,2,2,Ribes menziesii,Ribes,Ribes,Ribes
Pinus attenuata,5285497,Pinus attenuata,<i>Pinus</i> <i>attenuata</i> Lemmon,SPECIES,Pinaceae,3925.0,Pinus,2684241.0,Pinus attenuata,5285497.0,100,EXACT,2,2,Pinus attenuata,Pinus,Pinus,Pinus
Physalis angustifolia,5341771,Physalis angustifolia,<i>Physalis</i> <i>angustifolia</i> Nutt.,SPECIES,Solanaceae,7717.0,Physalis,2928907.0,Physalis angustifolia,5341771.0,100,EXACT,2,2,Physalis angustifolia,Physalis,Physalis,Physalis
Tradescantia longipes,2765270,Tradescantia longipes,<i>Tradescantia</i> <i>longipes</i> E.S.Anderson & Woodson,SPECIES,Commelinaceae,2763195.0,Tradescantia,2765096.0,Tradescantia longipes,2765270.0,100,EXACT,2,2,Tradescantia longipes,Tradescantia,Tradescantia,Tradescantia
Physalis mollis mollis,6402799,Physalis mollis mollis,<i>Physalis</i> <i>mollis</i> var. <i>mollis</i>,VARIETY,Solanaceae,7717.0,Physalis,2928907.0,Physalis mollis,5341817.0,88,EXACT,3,3,Physalis mollis mollis,Physalis,Physalis,Physalis
Ribes menziesii menziesii,7095861,Ribes menziesii menziesii,<i>Ribes</i> <i>menziesii</i> var. <i>menziesii</i>,VARIETY,Grossulariaceae,2403.0,Ribes,2986095.0,Ribes menziesii,2986187.0,88,EXACT,3,3,Ribes menziesii menziesii,Ribes,Ribes,Ribes
Sanicula saxatilis,3034847,Sanicula saxatilis,<i>Sanicula</i> <i>saxatilis</i> Greene,SPECIES,Apiaceae,6720.0,Sanicula,3034831.0,Sanicula saxatilis,3034847.0,100,EXACT,2,2,Sanicula saxatilis,Sanicula,Sanicula,Sanicula
Amelanchier sanguinea,3023840,Amelanchier sanguinea,<i>Amelanchier</i> <i>sanguinea</i> (Pursh) DC.,SPECIES,Rosaceae,5015.0,Amelanchier,3023817.0,Amelanchier sanguinea,3023840.0,99,EXACT,2,2,Amelanchier sanguinea,Amelanchier,Amelanchier,Amelanchier
Crataegus viridis glabriuscula,3853065,Crataegus viridis glabriuscula,<i>Crataegus</i> <i>viridis</i> var. <i>glabriuscula</i> (Sarg.) J.B.Phipps,VARIETY,Rosaceae,5015.0,Crataegus,3013395.0,Crataegus viridis,3014089.0,88,EXACT,3,3,Crataegus viridis glabriuscula,Crataegus,Crataegus,Crataegus
Pinus × hunnewellii,7548259,Pinus hunnewellii,<i>Pinus</i> × <i>hunnewellii</i> Alb.G.Johnson,SPECIES,Pinaceae,3925.0,Pinus,2684241.0,Pinus hunnewellii,7548259.0,100,EXACT,3,2,Pinus hunnewellii,Pinus,Pinus,Pinus
Clinopodium vulgare,2926945,Clinopodium vulgare,<i>Clinopodium</i> <i>vulgare</i> L.,SPECIES,Lamiaceae,2497.0,Clinopodium,2926907.0,Clinopodium vulgare,2926945.0,100,EXACT,2,2,Clinopodium vulgare,Clinopodium,Clinopodium,Clinopodium
Cirsium andersonii,3112648,Cirsium andersonii,<i>Cirsium</i> <i>andersonii</i> (A.Gray) Petr.,SPECIES,Asteraceae,3065.0,Cirsium,3112554.0,Cirsium andersonii,3112648.0,99,EXACT,2,2,Cirsium andersonii,Cirsium,Cirsium,Cirsium
Quercus berberidifolia,2878674,Quercus berberidifolia,<i>Quercus</i> <i>berberidifolia</i> Liebm.,SPECIES,Fagaceae,4689.0,Quercus,2877951.0,Quercus berberidifolia,2878674.0,100,EXACT,2,2,Quercus berberidifolia,Quercus,Quercus,Quercus
Quercus × jolonensis,2880349,Quercus jolonensis,<i>Quercus</i> × <i>jolonensis</i> Sarg.,SPECIES,Fagaceae,4689.0,Quercus,2877951.0,Quercus jolonensis,2880349.0,100,EXACT,3,2,Quercus jolonensis,Quercus,Quercus,Quercus
Crataegus opaca,3014153,Crataegus opaca,<i>Crataegus</i> <i>opaca</i> Hook. & Arn.,SPECIES,Rosaceae,5015.0,Crataegus,3013395.0,Crataegus opaca,3014153.0,100,EXACT,2,2,Crataegus opaca,Crataegus,Crataegus,Crataegus
Daucus carota carota,7224071,Daucus carota carota,<i>Daucus</i> <i>carota</i> subsp. <i>carota</i>,SUBSPECIES,Apiaceae,6720.0,Daucus,3034740.0,Daucus carota,3034742.0,85,EXACT,3,3,Daucus carota carota,Daucus,Daucus,Daucus
Amelanchier laevis,3023832,Amelanchier laevis,<i>Amelanchier</i> <i>laevis</i> Wiegand,SPECIES,Rosaceae,5015.0,Amelanchier,3023817.0,Amelanchier laevis,3023832.0,99,EXACT,2,2,Amelanchier laevis,Amelanchier,Amelanchier,Amelanchier
Juniperus communis saxatilis,2684743,Juniperus communis saxatilis,<i>Juniperus</i> <i>communis</i> var. <i>saxatilis</i> Pall.,VARIETY,Cupressaceae,8144.0,Juniperus,2684359.0,Juniperus communis,2684709.0,85,EXACT,3,3,Juniperus communis saxatilis,Juniperus,Juniperus,Juniperus
Persicaria orientalis,2889229,Persicaria orientalis,<i>Persicaria</i> <i>orientalis</i> (L.) Spach,SPECIES,Polygonaceae,2416.0,Persicaria,6390748.0,Persicaria orientalis,2889229.0,99,EXACT,2,2,Persicaria orientalis,Persicaria,Persicaria,Persicaria
Trillium gracile,2742269,Trillium gracile,<i>Trillium</i> <i>gracile</i> J.D.Freeman,SPECIES,Melanthiaceae,7700.0,Trillium,2742182.0,Trillium gracile,2742269.0,100,EXACT,2,2,Trillium gracile,Trillium,Trillium,Trillium
Crataegus pruinosa magnifolia,3853687,Crataegus pruinosa magnifolia,<i>Crataegus</i> <i>pruinosa</i> var. <i>magnifolia</i> (Sarg.) J.B.Phipps,VARIETY,Rosaceae,5015.0,Crataegus,3013395.0,Crataegus pruinosa,7790552.0,88,EXACT,3,3,Crataegus pruinosa magnifolia,Crataegus,Crataegus,Crataegus
Chamaenerion angustifolium,6428353,Chamaenerion angustifolium,<i>Chamaenerion</i> <i>angustifolium</i> (L.) Scop.,SPECIES,Onagraceae,2430.0,Chamaenerion,8406741.0,Chamaenerion angustifolium,6428353.0,99,EXACT,2,2,Chamaenerion angustifolium,Chamaenerion,Chamaenerion,Chamaenerion
Monarda punctata villicaulis,7842101,Monarda punctata villicaulis,<i>Monarda</i> <i>punctata</i> var. <i>villicaulis</i> (Pennell) Shinners,VARIETY,Lamiaceae,2497.0,Monarda,2926838.0,Monarda punctata,5341413.0,85,EXACT,3,3,Monarda punctata villicaulis,Monarda,Monarda,Monarda
Ceanothus megacarpus megacarpus,8361147,Ceanothus megacarpus megacarpus,<i>Ceanothus</i> <i>megacarpus</i> var. <i>megacarpus</i>,VARIETY,Rhamnaceae,2407.0,Ceanothus,3039297.0,Ceanothus megacarpus,3039316.0,85,EXACT,3,3,Ceanothus megacarpus megacarpus,Ceanothus,Ceanothus,Ceanothus
Vaccinium stamineum caesium,4167868,Vaccinium stamineum caesium,<i>Vaccinium</i> <i>stamineum</i> var. <i>caesium</i> (Greene) D.B.Ward,VARIETY,Ericaceae,2505.0,Vaccinium,2882813.0,Vaccinium stamineum,2882913.0,88,EXACT,3,3,Vaccinium stamineum caesium,Vaccinium,Vaccinium,Vaccinium
Comandra umbellata californica,6361572,Comandra umbellata californica,<i>Comandra</i> <i>umbellata</i> subsp. <i>californica</i> (Eastw. ex Rydb.) Piehl,SUBSPECIES,Comandraceae,4936000.0,Comandra,2889776.0,Comandra umbellata,2889777.0,85,EXACT,3,3,Comandra umbellata californica,Comandra,Comandra,Comandra
Allium monticola,2856950,Allium monticola,<i>Allium</i> <i>monticola</i> Davidson,SPECIES,Amaryllidaceae,7682.0,Allium,9624496.0,Allium monticola,2856950.0,100,EXACT,2,2,Allium monticola,Allium,Allium,Allium
Hibiscus moscheutos moscheutos,7226561,Hibiscus moscheutos moscheutos,<i>Hibiscus</i> <i>moscheutos</i> subsp. <i>moscheutos</i>,SUBSPECIES,Malvaceae,6685.0,Hibiscus,3152542.0,Hibiscus moscheutos,3152596.0,85,EXACT,3,3,Hibiscus moscheutos moscheutos,Hibiscus,Hibiscus,Hibiscus
Crataegus mollis incisifolia,3016009,Crataegus mollis incisifolia,<i>Crataegus</i> <i>mollis</i> var. <i>incisifolia</i> Kruschke ex J.B.Phipps,VARIETY,Rosaceae,5015.0,Crataegus,3013395.0,Crataegus mollis,3015562.0,85,EXACT,3,3,Crataegus mollis incisifolia,Crataegus,Crataegus,Crataegus
Pinus edulis,5285796,Pinus edulis,<i>Pinus</i> <i>edulis</i> Engelm.,SPECIES,Pinaceae,3925.0,Pinus,2684241.0,Pinus edulis,5285796.0,100,EXACT,2,2,Pinus edulis,Pinus,Pinus,Pinus
Malvaviscus arboreus drummondii,3937557,Malvaviscus arboreus drummondii,<i>Malvaviscus</i> <i>arboreus</i> var. <i>drummondii</i> (Torr. & A.Gray) Schery,VARIETY,Malvaceae,6685.0,Malvaviscus,3152774.0,Malvaviscus arboreus,3152775.0,88,EXACT,3,3,Malvaviscus arboreus drummondii,Malvaviscus,Malvaviscus,Malvaviscus
Viola sheltonii,5331185,Viola sheltonii,<i>Viola</i> <i>sheltonii</i> Torr.,SPECIES,Violaceae,6631.0,Viola,2874237.0,Viola sheltonii,5331185.0,100,EXACT,2,2,Viola sheltonii,Viola,Viola,Viola
Malus coronaria,3001166,Malus coronaria,<i>Malus</i> <i>coronaria</i> (L.) Mill.,SPECIES,Rosaceae,5015.0,Malus,3001068.0,Malus coronaria,3001166.0,100,EXACT,2,2,Malus coronaria,Malus,Malus,Malus
Viola villosa,5331197,Viola villosa,<i>Viola</i> <i>villosa</i> Walter,SPECIES,Violaceae,6631.0,Viola,2874237.0,Viola villosa,5331197.0,100,EXACT,2,2,Viola villosa,Viola,Viola,Viola
Ceanothus gloriosus porrectus,3874472,Ceanothus gloriosus porrectus,<i>Ceanothus</i> <i>gloriosus</i> var. <i>porrectus</i> J.T.Howell,VARIETY,Rhamnaceae,2407.0,Ceanothus,3039297.0,Ceanothus gloriosus,3039305.0,85,EXACT,3,3,Ceanothus gloriosus porrectus,Ceanothus,Ceanothus,Ceanothus
Trillium pusillum virginianum,2742210,Trillium pusillum virginianum,<i>Trillium</i> <i>pusillum</i> var. <i>virginianum</i> Fernald,VARIETY,Melanthiaceae,7700.0,Trillium,2742182.0,Trillium pusillum,2742209.0,88,EXACT,3,3,Trillium pusillum virginianum,Trillium,Trillium,Trillium
Cirsium inamoenum,3113257,Cirsium inamoenum,<i>Cirsium</i> <i>inamoenum</i> (Greene) D.J.Keil,SPECIES,Asteraceae,3065.0,Cirsium,3112554.0,Cirsium inamoenum,3113257.0,100,EXACT,2,2,Cirsium inamoenum,Cirsium,Cirsium,Cirsium
Crataegus munda,3015394,Crataegus munda,<i>Crataegus</i> <i>munda</i> Beadle,SPECIES,Rosaceae,5015.0,Crataegus,3013395.0,Crataegus munda,3015394.0,100,EXACT,2,2,Crataegus munda,Crataegus,Crataegus,Crataegus
Rubus sachalinensis,2995606,Rubus sachalinensis,<i>Rubus</i> <i>sachalinensis</i> H.Lév.,SPECIES,Rosaceae,5015.0,Rubus,2988638.0,Rubus sachalinensis,2995606.0,100,EXACT,2,2,Rubus sachalinensis,Rubus,Rubus,Rubus
Allium stipitatum,2856593,Allium stipitatum,<i>Allium</i> <i>stipitatum</i> Regel,SPECIES,Amaryllidaceae,7682.0,Allium,9624496.0,Allium stipitatum,2856593.0,100,EXACT,2,2,Allium stipitatum,Allium,Allium,Allium
Sonchus asper glaucescens,4250676,Sonchus asper glaucescens,<i>Sonchus</i> <i>asper</i> subsp. <i>glaucescens</i> (Jord.) Ball,SUBSPECIES,Asteraceae,3065.0,Sonchus,3105646.0,Sonchus asper,3105782.0,85,EXACT,3,3,Sonchus asper glaucescens,Sonchus,Sonchus,Sonchus
Vaccinium myrsinites,2882937,Vaccinium myrsinites,<i>Vaccinium</i> <i>myrsinites</i> Lam.,SPECIES,Ericaceae,2505.0,Vaccinium,2882813.0,Vaccinium myrsinites,2882937.0,100,EXACT,2,2,Vaccinium myrsinites,Vaccinium,Vaccinium,Vaccinium
Sanicula canadensis canadensis,7258874,Sanicula canadensis canadensis,<i>Sanicula</i> <i>canadensis</i> var. <i>canadensis</i>,VARIETY,Apiaceae,6720.0,Sanicula,3034831.0,Sanicula canadensis,3034834.0,88,EXACT,3,3,Sanicula canadensis canadensis,Sanicula,Sanicula,Sanicula
Ribes rotundifolium,2986180,Ribes rotundifolium,<i>Ribes</i> <i>rotundifolium</i> Michx.,SPECIES,Grossulariaceae,2403.0,Ribes,2986095.0,Ribes rotundifolium,2986180.0,99,EXACT,2,2,Ribes rotundifolium,Ribes,Ribes,Ribes
Quercus arkansana,2881704,Quercus arkansana,<i>Quercus</i> <i>arkansana</i> Sarg.,SPECIES,Fagaceae,4689.0,Quercus,2877951.0,Quercus arkansana,2881704.0,100,EXACT,2,2,Quercus arkansana,Quercus,Quercus,Quercus
Phlox pilosa pulcherrima,4056637,Phlox pilosa pulcherrima,<i>Phlox</i> <i>pilosa</i> subsp. <i>pulcherrima</i> Lundell,SUBSPECIES,Polemoniaceae,6648.0,Phlox,2927698.0,Phlox pilosa,2927734.0,88,EXACT,3,3,Phlox pilosa pulcherrima,Phlox,Phlox,Phlox
Viola affinis,5331214,Viola affinis,<i>Viola</i> <i>affinis</i> Leconte,SPECIES,Violaceae,6631.0,Viola,2874237.0,Viola affinis,5331214.0,100,EXACT,2,2,Viola affinis,Viola,Viola,Viola
Ceanothus velutinus laevigatus,3875467,Ceanothus velutinus laevigatus,<i>Ceanothus</i> <i>velutinus</i> var. <i>laevigatus</i> Torr. & A.Gray,VARIETY,Rhamnaceae,2407.0,Ceanothus,3039297.0,Ceanothus velutinus,7723763.0,85,EXACT,3,3,Ceanothus velutinus laevigatus,Ceanothus,Ceanothus,Ceanothus
Hordeum intercedens,2706069,Hordeum intercedens,<i>Hordeum</i> <i>intercedens</i> Nevski,SPECIES,Poaceae,3073.0,Hordeum,2706050.0,Hordeum pusillum,2706070.0,100,EXACT,2,2,Hordeum intercedens,Hordeum,Hordeum,Hordeum
Rumex brownii,2888945,Rumex brownii,<i>Rumex</i> <i>brownii</i> Campd.,SPECIES,Polygonaceae,2416.0,Rumex,2888942.0,Rumex brownii,2888945.0,99,EXACT,2,2,Rumex brownii,Rumex,Rumex,Rumex
Elaeagnus umbellata parvifolia,8715539,Elaeagnus umbellata parvifolia,<i>Elaeagnus</i> <i>umbellata</i> f. <i>parvifolia</i> (Wall. ex Royle) Kitam.,FORM,Elaeagnaceae,2408.0,Elaeagnus,3039266.0,Elaeagnus umbellata,3039267.0,84,EXACT,3,3,Elaeagnus umbellata parvifolia,Elaeagnus,Elaeagnus,Elaeagnus
Quercus engelmannii,2880771,Quercus engelmannii,<i>Quercus</i> <i>engelmannii</i> Greene,SPECIES,Fagaceae,4689.0,Quercus,2877951.0,Quercus engelmannii,2880771.0,100,EXACT,2,2,Quercus engelmannii,Quercus,Quercus,Quercus
Viola missouriensis,5331215,Viola missouriensis,<i>Viola</i> <i>missouriensis</i> Greene,SPECIES,Violaceae,6631.0,Viola,2874237.0,Viola missouriensis,5331215.0,100,EXACT,2,2,Viola missouriensis,Viola,Viola,Viola
Sonchus arvensis uliginosus,6290429,Sonchus arvensis uliginosus,<i>Sonchus</i> <i>arvensis</i> subsp. <i>uliginosus</i> (M.Bieb.) Nyman,SUBSPECIES,Asteraceae,3065.0,Sonchus,3105646.0,Sonchus arvensis,3105813.0,85,EXACT,3,3,Sonchus arvensis uliginosus,Sonchus,Sonchus,Sonchus
Cirsium scariosum americanum,4219332,Cirsium scariosum americanum,<i>Cirsium</i> <i>scariosum</i> var. <i>americanum</i> (A.Gray) D.J.Keil,VARIETY,Asteraceae,3065.0,Cirsium,3112554.0,Cirsium tioganum,6063915.0,88,EXACT,3,3,Cirsium scariosum americanum,Cirsium,Cirsium,Cirsium
Rubus pascuus,2997417,Rubus pascuus,<i>Rubus</i> <i>pascuus</i> L.H.Bailey,SPECIES,Rosaceae,5015.0,Rubus,2988638.0,Rubus pascuus,2997417.0,100,EXACT,2,2,Rubus pascuus,Rubus,Rubus,Rubus
Tradescantia brevifolia,2765347,Tradescantia brevifolia,<i>Tradescantia</i> <i>brevifolia</i> (Torr.) Rose,SPECIES,Commelinaceae,2763195.0,Tradescantia,2765096.0,Tradescantia brevifolia,2765347.0,100,EXACT,2,2,Tradescantia brevifolia,Tradescantia,Tradescantia,Tradescantia
Allium munzii,2856654,Allium munzii,<i>Allium</i> <i>munzii</i> (Ownbey & Aase ex Traub) McNeal,SPECIES,Amaryllidaceae,7682.0,Allium,9624496.0,Allium munzii,2856654.0,100,EXACT,2,2,Allium munzii,Allium,Allium,Allium
Pinus brutia eldarica,5285718,Pinus brutia eldarica,<i>Pinus</i> <i>brutia</i> var. <i>eldarica</i> (Medw.) Silba,VARIETY,Pinaceae,3925.0,Pinus,2684241.0,Pinus brutia,5285710.0,85,EXACT,3,3,Pinus brutia eldarica,Pinus,Pinus,Pinus
Cirsium clavatum americanum,4223723,Cirsium clavatum americanum,<i>Cirsium</i> <i>clavatum</i> var. <i>americanum</i> (A.Gray) D.J.Keil,VARIETY,Asteraceae,3065.0,Cirsium,3112554.0,Cirsium centaureae,7881028.0,88,EXACT,3,3,Cirsium clavatum americanum,Cirsium,Cirsium,Cirsium
Allium senescens,2855719,Allium senescens,<i>Allium</i> <i>senescens</i> L.,SPECIES,Amaryllidaceae,7682.0,Allium,9624496.0,Allium senescens,2855719.0,99,EXACT,2,2,Allium senescens,Allium,Allium,Allium
Quercus chrysolepis,2879984,Quercus chrysolepis,<i>Quercus</i> <i>chrysolepis</i> Liebm.,SPECIES,Fagaceae,4689.0,Quercus,2877951.0,Quercus chrysolepis,2879984.0,100,EXACT,2,2,Quercus chrysolepis,Quercus,Quercus,Quercus
Pinus quadrifolia,5285122,Pinus quadrifolia,<i>Pinus</i> <i>quadrifolia</i> Parl. ex Sudw.,SPECIES,Pinaceae,3925.0,Pinus,2684241.0,Pinus quadrifolia,5285122.0,99,EXACT,2,2,Pinus quadrifolia,Pinus,Pinus,Pinus
Allium punctum,2855768,Allium punctum,<i>Allium</i> <i>punctum</i> L.F.Hend.,SPECIES,Amaryllidaceae,7682.0,Allium,9624496.0,Allium punctum,2855768.0,100,EXACT,2,2,Allium punctum,Allium,Allium,Allium
Rubus arizonensis,2994718,Rubus arizonensis,<i>Rubus</i> <i>arizonensis</i> Focke,SPECIES,Rosaceae,5015.0,Rubus,2988638.0,Rubus arizonensis,2994718.0,100,EXACT,2,2,Rubus arizonensis,Rubus,Rubus,Rubus
Pycnanthemum albescens,2927357,Pycnanthemum albescens,<i>Pycnanthemum</i> <i>albescens</i> Torr. & A.Gray,SPECIES,Lamiaceae,2497.0,Pycnanthemum,2927338.0,Pycnanthemum albescens,2927357.0,100,EXACT,2,2,Pycnanthemum albescens,Pycnanthemum,Pycnanthemum,Pycnanthemum
Ceanothus velutinus velutinus,6371112,Ceanothus velutinus velutinus,<i>Ceanothus</i> <i>velutinus</i> var. <i>velutinus</i>,VARIETY,Rhamnaceae,2407.0,Ceanothus,3039297.0,Ceanothus velutinus,3039312.0,85,EXACT,3,3,Ceanothus velutinus velutinus,Ceanothus,Ceanothus,Ceanothus
Viola palmata palmata,5331379,Viola palmata palmata,<i>Viola</i> <i>palmata</i> var. <i>palmata</i>,VARIETY,Violaceae,6631.0,Viola,2874237.0,Viola palmata,5331370.0,88,EXACT,3,3,Viola palmata palmata,Viola,Viola,Viola
Pinus elliottii elliottii,7071057,Pinus elliottii elliottii,<i>Pinus</i> <i>elliottii</i> var. <i>elliottii</i>,VARIETY,Pinaceae,3925.0,Pinus,2684241.0,Pinus elliottii,5285777.0,88,EXACT,3,3,Pinus elliottii elliottii,Pinus,Pinus,Pinus
Ribes echinellum,2986118,Ribes echinellum,<i>Ribes</i> <i>echinellum</i> (Coville) Rehder,SPECIES,Grossulariaceae,2403.0,Ribes,2986095.0,Ribes echinellum,2986118.0,100,EXACT,2,2,Ribes echinellum,Ribes,Ribes,Ribes
Vicia hassei,2975283,Vicia hassei,<i>Vicia</i> <i>hassei</i> S.Watson,SPECIES,Fabaceae,5386.0,Vicia,2974751.0,Vicia hassei,2975283.0,100,EXACT,2,2,Vicia hassei,Vicia,Vicia,Vicia
Pinus arizonica arizonica,7230690,Pinus arizonica arizonica,<i>Pinus</i> <i>arizonica</i> var. <i>arizonica</i>,VARIETY,Pinaceae,3925.0,Pinus,2684241.0,Pinus arizonica,5285094.0,88,EXACT,3,3,Pinus arizonica arizonica,Pinus,Pinus,Pinus
Ceanothus sonomensis,3039354,Ceanothus sonomensis,<i>Ceanothus</i> <i>sonomensis</i> Howell,SPECIES,Rhamnaceae,2407.0,Ceanothus,3039297.0,Ceanothus sonomensis,3039354.0,100,EXACT,2,2,Ceanothus sonomensis,Ceanothus,Ceanothus,Ceanothus
Robinia hispida kelseyi,5352229,Robinia hispida kelseyi,<i>Robinia</i> <i>hispida</i> var. <i>kelseyi</i> (Cowell ex Hutch.) Isely,VARIETY,Fabaceae,5386.0,Robinia,2952066.0,Robinia hispida,5352221.0,88,EXACT,3,3,Robinia hispida kelseyi,Robinia,Robinia,Robinia
Pinus radiata,5285727,Pinus radiata,<i>Pinus</i> <i>radiata</i> D.Don,SPECIES,Pinaceae,3925.0,Pinus,2684241.0,Pinus radiata,5285727.0,100,EXACT,2,2,Pinus radiata,Pinus,Pinus,Pinus
Smilax bona-nox,5295574,Smilax bona-nox,<i>Smilax</i> <i>bona-nox</i> L.,SPECIES,Smilacaceae,7702.0,Smilax,2740627.0,Smilax bona-nox,5295574.0,100,EXACT,2,2,Smilax bona-nox,Smilax,Smilax,Smilax
Allium obtusum conspicuum,2857339,Allium obtusum conspicuum,<i>Allium</i> <i>obtusum</i> var. <i>conspicuum</i> Mortola & McNeal,VARIETY,Amaryllidaceae,7682.0,Allium,9624496.0,Allium obtusum,2857338.0,88,EXACT,3,3,Allium obtusum conspicuum,Allium,Allium,Allium
Quercus fusiformis,2880509,Quercus fusiformis,<i>Quercus</i> <i>fusiformis</i> Small,SPECIES,Fagaceae,4689.0,Quercus,2877951.0,Quercus fusiformis,2880509.0,100,EXACT,2,2,Quercus fusiformis,Quercus,Quercus,Quercus
Abies balsamea phanerolepis,2685397,Abies balsamea phanerolepis,<i>Abies</i> <i>balsamea</i> var. <i>phanerolepis</i> Fernald,VARIETY,Pinaceae,3925.0,Abies,2684876.0,Abies balsamea,2685383.0,85,EXACT,3,3,Abies balsamea phanerolepis,Abies,Abies,Abies
Claytonia parviflora parviflora,7219454,Claytonia parviflora parviflora,<i>Claytonia</i> <i>parviflora</i> subsp. <i>parviflora</i>,SUBSPECIES,Montiaceae,4898338.0,Claytonia,3084729.0,Claytonia parviflora,3084736.0,88,EXACT,3,3,Claytonia parviflora parviflora,Claytonia,Claytonia,Claytonia
Vitis monticola,5372408,Vitis monticola,<i>Vitis</i> <i>monticola</i> Buckley,SPECIES,Vitaceae,6672.0,Vitis,7467468.0,Vitis monticola,5372408.0,100,EXACT,2,2,Vitis monticola,Vitis,Vitis,Vitis
Quercus buckleyi,2879863,Quercus buckleyi,<i>Quercus</i> <i>buckleyi</i> Nixon & Dorr,SPECIES,Fagaceae,4689.0,Quercus,2877951.0,Quercus buckleyi,2879863.0,100,EXACT,2,2,Quercus buckleyi,Quercus,Quercus,Quercus
Rhus aromatica serotina,6426983,Rhus aromatica serotina,<i>Rhus</i> <i>aromatica</i> var. <i>serotina</i> (Greene) Rehder,VARIETY,Anacardiaceae,2398.0,Rhus,3190534.0,Rhus aromatica,3190558.0,85,EXACT,3,3,Rhus aromatica serotina,Rhus,Rhus,Rhus
Allium macropetalum,2857522,Allium macropetalum,<i>Allium</i> <i>macropetalum</i> Rydb.,SPECIES,Amaryllidaceae,7682.0,Allium,9624496.0,Allium macropetalum,2857522.0,100,EXACT,2,2,Allium macropetalum,Allium,Allium,Allium
Primula pauciflora zionensis,5641482,Primula pauciflora zionensis,<i>Primula</i> <i>pauciflora</i> var. <i>zionensis</i> (Eastw.) A.R.Mast & Reveal,VARIETY,Primulaceae,6674.0,Dodecatheon,7597718.0,Dodecatheon pulchellum,3169253.0,88,EXACT,3,3,Primula pauciflora zionensis,Primula,Primula,Primula
Viola baxteri,5665253,Viola baxteri,<i>Viola</i> <i>baxteri</i> House,SPECIES,Violaceae,6631.0,Viola,2874237.0,Viola baxteri,5665253.0,100,EXACT,2,2,Viola baxteri,Viola,Viola,Viola
Claytonia perfoliata intermontana,6388168,Claytonia perfoliata intermontana,<i>Claytonia</i> <i>perfoliata</i> subsp. <i>intermontana</i> J.M.Mill. & K.L.Chambers,SUBSPECIES,Montiaceae,4898338.0,Claytonia,3084729.0,Claytonia perfoliata,7736011.0,85,EXACT,3,3,Claytonia perfoliata intermontana,Claytonia,Claytonia,Claytonia
Cirsium rydbergii,3113731,Cirsium rydbergii,<i>Cirsium</i> <i>rydbergii</i> Petr.,SPECIES,Asteraceae,3065.0,Cirsium,3112554.0,Cirsium rydbergii,3113731.0,100,EXACT,2,2,Cirsium rydbergii,Cirsium,Cirsium,Cirsium
Cirsium barnebyi,3113611,Cirsium barnebyi,<i>Cirsium</i> <i>barnebyi</i> S.L.Welsh & Neese,SPECIES,Asteraceae,3065.0,Cirsium,3112554.0,Cirsium barnebyi,3113611.0,100,EXACT,2,2,Cirsium barnebyi,Cirsium,Cirsium,Cirsium
Primula standleyana,5641811,Primula standleyana,<i>Primula</i> <i>standleyana</i> A.R.Mast & Reveal,SPECIES,Primulaceae,6674.0,Dodecatheon,7597718.0,Dodecatheon dentatum,3169260.0,100,EXACT,2,2,Primula standleyana,Primula,Primula,Primula
Rubus nigerrimus,2999587,Rubus nigerrimus,<i>Rubus</i> <i>nigerrimus</i> (Greene) Rydb.,SPECIES,Rosaceae,5015.0,Rubus,2988638.0,Rubus leucodermis,8110785.0,100,EXACT,2,2,Rubus nigerrimus,Rubus,Rubus,Rubus
Allium bolanderi mirabile,2856198,Allium bolanderi mirabile,<i>Allium</i> <i>bolanderi</i> var. <i>mirabile</i> (L.F.Hend.) McNeal,VARIETY,Amaryllidaceae,7682.0,Allium,9624496.0,Allium bolanderi,2856194.0,88,EXACT,3,3,Allium bolanderi mirabile,Allium,Allium,Allium
Lilium lancifolium,2753380,Lilium lancifolium,<i>Lilium</i> <i>lancifolium</i> Thunb.,SPECIES,Liliaceae,7699.0,Lilium,2752977.0,Lilium lancifolium,2753380.0,99,EXACT,2,2,Lilium lancifolium,Lilium,Lilium,Lilium
Cirsium drummondii,3112951,Cirsium drummondii,<i>Cirsium</i> <i>drummondii</i> Torr. & A.Gray,SPECIES,Asteraceae,3065.0,Cirsium,3112554.0,Cirsium drummondii,3112951.0,100,EXACT,2,2,Cirsium drummondii,Cirsium,Cirsium,Cirsium
Vicia sativa sativa,7068379,Vicia sativa sativa,"<i>Vicia</i> <i>sativa</i> subsp. <i>sativa</i> Linnaeus, 1763",SUBSPECIES,Fabaceae,5386.0,Vicia,2974751.0,Vicia sativa,2975014.0,85,EXACT,3,3,Vicia sativa sativa,Vicia,Vicia,Vicia
Quercus cornelius-mulleri,2880518,Quercus cornelius-mulleri,<i>Quercus</i> <i>cornelius-mulleri</i> Nixon & K.P.Steele,SPECIES,Fagaceae,4689.0,Quercus,2877951.0,Quercus cornelius-mulleri,2880518.0,100,EXACT,2,2,Quercus cornelius-mulleri,Quercus,Quercus,Quercus
Salicornia bigelovii,5383959,Salicornia bigelovii,<i>Salicornia</i> <i>bigelovii</i> Torr.,SPECIES,Amaranthaceae,3064.0,Salicornia,3083796.0,Salicornia bigelovii,5383959.0,100,EXACT,2,2,Salicornia bigelovii,Salicornia,Salicornia,Salicornia
Rubus rosa,2997851,Rubus rosa,<i>Rubus</i> <i>rosa</i> L.H.Bailey,SPECIES,Rosaceae,5015.0,Rubus,2988638.0,Rubus rosa,2997851.0,100,EXACT,2,2,Rubus rosa,Rubus,Rubus,Rubus
Physalis hederifolia,5341807,Physalis hederifolia,<i>Physalis</i> <i>hederifolia</i> A.Gray,SPECIES,Solanaceae,7717.0,Physalis,2928907.0,Physalis hederifolia,5341807.0,99,EXACT,2,2,Physalis hederifolia,Physalis,Physalis,Physalis
Quercus × munzii,2879367,Quercus munzii,<i>Quercus</i> × <i>munzii</i> J.M.Tucker,SPECIES,Fagaceae,4689.0,Quercus,2877951.0,Quercus munzii,2879367.0,100,EXACT,3,2,Quercus munzii,Quercus,Quercus,Quercus
Camassia quamash quamash,7228139,Camassia quamash quamash,<i>Camassia</i> <i>quamash</i> subsp. <i>quamash</i>,SUBSPECIES,Asparagaceae,7683.0,Camassia,2769068.0,Camassia quamash,2769084.0,85,EXACT,3,3,Camassia quamash quamash,Camassia,Camassia,Camassia
Allium siskiyouense,2857969,Allium siskiyouense,<i>Allium</i> <i>siskiyouense</i> Ownbey ex Traub,SPECIES,Amaryllidaceae,7682.0,Allium,9624496.0,Allium siskiyouense,2857969.0,99,EXACT,2,2,Allium siskiyouense,Allium,Allium,Allium
Pteridium latiusculum,6362198,Pteridium latiusculum,<i>Pteridium</i> <i>latiusculum</i> (Desv.) Hieron.,SPECIES,Dennstaedtiaceae,6623.0,Pteridium,5275011.0,Pteridium aquilinum,5275012.0,99,EXACT,2,2,Pteridium latiusculum,Pteridium,Pteridium,Pteridium
Ribes californicum hesperium,4194703,Ribes californicum hesperium,<i>Ribes</i> <i>californicum</i> subsp. <i>hesperium</i> (Mc Clatchie) Thorne,SUBSPECIES,Grossulariaceae,2403.0,Ribes,2986095.0,Ribes californicum,2986175.0,85,EXACT,3,3,Ribes californicum hesperium,Ribes,Ribes,Ribes
Cochlearia officinalis,5373276,Cochlearia officinalis,<i>Cochlearia</i> <i>officinalis</i> L.,SPECIES,Brassicaceae,3112.0,Cochlearia,3040481.0,Cochlearia officinalis,5373276.0,99,EXACT,2,2,Cochlearia officinalis,Cochlearia,Cochlearia,Cochlearia
Cylindropuntia imbricata spinosior,11013549,Cylindropuntia imbricata spinosior,"<i>Cylindropuntia</i> <i>imbricata</i> subsp. <i>spinosior</i> (Engelm.) M.A.Baker, Cloud-H. & Majure",SUBSPECIES,Cactaceae,2519.0,Cylindropuntia,7628502.0,Cylindropuntia imbricata,6381277.0,85,EXACT,3,3,Cylindropuntia imbricata spinosior,Cylindropuntia,Cylindropuntia,Cylindropuntia
Allium robinsonii,2856710,Allium robinsonii,<i>Allium</i> <i>robinsonii</i> L.F.Hend.,SPECIES,Amaryllidaceae,7682.0,Allium,9624496.0,Allium robinsonii,2856710.0,100,EXACT,2,2,Allium robinsonii,Allium,Allium,Allium
Descurainia pinnata pinnata,7068690,Descurainia pinnata pinnata,<i>Descurainia</i> <i>pinnata</i> subsp. <i>pinnata</i>,SUBSPECIES,Brassicaceae,3112.0,Descurainia,3044104.0,Descurainia pinnata,3044133.0,85,EXACT,3,3,Descurainia pinnata pinnata,Descurainia,Descurainia,Descurainia
Allium vineale capsuliferum,6314083,Allium vineale capsuliferum,"<i>Allium</i> <i>vineale</i> subsp. <i>capsuliferum</i> (Koch) Cheshmednev, 1974",SUBSPECIES,Amaryllidaceae,7682.0,Allium,9624496.0,Allium vineale,7792960.0,85,EXACT,3,3,Allium vineale capsuliferum,Allium,Allium,Allium
Viola kauaensis kauaensis,7226042,Viola kauaensis kauaensis,<i>Viola</i> <i>kauaensis</i> var. <i>kauaensis</i>,VARIETY,Violaceae,6631.0,Viola,2874237.0,Viola kauaensis,5331357.0,88,EXACT,3,3,Viola kauaensis kauaensis,Viola,Viola,Viola
Quercus phellos,2880652,Quercus phellos,<i>Quercus</i> <i>phellos</i> L.,SPECIES,Fagaceae,4689.0,Quercus,2877951.0,Quercus phellos,2880652.0,100,EXACT,2,2,Quercus phellos,Quercus,Quercus,Quercus
Allium howellii,2856788,Allium howellii,<i>Allium</i> <i>howellii</i> Eastw.,SPECIES,Amaryllidaceae,7682.0,Allium,9624496.0,Allium howellii,2856788.0,100,EXACT,2,2,Allium howellii,Allium,Allium,Allium
Monarda clinopodia,5341398,Monarda clinopodia,<i>Monarda</i> <i>clinopodia</i> L.,SPECIES,Lamiaceae,2497.0,Monarda,2926838.0,Monarda clinopodia,5341398.0,100,EXACT,2,2,Monarda clinopodia,Monarda,Monarda,Monarda
Ceanothus palmeri,3039358,Ceanothus palmeri,<i>Ceanothus</i> <i>palmeri</i> Trel.,SPECIES,Rhamnaceae,2407.0,Ceanothus,3039297.0,Ceanothus palmeri,3039358.0,100,EXACT,2,2,Ceanothus palmeri,Ceanothus,Ceanothus,Ceanothus
Camassia quamash,2769084,Camassia quamash,<i>Camassia</i> <i>quamash</i> (Pursh) Greene,SPECIES,Asparagaceae,7683.0,Camassia,2769068.0,Camassia quamash,2769084.0,100,EXACT,2,2,Camassia quamash,Camassia,Camassia,Camassia
Rudbeckia laciniata ampla,4254950,Rudbeckia laciniata ampla,<i>Rudbeckia</i> <i>laciniata</i> var. <i>ampla</i> (A.Nelson) Cronquist,VARIETY,Asteraceae,3065.0,Rudbeckia,3114220.0,Rudbeckia laciniata,3114229.0,85,EXACT,3,3,Rudbeckia laciniata ampla,Rudbeckia,Rudbeckia,Rudbeckia
Vitis cinerea,5372379,Vitis cinerea,<i>Vitis</i> <i>cinerea</i> (Engelm.) Millardet,SPECIES,Vitaceae,6672.0,Vitis,7467468.0,Vitis cinerea,5372379.0,99,EXACT,2,2,Vitis cinerea,Vitis,Vitis,Vitis
Camassia leichtlinii suksdorfii,2769073,Camassia leichtlinii suksdorfii,<i>Camassia</i> <i>leichtlinii</i> subsp. <i>suksdorfii</i> (Greenm.) Gould,SUBSPECIES,Asparagaceae,7683.0,Camassia,2769068.0,Camassia leichtlinii,2769069.0,85,EXACT,3,3,Camassia leichtlinii suksdorfii,Camassia,Camassia,Camassia
Pediomelum hypogaeum subulatum,2944131,Pediomelum hypogaeum subulatum,<i>Pediomelum</i> <i>hypogaeum</i> var. <i>subulatum</i> (Bush) J.W.Grimes,VARIETY,Fabaceae,5386.0,Pediomelum,2959963.0,Pediomelum hypogaeum,2944196.0,88,EXACT,3,3,Pediomelum hypogaeum subulatum,Pediomelum,Pediomelum,Pediomelum
Fragaria vesca americana,6369289,Fragaria vesca americana,<i>Fragaria</i> <i>vesca</i> subsp. <i>americana</i> (Porter) Staudt,SUBSPECIES,Rosaceae,5015.0,Fragaria,3029779.0,Fragaria vesca,3029817.0,85,EXACT,3,3,Fragaria vesca americana,Fragaria,Fragaria,Fragaria
Rubus ablatus,2991181,Rubus ablatus,<i>Rubus</i> <i>ablatus</i> L.H.Bailey,SPECIES,Rosaceae,5015.0,Rubus,2988638.0,Rubus laudatus,2991179.0,100,EXACT,2,2,Rubus ablatus,Rubus,Rubus,Rubus
Trifolium repens repens,7112381,Trifolium repens repens,<i>Trifolium</i> <i>repens</i> subsp. <i>repens</i>,SUBSPECIES,Fabaceae,5386.0,Trifolium,2973363.0,Trifolium repens,5358748.0,85,EXACT,3,3,Trifolium repens repens,Trifolium,Trifolium,Trifolium
Rubus riograndis,2998263,Rubus riograndis,<i>Rubus</i> <i>riograndis</i> L.H.Bailey,SPECIES,Rosaceae,5015.0,Rubus,2988638.0,Rubus riograndis,2998263.0,100,EXACT,2,2,Rubus riograndis,Rubus,Rubus,Rubus
Ribes hirtellum,2986164,Ribes hirtellum,<i>Ribes</i> <i>hirtellum</i> Michx.,SPECIES,Grossulariaceae,2403.0,Ribes,2986095.0,Ribes hirtellum,2986164.0,100,EXACT,2,2,Ribes hirtellum,Ribes,Ribes,Ribes
Tradescantia paludosa,2765184,Tradescantia paludosa,<i>Tradescantia</i> <i>paludosa</i> E.S.Anderson & Woodson,SPECIES,Commelinaceae,2763195.0,Tradescantia,2765096.0,Tradescantia ohiensis,2765175.0,100,EXACT,2,2,Tradescantia paludosa,Tradescantia,Tradescantia,Tradescantia
Silphium perfoliatum connatum,4208223,Silphium perfoliatum connatum,<i>Silphium</i> <i>perfoliatum</i> var. <i>connatum</i> (L.) Cronquist,VARIETY,Asteraceae,3065.0,Silphium,3092563.0,Silphium perfoliatum,3092576.0,85,EXACT,3,3,Silphium perfoliatum connatum,Silphium,Silphium,Silphium
Artemisia dracunculus dracunculus,7222946,Artemisia dracunculus dracunculus,<i>Artemisia</i> <i>dracunculus</i> var. <i>dracunculus</i>,VARIETY,Asteraceae,3065.0,Artemisia,3120641.0,Artemisia dracunculus,3121581.0,85,EXACT,3,3,Artemisia dracunculus dracunculus,Artemisia,Artemisia,Artemisia
Primula meadia,5640540,Primula meadia,<i>Primula</i> <i>meadia</i> (L.) A.R.Mast & Reveal,SPECIES,Primulaceae,6674.0,Dodecatheon,7597718.0,Dodecatheon meadia,3169267.0,100,EXACT,2,2,Primula meadia,Primula,Primula,Primula
Ribes divaricatum,2986132,Ribes divaricatum,<i>Ribes</i> <i>divaricatum</i> Douglas,SPECIES,Grossulariaceae,2403.0,Ribes,2986095.0,Ribes divaricatum,2986132.0,100,EXACT,2,2,Ribes divaricatum,Ribes,Ribes,Ribes
Trillium ovatum oettingeri,2742421,Trillium ovatum oettingeri,<i>Trillium</i> <i>ovatum</i> var. <i>oettingeri</i> (Munz & Thorne) Case,VARIETY,Melanthiaceae,7700.0,Trillium,2742182.0,Trillium ovatum,2742413.0,85,EXACT,3,3,Trillium ovatum oettingeri,Trillium,Trillium,Trillium
Physalis crassifolia crassifolia,7258977,Physalis crassifolia crassifolia,<i>Physalis</i> <i>crassifolia</i> var. <i>crassifolia</i>,VARIETY,Solanaceae,7717.0,Physalis,2928907.0,Physalis crassifolia,5341782.0,88,EXACT,3,3,Physalis crassifolia crassifolia,Physalis,Physalis,Physalis
Ribes velutinum gooddingii,4194414,Ribes velutinum gooddingii,<i>Ribes</i> <i>velutinum</i> var. <i>gooddingii</i> (M.Peck) C.L.Hitchc.,VARIETY,Grossulariaceae,2403.0,Ribes,2986095.0,Ribes velutinum,2986120.0,88,EXACT,3,3,Ribes velutinum gooddingii,Ribes,Ribes,Ribes
Cirsium horridulum megacanthum,4222078,Cirsium horridulum megacanthum,<i>Cirsium</i> <i>horridulum</i> var. <i>megacanthum</i> (Nutt.) D.J.Keil,VARIETY,Asteraceae,3065.0,Cirsium,3112554.0,Cirsium horridulum,3112777.0,88,EXACT,3,3,Cirsium horridulum megacanthum,Cirsium,Cirsium,Cirsium
Monarda punctata punctata,7226105,Monarda punctata punctata,<i>Monarda</i> <i>punctata</i> var. <i>punctata</i>,VARIETY,Lamiaceae,2497.0,Monarda,2926838.0,Monarda punctata,5341413.0,85,EXACT,3,3,Monarda punctata punctata,Monarda,Monarda,Monarda
Allium roseum,2855893,Allium roseum,<i>Allium</i> <i>roseum</i> L.,SPECIES,Amaryllidaceae,7682.0,Allium,9624496.0,Allium roseum,2855893.0,99,EXACT,2,2,Allium roseum,Allium,Allium,Allium
Perilla frutescens frutescens,5708990,Perilla frutescens frutescens,<i>Perilla</i> <i>frutescens</i> var. <i>frutescens</i>,VARIETY,Lamiaceae,2497.0,Perilla,2926832.0,Perilla frutescens,5341394.0,88,EXACT,3,3,Perilla frutescens frutescens,Perilla,Perilla,Perilla
Salicornia europaea,12239479,Salicornia europaea,<i>Salicornia</i> <i>europaea</i> (Moss) Lambinon & Vanderp.,SPECIES,Amaranthaceae,3064.0,Salicornia,3083796.0,Salicornia europaea,12239479.0,99,EXACT,2,2,Salicornia europaea,Salicornia,Salicornia,Salicornia
Physalis walteri,5341777,Physalis walteri,<i>Physalis</i> <i>walteri</i> Nutt.,SPECIES,Solanaceae,7717.0,Physalis,2928907.0,Physalis walteri,5341777.0,100,EXACT,2,2,Physalis walteri,Physalis,Physalis,Physalis
Vaccinium membranaceum,9060377,Vaccinium membranaceum,<i>Vaccinium</i> <i>membranaceum</i> Douglas ex Hook.,SPECIES,Ericaceae,2505.0,Vaccinium,2882813.0,Vaccinium membranaceum,9060377.0,99,EXACT,2,2,Vaccinium membranaceum,Vaccinium,Vaccinium,Vaccinium
Vitis labrusca,5372424,Vitis labrusca,<i>Vitis</i> <i>labrusca</i> L.,SPECIES,Vitaceae,6672.0,Vitis,7467468.0,Vitis labrusca,5372424.0,99,EXACT,2,2,Vitis labrusca,Vitis,Vitis,Vitis
Cyperus esculentus leptostachyus,8087010,Cyperus esculentus leptostachyus,<i>Cyperus</i> <i>esculentus</i> var. <i>leptostachyus</i> Boeckeler,VARIETY,Cyperaceae,7708.0,Cyperus,2713455.0,Cyperus esculentus,2716226.0,84,EXACT,3,3,Cyperus esculentus leptostachyus,Cyperus,Cyperus,Cyperus
Viburnum macrocephalum,3856046,Viburnum macrocephalum,<i>Viburnum</i> <i>macrocephalum</i> Fortune,SPECIES,Viburnaceae,4924416.0,Viburnum,2888580.0,Viburnum macrocephalum,3856046.0,100,EXACT,2,2,Viburnum macrocephalum,Viburnum,Viburnum,Viburnum
Erythronium umbilicatum umbilicatum,7227564,Erythronium umbilicatum umbilicatum,<i>Erythronium</i> <i>umbilicatum</i> subsp. <i>umbilicatum</i>,SUBSPECIES,Liliaceae,7699.0,Erythronium,2740136.0,Erythronium umbilicatum,2752903.0,88,EXACT,3,3,Erythronium umbilicatum umbilicatum,Erythronium,Erythronium,Erythronium
Allium giganteum,2857111,Allium giganteum,<i>Allium</i> <i>giganteum</i> Regel,SPECIES,Amaryllidaceae,7682.0,Allium,9624496.0,Allium giganteum,2857111.0,100,EXACT,2,2,Allium giganteum,Allium,Allium,Allium
Viola praemorsa praemorsa,7133588,Viola praemorsa praemorsa,<i>Viola</i> <i>praemorsa</i> subsp. <i>praemorsa</i>,SUBSPECIES,Violaceae,6631.0,Viola,2874237.0,Viola praemorsa,7884309.0,88,EXACT,3,3,Viola praemorsa praemorsa,Viola,Viola,Viola
Monarda humilis,5605388,Monarda humilis,<i>Monarda</i> <i>humilis</i> (Torr.) Prather & J.A.Keith,SPECIES,Lamiaceae,2497.0,Monarda,2926838.0,Monarda humilis,5605388.0,100,EXACT,2,2,Monarda humilis,Monarda,Monarda,Monarda
Lonicera japonica japonica,7272655,Lonicera japonica japonica,<i>Lonicera</i> <i>japonica</i> f. <i>japonica</i>,FORM,Caprifoliaceae,6710.0,Lonicera,2888645.0,Lonicera japonica,5334240.0,84,EXACT,3,3,Lonicera japonica japonica,Lonicera,Lonicera,Lonicera
Carya glabra hirsuta,4205649,Carya glabra hirsuta,<i>Carya</i> <i>glabra</i> var. <i>hirsuta</i> (Ashe) Ashe,VARIETY,Juglandaceae,2499.0,Carya,3054287.0,Carya glabra,3054325.0,88,EXACT,3,3,Carya glabra hirsuta,Carya,Carya,Carya
Ceanothus griseus,10331743,Ceanothus griseus,<i>Ceanothus</i> <i>griseus</i> (Trel.) Mc Minn,SPECIES,Rhamnaceae,2407.0,Ceanothus,3039297.0,Ceanothus griseus,10331743.0,99,EXACT,2,2,Ceanothus griseus,Ceanothus,Ceanothus,Ceanothus
Quercus sadleriana,2880444,Quercus sadleriana,<i>Quercus</i> <i>sadleriana</i> R.Br.ter,SPECIES,Fagaceae,4689.0,Quercus,2877951.0,Quercus sadleriana,2880444.0,100,EXACT,2,2,Quercus sadleriana,Quercus,Quercus,Quercus
Cirsium funkiae,11546544,Cirsium funkiae,<i>Cirsium</i> <i>funkiae</i> Ackerf.,SPECIES,Asteraceae,3065.0,Cirsium,3112554.0,Cirsium funkiae,11546544.0,100,EXACT,2,2,Cirsium funkiae,Cirsium,Cirsium,Cirsium
Rubus ferrofluvius,2988747,Rubus ferrofluvius,"<i>Rubus</i> <i>ferrofluvius</i> H.A.Davis, A.M.Fuller & T.Davis",SPECIES,Rosaceae,5015.0,Rubus,2988638.0,Rubus ferrofluvius,2988747.0,100,EXACT,2,2,Rubus ferrofluvius,Rubus,Rubus,Rubus
Quercus toumeyi,2879996,Quercus toumeyi,<i>Quercus</i> <i>toumeyi</i> Sarg.,SPECIES,Fagaceae,4689.0,Quercus,2877951.0,Quercus toumeyi,2879996.0,100,EXACT,2,2,Quercus toumeyi,Quercus,Quercus,Quercus
Linum rigidum rigidum,10428609,Linum rigidum rigidum,<i>Linum</i> <i>rigidum</i> var. <i>rigidum</i>,VARIETY,Linaceae,2493.0,Linum,2873855.0,Linum rigidum,2873856.0,88,EXACT,3,3,Linum rigidum rigidum,Linum,Linum,Linum
Quercus × schuettei,2880350,Quercus schuettei,<i>Quercus</i> × <i>schuettei</i> Trel.,SPECIES,Fagaceae,4689.0,Quercus,2877951.0,Quercus schuettei,2880350.0,100,EXACT,3,2,Quercus schuettei,Quercus,Quercus,Quercus
Rubus humilior,2990794,Rubus humilior,<i>Rubus</i> <i>humilior</i> L.H.Bailey,SPECIES,Rosaceae,5015.0,Rubus,2988638.0,Rubus uvidus,2990793.0,100,EXACT,2,2,Rubus humilior,Rubus,Rubus,Rubus
Vaccinium fuscatum,2882965,Vaccinium fuscatum,<i>Vaccinium</i> <i>fuscatum</i> Aiton,SPECIES,Ericaceae,2505.0,Vaccinium,2882813.0,Vaccinium corymbosum,2882849.0,100,EXACT,2,2,Vaccinium fuscatum,Vaccinium,Vaccinium,Vaccinium
Oxalis stricta,9823072,Oxalis stricta,<i>Oxalis</i> <i>stricta</i> L.,SPECIES,Oxalidaceae,6697.0,Oxalis,2891642.0,Oxalis stricta,9823072.0,100,EXACT,2,2,Oxalis stricta,Oxalis,Oxalis,Oxalis
Yucca necopina,2775579,Yucca necopina,<i>Yucca</i> <i>necopina</i> Shinners,SPECIES,Asparagaceae,7683.0,Yucca,2775496.0,Yucca necopina,2775579.0,100,EXACT,2,2,Yucca necopina,Yucca,Yucca,Yucca
Quercus emoryi,2878171,Quercus emoryi,<i>Quercus</i> <i>emoryi</i> Torr.,SPECIES,Fagaceae,4689.0,Quercus,2877951.0,Quercus emoryi,2878171.0,99,EXACT,2,2,Quercus emoryi,Quercus,Quercus,Quercus
Cirsium repandum,3113685,Cirsium repandum,<i>Cirsium</i> <i>repandum</i> Michx.,SPECIES,Asteraceae,3065.0,Cirsium,3112554.0,Cirsium repandum,3113685.0,100,EXACT,2,2,Cirsium repandum,Cirsium,Cirsium,Cirsium
Vicia lathyroides,2975076,Vicia lathyroides,<i>Vicia</i> <i>lathyroides</i> L.,SPECIES,Fabaceae,5386.0,Vicia,2974751.0,Vicia lathyroides,2975076.0,99,EXACT,2,2,Vicia lathyroides,Vicia,Vicia,Vicia
Quercus × comptoniae,2880506,Quercus comptoniae,<i>Quercus</i> × <i>comptoniae</i> Sarg.,SPECIES,Fagaceae,4689.0,Quercus,2877951.0,Quercus comptoniae,2880506.0,100,EXACT,3,2,Quercus comptoniae,Quercus,Quercus,Quercus
Allium canadense mobilense,3697899,Allium canadense mobilense,<i>Allium</i> <i>canadense</i> var. <i>mobilense</i> (Regel) Ownbey,VARIETY,Amaryllidaceae,7682.0,Allium,9624496.0,Allium canadense,2855611.0,85,EXACT,3,3,Allium canadense mobilense,Allium,Allium,Allium
Mentha × piperita,8707933,Mentha piperita,<i>Mentha</i> × <i>piperita</i> L.,SPECIES,Lamiaceae,2497.0,Mentha,2927173.0,Mentha piperita,8707933.0,100,EXACT,3,2,Mentha piperita,Mentha,Mentha,Mentha
Cirsium clavatum,3112615,Cirsium clavatum,<i>Cirsium</i> <i>clavatum</i> (M.E.Jones) Petr.,SPECIES,Asteraceae,3065.0,Cirsium,3112554.0,Cirsium clavatum,3112615.0,99,EXACT,2,2,Cirsium clavatum,Cirsium,Cirsium,Cirsium
Pinus engelmannii,5285058,Pinus engelmannii,<i>Pinus</i> <i>engelmannii</i> Carrière,SPECIES,Pinaceae,3925.0,Pinus,2684241.0,Pinus engelmannii,5285058.0,99,EXACT,2,2,Pinus engelmannii,Pinus,Pinus,Pinus
Viola grisea,12282368,Viola grisea,<i>Viola</i> <i>grisea</i> (Fernald) H.E.Ballard,SPECIES,Violaceae,6631.0,Viola,2874237.0,Viola novae-angliae,5331232.0,100,EXACT,2,2,Viola grisea,Viola,Viola,Viola
Sanicula hoffmannii,8578963,Sanicula hoffmannii,<i>Sanicula</i> <i>hoffmannii</i> (R.H.Shan & Constance) Bell,SPECIES,Apiaceae,6720.0,Sanicula,3034831.0,Sanicula hoffmannii,8578963.0,99,EXACT,2,2,Sanicula hoffmannii,Sanicula,Sanicula,Sanicula
Pycnanthemum verticillatum verticillatum,6410748,Pycnanthemum verticillatum verticillatum,<i>Pycnanthemum</i> <i>verticillatum</i> var. <i>verticillatum</i>,VARIETY,Lamiaceae,2497.0,Pycnanthemum,2927338.0,Pycnanthemum verticillatum,2927363.0,88,EXACT,3,3,Pycnanthemum verticillatum verticillatum,Pycnanthemum,Pycnanthemum,Pycnanthemum
Crataegus venusta,3015720,Crataegus venusta,<i>Crataegus</i> <i>venusta</i> Beadle,SPECIES,Rosaceae,5015.0,Crataegus,3013395.0,Crataegus venusta,3015720.0,100,EXACT,2,2,Crataegus venusta,Crataegus,Crataegus,Crataegus
Pinus elliottii densa,5285779,Pinus elliottii densa,<i>Pinus</i> <i>elliottii</i> var. <i>densa</i> Little & K.W.Dorman,VARIETY,Pinaceae,3925.0,Pinus,2684241.0,Pinus elliottii,5285777.0,85,EXACT,3,3,Pinus elliottii densa,Pinus,Pinus,Pinus
Vaccinium pallidum,2882895,Vaccinium pallidum,<i>Vaccinium</i> <i>pallidum</i> Aiton,SPECIES,Ericaceae,2505.0,Vaccinium,2882813.0,Vaccinium pallidum,2882895.0,100,EXACT,2,2,Vaccinium pallidum,Vaccinium,Vaccinium,Vaccinium
Quercus oglethorpensis,2878313,Quercus oglethorpensis,<i>Quercus</i> <i>oglethorpensis</i> W.H.Duncan,SPECIES,Fagaceae,4689.0,Quercus,2877951.0,Quercus oglethorpensis,2878313.0,100,EXACT,2,2,Quercus oglethorpensis,Quercus,Quercus,Quercus
Allium brevistylum,2857512,Allium brevistylum,<i>Allium</i> <i>brevistylum</i> S.Watson,SPECIES,Amaryllidaceae,7682.0,Allium,9624496.0,Allium brevistylum,2857512.0,100,EXACT,2,2,Allium brevistylum,Allium,Allium,Allium
Viola chamissoniana,5331174,Viola chamissoniana,<i>Viola</i> <i>chamissoniana</i> Ging.,SPECIES,Violaceae,6631.0,Viola,2874237.0,Viola chamissoniana,5331174.0,100,EXACT,2,2,Viola chamissoniana,Viola,Viola,Viola
Ceanothus jepsonii albiflorus,3877243,Ceanothus jepsonii albiflorus,<i>Ceanothus</i> <i>jepsonii</i> var. <i>albiflorus</i> J.T.Howell,VARIETY,Rhamnaceae,2407.0,Ceanothus,3039297.0,Ceanothus jepsonii,3039365.0,85,EXACT,3,3,Ceanothus jepsonii albiflorus,Ceanothus,Ceanothus,Ceanothus
Viola biflora biflora,7296609,Viola biflora biflora,<i>Viola</i> <i>biflora</i> subsp. <i>biflora</i>,SUBSPECIES,Violaceae,6631.0,Viola,2874237.0,Viola biflora,5331325.0,88,EXACT,3,3,Viola biflora biflora,Viola,Viola,Viola
Rubus idaeus strigosus,2993119,Rubus idaeus strigosus,<i>Rubus</i> <i>idaeus</i> subsp. <i>strigosus</i> (Michx.) Focke,SUBSPECIES,Rosaceae,5015.0,Rubus,2988638.0,Rubus idaeus,2993094.0,85,EXACT,3,3,Rubus idaeus strigosus,Rubus,Rubus,Rubus
Quercus × morehus,2881715,Quercus morehus,<i>Quercus</i> × <i>morehus</i> Kellogg,SPECIES,Fagaceae,4689.0,Quercus,2877951.0,Quercus morehus,2881715.0,100,EXACT,3,2,Quercus morehus,Quercus,Quercus,Quercus
Crataegus punctata,3014805,Crataegus punctata,<i>Crataegus</i> <i>punctata</i> Jacq.,SPECIES,Rosaceae,5015.0,Crataegus,3013395.0,Crataegus punctata,3014805.0,99,EXACT,2,2,Crataegus punctata,Crataegus,Crataegus,Crataegus
Ribes lacustre,2986194,Ribes lacustre,<i>Ribes</i> <i>lacustre</i> (Pers.) Poir.,SPECIES,Grossulariaceae,2403.0,Ribes,2986095.0,Ribes lacustre,2986194.0,100,EXACT,2,2,Ribes lacustre,Ribes,Ribes,Ribes
Trillium erectum erectum,7070845,Trillium erectum erectum,<i>Trillium</i> <i>erectum</i> var. <i>erectum</i>,VARIETY,Melanthiaceae,7700.0,Trillium,2742182.0,Trillium erectum,2742342.0,85,EXACT,3,3,Trillium erectum erectum,Trillium,Trillium,Trillium
Rudbeckia laciniata laciniata,9811549,Rudbeckia laciniata laciniata,<i>Rudbeckia</i> <i>laciniata</i> var. <i>laciniata</i>,VARIETY,Asteraceae,3065.0,Rudbeckia,3114220.0,Rudbeckia laciniata,3114229.0,85,EXACT,3,3,Rudbeckia laciniata laciniata,Rudbeckia,Rudbeckia,Rudbeckia
Ribes curvatum,2986199,Ribes curvatum,<i>Ribes</i> <i>curvatum</i> Small,SPECIES,Grossulariaceae,2403.0,Ribes,2986095.0,Ribes curvatum,2986199.0,100,EXACT,2,2,Ribes curvatum,Ribes,Ribes,Ribes
Rubus vestitus,8289268,Rubus vestitus,<i>Rubus</i> <i>vestitus</i> Weihe,SPECIES,Rosaceae,5015.0,Rubus,2988638.0,Rubus vestitus,8289268.0,99,EXACT,2,2,Rubus vestitus,Rubus,Rubus,Rubus
Vitis ficifolia,7293930,Vitis ficifolia,<i>Vitis</i> <i>ficifolia</i> Bunge,SPECIES,Vitaceae,6672.0,Vitis,7467468.0,Vitis ficifolia,7293930.0,100,EXACT,2,2,Vitis ficifolia,Vitis,Vitis,Vitis
Rubus regionalis,2998389,Rubus regionalis,<i>Rubus</i> <i>regionalis</i> (L.H.Bailey) L.H.Bailey,SPECIES,Rosaceae,5015.0,Rubus,2988638.0,Rubus regionalis,2998389.0,100,EXACT,2,2,Rubus regionalis,Rubus,Rubus,Rubus
Vitis aestivalis bicolor,7716080,Vitis aestivalis bicolor,<i>Vitis</i> <i>aestivalis</i> var. <i>bicolor</i> Leconte,VARIETY,Vitaceae,6672.0,Vitis,7467468.0,Vitis aestivalis,5372400.0,85,EXACT,3,3,Vitis aestivalis bicolor,Vitis,Vitis,Vitis
Crataegus pennsylvanica,3014745,Crataegus pennsylvanica,<i>Crataegus</i> <i>pennsylvanica</i> Ashe,SPECIES,Rosaceae,5015.0,Crataegus,3013395.0,Crataegus pennsylvanica,3014745.0,100,EXACT,2,2,Crataegus pennsylvanica,Crataegus,Crataegus,Crataegus
Tradescantia hirsutiflora,2765258,Tradescantia hirsutiflora,<i>Tradescantia</i> <i>hirsutiflora</i> Bush,SPECIES,Commelinaceae,2763195.0,Tradescantia,2765096.0,Tradescantia hirsutiflora,2765258.0,100,EXACT,2,2,Tradescantia hirsutiflora,Tradescantia,Tradescantia,Tradescantia
Lilium maritimum,2753044,Lilium maritimum,<i>Lilium</i> <i>maritimum</i> Kellogg,SPECIES,Liliaceae,7699.0,Lilium,2752977.0,Lilium maritimum,2753044.0,100,EXACT,2,2,Lilium maritimum,Lilium,Lilium,Lilium
Lilium philippinense,2753045,Lilium philippinense,<i>Lilium</i> <i>philippinense</i> Baker,SPECIES,Liliaceae,7699.0,Lilium,2752977.0,Lilium philippinense,2753045.0,100,EXACT,2,2,Lilium philippinense,Lilium,Lilium,Lilium
Pteridium latiusculum latiusculum,7265890,Pteridium latiusculum latiusculum,<i>Pteridium</i> <i>latiusculum</i> subsp. <i>latiusculum</i>,SUBSPECIES,Dennstaedtiaceae,6623.0,Pteridium,5275011.0,Pteridium aquilinum,5275012.0,88,EXACT,3,3,Pteridium latiusculum latiusculum,Pteridium,Pteridium,Pteridium
Claytonia arenicola,3084758,Claytonia arenicola,<i>Claytonia</i> <i>arenicola</i> L.F.Hend.,SPECIES,Montiaceae,4898338.0,Claytonia,3084729.0,Claytonia arenicola,3084758.0,100,EXACT,2,2,Claytonia arenicola,Claytonia,Claytonia,Claytonia
Vicia sativa nigra,2975035,Vicia sativa nigra,<i>Vicia</i> <i>sativa</i> subsp. <i>nigra</i> Ehrh.,SUBSPECIES,Fabaceae,5386.0,Vicia,2974751.0,Vicia sativa,2975014.0,85,EXACT,3,3,Vicia sativa nigra,Vicia,Vicia,Vicia
Carya pallida,3054341,Carya pallida,<i>Carya</i> <i>pallida</i> (Ashe) Engl. & Graebn.,SPECIES,Juglandaceae,2499.0,Carya,3054287.0,Carya pallida,3054341.0,99,EXACT,2,2,Carya pallida,Carya,Carya,Carya
Trillium recurvatum shayi,2742261,Trillium recurvatum shayi,<i>Trillium</i> <i>recurvatum</i> f. <i>shayi</i> E.J.Palmer & Steyerm.,FORM,Melanthiaceae,7700.0,Trillium,2742182.0,Trillium recurvatum,2742260.0,88,EXACT,3,3,Trillium recurvatum shayi,Trillium,Trillium,Trillium
Nuphar microphylla,6434939,Nuphar microphylla,<i>Nuphar</i> <i>microphylla</i> (Pers.) Fernald,SPECIES,Nymphaeaceae,2423.0,Nuphar,2882408.0,Nuphar microphylla,6434939.0,100,EXACT,2,2,Nuphar microphylla,Nuphar,Nuphar,Nuphar
Mentha longifolia,7510173,Mentha longifolia,<i>Mentha</i> <i>longifolia</i> (L.) L.,SPECIES,Lamiaceae,2497.0,Mentha,2927173.0,Mentha longifolia,7510173.0,99,EXACT,2,2,Mentha longifolia,Mentha,Mentha,Mentha
Quercus × subfalcata,2881640,Quercus subfalcata,<i>Quercus</i> × <i>subfalcata</i> Trel.,SPECIES,Fagaceae,4689.0,Quercus,2877951.0,Quercus subfalcata,2881640.0,99,EXACT,3,2,Quercus subfalcata,Quercus,Quercus,Quercus
Rubus densissimus,2999585,Rubus densissimus,<i>Rubus</i> <i>densissimus</i> H.A. & T.Davis,SPECIES,Rosaceae,5015.0,Rubus,2988638.0,Rubus densissimus,2999585.0,100,EXACT,2,2,Rubus densissimus,Rubus,Rubus,Rubus
Lathyrus latifolius latifolius,7275243,Lathyrus latifolius latifolius,<i>Lathyrus</i> <i>latifolius</i> f. <i>latifolius</i>,FORM,Fabaceae,5386.0,Lathyrus,10356062.0,Lathyrus latifolius,5356517.0,85,EXACT,3,3,Lathyrus latifolius latifolius,Lathyrus,Lathyrus,Lathyrus
Yucca brevifolia,2775592,Yucca brevifolia,<i>Yucca</i> <i>brevifolia</i> Engelm.,SPECIES,Asparagaceae,7683.0,Yucca,2775496.0,Yucca brevifolia,2775592.0,99,EXACT,2,2,Yucca brevifolia,Yucca,Yucca,Yucca
Viola glabella,5331176,Viola glabella,<i>Viola</i> <i>glabella</i> Nutt.,SPECIES,Violaceae,6631.0,Viola,2874237.0,Viola glabella,5331176.0,100,EXACT,2,2,Viola glabella,Viola,Viola,Viola
Ceanothus cuneatus,3039404,Ceanothus cuneatus,<i>Ceanothus</i> <i>cuneatus</i> (Hook.) Nutt.,SPECIES,Rhamnaceae,2407.0,Ceanothus,3039297.0,Ceanothus cuneatus,3039404.0,99,EXACT,2,2,Ceanothus cuneatus,Ceanothus,Ceanothus,Ceanothus
Allium obtusum,2857338,Allium obtusum,<i>Allium</i> <i>obtusum</i> Lemmon,SPECIES,Amaryllidaceae,7682.0,Allium,9624496.0,Allium obtusum,2857338.0,100,EXACT,2,2,Allium obtusum,Allium,Allium,Allium
Vitis vulpina,5372401,Vitis vulpina,<i>Vitis</i> <i>vulpina</i> L.,SPECIES,Vitaceae,6672.0,Vitis,7467468.0,Vitis vulpina,5372401.0,99,EXACT,2,2,Vitis vulpina,Vitis,Vitis,Vitis
Ceanothus rigidus,6371196,Ceanothus rigidus,<i>Ceanothus</i> <i>rigidus</i> Nutt.,SPECIES,Rhamnaceae,2407.0,Ceanothus,3039297.0,Ceanothus cuneatus,3039404.0,100,EXACT,2,2,Ceanothus rigidus,Ceanothus,Ceanothus,Ceanothus
Cirsium hookerianum,3113626,Cirsium hookerianum,<i>Cirsium</i> <i>hookerianum</i> Nutt.,SPECIES,Asteraceae,3065.0,Cirsium,3112554.0,Cirsium hookerianum,3113626.0,100,EXACT,2,2,Cirsium hookerianum,Cirsium,Cirsium,Cirsium
Picea × lutzii,5284875,Picea lutzii,<i>Picea</i> <i>lutzii</i> Little,SPECIES,Pinaceae,3925.0,Picea,7606064.0,Picea lutzii,5284875.0,100,EXACT,3,2,Picea lutzii,Picea,Picea,Picea
Allium parryi,2856852,Allium parryi,<i>Allium</i> <i>parryi</i> S.Watson,SPECIES,Amaryllidaceae,7682.0,Allium,9624496.0,Allium parryi,2856852.0,100,EXACT,2,2,Allium parryi,Allium,Allium,Allium
Corylus cornuta cornuta,2876038,Corylus cornuta cornuta,<i>Corylus</i> <i>cornuta</i> subsp. <i>cornuta</i>,SUBSPECIES,Betulaceae,4688.0,Corylus,2875967.0,Corylus cornuta,2876032.0,85,EXACT,3,3,Corylus cornuta cornuta,Corylus,Corylus,Corylus
Amelanchier alnifolia pumila,3023863,Amelanchier alnifolia pumila,<i>Amelanchier</i> <i>alnifolia</i> var. <i>pumila</i> (Torr. & A.Gray) C.K.Schneid.,VARIETY,Rosaceae,5015.0,Amelanchier,3023817.0,Amelanchier pumila,3023858.0,84,EXACT,3,3,Amelanchier alnifolia pumila,Amelanchier,Amelanchier,Amelanchier
Sambucus racemosa microbotrys,3856813,Sambucus racemosa microbotrys,<i>Sambucus</i> <i>racemosa</i> var. <i>microbotrys</i> (Rydb.) Kearney & Peebles,VARIETY,Viburnaceae,4924416.0,Sambucus,2888721.0,Sambucus racemosa,2888723.0,88,EXACT,3,3,Sambucus racemosa microbotrys,Sambucus,Sambucus,Sambucus
Ceanothus foliosus medius,10082397,Ceanothus foliosus medius,<i>Ceanothus</i> <i>foliosus</i> var. <i>medius</i> Mc Minn,VARIETY,Rhamnaceae,2407.0,Ceanothus,3039297.0,Ceanothus foliosus,3039336.0,85,EXACT,3,3,Ceanothus foliosus medius,Ceanothus,Ceanothus,Ceanothus
Raphanus raphanistrum landra,3040999,Raphanus raphanistrum landra,<i>Raphanus</i> <i>raphanistrum</i> subsp. <i>landra</i> (Moretti ex DC.) Bonnier & Layens,SUBSPECIES,Brassicaceae,3112.0,Raphanus,3040962.0,Raphanus raphanistrum,3040983.0,85,EXACT,3,3,Raphanus raphanistrum landra,Raphanus,Raphanus,Raphanus
Picea × albertiana,5284763,Picea albertiana,<i>Picea</i> <i>albertiana</i> S.Br.,SPECIES,Pinaceae,3925.0,Picea,7606064.0,Picea glauca,5284745.0,100,EXACT,3,2,Picea albertiana,Picea,Picea,Picea
Smilax laurifolia,5295268,Smilax laurifolia,<i>Smilax</i> <i>laurifolia</i> L.,SPECIES,Smilacaceae,7702.0,Smilax,2740627.0,Smilax laurifolia,5295268.0,99,EXACT,2,2,Smilax laurifolia,Smilax,Smilax,Smilax
Pinus contorta contorta,6409306,Pinus contorta contorta,<i>Pinus</i> <i>contorta</i> subsp. <i>contorta</i>,SUBSPECIES,Pinaceae,3925.0,Pinus,2684241.0,Pinus contorta,5285750.0,85,EXACT,3,3,Pinus contorta contorta,Pinus,Pinus,Pinus
Rhus chinensis chinensis,7321939,Rhus chinensis chinensis,<i>Rhus</i> <i>chinensis</i> var. <i>chinensis</i>,VARIETY,Anacardiaceae,2398.0,Rhus,3190534.0,Rhus chinensis,3190553.0,88,EXACT,3,3,Rhus chinensis chinensis,Rhus,Rhus,Rhus
Allium brandegeei,2857841,Allium brandegeei,<i>Allium</i> <i>brandegeei</i> S.Watson,SPECIES,Amaryllidaceae,7682.0,Allium,9624496.0,Allium brandegeei,2857841.0,100,EXACT,2,2,Allium brandegeei,Allium,Allium,Allium
Phlox pilosa pilosa,7223709,Phlox pilosa pilosa,<i>Phlox</i> <i>pilosa</i> subsp. <i>pilosa</i>,SUBSPECIES,Polemoniaceae,6648.0,Phlox,2927698.0,Phlox pilosa,2927734.0,85,EXACT,3,3,Phlox pilosa pilosa,Phlox,Phlox,Phlox
Oxalis caerulea,2891643,Oxalis caerulea,<i>Oxalis</i> <i>caerulea</i> (Small) R.Knuth,SPECIES,Oxalidaceae,6697.0,Oxalis,2891642.0,Oxalis caerulea,2891643.0,100,EXACT,2,2,Oxalis caerulea,Oxalis,Oxalis,Oxalis
Yucca elata elata,7228146,Yucca elata elata,<i>Yucca</i> <i>elata</i> var. <i>elata</i>,VARIETY,Asparagaceae,7683.0,Yucca,2775496.0,Yucca elata,2775775.0,88,EXACT,3,3,Yucca elata elata,Yucca,Yucca,Yucca
Monarda punctata coryi,5605262,Monarda punctata coryi,<i>Monarda</i> <i>punctata</i> var. <i>coryi</i> (E.M.McClint. & Epling) Shinners,VARIETY,Lamiaceae,2497.0,Monarda,2926838.0,Monarda punctata,5341413.0,85,EXACT,3,3,Monarda punctata coryi,Monarda,Monarda,Monarda
Amelanchier alnifolia semiintegrifolia,3855057,Amelanchier alnifolia semiintegrifolia,<i>Amelanchier</i> <i>alnifolia</i> var. <i>semiintegrifolia</i> (Hook.) C.L.Hitchc.,VARIETY,Rosaceae,5015.0,Amelanchier,3023817.0,Amelanchier alnifolia,8168485.0,88,EXACT,3,3,Amelanchier alnifolia semiintegrifolia,Amelanchier,Amelanchier,Amelanchier
Cirsium fontinale,3112638,Cirsium fontinale,<i>Cirsium</i> <i>fontinale</i> (Greene) Jeps.,SPECIES,Asteraceae,3065.0,Cirsium,3112554.0,Cirsium fontinale,3112638.0,100,EXACT,2,2,Cirsium fontinale,Cirsium,Cirsium,Cirsium
Quercus × rolfsii,2879408,Quercus rolfsii,<i>Quercus</i> × <i>rolfsii</i> Small,SPECIES,Fagaceae,4689.0,Quercus,2877951.0,Quercus rolfsii,2879408.0,100,EXACT,3,2,Quercus rolfsii,Quercus,Quercus,Quercus
Robinia hispida rosea,8287870,Robinia hispida-rosea,<i>Robinia</i> <i>hispida-rosea</i> Mirb.,SPECIES,Fabaceae,5386.0,Robinia,2952066.0,Robinia hispida-rosea,8287870.0,93,VARIANT,3,2,Robinia hispida-rosea,Robinia,Robinia,Robinia
Viola prionantha,7296610,Viola prionantha,<i>Viola</i> <i>prionantha</i> Bunge,SPECIES,Violaceae,6631.0,Viola,2874237.0,Viola prionantha,7296610.0,100,EXACT,2,2,Viola prionantha,Viola,Viola,Viola
Cirsium murdockii,7776003,Cirsium murdockii,"<i>Cirsium</i> <i>murdockii</i> S.L.Welsh, 1994",SPECIES,Asteraceae,3065.0,Cirsium,3112554.0,Cirsium murdockii,7776003.0,99,EXACT,2,2,Cirsium murdockii,Cirsium,Cirsium,Cirsium
Persicaria decipiens,4036197,Persicaria decipiens,<i>Persicaria</i> <i>decipiens</i> (R.Br.) K.L.Wilson,SPECIES,Polygonaceae,2416.0,Persicaria,6390748.0,Persicaria decipiens,4036197.0,100,EXACT,2,2,Persicaria decipiens,Persicaria,Persicaria,Persicaria
Typha latifolia,5289423,Typha latifolia,<i>Typha</i> <i>latifolia</i> L.,SPECIES,Typhaceae,4246.0,Typha,2702102.0,Typha latifolia,5289423.0,99,EXACT,2,2,Typha latifolia,Typha,Typha,Typha
Primula pauciflora,8688258,Primula pauciflora,<i>Primula</i> <i>pauciflora</i> (Durand) A.R.Mast & Reveal,SPECIES,Primulaceae,6674.0,Dodecatheon,7597718.0,Dodecatheon pulchellum,3169253.0,100,EXACT,2,2,Primula pauciflora,Primula,Primula,Primula
Viola lovelliana,5331318,Viola lovelliana,<i>Viola</i> <i>lovelliana</i> Brainerd,SPECIES,Violaceae,6631.0,Viola,2874237.0,Viola lovelliana,5331318.0,100,EXACT,2,2,Viola lovelliana,Viola,Viola,Viola
Lilium pardalinum vollmeri,2753199,Lilium pardalinum vollmeri,<i>Lilium</i> <i>pardalinum</i> subsp. <i>vollmeri</i> (Eastw.) M.W.Skinner,SUBSPECIES,Liliaceae,7699.0,Lilium,2752977.0,Lilium pardalinum,2753192.0,88,EXACT,3,3,Lilium pardalinum vollmeri,Lilium,Lilium,Lilium
Primula poetica,5641285,Primula poetica,<i>Primula</i> <i>poetica</i> (L.F.Hend.) A.R.Mast & Reveal,SPECIES,Primulaceae,6674.0,Dodecatheon,7597718.0,Dodecatheon poeticum,3169257.0,100,EXACT,2,2,Primula poetica,Primula,Primula,Primula
Dalea purpurea purpurea,7068245,Dalea purpurea purpurea,<i>Dalea</i> <i>purpurea</i> var. <i>purpurea</i>,VARIETY,Fabaceae,5386.0,Dalea,2954771.0,Dalea purpurea,5353342.0,88,EXACT,3,3,Dalea purpurea purpurea,Dalea,Dalea,Dalea
Malus spectabilis,3001108,Malus spectabilis,<i>Malus</i> <i>spectabilis</i> (Aiton) Borkh.,SPECIES,Rosaceae,5015.0,Malus,3001068.0,Malus spectabilis,3001108.0,99,EXACT,2,2,Malus spectabilis,Malus,Malus,Malus
Maianthemum racemosum amplexicaule,2769473,Maianthemum racemosum amplexicaule,<i>Maianthemum</i> <i>racemosum</i> subsp. <i>amplexicaule</i> (Nutt.) LaFrankie,SUBSPECIES,Asparagaceae,7683.0,Maianthemum,9608430.0,Maianthemum racemosum,2769457.0,85,EXACT,3,3,Maianthemum racemosum amplexicaule,Maianthemum,Maianthemum,Maianthemum
Claytonia sibirica,3084742,Claytonia sibirica,<i>Claytonia</i> <i>sibirica</i> L.,SPECIES,Montiaceae,4898338.0,Claytonia,3084729.0,Claytonia sibirica,3084742.0,99,EXACT,2,2,Claytonia sibirica,Claytonia,Claytonia,Claytonia
Yucca pallida,2775601,Yucca pallida,<i>Yucca</i> <i>pallida</i> McKelvey,SPECIES,Asparagaceae,7683.0,Yucca,2775496.0,Yucca pallida,2775601.0,100,EXACT,2,2,Yucca pallida,Yucca,Yucca,Yucca
Vitis berlandieri,6394108,Vitis berlandieri,<i>Vitis</i> <i>berlandieri</i> Planch.,SPECIES,Vitaceae,6672.0,Vitis,7467468.0,Vitis cinerea,5372379.0,100,EXACT,2,2,Vitis berlandieri,Vitis,Vitis,Vitis
Lathyrus japonicus maritimus,8254937,Lathyrus japonicus maritimus,<i>Lathyrus</i> <i>japonicus</i> var. <i>maritimus</i> (L.) J.T.Kartesz & Gandhi,VARIETY,Fabaceae,5386.0,Lathyrus,10356062.0,Lathyrus japonicus,5356714.0,85,EXACT,3,3,Lathyrus japonicus maritimus,Lathyrus,Lathyrus,Lathyrus
Rubus leucodermis,8110785,Rubus leucodermis,<i>Rubus</i> <i>leucodermis</i> Douglas ex Hook.,SPECIES,Rosaceae,5015.0,Rubus,2988638.0,Rubus leucodermis,8110785.0,99,EXACT,2,2,Rubus leucodermis,Rubus,Rubus,Rubus
Prunus serotina virens,10034772,Prunus serotina virens,<i>Prunus</i> <i>serotina</i> var. <i>virens</i> (Wooton & Standl.) Mc Vaugh,VARIETY,Rosaceae,5015.0,Prunus,3020559.0,Prunus serotina,3021850.0,85,EXACT,3,3,Prunus serotina virens,Prunus,Prunus,Prunus
Allium nevadense,2856006,Allium nevadense,<i>Allium</i> <i>nevadense</i> S.Watson,SPECIES,Amaryllidaceae,7682.0,Allium,9624496.0,Allium nevadense,2856006.0,100,EXACT,2,2,Allium nevadense,Allium,Allium,Allium
Cirsium occidentale coulteri,4220426,Cirsium occidentale coulteri,<i>Cirsium</i> <i>occidentale</i> var. <i>coulteri</i> (Harv. & A.Gray) Jeps.,VARIETY,Asteraceae,3065.0,Cirsium,3112554.0,Cirsium occidentale,3114557.0,88,EXACT,3,3,Cirsium occidentale coulteri,Cirsium,Cirsium,Cirsium
Pycnanthemum loomisii,2927364,Pycnanthemum loomisii,<i>Pycnanthemum</i> <i>loomisii</i> Nutt.,SPECIES,Lamiaceae,2497.0,Pycnanthemum,2927338.0,Pycnanthemum loomisii,2927364.0,100,EXACT,2,2,Pycnanthemum loomisii,Pycnanthemum,Pycnanthemum,Pycnanthemum
Ceanothus × lorenzenii,10375932,Ceanothus lorenzenii,<i>Ceanothus</i> × <i>lorenzenii</i> (Jeps.) Mc Minn,SPECIES,Rhamnaceae,2407.0,Ceanothus,3039297.0,Ceanothus lorenzenii,10375932.0,99,EXACT,3,2,Ceanothus lorenzenii,Ceanothus,Ceanothus,Ceanothus
Viola pedunculata pedunculata,7226041,Viola pedunculata pedunculata,<i>Viola</i> <i>pedunculata</i> subsp. <i>pedunculata</i>,SUBSPECIES,Violaceae,6631.0,Viola,2874237.0,Viola pedunculata,5331230.0,88,EXACT,3,3,Viola pedunculata pedunculata,Viola,Viola,Viola
Viola tomentosa,5331362,Viola tomentosa,<i>Viola</i> <i>tomentosa</i> M.S.Baker & J.C.Clausen,SPECIES,Violaceae,6631.0,Viola,2874237.0,Viola tomentosa,5331362.0,100,EXACT,2,2,Viola tomentosa,Viola,Viola,Viola
Crataegus ouachitensis,3015383,Crataegus ouachitensis,<i>Crataegus</i> <i>ouachitensis</i> E.J.Palmer,SPECIES,Rosaceae,5015.0,Crataegus,3013395.0,Crataegus ouachitensis,3015383.0,100,EXACT,2,2,Crataegus ouachitensis,Crataegus,Crataegus,Crataegus
Yucca intermedia,2775607,Yucca intermedia,<i>Yucca</i> <i>intermedia</i> McKelvey,SPECIES,Asparagaceae,7683.0,Yucca,2775496.0,Yucca intermedia,2775607.0,100,EXACT,2,2,Yucca intermedia,Yucca,Yucca,Yucca
Rumex lapponicus,2888971,Rumex lapponicus,<i>Rumex</i> <i>lapponicus</i> (Hiitonen) Czernov,SPECIES,Polygonaceae,2416.0,Rumex,2888942.0,Rumex lapponicus,2888971.0,100,EXACT,2,2,Rumex lapponicus,Rumex,Rumex,Rumex
Malva sylvestris sylvestris,7950468,Malva sylvestris sylvestris,<i>Malva</i> <i>sylvestris</i> var. <i>sylvestris</i>,VARIETY,Malvaceae,6685.0,Malva,3152364.0,Malva sylvestris,3152374.0,88,EXACT,3,3,Malva sylvestris sylvestris,Malva,Malva,Malva
Cirsium neomexicanum,3113512,Cirsium neomexicanum,<i>Cirsium</i> <i>neomexicanum</i> A.Gray,SPECIES,Asteraceae,3065.0,Cirsium,3112554.0,Cirsium neomexicanum,3113512.0,100,EXACT,2,2,Cirsium neomexicanum,Cirsium,Cirsium,Cirsium
Fragaria chiloensis,7738624,Fragaria chiloensis,<i>Fragaria</i> <i>chiloensis</i> (L.) Mill.,SPECIES,Rosaceae,5015.0,Fragaria,3029779.0,Fragaria chiloensis,7738624.0,99,EXACT,2,2,Fragaria chiloensis,Fragaria,Fragaria,Fragaria
Vitis aestivalis,5372400,Vitis aestivalis,<i>Vitis</i> <i>aestivalis</i> Michx.,SPECIES,Vitaceae,6672.0,Vitis,7467468.0,Vitis aestivalis,5372400.0,99,EXACT,2,2,Vitis aestivalis,Vitis,Vitis,Vitis
Vaccinium deliciosum,2882961,Vaccinium deliciosum,<i>Vaccinium</i> <i>deliciosum</i> Piper,SPECIES,Ericaceae,2505.0,Vaccinium,2882813.0,Vaccinium deliciosum,2882961.0,100,EXACT,2,2,Vaccinium deliciosum,Vaccinium,Vaccinium,Vaccinium
Oxalis smalliana,3626515,Oxalis smalliana,<i>Oxalis</i> <i>smalliana</i> R.Knuth,SPECIES,Oxalidaceae,6697.0,Oxalis,2891642.0,Oxalis oregana,8017574.0,100,EXACT,2,2,Oxalis smalliana,Oxalis,Oxalis,Oxalis
Physalis pubescens,5341819,Physalis pubescens,<i>Physalis</i> <i>pubescens</i> L.,SPECIES,Solanaceae,7717.0,Physalis,2928907.0,Physalis pubescens,5341819.0,99,EXACT,2,2,Physalis pubescens,Physalis,Physalis,Physalis
Mertensia paniculata paniculata,7226518,Mertensia paniculata paniculata,<i>Mertensia</i> <i>paniculata</i> var. <i>paniculata</i>,VARIETY,Boraginaceae,2498.0,Mertensia,2663415.0,Mertensia paniculata,5341214.0,85,EXACT,3,3,Mertensia paniculata paniculata,Mertensia,Mertensia,Mertensia
Trillium albidum parviflorum,7389372,Trillium albidum parviflorum,<i>Trillium</i> <i>albidum</i> subsp. <i>parviflorum</i> (V.G.Soukup) K.L.Chambers & S.C.Meyers,SUBSPECIES,Melanthiaceae,7700.0,Trillium,2742182.0,Trillium albidum,2742259.0,88,EXACT,3,3,Trillium albidum parviflorum,Trillium,Trillium,Trillium
Rubus nefrens,2999823,Rubus nefrens,<i>Rubus</i> <i>nefrens</i> L.H.Bailey,SPECIES,Rosaceae,5015.0,Rubus,2988638.0,Rubus nefrens,2999823.0,100,EXACT,2,2,Rubus nefrens,Rubus,Rubus,Rubus
Claytonia multiscapa pacifica,4023250,Claytonia multiscapa pacifica,<i>Claytonia</i> <i>multiscapa</i> subsp. <i>pacifica</i> (Mc Neill) John M.Mill. & K.L.Chambers,SUBSPECIES,Montiaceae,4898338.0,Claytonia,3084729.0,Claytonia multiscapa,7125671.0,88,EXACT,3,3,Claytonia multiscapa pacifica,Claytonia,Claytonia,Claytonia
Quercus depressipes,2878542,Quercus depressipes,<i>Quercus</i> <i>depressipes</i> Trel.,SPECIES,Fagaceae,4689.0,Quercus,2877951.0,Quercus depressipes,2878542.0,100,EXACT,2,2,Quercus depressipes,Quercus,Quercus,Quercus
Trillium delicatum,10764693,Trillium delicatum,<i>Trillium</i> <i>delicatum</i> Floden & E.E.Schill.,SPECIES,Melanthiaceae,7700.0,Trillium,2742182.0,Trillium delicatum,10764693.0,100,EXACT,2,2,Trillium delicatum,Trillium,Trillium,Trillium
Crataegus mexicana,3014233,Crataegus mexicana,<i>Crataegus</i> <i>mexicana</i> Moc. & Sessé ex DC.,SPECIES,Rosaceae,5015.0,Crataegus,3013395.0,Crataegus mexicana,3014233.0,99,EXACT,2,2,Crataegus mexicana,Crataegus,Crataegus,Crataegus
