searchedName,usageKey,canonicalName,formattedName,rank,family,family_key,genus,genus_key,species,species_key,confidence,matchType
Pinus scopulorum,5285071,Pinus scopulorum,<i>Pinus</i> <i>scopulorum</i> (Engelm.) Lemmon,SPECIES,Pinaceae,3925,Pinus,2684241,Pinus ponderosa,5285053,100,EXACT
Crataegus flabellata,3014366,Crataegus flabellata,<i>Crataegus</i> <i>flabellata</i> (Bosc ex Spach) K.Koch,SPECIES,Rosaceae,5015,Crataegus,3013395,Crataegus flabellata,3014366,99,EXACT
Yucca elata verdiensis,2775780,Yucca elata verdiensis,<i>Yucca</i> <i>elata</i> var. <i>verdiensis</i> (McKelvey) Reveal,VARIETY,Asparagaceae,7683,Yucca,2775496,Yucca elata,2775775,85,EXACT
Tragopogon orientalis,5386903,Tragopogon orientalis,<i>Tragopogon</i> <i>orientalis</i> L.,SPECIES,Asteraceae,3065,Tragopogon,3092408,Tragopogon orientalis,5386903,99,EXACT
Yucca torreyi,2775738,Yucca torreyi,<i>Yucca</i> <i>torreyi</i> Shafer,SPECIES,Asparagaceae,7683,Yucca,2775496,Yucca treculiana,9163943,100,EXACT
Primula clevelandii patula,5641749,Primula clevelandii patula,<i>Primula</i> <i>clevelandii</i> var. <i>patula</i> (Greene) A.R.Mast & Reveal,VARIETY,Primulaceae,6674,Dodecatheon,7597718,Dodecatheon clevelandii,3169271,88,EXACT
Prunus virginiana demissa,6368645,Prunus virginiana demissa,<i>Prunus</i> <i>virginiana</i> var. <i>demissa</i> (Nutt.) Torr.,VARIETY,Rosaceae,5015,Prunus,3020559,Prunus virginiana,3022668,85,EXACT
Physalis longifolia longifolia,6402842,Physalis longifolia longifolia,<i>Physalis</i> <i>longifolia</i> var. <i>longifolia</i>,VARIETY,Solanaceae,7717,Physalis,2928907,Physalis longifolia,5341818,88,EXACT
Ceanothus foliosus viejasensis,9711246,Ceanothus foliosus viejasensis,<i>Ceanothus</i> <i>foliosus</i> var. <i>viejasensis</i> D.O.Burge & Rebman,VARIETY,Rhamnaceae,2407,Ceanothus,3039297,Ceanothus foliosus,3039336,88,EXACT
Claytonia nevadensis,3084765,Claytonia nevadensis,<i>Claytonia</i> <i>nevadensis</i> S.Watson,SPECIES,Montiaceae,4898338,Claytonia,3084729,Claytonia nevadensis,3084765,100,EXACT
Ceanothus gloriosus gloriosus,7530271,Ceanothus gloriosus gloriosus,<i>Ceanothus</i> <i>gloriosus</i> var. <i>gloriosus</i>,VARIETY,Rhamnaceae,2407,Ceanothus,3039297,Ceanothus gloriosus,3039305,85,EXACT
Allium douglasii,2856994,Allium douglasii,<i>Allium</i> <i>douglasii</i> Hook.,SPECIES,Amaryllidaceae,7682,Allium,9624496,Allium douglasii,2856994,99,EXACT
Phacelia dubia georgiana,10163590,Phacelia dubia georgiana,<i>Phacelia</i> <i>dubia</i> var. <i>georgiana</i> Mc Vaugh,VARIETY,Hydrophyllaceae,2387,Phacelia,8988077,Phacelia dubia,2928259,87,EXACT
Yucca harrimaniae gilbertiana,2775581,Yucca harrimaniae gilbertiana,<i>Yucca</i> <i>harrimaniae</i> var. <i>gilbertiana</i> Trel.,VARIETY,Asparagaceae,7683,Yucca,2775496,Yucca harrimaniae,2775580,84,EXACT
Rumex pallidus,2889033,Rumex pallidus,<i>Rumex</i> <i>pallidus</i> Bigelow,SPECIES,Polygonaceae,2416,Rumex,2888942,Rumex pallidus,2889033,100,EXACT
Viola rostrata rostrata,7296287,Viola rostrata rostrata,<i>Viola</i> <i>rostrata</i> var. <i>rostrata</i>,VARIETY,Violaceae,6631,Viola,2874237,Viola rostrata,5331225,88,EXACT
Malus sargentii,3001372,Malus sargentii,<i>Malus</i> <i>sargentii</i> Rehder,SPECIES,Rosaceae,5015,Malus,3001068,Malus toringo,7848132,100,EXACT
Oxalis versicolor,8097265,Oxalis versicolor,<i>Oxalis</i> <i>versicolor</i> L.,SPECIES,Oxalidaceae,6697,Oxalis,2891642,Oxalis versicolor,8097265,99,EXACT
Camassia quamash intermedia,2769086,Camassia quamash intermedia,<i>Camassia</i> <i>quamash</i> subsp. <i>intermedia</i> Gould,SUBSPECIES,Asparagaceae,7683,Camassia,2769068,Camassia quamash,2769084,85,EXACT
Foeniculum vulgare azoricum,7669068,Foeniculum vulgare azoricum,<i>Foeniculum</i> <i>vulgare</i> var. <i>azoricum</i> (Mill.) Holub,VARIETY,Apiaceae,6720,Foeniculum,10704390,Foeniculum vulgare,3034922,85,EXACT
Physalis longifolia,5341818,Physalis longifolia,<i>Physalis</i> <i>longifolia</i> Nutt.,SPECIES,Solanaceae,7717,Physalis,2928907,Physalis longifolia,5341818,100,EXACT
Lilium catesbaei,2753284,Lilium catesbaei,<i>Lilium</i> <i>catesbaei</i> Walter,SPECIES,Liliaceae,7699,Lilium,2752977,Lilium catesbaei,2753284,99,EXACT
Cirsium occidentale lucianum,4220417,Cirsium occidentale lucianum,<i>Cirsium</i> <i>occidentale</i> var. <i>lucianum</i> D.J.Keil,VARIETY,Asteraceae,3065,Cirsium,3112554,Cirsium occidentale,3114557,88,EXACT
Stellaria longipes,5384620,Stellaria longipes,<i>Stellaria</i> <i>longipes</i> Goldie,SPECIES,Caryophyllaceae,2518,Stellaria,3085667,Stellaria longipes,5384620,100,EXACT
Lamium purpureum purpureum,7226078,Lamium purpureum purpureum,<i>Lamium</i> <i>purpureum</i> var. <i>purpureum</i>,VARIETY,Lamiaceae,2497,Lamium,2926678,Lamium purpureum,2926682,88,EXACT
Honckenya peploides robusta,9072099,Honckenya peploides robusta,<i>Honckenya</i> <i>peploides</i> subsp. <i>robusta</i> (Fernald) Hultén,SUBSPECIES,Caryophyllaceae,2518,Honckenya,3085775,Honckenya peploides,3085776,85,EXACT
Physalis missouriensis,5341808,Physalis missouriensis,<i>Physalis</i> <i>missouriensis</i> Mack. & Bush,SPECIES,Solanaceae,7717,Physalis,2928907,Physalis missouriensis,5341808,100,EXACT
Viola canadensis canadensis,7226050,Viola canadensis canadensis,<i>Viola</i> <i>canadensis</i> var. <i>canadensis</i>,VARIETY,Violaceae,6631,Viola,2874237,Viola canadensis,5331231,88,EXACT
Quercus × cravenensis,2878264,Quercus cravenensis,<i>Quercus</i> × <i>cravenensis</i> Little,SPECIES,Fagaceae,4689,Quercus,2877951,Quercus cravenensis,2878264,100,EXACT
Rubus baileyanus,2989820,Rubus baileyanus,<i>Rubus</i> <i>baileyanus</i> Britton,SPECIES,Rosaceae,5015,Rubus,2988638,Rubus baileyanus,2989820,100,EXACT
Tradescantia roseolens,2765260,Tradescantia roseolens,<i>Tradescantia</i> <i>roseolens</i> Small,SPECIES,Commelinaceae,2763195,Tradescantia,2765096,Tradescantia roseolens,2765260,100,EXACT
Nuphar × rubrodisca,3697714,Nuphar rubrodisca,<i>Nuphar</i> × <i>rubrodisca</i> Morong,SPECIES,Nymphaeaceae,2423,Nuphar,2882408,Nuphar rubrodisca,3697714,100,EXACT
Quercus × stelloides,2879170,Quercus stelloides,<i>Quercus</i> × <i>stelloides</i> E.J.Palmer,SPECIES,Fagaceae,4689,Quercus,2877951,Quercus stelloides,2879170,100,EXACT
Crataegus × fretalis,3014902,Crataegus fretalis,<i>Crataegus</i> × <i>fretalis</i> Sarg.,SPECIES,Rosaceae,5015,Crataegus,3013395,Crataegus fretalis,3014902,100,EXACT
Quercus viminea,2879637,Quercus viminea,<i>Quercus</i> <i>viminea</i> Trel.,SPECIES,Fagaceae,4689,Quercus,2877951,Quercus viminea,2879637,100,EXACT
Smilax jamesii,5295096,Smilax jamesii,<i>Smilax</i> <i>jamesii</i> G.A.Wallace,SPECIES,Smilacaceae,7702,Smilax,2740627,Smilax jamesii,5295096,100,EXACT
Quercus laurifolia,2877708,Quercus laurifolia,<i>Quercus</i> <i>laurifolia</i> Michx.,SPECIES,Fagaceae,4689,Quercus,2877951,Quercus laurifolia,2877708,99,EXACT
Polygonatum biflorum commutatum,2770047,Polygonatum biflorum commutatum,"<i>Polygonatum</i> <i>biflorum</i> var. <i>commutatum</i> Morong, 1893",VARIETY,Asparagaceae,7683,Polygonatum,2769995,Polygonatum biflorum,2770039,88,EXACT
Primula frenchii,5640458,Primula frenchii,<i>Primula</i> <i>frenchii</i> (Vasey) A.R.Mast & Reveal,SPECIES,Primulaceae,6674,Dodecatheon,7597718,Dodecatheon frenchii,3169272,100,EXACT
Sanicula maritima,3034864,Sanicula maritima,<i>Sanicula</i> <i>maritima</i> Kellogg ex S.Watson,SPECIES,Apiaceae,6720,Sanicula,3034831,Sanicula maritima,3034864,99,EXACT
Cirsium douglasii douglasii,7222553,Cirsium douglasii douglasii,<i>Cirsium</i> <i>douglasii</i> var. <i>douglasii</i>,VARIETY,Asteraceae,3065,Cirsium,3112554,Cirsium douglasii,3113757,88,EXACT
Suaeda rolandii,3083531,Suaeda rolandii,<i>Suaeda</i> <i>rolandii</i> Bassett & Crompton,SPECIES,Amaranthaceae,3064,Suaeda,7677792,Suaeda rolandii,3083531,100,EXACT
Cirsium longistylum,8362574,Cirsium longistylum,<i>Cirsium</i> <i>longistylum</i> J.W.Moore & Frankton,SPECIES,Asteraceae,3065,Cirsium,3112554,Cirsium longistylum,8362574,100,EXACT
Crataegus coccinea pringlei,3015588,Crataegus coccinea pringlei,<i>Crataegus</i> <i>coccinea</i> var. <i>pringlei</i> (Sarg.) J.A.Macklin & J.B.Phipps,VARIETY,Rosaceae,5015,Crataegus,3013395,Crataegus coccinea,7790614,88,EXACT
Yucca angustissima toftiae,2775694,Yucca angustissima toftiae,<i>Yucca</i> <i>angustissima</i> var. <i>toftiae</i> (S.L.Welsh) Reveal,VARIETY,Asparagaceae,7683,Yucca,2775496,Yucca angustissima,2775690,85,EXACT
Campanula rapunculoides cordifolia,5410486,Campanula rapunculoides cordifolia,<i>Campanula</i> <i>rapunculoides</i> subsp. <i>cordifolia</i> (K.Koch) Damboldt,SUBSPECIES,Campanulaceae,8801,Campanula,3161935,Campanula rapunculoides,5410436,85,EXACT
Claytonia megarhiza,3084735,Claytonia megarhiza,<i>Claytonia</i> <i>megarhiza</i> (A.Gray) Parry ex S.Watson,SPECIES,Montiaceae,4898338,Claytonia,3084729,Claytonia megarhiza,3084735,99,EXACT
Yucca constricta,2775703,Yucca constricta,<i>Yucca</i> <i>constricta</i> Buckley,SPECIES,Asparagaceae,7683,Yucca,2775496,Yucca constricta,2775703,100,EXACT
Allium atrorubens cristatum,2855927,Allium atrorubens cristatum,<i>Allium</i> <i>atrorubens</i> var. <i>cristatum</i> (S.Watson) McNeal,VARIETY,Amaryllidaceae,7682,Allium,9624496,Allium atrorubens,2855926,88,EXACT
Claytonia perfoliata,7736011,Claytonia perfoliata,<i>Claytonia</i> <i>perfoliata</i> Donn.,SPECIES,Montiaceae,4898338,Claytonia,3084729,Claytonia perfoliata,7736011,99,EXACT
Viburnum sieboldii,2888597,Viburnum sieboldii,<i>Viburnum</i> <i>sieboldii</i> Miq.,SPECIES,Viburnaceae,4924416,Viburnum,2888580,Viburnum sieboldii,2888597,100,EXACT
Rubus deliciosus,2999961,Rubus deliciosus,<i>Rubus</i> <i>deliciosus</i> Torr.,SPECIES,Rosaceae,5015,Rubus,2988638,Rubus deliciosus,2999961,100,EXACT
Sanicula crassicaulis crassicaulis,4271366,Sanicula crassicaulis crassicaulis,<i>Sanicula</i> <i>crassicaulis</i> var. <i>crassicaulis</i>,VARIETY,Apiaceae,6720,Sanicula,3034831,Sanicula crassicaulis,3034844,88,EXACT
Lilium pardalinum wigginsii,2753201,Lilium pardalinum wigginsii,<i>Lilium</i> <i>pardalinum</i> subsp. <i>wigginsii</i> (Beane & Vollmer) M.W.Skinner,SUBSPECIES,Liliaceae,7699,Lilium,2752977,Lilium pardalinum,2753192,88,EXACT
Ceanothus × regius,10030111,Ceanothus regius,<i>Ceanothus</i> × <i>regius</i> (Jeps.) Mc Minn,SPECIES,Rhamnaceae,2407,Ceanothus,3039297,Ceanothus regius,10030111,99,EXACT
Quercus tomentella,2878206,Quercus tomentella,<i>Quercus</i> <i>tomentella</i> Engelm.,SPECIES,Fagaceae,4689,Quercus,2877951,Quercus tomentella,2878206,99,EXACT
Rumex crispus crispus,7291543,Rumex crispus crispus,<i>Rumex</i> <i>crispus</i> var. <i>crispus</i>,VARIETY,Polygonaceae,2416,Rumex,2888942,Rumex crispus,8195144,88,EXACT
Celtis laevigata laevigata,7096645,Celtis laevigata laevigata,<i>Celtis</i> <i>laevigata</i> var. <i>laevigata</i>,VARIETY,Cannabaceae,2384,Celtis,2984479,Celtis laevigata,2984491,88,EXACT
Trillium persistens,2742276,Trillium persistens,<i>Trillium</i> <i>persistens</i> W.H.Duncan,SPECIES,Melanthiaceae,7700,Trillium,2742182,Trillium persistens,2742276,100,EXACT
Cirsium arvense arvense,6305858,Cirsium arvense arvense,<i>Cirsium</i> <i>arvense</i> var. <i>arvense</i>,VARIETY,Asteraceae,3065,Cirsium,3112554,Cirsium arvense,3113414,85,EXACT
Ribes tularense,8083070,Ribes tularense,<i>Ribes</i> <i>tularense</i> (Coville) Standl.,SPECIES,Grossulariaceae,2403,Ribes,2986095,Ribes tularense,8083070,99,EXACT
Claytonia peirsonii,9479365,Claytonia peirsonii,<i>Claytonia</i> <i>peirsonii</i> (Munz & I.M.Johnst.) Stoughton,SPECIES,Montiaceae,4898338,Claytonia,3084729,Claytonia peirsonii,9479365,100,EXACT
Allium passeyi,2856670,Allium passeyi,<i>Allium</i> <i>passeyi</i> N.H.Holmgren & A.H.Holmgren,SPECIES,Amaryllidaceae,7682,Allium,9624496,Allium passeyi,2856670,100,EXACT
Viola × indivisa,5663767,Viola indivisa,<i>Viola</i> × <i>indivisa</i> Greene,SPECIES,Violaceae,6631,Viola,2874237,Viola indivisa,5663767,100,EXACT
Viburnum plicatum,2888622,Viburnum plicatum,<i>Viburnum</i> <i>plicatum</i> Thunb.,SPECIES,Viburnaceae,4924416,Viburnum,2888580,Viburnum plicatum,2888622,99,EXACT
Persicaria amphibia emersa,4037007,Persicaria amphibia emersa,<i>Persicaria</i> <i>amphibia</i> var. <i>emersa</i> (Michx.) J.C.Hickman,VARIETY,Polygonaceae,2416,Persicaria,6390748,Persicaria amphibia,6391648,88,EXACT
Quercus durata durata,2879924,Quercus durata durata,<i>Quercus</i> <i>durata</i> var. <i>durata</i>,VARIETY,Fagaceae,4689,Quercus,2877951,Quercus durata,2879923,88,EXACT
Viola purpurea,5331324,Viola purpurea,<i>Viola</i> <i>purpurea</i> Kellogg,SPECIES,Violaceae,6631,Viola,2874237,Viola purpurea,5331324,99,EXACT
Viola riviniana,7296321,Viola riviniana,<i>Viola</i> <i>riviniana</i> Rchb.,SPECIES,Violaceae,6631,Viola,2874237,Viola riviniana,7296321,100,EXACT
Quercus × hawkinsiae,2879314,Quercus hawkinsiae,<i>Quercus</i> × <i>hawkinsiae</i> Sudw.,SPECIES,Fagaceae,4689,Quercus,2877951,Quercus hawkinsiae,2879314,100,EXACT
Cannabis sativa sativa,6370925,Cannabis sativa sativa,<i>Cannabis</i> <i>sativa</i> subsp. <i>sativa</i>,SUBSPECIES,Cannabaceae,2384,Cannabis,2984538,Cannabis sativa,5361880,85,EXACT
Rubus idaeus idaeus,7258954,Rubus idaeus idaeus,<i>Rubus</i> <i>idaeus</i> subsp. <i>idaeus</i>,SUBSPECIES,Rosaceae,5015,Rubus,2988638,Rubus idaeus,2993094,85,EXACT
Cirsium remotifolium remotifolium,7222547,Cirsium remotifolium remotifolium,<i>Cirsium</i> <i>remotifolium</i> var. <i>remotifolium</i>,VARIETY,Asteraceae,3065,Cirsium,3112554,Cirsium remotifolium,3113736,85,EXACT
Quercus myrtifolia,2878545,Quercus myrtifolia,<i>Quercus</i> <i>myrtifolia</i> Willd.,SPECIES,Fagaceae,4689,Quercus,2877951,Quercus myrtifolia,2878545,100,EXACT
Quercus wislizeni wislizeni,7069110,Quercus wislizeni wislizeni,<i>Quercus</i> <i>wislizeni</i> var. <i>wislizeni</i>,VARIETY,Fagaceae,4689,Quercus,2877951,Quercus wislizeni,2878384,88,EXACT
Cirsium quercetorum,3113695,Cirsium quercetorum,<i>Cirsium</i> <i>quercetorum</i> (A.Gray) Jeps.,SPECIES,Asteraceae,3065,Cirsium,3112554,Cirsium quercetorum,3113695,100,EXACT
Smilax melastomifolia,5295260,Smilax melastomifolia,<i>Smilax</i> <i>melastomifolia</i> Sm.,SPECIES,Smilacaceae,7702,Smilax,2740627,Smilax melastomifolia,5295260,100,EXACT
Typha × glauca,8960288,Typha glauca,<i>Typha</i> × <i>glauca</i> Godr.,SPECIES,Typhaceae,4246,Typha,2702102,Typha glauca,8960288,99,EXACT
Crataegus dodgei,3016197,Crataegus dodgei,<i>Crataegus</i> <i>dodgei</i> Ashe,SPECIES,Rosaceae,5015,Crataegus,3013395,Crataegus dodgei,3016197,100,EXACT
Ceanothus impressus nipomensis,10046939,Ceanothus impressus nipomensis,<i>Ceanothus</i> <i>impressus</i> var. <i>nipomensis</i> Mc Minn,VARIETY,Rhamnaceae,2407,Ceanothus,3039297,Ceanothus impressus,3039310,87,EXACT
Trillium pusillum pusillum,7227509,Trillium pusillum pusillum,<i>Trillium</i> <i>pusillum</i> var. <i>pusillum</i>,VARIETY,Melanthiaceae,7700,Trillium,2742182,Trillium pusillum,2742209,88,EXACT
Tragopogon miscellus,5386909,Tragopogon miscellus,<i>Tragopogon</i> × <i>miscellus</i> Ownbey,SPECIES,Asteraceae,3065,Tragopogon,3092408,Tragopogon miscellus,5386909,100,EXACT
Raphanus raphanistrum raphanistrum,7225596,Raphanus raphanistrum raphanistrum,<i>Raphanus</i> <i>raphanistrum</i> subsp. <i>raphanistrum</i>,SUBSPECIES,Brassicaceae,3112,Raphanus,3040962,Raphanus raphanistrum,3040983,85,EXACT
Rubus aboriginum,2993662,Rubus aboriginum,<i>Rubus</i> <i>aboriginum</i> Rydb.,SPECIES,Rosaceae,5015,Rubus,2988638,Rubus aboriginum,2993662,100,EXACT
Quercus × jackiana,2878032,Quercus jackiana,<i>Quercus</i> × <i>jackiana</i> C.K.Schneid.,SPECIES,Fagaceae,4689,Quercus,2877951,Quercus jackiana,2878032,100,EXACT
Acer saccharum schneckii,3767911,Acer saccharum schneckii,<i>Acer</i> <i>saccharum</i> var. <i>schneckii</i> Rehder,VARIETY,Sapindaceae,6657,Acer,3189834,Acer saccharum,3189859,85,EXACT
Lilium candidum,2753090,Lilium candidum,<i>Lilium</i> <i>candidum</i> L.,SPECIES,Liliaceae,7699,Lilium,2752977,Lilium candidum,2753090,99,EXACT
Rumex alpinus,2888948,Rumex alpinus,<i>Rumex</i> <i>alpinus</i> L.,SPECIES,Polygonaceae,2416,Rumex,2888942,Rumex alpinus,2888948,99,EXACT
Rhus microphylla,7707078,Rhus microphylla,<i>Rhus</i> <i>microphylla</i> Engelm.,SPECIES,Anacardiaceae,2398,Rhus,3190534,Rhus microphylla,7707078,99,EXACT
Yucca louisianensis,2775545,Yucca louisianensis,<i>Yucca</i> <i>louisianensis</i> Trel.,SPECIES,Asparagaceae,7683,Yucca,2775496,Yucca flaccida,2775530,100,EXACT
Lilium martagon,2753146,Lilium martagon,<i>Lilium</i> <i>martagon</i> L.,SPECIES,Liliaceae,7699,Lilium,2752977,Lilium martagon,2753146,99,EXACT
Mertensia paniculata borealis,5662245,Mertensia paniculata borealis,<i>Mertensia</i> <i>paniculata</i> var. <i>borealis</i> (J.F.Macbr.) L.O.Williams,VARIETY,Boraginaceae,2498,Mertensia,2663415,Mertensia paniculata,5341214,88,EXACT
Amelanchier nantucketensis,3023951,Amelanchier nantucketensis,<i>Amelanchier</i> <i>nantucketensis</i> E.P.Bicknell,SPECIES,Rosaceae,5015,Amelanchier,3023817,Amelanchier nantucketensis,3023951,100,EXACT
Rubus enslenii,2998356,Rubus enslenii,<i>Rubus</i> <i>enslenii</i> Tratt.,SPECIES,Rosaceae,5015,Rubus,2988638,Rubus enslenii,2998356,100,EXACT
Viola biflora,5331325,Viola biflora,<i>Viola</i> <i>biflora</i> L.,SPECIES,Violaceae,6631,Viola,2874237,Viola biflora,5331325,100,EXACT
Rubus allegheniensis allegheniensis,6369131,Rubus allegheniensis allegheniensis,<i>Rubus</i> <i>allegheniensis</i> var. <i>allegheniensis</i>,VARIETY,Rosaceae,5015,Rubus,2988638,Rubus allegheniensis,8235931,84,EXACT
Lomatium foeniculaceum fimbriatum,6423485,Lomatium foeniculaceum fimbriatum,<i>Lomatium</i> <i>foeniculaceum</i> subsp. <i>fimbriatum</i> W.L.Theob.,SUBSPECIES,Apiaceae,6720,Lomatium,8394726,Lomatium foeniculaceum,3034267,85,EXACT
Lactuca sativa,7403263,Lactuca sativa,<i>Lactuca</i> <i>sativa</i> L.,SPECIES,Asteraceae,3065,Lactuca,3140231,Lactuca sativa,7403263,100,EXACT
Amelanchier humilis,3023903,Amelanchier humilis,<i>Amelanchier</i> <i>humilis</i> Wiegand,SPECIES,Rosaceae,5015,Amelanchier,3023817,Amelanchier humilis,3023903,99,EXACT
Viburnum davidii,3856436,Viburnum davidi,<i>Viburnum</i> <i>davidi</i> Franch.,SPECIES,Viburnaceae,4924416,Viburnum,2888580,Viburnum davidi,3856436,98,VARIANT
Carya × laneyi,3054343,Carya laneyi,<i>Carya</i> × <i>laneyi</i> Sarg.,SPECIES,Juglandaceae,2499,Carya,3054287,Carya laneyi,3054343,100,EXACT
Persicaria virginiana,2889320,Persicaria virginiana,<i>Persicaria</i> <i>virginiana</i> (L.) Gaertn.,SPECIES,Polygonaceae,2416,Persicaria,6390748,Persicaria virginiana,2889320,99,EXACT
Ceanothus prostratus,3039366,Ceanothus prostratus,<i>Ceanothus</i> <i>prostratus</i> Benth.,SPECIES,Rhamnaceae,2407,Ceanothus,3039297,Ceanothus prostratus,3039366,100,EXACT
Muscari botryoides,2772094,Muscari botryoides,<i>Muscari</i> <i>botryoides</i> (L.) Mill.,SPECIES,Asparagaceae,7683,Muscari,2772004,Muscari botryoides,2772094,99,EXACT
Vitis acerifolia,5372375,Vitis acerifolia,<i>Vitis</i> <i>acerifolia</i> Raf.,SPECIES,Vitaceae,6672,Vitis,7467468,Vitis acerifolia,5372375,100,EXACT
Prunella vulgaris vulgaris,6410959,Prunella vulgaris vulgaris,<i>Prunella</i> <i>vulgaris</i> var. <i>vulgaris</i>,VARIETY,Lamiaceae,2497,Prunella,2926553,Prunella vulgaris,5341297,85,EXACT
Rubus rolfei,2994134,Rubus rolfei,<i>Rubus</i> <i>rolfei</i> S.Vidal,SPECIES,Rosaceae,5015,Rubus,2988638,Rubus rolfei,2994134,99,EXACT
Cirsium fontinale campylon,4222728,Cirsium fontinale campylon,<i>Cirsium</i> <i>fontinale</i> var. <i>campylon</i> (H.Sharsm.) Pilz ex D.J.Keil & C.E.Turner,VARIETY,Asteraceae,3065,Cirsium,3112554,Cirsium fontinale,3112638,85,EXACT
Viola purpurea venosa,7887146,Viola purpurea venosa,<i>Viola</i> <i>purpurea</i> subsp. <i>venosa</i> (S.Watson) M.S.Baker & Clausen,SUBSPECIES,Violaceae,6631,Viola,2874237,Viola purpurea,5331324,85,EXACT
Monarda stanfieldii,5341421,Monarda stanfieldii,<i>Monarda</i> <i>stanfieldii</i> Small,SPECIES,Lamiaceae,2497,Monarda,2926838,Monarda stanfieldii,5341421,100,EXACT
Colocasia esculenta esculenta,9638143,Colocasia esculenta esculenta,<i>Colocasia</i> <i>esculenta</i> subsp. <i>esculenta</i>,SUBSPECIES,Araceae,6979,Colocasia,5330758,Colocasia esculenta,5330776,85,EXACT
Cirsium vulgare vulgare,6305541,Cirsium vulgare vulgare,<i>Cirsium</i> <i>vulgare</i> subsp. <i>vulgare</i>,SUBSPECIES,Asteraceae,3065,Cirsium,3112554,Cirsium vulgare,3112801,85,EXACT
Ribes oxyacanthoides setosum,6442319,Ribes oxyacanthoides setosum,<i>Ribes</i> <i>oxyacanthoides</i> subsp. <i>setosum</i> (Lindl.) Q.P.Sinnott,SUBSPECIES,Grossulariaceae,2403,Ribes,2986095,Ribes oxyacanthoides,2986124,85,EXACT
Barbarea vulgaris arcuata,5374656,Barbarea vulgaris arcuata,<i>Barbarea</i> <i>vulgaris</i> subsp. <i>arcuata</i> (Opiz) Hayek,SUBSPECIES,Brassicaceae,3112,Barbarea,8370997,Barbarea vulgaris,5708780,84,EXACT
Amelanchier ovalis,3023878,Amelanchier ovalis,<i>Amelanchier</i> <i>ovalis</i> Medik.,SPECIES,Rosaceae,5015,Amelanchier,3023817,Amelanchier ovalis,3023878,99,EXACT
Viola adunca,5331199,Viola adunca,<i>Viola</i> <i>adunca</i> Sm.,SPECIES,Violaceae,6631,Viola,2874237,Viola adunca,5331199,100,EXACT
Quercus velutina,8086561,Quercus velutina,<i>Quercus</i> <i>velutina</i> Lam.,SPECIES,Fagaceae,4689,Quercus,2877951,Quercus velutina,8086561,99,EXACT
Viola palustris,5331355,Viola palustris,<i>Viola</i> <i>palustris</i> L.,SPECIES,Violaceae,6631,Viola,2874237,Viola palustris,5331355,100,EXACT
Persicaria capitata,2889304,Persicaria capitata,<i>Persicaria</i> <i>capitata</i> (Buch.-Ham. ex D.Don) H.Gross,SPECIES,Polygonaceae,2416,Persicaria,6390748,Persicaria capitata,2889304,100,EXACT
Rubus ursinus macropetalus,2991752,Rubus ursinus macropetalus,<i>Rubus</i> <i>ursinus</i> subsp. <i>macropetalus</i> (Douglas ex Hook.) Taylor & Mac Bryde,SUBSPECIES,Rosaceae,5015,Rubus,2988638,Rubus macropetalus,2991753,84,EXACT
Crataegus crus-galli,3013404,Crataegus crus-galli,<i>Crataegus</i> <i>crus-galli</i> L.,SPECIES,Rosaceae,5015,Crataegus,3013395,Crataegus crus-galli,3013404,99,EXACT
Cirsium occidentale occidentale,6444227,Cirsium occidentale occidentale,<i>Cirsium</i> <i>occidentale</i> var. <i>occidentale</i>,VARIETY,Asteraceae,3065,Cirsium,3112554,Cirsium occidentale,3114557,85,EXACT
Stellaria crispa,5384652,Stellaria crispa,<i>Stellaria</i> <i>crispa</i> Cham. & Schltdl.,SPECIES,Caryophyllaceae,2518,Stellaria,3085667,Stellaria crispa,5384652,100,EXACT
Vaccinium myrtillus,2882833,Vaccinium myrtillus,<i>Vaccinium</i> <i>myrtillus</i> L.,SPECIES,Ericaceae,2505,Vaccinium,2882813,Vaccinium myrtillus,2882833,99,EXACT
Glechoma hederacea micrantha,2926558,Glechoma hederacea micrantha,<i>Glechoma</i> <i>hederacea</i> var. <i>micrantha</i> Moricand,VARIETY,Lamiaceae,2497,Glechoma,2926556,Glechoma hederacea,2926557,84,EXACT
Cirsium occidentale candidissimum,4220437,Cirsium occidentale candidissimum,<i>Cirsium</i> <i>occidentale</i> var. <i>candidissimum</i> (Greene) J.F.Macbr.,VARIETY,Asteraceae,3065,Cirsium,3112554,Cirsium occidentale,3114557,85,EXACT
Crataegus coccinioides,3014860,Crataegus coccinioides,<i>Crataegus</i> <i>coccinioides</i> Ashe,SPECIES,Rosaceae,5015,Crataegus,3013395,Crataegus coccinioides,3014860,100,EXACT
Cirsium tioganum,6063915,Cirsium tioganum,<i>Cirsium</i> <i>tioganum</i> (Congdon) Petr.,SPECIES,Asteraceae,3065,Cirsium,3112554,Cirsium tioganum,6063915,100,EXACT
Ribes oxyacanthoides cognatum,6442192,Ribes oxyacanthoides cognatum,<i>Ribes</i> <i>oxyacanthoides</i> subsp. <i>cognatum</i> (Greene) Q.P.Sinnott,SUBSPECIES,Grossulariaceae,2403,Ribes,2986095,Ribes oxyacanthoides,2986124,85,EXACT
Picea mariana,5284802,Picea mariana,<i>Picea</i> <i>mariana</i> (Mill.) Britton et al.,SPECIES,Pinaceae,3925,Picea,7606064,Picea mariana,5284802,99,EXACT
Quercus hypoleucoides,2878550,Quercus hypoleucoides,<i>Quercus</i> <i>hypoleucoides</i> A.Camus,SPECIES,Fagaceae,4689,Quercus,2877951,Quercus hypoleucoides,2878550,100,EXACT
Quercus × alvordiana,2878156,Quercus alvordiana,<i>Quercus</i> × <i>alvordiana</i> Eastw.,SPECIES,Fagaceae,4689,Quercus,2877951,Quercus alvordiana,2878156,99,EXACT
Ribes amarum,7947023,Ribes amarum,<i>Ribes</i> <i>amarum</i> Mc Clatchie,SPECIES,Grossulariaceae,2403,Ribes,2986095,Ribes amarum,7947023,99,EXACT
Muscari armeniacum,8152187,Muscari armeniacum,<i>Muscari</i> <i>armeniacum</i> H.J.Veitch,SPECIES,Asparagaceae,7683,Muscari,2772004,Muscari armeniacum,8152187,99,EXACT
Pediomelum hypogaeum scaposum,8078311,Pediomelum hypogaeum scaposum,<i>Pediomelum</i> <i>hypogaeum</i> var. <i>scaposum</i> (A.Gray) Mahler,VARIETY,Fabaceae,5386,Pediomelum,2959963,Pediomelum hypogaeum,2944196,85,EXACT
Viburnum opulus opulus,7096614,Viburnum opulus opulus,<i>Viburnum</i> <i>opulus</i> var. <i>opulus</i>,VARIETY,Viburnaceae,4924416,Viburnum,2888580,Viburnum opulus,2888605,85,EXACT
Quercus pungens,2878187,Quercus pungens,<i>Quercus</i> <i>pungens</i> Liebm.,SPECIES,Fagaceae,4689,Quercus,2877951,Quercus pungens,2878187,99,EXACT
Erythronium shastense,8993372,Erythronium shastense,"<i>Erythronium</i> <i>shastense</i> D.A.York, J.K.Nelson & D.W.Taylor",SPECIES,Liliaceae,7699,Erythronium,2740136,Erythronium shastense,8993372,100,EXACT
Pycnanthemum clinopodioides,2927372,Pycnanthemum clinopodioides,<i>Pycnanthemum</i> <i>clinopodioides</i> Torr. & A.Gray,SPECIES,Lamiaceae,2497,Pycnanthemum,2927338,Pycnanthemum clinopodioides,2927372,100,EXACT
Allium sativum sativum,6435054,Allium sativum sativum,<i>Allium</i> <i>sativum</i> var. <i>sativum</i>,VARIETY,Amaryllidaceae,7682,Allium,9624496,Allium sativum,2856681,85,EXACT
Pontederia cordata cordata,4270222,Pontederia cordata cordata,<i>Pontederia</i> <i>cordata</i> var. <i>cordata</i>,VARIETY,Pontederiaceae,3731,Pontederia,2740415,Pontederia cordata,2766030,84,EXACT
Crataegus flabellata flabellata,3014366,Crataegus flabellata,<i>Crataegus</i> <i>flabellata</i> (Bosc ex Spach) K.Koch,SPECIES,Rosaceae,5015,Crataegus,3013395,Crataegus flabellata,3014366,99,HIGHERRANK
Claytonia crawfordii,10761048,Claytonia crawfordii,<i>Claytonia</i> <i>crawfordii</i> Stoughton,SPECIES,Montiaceae,4898338,Claytonia,3084729,Claytonia crawfordii,10761048,100,EXACT
Rumex acetosella acetosella,6709300,Rumex acetosella acetosella,"<i>Rumex</i> <i>acetosella</i> subsp. <i>acetosella</i> Linnaeus, 1753",SUBSPECIES,Polygonaceae,2416,Rumex,2888942,Rumex acetosella,2888995,85,EXACT
Viburnum lantanoides,2888601,Viburnum lantanoides,<i>Viburnum</i> <i>lantanoides</i> Michx.,SPECIES,Viburnaceae,4924416,Viburnum,2888580,Viburnum lantanoides,2888601,99,EXACT
Persicaria bicornis,2889206,Persicaria bicornis,<i>Persicaria</i> <i>bicornis</i> (Raf.) Nieuwl.,SPECIES,Polygonaceae,2416,Persicaria,6390748,Persicaria bicornis,2889206,100,EXACT
Ceanothus jepsonii,3039365,Ceanothus jepsonii,<i>Ceanothus</i> <i>jepsonii</i> Greene,SPECIES,Rhamnaceae,2407,Ceanothus,3039297,Ceanothus jepsonii,3039365,100,EXACT
Vicia faba,2974832,Vicia faba,<i>Vicia</i> <i>faba</i> L.,SPECIES,Fabaceae,5386,Vicia,2974751,Vicia faba,2974832,100,EXACT
Ceanothus arboreus,3039374,Ceanothus arboreus,<i>Ceanothus</i> <i>arboreus</i> Greene,SPECIES,Rhamnaceae,2407,Ceanothus,3039297,Ceanothus arboreus,3039374,100,EXACT
Ribes divaricatum divaricatum,7219278,Ribes divaricatum divaricatum,<i>Ribes</i> <i>divaricatum</i> var. <i>divaricatum</i>,VARIETY,Grossulariaceae,2403,Ribes,2986095,Ribes divaricatum,2986132,88,EXACT
Claytonia multiscapa,7125671,Claytonia multiscapa,<i>Claytonia</i> <i>multiscapa</i> Rydb.,SPECIES,Montiaceae,4898338,Claytonia,3084729,Claytonia multiscapa,7125671,100,EXACT
Tilia americana caroliniana,7641050,Tilia americana caroliniana,<i>Tilia</i> <i>americana</i> var. <i>caroliniana</i> (Mill.) A.E.Murray,VARIETY,Malvaceae,6685,Tilia,3152041,Tilia americana,3152042,85,EXACT
Quercus × caduca,2878552,Quercus caduca,<i>Quercus</i> × <i>caduca</i> Trel.,SPECIES,Fagaceae,4689,Quercus,2877951,Quercus caduca,2878552,100,EXACT
Ribes marshallii,2986204,Ribes marshallii,<i>Ribes</i> <i>marshallii</i> Greene,SPECIES,Grossulariaceae,2403,Ribes,2986095,Ribes marshallii,2986204,100,EXACT
Rubus groutianus,2995969,Rubus groutianus,<i>Rubus</i> × <i>groutianus</i> Blanch. & L.H.Bailey,SPECIES,Rosaceae,5015,Rubus,2988638,Rubus setosus,7769228,100,EXACT
Allium yosemitense,2857454,Allium yosemitense,<i>Allium</i> <i>yosemitense</i> Eastw.,SPECIES,Amaryllidaceae,7682,Allium,9624496,Allium yosemitense,2857454,100,EXACT
Rumex utahensis,4271176,Rumex utahensis,<i>Rumex</i> <i>utahensis</i> Rech.fil.,SPECIES,Polygonaceae,2416,Rumex,2888942,Rumex utahensis,4271176,100,EXACT
Quercus gambelii,2878268,Quercus gambelii,<i>Quercus</i> <i>gambelii</i> Nutt.,SPECIES,Fagaceae,4689,Quercus,2877951,Quercus gambelii,2878268,99,EXACT
Ceanothus crassifolius,3039308,Ceanothus crassifolius,<i>Ceanothus</i> <i>crassifolius</i> Torr.,SPECIES,Rhamnaceae,2407,Ceanothus,3039297,Ceanothus crassifolius,3039308,100,EXACT
Pinus glabra,5285140,Pinus glabra,<i>Pinus</i> <i>glabra</i> Walter,SPECIES,Pinaceae,3925,Pinus,2684241,Pinus glabra,5285140,100,EXACT
Viola selkirkii,5331202,Viola selkirkii,<i>Viola</i> <i>selkirkii</i> Pursh ex Goldie,SPECIES,Violaceae,6631,Viola,2874237,Viola selkirkii,5331202,99,EXACT
Crataegus phaenopyrum,8041842,Crataegus phaenopyrum,<i>Crataegus</i> <i>phaenopyrum</i> (L.fil.) Borkh.,SPECIES,Rosaceae,5015,Crataegus,3013395,Crataegus phaenopyrum,8041842,99,EXACT
Wisteria frutescens macrostachya,9967981,Wisteria frutescens macrostachya,<i>Wisteria</i> <i>frutescens</i> subsp. <i>macrostachya</i> (Torr. & A.Gray) J.Compton & Schrire,SUBSPECIES,Fabaceae,5386,Wisteria,2977309,Wisteria frutescens,2977310,85,EXACT
Prunus virginiana virginiana,6620109,Prunus virginiana virginiana,<i>Prunus</i> <i>virginiana</i> var. <i>virginiana</i>,VARIETY,Rosaceae,5015,Prunus,3020559,Prunus virginiana,3022668,88,EXACT
Viola appalachiensis,5331290,Viola appalachiensis,<i>Viola</i> <i>appalachiensis</i> L.K.Henry,SPECIES,Violaceae,6631,Viola,2874237,Viola appalachiensis,5331290,100,EXACT
Quercus × townei,2879840,Quercus townei,<i>Quercus</i> × <i>townei</i> E.J.Palmer,SPECIES,Fagaceae,4689,Quercus,2877951,Quercus townei,2879840,100,EXACT
Lilium longiflorum,2753336,Lilium longiflorum,<i>Lilium</i> <i>longiflorum</i> Thunb.,SPECIES,Liliaceae,7699,Lilium,2752977,Lilium longiflorum,2753336,99,EXACT
Crataegus brainerdii,3014175,Crataegus brainerdii,<i>Crataegus</i> <i>brainerdii</i> Sarg.,SPECIES,Rosaceae,5015,Crataegus,3013395,Crataegus scabrida,3014505,100,EXACT
Stellaria sanjuanensis,10716260,Stellaria sanjuanensis,<i>Stellaria</i> <i>sanjuanensis</i> M.T.Sharples & E.A.Tripp,SPECIES,Caryophyllaceae,2518,Stellaria,3085667,Stellaria sanjuanensis,10716260,100,EXACT
Daucus carota azoricus,3642205,Daucus carota azoricus,<i>Daucus</i> <i>carota</i> subsp. <i>azoricus</i> Franco,SUBSPECIES,Apiaceae,6720,Daucus,3034740,Daucus carota,3034742,88,EXACT
Quercus agrifolia,2880791,Quercus agrifolia,<i>Quercus</i> <i>agrifolia</i> Née,SPECIES,Fagaceae,4689,Quercus,2877951,Quercus agrifolia,2880791,99,EXACT
Trillium nivale,2742425,Trillium nivale,<i>Trillium</i> <i>nivale</i> Riddell,SPECIES,Melanthiaceae,7700,Trillium,2742182,Trillium nivale,2742425,100,EXACT
Ceanothus cordulatus,3039317,Ceanothus cordulatus,<i>Ceanothus</i> <i>cordulatus</i> Kellogg,SPECIES,Rhamnaceae,2407,Ceanothus,3039297,Ceanothus cordulatus,3039317,100,EXACT
Primula latiloba,5640934,Primula latiloba,<i>Primula</i> <i>latiloba</i> (A.Gray) A.R.Mast & Reveal,SPECIES,Primulaceae,6674,Dodecatheon,7597718,Dodecatheon dentatum,3169260,100,EXACT
Allium abramsii,2856249,Allium abramsii,<i>Allium</i> <i>abramsii</i> (Ownbey & Aase ex Traub) McNeal,SPECIES,Amaryllidaceae,7682,Allium,9624496,Allium abramsii,2856249,100,EXACT
Vitis cinerea floridana,5658529,Vitis cinerea floridana,<i>Vitis</i> <i>cinerea</i> var. <i>floridana</i> Munson,VARIETY,Vitaceae,6672,Vitis,7467468,Vitis cinerea,5372379,88,EXACT
Lilium humboldtii humboldtii,7227542,Lilium humboldtii humboldtii,<i>Lilium</i> <i>humboldtii</i> subsp. <i>humboldtii</i>,SUBSPECIES,Liliaceae,7699,Lilium,2752977,Lilium humboldtii,8491099,85,EXACT
Allium fraseri,2857573,Allium fraseri,<i>Allium</i> <i>fraseri</i> (Ownbey) Shinners,SPECIES,Amaryllidaceae,7682,Allium,9624496,Allium fraseri,2857573,100,EXACT
Persicaria posumbu,6391007,Persicaria posumbu,<i>Persicaria</i> <i>posumbu</i> (Buch.-Ham. ex D.Don) H.Gross,SPECIES,Polygonaceae,2416,Persicaria,6390748,Persicaria posumbu,6391007,99,EXACT
Gleditsia triacanthos inermis,9880128,Gleditsia triacanthos x inermis,,SPECIES,Fabaceae,5386,Gleditsia,2959442,Gleditsia texana,2959490,97,VARIANT
Quercus × subconvexa,2878236,Quercus subconvexa,<i>Quercus</i> × <i>subconvexa</i> J.M.Tucker,SPECIES,Fagaceae,4689,Quercus,2877951,Quercus subconvexa,2878236,100,EXACT
Quercus parvula tamalpaisensis,2878126,Quercus parvula tamalpaisensis,<i>Quercus</i> <i>parvula</i> var. <i>tamalpaisensis</i> S.K.Langer,VARIETY,Fagaceae,4689,Quercus,2877951,Quercus parvula,2878124,88,EXACT
Cirsium centaureae,7881028,Cirsium centaureae,<i>Cirsium</i> <i>centaureae</i> (Rydb.) K.Schum.,SPECIES,Asteraceae,3065,Cirsium,3112554,Cirsium centaureae,7881028,100,EXACT
Vaccinium uliginosum microphyllum,7821640,Vaccinium uliginosum microphyllum,<i>Vaccinium</i> <i>uliginosum</i> subsp. <i>microphyllum</i> (Lange) Hultén,SUBSPECIES,Ericaceae,2505,Vaccinium,2882813,Vaccinium uliginosum,8073364,85,EXACT
Cardamine impatiens impatiens,3046190,Cardamine impatiens impatiens,<i>Cardamine</i> <i>impatiens</i> var. <i>impatiens</i>,VARIETY,Brassicaceae,3112,Cardamine,3045622,Cardamine impatiens,3046187,84,EXACT
Sanicula canadensis grandis,3639590,Sanicula canadensis grandis,<i>Sanicula</i> <i>canadensis</i> var. <i>grandis</i> Fernald,VARIETY,Apiaceae,6720,Sanicula,3034831,Sanicula canadensis,3034834,88,EXACT
Ribes rubrum,2986097,Ribes rubrum,<i>Ribes</i> <i>rubrum</i> L.,SPECIES,Grossulariaceae,2403,Ribes,2986095,Ribes rubrum,2986097,99,EXACT
Suaeda maritima,3083541,Suaeda maritima,<i>Suaeda</i> <i>maritima</i> (L.) Dumort.,SPECIES,Amaranthaceae,3064,Suaeda,7677792,Suaeda maritima,3083541,99,EXACT
Viola pinetorum,5331223,Viola pinetorum,<i>Viola</i> <i>pinetorum</i> Greene,SPECIES,Violaceae,6631,Viola,2874237,Viola pinetorum,5331223,100,EXACT
Erythronium mesochoreum,2752838,Erythronium mesochoreum,<i>Erythronium</i> <i>mesochoreum</i> Knerr,SPECIES,Liliaceae,7699,Erythronium,2740136,Erythronium mesochoreum,2752838,100,EXACT
Sorbus sitchensis,3012319,Sorbus sitchensis,<i>Sorbus</i> <i>sitchensis</i> M.Roem.,SPECIES,Rosaceae,5015,Sorbus,3012146,Sorbus sitchensis,3012319,99,EXACT
Ceanothus hearstiorum,3039357,Ceanothus hearstiorum,<i>Ceanothus</i> <i>hearstiorum</i> Hoover & Roof,SPECIES,Rhamnaceae,2407,Ceanothus,3039297,Ceanothus hearstiorum,3039357,100,EXACT
Pinus halepensis,5285604,Pinus halepensis,<i>Pinus</i> <i>halepensis</i> Mill.,SPECIES,Pinaceae,3925,Pinus,2684241,Pinus halepensis,5285604,99,EXACT
Ficaria verna verna,7277276,Ficaria verna verna,<i>Ficaria</i> <i>verna</i> subsp. <i>verna</i>,SUBSPECIES,Ranunculaceae,2410,Ficaria,3234342,Ficaria verna,9094061,85,EXACT
Cirsium griseum,3112941,Cirsium griseum,<i>Cirsium</i> <i>griseum</i> (Rydb.) K.Schum.,SPECIES,Asteraceae,3065,Cirsium,3112554,Cirsium griseum,3112941,99,EXACT
Viola retusa,5331289,Viola retusa,<i>Viola</i> <i>retusa</i> Greene,SPECIES,Violaceae,6631,Viola,2874237,Viola retusa,5331289,100,EXACT
Primula jeffreyi jeffreyi,5640826,Primula jeffreyi,<i>Primula</i> <i>jeffreyi</i> (Van Houtte) A.R.Mast & Reveal,SPECIES,Primulaceae,6674,Dodecatheon,7597718,Dodecatheon jeffreyanum,4005760,100,HIGHERRANK
Ribes oxyacanthoides irriguum,6442173,Ribes oxyacanthoides irriguum,<i>Ribes</i> <i>oxyacanthoides</i> subsp. <i>irriguum</i> (Douglas) Q.P.Sinnott,SUBSPECIES,Grossulariaceae,2403,Ribes,2986095,Ribes oxyacanthoides,2986124,85,EXACT
Quercus × mutabilis,2879051,Quercus mutabilis,<i>Quercus</i> × <i>mutabilis</i> E.J.Palmer & Steyerm.,SPECIES,Fagaceae,4689,Quercus,2877951,Quercus mutabilis,2879051,100,EXACT
Trillium undulatum,2742335,Trillium undulatum,<i>Trillium</i> <i>undulatum</i> Willd.,SPECIES,Melanthiaceae,7700,Trillium,2742182,Trillium undulatum,2742335,100,EXACT
Smilax lasioneuron,5295452,Smilax lasioneura,<i>Smilax</i> <i>lasioneura</i> Hook.,SPECIES,Smilacaceae,7702,Smilax,2740627,Smilax lasioneura,5295452,95,VARIANT
Vaccinium calycinum,2882931,Vaccinium calycinum,<i>Vaccinium</i> <i>calycinum</i> Sm.,SPECIES,Ericaceae,2505,Vaccinium,2882813,Vaccinium calycinum,2882931,100,EXACT
Oxalis bowiei,7461212,Oxalis bowiei,<i>Oxalis</i> <i>bowiei</i> W.T.Aiton ex G.Don,SPECIES,Oxalidaceae,6697,Oxalis,2891642,Oxalis bowiei,7461212,99,EXACT
Petasites frigidus vitifolius,4217232,Petasites frigidus vitifolius,<i>Petasites</i> <i>frigidus</i> var. <i>vitifolius</i> (Greene) Chern.,VARIETY,Asteraceae,3065,Petasites,10717129,Petasites frigidus,3088323,85,EXACT
Ceanothus prostratus prostratus,6449222,Ceanothus prostratus prostratus,<i>Ceanothus</i> <i>prostratus</i> subsp. <i>prostratus</i>,SUBSPECIES,Rhamnaceae,2407,Ceanothus,3039297,Ceanothus prostratus,3039366,88,EXACT
Pinus caribaea,5285740,Pinus caribaea,<i>Pinus</i> <i>caribaea</i> Morelet,SPECIES,Pinaceae,3925,Pinus,2684241,Pinus caribaea,5285740,100,EXACT
Clinopodium vulgare vulgare,7306840,Clinopodium vulgare vulgare,<i>Clinopodium</i> <i>vulgare</i> subsp. <i>vulgare</i>,SUBSPECIES,Lamiaceae,2497,Clinopodium,2926907,Clinopodium vulgare,2926945,88,EXACT
Viola × sublanceolata,5331388,Viola sublanceolata,<i>Viola</i> × <i>sublanceolata</i> House,SPECIES,Violaceae,6631,Viola,2874237,Viola sublanceolata,5331388,100,EXACT
Cyperus esculentus macrostachyus,2716248,Cyperus esculentus macrostachyus,<i>Cyperus</i> <i>esculentus</i> var. <i>macrostachyus</i> Boeckeler,VARIETY,Cyperaceae,7708,Cyperus,2713455,Cyperus esculentus,2716226,84,EXACT
Viola tripartita,5331304,Viola tripartita,<i>Viola</i> <i>tripartita</i> Elliott,SPECIES,Violaceae,6631,Viola,2874237,Viola tripartita,5331304,99,EXACT
Crataegus uniflora,3015389,Crataegus uniflora,<i>Crataegus</i> <i>uniflora</i> Münchh.,SPECIES,Rosaceae,5015,Crataegus,3013395,Crataegus uniflora,3015389,99,EXACT
Sphaeralcea coccinea elata,3939230,Sphaeralcea coccinea elata,<i>Sphaeralcea</i> <i>coccinea</i> var. <i>elata</i> (Baker fil.) Kearney,VARIETY,Malvaceae,6685,Sphaeralcea,7412190,Sphaeralcea coccinea,3152438,85,EXACT
Physalis longifolia subglabrata,5581279,Physalis longifolia subglabrata,<i>Physalis</i> <i>longifolia</i> var. <i>subglabrata</i> (Mack. & Bush) Cronquist,VARIETY,Solanaceae,7717,Physalis,2928907,Physalis longifolia,5341818,88,EXACT
Viola brittoniana,5331282,Viola brittoniana,<i>Viola</i> <i>brittoniana</i> Pollard,SPECIES,Violaceae,6631,Viola,2874237,Viola brittoniana,5331282,100,EXACT
Oxalis suksdorfii,2891645,Oxalis suksdorfii,<i>Oxalis</i> <i>suksdorfii</i> Trel.,SPECIES,Oxalidaceae,6697,Oxalis,2891642,Oxalis suksdorfii,2891645,100,EXACT
Perideridia gairdneri gairdneri,7258869,Perideridia gairdneri gairdneri,<i>Perideridia</i> <i>gairdneri</i> subsp. <i>gairdneri</i>,SUBSPECIES,Apiaceae,6720,Perideridia,3034536,Perideridia gairdneri,3034543,88,EXACT
Vicia americana minor,2975207,Vicia americana minor,<i>Vicia</i> <i>americana</i> subsp. <i>minor</i> (Hook.) C.R.Gunn,SUBSPECIES,Fabaceae,5386,Vicia,2974751,Vicia americana,2975204,85,EXACT
Tradescantia subaspera montana,2765302,Tradescantia subaspera montana,<i>Tradescantia</i> <i>subaspera</i> var. <i>montana</i> (Shuttlew. ex Small & Vail) E.S.Anderson & Woodson,VARIETY,Commelinaceae,2763195,Tradescantia,2765096,Tradescantia subaspera,2765298,85,EXACT
Colocasia esculenta illustris,5950162,Colocasia esculenta illustris,<i>Colocasia</i> <i>esculenta</i> var. <i>illustris</i> (W.Bull) A.F.Hill,VARIETY,Araceae,6979,Colocasia,5330758,Colocasia esculenta,5330776,84,EXACT
Viburnum carolinianum,6369877,Viburnum carolinianum,<i>Viburnum</i> <i>carolinianum</i> Ashe,SPECIES,Viburnaceae,4924416,Viburnum,2888580,Viburnum carolinianum,6369877,100,EXACT
Pinus echinata,5285324,Pinus echinata,<i>Pinus</i> <i>echinata</i> Mill.,SPECIES,Pinaceae,3925,Pinus,2684241,Pinus echinata,5285324,99,EXACT
Quercus laevis,2878626,Quercus laevis,<i>Quercus</i> <i>laevis</i> Walter,SPECIES,Fagaceae,4689,Quercus,2877951,Quercus laevis,2878626,100,EXACT
Stellaria dicranoides,5384673,Stellaria dicranoides,<i>Stellaria</i> <i>dicranoides</i> (Cham. & Schltdl.) Fenzl,SPECIES,Caryophyllaceae,2518,Stellaria,3085667,Stellaria dicranoides,5384673,100,EXACT
Ceanothus americanus americanus,7273797,Ceanothus americanus americanus,<i>Ceanothus</i> <i>americanus</i> var. <i>americanus</i>,VARIETY,Rhamnaceae,2407,Ceanothus,3039297,Ceanothus americanus,3039318,88,EXACT
Vicia tetrasperma,2975083,Vicia tetrasperma,<i>Vicia</i> <i>tetrasperma</i> (L.) Schreb.,SPECIES,Fabaceae,5386,Vicia,2974751,Vicia tetrasperma,2975083,99,EXACT
Stellaria nitens,5384614,Stellaria nitens,<i>Stellaria</i> <i>nitens</i> Nutt.,SPECIES,Caryophyllaceae,2518,Stellaria,3085667,Stellaria nitens,5384614,100,EXACT
Quercus hinckleyi,2880522,Quercus hinckleyi,<i>Quercus</i> <i>hinckleyi</i> C.H.Mull.,SPECIES,Fagaceae,4689,Quercus,2877951,Quercus hinckleyi,2880522,100,EXACT
Tradescantia edwardsiana,2765210,Tradescantia edwardsiana,<i>Tradescantia</i> <i>edwardsiana</i> Tharp,SPECIES,Commelinaceae,2763195,Tradescantia,2765096,Tradescantia edwardsiana,2765210,100,EXACT
Origanum vulgare vulgare,7226093,Origanum vulgare vulgare,"<i>Origanum</i> <i>vulgare</i> subsp. <i>vulgare</i> Linnaeus, 1753",SUBSPECIES,Lamiaceae,2497,Origanum,2926611,Origanum vulgare,2926612,85,EXACT
Allium multibulbosum,2857976,Allium multibulbosum,<i>Allium</i> <i>multibulbosum</i> Jacq.,SPECIES,Amaryllidaceae,7682,Allium,9624496,Allium multibulbosum,2857976,100,EXACT
Quercus × beadlei,2881678,Quercus beadlei,<i>Quercus</i> × <i>beadlei</i> Trel.,SPECIES,Fagaceae,4689,Quercus,2877951,Quercus beadlei,2881678,99,EXACT
Crataegus viburnifolia,3014949,Crataegus viburnifolia,<i>Crataegus</i> <i>viburnifolia</i> Sarg.,SPECIES,Rosaceae,5015,Crataegus,3013395,Crataegus mollis,3015562,100,EXACT
Smilax tamnoides,5295110,Smilax tamnoides,<i>Smilax</i> <i>tamnoides</i> L.,SPECIES,Smilacaceae,7702,Smilax,2740627,Smilax tamnoides,5295110,99,EXACT
Ribes roezlii,2986198,Ribes roezlii,<i>Ribes</i> <i>roezlii</i> Regel,SPECIES,Grossulariaceae,2403,Ribes,2986095,Ribes roezlii,2986198,100,EXACT
Suaeda nigra,3083536,Suaeda nigra,<i>Suaeda</i> <i>nigra</i> (Raf.) J.F.Macbr.,SPECIES,Amaranthaceae,3064,Suaeda,7677792,Suaeda nigra,3083536,100,EXACT
Erythronium multiscapideum,2752898,Erythronium multiscapideum,<i>Erythronium</i> <i>multiscapideum</i> (Kellogg) A.Nelson & P.B.Kenn.,SPECIES,Liliaceae,7699,Erythronium,2740136,Erythronium multiscapideum,2752898,100,EXACT
Rumex salicifolius,2888990,Rumex salicifolius,<i>Rumex</i> <i>salicifolius</i> Weinm.,SPECIES,Polygonaceae,2416,Rumex,2888942,Rumex salicifolius,2888990,99,EXACT
Allium ampeloprasum,2856037,Allium ampeloprasum,<i>Allium</i> <i>ampeloprasum</i> L.,SPECIES,Amaryllidaceae,7682,Allium,9624496,Allium ampeloprasum,2856037,99,EXACT
Vaccinium shastense,7936270,Vaccinium shastense,<i>Vaccinium</i> <i>shastense</i> J.K.Nelson & Lindstrand,SPECIES,Ericaceae,2505,Vaccinium,2882813,Vaccinium shastense,7936270,100,EXACT
Zizania aquatica aquatica,7226842,Zizania aquatica aquatica,<i>Zizania</i> <i>aquatica</i> var. <i>aquatica</i>,VARIETY,Poaceae,3073,Zizania,2703227,Zizania aquatica,2703228,85,EXACT
Malvaviscus arboreus arboreus,6377387,Malvaviscus arboreus arboreus,<i>Malvaviscus</i> <i>arboreus</i> var. <i>arboreus</i>,VARIETY,Malvaceae,6685,Malvaviscus,3152774,Malvaviscus arboreus,3152775,85,EXACT
Quercus ellipsoidalis,2879276,Quercus ellipsoidalis,<i>Quercus</i> <i>ellipsoidalis</i> E.J.Hill,SPECIES,Fagaceae,4689,Quercus,2877951,Quercus ellipsoidalis,2879276,100,EXACT
Acorus americanus,2873771,Acorus americanus,<i>Acorus</i> <i>americanus</i> (Raf.) Raf.,SPECIES,Acoraceae,3719,Acorus,2730063,Acorus calamus,2873769,100,EXACT
Lycopus europaeus,5341478,Lycopus europaeus,<i>Lycopus</i> <i>europaeus</i> L.,SPECIES,Lamiaceae,2497,Lycopus,2927122,Lycopus europaeus,5341478,99,EXACT
Vaccinium shastense nevadense,8073365,Vaccinium shastense nevadense,<i>Vaccinium</i> <i>shastense</i> subsp. <i>nevadense</i> J.K.Nelson & Lindstrand,SUBSPECIES,Ericaceae,2505,Vaccinium,2882813,Vaccinium shastense,7936270,88,EXACT
Pinus leiophylla chihuahuana,5285527,Pinus leiophylla chihuahuana,<i>Pinus</i> <i>leiophylla</i> var. <i>chihuahuana</i> (Engelm.) Shaw,VARIETY,Pinaceae,3925,Pinus,2684241,Pinus leiophylla,5285511,85,EXACT
Stellaria alsine,5384606,Stellaria alsine,<i>Stellaria</i> <i>alsine</i> Grimm,SPECIES,Caryophyllaceae,2518,Stellaria,3085667,Stellaria alsine,5384606,99,EXACT
Pycnanthemum montanum,2927355,Pycnanthemum montanum,<i>Pycnanthemum</i> <i>montanum</i> Michx.,SPECIES,Lamiaceae,2497,Pycnanthemum,2927338,Pycnanthemum montanum,2927355,100,EXACT
Vitis rotundifolia rotundifolia,7222052,Vitis rotundifolia rotundifolia,<i>Vitis</i> <i>rotundifolia</i> var. <i>rotundifolia</i>,VARIETY,Vitaceae,6672,Vitis,7467468,Vitis rotundifolia,5372394,88,EXACT
Rhus virens choriophylla,3662331,Rhus virens choriophylla,<i>Rhus</i> <i>virens</i> var. <i>choriophylla</i> (Wooton & Standl.) L.D.Benson,VARIETY,Anacardiaceae,2398,Rhus,3190534,Rhus choriophylla,3662688,84,EXACT
Viola palustris palustris,7296370,Viola palustris palustris,<i>Viola</i> <i>palustris</i> subsp. <i>palustris</i>,SUBSPECIES,Violaceae,6631,Viola,2874237,Viola palustris,5331355,85,EXACT
Viola palmata,5331370,Viola palmata,<i>Viola</i> <i>palmata</i> L.,SPECIES,Violaceae,6631,Viola,2874237,Viola palmata,5331370,99,EXACT
Lilium michauxii,2753428,Lilium michauxii,<i>Lilium</i> <i>michauxii</i> Poir.,SPECIES,Liliaceae,7699,Lilium,2752977,Lilium michauxii,2753428,100,EXACT
Viburnum nitidum,3855464,Viburnum nitidum,<i>Viburnum</i> <i>nitidum</i> Aiton,SPECIES,Viburnaceae,4924416,Viburnum,2888580,Viburnum cassinoides,6369862,100,EXACT
Pinus californiarum,5285503,Pinus californiarum,<i>Pinus</i> <i>californiarum</i> D.K.Bailey,SPECIES,Pinaceae,3925,Pinus,2684241,Pinus monophylla,5285501,100,EXACT
Viburnum tinus,2888585,Viburnum tinus,<i>Viburnum</i> <i>tinus</i> L.,SPECIES,Viburnaceae,4924416,Viburnum,2888580,Viburnum tinus,2888585,100,EXACT
Cirsium grahamii,3112858,Cirsium grahamii,<i>Cirsium</i> <i>grahamii</i> A.Gray,SPECIES,Asteraceae,3065,Cirsium,3112554,Cirsium grahamii,3112858,100,EXACT
Wisteria floribunda,2977323,Wisteria floribunda,<i>Wisteria</i> <i>floribunda</i> (Willd.) DC.,SPECIES,Fabaceae,5386,Wisteria,2977309,Wisteria floribunda,2977323,99,EXACT
Allium marvinii,2857743,Allium marvinii,<i>Allium</i> <i>marvinii</i> Davidson,SPECIES,Amaryllidaceae,7682,Allium,9624496,Allium haematochiton,2857741,100,EXACT
Allium keeverae,10728948,Allium keeverae,"<i>Allium</i> <i>keeverae</i> D.B.Poind., Weakley & P.J.Williams",SPECIES,Amaryllidaceae,7682,Allium,9624496,Allium keeverae,10728948,100,EXACT
Allium bigelovii,3698013,Allium bigelovii,<i>Allium</i> <i>bigelovii</i> S.Watson,SPECIES,Amaryllidaceae,7682,Allium,9624496,Allium bigelovii,3698013,100,EXACT
Rhus aromatica simplicifolia,3660013,Rhus aromatica simplicifolia,<i>Rhus</i> <i>aromatica</i> var. <i>simplicifolia</i> (Greene) Cronquist,VARIETY,Anacardiaceae,2398,Rhus,3190534,Rhus trilobata,3190562,84,EXACT
Lilium iridollae,2753379,Lilium iridollae,<i>Lilium</i> <i>iridollae</i> M.G.Henry,SPECIES,Liliaceae,7699,Lilium,2752977,Lilium iridollae,2753379,100,EXACT
Claytonia umbellata,3084768,Claytonia umbellata,<i>Claytonia</i> <i>umbellata</i> S.Watson,SPECIES,Montiaceae,4898338,Claytonia,3084729,Claytonia umbellata,3084768,99,EXACT
Lathyrus japonicus japonicus,7258891,Lathyrus japonicus japonicus,<i>Lathyrus</i> <i>japonicus</i> var. <i>japonicus</i>,VARIETY,Fabaceae,5386,Lathyrus,10356062,Lathyrus japonicus,5356714,85,EXACT
Rumex violascens,2888975,Rumex violascens,<i>Rumex</i> <i>violascens</i> Rech.fil.,SPECIES,Polygonaceae,2416,Rumex,2888942,Rumex violascens,2888975,100,EXACT
Allium bolanderi,2856194,Allium bolanderi,<i>Allium</i> <i>bolanderi</i> S.Watson,SPECIES,Amaryllidaceae,7682,Allium,9624496,Allium bolanderi,2856194,100,EXACT
Caltha palustris radicans,8380066,Caltha palustris radicans,<i>Caltha</i> <i>palustris</i> var. <i>radicans</i> (T.F.Forst.) Beck,VARIETY,Ranunculaceae,2410,Caltha,3033282,Caltha palustris,5371685,85,EXACT
Crataegus austromontana,3013495,Crataegus austromontana,<i>Crataegus</i> <i>austromontana</i> Beadle,SPECIES,Rosaceae,5015,Crataegus,3013395,Crataegus austromontana,3013495,100,EXACT
Cercis canadensis texensis,7598605,Cercis canadensis texensis,<i>Cercis</i> <i>canadensis</i> subsp. <i>texensis</i> (S.Watson) A.E.Murray,SUBSPECIES,Fabaceae,5386,Cercis,2955919,Cercis canadensis,5353583,85,EXACT
Ribes oxyacanthoides,2986124,Ribes oxyacanthoides,<i>Ribes</i> <i>oxyacanthoides</i> L.,SPECIES,Grossulariaceae,2403,Ribes,2986095,Ribes oxyacanthoides,2986124,99,EXACT
Allium amplectens,2857894,Allium amplectens,<i>Allium</i> <i>amplectens</i> Torr.,SPECIES,Amaryllidaceae,7682,Allium,9624496,Allium amplectens,2857894,100,EXACT
Viburnum carlcephalum,8655746,Viburnum carlcephalum,<i>Viburnum</i> × <i>carlcephalum</i> Burkwood,SPECIES,Viburnaceae,4924416,Viburnum,2888580,Viburnum carlcephalum,8655746,99,EXACT
Cirsium perplexans,3112931,Cirsium perplexans,<i>Cirsium</i> <i>perplexans</i> (Rydb.) Petr.,SPECIES,Asteraceae,3065,Cirsium,3112554,Cirsium perplexans,3112931,99,EXACT
Yucca recurvifolia,2775677,Yucca recurvifolia,<i>Yucca</i> <i>recurvifolia</i> Salisb.,SPECIES,Asparagaceae,7683,Yucca,2775496,Yucca gloriosa,2775619,100,EXACT
Oxalis frutescens,2891719,Oxalis frutescens,<i>Oxalis</i> <i>frutescens</i> L.,SPECIES,Oxalidaceae,6697,Oxalis,2891642,Oxalis frutescens,2891719,99,EXACT
Cirsium culebraense,11464819,Cirsium culebraense,<i>Cirsium</i> <i>culebraense</i> Ackerf.,SPECIES,Asteraceae,3065,Cirsium,3112554,Cirsium culebraense,11464819,100,EXACT
Allium howellii clokeyi,2856793,Allium howellii clokeyi,<i>Allium</i> <i>howellii</i> var. <i>clokeyi</i> Ownbey & Aase ex Traub,VARIETY,Amaryllidaceae,7682,Allium,9624496,Allium howellii,2856788,87,EXACT
Viola sempervirens,5331332,Viola sempervirens,<i>Viola</i> <i>sempervirens</i> Greene,SPECIES,Violaceae,6631,Viola,2874237,Viola sempervirens,5331332,100,EXACT
Mentha pulegium,2927189,Mentha pulegium,<i>Mentha</i> <i>pulegium</i> L.,SPECIES,Lamiaceae,2497,Mentha,2927173,Mentha pulegium,2927189,99,EXACT
Quercus agrifolia agrifolia,4274897,Quercus agrifolia agrifolia,<i>Quercus</i> <i>agrifolia</i> var. <i>agrifolia</i>,VARIETY,Fagaceae,4689,Quercus,2877951,Quercus agrifolia,2880791,88,EXACT
Tradescantia reverchonii,2765250,Tradescantia reverchonii,<i>Tradescantia</i> <i>reverchonii</i> Bush,SPECIES,Commelinaceae,2763195,Tradescantia,2765096,Tradescantia reverchonii,2765250,100,EXACT
Cirsium canescens,3112906,Cirsium canescens,<i>Cirsium</i> <i>canescens</i> Nutt.,SPECIES,Asteraceae,3065,Cirsium,3112554,Cirsium canescens,3112906,99,EXACT
Vitis rotundifolia munsoniana,5659023,Vitis rotundifolia munsoniana,<i>Vitis</i> <i>rotundifolia</i> var. <i>munsoniana</i> (Simpson ex Munson) M.O.Moore,VARIETY,Vitaceae,6672,Vitis,7467468,Vitis rotundifolia,5372394,88,EXACT
Trillium tennesseense,9254522,Trillium tennesseense,<i>Trillium</i> <i>tennesseense</i> E.E.Schill. & Floden,SPECIES,Melanthiaceae,7700,Trillium,2742182,Trillium lancifolium,2742233,100,EXACT
Rumex giganteus,2889028,Rumex giganteus,<i>Rumex</i> <i>giganteus</i> Aiton,SPECIES,Polygonaceae,2416,Rumex,2888942,Rumex giganteus,2889028,100,EXACT
Rubus pugnax,2997648,Rubus pugnax,<i>Rubus</i> <i>pugnax</i> L.H.Bailey,SPECIES,Rosaceae,5015,Rubus,2988638,Rubus pugnax,2997648,100,EXACT
Wisteria frutescens,2977310,Wisteria frutescens,<i>Wisteria</i> <i>frutescens</i> (L.) Poir.,SPECIES,Fabaceae,5386,Wisteria,2977309,Wisteria frutescens,2977310,100,EXACT
Clinopodium brownei,2926921,Clinopodium brownei,<i>Clinopodium</i> <i>brownei</i> (Sw.) Kuntze,SPECIES,Lamiaceae,2497,Clinopodium,2926907,Clinopodium brownei,2926921,100,EXACT
Vicia tenuifolia,2975188,Vicia tenuifolia,<i>Vicia</i> <i>tenuifolia</i> Roth,SPECIES,Fabaceae,5386,Vicia,2974751,Vicia tenuifolia,2975188,99,EXACT
Salicornia rubra,5383950,Salicornia rubra,<i>Salicornia</i> <i>rubra</i> A.Nelson,SPECIES,Amaranthaceae,3064,Salicornia,3083796,Salicornia rubra,5383950,100,EXACT
Quercus cerris,2880580,Quercus cerris,<i>Quercus</i> <i>cerris</i> L.,SPECIES,Fagaceae,4689,Quercus,2877951,Quercus cerris,2880580,99,EXACT
Arctostaphylos uva-ursi leobreweri,2882591,Arctostaphylos uva-ursi leobreweri,<i>Arctostaphylos</i> <i>uva-ursi</i> var. <i>leobreweri</i> Roof,VARIETY,Ericaceae,2505,Arctostaphylos,2882486,Arctostaphylos uva-ursi,2882580,84,EXACT
Cirsium remotifolium rivulare,4219554,Cirsium remotifolium rivulare,<i>Cirsium</i> <i>remotifolium</i> var. <i>rivulare</i> Jeps.,VARIETY,Asteraceae,3065,Cirsium,3112554,Cirsium remotifolium,3113736,88,EXACT
Prunus pensylvanica pensylvanica,6560031,Prunus pensylvanica pensylvanica,<i>Prunus</i> <i>pensylvanica</i> subsp. <i>pensylvanica</i>,SUBSPECIES,Rosaceae,5015,Prunus,3020559,Prunus pensylvanica,8202030,84,EXACT
Lilium columbianum,2753524,Lilium columbianum,<i>Lilium</i> <i>columbianum</i> Leichtlin,SPECIES,Liliaceae,7699,Lilium,2752977,Lilium columbianum,2753524,99,EXACT
Viola renifolia,5331273,Viola renifolia,<i>Viola</i> <i>renifolia</i> A.Gray,SPECIES,Violaceae,6631,Viola,2874237,Viola renifolia,5331273,100,EXACT
Tradescantia virginiana,2765272,Tradescantia virginiana,<i>Tradescantia</i> <i>virginiana</i> L.,SPECIES,Commelinaceae,2763195,Tradescantia,2765096,Tradescantia virginiana,2765272,100,EXACT
Ceanothus cuneatus ramulosus,3875193,Ceanothus cuneatus ramulosus,<i>Ceanothus</i> <i>cuneatus</i> var. <i>ramulosus</i> Greene,VARIETY,Rhamnaceae,2407,Ceanothus,3039297,Ceanothus cuneatus,3039404,88,EXACT
Viburnum lantana,2888615,Viburnum lantana,<i>Viburnum</i> <i>lantana</i> L.,SPECIES,Viburnaceae,4924416,Viburnum,2888580,Viburnum lantana,2888615,99,EXACT
Camassia quamash breviflora,2769105,Camassia quamash breviflora,<i>Camassia</i> <i>quamash</i> subsp. <i>breviflora</i> Gould,SUBSPECIES,Asparagaceae,7683,Camassia,2769068,Camassia quamash,2769084,85,EXACT
Monarda fistulosa menthifolia,5605437,Monarda fistulosa menthifolia,<i>Monarda</i> <i>fistulosa</i> var. <i>menthifolia</i> (Graham) Fernald,VARIETY,Lamiaceae,2497,Monarda,2926838,Monarda fistulosa,5341411,85,EXACT
Hypericum ascyron pyramidatum,3715292,Hypericum ascyron pyramidatum,<i>Hypericum</i> <i>ascyron</i> subsp. <i>pyramidatum</i> (Dryand. ex Aiton) N.Robson,SUBSPECIES,Hypericaceae,4900406,Hypericum,3189452,Hypericum ascyron,3189479,88,EXACT
Rubus arcticus stellatus,6369034,Rubus arcticus stellatus,<i>Rubus</i> <i>arcticus</i> subsp. <i>stellatus</i> (Sm.) Boivin,SUBSPECIES,Rosaceae,5015,Rubus,2988638,Rubus arcticus,2992051,85,EXACT
Crataegus castlegarensis,3016092,Crataegus castlegarensis,<i>Crataegus</i> <i>castlegarensis</i> J.B.Phipps & O'Kennon,SPECIES,Rosaceae,5015,Crataegus,3013395,Crataegus castlegarensis,3016092,100,EXACT
Crataegus chrysocarpa chrysocarpa,7219969,Crataegus chrysocarpa chrysocarpa,<i>Crataegus</i> <i>chrysocarpa</i> var. <i>chrysocarpa</i>,VARIETY,Rosaceae,5015,Crataegus,3013395,Crataegus chrysocarpa,3015853,85,EXACT
Portulaca oleracea oleracea,6388110,Portulaca oleracea oleracea,"<i>Portulaca</i> <i>oleracea</i> subsp. <i>oleracea</i> Linnaeus, 1753",SUBSPECIES,Portulacaceae,6717,Portulaca,3084696,Portulaca oleracea,3084719,85,EXACT
Erythronium americanum,2752815,Erythronium americanum,<i>Erythronium</i> <i>americanum</i> Ker Gawl.,SPECIES,Liliaceae,7699,Erythronium,2740136,Erythronium americanum,2752815,99,EXACT
Vicia grandiflora,2974901,Vicia grandiflora,<i>Vicia</i> <i>grandiflora</i> Scop.,SPECIES,Fabaceae,5386,Vicia,2974751,Vicia grandiflora,2974901,99,EXACT
Cirsium wheeleri,3112670,Cirsium wheeleri,<i>Cirsium</i> <i>wheeleri</i> (A.Gray) Petr.,SPECIES,Asteraceae,3065,Cirsium,3112554,Cirsium wheeleri,3112670,100,EXACT
Ceanothus maritimus,3039393,Ceanothus maritimus,<i>Ceanothus</i> <i>maritimus</i> Hoover,SPECIES,Rhamnaceae,2407,Ceanothus,3039297,Ceanothus maritimus,3039393,100,EXACT
Physalis cinerascens spathulifolia,5581432,Physalis cinerascens spathulifolia,<i>Physalis</i> <i>cinerascens</i> var. <i>spathulifolia</i> (Torr.) J.R.Sullivan,VARIETY,Solanaceae,7717,Physalis,2928907,Physalis cinerascens,5341768,88,EXACT
Quercus marilandica marilandica,2881630,Quercus marilandica,<i>Quercus</i> <i>marilandica</i> (L.) Münchh.,SPECIES,Fagaceae,4689,Quercus,2877951,Quercus marilandica,2881630,100,HIGHERRANK
Ceanothus arcuatus,10527561,Ceanothus arcuatus,<i>Ceanothus</i> × <i>arcuatus</i> Mc Minn,SPECIES,Rhamnaceae,2407,Ceanothus,3039297,Ceanothus arcuatus,10527561,99,EXACT
Claytonia exigua glauca,4022126,Claytonia exigua glauca,<i>Claytonia</i> <i>exigua</i> subsp. <i>glauca</i> (Nutt. ex Torr. & A.Gray) John M.Mill. & K.L.Chambers,SUBSPECIES,Montiaceae,4898338,Claytonia,3084729,Claytonia exigua,3084730,88,EXACT
Cirsium scariosum scariosum,7066689,Cirsium scariosum scariosum,<i>Cirsium</i> <i>scariosum</i> var. <i>scariosum</i>,VARIETY,Asteraceae,3065,Cirsium,3112554,Cirsium scariosum,3113127,88,EXACT
Quercus intricata,2879547,Quercus intricata,<i>Quercus</i> <i>intricata</i> Trel.,SPECIES,Fagaceae,4689,Quercus,2877951,Quercus intricata,2879547,100,EXACT
Acorus calamus angustatus,2873796,Acorus calamus angustatus,<i>Acorus</i> <i>calamus</i> var. <i>angustatus</i> Besser,VARIETY,Acoraceae,3719,Acorus,2730063,Acorus calamus,2873769,88,EXACT
Crataegus pisifera,3016153,Crataegus pisifera,<i>Crataegus</i> <i>pisifera</i> Sarg.,SPECIES,Rosaceae,5015,Crataegus,3013395,Crataegus succulenta,3016137,100,EXACT
Viola epipsiloides,5663752,Viola epipsiloides,<i>Viola</i> <i>epipsiloides</i> Á.Löve & D.Löve,SPECIES,Violaceae,6631,Viola,2874237,Viola epipsila,5331391,100,EXACT
Cylindropuntia imbricata imbricata,7282635,Cylindropuntia imbricata imbricata,<i>Cylindropuntia</i> <i>imbricata</i> subsp. <i>imbricata</i>,SUBSPECIES,Cactaceae,2519,Cylindropuntia,7628502,Cylindropuntia imbricata,6381277,85,EXACT
Cirsium rhothophilum,3113056,Cirsium rhothophilum,<i>Cirsium</i> <i>rhothophilum</i> S.F.Blake,SPECIES,Asteraceae,3065,Cirsium,3112554,Cirsium rhothophilum,3113056,100,EXACT
Trillium flexipes,2742422,Trillium flexipes,<i>Trillium</i> <i>flexipes</i> Raf.,SPECIES,Melanthiaceae,7700,Trillium,2742182,Trillium flexipes,2742422,100,EXACT
Quercus durata gabrielensis,2879928,Quercus durata gabrielensis,<i>Quercus</i> <i>durata</i> var. <i>gabrielensis</i> Nixon & C.H.Müll.,VARIETY,Fagaceae,4689,Quercus,2877951,Quercus durata,2879923,88,EXACT
Ceanothus thyrsiflorus,3039379,Ceanothus thyrsiflorus,<i>Ceanothus</i> <i>thyrsiflorus</i> Eschw.,SPECIES,Rhamnaceae,2407,Ceanothus,3039297,Ceanothus thyrsiflorus,3039379,100,EXACT
Sanicula arctopoides,3034853,Sanicula arctopoides,<i>Sanicula</i> <i>arctopoides</i> Hook. & Arn.,SPECIES,Apiaceae,6720,Sanicula,3034831,Sanicula arctopoides,3034853,100,EXACT
Pycnanthemum curvipes,2927339,Pycnanthemum curvipes,<i>Pycnanthemum</i> <i>curvipes</i> (Greene) E.Grant & Epling,SPECIES,Lamiaceae,2497,Pycnanthemum,2927338,Pycnanthemum curvipes,2927339,100,EXACT
Malus ioensis,3001596,Malus ioensis,<i>Malus</i> <i>ioensis</i> (Alph.Wood) Britton,SPECIES,Rosaceae,5015,Malus,3001068,Malus ioensis,3001596,100,EXACT
Rubus fraxinifolius,2991951,Rubus fraxinifolius,<i>Rubus</i> <i>fraxinifolius</i> Poir.,SPECIES,Rosaceae,5015,Rubus,2988638,Rubus fraxinifolius,2991951,100,EXACT
Viola canadensis scopulorum,5664111,Viola canadensis scopulorum,<i>Viola</i> <i>canadensis</i> var. <i>scopulorum</i> A.Gray,VARIETY,Violaceae,6631,Viola,2874237,Viola scopulorum,5665116,84,EXACT
Quercus × deamii,2880125,Quercus deamii,<i>Quercus</i> × <i>deamii</i> Trel.,SPECIES,Fagaceae,4689,Quercus,2877951,Quercus deamii,2880125,100,EXACT
Fallopia cristata,5652270,Fallopia cristata,<i>Fallopia</i> <i>cristata</i> (Engelm. ex A.Gray) Holub,SPECIES,Polygonaceae,2416,Fallopia,2889418,Fallopia scandens,5652201,100,EXACT
Stellaria alaskana,5384644,Stellaria alaskana,<i>Stellaria</i> <i>alaskana</i> Hultén,SPECIES,Caryophyllaceae,2518,Stellaria,3085667,Stellaria alaskana,5384644,100,EXACT
Trifolium pratense sativum,5358798,Trifolium pratense sativum,<i>Trifolium</i> <i>pratense</i> var. <i>sativum</i> Schreb.,VARIETY,Fabaceae,5386,Trifolium,2973363,Trifolium pratense,8324121,85,EXACT
Barbarea vulgaris vulgaris,8560535,Barbarea vulgaris vulgaris,<i>Barbarea</i> <i>vulgaris</i> var. <i>vulgaris</i>,VARIETY,Brassicaceae,3112,Barbarea,8370997,Barbarea vulgaris,7941223,85,EXACT
Fallopia convolvulus,6391461,Fallopia convolvulus,<i>Fallopia</i> <i>convolvulus</i> (L.) Á.Löve,SPECIES,Polygonaceae,2416,Fallopia,2889418,Fallopia convolvulus,6391461,100,EXACT
Maianthemum racemosum racemosum,7228120,Maianthemum racemosum racemosum,<i>Maianthemum</i> <i>racemosum</i> subsp. <i>racemosum</i>,SUBSPECIES,Asparagaceae,7683,Maianthemum,9608430,Maianthemum racemosum,2769457,88,EXACT
Prunus serotina serotina,6620105,Prunus serotina serotina,<i>Prunus</i> <i>serotina</i> var. <i>serotina</i>,VARIETY,Rosaceae,5015,Prunus,3020559,Prunus serotina,3021850,85,EXACT
Hesperis matronalis matronalis,7225626,Hesperis matronalis matronalis,"<i>Hesperis</i> <i>matronalis</i> subsp. <i>matronalis</i> Linnaeus, 1753",SUBSPECIES,Brassicaceae,3112,Hesperis,3042187,Hesperis matronalis,3042291,85,EXACT
Allium cratericola,2857370,Allium cratericola,<i>Allium</i> <i>cratericola</i> Eastw.,SPECIES,Amaryllidaceae,7682,Allium,9624496,Allium cratericola,2857370,100,EXACT
Camassia cusickii,2769078,Camassia cusickii,<i>Camassia</i> <i>cusickii</i> S.Watson,SPECIES,Asparagaceae,7683,Camassia,2769068,Camassia cusickii,2769078,100,EXACT
Ribes oxyacanthoides hendersonii,4194283,Ribes oxyacanthoides hendersonii,<i>Ribes</i> <i>oxyacanthoides</i> subsp. <i>hendersonii</i> (C.L.Hitchc.) Q.P.Sinnott,SUBSPECIES,Grossulariaceae,2403,Ribes,2986095,Ribes oxyacanthoides,2986124,85,EXACT
Allium lacunosum micranthum,2857754,Allium lacunosum micranthum,<i>Allium</i> <i>lacunosum</i> var. <i>micranthum</i> Eastw.,VARIETY,Amaryllidaceae,7682,Allium,9624496,Allium lacunosum,2857752,88,EXACT
Sonchus asper asper,11374076,Sonchus asper asper,"<i>Sonchus</i> <i>asper</i> subsp. <i>asper</i> (Linnaeus, 1753)",SUBSPECIES,Asteraceae,3065,Sonchus,3105646,Sonchus asper,3105782,85,EXACT
Ribes malvaceum,2986101,Ribes malvaceum,<i>Ribes</i> <i>malvaceum</i> Sm.,SPECIES,Grossulariaceae,2403,Ribes,2986095,Ribes malvaceum,2986101,100,EXACT
Pinus serotina,5285602,Pinus serotina,<i>Pinus</i> <i>serotina</i> Michx.,SPECIES,Pinaceae,3925,Pinus,2684241,Pinus serotina,5285602,100,EXACT
Trillium ovatum ovatum,7227512,Trillium ovatum ovatum,<i>Trillium</i> <i>ovatum</i> var. <i>ovatum</i>,VARIETY,Melanthiaceae,7700,Trillium,2742182,Trillium ovatum,2742413,85,EXACT
Erythronium rostratum,2752896,Erythronium rostratum,<i>Erythronium</i> <i>rostratum</i> W.Wolf,SPECIES,Liliaceae,7699,Erythronium,2740136,Erythronium rostratum,2752896,100,EXACT
Rubus multifer,2992089,Rubus multifer,<i>Rubus</i> <i>multifer</i> L.H.Bailey,SPECIES,Rosaceae,5015,Rubus,2988638,Rubus multifer,2992089,100,EXACT
Crataegus macrosperma,3014896,Crataegus macrosperma,<i>Crataegus</i> <i>macrosperma</i> Ashe,SPECIES,Rosaceae,5015,Crataegus,3013395,Crataegus macrosperma,3014896,100,EXACT
Eryngium yuccifolium synchaetum,3640885,Eryngium yuccifolium synchaetum,<i>Eryngium</i> <i>yuccifolium</i> var. <i>synchaetum</i> A.Gray ex J.M.Coult. & Rose,VARIETY,Apiaceae,6720,Eryngium,3034387,Eryngium yuccifolium,3034408,85,EXACT
Vicia floridana,2974912,Vicia floridana,<i>Vicia</i> <i>floridana</i> S.Watson,SPECIES,Fabaceae,5386,Vicia,2974751,Vicia floridana,2974912,100,EXACT
Cirsium tracyi,3113340,Cirsium tracyi,<i>Cirsium</i> <i>tracyi</i> (Rydb.) Petr.,SPECIES,Asteraceae,3065,Cirsium,3112554,Cirsium tracyi,3113340,99,EXACT
Betula papyrifera papyrifera,7226601,Betula papyrifera papyrifera,<i>Betula</i> <i>papyrifera</i> var. <i>papyrifera</i>,VARIETY,Betulaceae,4688,Betula,2875008,Betula papyrifera,5332120,84,EXACT
Allium gooddingii,2857880,Allium gooddingii,<i>Allium</i> <i>gooddingii</i> Ownbey,SPECIES,Amaryllidaceae,7682,Allium,9624496,Allium gooddingii,2857880,100,EXACT
Physalis lagascae,5341775,Physalis lagascae,<i>Physalis</i> <i>lagascae</i> Roem. & Schult.,SPECIES,Solanaceae,7717,Physalis,2928907,Physalis lagascae,5341775,100,EXACT
Allium flavum,2856261,Allium flavum,<i>Allium</i> <i>flavum</i> L.,SPECIES,Amaryllidaceae,7682,Allium,9624496,Allium flavum,2856261,99,EXACT
Fallopia scandens,5652201,Fallopia scandens,<i>Fallopia</i> <i>scandens</i> (L.) Holub,SPECIES,Polygonaceae,2416,Fallopia,2889418,Fallopia scandens,5652201,100,EXACT
Lycopus amplectens,5341471,Lycopus amplectens,<i>Lycopus</i> <i>amplectens</i> Raf.,SPECIES,Lamiaceae,2497,Lycopus,2927122,Lycopus amplectens,5341471,100,EXACT
Sanicula arguta,3034832,Sanicula arguta,<i>Sanicula</i> <i>arguta</i> Greene ex J.M.Coult. & Rose,SPECIES,Apiaceae,6720,Sanicula,3034831,Sanicula arguta,3034832,99,EXACT
Plantago maritima juncoides,4156211,Plantago maritima juncoides,<i>Plantago</i> <i>maritima</i> var. <i>juncoides</i> (Lam.) A.Gray,VARIETY,Plantaginaceae,2420,Plantago,3189695,Plantago maritima,3189755,84,EXACT
Claytonia megarhiza nivalis,4023382,Claytonia megarhiza nivalis,<i>Claytonia</i> <i>megarhiza</i> var. <i>nivalis</i> (English) C.L.Hitchc.,VARIETY,Montiaceae,4898338,Claytonia,3084729,Claytonia megarhiza,3084735,88,EXACT
Viola egglestonii,5331322,Viola egglestonii,<i>Viola</i> <i>egglestonii</i> Brainerd,SPECIES,Violaceae,6631,Viola,2874237,Viola egglestonii,5331322,100,EXACT
Rumex obtusifolius obtusifolius,7344611,Rumex obtusifolius obtusifolius,"<i>Rumex</i> <i>obtusifolius</i> subsp. <i>obtusifolius</i> Linnaeus, 1753",SUBSPECIES,Polygonaceae,2416,Rumex,2888942,Rumex obtusifolius,2889011,85,EXACT
Ceanothus americanus pitcheri,3039319,Ceanothus americanus pitcheri,<i>Ceanothus</i> <i>americanus</i> var. <i>pitcheri</i> Torr. & A.Gray,VARIETY,Rhamnaceae,2407,Ceanothus,3039297,Ceanothus americanus,3039318,88,EXACT
Pinus mugo,5285385,Pinus mugo,<i>Pinus</i> <i>mugo</i> Turra,SPECIES,Pinaceae,3925,Pinus,2684241,Pinus mugo,5285385,100,EXACT
Astragalus crassicarpus cavus,5343644,Astragalus crassicarpus cavus,<i>Astragalus</i> <i>crassicarpus</i> var. <i>cavus</i> Barneby,VARIETY,Fabaceae,5386,Astragalus,2933951,Astragalus crassicarpus,5343637,88,EXACT
Viola × cordifolia,9196003,Viola cordifolia,<i>Viola</i> × <i>cordifolia</i> (Nutt.) Schwein.,SPECIES,Violaceae,6631,Viola,2874237,Viola cordifolia,9196003,99,EXACT
Viola rostrata,5331225,Viola rostrata,<i>Viola</i> <i>rostrata</i> Pursh,SPECIES,Violaceae,6631,Viola,2874237,Viola rostrata,5331225,99,EXACT
Crataegus marshallii,3014468,Crataegus marshallii,<i>Crataegus</i> <i>marshallii</i> Eggl.,SPECIES,Rosaceae,5015,Crataegus,3013395,Crataegus marshallii,3014468,100,EXACT
Pinus flexilis,5285551,Pinus flexilis,<i>Pinus</i> <i>flexilis</i> E.James,SPECIES,Pinaceae,3925,Pinus,2684241,Pinus flexilis,5285551,100,EXACT
Lactuca virosa,3140346,Lactuca virosa,<i>Lactuca</i> <i>virosa</i> L.,SPECIES,Asteraceae,3065,Lactuca,3140231,Lactuca virosa,3140346,99,EXACT
Hesperis matronalis candida,3042312,Hesperis matronalis candida,<i>Hesperis</i> <i>matronalis</i> subsp. <i>candida</i> (Kit.) Hegi & Em.Schmid,SUBSPECIES,Brassicaceae,3112,Hesperis,3042187,Hesperis matronalis,3042291,85,EXACT
Quercus × bushii,2879053,Quercus bushii,<i>Quercus</i> × <i>bushii</i> Sarg.,SPECIES,Fagaceae,4689,Quercus,2877951,Quercus bushii,2879053,100,EXACT
Phlox pilosa deamii,4274753,Phlox pilosa deamii,<i>Phlox</i> <i>pilosa</i> subsp. <i>deamii</i> D.A.Levin,SUBSPECIES,Polemoniaceae,6648,Phlox,2927698,Phlox pilosa,2927734,88,EXACT
Athyrium filix-femina filix-femina,7289067,Athyrium filix-femina filix-femina,<i>Athyrium</i> <i>filix-femina</i> subsp. <i>filix-femina</i>,SUBSPECIES,Athyriaceae,4922264,Athyrium,2650888,Athyrium filix-femina,5275044,85,EXACT
Ribes malvaceum malvaceum,7095863,Ribes malvaceum malvaceum,<i>Ribes</i> <i>malvaceum</i> var. <i>malvaceum</i>,VARIETY,Grossulariaceae,2403,Ribes,2986095,Ribes malvaceum,2986101,88,EXACT
Rapistrum rugosum,5373368,Rapistrum rugosum,<i>Rapistrum</i> <i>rugosum</i> (L.) All.,SPECIES,Brassicaceae,3112,Rapistrum,8306649,Rapistrum rugosum,5373368,99,EXACT
Quercus welshii,2877975,Quercus welshii,<i>Quercus</i> <i>welshii</i> R.A.Denham,SPECIES,Fagaceae,4689,Quercus,2877951,Quercus welshii,2877975,100,EXACT
Ceanothus papillosus,3039343,Ceanothus papillosus,<i>Ceanothus</i> <i>papillosus</i> Torr. & A.Gray,SPECIES,Rhamnaceae,2407,Ceanothus,3039297,Ceanothus papillosus,3039343,100,EXACT
Ceanothus ferrisiae,10356434,Ceanothus ferrisiae,<i>Ceanothus</i> <i>ferrisiae</i> Mc Minn,SPECIES,Rhamnaceae,2407,Ceanothus,3039297,Ceanothus ferrisiae,10356434,99,EXACT
Comandra umbellata umbellata,7222040,Comandra umbellata umbellata,<i>Comandra</i> <i>umbellata</i> subsp. <i>umbellata</i>,SUBSPECIES,Comandraceae,4936000,Comandra,2889776,Comandra umbellata,2889777,85,EXACT
Cirsium hydrophilum hydrophilum,4274472,Cirsium hydrophilum hydrophilum,<i>Cirsium</i> <i>hydrophilum</i> var. <i>hydrophilum</i>,VARIETY,Asteraceae,3065,Cirsium,3112554,Cirsium hydrophilum,3112555,88,EXACT
Rubus uniformis,2991959,Rubus uniformis,<i>Rubus</i> <i>uniformis</i> L.H.Bailey,SPECIES,Rosaceae,5015,Rubus,2988638,Rubus uniformis,2991959,100,EXACT
Carduus nutans nutans,7066712,Carduus nutans nutans,<i>Carduus</i> <i>nutans</i> subsp. <i>nutans</i>,SUBSPECIES,Asteraceae,3065,Carduus,3114511,Carduus nutans,8185959,85,EXACT
Allium fimbriatum mohavense,2856837,Allium fimbriatum mohavense,<i>Allium</i> <i>fimbriatum</i> var. <i>mohavense</i> Jeps.,VARIETY,Amaryllidaceae,7682,Allium,9624496,Allium fimbriatum,2856831,85,EXACT
Erythronium grandiflorum grandiflorum,4270333,Erythronium grandiflorum grandiflorum,<i>Erythronium</i> <i>grandiflorum</i> subsp. <i>grandiflorum</i>,SUBSPECIES,Liliaceae,7699,Erythronium,2740136,Erythronium grandiflorum,2752872,85,EXACT
Yucca glauca,2775497,Yucca glauca,<i>Yucca</i> <i>glauca</i> Nutt.,SPECIES,Asparagaceae,7683,Yucca,2775496,Yucca glauca,2775497,99,EXACT
Petasites frigidus palmatus,6300538,Petasites frigidus palmatus,<i>Petasites</i> <i>frigidus</i> var. <i>palmatus</i> (Aiton) Cronquist,VARIETY,Asteraceae,3065,Petasites,10717129,Petasites frigidus,3088323,85,EXACT
Pinus clausa,5285768,Pinus clausa,<i>Pinus</i> <i>clausa</i> (Chapm. ex Engelm.) Sarg.,SPECIES,Pinaceae,3925,Pinus,2684241,Pinus clausa,5285768,99,EXACT
Vitis shuttleworthii,5372416,Vitis shuttleworthii,<i>Vitis</i> <i>shuttleworthii</i> House,SPECIES,Vitaceae,6672,Vitis,7467468,Vitis shuttleworthii,5372416,100,EXACT
Claytonia saxosa,3084766,Claytonia saxosa,<i>Claytonia</i> <i>saxosa</i> Brandegee,SPECIES,Montiaceae,4898338,Claytonia,3084729,Claytonia saxosa,3084766,100,EXACT
Vitis doaniana,5372395,Vitis doaniana,<i>Vitis</i> × <i>doaniana</i> Munson,SPECIES,Vitaceae,6672,Vitis,7467468,Vitis doaniana,5372395,99,EXACT
Cirsium cymosum canovirens,4223486,Cirsium cymosum canovirens,<i>Cirsium</i> <i>cymosum</i> var. <i>canovirens</i> (Rydb.) D.J.Keil,VARIETY,Asteraceae,3065,Cirsium,3112554,Cirsium cymosum,6444478,88,EXACT
Xanthium strumarium glabratum,3089139,Xanthium,<i>Xanthium</i> L.,GENUS,Asteraceae,3065,Xanthium,3089139,,,84,HIGHERRANK
Crataegus ambigua,3014082,Crataegus ambigua,<i>Crataegus</i> <i>ambigua</i> C.A.Mey. ex A.K.Becker,SPECIES,Rosaceae,5015,Crataegus,3013395,Crataegus ambigua,3014082,99,EXACT
Viola mandshurica,7296405,Viola mandshurica,<i>Viola</i> <i>mandshurica</i> W.Becker,SPECIES,Violaceae,6631,Viola,2874237,Viola mandshurica,7296405,100,EXACT
Rubus ulmifolius ulmifolius,7258952,Rubus ulmifolius ulmifolius,<i>Rubus</i> <i>ulmifolius</i> var. <i>ulmifolius</i>,VARIETY,Rosaceae,5015,Rubus,2988638,Rubus ulmifolius,2996929,88,EXACT
Claytonia virginica,3084745,Claytonia virginica,<i>Claytonia</i> <i>virginica</i> L.,SPECIES,Montiaceae,4898338,Claytonia,3084729,Claytonia virginica,3084745,100,EXACT
Tradescantia gigantea,2765321,Tradescantia gigantea,<i>Tradescantia</i> <i>gigantea</i> Rose,SPECIES,Commelinaceae,2763195,Tradescantia,2765096,Tradescantia gigantea,2765321,100,EXACT
Viola macloskeyi,5331303,Viola macloskeyi,<i>Viola</i> <i>macloskeyi</i> F.E.Lloyd,SPECIES,Violaceae,6631,Viola,2874237,Viola macloskeyi,5331303,100,EXACT
Acer saccharum saccharum,7262942,Acer saccharum saccharum,<i>Acer</i> <i>saccharum</i> subsp. <i>saccharum</i>,SUBSPECIES,Sapindaceae,6657,Acer,3189834,Acer saccharum,3189859,85,EXACT
Erythronium americanum americanum,7070874,Erythronium americanum americanum,<i>Erythronium</i> <i>americanum</i> subsp. <i>americanum</i>,SUBSPECIES,Liliaceae,7699,Erythronium,2740136,Erythronium americanum,2752815,85,EXACT
Vaccinium microcarpum,8344892,Vaccinium microcarpum,<i>Vaccinium</i> <i>microcarpum</i> (Turcz. ex Rupr.) Schmalh. ex Busch,SPECIES,Ericaceae,2505,Vaccinium,2882813,Vaccinium microcarpum,8344892,99,EXACT
Clinopodium acinos,2927118,Clinopodium acinos,<i>Clinopodium</i> <i>acinos</i> (L.) Kuntze,SPECIES,Lamiaceae,2497,Clinopodium,2926907,Clinopodium acinos,2927118,100,EXACT
Celtis laevigata texana,4159346,Celtis laevigata texana,<i>Celtis</i> <i>laevigata</i> var. <i>texana</i> Sarg.,VARIETY,Cannabaceae,2384,Celtis,2984479,Celtis laevigata,2984491,88,EXACT
Allium carinatum,2855968,Allium carinatum,<i>Allium</i> <i>carinatum</i> L.,SPECIES,Amaryllidaceae,7682,Allium,9624496,Allium carinatum,2855968,99,EXACT
Vicia leucophaea,2974855,Vicia leucophaea,<i>Vicia</i> <i>leucophaea</i> Greene,SPECIES,Fabaceae,5386,Vicia,2974751,Vicia leucophaea,2974855,100,EXACT
Crataegus schizophylla,3013446,Crataegus schizophylla,<i>Crataegus</i> <i>schizophylla</i> Eggl.,SPECIES,Rosaceae,5015,Crataegus,3013395,Crataegus schizophylla,3013446,100,EXACT
Yucca filamentosa concava,6316621,Yucca filamentosa concava,<i>Yucca</i> <i>filamentosa</i> f. <i>concava</i> (Haw.) Voss,FORM,Asparagaceae,7683,Yucca,2775496,Yucca flaccida,2775530,84,EXACT
Rubus wheeleri,3000174,Rubus wheeleri,<i>Rubus</i> <i>wheeleri</i> (L.H.Bailey) L.H.Bailey,SPECIES,Rosaceae,5015,Rubus,2988638,Rubus wheeleri,3000174,100,EXACT
Ceanothus perplexans,3876275,Ceanothus perplexans,<i>Ceanothus</i> <i>perplexans</i> Trel.,SPECIES,Rhamnaceae,2407,Ceanothus,3039297,Ceanothus perplexans,3876275,100,EXACT
Vitis girdiana,5372407,Vitis girdiana,<i>Vitis</i> <i>girdiana</i> Munson,SPECIES,Vitaceae,6672,Vitis,7467468,Vitis girdiana,5372407,100,EXACT
Quercus parvula,2878124,Quercus parvula,<i>Quercus</i> <i>parvula</i> Greene,SPECIES,Fagaceae,4689,Quercus,2877951,Quercus parvula,2878124,100,EXACT
Rubus argutus,2990801,Rubus argutus,<i>Rubus</i> <i>argutus</i> Link,SPECIES,Rosaceae,5015,Rubus,2988638,Rubus argutus,2990801,100,EXACT
Quercus × bebbiana,2880074,Quercus bebbiana,<i>Quercus</i> × <i>bebbiana</i> C.K.Schneid.,SPECIES,Fagaceae,4689,Quercus,2877951,Quercus bebbiana,2880074,100,EXACT
Cakile edentula harperi,3048888,Cakile edentula harperi,<i>Cakile</i> <i>edentula</i> subsp. <i>harperi</i> (Small) Rodman,SUBSPECIES,Brassicaceae,3112,Cakile,3048827,Cakile edentula,3048882,88,EXACT
Cirsium pulcherrimum aridum,4219701,Cirsium pulcherrimum aridum,<i>Cirsium</i> <i>pulcherrimum</i> var. <i>aridum</i> (Dorn) D.J.Keil,VARIETY,Asteraceae,3065,Cirsium,3112554,Cirsium pulcherrimum,3113782,88,EXACT
Rumex obtusifolius sylvestris,7901010,Rumex obtusifolius sylvestris,<i>Rumex</i> <i>obtusifolius</i> subsp. <i>sylvestris</i> (Lam.) Celak.,SUBSPECIES,Polygonaceae,2416,Rumex,2888942,Rumex obtusifolius,2889011,85,EXACT
Lilium superbum,2753278,Lilium superbum,<i>Lilium</i> <i>superbum</i> L.,SPECIES,Liliaceae,7699,Lilium,2752977,Lilium superbum,2753278,99,EXACT
Hibiscus lasiocarpos,6377193,Hibiscus lasiocarpos,<i>Hibiscus</i> <i>lasiocarpos</i> Cav.,SPECIES,Malvaceae,6685,Hibiscus,3152542,Hibiscus moscheutos,3152596,100,EXACT
Vaccinium uliginosum occidentale,2882818,Vaccinium uliginosum occidentale,<i>Vaccinium</i> <i>uliginosum</i> subsp. <i>occidentale</i> (A.Gray) Hultén,SUBSPECIES,Ericaceae,2505,Vaccinium,2882813,Vaccinium uliginosum,8073364,85,EXACT
Erythronium helenae,2752847,Erythronium helenae,<i>Erythronium</i> <i>helenae</i> Applegate,SPECIES,Liliaceae,7699,Erythronium,2740136,Erythronium helenae,2752847,100,EXACT
Crataegus macracantha,3013570,Crataegus macracantha,<i>Crataegus</i> <i>macracantha</i> Lodd. ex Loudon,SPECIES,Rosaceae,5015,Crataegus,3013395,Crataegus macracantha,3013570,99,EXACT
Rumex lacustris,4032742,Rumex lacustris,<i>Rumex</i> <i>lacustris</i> Greene,SPECIES,Polygonaceae,2416,Rumex,2888942,Rumex lacustris,4032742,100,EXACT
Honckenya peploides diffusa,3810234,Honckenya peploides diffusa,<i>Honckenya</i> <i>peploides</i> subsp. <i>diffusa</i> (Hornem.) Hultén ex V.V.Petrovsky,SUBSPECIES,Caryophyllaceae,2518,Honckenya,3085775,Honckenya peploides,3085776,85,EXACT
Primula clevelandii,7127770,Primula clevelandii,<i>Primula</i> <i>clevelandii</i> (Greene) A.R.Mast & Reveal,SPECIES,Primulaceae,6674,Dodecatheon,7597718,Dodecatheon clevelandii,3169271,100,EXACT
Persicaria pensylvanica,2889198,Persicaria pensylvanica,<i>Persicaria</i> <i>pensylvanica</i> (L.) M.Gómez,SPECIES,Polygonaceae,2416,Persicaria,6390748,Persicaria pensylvanica,2889198,99,EXACT
Rubus flagellaris,2992071,Rubus flagellaris,<i>Rubus</i> <i>flagellaris</i> Willd.,SPECIES,Rosaceae,5015,Rubus,2988638,Rubus flagellaris,2992071,99,EXACT
Viola douglasii,5331351,Viola douglasii,<i>Viola</i> <i>douglasii</i> Steud.,SPECIES,Violaceae,6631,Viola,2874237,Viola douglasii,5331351,100,EXACT
Vaccinium crassifolium,2882960,Vaccinium crassifolium,<i>Vaccinium</i> <i>crassifolium</i> Andrews,SPECIES,Ericaceae,2505,Vaccinium,2882813,Vaccinium crassifolium,2882960,100,EXACT
Viola lobata integrifolia,8073196,Viola lobata integrifolia,<i>Viola</i> <i>lobata</i> subsp. <i>integrifolia</i> (S.Watson) R.J.Little,SUBSPECIES,Violaceae,6631,Viola,2874237,Viola lobata,5331345,85,EXACT
Rubus ulmifolius,2996929,Rubus ulmifolius,<i>Rubus</i> <i>ulmifolius</i> Schott,SPECIES,Rosaceae,5015,Rubus,2988638,Rubus ulmifolius,2996929,99,EXACT
Viola stoneana,5331380,Viola stoneana,<i>Viola</i> <i>stoneana</i> House,SPECIES,Violaceae,6631,Viola,2874237,Viola stoneana,5331380,100,EXACT
Oxalis laxa,2891716,Oxalis laxa,<i>Oxalis</i> <i>laxa</i> Hook. & Arn.,SPECIES,Oxalidaceae,6697,Oxalis,2891642,Oxalis laxa,2891716,99,EXACT
Allium moly,2855825,Allium moly,<i>Allium</i> <i>moly</i> L.,SPECIES,Amaryllidaceae,7682,Allium,9624496,Allium moly,2855825,99,EXACT
Allium constrictum,2857790,Allium constrictum,"<i>Allium</i> <i>constrictum</i> (Ownbey & Mingrone) P.M.Peterson, Annable & Rieseberg",SPECIES,Amaryllidaceae,7682,Allium,9624496,Allium constrictum,2857790,100,EXACT
Viburnum plicatum formosanum,3856819,Viburnum plicatum formosanum,<i>Viburnum</i> <i>plicatum</i> var. <i>formosanum</i> Y.C.Liu & C.H.Ou,VARIETY,Viburnaceae,4924416,Viburnum,2888580,Viburnum plicatum,2888622,85,EXACT
Smilax pumila,5295658,Smilax pumila,<i>Smilax</i> <i>pumila</i> Walter,SPECIES,Smilacaceae,7702,Smilax,2740627,Smilax pumila,5295658,100,EXACT
Trillium cernuum,2742194,Trillium cernuum,<i>Trillium</i> <i>cernuum</i> L.,SPECIES,Melanthiaceae,7700,Trillium,2742182,Trillium cernuum,2742194,99,EXACT
Sorbus americana,7779378,Sorbus americana,<i>Sorbus</i> <i>americana</i> Marshall,SPECIES,Rosaceae,5015,Sorbus,3012146,Sorbus americana,7779378,99,EXACT
Cirsium palustre,3113239,Cirsium palustre,<i>Cirsium</i> <i>palustre</i> (L.) Scop.,SPECIES,Asteraceae,3065,Cirsium,3112554,Cirsium palustre,3113239,99,EXACT
Lilium humboldtii ocellatum,2753413,Lilium humboldtii ocellatum,<i>Lilium</i> <i>humboldtii</i> subsp. <i>ocellatum</i> (Kellogg) Thorne,SUBSPECIES,Liliaceae,7699,Lilium,2752977,Lilium humboldtii,8491099,85,EXACT
Trillium stamineum,2742388,Trillium stamineum,<i>Trillium</i> <i>stamineum</i> Harb.,SPECIES,Melanthiaceae,7700,Trillium,2742182,Trillium stamineum,2742388,100,EXACT
Commelina communis ludens,2764307,Commelina communis ludens,<i>Commelina</i> <i>communis</i> var. <i>ludens</i> (Miq.) C.B.Clarke,VARIETY,Commelinaceae,2763195,Commelina,2763939,Commelina communis,2764179,88,EXACT
Rumex sanguineus sanguineus,7291676,Rumex sanguineus sanguineus,<i>Rumex</i> <i>sanguineus</i> var. <i>sanguineus</i>,VARIETY,Polygonaceae,2416,Rumex,2888942,Rumex sanguineus,2888960,88,EXACT
Cirsium eatonii,3113381,Cirsium eatonii,<i>Cirsium</i> <i>eatonii</i> (A.Gray) B.L.Rob.,SPECIES,Asteraceae,3065,Cirsium,3112554,Cirsium eatonii,3113381,100,EXACT
Rubus heterophyllus,2989717,Rubus heterophyllus,<i>Rubus</i> <i>heterophyllus</i> Willd.,SPECIES,Rosaceae,5015,Rubus,2988638,Rubus heterophyllus,2989717,99,EXACT
Crataegus flava,7855454,Crataegus flava,<i>Crataegus</i> <i>flava</i> Aiton,SPECIES,Rosaceae,5015,Crataegus,3013395,Crataegus flava,7855454,99,EXACT
Cirsium arizonicum,3112861,Cirsium arizonicum,<i>Cirsium</i> <i>arizonicum</i> (A.Gray) Petr.,SPECIES,Asteraceae,3065,Cirsium,3112554,Cirsium arizonicum,3112861,100,EXACT
Viola primulifolia,8215820,Viola primulifolia,<i>Viola</i> <i>primulifolia</i> L.,SPECIES,Violaceae,6631,Viola,2874237,Viola primulifolia,8215820,99,EXACT
Ribes viscosissimum,2986172,Ribes viscosissimum,<i>Ribes</i> <i>viscosissimum</i> Pursh,SPECIES,Grossulariaceae,2403,Ribes,2986095,Ribes viscosissimum,2986172,100,EXACT
Sanicula bipinnata,3034843,Sanicula bipinnata,<i>Sanicula</i> <i>bipinnata</i> Hook. & Arn.,SPECIES,Apiaceae,6720,Sanicula,3034831,Sanicula bipinnata,3034843,100,EXACT
Malus toringo,7848132,Malus toringo,<i>Malus</i> <i>toringo</i> (Siebold) de Vriese,SPECIES,Rosaceae,5015,Malus,3001068,Malus toringo,7848132,99,EXACT
Rubus × wisconsinensis,3000069,Rubus wisconsinensis,<i>Rubus</i> × <i>wisconsinensis</i> L.H.Bailey,SPECIES,Rosaceae,5015,Rubus,2988638,Rubus wisconsinensis,3000069,100,EXACT
Physalis greenei,5581362,Physalis greenei,<i>Physalis</i> <i>greenei</i> Vasey & Rose,SPECIES,Solanaceae,7717,Physalis,2928907,Physalis crassifolia,5341782,100,EXACT
Galinsoga parviflora semicalva,4230297,Galinsoga parviflora semicalva,<i>Galinsoga</i> <i>parviflora</i> var. <i>semicalva</i> A.Gray,VARIETY,Asteraceae,3065,Galinsoga,3132547,Galinsoga parviflora,3132570,85,EXACT
Picea abies abies,7230719,Picea abies abies,<i>Picea</i> <i>abies</i> var. <i>abies</i>,VARIETY,Pinaceae,3925,Picea,7606064,Picea abies,5284884,85,EXACT
Trillium grandiflorum,2742283,Trillium grandiflorum,<i>Trillium</i> <i>grandiflorum</i> (Michx.) Salisb.,SPECIES,Melanthiaceae,7700,Trillium,2742182,Trillium grandiflorum,2742283,100,EXACT
Allium acuminatum,2856154,Allium acuminatum,<i>Allium</i> <i>acuminatum</i> Hook.,SPECIES,Amaryllidaceae,7682,Allium,9624496,Allium acuminatum,2856154,100,EXACT
Trillium recurvatum,2742260,Trillium recurvatum,<i>Trillium</i> <i>recurvatum</i> L.C.Beck,SPECIES,Melanthiaceae,7700,Trillium,2742182,Trillium recurvatum,2742260,100,EXACT
Quercus ilicifolia,2878190,Quercus ilicifolia,<i>Quercus</i> <i>ilicifolia</i> Wangenh.,SPECIES,Fagaceae,4689,Quercus,2877951,Quercus ilicifolia,2878190,99,EXACT
Lilium humboldtii,8491099,Lilium humboldtii,<i>Lilium</i> <i>humboldtii</i> Leichtlin,SPECIES,Liliaceae,7699,Lilium,2752977,Lilium humboldtii,8491099,99,EXACT
Stellaria apetala,8311921,Stellaria apetala,<i>Stellaria</i> <i>apetala</i> Bernardino,SPECIES,Caryophyllaceae,2518,Stellaria,3085667,Stellaria apetala,8311921,99,EXACT
Salicornia utahensis,8264266,Salicornia utahensis,<i>Salicornia</i> <i>utahensis</i> Tidestr.,SPECIES,Amaranthaceae,3064,Salicornia,3083796,Salicornia utahensis,8264266,99,EXACT
Rubus alumnus,2992616,Rubus alumnus,<i>Rubus</i> <i>alumnus</i> L.H.Bailey,SPECIES,Rosaceae,5015,Rubus,2988638,Rubus alumnus,2992616,100,EXACT
Onopordum tauricum,3094939,Onopordum tauricum,<i>Onopordum</i> <i>tauricum</i> Willd.,SPECIES,Asteraceae,3065,Onopordum,3094883,Onopordum tauricum,3094939,100,EXACT
Descurainia pinnata glabra,3044158,Descurainia pinnata glabra,<i>Descurainia</i> <i>pinnata</i> subsp. <i>glabra</i> (Wooton & Standl.) Detling,SUBSPECIES,Brassicaceae,3112,Descurainia,3044104,Descurainia pinnata,3044133,85,EXACT
Fragaria virginiana grayana,3029929,Fragaria virginiana grayana,<i>Fragaria</i> <i>virginiana</i> subsp. <i>grayana</i> (Vilm.) Staudt,SUBSPECIES,Rosaceae,5015,Fragaria,3029779,Fragaria virginiana,7950792,85,EXACT
Cirsium scariosum loncholepis,9401580,Cirsium scariosum loncholepis,<i>Cirsium</i> <i>scariosum</i> var. <i>loncholepis</i> (Petr.) D.J.Keil,VARIETY,Asteraceae,3065,Cirsium,3112554,Cirsium scariosum,3113127,88,EXACT
Crataegus succulenta succulenta,7271665,Crataegus succulenta succulenta,<i>Crataegus</i> <i>succulenta</i> var. <i>succulenta</i>,VARIETY,Rosaceae,5015,Crataegus,3013395,Crataegus succulenta,3016137,88,EXACT
Rubus ursinus,2990646,Rubus ursinus,<i>Rubus</i> <i>ursinus</i> Cham. & Schltdl.,SPECIES,Rosaceae,5015,Rubus,2988638,Rubus ursinus,2990646,99,EXACT
Quercus sinuata,2879488,Quercus sinuata,<i>Quercus</i> <i>sinuata</i> Walter,SPECIES,Fagaceae,4689,Quercus,2877951,Quercus sinuata,2879488,99,EXACT
Rubus lasiococcus,2997456,Rubus lasiococcus,<i>Rubus</i> <i>lasiococcus</i> A.Gray,SPECIES,Rosaceae,5015,Rubus,2988638,Rubus lasiococcus,2997456,100,EXACT
Trillium kurabayashii,2742386,Trillium kurabayashii,<i>Trillium</i> <i>kurabayashii</i> J.D.Freeman,SPECIES,Melanthiaceae,7700,Trillium,2742182,Trillium kurabayashii,2742386,100,EXACT
Ribes nigrum,2986192,Ribes nigrum,<i>Ribes</i> <i>nigrum</i> L.,SPECIES,Grossulariaceae,2403,Ribes,2986095,Ribes nigrum,2986192,99,EXACT
Viola purpurea aurea,5331394,Viola purpurea aurea,<i>Viola</i> <i>purpurea</i> var. <i>aurea</i> (Kellogg) M.S.Baker ex Jeps.,VARIETY,Violaceae,6631,Viola,2874237,Viola aurea,5331393,84,EXACT
Viola praemorsa linguifolia,8152692,Viola praemorsa linguifolia,<i>Viola</i> <i>praemorsa</i> subsp. <i>linguifolia</i> (Nutt.) M.S.Baker,SUBSPECIES,Violaceae,6631,Viola,2874237,Viola praemorsa,7884309,85,EXACT
Yucca cernua,2775713,Yucca cernua,<i>Yucca</i> <i>cernua</i> E.L.Keith,SPECIES,Asparagaceae,7683,Yucca,2775496,Yucca cernua,2775713,100,EXACT
Oxalis megalorrhiza,7318087,Oxalis megalorrhiza,<i>Oxalis</i> <i>megalorrhiza</i> Jacq.,SPECIES,Oxalidaceae,6697,Oxalis,2891642,Oxalis megalorrhiza,7318087,100,EXACT
Crataegus brazoria,3015080,Crataegus brazoria,<i>Crataegus</i> <i>brazoria</i> Sarg.,SPECIES,Rosaceae,5015,Crataegus,3013395,Crataegus brazoria,3015080,100,EXACT
Cirsium pulcherrimum,3113782,Cirsium pulcherrimum,<i>Cirsium</i> <i>pulcherrimum</i> (Rydb.) K.Schum.,SPECIES,Asteraceae,3065,Cirsium,3112554,Cirsium pulcherrimum,3113782,100,EXACT
Rubus bartonianus,2996922,Rubus bartonianus,<i>Rubus</i> <i>bartonianus</i> Peck,SPECIES,Rosaceae,5015,Rubus,2988638,Rubus bartonianus,2996922,100,EXACT
Mentha requienii,2927174,Mentha requienii,<i>Mentha</i> <i>requienii</i> Benth.,SPECIES,Lamiaceae,2497,Mentha,2927173,Mentha requienii,2927174,100,EXACT
Tradescantia buckleyi,2765251,Tradescantia buckleyi,<i>Tradescantia</i> <i>buckleyi</i> (I.M.Johnst.) D.R.Hunt,SPECIES,Commelinaceae,2763195,Tradescantia,2765096,Tradescantia buckleyi,2765251,100,EXACT
Robinia hispida hispida,7225009,Robinia hispida hispida,<i>Robinia</i> <i>hispida</i> var. <i>hispida</i>,VARIETY,Fabaceae,5386,Robinia,2952066,Robinia hispida,5352221,88,EXACT
Quercus shumardii shumardii,7226623,Quercus shumardii shumardii,<i>Quercus</i> <i>shumardii</i> var. <i>shumardii</i>,VARIETY,Fagaceae,4689,Quercus,2877951,Quercus shumardii,2878289,88,EXACT
Cyperus esculentus esculentus,7258849,Cyperus esculentus esculentus,<i>Cyperus</i> <i>esculentus</i> var. <i>esculentus</i>,VARIETY,Cyperaceae,7708,Cyperus,2713455,Cyperus esculentus,2716226,84,EXACT
Primula hendersonii,5641741,Primula hendersonii,<i>Primula</i> <i>hendersonii</i> (A.Gray) A.R.Mast & Reveal,SPECIES,Primulaceae,6674,Dodecatheon,7597718,Dodecatheon hendersonii,3169266,100,EXACT
Lilium rubescens,2753213,Lilium rubescens,<i>Lilium</i> <i>rubescens</i> S.Watson,SPECIES,Liliaceae,7699,Lilium,2752977,Lilium rubescens,2753213,100,EXACT
Cochlearia groenlandica,5373235,Cochlearia groenlandica,<i>Cochlearia</i> <i>groenlandica</i> L.,SPECIES,Brassicaceae,3112,Cochlearia,3040481,Cochlearia groenlandica,5373235,99,EXACT
Viola frank-smithii,5331302,Viola franksmithii,<i>Viola</i> <i>franksmithii</i> N.H.Holmgren,SPECIES,Violaceae,6631,Viola,2874237,Viola franksmithii,5331302,98,VARIANT
Ceanothus thyrsiflorus thyrsiflorus,7273783,Ceanothus thyrsiflorus thyrsiflorus,<i>Ceanothus</i> <i>thyrsiflorus</i> var. <i>thyrsiflorus</i>,VARIETY,Rhamnaceae,2407,Ceanothus,3039297,Ceanothus thyrsiflorus,3039379,88,EXACT
Amelanchier alnifolia alnifolia,7258961,Amelanchier alnifolia alnifolia,<i>Amelanchier</i> <i>alnifolia</i> var. <i>alnifolia</i>,VARIETY,Rosaceae,5015,Amelanchier,3023817,Amelanchier alnifolia,8168485,85,EXACT
Cirsium joannae,3112880,Cirsium joannae,"<i>Cirsium</i> <i>joannae</i> S.L.Welsh, N.D.Atwood & L.C.Higgins",SPECIES,Asteraceae,3065,Cirsium,3112554,Cirsium joannae,3112880,100,EXACT
Yucca aloifolia aloifolia,7331194,Yucca aloifolia aloifolia,<i>Yucca</i> <i>aloifolia</i> var. <i>aloifolia</i>,VARIETY,Asparagaceae,7683,Yucca,2775496,Yucca aloifolia,2775744,88,EXACT
Crataegus brachyacantha,3014393,Crataegus brachyacantha,<i>Crataegus</i> <i>brachyacantha</i> Engelm.,SPECIES,Rosaceae,5015,Crataegus,3013395,Crataegus brachyacantha,3014393,100,EXACT
Brassica rapa sylvestris,3042720,Brassica rapa sylvestris,<i>Brassica</i> <i>rapa</i> subsp. <i>sylvestris</i> (Lam.) Janch.,SUBSPECIES,Brassicaceae,3112,Brassica,3042506,Brassica rapa,7903057,84,EXACT
Oxalis pes-caprae sericea,7460849,Oxalis pes-caprae sericea,<i>Oxalis</i> <i>pes-caprae</i> var. <i>sericea</i> (Thunb.) T.M.Salter,VARIETY,Oxalidaceae,6697,Oxalis,2891642,Oxalis pes-caprae,2891661,88,EXACT
Picea engelmannii engelmannii,7230720,Picea engelmannii engelmannii,<i>Picea</i> <i>engelmannii</i> subsp. <i>engelmannii</i>,SUBSPECIES,Pinaceae,3925,Picea,7606064,Picea engelmannii,5284917,85,EXACT
Sanicula canadensis,3034834,Sanicula canadensis,<i>Sanicula</i> <i>canadensis</i> L.,SPECIES,Apiaceae,6720,Sanicula,3034831,Sanicula canadensis,3034834,99,EXACT
Cirsium horridulum horridulum,7222534,Cirsium horridulum horridulum,<i>Cirsium</i> <i>horridulum</i> var. <i>horridulum</i>,VARIETY,Asteraceae,3065,Cirsium,3112554,Cirsium horridulum,3112777,85,EXACT
Yucca angustissima,2775690,Yucca angustissima,<i>Yucca</i> <i>angustissima</i> Engelm. ex Trel.,SPECIES,Asparagaceae,7683,Yucca,2775496,Yucca angustissima,2775690,99,EXACT
Monarda luteola,8017382,Monarda luteola,<i>Monarda</i> <i>luteola</i> Singhurst & W.C.Holmes,SPECIES,Lamiaceae,2497,Monarda,2926838,Monarda luteola,8017382,100,EXACT
Ceanothus masonii,10618671,Ceanothus masonii,<i>Ceanothus</i> <i>masonii</i> Mc Minn,SPECIES,Rhamnaceae,2407,Ceanothus,3039297,Ceanothus masonii,10618671,99,EXACT
Quercus × rudkinii,2878419,Quercus rudkinii,<i>Quercus</i> × <i>rudkinii</i> Britton,SPECIES,Fagaceae,4689,Quercus,2877951,Quercus rudkinii,2878419,100,EXACT
Physalis arenicola,5341814,Physalis arenicola,<i>Physalis</i> <i>arenicola</i> Kearney,SPECIES,Solanaceae,7717,Physalis,2928907,Physalis arenicola,5341814,100,EXACT
Viola × williamsii,7598868,Viola williamsii,<i>Viola</i> × <i>williamsii</i> Wittr.,SPECIES,Violaceae,6631,Viola,2874237,Viola williamsii,7598868,100,EXACT
Vicia acutifolia,2975269,Vicia acutifolia,<i>Vicia</i> <i>acutifolia</i> Elliott,SPECIES,Fabaceae,5386,Vicia,2974751,Vicia acutifolia,2975269,100,EXACT
Rubus steelei,2994521,Rubus steelei,<i>Rubus</i> <i>steelei</i> L.H.Bailey,SPECIES,Rosaceae,5015,Rubus,2988638,Rubus steelei,2994521,100,EXACT
Ribes missouriense,8113655,Ribes missouriense,<i>Ribes</i> <i>missouriense</i> Nutt. ex Torr. & A.Gray,SPECIES,Grossulariaceae,2403,Ribes,2986095,Ribes missouriense,8113655,99,EXACT
Pinus pinea,5285165,Pinus pinea,<i>Pinus</i> <i>pinea</i> L.,SPECIES,Pinaceae,3925,Pinus,2684241,Pinus pinea,5285165,99,EXACT
Carya floridana,3054348,Carya floridana,<i>Carya</i> <i>floridana</i> Sarg.,SPECIES,Juglandaceae,2499,Carya,3054287,Carya floridana,3054348,100,EXACT
Erythronium californicum,2752891,Erythronium californicum,<i>Erythronium</i> <i>californicum</i> Purdy,SPECIES,Liliaceae,7699,Erythronium,2740136,Erythronium californicum,2752891,100,EXACT
Sambucus racemosa arborescens,3857095,Sambucus racemosa arborescens,<i>Sambucus</i> <i>racemosa</i> subsp. <i>arborescens</i> (Torr. & A.Gray) A.E.Murray,SUBSPECIES,Viburnaceae,4924416,Sambucus,2888721,Sambucus racemosa,2888723,84,EXACT
Galinsoga parviflora,3132570,Galinsoga parviflora,<i>Galinsoga</i> <i>parviflora</i> Cav.,SPECIES,Asteraceae,3065,Galinsoga,3132547,Galinsoga parviflora,3132570,100,EXACT
Acer saccharum rugelii,3767958,Acer saccharum rugelii,<i>Acer</i> <i>saccharum</i> var. <i>rugelii</i> (Pax) Rehder,VARIETY,Sapindaceae,6657,Acer,3189834,Acer saccharum,3189859,84,EXACT
Claytonia parviflora grandiflora,4023039,Claytonia parviflora grandiflora,<i>Claytonia</i> <i>parviflora</i> subsp. <i>grandiflora</i> J.M.Mill. & K.L.Chambers,SUBSPECIES,Montiaceae,4898338,Claytonia,3084729,Claytonia parviflora,3084736,88,EXACT
Viola × bissellii,5331314,Viola bissellii,<i>Viola</i> × <i>bissellii</i> House,SPECIES,Violaceae,6631,Viola,2874237,Viola bissellii,5331314,100,EXACT
Brassica rapa campestris,10737495,Brassica rapa campestris,"<i>Brassica</i> <i>rapa</i> var. <i>campestris</i> (L.) Kitam., 1950",VARIETY,Brassicaceae,3112,Brassica,3042506,Brassica rapa,7903057,85,EXACT
Ceanothus leucodermis,3039329,Ceanothus leucodermis,<i>Ceanothus</i> <i>leucodermis</i> Greene,SPECIES,Rhamnaceae,2407,Ceanothus,3039297,Ceanothus leucodermis,3039329,100,EXACT
Rubus neomexicanus,2992911,Rubus neomexicanus,<i>Rubus</i> <i>neomexicanus</i> A.Gray,SPECIES,Rosaceae,5015,Rubus,2988638,Rubus neomexicanus,2992911,100,EXACT
Stellaria aquatica,5384501,Stellaria aquatica,<i>Stellaria</i> <i>aquatica</i> (L.) Scop.,SPECIES,Caryophyllaceae,2518,Stellaria,3085667,Stellaria aquatica,5384501,99,EXACT
Salicornia ambigua,5383931,Salicornia ambigua,<i>Salicornia</i> <i>ambigua</i> Michx.,SPECIES,Amaranthaceae,3064,Salicornia,3083796,Salicornia ambigua,5383931,100,EXACT
Trillium pusillum,2742209,Trillium pusillum,<i>Trillium</i> <i>pusillum</i> Michx.,SPECIES,Melanthiaceae,7700,Trillium,2742182,Trillium pusillum,2742209,99,EXACT
Quercus × walteriana,2879562,Quercus walteriana,<i>Quercus</i> × <i>walteriana</i> Ashe,SPECIES,Fagaceae,4689,Quercus,2877951,Quercus walteriana,2879562,100,EXACT
Monarda viridissima,5341417,Monarda viridissima,<i>Monarda</i> <i>viridissima</i> Correll,SPECIES,Lamiaceae,2497,Monarda,2926838,Monarda viridissima,5341417,100,EXACT
Allium canadense canadense,7227635,Allium canadense canadense,<i>Allium</i> <i>canadense</i> var. <i>canadense</i>,VARIETY,Amaryllidaceae,7682,Allium,9624496,Allium canadense,2855611,88,EXACT
Allium vineale compactum,2856968,Allium vineale compactum,<i>Allium</i> <i>vineale</i> subsp. <i>compactum</i> (Thuill.) K.Richt.,SUBSPECIES,Amaryllidaceae,7682,Allium,9624496,Allium vineale,7792960,84,EXACT
Vitis cinerea baileyana,5658537,Vitis cinerea baileyana,<i>Vitis</i> <i>cinerea</i> var. <i>baileyana</i> (Munson) Comeaux,VARIETY,Vitaceae,6672,Vitis,7467468,Vitis cinerea,5372379,88,EXACT
Stellaria irrigua,5384657,Stellaria irrigua,<i>Stellaria</i> <i>irrigua</i> Bunge,SPECIES,Caryophyllaceae,2518,Stellaria,3085667,Stellaria irrigua,5384657,100,EXACT
Crataegus harbisonii,3014045,Crataegus harbisonii,<i>Crataegus</i> <i>harbisonii</i> Beadle,SPECIES,Rosaceae,5015,Crataegus,3013395,Crataegus harbisonii,3014045,100,EXACT
Crataegus canadensis,3014793,Crataegus canadensis,<i>Crataegus</i> <i>canadensis</i> Sarg.,SPECIES,Rosaceae,5015,Crataegus,3013395,Crataegus submollis,3015560,100,EXACT
Tradescantia occidentalis,2765322,Tradescantia occidentalis,<i>Tradescantia</i> <i>occidentalis</i> (Britton) Smyth,SPECIES,Commelinaceae,2763195,Tradescantia,2765096,Tradescantia occidentalis,2765322,99,EXACT
Erythronium montanum,2752799,Erythronium montanum,<i>Erythronium</i> <i>montanum</i> S.Watson,SPECIES,Liliaceae,7699,Erythronium,2740136,Erythronium montanum,2752799,100,EXACT
Cirsium undulatum,3113051,Cirsium undulatum,<i>Cirsium</i> <i>undulatum</i> (Nutt.) Spreng.,SPECIES,Asteraceae,3065,Cirsium,3112554,Cirsium undulatum,3113051,100,EXACT
Fragaria cascadensis,7649603,Fragaria cascadensis,<i>Fragaria</i> <i>cascadensis</i> K.E.Hummer,SPECIES,Rosaceae,5015,Fragaria,3029779,Fragaria cascadensis,7649603,100,EXACT
Suaeda esteroa,3083530,Suaeda esteroa,<i>Suaeda</i> <i>esteroa</i> Ferren & S.A.Whitmore,SPECIES,Amaranthaceae,3064,Suaeda,7677792,Suaeda esteroa,3083530,100,EXACT
Stellaria longifolia,5384658,Stellaria longifolia,<i>Stellaria</i> <i>longifolia</i> (Regel) Muhl. ex Willd.,SPECIES,Caryophyllaceae,2518,Stellaria,3085667,Stellaria longifolia,5384658,99,EXACT
Trillium ovatum stenosepalum,2742415,Trillium ovatum stenosepalum,<i>Trillium</i> <i>ovatum</i> var. <i>stenosepalum</i> R.R.Gates,VARIETY,Melanthiaceae,7700,Trillium,2742182,Trillium ovatum,2742413,88,EXACT
Viola viarum,5331213,Viola viarum,<i>Viola</i> <i>viarum</i> Pollard,SPECIES,Violaceae,6631,Viola,2874237,Viola viarum,5331213,100,EXACT
Clinopodium menthifolium,11007246,Clinopodium menthifolium,<i>Clinopodium</i> <i>menthifolium</i> (Host) Merino,SPECIES,Lamiaceae,2497,Clinopodium,2926907,Clinopodium menthifolium,11007246,99,EXACT
Mentha × rotundifolia,8974899,Mentha rotundifolia,<i>Mentha</i> × <i>rotundifolia</i> (L.) Huds.,SPECIES,Lamiaceae,2497,Mentha,2927173,Mentha rotundifolia,8974899,99,EXACT
Lomatium foeniculaceum foeniculaceum,7224232,Lomatium foeniculaceum foeniculaceum,<i>Lomatium</i> <i>foeniculaceum</i> subsp. <i>foeniculaceum</i>,SUBSPECIES,Apiaceae,6720,Lomatium,8394726,Lomatium foeniculaceum,3034267,85,EXACT
Rubus leviculus,2993721,Rubus leviculus,<i>Rubus</i> <i>leviculus</i> L.H.Bailey,SPECIES,Rosaceae,5015,Rubus,2988638,Rubus serratus,2992000,100,EXACT
Rumex sibiricus,9096611,Rumex sibiricus,<i>Rumex</i> <i>sibiricus</i> Hultén,SPECIES,Polygonaceae,2416,Rumex,2888942,Rumex sibiricus,9096611,100,EXACT
Allium campanulatum,2856719,Allium campanulatum,<i>Allium</i> <i>campanulatum</i> S.Watson,SPECIES,Amaryllidaceae,7682,Allium,9624496,Allium campanulatum,2856719,100,EXACT
Physalis caudella,5341776,Physalis caudella,<i>Physalis</i> <i>caudella</i> Standl.,SPECIES,Solanaceae,7717,Physalis,2928907,Physalis caudella,5341776,100,EXACT
Vaccinium × brunoense,11177994,Vaccinium brunoense,<i>Vaccinium</i> × <i>brunoense</i> P.W.Fritsch,SPECIES,Ericaceae,2505,Vaccinium,2882813,Vaccinium brunoense,11177994,100,EXACT
Amelanchier obovalis,3023872,Amelanchier obovalis,<i>Amelanchier</i> <i>obovalis</i> (Michx.) Ashe,SPECIES,Rosaceae,5015,Amelanchier,3023817,Amelanchier obovalis,3023872,100,EXACT
Physalis virginiana virginiana,8016426,Physalis virginiana virginiana,<i>Physalis</i> <i>virginiana</i> var. <i>virginiana</i>,VARIETY,Solanaceae,7717,Physalis,2928907,Physalis virginiana,5341786,88,EXACT
Persicaria odorata,4033932,Persicaria odorata,<i>Persicaria</i> <i>odorata</i> (Lour.) Soják,SPECIES,Polygonaceae,2416,Persicaria,6390748,Persicaria odorata,4033932,100,EXACT
Cirsium crassicaule,3113617,Cirsium crassicaule,<i>Cirsium</i> <i>crassicaule</i> (Greene) Jeps.,SPECIES,Asteraceae,3065,Cirsium,3112554,Cirsium crassicaule,3113617,100,EXACT
Sanicula tuberosa,3034838,Sanicula tuberosa,<i>Sanicula</i> <i>tuberosa</i> Torr.,SPECIES,Apiaceae,6720,Sanicula,3034831,Sanicula tuberosa,3034838,100,EXACT
Allium perdulce,2856317,Allium perdulce,<i>Allium</i> <i>perdulce</i> S.V.Fraser,SPECIES,Amaryllidaceae,7682,Allium,9624496,Allium perdulce,2856317,100,EXACT
Allium parvum,2856693,Allium parvum,<i>Allium</i> <i>parvum</i> Kellogg,SPECIES,Amaryllidaceae,7682,Allium,9624496,Allium parvum,2856693,100,EXACT
Crataegus coccinea,7790614,Crataegus coccinea,<i>Crataegus</i> <i>coccinea</i> L.,SPECIES,Rosaceae,5015,Crataegus,3013395,Crataegus coccinea,7790614,99,EXACT
Cirsium occidentale compactum,4220433,Cirsium occidentale compactum,<i>Cirsium</i> <i>occidentale</i> var. <i>compactum</i> Hoover,VARIETY,Asteraceae,3065,Cirsium,3112554,Cirsium occidentale,3114557,88,EXACT
Viburnum molle,2888618,Viburnum molle,<i>Viburnum</i> <i>molle</i> Michx.,SPECIES,Viburnaceae,4924416,Viburnum,2888580,Viburnum molle,2888618,100,EXACT
Stellaria neglecta,6363436,Stellaria neglecta,<i>Stellaria</i> <i>neglecta</i> (Lej.) Weihe,SPECIES,Caryophyllaceae,2518,Stellaria,3085667,Stellaria neglecta,6363436,99,EXACT
Quercus × caesariensis,2878463,Quercus caesariensis,<i>Quercus</i> × <i>caesariensis</i> Moldenke,SPECIES,Fagaceae,4689,Quercus,2877951,Quercus caesariensis,2878463,100,EXACT
Viola patrinii,7390250,Viola patrinii,<i>Viola</i> <i>patrinii</i> Ging.,SPECIES,Violaceae,6631,Viola,2874237,Viola patrinii,7390250,99,EXACT
Lathyrus venosus arkansanus,7970629,Lathyrus venosus arkansanus,<i>Lathyrus</i> <i>venosus</i> var. <i>arkansanus</i> Fassett,VARIETY,Fabaceae,5386,Lathyrus,10356062,Lathyrus venosus,5356511,85,EXACT
Trillium erectum album,2742343,Trillium erectum album,<i>Trillium</i> <i>erectum</i> var. <i>album</i> (Michx.) Pursh,VARIETY,Melanthiaceae,7700,Trillium,2742182,Trillium erectum,2742342,88,EXACT
Quercus gravesii,2879752,Quercus gravesii,<i>Quercus</i> <i>gravesii</i> Sudw.,SPECIES,Fagaceae,4689,Quercus,2877951,Quercus gravesii,2879752,100,EXACT
Malus hupehensis,3001077,Malus hupehensis,<i>Malus</i> <i>hupehensis</i> (Pamp.) Rehder,SPECIES,Rosaceae,5015,Malus,3001068,Malus hupehensis,3001077,99,EXACT
Liatris punctata mucronata,4243109,Liatris punctata mucronata,<i>Liatris</i> <i>punctata</i> var. <i>mucronata</i> (DC.) B.L.Turner,VARIETY,Asteraceae,3065,Liatris,3104263,Liatris punctata,3104349,88,EXACT
Quercus grisea,2879358,Quercus grisea,<i>Quercus</i> <i>grisea</i> Liebm.,SPECIES,Fagaceae,4689,Quercus,2877951,Quercus grisea,2879358,100,EXACT
Viola clauseniana,5331212,Viola clauseniana,<i>Viola</i> <i>clauseniana</i> Baker,SPECIES,Violaceae,6631,Viola,2874237,Viola clauseniana,5331212,100,EXACT
Viola glaberrima,8055626,Viola glaberrima,<i>Viola</i> <i>glaberrima</i> (Ging. ex Chapm.) House,SPECIES,Violaceae,6631,Viola,2874237,Viola glaberrima,8055626,99,EXACT
Acer rubrum rubrum,7990464,Acer rubrum rubrum,<i>Acer</i> <i>rubrum</i> var. <i>rubrum</i>,VARIETY,Sapindaceae,6657,Acer,3189834,Acer rubrum,3189883,85,EXACT
Cirsium hesperium,7402863,Cirsium hesperium,<i>Cirsium</i> <i>hesperium</i> (Eastw.) Rydb.,SPECIES,Asteraceae,3065,Cirsium,3112554,Cirsium hesperium,7402863,99,EXACT
Monarda lindheimeri,5341401,Monarda lindheimeri,<i>Monarda</i> <i>lindheimeri</i> Engelm. & A.Gray,SPECIES,Lamiaceae,2497,Monarda,2926838,Monarda lindheimeri,5341401,100,EXACT
Viola purpurea purpurea,7095978,Viola purpurea purpurea,<i>Viola</i> <i>purpurea</i> subsp. <i>purpurea</i>,SUBSPECIES,Violaceae,6631,Viola,2874237,Viola purpurea,5331324,85,EXACT
Viola utahensis,5331267,Viola utahensis,<i>Viola</i> <i>utahensis</i> M.S.Baker & J.C.Clausen,SPECIES,Violaceae,6631,Viola,2874237,Viola utahensis,5331267,100,EXACT
Tradescantia subaspera subaspera,7227458,Tradescantia subaspera subaspera,<i>Tradescantia</i> <i>subaspera</i> var. <i>subaspera</i>,VARIETY,Commelinaceae,2763195,Tradescantia,2765096,Tradescantia subaspera,2765298,88,EXACT
Viola × fallacissima,5663492,Viola fallacissima,<i>Viola</i> × <i>fallacissima</i> Greene,SPECIES,Violaceae,6631,Viola,2874237,Viola bernardii,5331381,100,EXACT
Rhus virens,3190539,Rhus virens,<i>Rhus</i> <i>virens</i> Lindh. ex A.Gray,SPECIES,Anacardiaceae,2398,Rhus,3190534,Rhus virens,3190539,99,EXACT
Yucca arkansana,2775587,Yucca arkansana,<i>Yucca</i> <i>arkansana</i> Trel.,SPECIES,Asparagaceae,7683,Yucca,2775496,Yucca arkansana,2775587,100,EXACT
Mentha aquatica,2927208,Mentha aquatica,<i>Mentha</i> <i>aquatica</i> L.,SPECIES,Lamiaceae,2497,Mentha,2927173,Mentha aquatica,2927208,99,EXACT
Tradescantia zebrina,2765359,Tradescantia zebrina,<i>Tradescantia</i> <i>zebrina</i> Bosse,SPECIES,Commelinaceae,2763195,Tradescantia,2765096,Tradescantia zebrina,2765359,99,EXACT
Crataegus collina,3013545,Crataegus collina,<i>Crataegus</i> <i>collina</i> Chapm.,SPECIES,Rosaceae,5015,Crataegus,3013395,Crataegus collina,3013545,100,EXACT
Trillium recurvatum luteum,2742264,Trillium recurvatum luteum,<i>Trillium</i> <i>recurvatum</i> f. <i>luteum</i> Friesner,FORM,Melanthiaceae,7700,Trillium,2742182,Trillium recurvatum,2742260,84,EXACT
Viola primulifolia occidentalis,5665013,Viola primulifolia occidentalis,<i>Viola</i> <i>primulifolia</i> var. <i>occidentalis</i> A.Gray,VARIETY,Violaceae,6631,Viola,2874237,Viola occidentalis,5664675,84,EXACT
Viburnum venosum,6369834,Viburnum venosum,<i>Viburnum</i> <i>venosum</i> Britton,SPECIES,Viburnaceae,4924416,Viburnum,2888580,Viburnum venosum,6369834,100,EXACT
Allium cepa,2857697,Allium cepa,<i>Allium</i> <i>cepa</i> L.,SPECIES,Amaryllidaceae,7682,Allium,9624496,Allium cepa,2857697,100,EXACT
Crataegus coccinea coccinea,3015572,Crataegus coccinea coccinea,<i>Crataegus</i> <i>coccinea</i> var. <i>coccinea</i>,VARIETY,Rosaceae,5015,Crataegus,3013395,Crataegus coccinea,7790614,88,EXACT
Muscari commutatum,2772145,Muscari commutatum,<i>Muscari</i> <i>commutatum</i> Guss.,SPECIES,Asparagaceae,7683,Muscari,2772004,Muscari commutatum,2772145,100,EXACT
Cirsium occidentale,3114557,Cirsium occidentale,<i>Cirsium</i> <i>occidentale</i> (Nutt.) Jeps.,SPECIES,Asteraceae,3065,Cirsium,3112554,Cirsium occidentale,3114557,100,EXACT
Viola pedunculata,5331230,Viola pedunculata,<i>Viola</i> <i>pedunculata</i> Torr. & A.Gray,SPECIES,Violaceae,6631,Viola,2874237,Viola pedunculata,5331230,100,EXACT
Oxalis macrantha,2891648,Oxalis macrantha,<i>Oxalis</i> <i>macrantha</i> (Trel.) Small,SPECIES,Oxalidaceae,6697,Oxalis,2891642,Oxalis macrantha,2891648,100,EXACT
Quercus sinuata sinuata,7226621,Quercus sinuata sinuata,<i>Quercus</i> <i>sinuata</i> var. <i>sinuata</i>,VARIETY,Fagaceae,4689,Quercus,2877951,Quercus sinuata,2879488,88,EXACT
Viola blanda,5331300,Viola blanda,<i>Viola</i> <i>blanda</i> Willd.,SPECIES,Violaceae,6631,Viola,2874237,Viola blanda,5331300,99,EXACT
Physalis fendleri,6402943,Physalis fendleri,<i>Physalis</i> <i>fendleri</i> A.Gray,SPECIES,Solanaceae,7717,Physalis,2928907,Physalis fendleri,6402943,100,EXACT
Muscari comosum,2769204,Muscari comosum,<i>Muscari</i> <i>comosum</i> (L.) Mill.,SPECIES,Asparagaceae,7683,Muscari,2772004,Muscari comosum,2769204,100,EXACT
Onopordum acanthium acanthium,6303618,Onopordum acanthium acanthium,<i>Onopordum</i> <i>acanthium</i> var. <i>acanthium</i>,VARIETY,Asteraceae,3065,Onopordum,3094883,Onopordum acanthium,3094900,88,EXACT
Lomatium foeniculaceum inyoense,3635208,Lomatium foeniculaceum inyoense,<i>Lomatium</i> <i>foeniculaceum</i> subsp. <i>inyoense</i> (Mathias & Constance) W.L.Theob.,SUBSPECIES,Apiaceae,6720,Lomatium,8394726,Lomatium foeniculaceum,3034267,85,EXACT
Vaccinium scoparium,8383191,Vaccinium scoparium,<i>Vaccinium</i> <i>scoparium</i> Leiberg,SPECIES,Ericaceae,2505,Vaccinium,2882813,Vaccinium scoparium,8383191,99,EXACT
Ceanothus pauciflorus,3876325,Ceanothus pauciflorus,<i>Ceanothus</i> <i>pauciflorus</i> Moc. & Sessé ex DC.,SPECIES,Rhamnaceae,2407,Ceanothus,3039297,Ceanothus pauciflorus,3876325,99,EXACT
Physalis peruviana,5341784,Physalis peruviana,<i>Physalis</i> <i>peruviana</i> L.,SPECIES,Solanaceae,7717,Physalis,2928907,Physalis peruviana,5341784,99,EXACT
Quercus prinoides,2879759,Quercus prinoides,<i>Quercus</i> <i>prinoides</i> Willd.,SPECIES,Fagaceae,4689,Quercus,2877951,Quercus prinoides,2879759,99,EXACT
Allium fibrillum,8035897,Allium fibrillum,<i>Allium</i> <i>fibrillum</i> M.E.Jones,SPECIES,Amaryllidaceae,7682,Allium,9624496,Allium fibrillum,8035897,99,EXACT
Viburnum odoratissimum,2888626,Viburnum odoratissimum,<i>Viburnum</i> <i>odoratissimum</i> Ker Gawl.,SPECIES,Viburnaceae,4924416,Viburnum,2888580,Viburnum odoratissimum,2888626,99,EXACT
Cirsium turneri,3113147,Cirsium turneri,<i>Cirsium</i> <i>turneri</i> Warnock,SPECIES,Asteraceae,3065,Cirsium,3112554,Cirsium turneri,3113147,100,EXACT
Crataegus pruinosa pruinosa,7271838,Crataegus pruinosa pruinosa,<i>Crataegus</i> <i>pruinosa</i> f. <i>pruinosa</i>,FORM,Rosaceae,5015,Crataegus,3013395,Crataegus pruinosa,7790552,84,EXACT
Pinus elliottii,5285777,Pinus elliottii,<i>Pinus</i> <i>elliottii</i> Engelm.,SPECIES,Pinaceae,3925,Pinus,2684241,Pinus elliottii,5285777,100,EXACT
Quercus dumosa,2880740,Quercus dumosa,<i>Quercus</i> <i>dumosa</i> Nutt.,SPECIES,Fagaceae,4689,Quercus,2877951,Quercus dumosa,2880740,100,EXACT
Picea engelmannii,5284917,Picea engelmannii,<i>Picea</i> <i>engelmannii</i> Parry ex Engelm.,SPECIES,Pinaceae,3925,Picea,7606064,Picea engelmannii,5284917,99,EXACT
Gleditsia triacanthos triacanthos,7278328,Gleditsia triacanthos triacanthos,<i>Gleditsia</i> <i>triacanthos</i> f. <i>triacanthos</i>,FORM,Fabaceae,5386,Gleditsia,2959442,Gleditsia triacanthos,2959443,85,EXACT
Pycnanthemum verticillatum pilosum,3890974,Pycnanthemum verticillatum pilosum,<i>Pycnanthemum</i> <i>verticillatum</i> var. <i>pilosum</i> (Nutt.) Cooperr.,VARIETY,Lamiaceae,2497,Pycnanthemum,2927338,Pycnanthemum verticillatum,2927363,88,EXACT
Stellaria crassifolia,5384660,Stellaria crassifolia,<i>Stellaria</i> <i>crassifolia</i> Ehrh.,SPECIES,Caryophyllaceae,2518,Stellaria,3085667,Stellaria crassifolia,5384660,99,EXACT
Cirsium cymosum cymosum,6444479,Cirsium cymosum cymosum,<i>Cirsium</i> <i>cymosum</i> var. <i>cymosum</i>,VARIETY,Asteraceae,3065,Cirsium,3112554,Cirsium cymosum,6444478,88,EXACT
Sanicula peckiana,3034836,Sanicula peckiana,<i>Sanicula</i> <i>peckiana</i> J.F.Macbr.,SPECIES,Apiaceae,6720,Sanicula,3034831,Sanicula peckiana,3034836,100,EXACT
Allium cernuum cernuum,4270238,Allium cernuum cernuum,<i>Allium</i> <i>cernuum</i> var. <i>cernuum</i>,VARIETY,Amaryllidaceae,7682,Allium,9624496,Allium cernuum,2856745,88,EXACT
Cirsium andrewsii,3112868,Cirsium andrewsii,<i>Cirsium</i> <i>andrewsii</i> (A.Gray) Jeps.,SPECIES,Asteraceae,3065,Cirsium,3112554,Cirsium andrewsii,3112868,99,EXACT
Vicia ludoviciana,2975352,Vicia ludoviciana,<i>Vicia</i> <i>ludoviciana</i> Nutt.,SPECIES,Fabaceae,5386,Vicia,2974751,Vicia ludoviciana,2975352,99,EXACT
Tradescantia hirsuticaulis,2765306,Tradescantia hirsuticaulis,<i>Tradescantia</i> <i>hirsuticaulis</i> Small,SPECIES,Commelinaceae,2763195,Tradescantia,2765096,Tradescantia hirsuticaulis,2765306,100,EXACT
Cirsium tweedyi,4218494,Cirsium tweedyi,"<i>Cirsium</i> <i>tweedyi</i> (Rydb.) Petr., 1917",SPECIES,Asteraceae,3065,Cirsium,3112554,Cirsium eatonii,3113381,99,EXACT
Quercus hemisphaerica,2877348,Quercus hemisphaerica,<i>Quercus</i> <i>hemisphaerica</i> W.Bartram ex Willd.,SPECIES,Fagaceae,4689,Quercus,2877951,Quercus hemisphaerica,2877348,99,EXACT
Cirsium carolinianum,3112872,Cirsium carolinianum,<i>Cirsium</i> <i>carolinianum</i> (Walter) Fernald & Schub.,SPECIES,Asteraceae,3065,Cirsium,3112554,Cirsium carolinianum,3112872,100,EXACT
Vicia americana americana,7225461,Vicia americana americana,<i>Vicia</i> <i>americana</i> var. <i>americana</i>,VARIETY,Fabaceae,5386,Vicia,2974751,Vicia americana,2975204,85,EXACT
Clinopodium nepeta,8916040,Clinopodium nepeta,<i>Clinopodium</i> <i>nepeta</i> (L.) Kuntze,SPECIES,Lamiaceae,2497,Clinopodium,2926907,Clinopodium nepeta,8916040,100,EXACT
Ambrosia trifida texana,4249366,Ambrosia trifida texana,<i>Ambrosia</i> <i>trifida</i> var. <i>texana</i> Scheele,VARIETY,Asteraceae,3065,Ambrosia,3110576,Ambrosia trifida,3110588,88,EXACT
Crataegus chrysocarpa,3015853,Crataegus chrysocarpa,<i>Crataegus</i> <i>chrysocarpa</i> Ashe,SPECIES,Rosaceae,5015,Crataegus,3013395,Crataegus chrysocarpa,3015853,100,EXACT
Vicia minutiflora,2975172,Vicia minutiflora,<i>Vicia</i> <i>minutiflora</i> D.Dietr.,SPECIES,Fabaceae,5386,Vicia,2974751,Vicia minutiflora,2975172,100,EXACT
Ribes sericeum,2986102,Ribes sericeum,<i>Ribes</i> <i>sericeum</i> Eastw.,SPECIES,Grossulariaceae,2403,Ribes,2986095,Ribes sericeum,2986102,100,EXACT
Claytonia rubra depressa,4022562,Claytonia rubra depressa,<i>Claytonia</i> <i>rubra</i> subsp. <i>depressa</i> (A.Gray) J.M.Mill. & K.L.Chambers,SUBSPECIES,Montiaceae,4898338,Claytonia,3084729,Claytonia rubra,3084740,88,EXACT
Allium oxyphilum,2857535,Allium oxyphilum,<i>Allium</i> <i>oxyphilum</i> Wherry,SPECIES,Amaryllidaceae,7682,Allium,9624496,Allium cernuum,2856745,100,EXACT
Vicia ludoviciana leavenworthii,6373407,Vicia ludoviciana leavenworthii,<i>Vicia</i> <i>ludoviciana</i> var. <i>leavenworthii</i> (Torr. & A.Gray) Broich,VARIETY,Fabaceae,5386,Vicia,2974751,Vicia ludoviciana,2975352,85,EXACT
Erythronium umbilicatum monostolum,2752905,Erythronium umbilicatum monostolum,<i>Erythronium</i> <i>umbilicatum</i> subsp. <i>monostolum</i> C.R.Parks & Hardin,SUBSPECIES,Liliaceae,7699,Erythronium,2740136,Erythronium umbilicatum,2752903,88,EXACT
Allium schubertii,2857583,Allium schubertii,<i>Allium</i> <i>schubertii</i> Zucc.,SPECIES,Amaryllidaceae,7682,Allium,9624496,Allium schubertii,2857583,100,EXACT
Commelina erecta deamiana,2764434,Commelina erecta deamiana,<i>Commelina</i> <i>erecta</i> var. <i>deamiana</i> Fernald,VARIETY,Commelinaceae,2763195,Commelina,2763939,Commelina erecta,2764389,88,EXACT
Quercus mexicana,2879574,Quercus mexicana,<i>Quercus</i> <i>mexicana</i> Bonpl.,SPECIES,Fagaceae,4689,Quercus,2877951,Quercus mexicana,2879574,99,EXACT
Quercus mohriana,2880351,Quercus mohriana,<i>Quercus</i> <i>mohriana</i> Buckley ex Rydb.,SPECIES,Fagaceae,4689,Quercus,2877951,Quercus mohriana,2880351,99,EXACT
Ionoxalis,7318113,Ionoxalis,<i>Ionoxalis</i> Small,GENUS,Oxalidaceae,6697,Oxalis,2891642,,,96,HIGHERRANK
Astragalus crassicarpus berlandieri,5343639,Astragalus crassicarpus berlandieri,<i>Astragalus</i> <i>crassicarpus</i> var. <i>berlandieri</i> Barneby,VARIETY,Fabaceae,5386,Astragalus,2933951,Astragalus crassicarpus,5343637,88,EXACT
Yucca glauca stricta,2775502,Yucca glauca stricta,<i>Yucca</i> <i>glauca</i> var. <i>stricta</i> (Sims) Trel.,VARIETY,Asparagaceae,7683,Yucca,2775496,Yucca glauca,2775497,84,EXACT
Lilium parvum,2753310,Lilium parvum,<i>Lilium</i> <i>parvum</i> Kellogg,SPECIES,Liliaceae,7699,Lilium,2752977,Lilium parvum,2753310,100,EXACT
Ribes montigenum,10137876,Ribes montigenum,<i>Ribes</i> <i>montigenum</i> Mc Clatchie,SPECIES,Grossulariaceae,2403,Ribes,2986095,Ribes montigenum,10137876,99,EXACT
Quercus palustris,8313153,Quercus palustris,<i>Quercus</i> <i>palustris</i> Münchh.,SPECIES,Fagaceae,4689,Quercus,2877951,Quercus palustris,8313153,99,EXACT
Quercus shumardii,2878289,Quercus shumardii,<i>Quercus</i> <i>shumardii</i> Buckley,SPECIES,Fagaceae,4689,Quercus,2877951,Quercus shumardii,2878289,100,EXACT
Acer negundo violaceum,8282529,Acer negundo violaceum,<i>Acer</i> <i>negundo</i> var. <i>violaceum</i> (G.Kirchn.) H.Jaeger,VARIETY,Sapindaceae,6657,Acer,3189834,Acer negundo,3189866,85,EXACT
Erythronium hendersonii,2752803,Erythronium hendersonii,<i>Erythronium</i> <i>hendersonii</i> S.Watson,SPECIES,Liliaceae,7699,Erythronium,2740136,Erythronium hendersonii,2752803,100,EXACT
Viola novae-angliae,5331232,Viola novae-angliae,<i>Viola</i> <i>novae-angliae</i> House,SPECIES,Violaceae,6631,Viola,2874237,Viola novae-angliae,5331232,100,EXACT
Claytonia virginica virginica,7288808,Claytonia virginica virginica,<i>Claytonia</i> <i>virginica</i> f. <i>virginica</i>,FORM,Montiaceae,4898338,Claytonia,3084729,Claytonia virginica,3084745,84,EXACT
Pycnanthemum pycnanthemoides pycnanthemoides,7096218,Pycnanthemum pycnanthemoides pycnanthemoides,<i>Pycnanthemum</i> <i>pycnanthemoides</i> var. <i>pycnanthemoides</i>,VARIETY,Lamiaceae,2497,Pycnanthemum,2927338,Pycnanthemum pycnanthemoides,2927362,88,EXACT
Chamaenerion angustifolium angustifolium,7322650,Chamaenerion angustifolium angustifolium,<i>Chamaenerion</i> <i>angustifolium</i> subsp. <i>angustifolium</i>,SUBSPECIES,Onagraceae,2430,Chamaenerion,8406741,Chamaenerion angustifolium,6428353,88,EXACT
Rubus allegheniensis gravesii,2992947,Rubus allegheniensis gravesii,<i>Rubus</i> <i>allegheniensis</i> var. <i>gravesii</i> (Fernald) Fernald,VARIETY,Rosaceae,5015,Rubus,2988638,Rubus allegheniensis,8235931,88,EXACT
Physalis crassifolia,5341782,Physalis crassifolia,<i>Physalis</i> <i>crassifolia</i> Benth.,SPECIES,Solanaceae,7717,Physalis,2928907,Physalis crassifolia,5341782,100,EXACT
Sorbus aucuparia,3012167,Sorbus aucuparia,<i>Sorbus</i> <i>aucuparia</i> L.,SPECIES,Rosaceae,5015,Sorbus,3012146,Sorbus aucuparia,3012167,99,EXACT
Quercus john-tuckeri,2880404,Quercus john-tuckeri,<i>Quercus</i> <i>john-tuckeri</i> Nixon & C.H.Müll.,SPECIES,Fagaceae,4689,Quercus,2877951,Quercus john-tuckeri,2880404,100,EXACT
Ceanothus incanus,3039405,Ceanothus incanus,<i>Ceanothus</i> <i>incanus</i> Torr. & A.Gray,SPECIES,Rhamnaceae,2407,Ceanothus,3039297,Ceanothus incanus,3039405,100,EXACT
Trifolium pratense pratense,7224412,Trifolium pratense pratense,<i>Trifolium</i> <i>pratense</i> var. <i>pratense</i>,VARIETY,Fabaceae,5386,Trifolium,2973363,Trifolium pratense,8324121,85,EXACT
Monarda fruticulosa,5341403,Monarda fruticulosa,<i>Monarda</i> <i>fruticulosa</i> Epling,SPECIES,Lamiaceae,2497,Monarda,2926838,Monarda fruticulosa,5341403,100,EXACT
Erythronium citrinum,2752801,Erythronium citrinum,<i>Erythronium</i> <i>citrinum</i> S.Watson,SPECIES,Liliaceae,7699,Erythronium,2740136,Erythronium citrinum,2752801,100,EXACT
Cirsium engelmannii,3112849,Cirsium engelmannii,<i>Cirsium</i> <i>engelmannii</i> Rydb.,SPECIES,Asteraceae,3065,Cirsium,3112554,Cirsium engelmannii,3112849,100,EXACT
Ceanothus papillosus papillosus,6371260,Ceanothus papillosus papillosus,<i>Ceanothus</i> <i>papillosus</i> subsp. <i>papillosus</i>,SUBSPECIES,Rhamnaceae,2407,Ceanothus,3039297,Ceanothus papillosus,3039343,85,EXACT
Tradescantia zebrina zebrina,7227457,Tradescantia zebrina zebrina,<i>Tradescantia</i> <i>zebrina</i> var. <i>zebrina</i> Bosse,VARIETY,Commelinaceae,2763195,Tradescantia,2765096,Tradescantia zebrina,2765359,85,EXACT
Ribes victoris,2986212,Ribes victoris,<i>Ribes</i> <i>victoris</i> Greene,SPECIES,Grossulariaceae,2403,Ribes,2986095,Ribes victoris,2986212,100,EXACT
Ceanothus impressus impressus,7658589,Ceanothus impressus impressus,<i>Ceanothus</i> <i>impressus</i> var. <i>impressus</i>,VARIETY,Rhamnaceae,2407,Ceanothus,3039297,Ceanothus impressus,3039310,88,EXACT
Pediomelum hypogaeum hypogaeum,2944197,Pediomelum hypogaeum hypogaeum,<i>Pediomelum</i> <i>hypogaeum</i> var. <i>hypogaeum</i>,VARIETY,Fabaceae,5386,Pediomelum,2959963,Pediomelum hypogaeum,2944196,88,EXACT
Vitis cinerea helleri,5658526,Vitis cinerea helleri,<i>Vitis</i> <i>cinerea</i> var. <i>helleri</i> (L.H.Bailey) M.O.Moore,VARIETY,Vitaceae,6672,Vitis,7467468,Vitis cinerea,5372379,88,EXACT
Quercus stellata,8879961,Quercus stellata,<i>Quercus</i> <i>stellata</i> Wangenh.,SPECIES,Fagaceae,4689,Quercus,2877951,Quercus stellata,8879961,100,EXACT
Quercus bicolor,2878470,Quercus bicolor,<i>Quercus</i> <i>bicolor</i> Willd.,SPECIES,Fagaceae,4689,Quercus,2877951,Quercus bicolor,2878470,100,EXACT
Monarda punctata,5341413,Monarda punctata,<i>Monarda</i> <i>punctata</i> L.,SPECIES,Lamiaceae,2497,Monarda,2926838,Monarda punctata,5341413,100,EXACT
Rubus laciniatus,2992543,Rubus laciniatus,<i>Rubus</i> <i>laciniatus</i> Willd.,SPECIES,Rosaceae,5015,Rubus,2988638,Rubus laciniatus,2992543,99,EXACT
Claytonia rosea,3084756,Claytonia rosea,<i>Claytonia</i> <i>rosea</i> Rydb.,SPECIES,Montiaceae,4898338,Claytonia,3084729,Claytonia rosea,3084756,100,EXACT
Ceanothus roderickii,3039353,Ceanothus roderickii,<i>Ceanothus</i> <i>roderickii</i> W.Knight,SPECIES,Rhamnaceae,2407,Ceanothus,3039297,Ceanothus roderickii,3039353,100,EXACT
Tradescantia bracteata,2765168,Tradescantia bracteata,<i>Tradescantia</i> <i>bracteata</i> Small ex Britton,SPECIES,Commelinaceae,2763195,Tradescantia,2765096,Tradescantia bracteata,2765168,99,EXACT
Foeniculum vulgare dulce,9740820,Foeniculum vulgare dulce,<i>Foeniculum</i> <i>vulgare</i> var. <i>dulce</i> (Mill.) Cout.,VARIETY,Apiaceae,6720,Foeniculum,10704390,Foeniculum vulgare,3034922,85,EXACT
Carya glabra megacarpa,6413923,Carya glabra megacarpa,<i>Carya</i> <i>glabra</i> var. <i>megacarpa</i> (Sarg.) Sarg.,VARIETY,Juglandaceae,2499,Carya,3054287,Carya glabra,3054325,85,EXACT
Viburnum rafinesqueanum affine,4925724,Viburnum rafinesqueanum affine,<i>Viburnum</i> <i>rafinesqueanum</i> var. <i>affine</i> (Bush ex C.K.Schneid.) House,VARIETY,Viburnaceae,4924416,Viburnum,2888580,Viburnum rafinesqueanum,4925723,88,EXACT
Tragopogon pratensis minor,3092408,Tragopogon,<i>Tragopogon</i> L.,GENUS,Asteraceae,3065,Tragopogon,3092408,,,84,HIGHERRANK
Rumex crispus fauriei,7697641,Rumex crispus fauriei,<i>Rumex</i> <i>crispus</i> var. <i>fauriei</i> (Rech.fil.) Reveal,VARIETY,Polygonaceae,2416,Rumex,2888942,Rumex crispus,8195144,85,EXACT
Stellaria nemorum,6363434,Stellaria nemorum,<i>Stellaria</i> <i>nemorum</i> L.,SPECIES,Caryophyllaceae,2518,Stellaria,3085667,Stellaria nemorum,6363434,99,EXACT
Ilex vomitoria vomitoria,7315835,Ilex vomitoria vomitoria,<i>Ilex</i> <i>vomitoria</i> subsp. <i>vomitoria</i>,SUBSPECIES,Aquifoliaceae,6716,Ilex,10792217,Ilex vomitoria,5414250,88,EXACT
Pycnanthemum tenuifolium,2927347,Pycnanthemum tenuifolium,<i>Pycnanthemum</i> <i>tenuifolium</i> Schrad.,SPECIES,Lamiaceae,2497,Pycnanthemum,2927338,Pycnanthemum tenuifolium,2927347,100,EXACT
Smilax havanensis,5295726,Smilax havanensis,<i>Smilax</i> <i>havanensis</i> Jacq.,SPECIES,Smilacaceae,7702,Smilax,2740627,Smilax havanensis,5295726,99,EXACT
Ceanothus cuneatus fascicularis,3875208,Ceanothus cuneatus fascicularis,<i>Ceanothus</i> <i>cuneatus</i> var. <i>fascicularis</i> (Mc Minn) Hoover,VARIETY,Rhamnaceae,2407,Ceanothus,3039297,Ceanothus cuneatus,3039404,85,EXACT
Clinopodium chandleri,2926942,Clinopodium chandleri,<i>Clinopodium</i> <i>chandleri</i> (Brandegee) P.D.Cantino & Wagstaff,SPECIES,Lamiaceae,2497,Clinopodium,2926907,Clinopodium chandleri,2926942,100,EXACT
Crataegus suborbiculata,3014833,Crataegus suborbiculata,<i>Crataegus</i> <i>suborbiculata</i> Sarg.,SPECIES,Rosaceae,5015,Crataegus,3013395,Crataegus suborbiculata,3014833,100,EXACT
Rubus subsolanus,2992601,Rubus subsolanus,<i>Rubus</i> <i>subsolanus</i> L.H.Bailey,SPECIES,Rosaceae,5015,Rubus,2988638,Rubus missouricus,2992597,100,EXACT
Rubus suus,2994178,Rubus suus,<i>Rubus</i> <i>suus</i> L.H.Bailey,SPECIES,Rosaceae,5015,Rubus,2988638,Rubus suus,2994178,100,EXACT
Phlox pilosa riparia,4056632,Phlox pilosa riparia,<i>Phlox</i> <i>pilosa</i> subsp. <i>riparia</i> Wherry,SUBSPECIES,Polemoniaceae,6648,Phlox,2927698,Phlox pilosa,2927734,88,EXACT
Phlox pilosa longipilosa,7783315,Phlox pilosa longipilosa,<i>Phlox</i> <i>pilosa</i> subsp. <i>longipilosa</i> (Waterf.) Locklear,SUBSPECIES,Polemoniaceae,6648,Phlox,2927698,Phlox pilosa,2927734,85,EXACT
Fragaria chiloensis lucida,3030034,Fragaria chiloensis lucida,<i>Fragaria</i> <i>chiloensis</i> subsp. <i>lucida</i> (Vilm.) Staudt,SUBSPECIES,Rosaceae,5015,Fragaria,3029779,Fragaria chiloensis,7738624,88,EXACT
Allium cepa cepa,6435012,Allium cepa cepa,<i>Allium</i> <i>cepa</i> var. <i>cepa</i>,VARIETY,Amaryllidaceae,7682,Allium,9624496,Allium cepa,2857697,85,EXACT
Smilax glauca,5295374,Smilax glauca,<i>Smilax</i> <i>glauca</i> Walter,SPECIES,Smilacaceae,7702,Smilax,2740627,Smilax glauca,5295374,99,EXACT
Yucca baileyi,2775611,Yucca baileyi,<i>Yucca</i> <i>baileyi</i> Wooton & Standl.,SPECIES,Asparagaceae,7683,Yucca,2775496,Yucca baileyi,2775611,100,EXACT
Vicia villosa villosa,6404650,Vicia villosa villosa,<i>Vicia</i> <i>villosa</i> var. <i>villosa</i>,VARIETY,Fabaceae,5386,Vicia,2974751,Vicia villosa,9182154,85,EXACT
Vicia pulchella,2974801,Vicia pulchella,<i>Vicia</i> <i>pulchella</i> Kunth,SPECIES,Fabaceae,5386,Vicia,2974751,Vicia pulchella,2974801,100,EXACT
Viburnum plicatum tomentosum,2888624,Viburnum plicatum tomentosum,<i>Viburnum</i> <i>plicatum</i> var. <i>tomentosum</i> (Thunb.) Miq.,VARIETY,Viburnaceae,4924416,Viburnum,2888580,Viburnum plicatum,2888622,84,EXACT
Ribes watsonianum,2986142,Ribes watsonianum,<i>Ribes</i> <i>watsonianum</i> Koehne,SPECIES,Grossulariaceae,2403,Ribes,2986095,Ribes watsonianum,2986142,100,EXACT
Physalis solanacea,7796156,Physalis solanacea,<i>Physalis</i> <i>solanacea</i> (Schltdl.) Axelius,SPECIES,Solanaceae,7717,Physalis,2928907,Physalis solanacea,7796156,99,EXACT
Malus prunifolia,3001157,Malus prunifolia,<i>Malus</i> <i>prunifolia</i> (Willd.) Borkh.,SPECIES,Rosaceae,5015,Malus,3001068,Malus prunifolia,3001157,99,EXACT
Ribes hudsonianum petiolare,4194874,Ribes hudsonianum petiolare,<i>Ribes</i> <i>hudsonianum</i> var. <i>petiolare</i> (Douglas) Jancz.,VARIETY,Grossulariaceae,2403,Ribes,2986095,Ribes hudsonianum,2986140,88,EXACT
Claytonia parviflora utahensis,4023008,Claytonia parviflora utahensis,<i>Claytonia</i> <i>parviflora</i> subsp. <i>utahensis</i> (Rydb.) John M.Mill. & K.L.Chambers,SUBSPECIES,Montiaceae,4898338,Claytonia,3084729,Claytonia parviflora,3084736,85,EXACT
Cirsium harrisonii,12085875,Cirsium harrisonii,<i>Cirsium</i> <i>harrisonii</i> (S.L.Welsh) Ackerf. & D.J.Keil,SPECIES,Asteraceae,3065,Cirsium,3112554,Cirsium harrisonii,12085875,100,EXACT
Quercus turbinella,2878247,Quercus turbinella,<i>Quercus</i> <i>turbinella</i> Greene,SPECIES,Fagaceae,4689,Quercus,2877951,Quercus turbinella,2878247,100,EXACT
Ribes speciosum,2986206,Ribes speciosum,<i>Ribes</i> <i>speciosum</i> Pursh,SPECIES,Grossulariaceae,2403,Ribes,2986095,Ribes speciosum,2986206,100,EXACT
Rumex verticillatus,2888967,Rumex verticillatus,<i>Rumex</i> <i>verticillatus</i> L.,SPECIES,Polygonaceae,2416,Rumex,2888942,Rumex verticillatus,2888967,99,EXACT
Pycnanthemum incanum,2927354,Pycnanthemum incanum,<i>Pycnanthemum</i> <i>incanum</i> (L.) Michx.,SPECIES,Lamiaceae,2497,Pycnanthemum,2927338,Pycnanthemum incanum,2927354,100,EXACT
Cirsium mohavense,3112917,Cirsium mohavense,<i>Cirsium</i> <i>mohavense</i> (Greene) Petr.,SPECIES,Asteraceae,3065,Cirsium,3112554,Cirsium mohavense,3112917,99,EXACT
Quercus pagoda,2881680,Quercus pagoda,<i>Quercus</i> <i>pagoda</i> Raf.,SPECIES,Fagaceae,4689,Quercus,2877951,Quercus pagoda,2881680,100,EXACT
Vitis aestivalis lincecumii,5708433,Vitis aestivalis lincecumii,<i>Vitis</i> <i>aestivalis</i> var. <i>lincecumii</i> (Buckley) Munson,VARIETY,Vitaceae,6672,Vitis,7467468,Vitis aestivalis,5372400,88,EXACT
Vaccinium dentatum,2882855,Vaccinium dentatum,<i>Vaccinium</i> <i>dentatum</i> Sm.,SPECIES,Ericaceae,2505,Vaccinium,2882813,Vaccinium dentatum,2882855,100,EXACT
Erythronium klamathense,2752870,Erythronium klamathense,<i>Erythronium</i> <i>klamathense</i> Applegate,SPECIES,Liliaceae,7699,Erythronium,2740136,Erythronium klamathense,2752870,100,EXACT
Pinus discolor,5686897,Pinus discolor,<i>Pinus</i> <i>discolor</i> D.K.Bailey & Hawksw.,SPECIES,Pinaceae,3925,Pinus,2684241,Pinus discolor,5686897,100,EXACT
Trillium discolor,2742273,Trillium discolor,<i>Trillium</i> <i>discolor</i> Hook.,SPECIES,Melanthiaceae,7700,Trillium,2742182,Trillium discolor,2742273,100,EXACT
Quercus × saulii,2881677,Quercus saulii,<i>Quercus</i> × <i>saulii</i> C.K.Schneid.,SPECIES,Fagaceae,4689,Quercus,2877951,Quercus saulii,2881677,100,EXACT
Allium hoffmanii,2856947,Allium hoffmanii,<i>Allium</i> <i>hoffmanii</i> Ownbey ex Traub,SPECIES,Amaryllidaceae,7682,Allium,9624496,Allium hoffmanii,2856947,100,EXACT
Stellaria media media,7104410,Stellaria media media,<i>Stellaria</i> <i>media</i> subsp. <i>media</i>,SUBSPECIES,Caryophyllaceae,2518,Stellaria,3085667,Stellaria media,5384604,85,EXACT
Capsella bursa-pastoris bursa-pastoris,7129045,Capsella bursa-pastoris bursa-pastoris,<i>Capsella</i> <i>bursa-pastoris</i> subsp. <i>bursa-pastoris</i>,SUBSPECIES,Brassicaceae,3112,Capsella,3047430,Capsella bursa-pastoris,5375388,84,EXACT
Sanicula crassicaulis tripartita,3639437,Sanicula crassicaulis tripartita,<i>Sanicula</i> <i>crassicaulis</i> var. <i>tripartita</i> (Suksd.) H.Wolff,VARIETY,Apiaceae,6720,Sanicula,3034831,Sanicula crassicaulis,3034844,88,EXACT
Vicia eriocarpa,3973495,Vicia eriocarpa,<i>Vicia</i> <i>eriocarpa</i> (Hausskn.) Halácsy,SPECIES,Fabaceae,5386,Vicia,2974751,Vicia eriocarpa,3973495,100,EXACT
Mentha × gracilis,7923052,Mentha gracilis,<i>Mentha</i> × <i>gracilis</i> Sole,SPECIES,Lamiaceae,2497,Mentha,2927173,Mentha gracilis,7923052,99,EXACT
Allium speculae,2857670,Allium speculae,<i>Allium</i> <i>speculae</i> Ownbey & Aase,SPECIES,Amaryllidaceae,7682,Allium,9624496,Allium speculae,2857670,100,EXACT
Trillium simile,2742253,Trillium simile,<i>Trillium</i> <i>simile</i> Gleason,SPECIES,Melanthiaceae,7700,Trillium,2742182,Trillium simile,2742253,100,EXACT
Ribes leptanthum,2986114,Ribes leptanthum,<i>Ribes</i> <i>leptanthum</i> A.Gray,SPECIES,Grossulariaceae,2403,Ribes,2986095,Ribes leptanthum,2986114,100,EXACT
Allium fimbriatum fimbriatum,7227618,Allium fimbriatum fimbriatum,<i>Allium</i> <i>fimbriatum</i> var. <i>fimbriatum</i>,VARIETY,Amaryllidaceae,7682,Allium,9624496,Allium fimbriatum,2856831,88,EXACT
Lomatium foeniculaceum macdougalii,6423481,Lomatium foeniculaceum macdougalii,<i>Lomatium</i> <i>foeniculaceum</i> subsp. <i>macdougalii</i> (J.M.Coult. & Rose) W.L.Theob.,SUBSPECIES,Apiaceae,6720,Lomatium,8394726,Lomatium foeniculaceum,3034267,85,EXACT
Viola chamissoniana tracheliifolia,5663658,Viola chamissoniana tracheliifolia,"<i>Viola</i> <i>chamissoniana</i> subsp. <i>tracheliifolia</i> (Ging.) W.L.Wagner, D.R.Herbst & Sohmer",SUBSPECIES,Violaceae,6631,Viola,2874237,Viola tracheliifolia,6397023,88,EXACT
Camassia quamash azurea,2769106,Camassia quamash azurea,<i>Camassia</i> <i>quamash</i> subsp. <i>azurea</i> (A.Heller) Gould,SUBSPECIES,Asparagaceae,7683,Camassia,2769068,Camassia quamash,2769084,85,EXACT
Suaeda occidentalis,3083543,Suaeda occidentalis,<i>Suaeda</i> <i>occidentalis</i> (S.Watson) S.Watson,SPECIES,Amaranthaceae,3064,Suaeda,7677792,Suaeda occidentalis,3083543,100,EXACT
Malus dasyphylla,3001561,Malus dasyphylla,<i>Malus</i> × <i>dasyphylla</i> Borkh.,SPECIES,Rosaceae,5015,Malus,3001068,Malus dasyphylla,3001561,100,EXACT
Yucca treculeana treculeana,4270195,Yucca treculeana treculeana,<i>Yucca</i> <i>treculeana</i> var. <i>treculeana</i>,VARIETY,Asparagaceae,7683,Yucca,2775496,Yucca treculeana,2775506,88,EXACT
Suaeda conferta,3083553,Suaeda conferta,<i>Suaeda</i> <i>conferta</i> (Small) I.M.Johnst.,SPECIES,Amaranthaceae,3064,Suaeda,7677792,Suaeda conferta,3083553,100,EXACT
Quercus × incomita,2879564,Quercus incomita,<i>Quercus</i> × <i>incomita</i> E.J.Palmer,SPECIES,Fagaceae,4689,Quercus,2877951,Quercus incomita,2879564,100,EXACT
Vaccinium angustifolium,2882868,Vaccinium angustifolium,<i>Vaccinium</i> <i>angustifolium</i> Aiton,SPECIES,Ericaceae,2505,Vaccinium,2882813,Vaccinium angustifolium,2882868,99,EXACT
Crataegus monogyna,9220780,Crataegus monogyna,<i>Crataegus</i> <i>monogyna</i> Jacq.,SPECIES,Rosaceae,5015,Crataegus,3013395,Crataegus monogyna,9220780,99,EXACT
Trillium chloropetalum,2742377,Trillium chloropetalum,<i>Trillium</i> <i>chloropetalum</i> (Torr.) Howell,SPECIES,Melanthiaceae,7700,Trillium,2742182,Trillium chloropetalum,2742377,100,EXACT
Ceanothus sanguineus,3039303,Ceanothus sanguineus,<i>Ceanothus</i> <i>sanguineus</i> Pursh,SPECIES,Rhamnaceae,2407,Ceanothus,3039297,Ceanothus sanguineus,3039303,99,EXACT
Ribes acerifolium,2986189,Ribes acerifolium,<i>Ribes</i> <i>acerifolium</i> Howell,SPECIES,Grossulariaceae,2403,Ribes,2986095,Ribes acerifolium,2986189,99,EXACT
Erythronium quinaultense,2752890,Erythronium quinaultense,<i>Erythronium</i> <i>quinaultense</i> G.A.Allen,SPECIES,Liliaceae,7699,Erythronium,2740136,Erythronium quinaultense,2752890,100,EXACT
Allium hyalinum,2856588,Allium hyalinum,<i>Allium</i> <i>hyalinum</i> Curran,SPECIES,Amaryllidaceae,7682,Allium,9624496,Allium hyalinum,2856588,99,EXACT
Crataegus intricata,3014211,Crataegus intricata,<i>Crataegus</i> <i>intricata</i> Lange,SPECIES,Rosaceae,5015,Crataegus,3013395,Crataegus intricata,3014211,100,EXACT
Lilium occidentale,2753475,Lilium occidentale,<i>Lilium</i> <i>occidentale</i> Purdy,SPECIES,Liliaceae,7699,Lilium,2752977,Lilium occidentale,2753475,100,EXACT
Pteridium aquilinum champlainense,5275013,Pteridium aquilinum champlainense,<i>Pteridium</i> <i>aquilinum</i> var. <i>champlainense</i> B.Boivin,VARIETY,Dennstaedtiaceae,6623,Pteridium,5275011,Pteridium aquilinum,5275012,88,EXACT
Rumex floridanus,2888969,Rumex floridanus,<i>Rumex</i> × <i>floridanus</i> Meisn.,SPECIES,Polygonaceae,2416,Rumex,2888942,Rumex floridanus,2888969,100,EXACT
Viola palmata triloba,5331373,Viola palmata triloba,<i>Viola</i> <i>palmata</i> var. <i>triloba</i> (Schwein.) Ging. ex DC.,VARIETY,Violaceae,6631,Viola,2874237,Viola palmata,5331370,85,EXACT
Wisteria × formosa,2960222,Wisteria formosa,<i>Wisteria</i> × <i>formosa</i> Rehder,SPECIES,Fabaceae,5386,Wisteria,2977309,Wisteria formosa,2960222,100,EXACT
Allium peninsulare,2856390,Allium peninsulare,<i>Allium</i> <i>peninsulare</i> Lemmon ex Greene,SPECIES,Amaryllidaceae,7682,Allium,9624496,Allium peninsulare,2856390,99,EXACT
Sanicula bipinnatifida,7839339,Sanicula bipinnatifida,<i>Sanicula</i> <i>bipinnatifida</i> Douglas,SPECIES,Apiaceae,6720,Sanicula,3034831,Sanicula bipinnatifida,7839339,99,EXACT
Ceanothus tomentosus,3039360,Ceanothus tomentosus,<i>Ceanothus</i> <i>tomentosus</i> Parry,SPECIES,Rhamnaceae,2407,Ceanothus,3039297,Ceanothus tomentosus,3039360,100,EXACT
Typha domingensis,5289534,Typha domingensis,<i>Typha</i> <i>domingensis</i> Pers.,SPECIES,Typhaceae,4246,Typha,2702102,Typha domingensis,5289534,99,EXACT
Pinus remota,5285086,Pinus remota,<i>Pinus</i> <i>remota</i> (Little) D.K.Bailey & Hawksw.,SPECIES,Pinaceae,3925,Pinus,2684241,Pinus remota,5285086,100,EXACT
Tradescantia pedicellata,2765247,Tradescantia pedicellata,<i>Tradescantia</i> <i>pedicellata</i> Celarier,SPECIES,Commelinaceae,2763195,Tradescantia,2765096,Tradescantia pedicellata,2765247,100,EXACT
Sorbus californica,3012369,Sorbus californica,<i>Sorbus</i> <i>californica</i> Greene,SPECIES,Rosaceae,5015,Sorbus,3012146,Sorbus californica,3012369,100,EXACT
Ribes viburnifolium,2986110,Ribes viburnifolium,<i>Ribes</i> <i>viburnifolium</i> A.Gray,SPECIES,Grossulariaceae,2403,Ribes,2986095,Ribes viburnifolium,2986110,100,EXACT
Ribes inerme inerme,7219279,Ribes inerme inerme,<i>Ribes</i> <i>inerme</i> var. <i>inerme</i>,VARIETY,Grossulariaceae,2403,Ribes,2986095,Ribes inerme,2986112,88,EXACT
Amphicarpaea bracteata comosa,7427412,Amphicarpaea bracteata comosa,<i>Amphicarpaea</i> <i>bracteata</i> var. <i>comosa</i> (L.) C.F.Reed,VARIETY,Fabaceae,5386,Amphicarpaea,2960157,Amphicarpaea bracteata,2960161,85,EXACT
Ceanothus crassifolius planus,3039309,Ceanothus crassifolius planus,<i>Ceanothus</i> <i>crassifolius</i> var. <i>planus</i> Abrams,VARIETY,Rhamnaceae,2407,Ceanothus,3039297,Ceanothus crassifolius,3039308,88,EXACT
Rubus superioris,2989757,Rubus superioris,<i>Rubus</i> <i>superioris</i> L.H.Bailey,SPECIES,Rosaceae,5015,Rubus,2988638,Rubus vermontanus,2989749,100,EXACT
Tradescantia wrightii,2765268,Tradescantia wrightii,<i>Tradescantia</i> <i>wrightii</i> Rose & Bush,SPECIES,Commelinaceae,2763195,Tradescantia,2765096,Tradescantia wrightii,2765268,100,EXACT
Camassia quamash walpolei,2769109,Camassia quamash walpolei,<i>Camassia</i> <i>quamash</i> subsp. <i>walpolei</i> (Piper) Gould,SUBSPECIES,Asparagaceae,7683,Camassia,2769068,Camassia quamash,2769084,88,EXACT
Lilium pensylvanicum,2753465,Lilium pensylvanicum,<i>Lilium</i> <i>pensylvanicum</i> Ker Gawl.,SPECIES,Liliaceae,7699,Lilium,2752977,Lilium pensylvanicum,2753465,99,EXACT
Pinus lambertiana,5284989,Pinus lambertiana,<i>Pinus</i> <i>lambertiana</i> Douglas,SPECIES,Pinaceae,3925,Pinus,2684241,Pinus lambertiana,5284989,99,EXACT
Vaccinium myrtilloides,2882880,Vaccinium myrtilloides,<i>Vaccinium</i> <i>myrtilloides</i> Michx.,SPECIES,Ericaceae,2505,Vaccinium,2882813,Vaccinium myrtilloides,2882880,99,EXACT
Vaccinium parvifolium,2882910,Vaccinium parvifolium,<i>Vaccinium</i> <i>parvifolium</i> Sm.,SPECIES,Ericaceae,2505,Vaccinium,2882813,Vaccinium parvifolium,2882910,100,EXACT
Pinus taeda,5285241,Pinus taeda,<i>Pinus</i> <i>taeda</i> L.,SPECIES,Pinaceae,3925,Pinus,2684241,Pinus taeda,5285241,99,EXACT
Vicia benghalensis,2975384,Vicia benghalensis,<i>Vicia</i> <i>benghalensis</i> L.,SPECIES,Fabaceae,5386,Vicia,2974751,Vicia benghalensis,2975384,99,EXACT
Viola walteri,5331182,Viola walteri,<i>Viola</i> <i>walteri</i> House,SPECIES,Violaceae,6631,Viola,2874237,Viola walteri,5331182,100,EXACT
Primula utahensis,5641386,Primula utahensis,<i>Primula</i> <i>utahensis</i> (N.H.Holmgren) A.R.Mast & Reveal,SPECIES,Primulaceae,6674,Dodecatheon,7597718,Dodecatheon utahense,4007823,100,EXACT
Triglochin concinna,2865381,Triglochin concinna,<i>Triglochin</i> <i>concinna</i> Burtt Davy,SPECIES,Juncaginaceae,7679,Triglochin,2777072,Triglochin maritima,2865368,100,EXACT
Quercus vaseyana,2879249,Quercus vaseyana,<i>Quercus</i> <i>vaseyana</i> Buckley,SPECIES,Fagaceae,4689,Quercus,2877951,Quercus vaseyana,2879249,100,EXACT
Crataegus turnerorum,3016098,Crataegus turnerorum,<i>Crataegus</i> <i>turnerorum</i> Enquist,SPECIES,Rosaceae,5015,Crataegus,3013395,Crataegus turnerorum,3016098,100,EXACT
Pinus ponderosa washoensis,8105740,Pinus ponderosa washoensis,<i>Pinus</i> <i>ponderosa</i> subsp. <i>washoensis</i> (Mason & Stockw.) E.Murray,SUBSPECIES,Pinaceae,3925,Pinus,2684241,Pinus ponderosa,5285053,84,EXACT
Rumex obovatus,2888987,Rumex obovatus,<i>Rumex</i> <i>obovatus</i> Danser,SPECIES,Polygonaceae,2416,Rumex,2888942,Rumex obovatus,2888987,100,EXACT
Picea omorika,5284950,Picea omorika,<i>Picea</i> <i>omorika</i> (Pancic) Purk.,SPECIES,Pinaceae,3925,Picea,7606064,Picea omorika,5284950,99,EXACT
Quercus × ganderi,2879537,Quercus ganderi,<i>Quercus</i> × <i>ganderi</i> C.B.Wolf,SPECIES,Fagaceae,4689,Quercus,2877951,Quercus ganderi,2879537,100,EXACT
Ceanothus foliosus,3039336,Ceanothus foliosus,<i>Ceanothus</i> <i>foliosus</i> Parry,SPECIES,Rhamnaceae,2407,Ceanothus,3039297,Ceanothus foliosus,3039336,100,EXACT
Solidago canadensis hargeri,5705607,Solidago canadensis hargeri,<i>Solidago</i> <i>canadensis</i> var. <i>hargeri</i> Fernald,VARIETY,Asteraceae,3065,Solidago,5388868,Solidago canadensis,5389029,88,EXACT
Allium burlewii,2857286,Allium burlewii,<i>Allium</i> <i>burlewii</i> Davidson,SPECIES,Amaryllidaceae,7682,Allium,9624496,Allium burlewii,2857286,100,EXACT
Quercus suber,2879411,Quercus suber,<i>Quercus</i> <i>suber</i> L.,SPECIES,Fagaceae,4689,Quercus,2877951,Quercus suber,2879411,99,EXACT
Allium fimbriatum purdyi,2856840,Allium fimbriatum purdyi,<i>Allium</i> <i>fimbriatum</i> var. <i>purdyi</i> (Eastw.) Ownbey ex McNeal,VARIETY,Amaryllidaceae,7682,Allium,9624496,Allium fimbriatum,2856831,85,EXACT
Mentha spicata spicata,4925757,Mentha spicata spicata,<i>Mentha</i> <i>spicata</i> var. <i>spicata</i>,VARIETY,Lamiaceae,2497,Mentha,2927173,Mentha spicata,2927175,85,EXACT
Crataegus alabamensis,3013743,Crataegus alabamensis,<i>Crataegus</i> <i>alabamensis</i> Beadle,SPECIES,Rosaceae,5015,Crataegus,3013395,Crataegus alabamensis,3013743,100,EXACT
Primula conjugens conjugens,7127735,Primula conjugens conjugens,<i>Primula</i> <i>conjugens</i> var. <i>conjugens</i>,VARIETY,Primulaceae,6674,Dodecatheon,7597718,Dodecatheon conjugens,3169254,84,EXACT
Monarda punctata occidentalis,5605234,Monarda punctata occidentalis,<i>Monarda</i> <i>punctata</i> var. <i>occidentalis</i> (Epling) E.J.Palmer & Steyerm.,VARIETY,Lamiaceae,2497,Monarda,2926838,Monarda punctata,5341413,85,EXACT
Oxalis pes-caprae pes-caprae,7469271,Oxalis pes-caprae pes-caprae,<i>Oxalis</i> <i>pes-caprae</i> var. <i>pes-caprae</i>,VARIETY,Oxalidaceae,6697,Oxalis,2891642,Oxalis pes-caprae,2891661,88,EXACT
Quercus myrsinifolia,2878564,Quercus myrsinifolia,<i>Quercus</i> <i>myrsinifolia</i> Blume,SPECIES,Fagaceae,4689,Quercus,2877951,Quercus myrsinifolia,2878564,100,EXACT
Smilax californica,5295648,Smilax californica,<i>Smilax</i> <i>californica</i> (A.DC.) A.Gray,SPECIES,Smilacaceae,7702,Smilax,2740627,Smilax californica,5295648,100,EXACT
Persicaria setacea,2889232,Persicaria setacea,<i>Persicaria</i> <i>setacea</i> (Baldwin ex Elliott) Small,SPECIES,Polygonaceae,2416,Persicaria,6390748,Persicaria setacea,2889232,100,EXACT
Suaeda tampicensis,3083532,Suaeda tampicensis,<i>Suaeda</i> <i>tampicensis</i> (Standl.) Standl.,SPECIES,Amaranthaceae,3064,Suaeda,7677792,Suaeda tampicensis,3083532,100,EXACT
Sambucus racemosa pubens,8250865,Sambucus racemosa pubens,<i>Sambucus</i> <i>racemosa</i> subsp. <i>pubens</i> (Michx.) Hultén,SUBSPECIES,Viburnaceae,4924416,Sambucus,2888721,Sambucus racemosa,2888723,85,EXACT
Fragaria × ananassa,3029912,Fragaria ananassa,<i>Fragaria</i> × <i>ananassa</i> (Weston) Rozier,SPECIES,Rosaceae,5015,Fragaria,3029779,Fragaria ananassa,3029912,99,EXACT
Physalis lanceolata,5341790,Physalis lanceolata,<i>Physalis</i> <i>lanceolata</i> Michx.,SPECIES,Solanaceae,7717,Physalis,2928907,Physalis lanceolata,5341790,99,EXACT
Viola purpurea dimorpha,5664375,Viola purpurea dimorpha,<i>Viola</i> <i>purpurea</i> subsp. <i>dimorpha</i> M.S.Baker & Clausen,SUBSPECIES,Violaceae,6631,Viola,2874237,Viola purpurea,5331324,85,EXACT
Rubus missouricus,2992597,Rubus missouricus,<i>Rubus</i> <i>missouricus</i> L.H.Bailey,SPECIES,Rosaceae,5015,Rubus,2988638,Rubus missouricus,2992597,100,EXACT
Crataegus pyracanthifolia,3014143,Crataegus pyracanthifolia,<i>Crataegus</i> <i>pyracanthifolia</i> G.Don,SPECIES,Rosaceae,5015,Crataegus,3013395,Crataegus pyracanthifolia,3014143,97,EXACT
Picea rubens,5284717,Picea rubens,<i>Picea</i> <i>rubens</i> Sarg.,SPECIES,Pinaceae,3925,Picea,7606064,Picea rubens,5284717,100,EXACT
Chamaenerion latifolium,3188786,Chamaenerion latifolium,<i>Chamaenerion</i> <i>latifolium</i> (L.) Sweet,SPECIES,Onagraceae,2430,Chamaenerion,8406741,Chamaenerion latifolium,3188786,99,EXACT
Persicaria arifolia,4036886,Persicaria arifolia,<i>Persicaria</i> <i>arifolia</i> (L.) Haraldson,SPECIES,Polygonaceae,2416,Persicaria,6390748,Persicaria arifolia,4036886,100,EXACT
Rhus × pulvinata,3190551,Rhus pulvinata,<i>Rhus</i> × <i>pulvinata</i> Greene,SPECIES,Anacardiaceae,2398,Rhus,3190534,Rhus pulvinata,3190551,100,EXACT
Pinus pungens,5285139,Pinus pungens,<i>Pinus</i> <i>pungens</i> Lamb.,SPECIES,Pinaceae,3925,Pinus,2684241,Pinus pungens,5285139,99,EXACT
Lilium pardalinum pardalinum,7227532,Lilium pardalinum pardalinum,<i>Lilium</i> <i>pardalinum</i> subsp. <i>pardalinum</i>,SUBSPECIES,Liliaceae,7699,Lilium,2752977,Lilium pardalinum,2753192,88,EXACT
Lilium pardalinum shastense,2753203,Lilium pardalinum shastense,<i>Lilium</i> <i>pardalinum</i> subsp. <i>shastense</i> (Eastw.) M.W.Skinner,SUBSPECIES,Liliaceae,7699,Lilium,2752977,Lilium pardalinum,2753192,88,EXACT
Cirsium ochrocentrum martinii,4220369,Cirsium ochrocentrum martinii,<i>Cirsium</i> <i>ochrocentrum</i> var. <i>martinii</i> (Barlow-Irick) D.J.Keil,VARIETY,Asteraceae,3065,Cirsium,3112554,Cirsium ochrocentrum,3112785,85,EXACT
Viola hallii,5331348,Viola hallii,<i>Viola</i> <i>hallii</i> A.Gray,SPECIES,Violaceae,6631,Viola,2874237,Viola hallii,5331348,100,EXACT
Yucca baccata brevifolia,2775790,Yucca baccata brevifolia,<i>Yucca</i> <i>baccata</i> var. <i>brevifolia</i> L.D.Benson & Darrow,VARIETY,Asparagaceae,7683,Yucca,2775496,Yucca baccata,2775788,88,EXACT
Rudbeckia laciniata humilis,4254924,Rudbeckia laciniata humilis,<i>Rudbeckia</i> <i>laciniata</i> var. <i>humilis</i> A.Gray,VARIETY,Asteraceae,3065,Rudbeckia,3114220,Rudbeckia laciniata,3114229,88,EXACT
Crataegus persimilis,3015457,Crataegus persimilis,<i>Crataegus</i> <i>persimilis</i> Sarg.,SPECIES,Rosaceae,5015,Crataegus,3013395,Crataegus persimilis,3015457,100,EXACT
Quercus × ashei,2879836,Quercus ashei,<i>Quercus</i> × <i>ashei</i> Trel.,SPECIES,Fagaceae,4689,Quercus,2877951,Quercus ashei,2879836,99,EXACT
Tradescantia occidentalis melanthera,2765333,Tradescantia occidentalis melanthera,<i>Tradescantia</i> <i>occidentalis</i> var. <i>melanthera</i> MacRoberts,VARIETY,Commelinaceae,2763195,Tradescantia,2765096,Tradescantia occidentalis,2765322,88,EXACT
Claytonia tuberosa,3084755,Claytonia tuberosa,<i>Claytonia</i> <i>tuberosa</i> Pall. ex Willd.,SPECIES,Montiaceae,4898338,Claytonia,3084729,Claytonia tuberosa,3084755,99,EXACT
Allium crenulatum,2857353,Allium crenulatum,<i>Allium</i> <i>crenulatum</i> Wiegand,SPECIES,Amaryllidaceae,7682,Allium,9624496,Allium crenulatum,2857353,100,EXACT
Pinus monticola,5285621,Pinus monticola,<i>Pinus</i> <i>monticola</i> Douglas ex D.Don,SPECIES,Pinaceae,3925,Pinus,2684241,Pinus monticola,5285621,99,EXACT
Quercus douglasii,2878266,Quercus douglasii,<i>Quercus</i> <i>douglasii</i> Hook. & Arn.,SPECIES,Fagaceae,4689,Quercus,2877951,Quercus douglasii,2878266,100,EXACT
Claytonia exigua exigua,7219452,Claytonia exigua exigua,<i>Claytonia</i> <i>exigua</i> subsp. <i>exigua</i>,SUBSPECIES,Montiaceae,4898338,Claytonia,3084729,Claytonia exigua,3084730,88,EXACT
Allium geyeri,2857196,Allium geyeri,<i>Allium</i> <i>geyeri</i> S.Watson,SPECIES,Amaryllidaceae,7682,Allium,9624496,Allium geyeri,2857196,100,EXACT
Ceanothus otayensis,10131607,Ceanothus otayensis,<i>Ceanothus</i> × <i>otayensis</i> Mc Minn,SPECIES,Rhamnaceae,2407,Ceanothus,3039297,Ceanothus otayensis,10131607,99,EXACT
Clinopodium glabellum,2926917,Clinopodium glabellum,<i>Clinopodium</i> <i>glabellum</i> (Michx.) Kuntze,SPECIES,Lamiaceae,2497,Clinopodium,2926907,Clinopodium glabellum,2926917,100,EXACT
Allium schoenoprasum sibiricum,2855897,Allium schoenoprasum sibiricum,<i>Allium</i> <i>schoenoprasum</i> var. <i>sibiricum</i> (L.) Hartm.,VARIETY,Amaryllidaceae,7682,Allium,9624496,Allium schoenoprasum,2855860,84,EXACT
Allium perdulce perdulce,7227636,Allium perdulce perdulce,<i>Allium</i> <i>perdulce</i> var. <i>perdulce</i>,VARIETY,Amaryllidaceae,7682,Allium,9624496,Allium perdulce,2856317,88,EXACT
Allium geyeri tenerum,2857202,Allium geyeri tenerum,<i>Allium</i> <i>geyeri</i> var. <i>tenerum</i> M.E.Jones,VARIETY,Amaryllidaceae,7682,Allium,9624496,Allium geyeri,2857196,85,EXACT
Monarda media,5341410,Monarda media,<i>Monarda</i> <i>media</i> Willd.,SPECIES,Lamiaceae,2497,Monarda,2926838,Monarda media,5341410,100,EXACT
Ceanothus × lobbianus,8932018,Ceanothus lobbianus,<i>Ceanothus</i> × <i>lobbianus</i> Hook.,SPECIES,Rhamnaceae,2407,Ceanothus,3039297,Ceanothus lobbianus,8932018,100,EXACT
Ceanothus × serrulatus,10156140,Ceanothus serrulatus,<i>Ceanothus</i> × <i>serrulatus</i> Mc Minn,SPECIES,Rhamnaceae,2407,Ceanothus,3039297,Ceanothus serrulatus,10156140,99,EXACT
Rumex kerneri,2889005,Rumex kerneri,<i>Rumex</i> <i>kerneri</i> Borbás,SPECIES,Polygonaceae,2416,Rumex,2888942,Rumex kerneri,2889005,99,EXACT
Ceanothus × humboldtensis,3039349,Ceanothus humboldtensis,<i>Ceanothus</i> × <i>humboldtensis</i> Roof,SPECIES,Rhamnaceae,2407,Ceanothus,3039297,Ceanothus humboldtensis,3039349,100,EXACT
Nuphar polysepala,6434926,Nuphar polysepala,<i>Nuphar</i> <i>polysepala</i> Engelm.,SPECIES,Nymphaeaceae,2423,Nuphar,2882408,Nuphar polysepala,6434926,100,EXACT
Lilium canadense,2753239,Lilium canadense,<i>Lilium</i> <i>canadense</i> L.,SPECIES,Liliaceae,7699,Lilium,2752977,Lilium canadense,2753239,99,EXACT
Ribes cynosbati,2986152,Ribes cynosbati,<i>Ribes</i> <i>cynosbati</i> L.,SPECIES,Grossulariaceae,2403,Ribes,2986095,Ribes cynosbati,2986152,100,EXACT
Rumex hymenosepalus,2889015,Rumex hymenosepalus,<i>Rumex</i> <i>hymenosepalus</i> Torr.,SPECIES,Polygonaceae,2416,Rumex,2888942,Rumex hymenosepalus,2889015,100,EXACT
Physalis virginiana,5341786,Physalis virginiana,<i>Physalis</i> <i>virginiana</i> Mill.,SPECIES,Solanaceae,7717,Physalis,2928907,Physalis virginiana,5341786,100,EXACT
Rhus trilobata trilobata,8330813,Rhus trilobata trilobata,<i>Rhus</i> <i>trilobata</i> var. <i>trilobata</i>,VARIETY,Anacardiaceae,2398,Rhus,3190534,Rhus trilobata,3190562,88,EXACT
Rumex mexicanus,6391868,Rumex mexicanus,<i>Rumex</i> <i>mexicanus</i> Meisn.,SPECIES,Polygonaceae,2416,Rumex,2888942,Rumex triangulivalvis,6391377,100,EXACT
Viola emarginata,6397173,Viola emarginata,<i>Viola</i> <i>emarginata</i> (Nutt.) Leconte,SPECIES,Violaceae,6631,Viola,2874237,Viola emarginata,6397173,100,EXACT
Ceanothus fresnensis,3039315,Ceanothus fresnensis,<i>Ceanothus</i> <i>fresnensis</i> Dudley ex Abrams,SPECIES,Rhamnaceae,2407,Ceanothus,3039297,Ceanothus fresnensis,3039315,99,EXACT
Rubus niveus,2989183,Rubus niveus,<i>Rubus</i> <i>niveus</i> Thunb.,SPECIES,Rosaceae,5015,Rubus,2988638,Rubus niveus,2989183,99,EXACT
Tilia americana americana,7226552,Tilia americana americana,<i>Tilia</i> <i>americana</i> var. <i>americana</i>,VARIETY,Malvaceae,6685,Tilia,3152041,Tilia americana,3152042,88,EXACT
Vitis rotundifolia pygmaea,5659021,Vitis rotundifolia pygmaea,<i>Vitis</i> <i>rotundifolia</i> var. <i>pygmaea</i> Mc Farlin ex D.B.Ward,VARIETY,Vitaceae,6672,Vitis,7467468,Vitis rotundifolia,5372394,85,EXACT
Claytonia peirsonii peirsonii,9600356,Claytonia peirsonii peirsonii,<i>Claytonia</i> <i>peirsonii</i> subsp. <i>peirsonii</i>,SUBSPECIES,Montiaceae,4898338,Claytonia,3084729,Claytonia peirsonii,9479365,88,EXACT
Amelanchier cusickii,3023999,Amelanchier cusickii,<i>Amelanchier</i> <i>cusickii</i> Fernald,SPECIES,Rosaceae,5015,Amelanchier,3023817,Amelanchier alnifolia,8168485,100,EXACT
Liatris punctata nebraskana,4243103,Liatris punctata nebraskana,<i>Liatris</i> <i>punctata</i> var. <i>nebraskana</i> Gaiser,VARIETY,Asteraceae,3065,Liatris,3104263,Liatris punctata,3104349,88,EXACT
Vitis riparia,5372385,Vitis riparia,<i>Vitis</i> <i>riparia</i> Michx.,SPECIES,Vitaceae,6672,Vitis,7467468,Vitis riparia,5372385,99,EXACT
Pinus albicaulis,5285183,Pinus albicaulis,<i>Pinus</i> <i>albicaulis</i> Engelm.,SPECIES,Pinaceae,3925,Pinus,2684241,Pinus albicaulis,5285183,100,EXACT
Trillium maculatum,2742330,Trillium maculatum,<i>Trillium</i> <i>maculatum</i> Raf.,SPECIES,Melanthiaceae,7700,Trillium,2742182,Trillium maculatum,2742330,100,EXACT
Quercus acutissima,2877959,Quercus acutissima,<i>Quercus</i> <i>acutissima</i> Carruth.,SPECIES,Fagaceae,4689,Quercus,2877951,Quercus acutissima,2877959,100,EXACT
Allium atrorubens,2855926,Allium atrorubens,<i>Allium</i> <i>atrorubens</i> S.Watson,SPECIES,Amaryllidaceae,7682,Allium,9624496,Allium atrorubens,2855926,100,EXACT
Hibiscus lasiocarpos occidentalis,3936075,Hibiscus lasiocarpos occidentalis,<i>Hibiscus</i> <i>lasiocarpos</i> var. <i>occidentalis</i> A.Gray,VARIETY,Malvaceae,6685,Hibiscus,3152542,Hibiscus moscheutos,3152596,88,EXACT
Ceanothus jepsonii jepsonii,7095697,Ceanothus jepsonii jepsonii,<i>Ceanothus</i> <i>jepsonii</i> var. <i>jepsonii</i>,VARIETY,Rhamnaceae,2407,Ceanothus,3039297,Ceanothus jepsonii,3039365,85,EXACT
Claytonia sibirica sibirica,6388101,Claytonia sibirica sibirica,<i>Claytonia</i> <i>sibirica</i> var. <i>sibirica</i>,VARIETY,Montiaceae,4898338,Claytonia,3084729,Claytonia sibirica,3084742,88,EXACT
Primula austrofrigida,5640793,Primula austrofrigida,<i>Primula</i> <i>austrofrigida</i> (K.L.Chambers) A.R.Mast & Reveal,SPECIES,Primulaceae,6674,Dodecatheon,7597718,Dodecatheon austrofrigidum,3169258,100,EXACT
Cakile edentula edentula,6392356,Cakile edentula edentula,<i>Cakile</i> <i>edentula</i> var. <i>edentula</i>,VARIETY,Brassicaceae,3112,Cakile,3048827,Cakile edentula,3048882,85,EXACT
Pinus brutia,5285710,Pinus brutia,<i>Pinus</i> <i>brutia</i> Ten.,SPECIES,Pinaceae,3925,Pinus,2684241,Pinus brutia,5285710,100,EXACT
Crataegus submollis,3015560,Crataegus submollis,<i>Crataegus</i> <i>submollis</i> Sarg.,SPECIES,Rosaceae,5015,Crataegus,3013395,Crataegus submollis,3015560,100,EXACT
Ribes indecorum,2986122,Ribes indecorum,<i>Ribes</i> <i>indecorum</i> Eastw.,SPECIES,Grossulariaceae,2403,Ribes,2986095,Ribes indecorum,2986122,100,EXACT
Vaccinium erythrocarpum,2882844,Vaccinium erythrocarpum,<i>Vaccinium</i> <i>erythrocarpum</i> Michx.,SPECIES,Ericaceae,2505,Vaccinium,2882813,Vaccinium erythrocarpum,2882844,100,EXACT
Quercus sinuata breviloba,2879489,Quercus sinuata breviloba,<i>Quercus</i> <i>sinuata</i> var. <i>breviloba</i> (Torr.) C.H.Mull.,VARIETY,Fagaceae,4689,Quercus,2877951,Quercus sinuata,2879488,85,EXACT
Rumex maritimus,2888980,Rumex maritimus,<i>Rumex</i> <i>maritimus</i> L.,SPECIES,Polygonaceae,2416,Rumex,2888942,Rumex maritimus,2888980,99,EXACT
Pinus torreyana torreyana,7230687,Pinus torreyana torreyana,<i>Pinus</i> <i>torreyana</i> subsp. <i>torreyana</i>,SUBSPECIES,Pinaceae,3925,Pinus,2684241,Pinus torreyana,5285764,85,EXACT
Allium geyeri chatterleyi,2857197,Allium geyeri chatterleyi,<i>Allium</i> <i>geyeri</i> var. <i>chatterleyi</i> S.L.Welsh,VARIETY,Amaryllidaceae,7682,Allium,9624496,Allium geyeri,2857196,88,EXACT
Viola purpurea mohavensis,5664271,Viola purpurea mohavensis,<i>Viola</i> <i>purpurea</i> var. <i>mohavensis</i> (Baker & Clausen) J.T.Howell,VARIETY,Violaceae,6631,Viola,2874237,Viola aurea,5331393,84,EXACT
Viola × brauniae,5331313,Viola brauniae,<i>Viola</i> × <i>brauniae</i> Grover ex Cooperr.,SPECIES,Violaceae,6631,Viola,2874237,Viola brauniae,5331313,99,EXACT
Quercus parvula parvula,7226616,Quercus parvula parvula,<i>Quercus</i> <i>parvula</i> var. <i>parvula</i>,VARIETY,Fagaceae,4689,Quercus,2877951,Quercus parvula,2878124,88,EXACT
Limnia,3234805,Limnia,<i>Limnia</i> Haw.,GENUS,Montiaceae,4898338,Claytonia,3084729,,,96,HIGHERRANK
Cirsium vulgare litorale,4218196,Cirsium vulgare litorale,<i>Cirsium</i> <i>vulgare</i> var. <i>litorale</i> P.D.Sell,VARIETY,Asteraceae,3065,Cirsium,3112554,Cirsium vulgare,3112801,88,EXACT
Viola nuttallii,5331211,Viola nuttallii,<i>Viola</i> <i>nuttallii</i> Pursh,SPECIES,Violaceae,6631,Viola,2874237,Viola nuttallii,5331211,99,EXACT
Pinus nigra,5284809,Pinus nigra,<i>Pinus</i> <i>nigra</i> J.F.Arnold,SPECIES,Pinaceae,3925,Pinus,2684241,Pinus nigra,5284809,99,EXACT
Carya carolinae-septentrionalis,3054328,Carya carolinae-septentrionalis,<i>Carya</i> <i>carolinae-septentrionalis</i> (Ashe) Engl. & Graebn.,SPECIES,Juglandaceae,2499,Carya,3054287,Carya carolinae-septentrionalis,3054328,99,EXACT
Rumex chrysocarpos,4035452,Rumex chrysocarpos,<i>Rumex</i> <i>chrysocarpos</i> Moris,SPECIES,Polygonaceae,2416,Rumex,2888942,Rumex chrysocarpos,4035452,100,EXACT
Rhus michauxii,3190550,Rhus michauxii,<i>Rhus</i> <i>michauxii</i> Sarg.,SPECIES,Anacardiaceae,2398,Rhus,3190534,Rhus michauxii,3190550,100,EXACT
Oxalis tetraphylla,7560711,Oxalis tetraphylla,<i>Oxalis</i> <i>tetraphylla</i> Cav.,SPECIES,Oxalidaceae,6697,Oxalis,2891642,Oxalis tetraphylla,7560711,99,EXACT
Allium sanbornii,2856940,Allium sanbornii,<i>Allium</i> <i>sanbornii</i> Alph.Wood,SPECIES,Amaryllidaceae,7682,Allium,9624496,Allium sanbornii,2856940,100,EXACT
Allium vineale vineale,4270235,Allium vineale vineale,<i>Allium</i> <i>vineale</i> subsp. <i>vineale</i>,SUBSPECIES,Amaryllidaceae,7682,Allium,9624496,Allium vineale,7792960,88,EXACT
Crataegus pruinosa dissona,8108263,Crataegus pruinosa dissona,<i>Crataegus</i> <i>pruinosa</i> var. <i>dissona</i> (Sarg.) J.B.Phipps,VARIETY,Rosaceae,5015,Crataegus,3013395,Crataegus pruinosa,7790552,85,EXACT
Rubus fruticosus,8436459,Rubus fruticosus,<i>Rubus</i> <i>fruticosus</i> L.,SPECIES,Rosaceae,5015,Rubus,2988638,Rubus fruticosus,8436459,99,EXACT
Vitis vinifera sylvestris,5832702,Vitis vinifera sylvestris,<i>Vitis</i> <i>vinifera</i> subsp. <i>sylvestris</i> (Willd.) Hegi,SUBSPECIES,Vitaceae,6672,Vitis,7467468,Vitis gmelinii,9484186,84,EXACT
Malus halliana,3001220,Malus halliana,<i>Malus</i> <i>halliana</i> Koehne,SPECIES,Rosaceae,5015,Malus,3001068,Malus halliana,3001220,100,EXACT
Sanicula odorata,3034839,Sanicula odorata,<i>Sanicula</i> <i>odorata</i> (Raf.) Pryer & Phillippe,SPECIES,Apiaceae,6720,Sanicula,3034831,Sanicula odorata,3034839,100,EXACT
Phlox divaricata divaricata,7096549,Phlox divaricata divaricata,<i>Phlox</i> <i>divaricata</i> subsp. <i>divaricata</i>,SUBSPECIES,Polemoniaceae,6648,Phlox,2927698,Phlox divaricata,2927730,85,EXACT
Allium neapolitanum,2856348,Allium neapolitanum,<i>Allium</i> <i>neapolitanum</i> Cirillo,SPECIES,Amaryllidaceae,7682,Allium,9624496,Allium neapolitanum,2856348,99,EXACT
Rhus lanceolata,3190559,Rhus lanceolata,<i>Rhus</i> <i>lanceolata</i> (A.Gray) Britton,SPECIES,Anacardiaceae,2398,Rhus,3190534,Rhus lanceolata,3190559,99,EXACT
Trillium ovatum maculosum,2742420,Trillium ovatum maculosum,<i>Trillium</i> <i>ovatum</i> f. <i>maculosum</i> Case & R.B.Case,FORM,Melanthiaceae,7700,Trillium,2742182,Trillium ovatum,2742413,88,EXACT
Acer negundo interior,3768607,Acer negundo interior,<i>Acer</i> <i>negundo</i> var. <i>interior</i> (Britton) Sarg.,VARIETY,Sapindaceae,6657,Acer,3189834,Acer negundo,3189866,85,EXACT
Cirsium douglasii,3113757,Cirsium douglasii,<i>Cirsium</i> <i>douglasii</i> DC.,SPECIES,Asteraceae,3065,Cirsium,3112554,Cirsium douglasii,3113757,100,EXACT
Tilia americana neglecta,4260153,Tilia americana neglecta,<i>Tilia</i> <i>americana</i> var. <i>neglecta</i> (Spach) Fosberg,VARIETY,Malvaceae,6685,Tilia,3152041,Tilia americana,3152042,88,EXACT
Hemerocallis fulva aurantiaca,2781097,Hemerocallis fulva aurantiaca,<i>Hemerocallis</i> <i>fulva</i> var. <i>aurantiaca</i> (Baker) M.Hotta,VARIETY,Asphodelaceae,4259209,Hemerocallis,9557223,Hemerocallis fulva,2781074,85,EXACT
Sideroxylon lanuginosum oblongifolium,2887090,Sideroxylon lanuginosum oblongifolium,<i>Sideroxylon</i> <i>lanuginosum</i> subsp. <i>oblongifolium</i> (Nutt.) T.D.Penn.,SUBSPECIES,Sapotaceae,8802,Sideroxylon,2886817,Sideroxylon lanuginosum,2887069,85,EXACT
Rumex paucifolius gracilescens,4037430,Rumex paucifolius gracilescens,<i>Rumex</i> <i>paucifolius</i> var. <i>gracilescens</i> Rech.fil.,VARIETY,Polygonaceae,2416,Rumex,2888942,Rumex paucifolius,2889007,84,EXACT
Ceanothus prostratus occidentalis,3039369,Ceanothus prostratus occidentalis,<i>Ceanothus</i> <i>prostratus</i> var. <i>occidentalis</i> McMinn,VARIETY,Rhamnaceae,2407,Ceanothus,3039297,Ceanothus divergens,3039345,84,EXACT
Viola pratincola,5331287,Viola pratincola,<i>Viola</i> <i>pratincola</i> Greene,SPECIES,Violaceae,6631,Viola,2874237,Viola pratincola,5331287,100,EXACT
Rubus parviflorus,7872219,Rubus parviflorus,<i>Rubus</i> <i>parviflorus</i> Kük.,SPECIES,Rosaceae,5015,Rubus,2988638,Rubus parviflorus,7872219,99,EXACT
Viola lanceolata,5331183,Viola lanceolata,<i>Viola</i> <i>lanceolata</i> L.,SPECIES,Violaceae,6631,Viola,2874237,Viola lanceolata,5331183,99,EXACT
Corylus avellana,2875979,Corylus avellana,<i>Corylus</i> <i>avellana</i> L.,SPECIES,Betulaceae,4688,Corylus,2875967,Corylus avellana,2875979,99,EXACT
Viola fimbriatula,6397021,Viola fimbriatula,<i>Viola</i> <i>fimbriatula</i> Sm.,SPECIES,Violaceae,6631,Viola,2874237,Viola fimbriatula,6397021,100,EXACT
Tradescantia pinetorum,2765100,Tradescantia pinetorum,<i>Tradescantia</i> <i>pinetorum</i> Greene,SPECIES,Commelinaceae,2763195,Tradescantia,2765096,Tradescantia pinetorum,2765100,100,EXACT
Ceanothus thyrsiflorus griseus,8333166,Ceanothus thyrsiflorus griseus,<i>Ceanothus</i> <i>thyrsiflorus</i> var. <i>griseus</i> Trel.,VARIETY,Rhamnaceae,2407,Ceanothus,3039297,Ceanothus griseus,10331743,88,EXACT
Fragaria vesca bracteata,6369288,Fragaria vesca bracteata,<i>Fragaria</i> <i>vesca</i> subsp. <i>bracteata</i> (A.Heller) Staudt,SUBSPECIES,Rosaceae,5015,Fragaria,3029779,Fragaria vesca,3029817,85,EXACT
Ceanothus diversifolius,3039299,Ceanothus diversifolius,<i>Ceanothus</i> <i>diversifolius</i> Kellogg,SPECIES,Rhamnaceae,2407,Ceanothus,3039297,Ceanothus diversifolius,3039299,100,EXACT
Claytonia palustris,3084769,Claytonia palustris,<i>Claytonia</i> <i>palustris</i> Swanson & Kelley,SPECIES,Montiaceae,4898338,Claytonia,3084729,Claytonia palustris,3084769,100,EXACT
Viola umbraticola,5331292,Viola umbraticola,<i>Viola</i> <i>umbraticola</i> Kunth,SPECIES,Violaceae,6631,Viola,2874237,Viola umbraticola,5331292,100,EXACT
Rubus apogaeus,2992148,Rubus apogaeus,<i>Rubus</i> <i>apogaeus</i> L.H.Bailey,SPECIES,Rosaceae,5015,Rubus,2988638,Rubus apogaeus,2992148,100,EXACT
Brassica rapa nipposinica,3042682,Brassica rapa nipposinica,<i>Brassica</i> <i>rapa</i> subsp. <i>nipposinica</i> (L.H.Bailey) Hanelt,SUBSPECIES,Brassicaceae,3112,Brassica,3042506,Brassica rapa,7903057,84,EXACT
Quercus lobata,2878373,Quercus lobata,<i>Quercus</i> <i>lobata</i> Née,SPECIES,Fagaceae,4689,Quercus,2877951,Quercus lobata,2878373,100,EXACT
Ribes californicum,2986175,Ribes californicum,<i>Ribes</i> <i>californicum</i> Hook. & Arn.,SPECIES,Grossulariaceae,2403,Ribes,2986095,Ribes californicum,2986175,100,EXACT
Viburnum rafinesqueanum,4925723,Viburnum rafinesqueanum,<i>Viburnum</i> <i>rafinesqueanum</i> Schult.,SPECIES,Viburnaceae,4924416,Viburnum,2888580,Viburnum rafinesqueanum,4925723,100,EXACT
Clinopodium dentatum,2926939,Clinopodium dentatum,<i>Clinopodium</i> <i>dentatum</i> (Chapm.) Kuntze,SPECIES,Lamiaceae,2497,Clinopodium,2926907,Clinopodium dentatum,2926939,100,EXACT
Tradescantia subaspera,2765298,Tradescantia subaspera,<i>Tradescantia</i> <i>subaspera</i> Ker Gawl.,SPECIES,Commelinaceae,2763195,Tradescantia,2765096,Tradescantia subaspera,2765298,99,EXACT
Oxalis triangularis,7156971,Oxalis triangularis,<i>Oxalis</i> <i>triangularis</i> A.St.-Hil.,SPECIES,Oxalidaceae,6697,Oxalis,2891642,Oxalis triangularis,7156971,100,EXACT
Lonicera caerulea cauriana,5598586,Lonicera caerulea cauriana,<i>Lonicera</i> <i>caerulea</i> var. <i>cauriana</i> (Fernald) Boivin,VARIETY,Caprifoliaceae,6710,Lonicera,2888645,Lonicera caerulea,5334269,88,EXACT
Fragaria virginiana virginiana,3029922,Fragaria virginiana virginiana,<i>Fragaria</i> <i>virginiana</i> subsp. <i>virginiana</i>,SUBSPECIES,Rosaceae,5015,Fragaria,3029779,Fragaria virginiana,7950792,88,EXACT
Sambucus racemosa racemosa,7222035,Sambucus racemosa racemosa,<i>Sambucus</i> <i>racemosa</i> subsp. <i>racemosa</i>,SUBSPECIES,Viburnaceae,4924416,Sambucus,2888721,Sambucus racemosa,2888723,85,EXACT
Sanicula trifoliata,3034848,Sanicula trifoliata,<i>Sanicula</i> <i>trifoliata</i> E.P.Bicknell,SPECIES,Apiaceae,6720,Sanicula,3034831,Sanicula trifoliata,3034848,100,EXACT
Trillium chloropetalum giganteum,2742378,Trillium chloropetalum giganteum,<i>Trillium</i> <i>chloropetalum</i> var. <i>giganteum</i> (Hook. & Arn.) Munz,VARIETY,Melanthiaceae,7700,Trillium,2742182,Trillium chloropetalum,2742377,85,EXACT
Viola bakeri,5331358,Viola bakeri,<i>Viola</i> <i>bakeri</i> Greene,SPECIES,Violaceae,6631,Viola,2874237,Viola bakeri,5331358,100,EXACT
Claytonia virginica hammondiae,4022053,Claytonia virginica hammondiae,"<i>Claytonia</i> <i>virginica</i> var. <i>hammondiae</i> (Kalmb.) Doyle, Lewis & D.B.Snyder",VARIETY,Montiaceae,4898338,Claytonia,3084729,Claytonia virginica,3084745,85,EXACT
Robinia hispida fertilis,5352224,Robinia hispida fertilis,<i>Robinia</i> <i>hispida</i> var. <i>fertilis</i> (Ashe) R.T.Clausen,VARIETY,Fabaceae,5386,Robinia,2952066,Robinia hispida,5352221,88,EXACT
Delostylis,2741681,Delostylis,<i>Delostylis</i> Raf.,GENUS,Melanthiaceae,7700,Trillium,2742182,,,96,HIGHERRANK
Rubus armeniacus,2996525,Rubus armeniacus,<i>Rubus</i> <i>armeniacus</i> Focke,SPECIES,Rosaceae,5015,Rubus,2988638,Rubus armeniacus,2996525,100,EXACT
Quercus minima,2879040,Quercus minima,<i>Quercus</i> <i>minima</i> (Sarg.) Small,SPECIES,Fagaceae,4689,Quercus,2877951,Quercus minima,2879040,100,EXACT
Viola minuscula,5663577,Viola minuscula,<i>Viola</i> <i>minuscula</i> Greene,SPECIES,Violaceae,6631,Viola,2874237,Viola minuscula,5663577,100,EXACT
Lilium washingtonianum purpurascens,2752996,Lilium washingtonianum purpurascens,<i>Lilium</i> <i>washingtonianum</i> subsp. <i>purpurascens</i> (Stearn) M.W.Skinner,SUBSPECIES,Liliaceae,7699,Lilium,2752977,Lilium washingtonianum,2752992,85,EXACT
Yucca madrensis,2775610,Yucca madrensis,<i>Yucca</i> <i>madrensis</i> Gentry,SPECIES,Asparagaceae,7683,Yucca,2775496,Yucca madrensis,2775610,100,EXACT
Viola purpurea quercetorum,5664257,Viola purpurea quercetorum,<i>Viola</i> <i>purpurea</i> var. <i>quercetorum</i> (M.S.Baker & J.C.Clausen) R.J.Little,VARIETY,Violaceae,6631,Viola,2874237,Viola quercetorum,5664124,84,EXACT
Torilis arvensis arvensis,4271349,Torilis arvensis arvensis,<i>Torilis</i> <i>arvensis</i> subsp. <i>arvensis</i>,SUBSPECIES,Apiaceae,6720,Torilis,3034818,Torilis arvensis,3034823,88,EXACT
Viola canadensis rugulosa,5664135,Viola canadensis rugulosa,<i>Viola</i> <i>canadensis</i> var. <i>rugulosa</i> (Greene) C.L.Hitchc.,VARIETY,Violaceae,6631,Viola,2874237,Viola rugulosa,5663386,88,EXACT
Quercus chrysolepis × palmeri,6,Plantae,<i>Plantae</i>,KINGDOM,,,,,,,99,HIGHERRANK
Pycnanthemum floridanum,2927344,Pycnanthemum floridanum,<i>Pycnanthemum</i> <i>floridanum</i> E.Grant & Epling,SPECIES,Lamiaceae,2497,Pycnanthemum,2927338,Pycnanthemum floridanum,2927344,100,EXACT
Corylus colurna,2875968,Corylus colurna,<i>Corylus</i> <i>colurna</i> L.,SPECIES,Betulaceae,4688,Corylus,2875967,Corylus colurna,2875968,100,EXACT
Lilium bulbiferum,2753079,Lilium bulbiferum,<i>Lilium</i> <i>bulbiferum</i> L.,SPECIES,Liliaceae,7699,Lilium,2752977,Lilium bulbiferum,2753079,99,EXACT
Vitis mustangensis,5372381,Vitis mustangensis,<i>Vitis</i> <i>mustangensis</i> Buckley,SPECIES,Vitaceae,6672,Vitis,7467468,Vitis mustangensis,5372381,100,EXACT
Neltuma glandulosa,2970789,Neltuma glandulosa,<i>Neltuma</i> <i>glandulosa</i> (Torr.) Britton & Rose,SPECIES,Fabaceae,5386,Prosopis,2970763,Prosopis glandulosa,5358457,100,EXACT
Persicaria glabra,6391450,Persicaria glabra,<i>Persicaria</i> <i>glabra</i> (Willd.) M.Gómez,SPECIES,Polygonaceae,2416,Persicaria,6390748,Persicaria glabra,6391450,99,EXACT
Arctostaphylos uva-ursi suborbiculata,2882586,Arctostaphylos uva-ursi suborbiculata,<i>Arctostaphylos</i> <i>uva-ursi</i> var. <i>suborbiculata</i> W.Knight,VARIETY,Ericaceae,2505,Arctostaphylos,2882486,Arctostaphylos uva-ursi,2882580,84,EXACT
Pycnanthemum californicum,2927343,Pycnanthemum californicum,<i>Pycnanthemum</i> <i>californicum</i> Torr. ex Durand,SPECIES,Lamiaceae,2497,Pycnanthemum,2927338,Pycnanthemum californicum,2927343,99,EXACT
Oxalis triangularis triangularis,7318173,Oxalis triangularis triangularis,<i>Oxalis</i> <i>triangularis</i> subsp. <i>triangularis</i>,SUBSPECIES,Oxalidaceae,6697,Oxalis,2891642,Oxalis triangularis,7156971,88,EXACT
Amelanchier interior,3024097,Amelanchier interior,<i>Amelanchier</i> <i>interior</i> Nielsen,SPECIES,Rosaceae,5015,Amelanchier,3023817,Amelanchier interior,3024097,100,EXACT
Rumex pseudonatronatus,7911993,Rumex pseudonatronatus,<i>Rumex</i> <i>pseudonatronatus</i> (Borbás) Borbás ex Murb.,SPECIES,Polygonaceae,2416,Rumex,2888942,Rumex pseudonatronatus,7911993,99,EXACT
Empetrum nigrum nigrum,6387990,Empetrum nigrum nigrum,<i>Empetrum</i> <i>nigrum</i> subsp. <i>nigrum</i>,SUBSPECIES,Ericaceae,2505,Empetrum,2888367,Empetrum nigrum,8925249,85,EXACT
Oxalis dillenii,2891677,Oxalis dillenii,<i>Oxalis</i> <i>dillenii</i> Jacq.,SPECIES,Oxalidaceae,6697,Oxalis,2891642,Oxalis dillenii,2891677,100,EXACT
Pteridium aquilinum pubescens,7674768,Pteridium aquilinum pubescens,"<i>Pteridium</i> <i>aquilinum</i> subsp. <i>pubescens</i> (Underw.) J.A.Thomson, Mickel & Mehltr.",SUBSPECIES,Dennstaedtiaceae,6623,Pteridium,5275011,Pteridium aquilinum,5275012,85,EXACT
Cirsium edule,3112749,Cirsium edule,<i>Cirsium</i> <i>edule</i> Nutt.,SPECIES,Asteraceae,3065,Cirsium,3112554,Cirsium edule,3112749,100,EXACT
Primula jeffreyi,5640826,Primula jeffreyi,<i>Primula</i> <i>jeffreyi</i> (Van Houtte) A.R.Mast & Reveal,SPECIES,Primulaceae,6674,Dodecatheon,7597718,Dodecatheon jeffreyanum,4005760,100,EXACT
Lilium parryi,2753473,Lilium parryi,<i>Lilium</i> <i>parryi</i> S.Watson,SPECIES,Liliaceae,7699,Lilium,2752977,Lilium parryi,2753473,100,EXACT
Pinus reflexa,5285554,Pinus reflexa,<i>Pinus</i> <i>reflexa</i> (Engelm.) Engelm.,SPECIES,Pinaceae,3925,Pinus,2684241,Pinus flexilis,5285551,100,EXACT
Quercus garryana semota,2879272,Quercus garryana semota,<i>Quercus</i> <i>garryana</i> var. <i>semota</i> Jeps.,VARIETY,Fagaceae,4689,Quercus,2877951,Quercus garryana,2879260,85,EXACT
Yucca schottii,2775615,Yucca schottii,<i>Yucca</i> × <i>schottii</i> Engelm.,SPECIES,Asparagaceae,7683,Yucca,2775496,Yucca schottii,2775615,99,EXACT
Muscari azureum,2769622,Muscari azureum,<i>Muscari</i> <i>azureum</i> Fenzl,SPECIES,Asparagaceae,7683,Muscari,2772004,Muscari azureum,2769622,100,EXACT
Viola floridana,5331251,Viola floridana,<i>Viola</i> <i>floridana</i> Brainerd,SPECIES,Violaceae,6631,Viola,2874237,Viola floridana,5331251,100,EXACT
Torilis arvensis recta,3632991,Torilis arvensis recta,<i>Torilis</i> <i>arvensis</i> subsp. <i>recta</i> Jury,SUBSPECIES,Apiaceae,6720,Torilis,3034818,Torilis arvensis,3034823,88,EXACT
Claytonia arkansana,8104635,Claytonia arkansana,"<i>Claytonia</i> <i>arkansana</i> Yatsk., R.Evans & Witsell",SPECIES,Montiaceae,4898338,Claytonia,3084729,Claytonia arkansana,8104635,100,EXACT
Rubus canescens,2991626,Rubus canescens,<i>Rubus</i> <i>canescens</i> A.DC.,SPECIES,Rosaceae,5015,Rubus,2988638,Rubus canescens,2991626,100,EXACT
Tragopogon dubius,6443709,Tragopogon dubius,<i>Tragopogon</i> <i>dubius</i> Scop.,SPECIES,Asteraceae,3065,Tragopogon,3092408,Tragopogon dubius,6443709,99,EXACT
Tradescantia pallida,2765221,Tradescantia pallida,<i>Tradescantia</i> <i>pallida</i> (Rose) D.R.Hunt,SPECIES,Commelinaceae,2763195,Tradescantia,2765096,Tradescantia pallida,2765221,99,EXACT
Wisteria sinensis,8149049,Wisteria sinensis,<i>Wisteria</i> <i>sinensis</i> (Sims) DC.,SPECIES,Fabaceae,5386,Wisteria,2977309,Wisteria sinensis,8149049,99,EXACT
Physalis × elliottii,7957506,Physalis elliottii,<i>Physalis</i> × <i>elliottii</i> Kunze,SPECIES,Solanaceae,7717,Physalis,2928907,Physalis elliottii,7957506,99,EXACT
Vitis aestivalis aestivalis,6394171,Vitis aestivalis aestivalis,<i>Vitis</i> <i>aestivalis</i> var. <i>aestivalis</i>,VARIETY,Vitaceae,6672,Vitis,7467468,Vitis aestivalis,5372400,88,EXACT
Pinus × sondereggeri,8723099,Pinus sondereggeri,<i>Pinus</i> × <i>sondereggeri</i> H.H.Chapm. ex Sudw.,SPECIES,Pinaceae,3925,Pinus,2684241,Pinus sondereggeri,8723099,99,EXACT
Rorippa palustris palustris,7225576,Rorippa palustris palustris,<i>Rorippa</i> <i>palustris</i> subsp. <i>palustris</i>,SUBSPECIES,Brassicaceae,3112,Rorippa,3053118,Rorippa palustris,3053168,85,EXACT
Quercus × willdenowiana,2878500,Quercus willdenowiana,<i>Quercus</i> × <i>willdenowiana</i> (Dippel) Zabel,SPECIES,Fagaceae,4689,Quercus,2877951,Quercus willdenowiana,2878500,100,EXACT
Crataegus pexa,3014317,Crataegus pexa,<i>Crataegus</i> <i>pexa</i> Beadle,SPECIES,Rosaceae,5015,Crataegus,3013395,Crataegus munda,3015394,100,EXACT
Rumex persicarioides,2888984,Rumex persicarioides,<i>Rumex</i> <i>persicarioides</i> L.,SPECIES,Polygonaceae,2416,Rumex,2888942,Rumex persicarioides,2888984,99,EXACT
Mentha piperita piperita,6411645,Mentha piperita piperita,<i>Mentha</i> × <i>piperita</i> var. <i>piperita</i>,VARIETY,Lamiaceae,2497,Mentha,2927173,Mentha piperita,8707933,84,EXACT
Rubus ursinus ursinus,6369414,Rubus ursinus ursinus,<i>Rubus</i> <i>ursinus</i> subsp. <i>ursinus</i>,SUBSPECIES,Rosaceae,5015,Rubus,2988638,Rubus ursinus,2990646,84,EXACT
Ribes inerme,2986112,Ribes inerme,<i>Ribes</i> <i>inerme</i> Rydb.,SPECIES,Grossulariaceae,2403,Ribes,2986095,Ribes inerme,2986112,100,EXACT
Picea breweriana,5284955,Picea breweriana,<i>Picea</i> <i>breweriana</i> S.Watson,SPECIES,Pinaceae,3925,Picea,7606064,Picea breweriana,5284955,100,EXACT
Crataegus reverchonii,3013672,Crataegus reverchonii,<i>Crataegus</i> <i>reverchonii</i> Sarg.,SPECIES,Rosaceae,5015,Crataegus,3013395,Crataegus reverchonii,3013672,100,EXACT
Fragaria × ananassa cuneifolia,3030116,Fragaria ananassa cuneifolia,<i>Fragaria</i> × <i>ananassa</i> subsp. <i>cuneifolia</i> (Nutt. ex Howell) Staudt,SUBSPECIES,Rosaceae,5015,Fragaria,3029779,Fragaria ananassa,3029912,85,EXACT
Sorbus sitchensis sitchensis,3013175,Sorbus sitchensis sitchensis,<i>Sorbus</i> <i>sitchensis</i> var. <i>sitchensis</i>,VARIETY,Rosaceae,5015,Sorbus,3012146,Sorbus sitchensis,3012319,85,EXACT
Nothoscordum bivalve bivalve,7227593,Nothoscordum bivalve bivalve,<i>Nothoscordum</i> <i>bivalve</i> var. <i>bivalve</i>,VARIETY,Amaryllidaceae,7682,Nothoscordum,2771093,Nothoscordum bivalve,2855600,88,EXACT
Cirsium arizonicum bipinnatum,4224667,Cirsium arizonicum bipinnatum,<i>Cirsium</i> <i>arizonicum</i> var. <i>bipinnatum</i> (Eastw.) D.J.Keil,VARIETY,Asteraceae,3065,Cirsium,3112554,Cirsium pulchellum,8695770,88,EXACT
Alniaria alnifolia,10825869,Alniaria alnifolia,<i>Alniaria</i> <i>alnifolia</i> (Siebold & Zucc.) Rushforth,SPECIES,Rosaceae,5015,Sorbus,3012146,Sorbus alnifolia,3012762,100,EXACT
Viola pectinata,5663619,Viola pectinata,<i>Viola</i> <i>pectinata</i> E.P.Bicknell,SPECIES,Violaceae,6631,Viola,2874237,Viola pectinata,5663619,100,EXACT
Rubus hirtus,2989697,Rubus hirtus,<i>Rubus</i> <i>hirtus</i> Waldst. & Kit.,SPECIES,Rosaceae,5015,Rubus,2988638,Rubus hirtus,2989697,99,EXACT
Ceanothus oliganthus,3039398,Ceanothus oliganthus,<i>Ceanothus</i> <i>oliganthus</i> Nutt.,SPECIES,Rhamnaceae,2407,Ceanothus,3039297,Ceanothus oliganthus,3039398,100,EXACT
Pinus rigida,5285635,Pinus rigida,<i>Pinus</i> <i>rigida</i> Mill.,SPECIES,Pinaceae,3925,Pinus,2684241,Pinus rigida,5285635,99,EXACT
Ceanothus integerrimus,3039382,Ceanothus integerrimus,<i>Ceanothus</i> <i>integerrimus</i> Hook. & Arn.,SPECIES,Rhamnaceae,2407,Ceanothus,3039297,Ceanothus integerrimus,3039382,100,EXACT
Quercus incana,2878060,Quercus incana,<i>Quercus</i> <i>incana</i> W.Bartram,SPECIES,Fagaceae,4689,Quercus,2877951,Quercus incana,2878060,99,EXACT
Phlox divaricata laphamii,6394438,Phlox divaricata laphamii,<i>Phlox</i> <i>divaricata</i> subsp. <i>laphamii</i> (Alph.Wood) Wherry,SUBSPECIES,Polemoniaceae,6648,Phlox,2927698,Phlox divaricata,2927730,85,EXACT
Allium peninsulare franciscanum,2856393,Allium peninsulare franciscanum,<i>Allium</i> <i>peninsulare</i> var. <i>franciscanum</i> McNeal & Ownbey,VARIETY,Amaryllidaceae,7682,Allium,9624496,Allium peninsulare,2856390,88,EXACT
Tradescantia ernestiana,2765345,Tradescantia ernestiana,<i>Tradescantia</i> <i>ernestiana</i> E.S.Anderson & Woodson,SPECIES,Commelinaceae,2763195,Tradescantia,2765096,Tradescantia ernestiana,2765345,100,EXACT
Crataegus tracyi,7711906,Crataegus tracyi,<i>Crataegus</i> <i>tracyi</i> Ashe,SPECIES,Rosaceae,5015,Crataegus,3013395,Crataegus tracyi,7711906,99,EXACT
Ficaria verna bulbilifera,8113755,Ficaria verna bulbilifera,<i>Ficaria</i> <i>verna</i> subsp. <i>bulbilifera</i> Á.Löve & D.Löve,SUBSPECIES,Ranunculaceae,2410,Ficaria,3234342,Ficaria verna,9094061,88,EXACT
Ceanothus confusus,3039333,Ceanothus confusus,<i>Ceanothus</i> <i>confusus</i> Howell,SPECIES,Rhamnaceae,2407,Ceanothus,3039297,Ceanothus divergens,3039345,100,EXACT
Stellaria borealis,5384671,Stellaria borealis,<i>Stellaria</i> <i>borealis</i> Bigelow,SPECIES,Caryophyllaceae,2518,Stellaria,3085667,Stellaria borealis,5384671,99,EXACT
Cirsium griseum griseum,12227569,Cirsium griseum griseum,<i>Cirsium</i> <i>griseum</i> var. <i>griseum</i>,VARIETY,Asteraceae,3065,Cirsium,3112554,Cirsium griseum,3112941,88,EXACT
Myrica gale tomentosa,8392922,Myrica gale tomentosa,<i>Myrica</i> <i>gale</i> subsp. <i>tomentosa</i> (C.DC.) A.E.Murray,SUBSPECIES,Myricaceae,2432,Myrica,5938218,Myrica gale,5414202,85,EXACT
Cirsium quercetorum quercetorum,3113695,Cirsium quercetorum,<i>Cirsium</i> <i>quercetorum</i> (A.Gray) Jeps.,SPECIES,Asteraceae,3065,Cirsium,3112554,Cirsium quercetorum,3113695,100,HIGHERRANK
Vaccinium shastense shastense,7493272,Vaccinium shastense shastense,<i>Vaccinium</i> <i>shastense</i> subsp. <i>shastense</i>,SUBSPECIES,Ericaceae,2505,Vaccinium,2882813,Vaccinium shastense,7936270,88,EXACT
Vicia villosa varia,2974921,Vicia villosa varia,<i>Vicia</i> <i>villosa</i> subsp. <i>varia</i> (Host) Corb.,SUBSPECIES,Fabaceae,5386,Vicia,2974751,Vicia villosa,9182154,85,EXACT
Crataegus viridis,3014089,Crataegus viridis,<i>Crataegus</i> <i>viridis</i> L.,SPECIES,Rosaceae,5015,Crataegus,3013395,Crataegus viridis,3014089,99,EXACT
Rumex venosus,2888994,Rumex venosus,<i>Rumex</i> <i>venosus</i> Pursh,SPECIES,Polygonaceae,2416,Rumex,2888942,Rumex venosus,2888994,100,EXACT
Malus fusca,3001080,Malus fusca,<i>Malus</i> <i>fusca</i> (Raf.) C.K.Schneid.,SPECIES,Rosaceae,5015,Malus,3001068,Malus fusca,3001080,100,EXACT
Viola tricolor,5331347,Viola tricolor,<i>Viola</i> <i>tricolor</i> L.,SPECIES,Violaceae,6631,Viola,2874237,Viola tricolor,5331347,100,EXACT
Lilium kelloggii,2753460,Lilium kelloggii,<i>Lilium</i> <i>kelloggii</i> Purdy,SPECIES,Liliaceae,7699,Lilium,2752977,Lilium kelloggii,2753460,100,EXACT
Erythronium grandiflorum candidum,2752806,Erythronium grandiflorum candidum,<i>Erythronium</i> <i>grandiflorum</i> subsp. <i>candidum</i> Piper,SUBSPECIES,Liliaceae,7699,Erythronium,2740136,Erythronium idahoense,2752805,84,EXACT
Xanthium strumarium strumarium,6306086,Xanthium strumarium strumarium,<i>Xanthium</i> <i>strumarium</i> f. <i>strumarium</i>,FORM,Asteraceae,3065,Xanthium,3089139,Xanthium strumarium,3089154,84,EXACT
Ceanothus papillosus roweanus,3876398,Ceanothus papillosus roweanus,<i>Ceanothus</i> <i>papillosus</i> subsp. <i>roweanus</i> (Mc Minn) Munz,SUBSPECIES,Rhamnaceae,2407,Ceanothus,3039297,Ceanothus papillosus,3039343,85,EXACT
Crataegus pruinosa virella,3014010,Crataegus pruinosa virella,<i>Crataegus</i> <i>pruinosa</i> var. <i>virella</i> (Ashe) Kruschke,VARIETY,Rosaceae,5015,Crataegus,3013395,Crataegus pruinosa,7790552,88,EXACT
Nuphar orbiculata,3697288,Nuphar orbiculata,<i>Nuphar</i> <i>orbiculata</i> (Small) Standl.,SPECIES,Nymphaeaceae,2423,Nuphar,2882408,Nuphar advena,6434985,100,EXACT
Allium serra,2856672,Allium serra,<i>Allium</i> <i>serra</i> McNeal & Ownbey,SPECIES,Amaryllidaceae,7682,Allium,9624496,Allium serra,2856672,100,EXACT
Ceanothus pumilus,3039348,Ceanothus pumilus,<i>Ceanothus</i> <i>pumilus</i> Greene,SPECIES,Rhamnaceae,2407,Ceanothus,3039297,Ceanothus pumilus,3039348,100,EXACT
Cirsium scopulorum,4219253,Cirsium scopulorum,<i>Cirsium</i> <i>scopulorum</i> (Greene) Cockerell ex Daniels,SPECIES,Asteraceae,3065,Cirsium,3112554,Cirsium scopulorum,4219253,99,EXACT
Allium membranaceum,2856106,Allium membranaceum,<i>Allium</i> <i>membranaceum</i> Ownbey ex Traub,SPECIES,Amaryllidaceae,7682,Allium,9624496,Allium membranaceum,2856106,99,EXACT
Mentha × verticillata,8172952,Mentha verticillata,<i>Mentha</i> × <i>verticillata</i> L.,SPECIES,Lamiaceae,2497,Mentha,2927173,Mentha verticillata,8172952,99,EXACT
Vallisneria neotropicalis,2865502,Vallisneria neotropicalis,<i>Vallisneria</i> <i>neotropicalis</i> Vict.,SPECIES,Hydrocharitaceae,3721,Vallisneria,2865241,Vallisneria americana,2865501,100,EXACT
Cochlearia sessilifolia,5373248,Cochlearia sessilifolia,<i>Cochlearia</i> <i>sessilifolia</i> Rollins,SPECIES,Brassicaceae,3112,Cochlearia,3040481,Cochlearia sessilifolia,5373248,100,EXACT
Rumex skottsbergii,2889018,Rumex skottsbergii,<i>Rumex</i> <i>skottsbergii</i> O.Deg. & I.Deg.,SPECIES,Polygonaceae,2416,Rumex,2888942,Rumex skottsbergii,2889018,100,EXACT
Honckenya peploides major,3810213,Honckenya peploides major,<i>Honckenya</i> <i>peploides</i> subsp. <i>major</i> (Hook.) Hultén,SUBSPECIES,Caryophyllaceae,2518,Honckenya,3085775,Honckenya peploides,3085776,85,EXACT
Rumex paraguayensis,2888972,Rumex paraguayensis,<i>Rumex</i> <i>paraguayensis</i> D.Parodi,SPECIES,Polygonaceae,2416,Rumex,2888942,Rumex paraguayensis,2888972,100,EXACT
Crataegus erythropoda,3014749,Crataegus erythropoda,<i>Crataegus</i> <i>erythropoda</i> Ashe,SPECIES,Rosaceae,5015,Crataegus,3013395,Crataegus erythropoda,3014749,100,EXACT
Fragaria vesca californica,3029882,Fragaria vesca californica,<i>Fragaria</i> <i>vesca</i> subsp. <i>californica</i> (Cham. & Schltdl.) Staudt,SUBSPECIES,Rosaceae,5015,Fragaria,3029779,Fragaria vesca,3029817,88,EXACT
Amelanchier intermedia,3024070,Amelanchier intermedia,<i>Amelanchier</i> × <i>intermedia</i> Spach,SPECIES,Rosaceae,5015,Amelanchier,3023817,Amelanchier intermedia,3024070,99,EXACT
Vaccinium stamineum stamineum,7328012,Vaccinium stamineum stamineum,<i>Vaccinium</i> <i>stamineum</i> var. <i>stamineum</i>,VARIETY,Ericaceae,2505,Vaccinium,2882813,Vaccinium stamineum,2882913,88,EXACT
Crataegus straminea,3015595,Crataegus straminea,<i>Crataegus</i> <i>straminea</i> Beadle,SPECIES,Rosaceae,5015,Crataegus,3013395,Crataegus intricata,3014211,100,EXACT
Erythronium grandiflorum,2752872,Erythronium grandiflorum,<i>Erythronium</i> <i>grandiflorum</i> Pursh,SPECIES,Liliaceae,7699,Erythronium,2740136,Erythronium grandiflorum,2752872,99,EXACT
Lilium michiganense,2753323,Lilium michiganense,<i>Lilium</i> <i>michiganense</i> Farw.,SPECIES,Liliaceae,7699,Lilium,2752977,Lilium michiganense,2753323,100,EXACT
Allium praecox,2857005,Allium praecox,<i>Allium</i> <i>praecox</i> Brandegee,SPECIES,Amaryllidaceae,7682,Allium,9624496,Allium praecox,2857005,100,EXACT
Oxalis drummondii,2891752,Oxalis drummondii,<i>Oxalis</i> <i>drummondii</i> A.Gray,SPECIES,Oxalidaceae,6697,Oxalis,2891642,Oxalis drummondii,2891752,100,EXACT
Trillium pusillum ozarkanum,2742217,Trillium pusillum ozarkanum,<i>Trillium</i> <i>pusillum</i> var. <i>ozarkanum</i> (E.J.Palmer & Steyerm.) Steyerm.,VARIETY,Melanthiaceae,7700,Trillium,2742182,Trillium pusillum,2742209,88,EXACT
Ceanothus cuneatus cuneatus,7219564,Ceanothus cuneatus cuneatus,<i>Ceanothus</i> <i>cuneatus</i> var. <i>cuneatus</i>,VARIETY,Rhamnaceae,2407,Ceanothus,3039297,Ceanothus cuneatus,3039404,85,EXACT
Allium rhizomatum,2856991,Allium rhizomatum,<i>Allium</i> <i>rhizomatum</i> Wooton & Standl.,SPECIES,Amaryllidaceae,7682,Allium,9624496,Allium rhizomatum,2856991,100,EXACT
Lactuca graminifolia,3140577,Lactuca graminifolia,<i>Lactuca</i> <i>graminifolia</i> Michx.,SPECIES,Asteraceae,3065,Lactuca,3140231,Lactuca graminifolia,3140577,100,EXACT
Trillium ludovicianum,2742236,Trillium ludovicianum,<i>Trillium</i> <i>ludovicianum</i> Harb.,SPECIES,Melanthiaceae,7700,Trillium,2742182,Trillium ludovicianum,2742236,100,EXACT
Ceanothus tomentosus olivaceus,3039361,Ceanothus tomentosus olivaceus,<i>Ceanothus</i> <i>tomentosus</i> var. <i>olivaceus</i> Jeps.,VARIETY,Rhamnaceae,2407,Ceanothus,3039297,Ceanothus tomentosus,3039360,84,EXACT
Castanea pumila pumila,6371876,Castanea pumila pumila,<i>Castanea</i> <i>pumila</i> var. <i>pumila</i>,VARIETY,Fagaceae,4689,Castanea,2882140,Castanea pumila,5333212,88,EXACT
Pontederia cordata lancifolia,2766078,Pontederia cordata lancifolia,<i>Pontederia</i> <i>cordata</i> var. <i>lancifolia</i> (Muhl.) Morong,VARIETY,Pontederiaceae,3731,Pontederia,2740415,Pontederia cordata,2766030,84,EXACT
Carduus nutans leiophyllus,9448191,Carduus nutans leiophyllus,<i>Carduus</i> <i>nutans</i> subsp. <i>leiophyllus</i> (Petrovic) Arènes,SUBSPECIES,Asteraceae,3065,Carduus,3114511,Carduus nutans,8185959,85,EXACT
Allium carinatum carinatum,2855970,Allium carinatum carinatum,<i>Allium</i> <i>carinatum</i> subsp. <i>carinatum</i>,SUBSPECIES,Amaryllidaceae,7682,Allium,9624496,Allium carinatum,2855968,88,EXACT
Quercus × garlandensis,2879456,Quercus garlandensis,<i>Quercus</i> × <i>garlandensis</i> E.J.Palmer,SPECIES,Fagaceae,4689,Quercus,2877951,Quercus garlandensis,2879456,100,EXACT
Erythronium revolutum,2752833,Erythronium revolutum,<i>Erythronium</i> <i>revolutum</i> Sm.,SPECIES,Liliaceae,7699,Erythronium,2740136,Erythronium revolutum,2752833,99,EXACT
Viburnum carlesii,3857225,Viburnum carlesii,<i>Viburnum</i> <i>carlesii</i> Hemsl. ex Forbes & Hemsl.,SPECIES,Viburnaceae,4924416,Viburnum,2888580,Viburnum carlesii,3857225,100,EXACT
Cirsium peckii,4220094,Cirsium peckii,<i>Cirsium</i> <i>peckii</i> L.F.Hend.,SPECIES,Asteraceae,3065,Cirsium,3112554,Cirsium peckii,4220094,100,EXACT
Vicia ludoviciana ludoviciana,6449289,Vicia ludoviciana ludoviciana,<i>Vicia</i> <i>ludoviciana</i> var. <i>ludoviciana</i>,VARIETY,Fabaceae,5386,Vicia,2974751,Vicia ludoviciana,2975352,88,EXACT
Urtica dioica dioica,7221272,Urtica dioica dioica,<i>Urtica</i> <i>dioica</i> subsp. <i>dioica</i>,SUBSPECIES,Urticaceae,6639,Urtica,2984391,Urtica dioica,7960979,85,EXACT
Phacelia dubia interior,3612820,Phacelia dubia interior,<i>Phacelia</i> <i>dubia</i> var. <i>interior</i> Fernald,VARIETY,Hydrophyllaceae,2387,Phacelia,8988077,Phacelia dubia,2928259,88,EXACT
Berula erecta incisa,3034701,Berula erecta incisa,<i>Berula</i> <i>erecta</i> var. <i>incisa</i> (Torr.) Cronquist,VARIETY,Apiaceae,6720,Berula,7607352,Berula erecta,3034699,88,EXACT
Viola × dissita,5331312,Viola dissita,<i>Viola</i> × <i>dissita</i> House,SPECIES,Violaceae,6631,Viola,2874237,Viola dissita,5331312,100,EXACT
Viburnum dentatum dentatum,7222032,Viburnum dentatum dentatum,<i>Viburnum</i> <i>dentatum</i> var. <i>dentatum</i>,VARIETY,Viburnaceae,4924416,Viburnum,2888580,Viburnum dentatum,2888594,88,EXACT
Sideroxylon lanuginosum albicans,2887087,Sideroxylon lanuginosum albicans,<i>Sideroxylon</i> <i>lanuginosum</i> subsp. <i>albicans</i> (Sarg.) Kartesz & Gandhi,SUBSPECIES,Sapotaceae,8802,Sideroxylon,2886817,Sideroxylon lanuginosum,2887069,88,EXACT
Lilium philadelphicum immaculatum,2753225,Lilium philadelphicum immaculatum,<i>Lilium</i> <i>philadelphicum</i> f. <i>immaculatum</i> Raup,FORM,Liliaceae,7699,Lilium,2752977,Lilium philadelphicum,2753218,88,EXACT
Rhus trilobata anisophylla,3659825,Rhus trilobata anisophylla,<i>Rhus</i> <i>trilobata</i> var. <i>anisophylla</i> (Greene) Jeps.,VARIETY,Anacardiaceae,2398,Rhus,3190534,Rhus trilobata,3190562,88,EXACT
Quercus shumardii schneckii,2878290,Quercus shumardii schneckii,<i>Quercus</i> <i>shumardii</i> var. <i>schneckii</i> (Britton) Sarg.,VARIETY,Fagaceae,4689,Quercus,2877951,Quercus shumardii,2878289,88,EXACT
Viola ocellata,5331196,Viola ocellata,<i>Viola</i> <i>ocellata</i> Torr. & A.Gray,SPECIES,Violaceae,6631,Viola,2874237,Viola ocellata,5331196,100,EXACT
Ceanothus verrucosus,3039298,Ceanothus verrucosus,<i>Ceanothus</i> <i>verrucosus</i> Nutt.,SPECIES,Rhamnaceae,2407,Ceanothus,3039297,Ceanothus verrucosus,3039298,100,EXACT
Rumex britannica,6391465,Rumex britannica,<i>Rumex</i> <i>britannica</i> L.,SPECIES,Polygonaceae,2416,Rumex,2888942,Rumex britannica,6391465,99,EXACT
Trillium luteum,2742408,Trillium luteum,<i>Trillium</i> <i>luteum</i> (Muhl.) Harb.,SPECIES,Melanthiaceae,7700,Trillium,2742182,Trillium luteum,2742408,100,EXACT
Oxalis corniculata repens,6560049,Oxalis corniculata repens,<i>Oxalis</i> <i>corniculata</i> subsp. <i>repens</i> (Thunb.) Masam.,SUBSPECIES,Oxalidaceae,6697,Oxalis,2891642,Oxalis corniculata,8427624,84,EXACT
Comandra umbellata pallida,6361571,Comandra umbellata pallida,<i>Comandra</i> <i>umbellata</i> subsp. <i>pallida</i> (A.DC.) Piehl,SUBSPECIES,Comandraceae,4936000,Comandra,2889776,Comandra umbellata,2889777,85,EXACT
Primula clevelandii gracilis,5641753,Primula clevelandii gracilis,<i>Primula</i> <i>clevelandii</i> var. <i>gracilis</i> (Greene) A.R.Mast & Reveal,VARIETY,Primulaceae,6674,Dodecatheon,7597718,Dodecatheon clevelandii,3169271,88,EXACT
Rhus aromatica aromatica,7221285,Rhus aromatica aromatica,<i>Rhus</i> <i>aromatica</i> var. <i>aromatica</i>,VARIETY,Anacardiaceae,2398,Rhus,3190534,Rhus aromatica,3190558,85,EXACT
Phacelia dubia dubia,7226483,Phacelia dubia dubia,<i>Phacelia</i> <i>dubia</i> var. <i>dubia</i>,VARIETY,Hydrophyllaceae,2387,Phacelia,8988077,Phacelia dubia,2928259,88,EXACT
Rubus mollior,2992494,Rubus mollior,<i>Rubus</i> <i>mollior</i> L.H.Bailey,SPECIES,Rosaceae,5015,Rubus,2988638,Rubus mollior,2992494,99,EXACT
Ceanothus × bakeri,12175785,Ceanothus bakeri,<i>Ceanothus</i> × <i>bakeri</i> Greene ex Mc Minn,SPECIES,Rhamnaceae,2407,Ceanothus,3039297,Ceanothus bakeri,12175785,99,EXACT
Smilax smallii,5295481,Smilax smallii,<i>Smilax</i> <i>smallii</i> Morong,SPECIES,Smilacaceae,7702,Smilax,2740627,Smilax maritima,5295625,100,EXACT
Persicaria sagittata,6390897,Persicaria sagittata,<i>Persicaria</i> <i>sagittata</i> (L.) H.Gross,SPECIES,Polygonaceae,2416,Persicaria,6390748,Persicaria sagittata,6390897,99,EXACT
Smilax biltmoreana,5295218,Smilax biltmoreana,<i>Smilax</i> <i>biltmoreana</i> (Small) J.B.Norton ex Pennell,SPECIES,Smilacaceae,7702,Smilax,2740627,Smilax biltmoreana,5295218,99,EXACT
Viola subsinuata,5331382,Viola subsinuata,<i>Viola</i> <i>subsinuata</i> (Greene) Greene,SPECIES,Violaceae,6631,Viola,2874237,Viola subsinuata,5331382,100,EXACT
Allium canadense lavandulare,4925519,Allium canadense lavandulare,<i>Allium</i> <i>canadense</i> var. <i>lavandulare</i> (Bates) Ownbey & Aase,VARIETY,Amaryllidaceae,7682,Allium,9624496,Allium canadense,2855611,85,EXACT
Trillium grandiflorum grandiflorum,7309920,Trillium grandiflorum grandiflorum,<i>Trillium</i> <i>grandiflorum</i> var. <i>grandiflorum</i>,VARIETY,Melanthiaceae,7700,Trillium,2742182,Trillium grandiflorum,2742283,85,EXACT
Rubus michiganensis,2992998,Rubus michiganensis,<i>Rubus</i> <i>michiganensis</i> (Card) L.H.Bailey,SPECIES,Rosaceae,5015,Rubus,2988638,Rubus michiganensis,2992998,100,EXACT
Cirsium virginianum,7896485,Cirsium virginianum,<i>Cirsium</i> <i>virginianum</i> (L.) Michx.,SPECIES,Asteraceae,3065,Cirsium,3112554,Cirsium virginianum,7896485,99,EXACT
Rubus arcticus arcticus,7258955,Rubus arcticus arcticus,<i>Rubus</i> <i>arcticus</i> subsp. <i>arcticus</i>,SUBSPECIES,Rosaceae,5015,Rubus,2988638,Rubus arcticus,2992051,85,EXACT
Sanicula sandwicensis,3034866,Sanicula sandwicensis,<i>Sanicula</i> <i>sandwicensis</i> A.Gray,SPECIES,Apiaceae,6720,Sanicula,3034831,Sanicula sandwicensis,3034866,100,EXACT
Pinus virginiana,5285091,Pinus virginiana,<i>Pinus</i> <i>virginiana</i> Mill.,SPECIES,Pinaceae,3925,Pinus,2684241,Pinus virginiana,5285091,100,EXACT
Tragopogon porrifolius,5386938,Tragopogon porrifolius,<i>Tragopogon</i> <i>porrifolius</i> L.,SPECIES,Asteraceae,3065,Tragopogon,3092408,Tragopogon porrifolius,5386938,99,EXACT
Ribes californicum californicum,7335052,Ribes californicum californicum,<i>Ribes</i> <i>californicum</i> subsp. <i>californicum</i>,SUBSPECIES,Grossulariaceae,2403,Ribes,2986095,Ribes californicum,2986175,88,EXACT
Lycopus virginicus,5341476,Lycopus virginicus,<i>Lycopus</i> <i>virginicus</i> L.,SPECIES,Lamiaceae,2497,Lycopus,2927122,Lycopus virginicus,5341476,99,EXACT
Oxalis californica,6423017,Oxalis californica,<i>Oxalis</i> <i>californica</i> (Abrams) R.Knuth,SPECIES,Oxalidaceae,6697,Oxalis,2891642,Oxalis californica,6423017,100,EXACT
Crataegus spathulata,3013616,Crataegus spathulata,<i>Crataegus</i> <i>spathulata</i> Michx.,SPECIES,Rosaceae,5015,Crataegus,3013395,Crataegus spathulata,3013616,99,EXACT
Quercus × undulata,2879031,Quercus undulata,<i>Quercus</i> × <i>undulata</i> Torr.,SPECIES,Fagaceae,4689,Quercus,2877951,Quercus undulata,2879031,99,EXACT
Malus baccata,3001362,Malus baccata,<i>Malus</i> <i>baccata</i> (L.) Borkh.,SPECIES,Rosaceae,5015,Malus,3001068,Malus baccata,3001362,99,EXACT
Quercus georgiana,2881547,Quercus georgiana,<i>Quercus</i> <i>georgiana</i> M.A.Curtis,SPECIES,Fagaceae,4689,Quercus,2877951,Quercus georgiana,2881547,100,EXACT
Trillium petiolatum,2742321,Trillium petiolatum,<i>Trillium</i> <i>petiolatum</i> Pursh,SPECIES,Melanthiaceae,7700,Trillium,2742182,Trillium petiolatum,2742321,100,EXACT
Fragaria vesca vesca,7258956,Fragaria vesca vesca,<i>Fragaria</i> <i>vesca</i> subsp. <i>vesca</i>,SUBSPECIES,Rosaceae,5015,Fragaria,3029779,Fragaria vesca,3029817,85,EXACT
Cirsium loncholepis,4221235,Cirsium loncholepis,<i>Cirsium</i> <i>loncholepis</i> Petr.,SPECIES,Asteraceae,3065,Cirsium,3112554,Cirsium scariosum,3113127,100,EXACT
Persicaria hirsuta,2889104,Persicaria hirsuta,<i>Persicaria</i> <i>hirsuta</i> (Walter) Small,SPECIES,Polygonaceae,2416,Persicaria,6390748,Persicaria hirsuta,2889104,100,EXACT
Ceanothus foliosus vineatus,9961729,Ceanothus foliosus vineatus,<i>Ceanothus</i> <i>foliosus</i> var. <i>vineatus</i> Mc Minn,VARIETY,Rhamnaceae,2407,Ceanothus,3039297,Ceanothus foliosus,3039336,85,EXACT
Primula subalpina,5641746,Primula subalpina,<i>Primula</i> <i>subalpina</i> (Eastw.) A.R.Mast & Reveal,SPECIES,Primulaceae,6674,Dodecatheon,7597718,Dodecatheon subalpinum,3169269,100,EXACT
Allium sativum ophioscorodon,2856685,Allium sativum ophioscorodon,<i>Allium</i> <i>sativum</i> subsp. <i>ophioscorodon</i> (Link) Schübl. & G.Martens,SUBSPECIES,Amaryllidaceae,7682,Allium,9624496,Allium sativum,2856681,84,EXACT
Pycnanthemum incanum incanum,6410827,Pycnanthemum incanum incanum,<i>Pycnanthemum</i> <i>incanum</i> var. <i>incanum</i>,VARIETY,Lamiaceae,2497,Pycnanthemum,2927338,Pycnanthemum incanum,2927354,88,EXACT
Viola variegata,8006762,Viola variegata,<i>Viola</i> <i>variegata</i> Fisch. ex Link,SPECIES,Violaceae,6631,Viola,2874237,Viola variegata,8006762,99,EXACT
Rhus ovata,3190541,Rhus ovata,<i>Rhus</i> <i>ovata</i> S.Watson,SPECIES,Anacardiaceae,2398,Rhus,3190534,Rhus ovata,3190541,100,EXACT
Yucca jaegeriana,2775598,Yucca jaegeriana,<i>Yucca</i> <i>jaegeriana</i> (McKelvey) L.W.Lenz,SPECIES,Asparagaceae,7683,Yucca,2775496,Yucca brevifolia,2775592,100,EXACT
Crataegus gattingeri,3014503,Crataegus gattingeri,<i>Crataegus</i> <i>gattingeri</i> Ashe,SPECIES,Rosaceae,5015,Crataegus,3013395,Crataegus gattingeri,3014503,100,EXACT
Fragaria chiloensis pacifica,3030035,Fragaria chiloensis pacifica,<i>Fragaria</i> <i>chiloensis</i> subsp. <i>pacifica</i> Staudt,SUBSPECIES,Rosaceae,5015,Fragaria,3029779,Fragaria chiloensis,7738624,88,EXACT
Oxalis texana,3627693,Oxalis texana,<i>Oxalis</i> <i>texana</i> (Small) Fedde,SPECIES,Oxalidaceae,6697,Oxalis,2891642,Oxalis texana,3627693,99,EXACT
Cirsium ownbeyi,3113149,Cirsium ownbeyi,<i>Cirsium</i> <i>ownbeyi</i> S.L.Welsh,SPECIES,Asteraceae,3065,Cirsium,3112554,Cirsium ownbeyi,3113149,100,EXACT
Rumex californicus,4271177,Rumex californicus,<i>Rumex</i> <i>californicus</i> Rech.fil.,SPECIES,Polygonaceae,2416,Rumex,2888942,Rumex californicus,4271177,100,EXACT
Ceanothus divergens,3039345,Ceanothus divergens,<i>Ceanothus</i> <i>divergens</i> Parry,SPECIES,Rhamnaceae,2407,Ceanothus,3039297,Ceanothus divergens,3039345,99,EXACT
Quercus canbyi,2878132,Quercus canbyi,<i>Quercus</i> <i>canbyi</i> Trel.,SPECIES,Fagaceae,4689,Quercus,2877951,Quercus canbyi,2878132,99,EXACT
Pycnanthemum incanum puberulum,3891332,Pycnanthemum incanum puberulum,<i>Pycnanthemum</i> <i>incanum</i> var. <i>puberulum</i> (E.Grant & Epling) Fernald,VARIETY,Lamiaceae,2497,Pycnanthemum,2927338,Pycnanthemum incanum,2927354,88,EXACT
Rubus caesius,2995209,Rubus caesius,<i>Rubus</i> <i>caesius</i> L.,SPECIES,Rosaceae,5015,Rubus,2988638,Rubus caesius,2995209,99,EXACT
Cirsium nuttallii,4220494,Cirsium nuttalii,<i>Cirsium</i> <i>nuttalii</i> DC.,SPECIES,Asteraceae,3065,Cirsium,3112554,Cirsium nuttalii,4220494,98,VARIANT
Ribes sanguineum glutinosum,4272258,Ribes sanguineum glutinosum,<i>Ribes</i> <i>sanguineum</i> var. <i>glutinosum</i> (Benth.) Loudon,VARIETY,Grossulariaceae,2403,Ribes,2986095,Ribes sanguineum,2986130,88,EXACT
Ceanothus oliganthus sorediatus,3039341,Ceanothus oliganthus sorediatus,<i>Ceanothus</i> <i>oliganthus</i> var. <i>sorediatus</i> (Hook. & Arn.) Hoover,VARIETY,Rhamnaceae,2407,Ceanothus,3039297,Ceanothus sorediatus,3039339,84,EXACT
Tradescantia ozarkana,2765257,Tradescantia ozarkana,<i>Tradescantia</i> <i>ozarkana</i> E.S.Anderson & Woodson,SPECIES,Commelinaceae,2763195,Tradescantia,2765096,Tradescantia ozarkana,2765257,100,EXACT
Primula frigida,5640448,Primula frigida,<i>Primula</i> <i>frigida</i> (Cham. & Schltdl.) A.R.Mast & Reveal,SPECIES,Primulaceae,6674,Dodecatheon,7597718,Dodecatheon frigidum,3169264,100,EXACT
Viola septemloba,5331321,Viola septemloba,<i>Viola</i> <i>septemloba</i> Leconte,SPECIES,Violaceae,6631,Viola,2874237,Viola septemloba,5331321,100,EXACT
Sanicula laciniata,3034835,Sanicula laciniata,<i>Sanicula</i> <i>laciniata</i> Hook. & Arn.,SPECIES,Apiaceae,6720,Sanicula,3034831,Sanicula laciniata,3034835,100,EXACT
Rumex arcticus,2888974,Rumex arcticus,<i>Rumex</i> <i>arcticus</i> Trautv.,SPECIES,Polygonaceae,2416,Rumex,2888942,Rumex arcticus,2888974,100,EXACT
Allium kunthii,2856176,Allium kunthii,<i>Allium</i> <i>kunthii</i> G.Don,SPECIES,Amaryllidaceae,7682,Allium,9624496,Allium longifolium,2856173,100,EXACT
Vaccinium simulatum,2882962,Vaccinium simulatum,<i>Vaccinium</i> <i>simulatum</i> Small,SPECIES,Ericaceae,2505,Vaccinium,2882813,Vaccinium corymbosum,2882849,100,EXACT
Quercus robusta,2879532,Quercus robusta,<i>Quercus</i> <i>robusta</i> C.H.Mull.,SPECIES,Fagaceae,4689,Quercus,2877951,Quercus robusta,2879532,100,EXACT
Allium zebdanense,2857341,Allium zebdanense,<i>Allium</i> <i>zebdanense</i> Boiss. & Noë,SPECIES,Amaryllidaceae,7682,Allium,9624496,Allium zebdanense,2857341,100,EXACT
Allium hickmanii,2857256,Allium hickmanii,<i>Allium</i> <i>hickmanii</i> Eastw.,SPECIES,Amaryllidaceae,7682,Allium,9624496,Allium hickmanii,2857256,99,EXACT
Vaccinium boreale,8147903,Vaccinium boreale,<i>Vaccinium</i> <i>boreale</i> I.V.Hall & Aalders,SPECIES,Ericaceae,2505,Vaccinium,2882813,Vaccinium boreale,8147903,100,EXACT
Stellaria littoralis,5384677,Stellaria littoralis,<i>Stellaria</i> <i>littoralis</i> Torr.,SPECIES,Caryophyllaceae,2518,Stellaria,3085667,Stellaria littoralis,5384677,100,EXACT
Oxalis alpina,2891724,Oxalis alpina,<i>Oxalis</i> <i>alpina</i> (Rose) Rose ex R.Knuth,SPECIES,Oxalidaceae,6697,Oxalis,2891642,Oxalis alpina,2891724,99,EXACT
Oxypolis rigidior rigidior,7942493,Oxypolis rigidior rigidior,<i>Oxypolis</i> <i>rigidior</i> var. <i>rigidior</i>,VARIETY,Apiaceae,6720,Oxypolis,3034746,Oxypolis rigidior,3034755,88,EXACT
Tradescantia humilis,2765211,Tradescantia humilis,<i>Tradescantia</i> <i>humilis</i> Rose,SPECIES,Commelinaceae,2763195,Tradescantia,2765096,Tradescantia humilis,2765211,100,EXACT
Oxalis pes-caprae pleniflora,3626896,Oxalis pes-caprae pleniflora,<i>Oxalis</i> <i>pes-caprae</i> f. <i>pleniflora</i> (Lowe) Sunding,FORM,Oxalidaceae,6697,Oxalis,2891642,Oxalis pes-caprae,2891661,84,EXACT
Muscari latifolium,2772082,Muscari latifolium,<i>Muscari</i> <i>latifolium</i> J.Kirk,SPECIES,Asparagaceae,7683,Muscari,2772004,Muscari latifolium,2772082,100,EXACT
Rhus chinensis,3190553,Rhus chinensis,<i>Rhus</i> <i>chinensis</i> Mill.,SPECIES,Anacardiaceae,2398,Rhus,3190534,Rhus chinensis,3190553,100,EXACT
Viola trinervata,5331319,Viola trinervata,<i>Viola</i> <i>trinervata</i> (Howell) Howell ex A.Gray,SPECIES,Violaceae,6631,Viola,2874237,Viola trinervata,5331319,99,EXACT
Clinopodium coccineum,2926912,Clinopodium coccineum,<i>Clinopodium</i> <i>coccineum</i> (Nutt. ex Hook.) Kuntze,SPECIES,Lamiaceae,2497,Clinopodium,2926907,Clinopodium coccineum,2926912,100,EXACT
Suaeda californica,6447732,Suaeda californica,<i>Suaeda</i> <i>californica</i> S.Watson,SPECIES,Amaranthaceae,3064,Suaeda,7677792,Suaeda californica,6447732,99,EXACT
Quercus laceyi,2879361,Quercus laceyi,<i>Quercus</i> <i>laceyi</i> Small,SPECIES,Fagaceae,4689,Quercus,2877951,Quercus laceyi,2879361,100,EXACT
Allium platycaule,2857767,Allium platycaule,<i>Allium</i> <i>platycaule</i> S.Watson,SPECIES,Amaryllidaceae,7682,Allium,9624496,Allium platycaule,2857767,100,EXACT
Trillium decipiens,2742268,Trillium decipiens,<i>Trillium</i> <i>decipiens</i> J.D.Freeman,SPECIES,Melanthiaceae,7700,Trillium,2742182,Trillium decipiens,2742268,100,EXACT
Acer negundo arizonicum,3767724,Acer negundo arizonicum,<i>Acer</i> <i>negundo</i> var. <i>arizonicum</i> Sarg.,VARIETY,Sapindaceae,6657,Acer,3189834,Acer negundo,3189866,88,EXACT
Rubus pennus,2992929,Rubus pennus,<i>Rubus</i> <i>pennus</i> L.H.Bailey,SPECIES,Rosaceae,5015,Rubus,2988638,Rubus allegheniensis,8235931,100,EXACT
Hydrophyllum virginianum virginianum,7155125,Hydrophyllum virginianum virginianum,<i>Hydrophyllum</i> <i>virginianum</i> var. <i>virginianum</i>,VARIETY,Hydrophyllaceae,2387,Hydrophyllum,8906001,Hydrophyllum virginianum,2928281,85,EXACT
Tilia americana heterophylla,6415053,Tilia americana heterophylla,<i>Tilia</i> <i>americana</i> var. <i>heterophylla</i> (Vent.) Loudon,VARIETY,Malvaceae,6685,Tilia,3152041,Tilia americana,3152042,85,EXACT
Ribes thacherianum,2986138,Ribes thacherianum,<i>Ribes</i> <i>thacherianum</i> (Jeps.) Munz,SPECIES,Grossulariaceae,2403,Ribes,2986095,Ribes thacherianum,2986138,100,EXACT
Allium jepsonii,8649668,Allium jepsonii,<i>Allium</i> <i>jepsonii</i> (Ownbey & Aase ex Traub) S.S.Denison & McNeal,SPECIES,Amaryllidaceae,7682,Allium,9624496,Allium jepsonii,8649668,100,EXACT
Oxalis hirta,2891754,Oxalis hirta,<i>Oxalis</i> <i>hirta</i> L.,SPECIES,Oxalidaceae,6697,Oxalis,2891642,Oxalis hirta,2891754,100,EXACT
Allium lacunosum davisiae,2857755,Allium lacunosum davisiae,<i>Allium</i> <i>lacunosum</i> var. <i>davisiae</i> (M.E.Jones) McNeal & Ownbey,VARIETY,Amaryllidaceae,7682,Allium,9624496,Allium lacunosum,2857752,88,EXACT
Claytonia gypsophiloides,3084731,Claytonia gypsophiloides,<i>Claytonia</i> <i>gypsophiloides</i> Fisch. & C.A.Mey.,SPECIES,Montiaceae,4898338,Claytonia,3084729,Claytonia gypsophiloides,3084731,100,EXACT
Cirsium occidentale venustum,6444228,Cirsium occidentale venustum,<i>Cirsium</i> <i>occidentale</i> var. <i>venustum</i> (Greene) Jeps.,VARIETY,Asteraceae,3065,Cirsium,3112554,Cirsium occidentale,3114557,85,EXACT
Pinus contorta,5285750,Pinus contorta,<i>Pinus</i> <i>contorta</i> Douglas ex Loudon,SPECIES,Pinaceae,3925,Pinus,2684241,Pinus contorta,5285750,99,EXACT
Viola sororia priceana,5664497,Viola sororia priceana,<i>Viola</i> <i>sororia</i> f. <i>priceana</i> (Pollard) Cooperr.,FORM,Violaceae,6631,Viola,2874237,Viola sororia,5331238,88,EXACT
Viola lobata lobata,5331346,Viola lobata lobata,<i>Viola</i> <i>lobata</i> var. <i>lobata</i>,VARIETY,Violaceae,6631,Viola,2874237,Viola lobata,5331345,85,EXACT
Pinus torreyana insularis,5285767,Pinus torreyana insularis,<i>Pinus</i> <i>torreyana</i> subsp. <i>insularis</i> J.R.Haller,SUBSPECIES,Pinaceae,3925,Pinus,2684241,Pinus torreyana,5285764,85,EXACT
Acer rubrum trilobum,4272376,Acer rubrum trilobum,<i>Acer</i> <i>rubrum</i> var. <i>trilobum</i> Torr. & A.Gray ex K.Koch,VARIETY,Sapindaceae,6657,Acer,3189834,Acer rubrum,3189883,85,EXACT
Quercus chrysolepis × vacciniifolia,6,Plantae,<i>Plantae</i>,KINGDOM,,,,,,,99,HIGHERRANK
Tradescantia tharpii,2765246,Tradescantia tharpii,<i>Tradescantia</i> <i>tharpii</i> E.S.Anderson & Woodson,SPECIES,Commelinaceae,2763195,Tradescantia,2765096,Tradescantia tharpii,2765246,100,EXACT
Linum berlandieri filifolium,4048700,Linum berlandieri filifolium,<i>Linum</i> <i>berlandieri</i> var. <i>filifolium</i> (Shinners) C.M.Rogers,VARIETY,Linaceae,2493,Linum,2873855,Linum berlandieri,2873932,88,EXACT
Viola calcicola,7392062,Viola calcicola,<i>Viola</i> <i>calcicola</i> R.A.Mc Cauley & H.E.Ballard,SPECIES,Violaceae,6631,Viola,2874237,Viola calcicola,7392062,100,EXACT
Viburnum × bodnantense,3857539,Viburnum bodnantense,<i>Viburnum</i> × <i>bodnantense</i> Aberc. ex Stearn,SPECIES,Viburnaceae,4924416,Viburnum,2888580,Viburnum bodnantense,3857539,99,EXACT
Vaccinium ovatum,2882838,Vaccinium ovatum,<i>Vaccinium</i> <i>ovatum</i> Pursh,SPECIES,Ericaceae,2505,Vaccinium,2882813,Vaccinium ovatum,2882838,100,EXACT
Ribes aureum,2986111,Ribes aureum,<i>Ribes</i> <i>aureum</i> Pursh,SPECIES,Grossulariaceae,2403,Ribes,2986095,Ribes aureum,2986111,99,EXACT
Ribes bracteosum,2986193,Ribes bracteosum,<i>Ribes</i> <i>bracteosum</i> Douglas ex Hook.,SPECIES,Grossulariaceae,2403,Ribes,2986095,Ribes bracteosum,2986193,99,EXACT
Oxalis brasiliensis,10905755,Oxalis brasiliensis,<i>Oxalis</i> <i>brasiliensis</i> G.Lodd. ex Hildebr.,SPECIES,Oxalidaceae,6697,Oxalis,2891642,Oxalis brasiliensis,10905755,99,EXACT
Primula fassettii,5640613,Primula fassettii,<i>Primula</i> <i>fassettii</i> A.R.Mast & Reveal,SPECIES,Primulaceae,6674,Dodecatheon,7597718,Dodecatheon amethystinum,3169261,100,EXACT
Dalea candida oligophylla,5353281,Dalea candida oligophylla,<i>Dalea</i> <i>candida</i> var. <i>oligophylla</i> (Torr.) Shinners,VARIETY,Fabaceae,5386,Dalea,2954771,Dalea candida,5353279,88,EXACT
Phlox pilosa fulgida,6394543,Phlox pilosa fulgida,<i>Phlox</i> <i>pilosa</i> subsp. <i>fulgida</i> (Wherry) Wherry,SUBSPECIES,Polemoniaceae,6648,Phlox,2927698,Phlox pilosa,2927734,85,EXACT
Monarda brevis,11082785,Monarda brevis,<i>Monarda</i> <i>brevis</i> (Fosberg & Artz) Floden,SPECIES,Lamiaceae,2497,Monarda,2926838,Monarda brevis,11082785,100,EXACT
Honckenya peploides peploides,7219308,Honckenya peploides peploides,<i>Honckenya</i> <i>peploides</i> subsp. <i>peploides</i>,SUBSPECIES,Caryophyllaceae,2518,Honckenya,3085775,Honckenya peploides,3085776,85,EXACT
Cirsium pumilum,3112698,Cirsium pumilum,<i>Cirsium</i> <i>pumilum</i> (Nutt.) Spreng.,SPECIES,Asteraceae,3065,Cirsium,3112554,Cirsium pumilum,3112698,100,EXACT
Viola nephrophylla,5331283,Viola nephrophylla,<i>Viola</i> <i>nephrophylla</i> Greene,SPECIES,Violaceae,6631,Viola,2874237,Viola nephrophylla,5331283,100,EXACT
Allium howellii howellii,2856789,Allium howellii howellii,<i>Allium</i> <i>howellii</i> var. <i>howellii</i>,VARIETY,Amaryllidaceae,7682,Allium,9624496,Allium howellii,2856788,88,EXACT
Quercus texana,2878115,Quercus texana,<i>Quercus</i> <i>texana</i> Buckley,SPECIES,Fagaceae,4689,Quercus,2877951,Quercus texana,2878115,99,EXACT
Allium cuthbertii,2856669,Allium cuthbertii,<i>Allium</i> <i>cuthbertii</i> Small,SPECIES,Amaryllidaceae,7682,Allium,9624496,Allium cuthbertii,2856669,100,EXACT
Rubus meracus,2993031,Rubus meracus,<i>Rubus</i> <i>meracus</i> L.H.Bailey,SPECIES,Rosaceae,5015,Rubus,2988638,Rubus meracus,2993031,100,EXACT
Pinus ponderosa,5285053,Pinus ponderosa,<i>Pinus</i> <i>ponderosa</i> Douglas ex C.Lawson,SPECIES,Pinaceae,3925,Pinus,2684241,Pinus ponderosa,5285053,99,EXACT
Amelanchier alnifolia,8168485,Amelanchier alnifolia,<i>Amelanchier</i> <i>alnifolia</i> (Nutt.) Nutt.,SPECIES,Rosaceae,5015,Amelanchier,3023817,Amelanchier alnifolia,8168485,99,EXACT
Camassia leichtlinii,2769069,Camassia leichtlinii,<i>Camassia</i> <i>leichtlinii</i> (Baker) S.Watson,SPECIES,Asparagaceae,7683,Camassia,2769068,Camassia leichtlinii,2769069,100,EXACT
Viola eriocarpa,7133268,Viola eriocarpa,<i>Viola</i> <i>eriocarpa</i> (Nutt.) Schwein.,SPECIES,Violaceae,6631,Viola,2874237,Viola eriocarpa,7133268,100,EXACT
Mutarda nigra,3042667,Mutarda nigra,<i>Mutarda</i> <i>nigra</i> (L.) Bernh.,SPECIES,Brassicaceae,3112,Brassica,3042506,Brassica nigra,3042658,100,EXACT
Mentha canadensis,2927198,Mentha canadensis,<i>Mentha</i> <i>canadensis</i> L.,SPECIES,Lamiaceae,2497,Mentha,2927173,Mentha canadensis,2927198,99,EXACT
Youngia thunbergiana,5387983,Youngia thunbergiana,<i>Youngia</i> <i>thunbergiana</i> DC.,SPECIES,Asteraceae,3065,Youngia,3095748,Youngia japonica,5387974,100,EXACT
Quercus robur,2878688,Quercus robur,<i>Quercus</i> <i>robur</i> L.,SPECIES,Fagaceae,4689,Quercus,2877951,Quercus robur,2878688,99,EXACT
Rumex paucifolius,2889007,Rumex paucifolius,<i>Rumex</i> <i>paucifolius</i> Nutt.,SPECIES,Polygonaceae,2416,Rumex,2888942,Rumex paucifolius,2889007,99,EXACT
Claytonia peirsonii yorkii,9479327,Claytonia peirsonii yorkii,<i>Claytonia</i> <i>peirsonii</i> subsp. <i>yorkii</i> Stoughton,SUBSPECIES,Montiaceae,4898338,Claytonia,3084729,Claytonia peirsonii,9479365,88,EXACT
Fallopia baldschuanica,5334351,Fallopia baldschuanica,<i>Fallopia</i> <i>baldschuanica</i> (Regel) Holub,SPECIES,Polygonaceae,2416,Fallopia,2889418,Fallopia baldschuanica,5334351,100,EXACT
Claytonia lanceolata lanceolata,7619180,Claytonia lanceolata lanceolata,<i>Claytonia</i> <i>lanceolata</i> subsp. <i>lanceolata</i>,SUBSPECIES,Montiaceae,4898338,Claytonia,3084729,Claytonia lanceolata,3084746,84,EXACT
Galium aparine aparine,7474788,Galium aparine aparine,<i>Galium</i> <i>aparine</i> var. <i>aparine</i>,VARIETY,Rubiaceae,8798,Galium,2913027,Galium aparine,2913548,85,EXACT
Quercus × brittonii,2880790,Quercus brittonii,<i>Quercus</i> × <i>brittonii</i> W.T.Davis,SPECIES,Fagaceae,4689,Quercus,2877951,Quercus brittonii,2880790,100,EXACT
Ribes fasciculatum,7334992,Ribes fasciculatum,<i>Ribes</i> <i>fasciculatum</i> Siebold & Zucc.,SPECIES,Grossulariaceae,2403,Ribes,2986095,Ribes fasciculatum,7334992,100,EXACT
Viola septentrionalis septentrionalis,7133542,Viola septentrionalis septentrionalis,<i>Viola</i> <i>septentrionalis</i> var. <i>septentrionalis</i>,VARIETY,Violaceae,6631,Viola,2874237,Viola septentrionalis,5331239,84,EXACT
Rubus furtivus,2994145,Rubus furtivus,<i>Rubus</i> × <i>furtivus</i> L.H.Bailey,SPECIES,Rosaceae,5015,Rubus,2988638,Rubus permixtus,2988890,100,EXACT
Phytolacca americana rigida,4192782,Phytolacca americana rigida,<i>Phytolacca</i> <i>americana</i> var. <i>rigida</i> (Small) Caulkins & R.E.Wyatt,VARIETY,Phytolaccaceae,2516,Phytolacca,3084013,Phytolacca americana,3084015,88,EXACT
Yucca reverchonii,2775785,Yucca reverchonii,<i>Yucca</i> <i>reverchonii</i> Trel.,SPECIES,Asparagaceae,7683,Yucca,2775496,Yucca reverchonii,2775785,100,EXACT
Descurainia pinnata brachycarpa,6306553,Descurainia pinnata brachycarpa,<i>Descurainia</i> <i>pinnata</i> var. <i>brachycarpa</i> (Richardson) Fernald,VARIETY,Brassicaceae,3112,Descurainia,3044104,Descurainia pinnata,3044133,88,EXACT
Quercus havardii,2879540,Quercus havardii,<i>Quercus</i> <i>havardii</i> Rydb.,SPECIES,Fagaceae,4689,Quercus,2877951,Quercus havardii,2879540,100,EXACT
Rumex conglomeratus,2888963,Rumex conglomeratus,<i>Rumex</i> <i>conglomeratus</i> Murray,SPECIES,Polygonaceae,2416,Rumex,2888942,Rumex conglomeratus,2888963,100,EXACT
Ribes cereum cereum,7219280,Ribes cereum cereum,<i>Ribes</i> <i>cereum</i> var. <i>cereum</i>,VARIETY,Grossulariaceae,2403,Ribes,2986095,Ribes cereum,2986127,88,EXACT
Ceanothus pinetorum,8286761,Ceanothus pinetorum,<i>Ceanothus</i> <i>pinetorum</i> Coult.,SPECIES,Rhamnaceae,2407,Ceanothus,3039297,Ceanothus pinetorum,8286761,99,EXACT
Oxalis florida,2891670,Oxalis florida,<i>Oxalis</i> <i>florida</i> Salisb.,SPECIES,Oxalidaceae,6697,Oxalis,2891642,Oxalis florida,2891670,99,EXACT
Viburnum rafinesqueanum rafinesqueanum,4925723,Viburnum rafinesqueanum,<i>Viburnum</i> <i>rafinesqueanum</i> Schult.,SPECIES,Viburnaceae,4924416,Viburnum,2888580,Viburnum rafinesqueanum,4925723,100,HIGHERRANK
Quercus × drummondii,2881710,Quercus drummondii,<i>Quercus</i> × <i>drummondii</i> Liebm.,SPECIES,Fagaceae,4689,Quercus,2877951,Quercus drummondii,2881710,100,EXACT
Cirsium edule wenatchense,4223095,Cirsium edule wenatchense,<i>Cirsium</i> <i>edule</i> var. <i>wenatchense</i> D.J.Keil,VARIETY,Asteraceae,3065,Cirsium,3112554,Cirsium edule,3112749,88,EXACT
Viola pedata flabellata,12209504,Viola pedata flabellata,<i>Viola</i> <i>pedata</i> subsp. <i>flabellata</i> (D.Don) H.E.Ballard,SUBSPECIES,Violaceae,6631,Viola,2874237,Viola pedata,5331278,85,EXACT
Monarda maritima,5341405,Monarda maritima,<i>Monarda</i> <i>maritima</i> (Cory) Correll,SPECIES,Lamiaceae,2497,Monarda,2926838,Monarda maritima,5341405,99,EXACT
Cirsium cymosum,6444478,Cirsium cymosum,<i>Cirsium</i> <i>cymosum</i> (Greene) J.T.Howell,SPECIES,Asteraceae,3065,Cirsium,3112554,Cirsium cymosum,6444478,100,EXACT
Viola pedata cuneatiloba,12177168,Viola pedata cuneatiloba,<i>Viola</i> <i>pedata</i> subsp. <i>cuneatiloba</i> (Brainerd ex Fernald) H.E.Ballard,SUBSPECIES,Violaceae,6631,Viola,2874237,Viola pedata,5331278,85,EXACT
Lepidium virginicum virginicum,7129308,Lepidium virginicum virginicum,<i>Lepidium</i> <i>virginicum</i> subsp. <i>virginicum</i>,SUBSPECIES,Brassicaceae,3112,Lepidium,3051713,Lepidium virginicum,5376648,85,EXACT
Physalis cinerascens cinerascens,6402983,Physalis cinerascens cinerascens,<i>Physalis</i> <i>cinerascens</i> var. <i>cinerascens</i> (Dunal) Hitchc.,VARIETY,Solanaceae,7717,Physalis,2928907,Physalis cinerascens,5341768,88,EXACT
Pinus pumila,5285355,Pinus pumila,<i>Pinus</i> <i>pumila</i> (Pall.) Regel,SPECIES,Pinaceae,3925,Pinus,2684241,Pinus pumila,5285355,99,EXACT
Quercus arizonica,2877992,Quercus arizonica,<i>Quercus</i> <i>arizonica</i> Sarg.,SPECIES,Fagaceae,4689,Quercus,2877951,Quercus arizonica,2877992,100,EXACT
Lycopus uniflorus,5341480,Lycopus uniflorus,<i>Lycopus</i> <i>uniflorus</i> Michx.,SPECIES,Lamiaceae,2497,Lycopus,2927122,Lycopus uniflorus,5341480,100,EXACT
Smilax walteri,5295687,Smilax walteri,<i>Smilax</i> <i>walteri</i> Pursh,SPECIES,Smilacaceae,7702,Smilax,2740627,Smilax walteri,5295687,100,EXACT
Pinus aristata,5285256,Pinus aristata,<i>Pinus</i> <i>aristata</i> Engelm.,SPECIES,Pinaceae,3925,Pinus,2684241,Pinus aristata,5285256,100,EXACT
Tradescantia subacaulis,2765356,Tradescantia subacaulis,<i>Tradescantia</i> <i>subacaulis</i> Bush,SPECIES,Commelinaceae,2763195,Tradescantia,2765096,Tradescantia subacaulis,2765356,100,EXACT
Acer negundo californicum,3768664,Acer negundo californicum,<i>Acer</i> <i>negundo</i> var. <i>californicum</i> (Torr. & A.Gray) Sarg.,VARIETY,Sapindaceae,6657,Acer,3189834,Acer negundo,3189866,85,EXACT
Rumex altissimus,2889030,Rumex altissimus,<i>Rumex</i> <i>altissimus</i> Wood,SPECIES,Polygonaceae,2416,Rumex,2888942,Rumex altissimus,2889030,100,EXACT
Allium diabolense,2857466,Allium diabolense,<i>Allium</i> <i>diabolense</i> (Ownbey & Aase ex Traub) McNeal,SPECIES,Amaryllidaceae,7682,Allium,9624496,Allium diabolense,2857466,100,EXACT
Primula pauciflora cusickii,5641499,Primula pauciflora cusickii,<i>Primula</i> <i>pauciflora</i> var. <i>cusickii</i> (Greene) A.R.Mast & Reveal,VARIETY,Primulaceae,6674,Dodecatheon,7597718,Dodecatheon pulchellum,3169253,88,EXACT
Physalis macrosperma,10865701,Physalis macrosperma,"<i>Physalis</i> <i>macrosperma</i> Pyne, E.L.Bridges & Orzell",SPECIES,Solanaceae,7717,Physalis,2928907,Physalis macrosperma,10865701,100,EXACT
Rubus invisus,8038781,Rubus invisus,<i>Rubus</i> <i>invisus</i> (L.H.Bailey) L.H.Bailey,SPECIES,Rosaceae,5015,Rubus,2988638,Rubus invisus,8038781,99,EXACT
Claytonia peirsonii bernardinus,9289741,Claytonia peirsonii bernardinus,<i>Claytonia</i> <i>peirsonii</i> subsp. <i>bernardinus</i> Stoughton,SUBSPECIES,Montiaceae,4898338,Claytonia,3084729,Claytonia peirsonii,9479365,88,EXACT
Ceanothus megacarpus,3039316,Ceanothus megacarpus,<i>Ceanothus</i> <i>megacarpus</i> Nutt.,SPECIES,Rhamnaceae,2407,Ceanothus,3039297,Ceanothus megacarpus,3039316,99,EXACT
Allium crispum,2857315,Allium crispum,<i>Allium</i> <i>crispum</i> Greene,SPECIES,Amaryllidaceae,7682,Allium,9624496,Allium crispum,2857315,100,EXACT
Viola charlestonensis,7953786,Viola charlestonensis,<i>Viola</i> <i>charlestonensis</i> M.S.Baker & J.C.Clausen ex Clokey,SPECIES,Violaceae,6631,Viola,2874237,Viola charlestonensis,7953786,99,EXACT
Monarda citriodora austromontana,5605561,Monarda citriodora austromontana,<i>Monarda</i> <i>citriodora</i> var. <i>austromontana</i> (Epling) B.L.Turner,VARIETY,Lamiaceae,2497,Monarda,2926838,Monarda citriodora,5341423,85,EXACT
Quercus polymorpha,2878068,Quercus polymorpha,<i>Quercus</i> <i>polymorpha</i> Schltdl. & Cham.,SPECIES,Fagaceae,4689,Quercus,2877951,Quercus polymorpha,2878068,100,EXACT
Allium oleraceum,2857071,Allium oleraceum,<i>Allium</i> <i>oleraceum</i> L.,SPECIES,Amaryllidaceae,7682,Allium,9624496,Allium oleraceum,2857071,99,EXACT
Ribes roezlii roezlii,7334974,Ribes roezlii roezlii,<i>Ribes</i> <i>roezlii</i> var. <i>roezlii</i>,VARIETY,Grossulariaceae,2403,Ribes,2986095,Ribes roezlii,2986198,88,EXACT
Erythronium tuolumnense,2752804,Erythronium tuolumnense,<i>Erythronium</i> <i>tuolumnense</i> Applegate,SPECIES,Liliaceae,7699,Erythronium,2740136,Erythronium tuolumnense,2752804,100,EXACT
Linum berlandieri berlandieri,8427805,Linum berlandieri berlandieri,<i>Linum</i> <i>berlandieri</i> var. <i>berlandieri</i>,VARIETY,Linaceae,2493,Linum,2873855,Linum berlandieri,2873932,88,EXACT
Zizania palustris palustris,6432299,Zizania palustris palustris,<i>Zizania</i> <i>palustris</i> subsp. <i>palustris</i>,SUBSPECIES,Poaceae,3073,Zizania,2703227,Zizania palustris,2703230,84,EXACT
Viola pedatifida,5331262,Viola pedatifida,<i>Viola</i> <i>pedatifida</i> G.Don,SPECIES,Violaceae,6631,Viola,2874237,Viola pedatifida,5331262,100,EXACT
Physalis cinerascens,5341768,Physalis cinerascens,<i>Physalis</i> <i>cinerascens</i> (Dunal) Hitchc.,SPECIES,Solanaceae,7717,Physalis,2928907,Physalis cinerascens,5341768,100,EXACT
Cirsium parryi,3112578,Cirsium parryi,<i>Cirsium</i> <i>parryi</i> (A.Gray) Petr.,SPECIES,Asteraceae,3065,Cirsium,3112554,Cirsium parryi,3112578,99,EXACT
Yucca baccata baccata,2775796,Yucca baccata baccata,<i>Yucca</i> <i>baccata</i> var. <i>baccata</i>,VARIETY,Asparagaceae,7683,Yucca,2775496,Yucca baccata,2775788,88,EXACT
Viola septentrionalis,5331239,Viola septentrionalis,<i>Viola</i> <i>septentrionalis</i> Greene,SPECIES,Violaceae,6631,Viola,2874237,Viola septentrionalis,5331239,100,EXACT
Quercus pacifica,2881701,Quercus pacifica,<i>Quercus</i> <i>pacifica</i> Nixon & C.H.Müll.,SPECIES,Fagaceae,4689,Quercus,2877951,Quercus pacifica,2881701,100,EXACT
Rhus aromatica arenaria,3660172,Rhus aromatica arenaria,<i>Rhus</i> <i>aromatica</i> var. <i>arenaria</i> (Greene) Fernald,VARIETY,Anacardiaceae,2398,Rhus,3190534,Rhus aromatica,3190558,88,EXACT
Descurainia pinnata ochroleuca,3044155,Descurainia pinnata ochroleuca,<i>Descurainia</i> <i>pinnata</i> subsp. <i>ochroleuca</i> (Wooton) Detling,SUBSPECIES,Brassicaceae,3112,Descurainia,3044104,Descurainia pinnata,3044133,85,EXACT
Allium howellii sanbenitense,2856790,Allium howellii sanbenitense,<i>Allium</i> <i>howellii</i> var. <i>sanbenitense</i> (Traub) Ownbey & Aase,VARIETY,Amaryllidaceae,7682,Allium,9624496,Allium howellii,2856788,85,EXACT
Ceanothus impressus,3039310,Ceanothus impressus,<i>Ceanothus</i> <i>impressus</i> Trel.,SPECIES,Rhamnaceae,2407,Ceanothus,3039297,Ceanothus impressus,3039310,100,EXACT
Phlox pilosa detonsa,6394549,Phlox pilosa detonsa,<i>Phlox</i> <i>pilosa</i> subsp. <i>detonsa</i> (A.Gray) Wherry,SUBSPECIES,Polemoniaceae,6648,Phlox,2927698,Phlox pilosa,2927734,85,EXACT
Rubus × fraseri,2997212,Rubus fraseri,<i>Rubus</i> × <i>fraseri</i> Rehder,SPECIES,Rosaceae,5015,Rubus,2988638,Rubus fraseri,2997212,100,EXACT
Quercus lyrata,2878378,Quercus lyrata,<i>Quercus</i> <i>lyrata</i> Walter,SPECIES,Fagaceae,4689,Quercus,2877951,Quercus lyrata,2878378,99,EXACT
Rubus praecox,8019170,Rubus praecox,<i>Rubus</i> <i>praecox</i> Bertol.,SPECIES,Rosaceae,5015,Rubus,2988638,Rubus praecox,8019170,99,EXACT
Tragopogon pratensis,5386897,Tragopogon pratensis,<i>Tragopogon</i> <i>pratensis</i> L.,SPECIES,Asteraceae,3065,Tragopogon,3092408,Tragopogon pratensis,5386897,100,EXACT
Ribes aureum aureum,7095864,Ribes aureum aureum,<i>Ribes</i> <i>aureum</i> var. <i>aureum</i>,VARIETY,Grossulariaceae,2403,Ribes,2986095,Ribes aureum,2986111,88,EXACT
Dalea candida candida,7225489,Dalea candida candida,<i>Dalea</i> <i>candida</i> var. <i>candida</i>,VARIETY,Fabaceae,5386,Dalea,2954771,Dalea candida,5353279,88,EXACT
Allium anceps,2857771,Allium anceps,<i>Allium</i> <i>anceps</i> Kellogg,SPECIES,Amaryllidaceae,7682,Allium,9624496,Allium anceps,2857771,100,EXACT
Viola orbiculata,7539797,Viola orbiculata,<i>Viola</i> <i>orbiculata</i> Geyer ex A.Gray,SPECIES,Violaceae,6631,Viola,2874237,Viola orbiculata,7539797,99,EXACT
Vicia sepium,2974786,Vicia sepium,<i>Vicia</i> <i>sepium</i> L.,SPECIES,Fabaceae,5386,Vicia,2974751,Vicia sepium,2974786,100,EXACT
Rumex sanguineus,2888960,Rumex sanguineus,<i>Rumex</i> <i>sanguineus</i> L.,SPECIES,Polygonaceae,2416,Rumex,2888942,Rumex sanguineus,2888960,99,EXACT
Viburnum suspensum,2888582,Viburnum suspensum,<i>Viburnum</i> <i>suspensum</i> Lindl.,SPECIES,Viburnaceae,4924416,Viburnum,2888580,Viburnum suspensum,2888582,99,EXACT
Dalea purpurea arenicola,5353343,Dalea purpurea arenicola,<i>Dalea</i> <i>purpurea</i> var. <i>arenicola</i> (Wemple) Barneby,VARIETY,Fabaceae,5386,Dalea,2954771,Dalea purpurea,5353342,88,EXACT
Allium elmendorfii,2856226,Allium elmendorfii,<i>Allium</i> <i>elmendorfii</i> M.E.Jones ex Ownbey,SPECIES,Amaryllidaceae,7682,Allium,9624496,Allium elmendorfii,2856226,99,EXACT
Origanum vulgare hirtum,9508942,Origanum vulgare hirtum,<i>Origanum</i> <i>vulgare</i> subsp. <i>hirtum</i> (Link) A.Terracc.,SUBSPECIES,Lamiaceae,2497,Origanum,2926611,Origanum vulgare,2926612,85,EXACT
Monarda fistulosa longepetiolata,5708987,Monarda fistulosa longepetiolata,<i>Monarda</i> <i>fistulosa</i> var. <i>longepetiolata</i> B.Boivin,VARIETY,Lamiaceae,2497,Monarda,2926838,Monarda fistulosa,5341411,88,EXACT
Crataegus viridis velutina,8351695,Crataegus viridis velutina,<i>Crataegus</i> <i>viridis</i> var. <i>velutina</i> (Sarg.) J.B.Phipps,VARIETY,Rosaceae,5015,Crataegus,3013395,Crataegus viridis,3014089,85,EXACT
Erythronium purpurascens,2752907,Erythronium purpurascens,<i>Erythronium</i> <i>purpurascens</i> S.Watson,SPECIES,Liliaceae,7699,Erythronium,2740136,Erythronium purpurascens,2752907,100,EXACT
Ceanothus fendleri,3039389,Ceanothus fendleri,<i>Ceanothus</i> <i>fendleri</i> A.Gray,SPECIES,Rhamnaceae,2407,Ceanothus,3039297,Ceanothus fendleri,3039389,100,EXACT
Viola rotundifolia,5331203,Viola rotundifolia,<i>Viola</i> <i>rotundifolia</i> Michx.,SPECIES,Violaceae,6631,Viola,2874237,Viola rotundifolia,5331203,99,EXACT
Vaccinium ovalifolium,2882894,Vaccinium ovalifolium,<i>Vaccinium</i> <i>ovalifolium</i> Sm.,SPECIES,Ericaceae,2505,Vaccinium,2882813,Vaccinium ovalifolium,2882894,100,EXACT
Pinus torreyana,5285764,Pinus torreyana,<i>Pinus</i> <i>torreyana</i> Parry ex Carrière,SPECIES,Pinaceae,3925,Pinus,2684241,Pinus torreyana,5285764,99,EXACT
Lilium pardalinum,2753192,Lilium pardalinum,<i>Lilium</i> <i>pardalinum</i> Kellogg,SPECIES,Liliaceae,7699,Lilium,2752977,Lilium pardalinum,2753192,100,EXACT
Ceanothus gloriosus exaltatus,3874482,Ceanothus gloriosus exaltatus,<i>Ceanothus</i> <i>gloriosus</i> var. <i>exaltatus</i> J.T.Howell,VARIETY,Rhamnaceae,2407,Ceanothus,3039297,Ceanothus gloriosus,3039305,85,EXACT
Smilax herbacea,5295311,Smilax herbacea,<i>Smilax</i> <i>herbacea</i> L.,SPECIES,Smilacaceae,7702,Smilax,2740627,Smilax herbacea,5295311,99,EXACT
Smilax illinoensis,5295028,Smilax illinoensis,<i>Smilax</i> <i>illinoensis</i> Mangaly,SPECIES,Smilacaceae,7702,Smilax,2740627,Smilax illinoensis,5295028,100,EXACT
Physalis pumila,5341810,Physalis pumila,<i>Physalis</i> <i>pumila</i> Nutt.,SPECIES,Solanaceae,7717,Physalis,2928907,Physalis pumila,5341810,100,EXACT
Viola × slavinii,5331269,Viola slavinii,<i>Viola</i> × <i>slavinii</i> House,SPECIES,Violaceae,6631,Viola,2874237,Viola slavinii,5331269,100,EXACT
Yucca glauca glauca,6437932,Yucca glauca glauca,<i>Yucca</i> <i>glauca</i> var. <i>glauca</i>,VARIETY,Asparagaceae,7683,Yucca,2775496,Yucca glauca,2775497,88,EXACT
Pinus cembroides cembroides,7306151,Pinus cembroides cembroides,<i>Pinus</i> <i>cembroides</i> subsp. <i>cembroides</i>,SUBSPECIES,Pinaceae,3925,Pinus,2684241,Pinus cembroides,5285172,85,EXACT
Crataegus holmesiana,3014062,Crataegus holmesiana,<i>Crataegus</i> <i>holmesiana</i> Ashe,SPECIES,Rosaceae,5015,Crataegus,3013395,Crataegus holmesiana,3014062,100,EXACT
Viburnum × rhytidophylloides,2888588,Viburnum rhytidophylloides,<i>Viburnum</i> × <i>rhytidophylloides</i> Suringar,SPECIES,Viburnaceae,4924416,Viburnum,2888580,Viburnum rhytidophylloides,2888588,100,EXACT
Cirsium calcareum,3112592,Cirsium calcareum,<i>Cirsium</i> <i>calcareum</i> (M.E.Jones) Wooton & Standl.,SPECIES,Asteraceae,3065,Cirsium,3112554,Cirsium calcareum,3112592,100,EXACT
Cirsium hydrophilum,3112555,Cirsium hydrophilum,<i>Cirsium</i> <i>hydrophilum</i> (Greene) Jeps.,SPECIES,Asteraceae,3065,Cirsium,3112554,Cirsium hydrophilum,3112555,100,EXACT
Vitis × novae-angliae,5372397,Vitis novae-angliae,<i>Vitis</i> × <i>novae-angliae</i> Fernald,SPECIES,Vitaceae,6672,Vitis,7467468,Vitis novae-angliae,5372397,100,EXACT
Allium tuberosum,2856297,Allium tuberosum,<i>Allium</i> <i>tuberosum</i> Rottler ex Spreng.,SPECIES,Amaryllidaceae,7682,Allium,9624496,Allium tuberosum,2856297,99,EXACT
Lycopus americanus,5341461,Lycopus americanus,<i>Lycopus</i> <i>americanus</i> Muhl. ex W.P.C.Barton,SPECIES,Lamiaceae,2497,Lycopus,2927122,Lycopus americanus,5341461,99,EXACT
Physalis neomexicana,5581229,Physalis neomexicana,<i>Physalis</i> <i>neomexicana</i> Rydb.,SPECIES,Solanaceae,7717,Physalis,2928907,Physalis neomexicana,5581229,100,EXACT
Yucca utahensis,2775714,Yucca utahensis,<i>Yucca</i> <i>utahensis</i> McKelvey,SPECIES,Asparagaceae,7683,Yucca,2775496,Yucca utahensis,2775714,100,EXACT
Cirsium wrightii,3113171,Cirsium wrightii,<i>Cirsium</i> <i>wrightii</i> A.Gray,SPECIES,Asteraceae,3065,Cirsium,3112554,Cirsium wrightii,3113171,100,EXACT
Ceanothus foliosus foliosus,7219566,Ceanothus foliosus foliosus,<i>Ceanothus</i> <i>foliosus</i> var. <i>foliosus</i>,VARIETY,Rhamnaceae,2407,Ceanothus,3039297,Ceanothus foliosus,3039336,85,EXACT
Pinus ponderosa benthamiana,5285064,Pinus ponderosa benthamiana,<i>Pinus</i> <i>ponderosa</i> var. <i>benthamiana</i> (Hartw.) Vasey,VARIETY,Pinaceae,3925,Pinus,2684241,Pinus ponderosa,5285053,84,EXACT
Rubus illecebrosus,2995508,Rubus illecebrosus,<i>Rubus</i> <i>illecebrosus</i> Focke,SPECIES,Rosaceae,5015,Rubus,2988638,Rubus illecebrosus,2995508,100,EXACT
Amphicarpaea bracteata bracteata,6592498,Amphicarpaea bracteata bracteata,<i>Amphicarpaea</i> <i>bracteata</i> subsp. <i>bracteata</i>,SUBSPECIES,Fabaceae,5386,Amphicarpaea,2960157,Amphicarpaea bracteata,2960161,84,EXACT
Clinopodium talladeganum,12211980,Clinopodium talladeganum,<i>Clinopodium</i> <i>talladeganum</i> B.R.Keener & Floden,SPECIES,Lamiaceae,2497,Clinopodium,2926907,Clinopodium talladeganum,12211980,100,EXACT
Acer rubrum drummondii,6449332,Acer rubrum drummondii,<i>Acer</i> <i>rubrum</i> var. <i>drummondii</i> (Hook. & Arn. ex Nutt.) Sarg.,VARIETY,Sapindaceae,6657,Acer,3189834,Acer rubrum,3189883,85,EXACT
Rubus hancinianus,2993414,Rubus hancinianus,<i>Rubus</i> <i>hancinianus</i> L.H.Bailey,SPECIES,Rosaceae,5015,Rubus,2988638,Rubus hancinianus,2993414,100,EXACT
Vaccinium reticulatum,2882863,Vaccinium reticulatum,<i>Vaccinium</i> <i>reticulatum</i> Sm.,SPECIES,Ericaceae,2505,Vaccinium,2882813,Vaccinium reticulatum,2882863,100,EXACT
Smilax ecirrhata,5295258,Smilax ecirrhata,<i>Smilax</i> <i>ecirrhata</i> (Engelm. ex Kunth) S.Watson,SPECIES,Smilacaceae,7702,Smilax,2740627,Smilax ecirrhata,5295258,100,EXACT
Allium plummerae,2857533,Allium plummerae,<i>Allium</i> <i>plummerae</i> S.Watson,SPECIES,Amaryllidaceae,7682,Allium,9624496,Allium plummerae,2857533,100,EXACT
Ribes niveum,2986171,Ribes niveum,<i>Ribes</i> <i>niveum</i> Lindl.,SPECIES,Grossulariaceae,2403,Ribes,2986095,Ribes niveum,2986171,100,EXACT
Lepidium virginicum menziesii,5376651,Lepidium virginicum menziesii,<i>Lepidium</i> <i>virginicum</i> subsp. <i>menziesii</i> (DC.) Thell.,SUBSPECIES,Brassicaceae,3112,Lepidium,3051713,Lepidium virginicum,5376648,85,EXACT
Smilax pulverulenta,5295724,Smilax pulverulenta,<i>Smilax</i> <i>pulverulenta</i> Michx.,SPECIES,Smilacaceae,7702,Smilax,2740627,Smilax pulverulenta,5295724,100,EXACT
Ribes canthariforme,2986144,Ribes canthariforme,<i>Ribes</i> <i>canthariforme</i> Wiggins,SPECIES,Grossulariaceae,2403,Ribes,2986095,Ribes canthariforme,2986144,100,EXACT
Callirhoe involucrata involucrata,8132811,Callirhoe involucrata involucrata,<i>Callirhoe</i> <i>involucrata</i> var. <i>involucrata</i>,VARIETY,Malvaceae,6685,Callirhoe,3152285,Callirhoe involucrata,5406702,88,EXACT
Pilea pumila pumila,7300885,Pilea pumila pumila,<i>Pilea</i> <i>pumila</i> f. <i>pumila</i>,FORM,Urticaceae,6639,Pilea,2984417,Pilea pumila,5361818,84,EXACT
Crataegus schuettei,3014267,Crataegus schuettei,<i>Crataegus</i> <i>schuettei</i> Ashe,SPECIES,Rosaceae,5015,Crataegus,3013395,Crataegus schuettei,3014267,100,EXACT
Rubus hirsutus,2989128,Rubus hirsutus,<i>Rubus</i> <i>hirsutus</i> Thunb.,SPECIES,Rosaceae,5015,Rubus,2988638,Rubus hirsutus,2989128,99,EXACT
Viola umbraticola glaberrima,5665281,Viola umbraticola glaberrima,<i>Viola</i> <i>umbraticola</i> var. <i>glaberrima</i> W.Becker,VARIETY,Violaceae,6631,Viola,2874237,Viola umbraticola,5331292,88,EXACT
Vaccinium oxycoccos,2882940,Vaccinium oxycoccos,<i>Vaccinium</i> <i>oxycoccos</i> L.,SPECIES,Ericaceae,2505,Vaccinium,2882813,Vaccinium oxycoccos,2882940,100,EXACT
Physalis acutifolia,5341769,Physalis acutifolia,<i>Physalis</i> <i>acutifolia</i> (Miers) Sandwith,SPECIES,Solanaceae,7717,Physalis,2928907,Physalis acutifolia,5341769,100,EXACT
Stellaria sitchana,6364942,Stellaria sitchana,<i>Stellaria</i> <i>sitchana</i> Steud.,SPECIES,Caryophyllaceae,2518,Stellaria,3085667,Stellaria sitchana,6364942,100,EXACT
Stellaria cuspidata,5384613,Stellaria cuspidata,<i>Stellaria</i> <i>cuspidata</i> Willd. ex D.F.K.Schltdl.,SPECIES,Caryophyllaceae,2518,Stellaria,3085667,Stellaria cuspidata,5384613,99,EXACT
Chaerophyllum tainturieri tainturieri,6423721,Chaerophyllum tainturieri tainturieri,<i>Chaerophyllum</i> <i>tainturieri</i> var. <i>tainturieri</i>,VARIETY,Apiaceae,6720,Chaerophyllum,3034649,Chaerophyllum tainturieri,3034651,88,EXACT
Liatris punctata punctata,4273401,Liatris punctata punctata,<i>Liatris</i> <i>punctata</i> var. <i>punctata</i>,VARIETY,Asteraceae,3065,Liatris,3104263,Liatris punctata,3104349,85,EXACT
Rumex hydrolapathum,7291247,Rumex hydrolapathum,<i>Rumex</i> <i>hydrolapathum</i> (Scop.) Huds.,SPECIES,Polygonaceae,2416,Rumex,2888942,Rumex hydrolapathum,7291247,99,EXACT
Physalis hederifolia comata,5581353,Physalis hederifolia comata,<i>Physalis</i> <i>hederifolia</i> var. <i>comata</i> (Rydb.) Waterf.,VARIETY,Solanaceae,7717,Physalis,2928907,Physalis hederifolia,5341807,88,EXACT
Pinus sabiniana,5285255,Pinus sabiniana,<i>Pinus</i> <i>sabiniana</i> Douglas ex D.Don,SPECIES,Pinaceae,3925,Pinus,2684241,Pinus sabiniana,5285255,99,EXACT
Quercus palmeri,2880352,Quercus palmeri,<i>Quercus</i> <i>palmeri</i> (Engelm.) Engelm.,SPECIES,Fagaceae,4689,Quercus,2877951,Quercus palmeri,2880352,100,EXACT
Rubus hawaiensis,2996680,Rubus hawaiensis,<i>Rubus</i> <i>hawaiensis</i> A.Gray,SPECIES,Rosaceae,5015,Rubus,2988638,Rubus hawaiensis,2996680,100,EXACT
Ceanothus martini,3876938,Ceanothus martini,<i>Ceanothus</i> <i>martini</i> M.E.Jones,SPECIES,Rhamnaceae,2407,Ceanothus,3039297,Ceanothus martini,3876938,100,EXACT
Perilla frutescens crispa,7905147,Perilla frutescens crispa,<i>Perilla</i> <i>frutescens</i> var. <i>crispa</i> (Thunb.) H.Deane,VARIETY,Lamiaceae,2497,Perilla,2926832,Perilla frutescens,5341394,85,EXACT
Allium fistulosum,2856504,Allium fistulosum,<i>Allium</i> <i>fistulosum</i> L.,SPECIES,Amaryllidaceae,7682,Allium,9624496,Allium fistulosum,2856504,100,EXACT
Crataegus chrysocarpa praecox,3015864,Crataegus chrysocarpa praecox,<i>Crataegus</i> <i>chrysocarpa</i> var. <i>praecox</i> (Sarg.) J.B.Phipps,VARIETY,Rosaceae,5015,Crataegus,3013395,Crataegus chrysocarpa,3015853,88,EXACT
Viola pedunculata tenuifolia,5663443,Viola pedunculata tenuifolia,<i>Viola</i> <i>pedunculata</i> subsp. <i>tenuifolia</i> Baker & Clausen,SUBSPECIES,Violaceae,6631,Viola,2874237,Viola pedunculata,5331230,85,EXACT
Persicaria filiformis,7291643,Persicaria filiformis,<i>Persicaria</i> <i>filiformis</i> (Thunb.) Nakai,SPECIES,Polygonaceae,2416,Persicaria,6390748,Persicaria filiformis,7291643,100,EXACT
Quercus marilandica,2881630,Quercus marilandica,<i>Quercus</i> <i>marilandica</i> (L.) Münchh.,SPECIES,Fagaceae,4689,Quercus,2877951,Quercus marilandica,2881630,100,EXACT
Salicornia pacifica,5383928,Salicornia pacifica,<i>Salicornia</i> <i>pacifica</i> Standl.,SPECIES,Amaranthaceae,3064,Salicornia,3083796,Salicornia pacifica,5383928,100,EXACT
Viola lobata,5331345,Viola lobata,<i>Viola</i> <i>lobata</i> Benth.,SPECIES,Violaceae,6631,Viola,2874237,Viola lobata,5331345,100,EXACT
Physalis grisea,5341797,Physalis grisea,<i>Physalis</i> <i>grisea</i> (Waterf.) M.Martínez,SPECIES,Solanaceae,7717,Physalis,2928907,Physalis grisea,5341797,100,EXACT
Rumex spinosus,2888870,Rumex spinosus,<i>Rumex</i> <i>spinosus</i> L.,SPECIES,Polygonaceae,2416,Rumex,2888942,Rumex spinosus,2888870,99,EXACT
Yucca gloriosa tristis,2775683,Yucca gloriosa tristis,<i>Yucca</i> <i>gloriosa</i> var. <i>tristis</i> Carrière,VARIETY,Asparagaceae,7683,Yucca,2775496,Yucca gloriosa,2775619,88,EXACT
Ribes sanguineum sanguineum,7219277,Ribes sanguineum sanguineum,<i>Ribes</i> <i>sanguineum</i> var. <i>sanguineum</i>,VARIETY,Grossulariaceae,2403,Ribes,2986095,Ribes sanguineum,2986130,88,EXACT
Yucca faxoniana,2775736,Yucca faxoniana,<i>Yucca</i> <i>faxoniana</i> (Trel.) Sarg.,SPECIES,Asparagaceae,7683,Yucca,2775496,Yucca faxoniana,2775736,100,EXACT
Monarda fistulosa fistulosa,7226106,Monarda fistulosa fistulosa,<i>Monarda</i> <i>fistulosa</i> var. <i>fistulosa</i>,VARIETY,Lamiaceae,2497,Monarda,2926838,Monarda fistulosa,5341411,85,EXACT
Quercus × rehderi,2880500,Quercus rehderi,<i>Quercus</i> × <i>rehderi</i> Trel.,SPECIES,Fagaceae,4689,Quercus,2877951,Quercus rehderi,2880500,100,EXACT
Rhus trilobata simplicifolia,3659665,Rhus trilobata simplicifolia,<i>Rhus</i> <i>trilobata</i> var. <i>simplicifolia</i> (Greene) F.A.Barkley,VARIETY,Anacardiaceae,2398,Rhus,3190534,Rhus trilobata,3190562,88,EXACT
Tradescantia cerinthoides,2765318,Tradescantia cerinthoides,<i>Tradescantia</i> <i>cerinthoides</i> Kunth,SPECIES,Commelinaceae,2763195,Tradescantia,2765096,Tradescantia cerinthoides,2765318,100,EXACT
Oxalis montana,2891760,Oxalis montana,<i>Oxalis</i> <i>montana</i> Raf.,SPECIES,Oxalidaceae,6697,Oxalis,2891642,Oxalis montana,2891760,100,EXACT
Rubus recurvans,2998629,Rubus recurvans,<i>Rubus</i> <i>recurvans</i> Blanch.,SPECIES,Rosaceae,5015,Rubus,2988638,Rubus recurvans,2998629,100,EXACT
Vaccinium tenellum,2882847,Vaccinium tenellum,<i>Vaccinium</i> <i>tenellum</i> Aiton,SPECIES,Ericaceae,2505,Vaccinium,2882813,Vaccinium tenellum,2882847,99,EXACT
Allium columbianum,2855924,Allium columbianum,"<i>Allium</i> <i>columbianum</i> (Ownbey & Mingrone) P.M.Peterson, Annable & Rieseberg",SPECIES,Amaryllidaceae,7682,Allium,9624496,Allium columbianum,2855924,100,EXACT
Petasites frigidus sagittatus,4238351,Petasites frigidus sagittatus,<i>Petasites</i> <i>frigidus</i> var. <i>sagittatus</i> (Banks ex Pursh) Chern.,VARIETY,Asteraceae,3065,Petasites,10717129,Petasites frigidus,3088323,85,EXACT
Viola latiuscula,5331245,Viola latiuscula,<i>Viola</i> <i>latiuscula</i> Greene,SPECIES,Violaceae,6631,Viola,2874237,Viola latiuscula,5331245,100,EXACT
Suaeda taxifolia,6447543,Suaeda taxifolia,<i>Suaeda</i> <i>taxifolia</i> (Standl.) Standl.,SPECIES,Amaranthaceae,3064,Suaeda,7677792,Suaeda taxifolia,6447543,100,EXACT
Phytolacca americana americana,7219448,Phytolacca americana americana,<i>Phytolacca</i> <i>americana</i> var. <i>americana</i>,VARIETY,Phytolaccaceae,2516,Phytolacca,3084013,Phytolacca americana,3084015,88,EXACT
Trillium viridescens,2742323,Trillium viridescens,<i>Trillium</i> <i>viridescens</i> Nutt.,SPECIES,Melanthiaceae,7700,Trillium,2742182,Trillium viridescens,2742323,100,EXACT
Chamaenerion angustifolium circumvagum,3666480,Chamaenerion angustifolium circumvagum,<i>Chamaenerion</i> <i>angustifolium</i> subsp. <i>circumvagum</i> (Mosquin) Moldenke,SUBSPECIES,Onagraceae,2430,Chamaenerion,8406741,Chamaenerion angustifolium,6428353,88,EXACT
Yucca thompsoniana,2775783,Yucca thompsoniana,<i>Yucca</i> <i>thompsoniana</i> Trel.,SPECIES,Asparagaceae,7683,Yucca,2775496,Yucca thompsoniana,2775783,100,EXACT
Monarda stipitatoglandulosa,5605189,Monarda stipitatoglandulosa,<i>Monarda</i> <i>stipitatoglandulosa</i> Waterf.,SPECIES,Lamiaceae,2497,Monarda,2926838,Monarda fistulosa,5341411,100,EXACT
Viola flettii,5331224,Viola flettii,<i>Viola</i> <i>flettii</i> Piper,SPECIES,Violaceae,6631,Viola,2874237,Viola flettii,5331224,100,EXACT
Allium proliferum,3697844,Allium proliferum,<i>Allium</i> × <i>proliferum</i> (Moench) Schrad. ex Willd.,SPECIES,Amaryllidaceae,7682,Allium,9624496,Allium proliferum,3697844,99,EXACT
Viola sororia sororia,5927922,Viola sororia sororia,<i>Viola</i> <i>sororia</i> subsp. <i>sororia</i>,SUBSPECIES,Violaceae,6631,Viola,2874237,Viola sororia,5331238,84,EXACT
Claytonia scammaniana,9219805,Claytonia scammaniana,<i>Claytonia</i> <i>scammaniana</i> Hultén,SPECIES,Montiaceae,4898338,Claytonia,3084729,Claytonia scammaniana,9219805,100,EXACT
Ceanothus oliganthus oliganthus,6449224,Ceanothus oliganthus oliganthus,<i>Ceanothus</i> <i>oliganthus</i> subsp. <i>oliganthus</i>,SUBSPECIES,Rhamnaceae,2407,Ceanothus,3039297,Ceanothus oliganthus,3039398,88,EXACT
Sideroxylon lanuginosum lanuginosum,7065384,Sideroxylon lanuginosum lanuginosum,<i>Sideroxylon</i> <i>lanuginosum</i> subsp. <i>lanuginosum</i>,SUBSPECIES,Sapotaceae,8802,Sideroxylon,2886817,Sideroxylon lanuginosum,2887069,88,EXACT
Cirsium ciliolatum,3113022,Cirsium ciliolatum,<i>Cirsium</i> <i>ciliolatum</i> (L.F.Hend.) J.T.Howell,SPECIES,Asteraceae,3065,Cirsium,3112554,Cirsium ciliolatum,3113022,100,EXACT
Cercis canadensis canadensis,10743523,Cercis canadensis canadensis,<i>Cercis</i> <i>canadensis</i> subsp. <i>canadensis</i>,SUBSPECIES,Fabaceae,5386,Cercis,2955919,Cercis canadensis,5353583,85,EXACT
Yucca gigantea,2775716,Yucca gigantea,<i>Yucca</i> <i>gigantea</i> Lem.,SPECIES,Asparagaceae,7683,Yucca,2775496,Yucca gigantea,2775716,100,EXACT
Yucca harrimaniae,2775580,Yucca harrimaniae,<i>Yucca</i> <i>harrimaniae</i> Trel.,SPECIES,Asparagaceae,7683,Yucca,2775496,Yucca harrimaniae,2775580,100,EXACT
Oxypolis rigidior ambigua,3034756,Oxypolis rigidior ambigua,<i>Oxypolis</i> <i>rigidior</i> var. <i>ambigua</i> (Nutt.) B.L.Rob.,VARIETY,Apiaceae,6720,Oxypolis,3034746,Oxypolis rigidior,3034755,88,EXACT
Carya myristiciformis,8093912,Carya myristiciformis,<i>Carya</i> <i>myristiciformis</i> (F.Michx.) Nutt.,SPECIES,Juglandaceae,2499,Carya,3054287,Carya myristiciformis,8093912,99,EXACT
Claytonia perfoliata perfoliata,7095665,Claytonia perfoliata perfoliata,<i>Claytonia</i> <i>perfoliata</i> subsp. <i>perfoliata</i>,SUBSPECIES,Montiaceae,4898338,Claytonia,3084729,Claytonia perfoliata,7736011,85,EXACT
Persicaria maculosa maculosa,7291447,Persicaria maculosa maculosa,<i>Persicaria</i> <i>maculosa</i> var. <i>maculosa</i>,VARIETY,Polygonaceae,2416,Persicaria,6390748,Persicaria maculosa,6391194,88,EXACT
Allium runyonii,2857491,Allium runyonii,<i>Allium</i> <i>runyonii</i> Ownbey,SPECIES,Amaryllidaceae,7682,Allium,9624496,Allium runyonii,2857491,100,EXACT
Yucca treculiana,9163943,Yucca treculiana,<i>Yucca</i> <i>treculiana</i> Carrière,SPECIES,Asparagaceae,7683,Yucca,2775496,Yucca treculiana,9163943,100,EXACT
Pteridium aquilinum decompositum,8066744,Pteridium aquilinum decompositum,<i>Pteridium</i> <i>aquilinum</i> subsp. <i>decompositum</i> (Gaudich.) Lamoureux ex J.A.Thomson,SUBSPECIES,Dennstaedtiaceae,6623,Pteridium,5275011,Pteridium aquilinum,5275012,85,EXACT
Lilium kelleyanum,2753048,Lilium kelleyanum,<i>Lilium</i> <i>kelleyanum</i> Lemmon,SPECIES,Liliaceae,7699,Lilium,2752977,Lilium kelleyanum,2753048,100,EXACT
Physalis cordata,5341803,Physalis cordata,<i>Physalis</i> <i>cordata</i> Mill.,SPECIES,Solanaceae,7717,Physalis,2928907,Physalis cordata,5341803,100,EXACT
Monarda fistulosa mollis,7750598,Monarda fistulosa mollis,<i>Monarda</i> <i>fistulosa</i> var. <i>mollis</i> (L.) L.,VARIETY,Lamiaceae,2497,Monarda,2926838,Monarda fistulosa,5341411,85,EXACT
Malus sylvestris,3001509,Malus sylvestris,<i>Malus</i> <i>sylvestris</i> Mill.,SPECIES,Rosaceae,5015,Malus,3001068,Malus sylvestris,3001509,99,EXACT
Allium allegheniense,2857541,Allium allegheniense,<i>Allium</i> <i>allegheniense</i> Small,SPECIES,Amaryllidaceae,7682,Allium,9624496,Allium cernuum,2856745,100,EXACT
Rubus parvifolius parvifolius,2995270,Rubus parvifolius parvifolius,<i>Rubus</i> <i>parvifolius</i> subsp. <i>parvifolius</i>,SUBSPECIES,Rosaceae,5015,Rubus,2988638,Rubus parvifolius,2991373,85,EXACT
Allium tolmiei persimile,2857531,Allium tolmiei persimile,<i>Allium</i> <i>tolmiei</i> var. <i>persimile</i> Ownbey,VARIETY,Amaryllidaceae,7682,Allium,9624496,Allium tolmiei,2857235,88,EXACT
Pinus nigra nigra,7230699,Pinus nigra nigra,<i>Pinus</i> <i>nigra</i> subsp. <i>nigra</i>,SUBSPECIES,Pinaceae,3925,Pinus,2684241,Pinus nigra,5284809,85,EXACT
Plantago maritima californica,4156230,Plantago maritima californica,<i>Plantago</i> <i>maritima</i> var. <i>californica</i> (Fernald) Pilg.,VARIETY,Plantaginaceae,2420,Plantago,3189695,Plantago maritima,3189755,88,EXACT
Crataegus sargentii,3014795,Crataegus sargentii,<i>Crataegus</i> <i>sargentii</i> Beadle,SPECIES,Rosaceae,5015,Crataegus,3013395,Crataegus sargentii,3014795,100,EXACT
Vaccinium uliginosum uliginosum,7223549,Vaccinium uliginosum uliginosum,<i>Vaccinium</i> <i>uliginosum</i> subsp. <i>uliginosum</i>,SUBSPECIES,Ericaceae,2505,Vaccinium,2882813,Vaccinium uliginosum,8073364,85,EXACT
Suaeda calceoliformis,3083542,Suaeda calceoliformis,<i>Suaeda</i> <i>calceoliformis</i> (Hook.) Moq.,SPECIES,Amaranthaceae,3064,Suaeda,7677792,Suaeda calceoliformis,3083542,100,EXACT
Mentha suaveolens,2927190,Mentha suaveolens,<i>Mentha</i> <i>suaveolens</i> Ehrh.,SPECIES,Lamiaceae,2497,Mentha,2927173,Mentha suaveolens,2927190,99,EXACT
Triglochin concinna concinna,4925476,Triglochin concinna concinna,<i>Triglochin</i> <i>concinna</i> var. <i>concinna</i>,VARIETY,Juncaginaceae,7679,Triglochin,2777072,Triglochin maritima,2865368,88,EXACT
Rubus ellipticus obcordatus,2991322,Rubus ellipticus obcordatus,<i>Rubus</i> <i>ellipticus</i> var. <i>obcordatus</i> (Franch.) Focke,VARIETY,Rosaceae,5015,Rubus,2988638,Rubus ellipticus,2991314,85,EXACT
Lactuca hirsuta sanguinea,4211929,Lactuca hirsuta sanguinea,<i>Lactuca</i> <i>hirsuta</i> var. <i>sanguinea</i> (Bigelow) Fernald,VARIETY,Asteraceae,3065,Lactuca,3140231,Lactuca hirsuta,7521930,88,EXACT
Allium sanbornii sanbornii,7070088,Allium sanbornii sanbornii,<i>Allium</i> <i>sanbornii</i> var. <i>sanbornii</i>,VARIETY,Amaryllidaceae,7682,Allium,9624496,Allium sanbornii,2856940,85,EXACT
Juniperus communis communis,7230662,Juniperus communis communis,<i>Juniperus</i> <i>communis</i> var. <i>communis</i>,VARIETY,Cupressaceae,8144,Juniperus,2684359,Juniperus communis,2684709,85,EXACT
Persicaria puritanorum,4033275,Persicaria puritanorum,<i>Persicaria</i> <i>puritanorum</i> (Fernald) Soják,SPECIES,Polygonaceae,2416,Persicaria,6390748,Persicaria maculosa,6391194,100,EXACT
Claytonia peirsonii californacis,9553866,Claytonia peirsonii californacis,<i>Claytonia</i> <i>peirsonii</i> subsp. <i>californacis</i> Stoughton,SUBSPECIES,Montiaceae,4898338,Claytonia,3084729,Claytonia peirsonii,9479365,88,EXACT
Rubus glaucifolius,2991817,Rubus glaucifolius,<i>Rubus</i> <i>glaucifolius</i> Kellogg,SPECIES,Rosaceae,5015,Rubus,2988638,Rubus glaucifolius,2991817,99,EXACT
Pinus brachyptera,5285073,Pinus brachyptera,<i>Pinus</i> <i>brachyptera</i> Engelm.,SPECIES,Pinaceae,3925,Pinus,2684241,Pinus ponderosa,5285053,100,EXACT
Cercis canadensis mexicana,7372138,Cercis canadensis mexicana,<i>Cercis</i> <i>canadensis</i> subsp. <i>mexicana</i> (Rose) A.E.Murray,SUBSPECIES,Fabaceae,5386,Cercis,2955919,Cercis canadensis,5353583,85,EXACT
Muscari neglectum,2772020,Muscari neglectum,<i>Muscari</i> <i>neglectum</i> Guss. ex Ten.,SPECIES,Asparagaceae,7683,Muscari,2772004,Muscari neglectum,2772020,99,EXACT
Yucca campestris,2775731,Yucca campestris,<i>Yucca</i> <i>campestris</i> McKelvey,SPECIES,Asparagaceae,7683,Yucca,2775496,Yucca campestris,2775731,100,EXACT
Ceanothus integerrimus macrothyrsus,3039387,Ceanothus integerrimus macrothyrsus,<i>Ceanothus</i> <i>integerrimus</i> var. <i>macrothyrsus</i> (Torr.) G.T.Benson,VARIETY,Rhamnaceae,2407,Ceanothus,3039297,Ceanothus integerrimus,3039382,88,EXACT
Oxalis stricta rufa,2891672,Oxalis stricta rufa,<i>Oxalis</i> <i>stricta</i> var. <i>rufa</i> (Small) Farw.,VARIETY,Oxalidaceae,6697,Oxalis,2891642,Oxalis stricta,9823072,88,EXACT
Crataegus wootoniana,3015467,Crataegus wootoniana,<i>Crataegus</i> <i>wootoniana</i> Eggl.,SPECIES,Rosaceae,5015,Crataegus,3013395,Crataegus wootoniana,3015467,100,EXACT
Rubus × neglectus,2993166,Rubus neglectus,<i>Rubus</i> × <i>neglectus</i> Peck,SPECIES,Rosaceae,5015,Rubus,2988638,Rubus neglectus,2993166,99,EXACT
Crataegus padifolia,3014620,Crataegus padifolia,<i>Crataegus</i> <i>padifolia</i> Sarg.,SPECIES,Rosaceae,5015,Crataegus,3013395,Crataegus padifolia,3014620,100,EXACT
Engellaria obtusa,12147223,Engellaria obtusa,<i>Engellaria</i> <i>obtusa</i> (Engelm.) Iamonico,SPECIES,Caryophyllaceae,2518,Stellaria,3085667,Stellaria obtusa,5384601,100,EXACT
Oxalis pes-caprae,2891661,Oxalis pes-caprae,<i>Oxalis</i> <i>pes-caprae</i> L.,SPECIES,Oxalidaceae,6697,Oxalis,2891642,Oxalis pes-caprae,2891661,99,EXACT
Hylotelephium telephium telephium,6441863,Hylotelephium telephium telephium,<i>Hylotelephium</i> <i>telephium</i> subsp. <i>telephium</i>,SUBSPECIES,Crassulaceae,2406,Hylotelephium,2985862,Hylotelephium telephium,2985865,88,EXACT
Vitis californica,5372406,Vitis californica,<i>Vitis</i> <i>californica</i> Benth.,SPECIES,Vitaceae,6672,Vitis,7467468,Vitis californica,5372406,99,EXACT
Cirsium occidentale californicum,4220456,Cirsium occidentale californicum,<i>Cirsium</i> <i>occidentale</i> var. <i>californicum</i> (A.Gray) D.J.Keil & C.E.Turner,VARIETY,Asteraceae,3065,Cirsium,3112554,Cirsium occidentale,3114557,88,EXACT
Trillium decumbens,2742407,Trillium decumbens,<i>Trillium</i> <i>decumbens</i> Harb.,SPECIES,Melanthiaceae,7700,Trillium,2742182,Trillium decumbens,2742407,100,EXACT
Trillium recurvatum recurvatum,7812950,Trillium recurvatum recurvatum,<i>Trillium</i> <i>recurvatum</i> f. <i>recurvatum</i>,FORM,Melanthiaceae,7700,Trillium,2742182,Trillium recurvatum,2742260,88,EXACT
Trillium chloropetalum chloropetalum,7227510,Trillium chloropetalum chloropetalum,<i>Trillium</i> <i>chloropetalum</i> var. <i>chloropetalum</i>,VARIETY,Melanthiaceae,7700,Trillium,2742182,Trillium chloropetalum,2742377,88,EXACT
Claytonia panamintensis,9556440,Claytonia panamintensis,<i>Claytonia</i> <i>panamintensis</i> Stoughton,SPECIES,Montiaceae,4898338,Claytonia,3084729,Claytonia panamintensis,9556440,100,EXACT
Nuphar sagittifolia,3697703,Nuphar sagittifolia,<i>Nuphar</i> <i>sagittifolia</i> (Walter) Pursh,SPECIES,Nymphaeaceae,2423,Nuphar,2882408,Nuphar sagittifolia,3697703,100,EXACT
Crataegus berberifolia engelmannii,3014986,Crataegus berberifolia engelmannii,<i>Crataegus</i> <i>berberifolia</i> var. <i>engelmannii</i> (Sarg.) Eggl.,VARIETY,Rosaceae,5015,Crataegus,3013395,Crataegus berberifolia,3014985,88,EXACT
Lomatium macdougalii,3634548,Lomatium macdougalii,<i>Lomatium</i> <i>macdougalii</i> J.M.Coult. & Rose,SPECIES,Apiaceae,6720,Lomatium,8394726,Lomatium foeniculaceum,3034267,100,EXACT
Viburnum bracteatum,2888598,Viburnum bracteatum,<i>Viburnum</i> <i>bracteatum</i> Rehder,SPECIES,Viburnaceae,4924416,Viburnum,2888580,Viburnum bracteatum,2888598,100,EXACT
Chaerophyllum procumbens procumbens,6423733,Chaerophyllum procumbens procumbens,<i>Chaerophyllum</i> <i>procumbens</i> var. <i>procumbens</i>,VARIETY,Apiaceae,6720,Chaerophyllum,3034649,Chaerophyllum procumbens,3034652,88,EXACT
Malus × dawsoniana,3001305,Malus dawsoniana,<i>Malus</i> × <i>dawsoniana</i> Rehder,SPECIES,Rosaceae,5015,Malus,3001068,Malus dawsoniana,3001305,100,EXACT
Crataegus nananixonii,3014888,Crataegus nananixonii,<i>Crataegus</i> <i>nananixonii</i> J.B.Phipps & O'Kennon,SPECIES,Rosaceae,5015,Crataegus,3013395,Crataegus nananixonii,3014888,100,EXACT
Allium karataviense,2856891,Allium karataviense,<i>Allium</i> <i>karataviense</i> Regel,SPECIES,Amaryllidaceae,7682,Allium,9624496,Allium karataviense,2856891,100,EXACT
Cirsium scariosum,3113127,Cirsium scariosum,<i>Cirsium</i> <i>scariosum</i> Nutt.,SPECIES,Asteraceae,3065,Cirsium,3112554,Cirsium scariosum,3113127,100,EXACT
Viburnum acerifolium,2888596,Viburnum acerifolium,<i>Viburnum</i> <i>acerifolium</i> L.,SPECIES,Viburnaceae,4924416,Viburnum,2888580,Viburnum acerifolium,2888596,99,EXACT
Cirsium pumilum hillii,4219668,Cirsium pumilum hillii,<i>Cirsium</i> <i>pumilum</i> var. <i>hillii</i> (Canby) B.Boivin,VARIETY,Asteraceae,3065,Cirsium,3112554,Cirsium pumilum,3112698,85,EXACT
Quercus × ewanii,9327213,Quercus ewanii,<i>Quercus</i> × <i>ewanii</i> I.M.Turner,SPECIES,Fagaceae,4689,Quercus,2877951,Quercus ewanii,9327213,100,EXACT
Quercus rugosa,8386328,Quercus rugosa,<i>Quercus</i> <i>rugosa</i> Née,SPECIES,Fagaceae,4689,Quercus,2877951,Quercus rugosa,8386328,99,EXACT
Monarda russeliana,5341408,Monarda russeliana,<i>Monarda</i> <i>russeliana</i> Nutt. ex Sims,SPECIES,Lamiaceae,2497,Monarda,2926838,Monarda russeliana,5341408,99,EXACT
Ceanothus megacarpus insularis,6371326,Ceanothus megacarpus insularis,<i>Ceanothus</i> <i>megacarpus</i> var. <i>insularis</i> (Eastw.) Munz,VARIETY,Rhamnaceae,2407,Ceanothus,3039297,Ceanothus megacarpus,3039316,85,EXACT
Cirsium scariosum congdonii,4219319,Cirsium scariosum congdonii,<i>Cirsium</i> <i>scariosum</i> var. <i>congdonii</i> (R.J.Moore & Frankton) D.J.Keil,VARIETY,Asteraceae,3065,Cirsium,3112554,Cirsium congdonii,4223633,88,EXACT
Pycnanthemum torreyi,3891042,Pycnanthemum torreyi,<i>Pycnanthemum</i> <i>torreyi</i> Benth.,SPECIES,Lamiaceae,2497,Pycnanthemum,2927338,Pycnanthemum torreyi,3891042,100,EXACT
Rumex albescens,2888965,Rumex albescens,<i>Rumex</i> <i>albescens</i> Hillebr.,SPECIES,Polygonaceae,2416,Rumex,2888942,Rumex albescens,2888965,100,EXACT
Quercus × succulenta,2879049,Quercus succulenta,<i>Quercus</i> × <i>succulenta</i> Small,SPECIES,Fagaceae,4689,Quercus,2877951,Quercus succulenta,2879049,100,EXACT
Clinopodium nepeta nepeta,7096205,Clinopodium nepeta nepeta,<i>Clinopodium</i> <i>nepeta</i> subsp. <i>nepeta</i>,SUBSPECIES,Lamiaceae,2497,Clinopodium,2926907,Clinopodium nepeta,8916040,88,EXACT
Nemexia,11505357,Nemesia,"<i>Nemesia</i> sp. (Linnaeus, 1760) Pers.",SPECIES,Scrophulariaceae,2390,Nemesia,3170887,Nemesia,11505357,89,HIGHERRANK
Sanicula tracyi,3034837,Sanicula tracyi,<i>Sanicula</i> <i>tracyi</i> R.H.Shan & Constance,SPECIES,Apiaceae,6720,Sanicula,3034831,Sanicula tracyi,3034837,100,EXACT
Rubus acridens,2990899,Rubus acridens,<i>Rubus</i> <i>acridens</i> L.H.Bailey,SPECIES,Rosaceae,5015,Rubus,2988638,Rubus kennedyanus,2990896,100,EXACT
Pinus leiophylla,5285511,Pinus leiophylla,<i>Pinus</i> <i>leiophylla</i> Schiede ex Schltdl. & Cham.,SPECIES,Pinaceae,3925,Pinus,2684241,Pinus leiophylla,5285511,99,EXACT
Allium bisceptrum,2856600,Allium bisceptrum,<i>Allium</i> <i>bisceptrum</i> S.Watson,SPECIES,Amaryllidaceae,7682,Allium,9624496,Allium bisceptrum,2856600,100,EXACT
Yucca gloriosa,2775619,Yucca gloriosa,<i>Yucca</i> <i>gloriosa</i> L.,SPECIES,Asparagaceae,7683,Yucca,2775496,Yucca gloriosa,2775619,100,EXACT
Robinia hispida nana,5352231,Robinia hispida nana,<i>Robinia</i> <i>hispida</i> var. <i>nana</i> (Elliott) DC.,VARIETY,Fabaceae,5386,Robinia,2952066,Robinia hispida,5352221,88,EXACT
Ribes aureum gracillimum,6442202,Ribes aureum gracillimum,<i>Ribes</i> <i>aureum</i> var. <i>gracillimum</i> (Coville & Britton) Jeps.,VARIETY,Grossulariaceae,2403,Ribes,2986095,Ribes aureum,2986111,85,EXACT
Cirsium coloradense,6064069,Cirsium coloradense,<i>Cirsium</i> <i>coloradense</i> (Rydb.) Cockerell ex Daniels,SPECIES,Asteraceae,3065,Cirsium,3112554,Cirsium coloradense,6064069,99,EXACT
Ribes uva-crispa,2986185,Ribes uva-crispa,<i>Ribes</i> <i>uva-crispa</i> L.,SPECIES,Grossulariaceae,2403,Ribes,2986095,Ribes uva-crispa,2986185,99,EXACT
Yucca filamentosa filamentosa,7559707,Yucca filamentosa filamentosa,<i>Yucca</i> <i>filamentosa</i> var. <i>filamentosa</i>,VARIETY,Asparagaceae,7683,Yucca,2775496,Yucca filamentosa,2775561,88,EXACT
Crataegus lucorum,3014328,Crataegus lucorum,<i>Crataegus</i> <i>lucorum</i> Sarg.,SPECIES,Rosaceae,5015,Crataegus,3013395,Crataegus lucorum,3014328,100,EXACT
Ceanothus spinosus,3039307,Ceanothus spinosus,<i>Ceanothus</i> <i>spinosus</i> Nutt.,SPECIES,Rhamnaceae,2407,Ceanothus,3039297,Ceanothus spinosus,3039307,99,EXACT
Petasites frigidus frigidus,7222891,Petasites frigidus frigidus,<i>Petasites</i> <i>frigidus</i> var. <i>frigidus</i>,VARIETY,Asteraceae,3065,Petasites,10717129,Petasites frigidus,3088323,88,EXACT
Rubus macraei,2988908,Rubus macraei,<i>Rubus</i> <i>macraei</i> A.Gray,SPECIES,Rosaceae,5015,Rubus,2988638,Rubus macraei,2988908,100,EXACT
Cirsium ochrocentrum,3112785,Cirsium ochrocentrum,<i>Cirsium</i> <i>ochrocentrum</i> A.Gray,SPECIES,Asteraceae,3065,Cirsium,3112554,Cirsium ochrocentrum,3112785,100,EXACT
Vicia disperma,2974981,Vicia disperma,<i>Vicia</i> <i>disperma</i> DC.,SPECIES,Fabaceae,5386,Vicia,2974751,Vicia disperma,2974981,100,EXACT
Betula papyrifera kenaica,5331914,Betula papyrifera kenaica,<i>Betula</i> <i>papyrifera</i> var. <i>kenaica</i> (W.H.Evans) A.Henry,VARIETY,Betulaceae,4688,Betula,2875008,Betula papyrifera,5332120,84,EXACT
Pinus arizonica stormiae,5285097,Pinus arizonica stormiae,<i>Pinus</i> <i>arizonica</i> var. <i>stormiae</i> Martínez,VARIETY,Pinaceae,3925,Pinus,2684241,Pinus arizonica,5285094,85,EXACT
Tradescantia occidentalis scopulorum,2765324,Tradescantia occidentalis scopulorum,<i>Tradescantia</i> <i>occidentalis</i> var. <i>scopulorum</i> (Rose) E.S.Anderson & Woodson,VARIETY,Commelinaceae,2763195,Tradescantia,2765096,Tradescantia occidentalis,2765322,88,EXACT
Malus floribunda,3001365,Malus floribunda,<i>Malus</i> × <i>floribunda</i> Siebold ex Van Houtte,SPECIES,Rosaceae,5015,Malus,3001068,Malus floribunda,3001365,99,EXACT
Quercus × burnetensis,2879099,Quercus burnetensis,<i>Quercus</i> × <i>burnetensis</i> Little,SPECIES,Fagaceae,4689,Quercus,2877951,Quercus burnetensis,2879099,100,EXACT
Erythronium howellii,2752902,Erythronium howellii,<i>Erythronium</i> <i>howellii</i> S.Watson,SPECIES,Liliaceae,7699,Erythronium,2740136,Erythronium howellii,2752902,100,EXACT
Tradescantia sillamontana,2765120,Tradescantia sillamontana,<i>Tradescantia</i> <i>sillamontana</i> Matuda,SPECIES,Commelinaceae,2763195,Tradescantia,2765096,Tradescantia sillamontana,2765120,100,EXACT
Tradescantia ohiensis,2765175,Tradescantia ohiensis,<i>Tradescantia</i> <i>ohiensis</i> Raf.,SPECIES,Commelinaceae,2763195,Tradescantia,2765096,Tradescantia ohiensis,2765175,100,EXACT
Tradescantia spathacea,2765230,Tradescantia spathacea,<i>Tradescantia</i> <i>spathacea</i> Sw.,SPECIES,Commelinaceae,2763195,Tradescantia,2765096,Tradescantia spathacea,2765230,100,EXACT
Vitis arizonica,5372420,Vitis arizonica,<i>Vitis</i> <i>arizonica</i> Engelm.,SPECIES,Vitaceae,6672,Vitis,7467468,Vitis arizonica,5372420,100,EXACT
Pinus jeffreyi,8892957,Pinus jeffreyi,<i>Pinus</i> <i>jeffreyi</i> Balf.,SPECIES,Pinaceae,3925,Pinus,2684241,Pinus jeffreyi,8892957,99,EXACT
Oxalis pilosa,7531821,Oxalis pilosa,<i>Oxalis</i> <i>pilosa</i> Nutt. ex Torr. & A.Gray,SPECIES,Oxalidaceae,6697,Oxalis,2891642,Oxalis pilosa,7531821,99,EXACT
Sanicula smallii,3034865,Sanicula smallii,<i>Sanicula</i> <i>smallii</i> E.P.Bicknell,SPECIES,Apiaceae,6720,Sanicula,3034831,Sanicula smallii,3034865,100,EXACT
Allium scilloides,2857514,Allium scilloides,<i>Allium</i> <i>scilloides</i> Douglas ex S.Watson,SPECIES,Amaryllidaceae,7682,Allium,9624496,Allium scilloides,2857514,99,EXACT
Ribes divaricatum pubiflorum,4194543,Ribes divaricatum pubiflorum,<i>Ribes</i> <i>divaricatum</i> var. <i>pubiflorum</i> Koehne,VARIETY,Grossulariaceae,2403,Ribes,2986095,Ribes divaricatum,2986132,88,EXACT
Primula pauciflora pauciflora,7223627,Primula pauciflora pauciflora,<i>Primula</i> <i>pauciflora</i> var. <i>pauciflora</i>,VARIETY,Primulaceae,6674,Dodecatheon,7597718,Dodecatheon pulchellum,3169253,84,EXACT
Sorbus sitchensis grayi,3013002,Sorbus sitchensis grayi,<i>Sorbus</i> <i>sitchensis</i> subsp. <i>grayi</i> (Wenz.) Calder & R.L.Taylor,SUBSPECIES,Rosaceae,5015,Sorbus,3012146,Sorbus occidentalis,3013000,84,EXACT
Lactuca graminifolia graminifolia,3140577,Lactuca graminifolia,<i>Lactuca</i> <i>graminifolia</i> Michx.,SPECIES,Asteraceae,3065,Lactuca,3140231,Lactuca graminifolia,3140577,100,HIGHERRANK
Erythronium elegans,2752865,Erythronium elegans,<i>Erythronium</i> <i>elegans</i> P.C.Hammond & K.L.Chambers,SPECIES,Liliaceae,7699,Erythronium,2740136,Erythronium elegans,2752865,100,EXACT
Quercus × runcinata,2881646,Quercus runcinata,<i>Quercus</i> × <i>runcinata</i> (A.DC.) Engelm.,SPECIES,Fagaceae,4689,Quercus,2877951,Quercus runcinata,2881646,100,EXACT
Quercus × fernowii,2880403,Quercus fernowii,<i>Quercus</i> × <i>fernowii</i> Trel.,SPECIES,Fagaceae,4689,Quercus,2877951,Quercus fernowii,2880403,100,EXACT
Crataegus integriloba,3015008,Crataegus integriloba,<i>Crataegus</i> <i>integriloba</i> Sarg.,SPECIES,Rosaceae,5015,Crataegus,3013395,Crataegus succulenta,3016137,100,EXACT
Crataegus succulenta neofluvialis,3016139,Crataegus succulenta neofluvialis,<i>Crataegus</i> <i>succulenta</i> var. <i>neofluvialis</i> (Ashe) E.J.Palmer,VARIETY,Rosaceae,5015,Crataegus,3013395,Crataegus succulenta,3016137,88,EXACT
Vaccinium × atlanticum,2882934,Vaccinium atlanticum,<i>Vaccinium</i> × <i>atlanticum</i> E.P.Bicknell,SPECIES,Ericaceae,2505,Vaccinium,2882813,Vaccinium atlanticum,2882934,100,EXACT
Pycnanthemum virginianum,2927376,Pycnanthemum virginianum,<i>Pycnanthemum</i> <i>virginianum</i> (L.) T.Durand & B.D.Jacks. ex B.L.Rob. & Fernald,SPECIES,Lamiaceae,2497,Pycnanthemum,2927338,Pycnanthemum virginianum,2927376,99,EXACT
Viola odorata,5331181,Viola odorata,<i>Viola</i> <i>odorata</i> L.,SPECIES,Violaceae,6631,Viola,2874237,Viola odorata,5331181,99,EXACT
Persicaria nepalensis,4034001,Persicaria nepalensis,<i>Persicaria</i> <i>nepalensis</i> (Meisn.) H.Gross,SPECIES,Polygonaceae,2416,Persicaria,6390748,Persicaria nepalensis,4034001,99,EXACT
Oxalis metcalfei,2891726,Oxalis metcalfei,<i>Oxalis</i> <i>metcalfei</i> (Small) R.Knuth,SPECIES,Oxalidaceae,6697,Oxalis,2891642,Oxalis metcalfei,2891726,100,EXACT
Pinus patula,5285090,Pinus patula,<i>Pinus</i> <i>patula</i> Schiede ex Schltdl. & Cham.,SPECIES,Pinaceae,3925,Pinus,2684241,Pinus patula,5285090,99,EXACT
Viola chamissoniana robusta,5663663,Viola chamissoniana robusta,"<i>Viola</i> <i>chamissoniana</i> subsp. <i>robusta</i> (Hillebr.) W.L.Wagner, Herbst & Sohmer",SUBSPECIES,Violaceae,6631,Viola,2874237,Viola robusta,5663648,88,EXACT
Viola × malteana,5331266,Viola malteana,<i>Viola</i> × <i>malteana</i> House,SPECIES,Violaceae,6631,Viola,2874237,Viola malteana,5331266,100,EXACT
Crataegus sororia,3014402,Crataegus sororia,<i>Crataegus</i> <i>sororia</i> Beadle,SPECIES,Rosaceae,5015,Crataegus,3013395,Crataegus sororia,3014402,99,EXACT
Quercus × palaeolithicola,2881126,Quercus palaeolithicola,<i>Quercus</i> × <i>palaeolithicola</i> Trel.,SPECIES,Fagaceae,4689,Quercus,2877951,Quercus palaeolithicola,2881126,100,EXACT
Vaccinium vitis-idaea minus,4166651,Vaccinium vitis-idaea minus,<i>Vaccinium</i> <i>vitis-idaea</i> f. <i>minus</i> (G.Lodd.) Nakai,FORM,Ericaceae,2505,Vaccinium,2882813,Vaccinium vitis-idaea,2882835,84,EXACT
Allium unifolium,2857829,Allium unifolium,<i>Allium</i> <i>unifolium</i> Kellogg,SPECIES,Amaryllidaceae,7682,Allium,9624496,Allium unifolium,2857829,99,EXACT
Rubus hispidus,2991369,Rubus hispidus,<i>Rubus</i> <i>hispidus</i> L.,SPECIES,Rosaceae,5015,Rubus,2988638,Rubus hispidus,2991369,99,EXACT
Ceanothus dentatus,3039363,Ceanothus dentatus,<i>Ceanothus</i> <i>dentatus</i> Torr. & A.Gray,SPECIES,Rhamnaceae,2407,Ceanothus,3039297,Ceanothus dentatus,3039363,100,EXACT
Persicaria extremiorientalis,8629566,Persicaria extremiorientalis,<i>Persicaria</i> <i>extremiorientalis</i> (Vorosch.) Tzvelev,SPECIES,Polygonaceae,2416,Persicaria,6390748,Persicaria extremiorientalis,8629566,100,EXACT
Viola cuneata,5331277,Viola cuneata,<i>Viola</i> <i>cuneata</i> S.Watson,SPECIES,Violaceae,6631,Viola,2874237,Viola cuneata,5331277,100,EXACT
Quercus parvula shrevei,2878127,Quercus parvula shrevei,<i>Quercus</i> <i>parvula</i> var. <i>shrevei</i> (C.H.Mull.) Nixon,VARIETY,Fagaceae,4689,Quercus,2877951,Quercus parvula,2878124,88,EXACT
Yucca angustissima angustissima,7228147,Yucca angustissima angustissima,<i>Yucca</i> <i>angustissima</i> var. <i>angustissima</i>,VARIETY,Asparagaceae,7683,Yucca,2775496,Yucca angustissima,2775690,88,EXACT
Rubus nivalis,2998283,Rubus nivalis,<i>Rubus</i> <i>nivalis</i> Douglas ex Hook.,SPECIES,Rosaceae,5015,Rubus,2988638,Rubus nivalis,2998283,99,EXACT
Crataegus rivularis,3015454,Crataegus rivularis,<i>Crataegus</i> <i>rivularis</i> Nutt. ex Torr. & A.Gray,SPECIES,Rosaceae,5015,Crataegus,3013395,Crataegus rivularis,3015454,99,EXACT
Rhus sandwicensis,3190555,Rhus sandwicensis,<i>Rhus</i> <i>sandwicensis</i> A.Gray,SPECIES,Anacardiaceae,2398,Rhus,3190534,Rhus sandwicensis,3190555,100,EXACT
Pycnanthemum nudum,2927345,Pycnanthemum nudum,<i>Pycnanthemum</i> <i>nudum</i> Nutt.,SPECIES,Lamiaceae,2497,Pycnanthemum,2927338,Pycnanthemum nudum,2927345,100,EXACT
Rhus kearneyi kearneyi,7321606,Rhus kearneyi kearneyi,<i>Rhus</i> <i>kearneyi</i> subsp. <i>kearneyi</i>,SUBSPECIES,Anacardiaceae,2398,Rhus,3190534,Rhus kearneyi,3190549,88,EXACT
Rubus bifrons,2995779,Rubus bifrons,<i>Rubus</i> <i>bifrons</i> Vest ex Tratt.,SPECIES,Rosaceae,5015,Rubus,2988638,Rubus bifrons,2995779,99,EXACT
Yucca schidigera,2775710,Yucca schidigera,<i>Yucca</i> <i>schidigera</i> Roezl ex Ortgies,SPECIES,Asparagaceae,7683,Yucca,2775496,Yucca schidigera,2775710,99,EXACT
Amelanchier arborea,3024052,Amelanchier arborea,<i>Amelanchier</i> <i>arborea</i> (F.Michx.) Fernald,SPECIES,Rosaceae,5015,Amelanchier,3023817,Amelanchier arborea,3024052,100,EXACT
Vicia hirsuta,2975328,Vicia hirsuta,<i>Vicia</i> <i>hirsuta</i> (L.) Gray,SPECIES,Fabaceae,5386,Vicia,2974751,Vicia hirsuta,2975328,99,EXACT
Oxalis dehradunensis,3627330,Oxalis dehradunensis,<i>Oxalis</i> <i>dehradunensis</i> Raizada,SPECIES,Oxalidaceae,6697,Oxalis,2891642,Oxalis dehradunensis,3627330,100,EXACT
Primula pauciflora monantha,5641490,Primula pauciflora monantha,<i>Primula</i> <i>pauciflora</i> var. <i>monantha</i> (Greene) A.R.Mast & Reveal,VARIETY,Primulaceae,6674,Dodecatheon,7597718,Dodecatheon pulchellum,3169253,88,EXACT
Quercus austrina,2879818,Quercus austrina,<i>Quercus</i> <i>austrina</i> Small,SPECIES,Fagaceae,4689,Quercus,2877951,Quercus austrina,2879818,100,EXACT
Crataegus saligna,3015658,Crataegus saligna,<i>Crataegus</i> <i>saligna</i> Greene,SPECIES,Rosaceae,5015,Crataegus,3013395,Crataegus saligna,3015658,100,EXACT
Pinus strobus,5284982,Pinus strobus,<i>Pinus</i> <i>strobus</i> L.,SPECIES,Pinaceae,3925,Pinus,2684241,Pinus strobus,5284982,99,EXACT
Viola beckwithii,5331169,Viola beckwithii,<i>Viola</i> <i>beckwithii</i> Torr. & A.Gray,SPECIES,Violaceae,6631,Viola,2874237,Viola beckwithii,5331169,99,EXACT
Sphaeralcea coccinea coccinea,6377233,Sphaeralcea coccinea coccinea,<i>Sphaeralcea</i> <i>coccinea</i> var. <i>coccinea</i>,VARIETY,Malvaceae,6685,Sphaeralcea,7412190,Sphaeralcea coccinea,3152438,85,EXACT
Trillium crassifolium,2742418,Trillium crassifolium,<i>Trillium</i> <i>crassifolium</i> Piper,SPECIES,Melanthiaceae,7700,Trillium,2742182,Trillium crassifolium,2742418,100,EXACT
Crataegus lassa,3014332,Crataegus lassa,<i>Crataegus</i> <i>lassa</i> Beadle,SPECIES,Rosaceae,5015,Crataegus,3013395,Crataegus lassa,3014332,100,EXACT
Tragopogon porrifolius porrifolius,7222841,Tragopogon porrifolius porrifolius,<i>Tragopogon</i> <i>porrifolius</i> subsp. <i>porrifolius</i>,SUBSPECIES,Asteraceae,3065,Tragopogon,3092408,Tragopogon porrifolius,5386938,85,EXACT
Cirsium griseum osterhoutii,11965506,Cirsium griseum osterhoutii,<i>Cirsium</i> <i>griseum</i> var. <i>osterhoutii</i> (Rydb.) Ackerf. & D.J.Keil,VARIETY,Asteraceae,3065,Cirsium,3112554,Cirsium griseum,3112941,88,EXACT
Trillium sessile,2742223,Trillium sessile,<i>Trillium</i> <i>sessile</i> L.,SPECIES,Melanthiaceae,7700,Trillium,2742182,Trillium sessile,2742223,100,EXACT
Allium triquetrum,2856457,Allium triquetrum,<i>Allium</i> <i>triquetrum</i> L.,SPECIES,Amaryllidaceae,7682,Allium,9624496,Allium triquetrum,2856457,99,EXACT
Picea glauca densata,5284753,Picea glauca densata,<i>Picea</i> <i>glauca</i> var. <i>densata</i> L.H.Bailey,VARIETY,Pinaceae,3925,Picea,7606064,Picea glauca,5284745,88,EXACT
Pinus contorta murrayana,5285751,Pinus contorta murrayana,<i>Pinus</i> <i>contorta</i> var. <i>murrayana</i> (Balf.) Engelm.,VARIETY,Pinaceae,3925,Pinus,2684241,Pinus contorta,5285750,85,EXACT
Ribes cereum,2986127,Ribes cereum,<i>Ribes</i> <i>cereum</i> Douglas,SPECIES,Grossulariaceae,2403,Ribes,2986095,Ribes cereum,2986127,100,EXACT
Lycopus angustifolius,5341467,Lycopus angustifolius,<i>Lycopus</i> <i>angustifolius</i> Elliott,SPECIES,Lamiaceae,2497,Lycopus,2927122,Lycopus angustifolius,5341467,99,EXACT
Ribes binominatum,2986218,Ribes binominatum,<i>Ribes</i> <i>binominatum</i> A.Heller,SPECIES,Grossulariaceae,2403,Ribes,2986095,Ribes binominatum,2986218,100,EXACT
Vitis cinerea cinerea,7222051,Vitis cinerea cinerea,<i>Vitis</i> <i>cinerea</i> var. <i>cinerea</i>,VARIETY,Vitaceae,6672,Vitis,7467468,Vitis cinerea,5372379,88,EXACT
Monarda punctata intermedia,5605249,Monarda punctata intermedia,<i>Monarda</i> <i>punctata</i> var. <i>intermedia</i> (E.M.McClint. & Epling) Waterf.,VARIETY,Lamiaceae,2497,Monarda,2926838,Monarda punctata,5341413,85,EXACT
Rubus oklahomus,2990545,Rubus oklahomus,<i>Rubus</i> <i>oklahomus</i> L.H.Bailey,SPECIES,Rosaceae,5015,Rubus,2988638,Rubus oklahomus,2990545,100,EXACT
Vicia lutea,2974753,Vicia lutea,<i>Vicia</i> <i>lutea</i> L.,SPECIES,Fabaceae,5386,Vicia,2974751,Vicia lutea,2974753,99,EXACT
Allium coryi,2857489,Allium coryi,<i>Allium</i> <i>coryi</i> M.E.Jones,SPECIES,Amaryllidaceae,7682,Allium,9624496,Allium coryi,2857489,100,EXACT
Monarda punctata lasiodonta,5605246,Monarda punctata lasiodonta,<i>Monarda</i> <i>punctata</i> var. <i>lasiodonta</i> A.Gray,VARIETY,Lamiaceae,2497,Monarda,2926838,Monarda punctata,5341413,88,EXACT
Vaccinium caesariense,2882837,Vaccinium caesariense,<i>Vaccinium</i> <i>caesariense</i> Mack.,SPECIES,Ericaceae,2505,Vaccinium,2882813,Vaccinium caesariense,2882837,100,EXACT
Lilium washingtonianum washingtonianum,7227539,Lilium washingtonianum washingtonianum,<i>Lilium</i> <i>washingtonianum</i> subsp. <i>washingtonianum</i>,SUBSPECIES,Liliaceae,7699,Lilium,2752977,Lilium washingtonianum,2752992,85,EXACT
Viola rafinesquei,5331343,Viola rafinesquei,<i>Viola</i> <i>rafinesquei</i> Greene,SPECIES,Violaceae,6631,Viola,2874237,Viola rafinesquei,5331343,100,EXACT
Monarda fistulosa,5341411,Monarda fistulosa,<i>Monarda</i> <i>fistulosa</i> L.,SPECIES,Lamiaceae,2497,Monarda,2926838,Monarda fistulosa,5341411,99,EXACT
Sanicula crassicaulis,3034844,Sanicula crassicaulis,<i>Sanicula</i> <i>crassicaulis</i> Poepp. ex DC.,SPECIES,Apiaceae,6720,Sanicula,3034831,Sanicula crassicaulis,3034844,99,EXACT
Oxalis incarnata,2891720,Oxalis incarnata,<i>Oxalis</i> <i>incarnata</i> L.,SPECIES,Oxalidaceae,6697,Oxalis,2891642,Oxalis incarnata,2891720,100,EXACT
Physalis mollis,5341817,Physalis mollis,<i>Physalis</i> <i>mollis</i> Nutt.,SPECIES,Solanaceae,7717,Physalis,2928907,Physalis mollis,5341817,99,EXACT
Rubus pubescens pubescens,8307079,Rubus pubescens pubescens,<i>Rubus</i> <i>pubescens</i> var. <i>pubescens</i>,VARIETY,Rosaceae,5015,Rubus,2988638,Rubus pubescens,2989228,86,EXACT
Trillium oostingii,4196293,Trillium oostingii,<i>Trillium</i> <i>oostingii</i> Gaddy,SPECIES,Melanthiaceae,7700,Trillium,2742182,Trillium oostingii,4196293,100,EXACT
Crataegus irrasa,3015911,Crataegus irrasa,<i>Crataegus</i> <i>irrasa</i> Sarg.,SPECIES,Rosaceae,5015,Crataegus,3013395,Crataegus irrasa,3015911,100,EXACT
Hypochaeris radicata radicata,7066309,Hypochaeris radicata radicata,<i>Hypochaeris</i> <i>radicata</i> subsp. <i>radicata</i>,SUBSPECIES,Asteraceae,3065,Hypochaeris,3093681,Hypochaeris radicata,3093702,85,EXACT
Smilax auriculata,5295097,Smilax auriculata,<i>Smilax</i> <i>auriculata</i> Walter,SPECIES,Smilacaceae,7702,Smilax,2740627,Smilax auriculata,5295097,100,EXACT
Cirsium brevistylum,3113218,Cirsium brevistylum,<i>Cirsium</i> <i>brevistylum</i> Cronquist,SPECIES,Asteraceae,3065,Cirsium,3112554,Cirsium brevistylum,3113218,100,EXACT
Viburnum ellipticum,2888599,Viburnum ellipticum,<i>Viburnum</i> <i>ellipticum</i> Hook.,SPECIES,Viburnaceae,4924416,Viburnum,2888580,Viburnum ellipticum,2888599,100,EXACT
Viola wailenalenae,5331301,Viola wailenalenae,<i>Viola</i> <i>wailenalenae</i> (Rock) Skottsb.,SPECIES,Violaceae,6631,Viola,2874237,Viola wailenalenae,5331301,100,EXACT
Pinus × attenuradiata,5686819,Pinus attenuradiata,<i>Pinus</i> × <i>attenuradiata</i> Stockw. & Righter,SPECIES,Pinaceae,3925,Pinus,2684241,Pinus attenuradiata,5686819,100,EXACT
Quercus × howellii,2878235,Quercus howellii,<i>Quercus</i> × <i>howellii</i> J.M.Tucker,SPECIES,Fagaceae,4689,Quercus,2877951,Quercus howellii,2878235,100,EXACT
Erythronium pluriflorum,2752871,Erythronium pluriflorum,"<i>Erythronium</i> <i>pluriflorum</i> Shevock, Bartel & G.A.Allen",SPECIES,Liliaceae,7699,Erythronium,2740136,Erythronium pluriflorum,2752871,100,EXACT
Persicaria lapathifolia lapathifolia,7291486,Persicaria lapathifolia lapathifolia,<i>Persicaria</i> <i>lapathifolia</i> subsp. <i>lapathifolia</i>,SUBSPECIES,Polygonaceae,2416,Persicaria,6390748,Persicaria lapathifolia,2889262,85,EXACT
Commelina erecta erecta,7227470,Commelina erecta erecta,<i>Commelina</i> <i>erecta</i> subsp. <i>erecta</i>,SUBSPECIES,Commelinaceae,2763195,Commelina,2763939,Commelina erecta,2764389,85,EXACT
Rubus leucodermis leucodermis,7878925,Rubus leucodermis leucodermis,<i>Rubus</i> <i>leucodermis</i> var. <i>leucodermis</i>,VARIETY,Rosaceae,5015,Rubus,2988638,Rubus leucodermis,8110785,88,EXACT
Pinus cembroides,5285172,Pinus cembroides,<i>Pinus</i> <i>cembroides</i> Zucc.,SPECIES,Pinaceae,3925,Pinus,2684241,Pinus cembroides,5285172,99,EXACT
Quercus kelloggii,2878586,Quercus kelloggii,<i>Quercus</i> <i>kelloggii</i> Newb.,SPECIES,Fagaceae,4689,Quercus,2877951,Quercus kelloggii,2878586,100,EXACT
Camassia scilloides,2769112,Camassia scilloides,<i>Camassia</i> <i>scilloides</i> (Raf.) Cory,SPECIES,Asparagaceae,7683,Camassia,2769068,Camassia scilloides,2769112,100,EXACT
Neltuma glandulosa glandulosa,12373028,Neltuma glandulosa glandulosa,<i>Neltuma</i> <i>glandulosa</i> var. <i>glandulosa</i>,VARIETY,Fabaceae,5386,Prosopis,2970763,Prosopis glandulosa,5358457,84,EXACT
Trillium sulcatum,2742279,Trillium sulcatum,<i>Trillium</i> <i>sulcatum</i> T.S.Patrick,SPECIES,Melanthiaceae,7700,Trillium,2742182,Trillium sulcatum,2742279,100,EXACT
Ribes hudsonianum,2986140,Ribes hudsonianum,<i>Ribes</i> <i>hudsonianum</i> Richardson,SPECIES,Grossulariaceae,2403,Ribes,2986095,Ribes hudsonianum,2986140,99,EXACT
Viola vittata,5664684,Viola vittata,<i>Viola</i> <i>vittata</i> Greene,SPECIES,Violaceae,6631,Viola,2874237,Viola vittata,5664684,100,EXACT
Rubus stipulatus,2991256,Rubus stipulatus,<i>Rubus</i> <i>stipulatus</i> L.H.Bailey,SPECIES,Rosaceae,5015,Rubus,2988638,Rubus stipulatus,2991256,100,EXACT
Rumex cristatus,2889010,Rumex cristatus,<i>Rumex</i> <i>cristatus</i> DC.,SPECIES,Polygonaceae,2416,Rumex,2888942,Rumex cristatus,2889010,99,EXACT
Carya ovata ovata,7148690,Carya ovata ovata,<i>Carya</i> <i>ovata</i> var. <i>ovata</i>,VARIETY,Juglandaceae,2499,Carya,3054287,Carya ovata,3054296,88,EXACT
Strobus,7306128,Strobus,<i>Strobus</i> Opiz,GENUS,Pinaceae,3925,Pinus,2684241,,,96,HIGHERRANK
Triglochin concinna debilis,2865389,Triglochin concinna debilis,<i>Triglochin</i> <i>concinna</i> var. <i>debilis</i> (M.E.Jones) J.T.Howell,VARIETY,Juncaginaceae,7679,Triglochin,2777072,Triglochin maritima,2865368,88,EXACT
Allium tuolumnense,8684445,Allium tuolumnense,<i>Allium</i> <i>tuolumnense</i> (Ownbey & Aase ex Traub) S.S.Denison & McNeal,SPECIES,Amaryllidaceae,7682,Allium,9624496,Allium tuolumnense,8684445,100,EXACT
Tragopogon porrifolius longirostris,5693149,Tragopogon porrifolius longirostris,<i>Tragopogon</i> <i>porrifolius</i> subsp. <i>longirostris</i> (Sch.Bip.) Greuter,SUBSPECIES,Asteraceae,3065,Tragopogon,3092408,Tragopogon coelesyriacus,5693363,88,EXACT
Viola hederacea,7296375,Viola hederacea,<i>Viola</i> <i>hederacea</i> Labill.,SPECIES,Violaceae,6631,Viola,2874237,Viola hederacea,7296375,100,EXACT
Rubus deamii,2999820,Rubus deamii,<i>Rubus</i> <i>deamii</i> L.H.Bailey,SPECIES,Rosaceae,5015,Rubus,2988638,Rubus deamii,2999820,100,EXACT
Ribes pinetorum,2986113,Ribes pinetorum,<i>Ribes</i> <i>pinetorum</i> Greene,SPECIES,Grossulariaceae,2403,Ribes,2986095,Ribes pinetorum,2986113,100,EXACT
Pinus palustris,5285816,Pinus palustris,<i>Pinus</i> <i>palustris</i> Mill.,SPECIES,Pinaceae,3925,Pinus,2684241,Pinus palustris,5285816,100,EXACT
Lycopus rubellus,5341465,Lycopus rubellus,<i>Lycopus</i> <i>rubellus</i> Moench,SPECIES,Lamiaceae,2497,Lycopus,2927122,Lycopus rubellus,5341465,100,EXACT
Picea pungens,5284871,Picea pungens,<i>Picea</i> <i>pungens</i> Engelm.,SPECIES,Pinaceae,3925,Picea,7606064,Picea pungens,5284871,100,EXACT
Sanicula marilandica,3034845,Sanicula marilandica,<i>Sanicula</i> <i>marilandica</i> L.,SPECIES,Apiaceae,6720,Sanicula,3034831,Sanicula marilandica,3034845,99,EXACT
Viburnum wrightii,3856130,Viburnum wrightii,<i>Viburnum</i> <i>wrightii</i> Miq.,SPECIES,Viburnaceae,4924416,Viburnum,2888580,Viburnum wrightii,3856130,100,EXACT
Pycnanthemum muticum,2927374,Pycnanthemum muticum,<i>Pycnanthemum</i> <i>muticum</i> (Michx.) Pers.,SPECIES,Lamiaceae,2497,Pycnanthemum,2927338,Pycnanthemum muticum,2927374,100,EXACT
Pinus thunbergii,5285799,Pinus thunbergii,<i>Pinus</i> <i>thunbergii</i> Parl.,SPECIES,Pinaceae,3925,Pinus,2684241,Pinus thunbergii,5285799,99,EXACT
Caltha palustris palustris,7746216,Caltha palustris palustris,<i>Caltha</i> <i>palustris</i> var. <i>palustris</i>,VARIETY,Ranunculaceae,2410,Caltha,3033282,Caltha palustris,5371685,85,EXACT
Claytonia obovata,4023145,Claytonia obovata,<i>Claytonia</i> <i>obovata</i> Rydb.,SPECIES,Montiaceae,4898338,Claytonia,3084729,Claytonia obovata,4023145,100,EXACT
Viola langloisii,5331221,Viola langloisii,<i>Viola</i> <i>langloisii</i> Greene,SPECIES,Violaceae,6631,Viola,2874237,Viola langloisii,5331221,100,EXACT
Cichorium intybus intybus,7223369,Cichorium intybus intybus,<i>Cichorium</i> <i>intybus</i> subsp. <i>intybus</i>,SUBSPECIES,Asteraceae,3065,Cichorium,3106707,Cichorium intybus,5392252,85,EXACT
Quercus × hastingsii,2879563,Quercus hastingsii,<i>Quercus</i> × <i>hastingsii</i> Sarg.,SPECIES,Fagaceae,4689,Quercus,2877951,Quercus hastingsii,2879563,100,EXACT
Rubus roribaccus,2998655,Rubus roribaccus,<i>Rubus</i> <i>roribaccus</i> (L.H.Bailey) Rydb.,SPECIES,Rosaceae,5015,Rubus,2988638,Rubus roribaccus,2998655,100,EXACT
Ribes oxyacanthoides oxyacanthoides,7095862,Ribes oxyacanthoides oxyacanthoides,<i>Ribes</i> <i>oxyacanthoides</i> subsp. <i>oxyacanthoides</i>,SUBSPECIES,Grossulariaceae,2403,Ribes,2986095,Ribes oxyacanthoides,2986124,88,EXACT
Ribes nevadense jaegeri,4194716,Ribes nevadense jaegeri,<i>Ribes</i> <i>nevadense</i> var. <i>jaegeri</i> Berger,VARIETY,Grossulariaceae,2403,Ribes,2986095,Ribes nevadense,2986211,88,EXACT
Pinus longaeva,5285258,Pinus longaeva,<i>Pinus</i> <i>longaeva</i> D.K.Bailey,SPECIES,Pinaceae,3925,Pinus,2684241,Pinus longaeva,5285258,100,EXACT
Claytonia caroliniana,3084760,Claytonia caroliniana,<i>Claytonia</i> <i>caroliniana</i> Michx.,SPECIES,Montiaceae,4898338,Claytonia,3084729,Claytonia caroliniana,3084760,100,EXACT
Crataegus mollis,3015562,Crataegus mollis,<i>Crataegus</i> <i>mollis</i> (Torr. & A.Gray) Scheele,SPECIES,Rosaceae,5015,Crataegus,3013395,Crataegus mollis,3015562,99,EXACT
Persicaria punctata,6390957,Persicaria punctata,<i>Persicaria</i> <i>punctata</i> (Elliott) Small,SPECIES,Polygonaceae,2416,Persicaria,6390748,Persicaria punctata,6390957,100,EXACT
Viburnum scabrellum,6369682,Viburnum scabrellum,<i>Viburnum</i> <i>scabrellum</i> (Torr. & A.Gray) Chapm.,SPECIES,Viburnaceae,4924416,Viburnum,2888580,Viburnum scabrellum,6369682,100,EXACT
Viola × wittrockiana,5331389,Viola wittrockiana,<i>Viola</i> × <i>wittrockiana</i> Gams,SPECIES,Violaceae,6631,Viola,2874237,Viola wittrockiana,5331389,99,EXACT
Allium parishii,2856919,Allium parishii,<i>Allium</i> <i>parishii</i> S.Watson,SPECIES,Amaryllidaceae,7682,Allium,9624496,Allium parishii,2856919,100,EXACT
Typha laxmannii,5289503,Typha laxmannii,<i>Typha</i> <i>laxmannii</i> Lepech.,SPECIES,Typhaceae,4246,Typha,2702102,Typha laxmannii,5289503,100,EXACT
Quercus boyntonii,2881643,Quercus boyntonii,<i>Quercus</i> <i>boyntonii</i> Beadle,SPECIES,Fagaceae,4689,Quercus,2877951,Quercus boyntonii,2881643,100,EXACT
Allium canadense hyacinthoides,3697904,Allium canadense hyacinthoides,<i>Allium</i> <i>canadense</i> var. <i>hyacinthoides</i> (Bush) Ownbey,VARIETY,Amaryllidaceae,7682,Allium,9624496,Allium canadense,2855611,85,EXACT
Camassia leichtlinii leichtlinii,7070006,Camassia leichtlinii leichtlinii,<i>Camassia</i> <i>leichtlinii</i> subsp. <i>leichtlinii</i>,SUBSPECIES,Asparagaceae,7683,Camassia,2769068,Camassia leichtlinii,2769069,88,EXACT
Nuphar ozarkana,3697264,Nuphar ozarkana,<i>Nuphar</i> <i>ozarkana</i> (G.S.Mill. & Standl.) Standl.,SPECIES,Nymphaeaceae,2423,Nuphar,2882408,Nuphar advena,6434985,100,EXACT
Stellaria calycantha,5384608,Stellaria calycantha,<i>Stellaria</i> <i>calycantha</i> (Ledeb.) Bong.,SPECIES,Caryophyllaceae,2518,Stellaria,3085667,Stellaria calycantha,5384608,100,EXACT
Liatris punctata mexicana,4243120,Liatris punctata mexicana,<i>Liatris</i> <i>punctata</i> var. <i>mexicana</i> Gaiser,VARIETY,Asteraceae,3065,Liatris,3104263,Liatris punctata,3104349,88,EXACT
Cirsium kamtschaticum,3113059,Cirsium kamtschaticum,<i>Cirsium</i> <i>kamtschaticum</i> Ledeb. ex DC.,SPECIES,Asteraceae,3065,Cirsium,3112554,Cirsium kamtschaticum,3113059,99,EXACT
Rubus allegheniensis,8235931,Rubus allegheniensis,<i>Rubus</i> <i>allegheniensis</i> Porter,SPECIES,Rosaceae,5015,Rubus,2988638,Rubus allegheniensis,8235931,100,EXACT
Yucca rostrata,2775576,Yucca rostrata,<i>Yucca</i> <i>rostrata</i> Engelm. ex Trel.,SPECIES,Asparagaceae,7683,Yucca,2775496,Yucca rostrata,2775576,99,EXACT
Trillium catesbaei,2742183,Trillium catesbaei,<i>Trillium</i> <i>catesbaei</i> Elliott,SPECIES,Melanthiaceae,7700,Trillium,2742182,Trillium catesbaei,2742183,100,EXACT
Quercus oblongifolia,8390742,Quercus oblongifolia,<i>Quercus</i> <i>oblongifolia</i> Torr.,SPECIES,Fagaceae,4689,Quercus,2877951,Quercus oblongifolia,8390742,99,EXACT
Tradescantia fluminensis,2765156,Tradescantia fluminensis,<i>Tradescantia</i> <i>fluminensis</i> Vell.,SPECIES,Commelinaceae,2763195,Tradescantia,2765096,Tradescantia fluminensis,2765156,99,EXACT
Allium obtusum obtusum,7070115,Allium obtusum obtusum,<i>Allium</i> <i>obtusum</i> var. <i>obtusum</i>,VARIETY,Amaryllidaceae,7682,Allium,9624496,Allium obtusum,2857338,88,EXACT
Allium tribracteatum,2857234,Allium tribracteatum,<i>Allium</i> <i>tribracteatum</i> Torr.,SPECIES,Amaryllidaceae,7682,Allium,9624496,Allium tribracteatum,2857234,100,EXACT
Quercus × kinseliae,2878211,Quercus kinseliae,<i>Quercus</i> × <i>kinseliae</i> (C.H.Mull.) Nixon & C.H.Müll.,SPECIES,Fagaceae,4689,Quercus,2877951,Quercus kinseliae,2878211,100,EXACT
Lonicera japonica chinensis,5334241,Lonicera japonica chinensis,<i>Lonicera</i> <i>japonica</i> var. <i>chinensis</i> (P.Watson) Baker,VARIETY,Caprifoliaceae,6710,Lonicera,2888645,Lonicera japonica,5334240,84,EXACT
Rubus semisetosus,2996067,Rubus semisetosus,<i>Rubus</i> <i>semisetosus</i> Blanch.,SPECIES,Rosaceae,5015,Rubus,2988638,Rubus semisetosus,2996067,100,EXACT
Ribes malvaceum viridifolium,4194633,Ribes malvaceum viridifolium,<i>Ribes</i> <i>malvaceum</i> var. <i>viridifolium</i> Abrams,VARIETY,Grossulariaceae,2403,Ribes,2986095,Ribes malvaceum,2986101,88,EXACT
Crataegus succulenta,3016137,Crataegus succulenta,<i>Crataegus</i> <i>succulenta</i> Schrad. ex Link,SPECIES,Rosaceae,5015,Crataegus,3013395,Crataegus succulenta,3016137,99,EXACT
Crataegus lacrimata,3016116,Crataegus lacrimata,<i>Crataegus</i> <i>lacrimata</i> Small,SPECIES,Rosaceae,5015,Crataegus,3013395,Crataegus lacrimata,3016116,100,EXACT
Lapsana communis communis,7223198,Lapsana communis communis,<i>Lapsana</i> <i>communis</i> subsp. <i>communis</i>,SUBSPECIES,Asteraceae,3065,Lapsana,3134850,Lapsana communis,3134857,85,EXACT
Crataegus mollis mollis,7219965,Crataegus mollis mollis,<i>Crataegus</i> <i>mollis</i> var. <i>mollis</i>,VARIETY,Rosaceae,5015,Crataegus,3013395,Crataegus mollis,3015562,85,EXACT
Asarum canadense acuminatum,2873953,Asarum canadense acuminatum,<i>Asarum</i> <i>canadense</i> var. <i>acuminatum</i> Ashe,VARIETY,Aristolochiaceae,3066,Asarum,2873945,Asarum canadense,2873947,88,EXACT
Crataegus laevigata,8252683,Crataegus laevigata,<i>Crataegus</i> <i>laevigata</i> (Poir.) DC.,SPECIES,Rosaceae,5015,Crataegus,3013395,Crataegus laevigata,8252683,100,EXACT
Cylindropuntia imbricata argentea,3952723,Cylindropuntia imbricata argentea,<i>Cylindropuntia</i> <i>imbricata</i> subsp. <i>argentea</i> (M.S.Anthony) U.Guzmán,SUBSPECIES,Cactaceae,2519,Cylindropuntia,7628502,Cylindropuntia imbricata,6381277,85,EXACT
Clinopodium ashei,2926951,Clinopodium ashei,<i>Clinopodium</i> <i>ashei</i> (Weath.) Small,SPECIES,Lamiaceae,2497,Clinopodium,2926907,Clinopodium ashei,2926951,100,EXACT
Oxalis decaphylla,2891652,Oxalis decaphylla,<i>Oxalis</i> <i>decaphylla</i> Kunth,SPECIES,Oxalidaceae,6697,Oxalis,2891642,Oxalis decaphylla,2891652,100,EXACT
Viburnum dilatatum,2888584,Viburnum dilatatum,<i>Viburnum</i> <i>dilatatum</i> Thunb.,SPECIES,Viburnaceae,4924416,Viburnum,2888580,Viburnum dilatatum,2888584,100,EXACT
Quercus margaretiae,2878237,Quercus margaretiae,<i>Quercus</i> <i>margaretiae</i> (Ashe) Small,SPECIES,Fagaceae,4689,Quercus,2877951,Quercus margaretiae,2878237,100,EXACT
Quercus chapmanii,2879533,Quercus chapmanii,<i>Quercus</i> <i>chapmanii</i> Sarg.,SPECIES,Fagaceae,4689,Quercus,2877951,Quercus chapmanii,2879533,100,EXACT
Oxalis dichondrifolia,2891749,Oxalis dichondrifolia,<i>Oxalis</i> <i>dichondrifolia</i> A.Gray,SPECIES,Oxalidaceae,6697,Oxalis,2891642,Oxalis dichondrifolia,2891749,100,EXACT
Erythronium propullans,2752832,Erythronium propullans,<i>Erythronium</i> <i>propullans</i> A.Gray,SPECIES,Liliaceae,7699,Erythronium,2740136,Erythronium propullans,2752832,100,EXACT
Allium sphaerocephalon,2857616,Allium sphaerocephalon,<i>Allium</i> <i>sphaerocephalon</i> L.,SPECIES,Amaryllidaceae,7682,Allium,9624496,Allium sphaerocephalon,2857616,100,EXACT
Quercus × macdonaldii,2879378,Quercus macdonaldii,<i>Quercus</i> × <i>macdonaldii</i> Greene & Kellogg,SPECIES,Fagaceae,4689,Quercus,2877951,Quercus macdonaldii,2879378,100,EXACT
Yucca sterilis,3723270,Yucca sterilis,<i>Yucca</i> <i>sterilis</i> (Neese & S.L.Welsh) S.L.Welsh & L.C.Higgins,SPECIES,Asparagaceae,7683,Yucca,2775496,Yucca sterilis,3723270,100,EXACT
Viola edulis,5663964,Viola edulis,<i>Viola</i> <i>edulis</i> Spach,SPECIES,Violaceae,6631,Viola,2874237,Viola edulis,5663964,100,EXACT
Viburnum awabuki,3855498,Viburnum awabuki,<i>Viburnum</i> <i>awabuki</i> K.Koch,SPECIES,Viburnaceae,4924416,Viburnum,2888580,Viburnum odoratissimum,2888626,100,EXACT
Lathyrus venosus venosus,7275101,Lathyrus venosus venosus,<i>Lathyrus</i> <i>venosus</i> var. <i>venosus</i>,VARIETY,Fabaceae,5386,Lathyrus,10356062,Lathyrus venosus,5356511,85,EXACT
Yucca rupicola,2775732,Yucca rupicola,<i>Yucca</i> <i>rupicola</i> Scheele,SPECIES,Asparagaceae,7683,Yucca,2775496,Yucca rupicola,2775732,99,EXACT
Claytonia exigua,3084730,Claytonia exigua,<i>Claytonia</i> <i>exigua</i> Douglas ex Torr. & A.Gray,SPECIES,Montiaceae,4898338,Claytonia,3084729,Claytonia exigua,3084730,99,EXACT
Oxalis grandis,2891655,Oxalis grandis,<i>Oxalis</i> <i>grandis</i> Small,SPECIES,Oxalidaceae,6697,Oxalis,2891642,Oxalis grandis,2891655,100,EXACT
Clinopodium carolinianum,3887869,Clinopodium carolinianum,<i>Clinopodium</i> <i>carolinianum</i> Mill.,SPECIES,Lamiaceae,2497,Clinopodium,2926907,Clinopodium carolinianum,3887869,99,EXACT
Physalis pumila hispida,8340556,Physalis pumila hispida,<i>Physalis</i> <i>pumila</i> var. <i>hispida</i> (Waterf.) J.R.Sullivan,VARIETY,Solanaceae,7717,Physalis,2928907,Physalis pumila,5341810,85,EXACT
Ceanothus ophiochilus,3039362,Ceanothus ophiochilus,"<i>Ceanothus</i> <i>ophiochilus</i> S.Boyd, T.S.Ross & Arnseth",SPECIES,Rhamnaceae,2407,Ceanothus,3039297,Ceanothus ophiochilus,3039362,100,EXACT
Allium lacunosum lacunosum,7070121,Allium lacunosum lacunosum,<i>Allium</i> <i>lacunosum</i> var. <i>lacunosum</i>,VARIETY,Amaryllidaceae,7682,Allium,9624496,Allium lacunosum,2857752,88,EXACT
Cirsium pumilum pumilum,7222542,Cirsium pumilum pumilum,<i>Cirsium</i> <i>pumilum</i> var. <i>pumilum</i>,VARIETY,Asteraceae,3065,Cirsium,3112554,Cirsium pumilum,3112698,85,EXACT
Quercus durata,2879923,Quercus durata,<i>Quercus</i> <i>durata</i> Jeps.,SPECIES,Fagaceae,4689,Quercus,2877951,Quercus durata,2879923,100,EXACT
Sanicula crassicaulis nudicaulis,11732225,Sanicula crassicaulis nudicaulis,<i>Sanicula</i> <i>crassicaulis</i> var. <i>nudicaulis</i> (Hook. & Arn.) Kenny & James A.West,VARIETY,Apiaceae,6720,Sanicula,3034831,Sanicula crassicaulis,3034844,88,EXACT
Viola maviensis,5331329,Viola maviensis,<i>Viola</i> <i>maviensis</i> H.Mann,SPECIES,Violaceae,6631,Viola,2874237,Viola maviensis,5331329,100,EXACT
Sonchus arvensis arvensis,7222599,Sonchus arvensis arvensis,<i>Sonchus</i> <i>arvensis</i> subsp. <i>arvensis</i>,SUBSPECIES,Asteraceae,3065,Sonchus,3105646,Sonchus arvensis,3105813,85,EXACT
Quercus macrocarpa macrocarpa,7226629,Quercus macrocarpa macrocarpa,<i>Quercus</i> <i>macrocarpa</i> var. <i>macrocarpa</i>,VARIETY,Fagaceae,4689,Quercus,2877951,Quercus macrocarpa,2878213,88,EXACT
Pinus radiata radiata,7230692,Pinus radiata radiata,<i>Pinus</i> <i>radiata</i> var. <i>radiata</i>,VARIETY,Pinaceae,3925,Pinus,2684241,Pinus radiata,5285727,88,EXACT
Allium oreophilum,2856614,Allium oreophilum,<i>Allium</i> <i>oreophilum</i> C.A.Mey.,SPECIES,Amaryllidaceae,7682,Allium,9624496,Allium oreophilum,2856614,100,EXACT
Quercus × riparia,2879544,Quercus riparia,<i>Quercus</i> × <i>riparia</i> Laughlin,SPECIES,Fagaceae,4689,Quercus,2877951,Quercus riparia,2879544,100,EXACT
Picea abies,5284884,Picea abies,<i>Picea</i> <i>abies</i> (L.) H.Karst.,SPECIES,Pinaceae,3925,Picea,7606064,Picea abies,5284884,99,EXACT
Viburnum rhytidophyllum,2888625,Viburnum rhytidophyllum,<i>Viburnum</i> <i>rhytidophyllum</i> Hemsl. ex Forbes & Hemsl.,SPECIES,Viburnaceae,4924416,Viburnum,2888580,Viburnum rhytidophyllum,2888625,99,EXACT
Viburnum opulus americanum,3857319,Viburnum opulus americanum,<i>Viburnum</i> <i>opulus</i> subsp. <i>americanum</i> (Aiton) Piper & Beattie,SUBSPECIES,Viburnaceae,4924416,Viburnum,2888580,Viburnum trilobum,3857198,84,EXACT
Pycnanthemum flexuosum,2927351,Pycnanthemum flexuosum,"<i>Pycnanthemum</i> <i>flexuosum</i> (Walter) Britton, Sterns & Poggenb.",SPECIES,Lamiaceae,2497,Pycnanthemum,2927338,Pycnanthemum flexuosum,2927351,100,EXACT
Trillium reliquum,2742390,Trillium reliquum,<i>Trillium</i> <i>reliquum</i> J.D.Freeman,SPECIES,Melanthiaceae,7700,Trillium,2742182,Trillium reliquum,2742390,100,EXACT
Sambucus racemosa melanocarpa,10084009,Sambucus racemosa melanocarpa,<i>Sambucus</i> <i>racemosa</i> var. <i>melanocarpa</i> (A.Gray) Mc Minn,VARIETY,Viburnaceae,4924416,Sambucus,2888721,Sambucus racemosa,2888723,85,EXACT
Pinus balfouriana austrina,5285709,Pinus balfouriana austrina,<i>Pinus</i> <i>balfouriana</i> subsp. <i>austrina</i> Bruijn & J.Mastrog.,SUBSPECIES,Pinaceae,3925,Pinus,2684241,Pinus balfouriana,5285708,84,EXACT
Rubus × loganobaccus,2990630,Rubus loganobaccus,<i>Rubus</i> × <i>loganobaccus</i> L.H.Bailey,SPECIES,Rosaceae,5015,Rubus,2988638,Rubus loganobaccus,2990630,100,EXACT
Crataegus scabrida,3014505,Crataegus scabrida,<i>Crataegus</i> <i>scabrida</i> Sarg.,SPECIES,Rosaceae,5015,Crataegus,3013395,Crataegus scabrida,3014505,100,EXACT
Vicia nigricans,2946881,Vicia nigricans,<i>Vicia</i> <i>nigricans</i> Hook. & Arn.,SPECIES,Fabaceae,5386,Vicia,2974751,Vicia nigricans,2946881,99,EXACT
Monarda citriodora,5341423,Monarda citriodora,<i>Monarda</i> <i>citriodora</i> Cerv. ex Lag.,SPECIES,Lamiaceae,2497,Monarda,2926838,Monarda citriodora,5341423,99,EXACT
Pinus coulteri,5285113,Pinus coulteri,<i>Pinus</i> <i>coulteri</i> D.Don,SPECIES,Pinaceae,3925,Pinus,2684241,Pinus coulteri,5285113,100,EXACT
Viola labradorica,5331200,Viola labradorica,<i>Viola</i> <i>labradorica</i> Schrank,SPECIES,Violaceae,6631,Viola,2874237,Viola labradorica,5331200,100,EXACT
Picea glauca,5284745,Picea glauca,<i>Picea</i> <i>glauca</i> (Moench) Voss,SPECIES,Pinaceae,3925,Picea,7606064,Picea glauca,5284745,99,EXACT
Cirsium remotifolium,3113736,Cirsium remotifolium,<i>Cirsium</i> <i>remotifolium</i> (Hook.) DC.,SPECIES,Asteraceae,3065,Cirsium,3112554,Cirsium remotifolium,3113736,99,EXACT
Juniperus virginiana silicicola,2684401,Juniperus virginiana silicicola,<i>Juniperus</i> <i>virginiana</i> var. <i>silicicola</i> (Small) E.Murray,VARIETY,Cupressaceae,8144,Juniperus,2684359,Juniperus virginiana,2684391,85,EXACT
Asarum canadense canadense,7313640,Asarum canadense canadense,<i>Asarum</i> <i>canadense</i> f. <i>canadense</i>,FORM,Aristolochiaceae,3066,Asarum,2873945,Asarum canadense,2873947,84,EXACT
Primula clevelandii insularis,5641751,Primula clevelandii insularis,<i>Primula</i> <i>clevelandii</i> var. <i>insularis</i> (H.J.Thomps.) A.R.Mast & Reveal,VARIETY,Primulaceae,6674,Dodecatheon,7597718,Dodecatheon clevelandii,3169271,88,EXACT
Allium aaseae,2856316,Allium aaseae,<i>Allium</i> <i>aaseae</i> Ownbey,SPECIES,Amaryllidaceae,7682,Allium,9624496,Allium aaseae,2856316,100,EXACT
Lapsana communis intermedia,4933861,Lapsana communis intermedia,<i>Lapsana</i> <i>communis</i> subsp. <i>intermedia</i> (M.Bieb.) Hayek,SUBSPECIES,Asteraceae,3065,Lapsana,3134850,Lapsana communis,3134857,88,EXACT
Fragaria chiloensis sandwicensis,3030045,Fragaria chiloensis sandwicensis,<i>Fragaria</i> <i>chiloensis</i> subsp. <i>sandwicensis</i> (O.Deg. & I.Deg.) Staudt,SUBSPECIES,Rosaceae,5015,Fragaria,3029779,Fragaria chiloensis,7738624,85,EXACT
Vitis champinii,5372393,Vitis champinii,<i>Vitis</i> × <i>champinii</i> Planch.,SPECIES,Vitaceae,6672,Vitis,7467468,Vitis champinii,5372393,100,EXACT
Rubus spectabilis,2993761,Rubus spectabilis,<i>Rubus</i> <i>spectabilis</i> Pursh,SPECIES,Rosaceae,5015,Rubus,2988638,Rubus spectabilis,2993761,99,EXACT
Pteridium aquilinum latiusculum,7667554,Pteridium aquilinum latiusculum,<i>Pteridium</i> <i>aquilinum</i> subsp. <i>latiusculum</i> (Desv.) Hultén,SUBSPECIES,Dennstaedtiaceae,6623,Pteridium,5275011,Pteridium aquilinum,5275012,85,EXACT
Rhus integrifolia,7160609,Rhus integrifolia,<i>Rhus</i> <i>integrifolia</i> (Nutt.) Benth. & Hook.fil. ex Brewer & S.Watson,SPECIES,Anacardiaceae,2398,Rhus,3190534,Rhus integrifolia,7160609,99,EXACT
Claytonia parviflora,3084736,Claytonia parviflora,<i>Claytonia</i> <i>parviflora</i> Douglas ex Hook.,SPECIES,Montiaceae,4898338,Claytonia,3084729,Claytonia parviflora,3084736,99,EXACT
Monarda pectinata,5341397,Monarda pectinata,<i>Monarda</i> <i>pectinata</i> Nutt.,SPECIES,Lamiaceae,2497,Monarda,2926838,Monarda pectinata,5341397,100,EXACT
Viburnum alabamense,7674899,Viburnum alabamense,<i>Viburnum</i> <i>alabamense</i> (Mc Atee) Sorrie,SPECIES,Viburnaceae,4924416,Viburnum,2888580,Viburnum alabamense,7674899,100,EXACT
Trapa natans bispinosa,4204450,Trapa natans bispinosa,<i>Trapa</i> <i>natans</i> var. <i>bispinosa</i> (Roxb.) Makino,VARIETY,Lythraceae,6684,Trapa,3188756,Trapa natans,3188757,85,EXACT
Cirsium fontinale fontinale,7066663,Cirsium fontinale fontinale,<i>Cirsium</i> <i>fontinale</i> var. <i>fontinale</i>,VARIETY,Asteraceae,3065,Cirsium,3112554,Cirsium fontinale,3112638,88,EXACT
Viburnum × burkwoodii,3857337,Viburnum burkwoodii,<i>Viburnum</i> × <i>burkwoodii</i> Burkwood & Skipwith,SPECIES,Viburnaceae,4924416,Viburnum,2888580,Viburnum burkwoodii,3857337,100,EXACT
Crataegus triflora,3014336,Crataegus triflora,<i>Crataegus</i> <i>triflora</i> Chapm.,SPECIES,Rosaceae,5015,Crataegus,3013395,Crataegus triflora,3014336,100,EXACT
Physalis pumila pumila,8340440,Physalis pumila pumila,<i>Physalis</i> <i>pumila</i> var. <i>pumila</i>,VARIETY,Solanaceae,7717,Physalis,2928907,Physalis pumila,5341810,85,EXACT
Viola pluviae,10698305,Viola pluviae,"<i>Viola</i> <i>pluviae</i> Marcussen, H.E.Ballard & Blaxland",SPECIES,Violaceae,6631,Viola,2874237,Viola pluviae,10698305,100,EXACT
Erythronium oregonum,2752808,Erythronium oregonum,<i>Erythronium</i> <i>oregonum</i> Applegate,SPECIES,Liliaceae,7699,Erythronium,2740136,Erythronium oregonum,2752808,100,EXACT
Trillium foetidissimum,2742191,Trillium foetidissimum,<i>Trillium</i> <i>foetidissimum</i> J.D.Freeman,SPECIES,Melanthiaceae,7700,Trillium,2742182,Trillium foetidissimum,2742191,100,EXACT
Viola cucullata,5331189,Viola cucullata,<i>Viola</i> <i>cucullata</i> Aiton,SPECIES,Violaceae,6631,Viola,2874237,Viola cucullata,5331189,99,EXACT
Quercus garryana breweri,2879263,Quercus garryana breweri,<i>Quercus</i> <i>garryana</i> subsp. <i>breweri</i> (Engelm.) A.E.Murray,SUBSPECIES,Fagaceae,4689,Quercus,2877951,Quercus garryana,2879260,84,EXACT
Camassia quamash maxima,2769104,Camassia quamash maxima,<i>Camassia</i> <i>quamash</i> subsp. <i>maxima</i> Gould,SUBSPECIES,Asparagaceae,7683,Camassia,2769068,Camassia quamash,2769084,85,EXACT
Persicaria minor,6391150,Persicaria minor,<i>Persicaria</i> <i>minor</i> (Huds.) Opiz,SPECIES,Polygonaceae,2416,Persicaria,6390748,Persicaria minor,6391150,99,EXACT
Rumex transitorius,6391385,Rumex transitorius,<i>Rumex</i> <i>transitorius</i> Rech.fil.,SPECIES,Polygonaceae,2416,Rumex,2888942,Rumex transitorius,6391385,100,EXACT
Allium shevockii,2856257,Allium shevockii,<i>Allium</i> <i>shevockii</i> McNeal,SPECIES,Amaryllidaceae,7682,Allium,9624496,Allium shevockii,2856257,100,EXACT
Rhus kearneyi,3190549,Rhus kearneyi,<i>Rhus</i> <i>kearneyi</i> F.A.Barkley,SPECIES,Anacardiaceae,2398,Rhus,3190534,Rhus kearneyi,3190549,100,EXACT
Rubus trivialis,2992760,Rubus trivialis,<i>Rubus</i> <i>trivialis</i> Michx.,SPECIES,Rosaceae,5015,Rubus,2988638,Rubus trivialis,2992760,99,EXACT
Quercus wislizeni,2878384,Quercus wislizeni,<i>Quercus</i> <i>wislizeni</i> A.DC.,SPECIES,Fagaceae,4689,Quercus,2877951,Quercus wislizeni,2878384,100,EXACT
Ceanothus parryi,3039327,Ceanothus parryi,<i>Ceanothus</i> <i>parryi</i> Trel.,SPECIES,Rhamnaceae,2407,Ceanothus,3039297,Ceanothus parryi,3039327,100,EXACT
Pinus sylvestris,5285637,Pinus sylvestris,<i>Pinus</i> <i>sylvestris</i> L.,SPECIES,Pinaceae,3925,Pinus,2684241,Pinus sylvestris,5285637,99,EXACT
Trillium lancifolium,2742233,Trillium lancifolium,<i>Trillium</i> <i>lancifolium</i> Raf.,SPECIES,Melanthiaceae,7700,Trillium,2742182,Trillium lancifolium,2742233,100,EXACT
Quercus ilex,2879098,Quercus ilex,<i>Quercus</i> <i>ilex</i> L.,SPECIES,Fagaceae,4689,Quercus,2877951,Quercus ilex,2879098,99,EXACT
Crataegus calpodendron,3013866,Crataegus calpodendron,<i>Crataegus</i> <i>calpodendron</i> (Ehrh.) Medik.,SPECIES,Rosaceae,5015,Crataegus,3013395,Crataegus calpodendron,3013866,99,EXACT
Crataegus pulcherrima,3016019,Crataegus pulcherrima,<i>Crataegus</i> <i>pulcherrima</i> Ashe,SPECIES,Rosaceae,5015,Crataegus,3013395,Crataegus pulcherrima,3016019,100,EXACT
Amelanchier bartramiana,3024074,Amelanchier bartramiana,<i>Amelanchier</i> <i>bartramiana</i> (Tausch) M.Roem.,SPECIES,Rosaceae,5015,Amelanchier,3023817,Amelanchier bartramiana,3024074,100,EXACT
Monarda punctata arkansana,5605268,Monarda punctata arkansana,<i>Monarda</i> <i>punctata</i> var. <i>arkansana</i> (E.M.McClint. & Epling) Shinners,VARIETY,Lamiaceae,2497,Monarda,2926838,Monarda punctata,5341413,85,EXACT
Silphium terebinthinaceum luciae-brauniae,4274359,Silphium terebinthinaceum luciae-brauniae,<i>Silphium</i> <i>terebinthinaceum</i> var. <i>luciae-brauniae</i> Steyerm.,VARIETY,Asteraceae,3065,Silphium,3092563,Silphium terebinthinaceum,7475866,88,EXACT
Crataegus jonesiae,4272199,Crataegus jonesiae,<i>Crataegus</i> <i>jonesiae</i> Sarg.,SPECIES,Rosaceae,5015,Crataegus,3013395,Crataegus jonesiae,4272199,100,EXACT
Viburnum dentatum,2888594,Viburnum dentatum,<i>Viburnum</i> <i>dentatum</i> L.,SPECIES,Viburnaceae,4924416,Viburnum,2888580,Viburnum dentatum,2888594,99,EXACT
Pinus monophylla,5285501,Pinus monophylla,<i>Pinus</i> <i>monophylla</i> Torr. & Frém.,SPECIES,Pinaceae,3925,Pinus,2684241,Pinus monophylla,5285501,99,EXACT
Claytonia lanceolata,3084746,Claytonia lanceolata,<i>Claytonia</i> <i>lanceolata</i> Pursh,SPECIES,Montiaceae,4898338,Claytonia,3084729,Claytonia lanceolata,3084746,99,EXACT
Amelanchier canadensis,3023833,Amelanchier canadensis,<i>Amelanchier</i> <i>canadensis</i> (L.) Medik.,SPECIES,Rosaceae,5015,Amelanchier,3023817,Amelanchier canadensis,3023833,99,EXACT
Claytonia sarmentosa,3084753,Claytonia sarmentosa,<i>Claytonia</i> <i>sarmentosa</i> C.A.Mey.,SPECIES,Montiaceae,4898338,Claytonia,3084729,Claytonia sarmentosa,3084753,99,EXACT
Ceanothus integerrimus integerrimus,7273997,Ceanothus integerrimus integerrimus,<i>Ceanothus</i> <i>integerrimus</i> var. <i>integerrimus</i>,VARIETY,Rhamnaceae,2407,Ceanothus,3039297,Ceanothus integerrimus,3039382,88,EXACT
Viola pedata pedata,7133226,Viola pedata pedata,<i>Viola</i> <i>pedata</i> var. <i>pedata</i>,VARIETY,Violaceae,6631,Viola,2874237,Viola pedata,5331278,85,EXACT
Viburnum farreri,6369599,Viburnum farreri,<i>Viburnum</i> <i>farreri</i> Stearn,SPECIES,Viburnaceae,4924416,Viburnum,2888580,Viburnum farreri,6369599,100,EXACT
Vitis vinifera,5372392,Vitis vinifera,<i>Vitis</i> <i>vinifera</i> L.,SPECIES,Vitaceae,6672,Vitis,7467468,Vitis vinifera,5372392,99,EXACT
Tradescantia occidentalis occidentalis,2765326,Tradescantia occidentalis occidentalis,<i>Tradescantia</i> <i>occidentalis</i> var. <i>occidentalis</i>,VARIETY,Commelinaceae,2763195,Tradescantia,2765096,Tradescantia occidentalis,2765322,88,EXACT
Rumex orthoneurus,2888949,Rumex orthoneurus,<i>Rumex</i> <i>orthoneurus</i> Rech.fil.,SPECIES,Polygonaceae,2416,Rumex,2888942,Rumex orthoneurus,2888949,100,EXACT
Physalis pubescens integrifolia,5581130,Physalis pubescens integrifolia,<i>Physalis</i> <i>pubescens</i> var. <i>integrifolia</i> (Dunal) Waterf.,VARIETY,Solanaceae,7717,Physalis,2928907,Physalis pubescens,5341819,88,EXACT
Osmorhiza longistylis longistylis,7565377,Osmorhiza longistylis longistylis,<i>Osmorhiza</i> <i>longistylis</i> var. <i>longistylis</i>,VARIETY,Apiaceae,6720,Osmorhiza,3034140,Osmorhiza longistylis,3034155,88,EXACT
Allium bolanderi bolanderi,7070107,Allium bolanderi bolanderi,<i>Allium</i> <i>bolanderi</i> var. <i>bolanderi</i>,VARIETY,Amaryllidaceae,7682,Allium,9624496,Allium bolanderi,2856194,88,EXACT
Pilea pumila deamii,5671071,Pilea pumila deamii,<i>Pilea</i> <i>pumila</i> var. <i>deamii</i> (Lunell) Fernald,VARIETY,Urticaceae,6639,Pilea,2984417,Pilea pumila,5361818,85,EXACT
Astragalus crassicarpus paysonii,5343643,Astragalus crassicarpus paysonii,<i>Astragalus</i> <i>crassicarpus</i> var. <i>paysonii</i> (E.H.Kelso) Barneby,VARIETY,Fabaceae,5386,Astragalus,2933951,Astragalus crassicarpus,5343637,88,EXACT
Trillium albidum,2742259,Trillium albidum,<i>Trillium</i> <i>albidum</i> J.D.Freeman,SPECIES,Melanthiaceae,7700,Trillium,2742182,Trillium albidum,2742259,100,EXACT
Physalis angulata,5341792,Physalis angulata,<i>Physalis</i> <i>angulata</i> L.,SPECIES,Solanaceae,7717,Physalis,2928907,Physalis angulata,5341792,99,EXACT
Lilium grayi,2753369,Lilium grayi,<i>Lilium</i> <i>grayi</i> S.Watson,SPECIES,Liliaceae,7699,Lilium,2752977,Lilium grayi,2753369,100,EXACT
Allium fimbriatum,2856831,Allium fimbriatum,<i>Allium</i> <i>fimbriatum</i> S.Watson,SPECIES,Amaryllidaceae,7682,Allium,9624496,Allium fimbriatum,2856831,99,EXACT
Acer negundo negundo,6359254,Acer negundo negundo,<i>Acer</i> <i>negundo</i> subsp. <i>negundo</i>,SUBSPECIES,Sapindaceae,6657,Acer,3189834,Acer negundo,3189866,85,EXACT
Monarda citriodora citriodora,7226104,Monarda citriodora citriodora,<i>Monarda</i> <i>citriodora</i> var. <i>citriodora</i>,VARIETY,Lamiaceae,2497,Monarda,2926838,Monarda citriodora,5341423,85,EXACT
Allium siculum,2856204,Allium siculum,<i>Allium</i> <i>siculum</i> Ucria,SPECIES,Amaryllidaceae,7682,Allium,9624496,Allium siculum,2856204,100,EXACT
Crataegus iracunda,3013529,Crataegus iracunda,<i>Crataegus</i> <i>iracunda</i> Beadle,SPECIES,Rosaceae,5015,Crataegus,3013395,Crataegus iracunda,3013529,100,EXACT
Pinus muricata,5285595,Pinus muricata,<i>Pinus</i> <i>muricata</i> D.Don,SPECIES,Pinaceae,3925,Pinus,2684241,Pinus muricata,5285595,99,EXACT
Monarda bradburiana,5341418,Monarda bradburiana,<i>Monarda</i> <i>bradburiana</i> Beck,SPECIES,Lamiaceae,2497,Monarda,2926838,Monarda bradburiana,5341418,100,EXACT
Trillium angustipetalum,2742317,Trillium angustipetalum,<i>Trillium</i> <i>angustipetalum</i> (Torr.) J.D.Freeman,SPECIES,Melanthiaceae,7700,Trillium,2742182,Trillium angustipetalum,2742317,100,EXACT
Quercus × eplingii,2880752,Quercus eplingii,<i>Quercus</i> × <i>eplingii</i> C.H.Mull.,SPECIES,Fagaceae,4689,Quercus,2877951,Quercus eplingii,2880752,100,EXACT
Ambrosia trifida trifida,10557076,Ambrosia trifida trifida,<i>Ambrosia</i> <i>trifida</i> var. <i>trifida</i>,VARIETY,Asteraceae,3065,Ambrosia,3110576,Ambrosia trifida,3110588,85,EXACT
Ribes roezlii cruentum,4272246,Ribes roezlii cruentum,<i>Ribes</i> <i>roezlii</i> var. <i>cruentum</i> (Greene) Rehder,VARIETY,Grossulariaceae,2403,Ribes,2986095,Ribes cruentum,2986096,88,EXACT
Monarda austroappalachiana,9394845,Monarda austroappalachiana,<i>Monarda</i> <i>austroappalachiana</i> Floden,SPECIES,Lamiaceae,2497,Monarda,2926838,Monarda austroappalachiana,9394845,100,EXACT
Silphium terebinthinaceum terebinthinaceum,7223121,Silphium terebinthinaceum terebinthinaceum,<i>Silphium</i> <i>terebinthinaceum</i> var. <i>terebinthinaceum</i>,VARIETY,Asteraceae,3065,Silphium,3092563,Silphium terebinthinaceum,7475866,88,EXACT
Quercus ajoensis,2878465,Quercus ajoensis,<i>Quercus</i> <i>ajoensis</i> C.H.Mull.,SPECIES,Fagaceae,4689,Quercus,2877951,Quercus ajoensis,2878465,100,EXACT
Cirsium neomexicanum utahense,4220636,Cirsium neomexicanum utahense,<i>Cirsium</i> <i>neomexicanum</i> var. <i>utahense</i> (Petr.) S.L.Welsh,VARIETY,Asteraceae,3065,Cirsium,3112554,Cirsium neomexicanum,3113512,88,EXACT
Stellaria longipes longipes,7219323,Stellaria longipes longipes,<i>Stellaria</i> <i>longipes</i> subsp. <i>longipes</i>,SUBSPECIES,Caryophyllaceae,2518,Stellaria,3085667,Stellaria longipes,5384620,85,EXACT
Claytonia arctica,3084770,Claytonia arctica,<i>Claytonia</i> <i>arctica</i> Adam,SPECIES,Montiaceae,4898338,Claytonia,3084729,Claytonia arctica,3084770,100,EXACT
Amelanchier utahensis,3023964,Amelanchier utahensis,<i>Amelanchier</i> <i>utahensis</i> Koehne,SPECIES,Rosaceae,5015,Amelanchier,3023817,Amelanchier utahensis,3023964,100,EXACT
Quercus coccinea,8326061,Quercus coccinea,<i>Quercus</i> <i>coccinea</i> Münchh.,SPECIES,Fagaceae,4689,Quercus,2877951,Quercus coccinea,8326061,99,EXACT
Oxalis articulata,2891664,Oxalis articulata,<i>Oxalis</i> <i>articulata</i> Savigny,SPECIES,Oxalidaceae,6697,Oxalis,2891642,Oxalis articulata,2891664,99,EXACT
Yucca aloifolia,2775744,Yucca aloifolia,<i>Yucca</i> <i>aloifolia</i> L.,SPECIES,Asparagaceae,7683,Yucca,2775496,Yucca aloifolia,2775744,99,EXACT
Lilium formosanum,2753371,Lilium formosanum,<i>Lilium</i> <i>formosanum</i> A.Wallace,SPECIES,Liliaceae,7699,Lilium,2752977,Lilium formosanum,2753371,100,EXACT
Trillium vaseyi,2742244,Trillium vaseyi,<i>Trillium</i> <i>vaseyi</i> Harb.,SPECIES,Melanthiaceae,7700,Trillium,2742182,Trillium vaseyi,2742244,100,EXACT
Rumex pulcher,2888978,Rumex pulcher,<i>Rumex</i> <i>pulcher</i> L.,SPECIES,Polygonaceae,2416,Rumex,2888942,Rumex pulcher,2888978,99,EXACT
Lactuca tatarica,9123250,Lactuca tatarica,<i>Lactuca</i> <i>tatarica</i> (L.) C.A.Mey.,SPECIES,Asteraceae,3065,Lactuca,3140231,Lactuca tatarica,9123250,100,EXACT
Vicia lens,3973001,Vicia lens,<i>Vicia</i> <i>lens</i> (L.) Coss. & Germ.,SPECIES,Fabaceae,5386,Vicia,2974751,Vicia lens,3973001,100,EXACT
Prunus serotina rufula,10346573,Prunus serotina rufula,<i>Prunus</i> <i>serotina</i> var. <i>rufula</i> (Wooton & Standl.) Mc Vaugh,VARIETY,Rosaceae,5015,Prunus,3020559,Prunus serotina,3021850,85,EXACT
Cirsium arvense integrifolium,4274470,Cirsium arvense integrifolium,<i>Cirsium</i> <i>arvense</i> var. <i>integrifolium</i> Wimm. & Grab.,VARIETY,Asteraceae,3065,Cirsium,3112554,Cirsium arvense,3113414,85,EXACT
Marrubium vulgare,2927069,Marrubium vulgare,<i>Marrubium</i> <i>vulgare</i> L.,SPECIES,Lamiaceae,2497,Marrubium,2927068,Marrubium vulgare,2927069,100,EXACT
Ceanothus decornutus,8275443,Ceanothus decornutus,<i>Ceanothus</i> <i>decornutus</i> V.T.Parker,SPECIES,Rhamnaceae,2407,Ceanothus,3039297,Ceanothus decornutus,8275443,100,EXACT
Allium atrorubens atrorubens,7227628,Allium atrorubens atrorubens,<i>Allium</i> <i>atrorubens</i> var. <i>atrorubens</i>,VARIETY,Amaryllidaceae,7682,Allium,9624496,Allium atrorubens,2855926,88,EXACT
Ribes alpinum,2986184,Ribes alpinum,<i>Ribes</i> <i>alpinum</i> L.,SPECIES,Grossulariaceae,2403,Ribes,2986095,Ribes alpinum,2986184,99,EXACT
Oxalis articulata rubra,2891728,Oxalis articulata rubra,<i>Oxalis</i> <i>articulata</i> subsp. <i>rubra</i> (A.St.-Hil.) Lourteig,SUBSPECIES,Oxalidaceae,6697,Oxalis,2891642,Oxalis articulata,2891664,88,EXACT
Viburnum deamii,8111807,Viburnum deamii,<i>Viburnum</i> <i>deamii</i> (Rehder) Sorrie,SPECIES,Viburnaceae,4924416,Viburnum,2888580,Viburnum deamii,8111807,99,EXACT
Chaerophyllum procumbens shortii,3641137,Chaerophyllum procumbens shortii,<i>Chaerophyllum</i> <i>procumbens</i> var. <i>shortii</i> Torr. & A.Gray,VARIETY,Apiaceae,6720,Chaerophyllum,3034649,Chaerophyllum procumbens,3034652,88,EXACT
Malva sylvestris mauritiana,6285889,Malva sylvestris mauritiana,<i>Malva</i> <i>sylvestris</i> var. <i>mauritiana</i> (L.) Boiss.,VARIETY,Malvaceae,6685,Malva,3152364,Malva sylvestris,3152374,85,EXACT
Ribes sanguineum,2986130,Ribes sanguineum,<i>Ribes</i> <i>sanguineum</i> Pursh,SPECIES,Grossulariaceae,2403,Ribes,2986095,Ribes sanguineum,2986130,100,EXACT
Smilax pseudochina,5295746,Smilax pseudochina,<i>Smilax</i> <i>pseudochina</i> L.,SPECIES,Smilacaceae,7702,Smilax,2740627,Smilax pseudochina,5295746,99,EXACT
Ribes velutinum,2986120,Ribes velutinum,<i>Ribes</i> <i>velutinum</i> Greene,SPECIES,Grossulariaceae,2403,Ribes,2986095,Ribes velutinum,2986120,100,EXACT
Primula conjugens,7127734,Primula conjugens,<i>Primula</i> <i>conjugens</i> (Greene) A.R.Mast & Reveal,SPECIES,Primulaceae,6674,Dodecatheon,7597718,Dodecatheon conjugens,3169254,100,EXACT
Allium tolmiei,2857235,Allium tolmiei,<i>Allium</i> <i>tolmiei</i> Baker,SPECIES,Amaryllidaceae,7682,Allium,9624496,Allium tolmiei,2857235,99,EXACT
Hydrophyllum virginianum atranthum,2928282,Hydrophyllum virginianum atranthum,<i>Hydrophyllum</i> <i>virginianum</i> var. <i>atranthum</i> (Alexander) Constance,VARIETY,Hydrophyllaceae,2387,Hydrophyllum,8906001,Hydrophyllum virginianum,2928281,88,EXACT
Robinia viscosa hartwigii,5352248,Robinia viscosa hartwigii,<i>Robinia</i> <i>viscosa</i> var. <i>hartwigii</i> (Koehne) Ashe,VARIETY,Fabaceae,5386,Robinia,2952066,Robinia viscosa,5352245,88,EXACT
Lamium amplexicaule amplexicaule,7308142,Lamium amplexicaule amplexicaule,<i>Lamium</i> <i>amplexicaule</i> var. <i>amplexicaule</i>,VARIETY,Lamiaceae,2497,Lamium,2926678,Lamium amplexicaule,2926679,85,EXACT
Quercus marilandica ashei,2881631,Quercus marilandica ashei,<i>Quercus</i> <i>marilandica</i> var. <i>ashei</i> Sudw.,VARIETY,Fagaceae,4689,Quercus,2877951,Quercus marilandica,2881630,88,EXACT
Viola lithion,5331291,Viola lithion,<i>Viola</i> <i>lithion</i> N.H.Holmgren & P.K.Holmgren,SPECIES,Violaceae,6631,Viola,2874237,Viola lithion,5331291,100,EXACT
Quercus hemisphaerica hemisphaerica,4925821,Quercus hemisphaerica hemisphaerica,<i>Quercus</i> <i>hemisphaerica</i> var. <i>hemisphaerica</i>,VARIETY,Fagaceae,4689,Quercus,2877951,Quercus hemisphaerica,2877348,88,EXACT
Pinus ponderosa ponderosa,7230697,Pinus ponderosa ponderosa,<i>Pinus</i> <i>ponderosa</i> var. <i>ponderosa</i>,VARIETY,Pinaceae,3925,Pinus,2684241,Pinus ponderosa,5285053,88,EXACT
Trillium viride,2742258,Trillium viride,<i>Trillium</i> <i>viride</i> L.C.Beck,SPECIES,Melanthiaceae,7700,Trillium,2742182,Trillium viride,2742258,100,EXACT
Ribes quercetorum,2986221,Ribes quercetorum,<i>Ribes</i> <i>quercetorum</i> Greene,SPECIES,Grossulariaceae,2403,Ribes,2986095,Ribes quercetorum,2986221,100,EXACT
Allium validum,2857382,Allium validum,<i>Allium</i> <i>validum</i> S.Watson,SPECIES,Amaryllidaceae,7682,Allium,9624496,Allium validum,2857382,100,EXACT
Rubus arcticus acaulis,2992055,Rubus arcticus acaulis,<i>Rubus</i> <i>arcticus</i> subsp. <i>acaulis</i> (Michx.) Focke,SUBSPECIES,Rosaceae,5015,Rubus,2988638,Rubus arcticus,2992051,85,EXACT
Astragalus crassicarpus trichocalyx,8339156,Astragalus crassicarpus trichocalyx,<i>Astragalus</i> <i>crassicarpus</i> var. <i>trichocalyx</i> (Nutt.) Barneby,VARIETY,Fabaceae,5386,Astragalus,2933951,Astragalus crassicarpus,5343637,85,EXACT
Pinus cembroides bicolor,5686603,Pinus cembroides bicolor,<i>Pinus</i> <i>cembroides</i> var. <i>bicolor</i> Little,VARIETY,Pinaceae,3925,Pinus,2684241,Pinus discolor,5686897,84,EXACT
Persicaria careyi,2889216,Persicaria careyi,<i>Persicaria</i> <i>careyi</i> (Olney) Greene,SPECIES,Polygonaceae,2416,Persicaria,6390748,Persicaria careyi,2889216,100,EXACT
Allium trifoliatum,2856997,Allium trifoliatum,<i>Allium</i> <i>trifoliatum</i> Cirillo,SPECIES,Amaryllidaceae,7682,Allium,9624496,Allium trifoliatum,2856997,100,EXACT
Ribes hudsonianum hudsonianum,6442305,Ribes hudsonianum hudsonianum,<i>Ribes</i> <i>hudsonianum</i> var. <i>hudsonianum</i>,VARIETY,Grossulariaceae,2403,Ribes,2986095,Ribes hudsonianum,2986140,88,EXACT
Smilax hugeri,5295255,Smilax hugeri,<i>Smilax</i> <i>hugeri</i> (Small) J.B.Norton ex Pennell,SPECIES,Smilacaceae,7702,Smilax,2740627,Smilax hugeri,5295255,99,EXACT
Quercus garryana,2879260,Quercus garryana,<i>Quercus</i> <i>garryana</i> Douglas ex Hook.,SPECIES,Fagaceae,4689,Quercus,2877951,Quercus garryana,2879260,99,EXACT
Allium lacunosum,2857752,Allium lacunosum,<i>Allium</i> <i>lacunosum</i> S.Watson,SPECIES,Amaryllidaceae,7682,Allium,9624496,Allium lacunosum,2857752,100,EXACT
Cirsium douglasii breweri,4223275,Cirsium douglasii breweri,<i>Cirsium</i> <i>douglasii</i> var. <i>breweri</i> (A.Gray) D.J.Keil & C.E.Turner,VARIETY,Asteraceae,3065,Cirsium,3112554,Cirsium douglasii,3113757,88,EXACT
Callirhoe involucrata lineariloba,8031766,Callirhoe involucrata lineariloba,<i>Callirhoe</i> <i>involucrata</i> var. <i>lineariloba</i> (Torr. & A.Gray) A.Gray ex S.Watson,VARIETY,Malvaceae,6685,Callirhoe,3152285,Callirhoe involucrata,5406702,85,EXACT
Crataegus berberifolia,3014985,Crataegus berberifolia,<i>Crataegus</i> <i>berberifolia</i> Torr. & A.Gray,SPECIES,Rosaceae,5015,Crataegus,3013395,Crataegus berberifolia,3014985,100,EXACT
Cirsium horridulum vittatum,4222069,Cirsium horridulum vittatum,<i>Cirsium</i> <i>horridulum</i> var. <i>vittatum</i> (Small) R.W.Long,VARIETY,Asteraceae,3065,Cirsium,3112554,Cirsium horridulum,3112777,88,EXACT
Ceanothus lemmonii,3039347,Ceanothus lemmonii,<i>Ceanothus</i> <i>lemmonii</i> Parry,SPECIES,Rhamnaceae,2407,Ceanothus,3039297,Ceanothus lemmonii,3039347,100,EXACT
Allium incomptum,12258670,Allium incomptum,<i>Allium</i> <i>incomptum</i> Kierstead & Lindstrand,SPECIES,Amaryllidaceae,7682,Allium,9624496,Allium incomptum,12258670,100,EXACT
Viola purpurea integrifolia,8401825,Viola purpurea integrifolia,<i>Viola</i> <i>purpurea</i> subsp. <i>integrifolia</i> M.S.Baker & Clausen,SUBSPECIES,Violaceae,6631,Viola,2874237,Viola purpurea,5331324,85,EXACT
Sparganium eurycarpum coreanum,2702397,Sparganium eurycarpum coreanum,<i>Sparganium</i> <i>eurycarpum</i> subsp. <i>coreanum</i> (H.Lév.) C.D.K.Cook & M.S.Nicholls,SUBSPECIES,Typhaceae,4246,Sparganium,2702260,Sparganium eurycarpum,2702394,88,EXACT
Smilax rotundifolia,5295375,Smilax rotundifolia,<i>Smilax</i> <i>rotundifolia</i> L.,SPECIES,Smilacaceae,7702,Smilax,2740627,Smilax rotundifolia,5295375,99,EXACT
Vaccinium cespitosum,2882861,Vaccinium cespitosum,<i>Vaccinium</i> <i>cespitosum</i> Michx.,SPECIES,Ericaceae,2505,Vaccinium,2882813,Vaccinium cespitosum,2882861,100,EXACT
Cirsium lecontei,3113529,Cirsium lecontei,<i>Cirsium</i> <i>lecontei</i> Torr. & A.Gray,SPECIES,Asteraceae,3065,Cirsium,3112554,Cirsium lecontei,3113529,100,EXACT
Yucca angustissima kanabensis,2775691,Yucca angustissima kanabensis,<i>Yucca</i> <i>angustissima</i> var. <i>kanabensis</i> (McKelvey) Reveal,VARIETY,Asparagaceae,7683,Yucca,2775496,Yucca angustissima,2775690,85,EXACT
Ribes erythrocarpum,2986104,Ribes erythrocarpum,<i>Ribes</i> <i>erythrocarpum</i> Coville & Leiberg,SPECIES,Grossulariaceae,2403,Ribes,2986095,Ribes erythrocarpum,2986104,100,EXACT
Claytonia megarhiza megarhiza,6388226,Claytonia megarhiza megarhiza,<i>Claytonia</i> <i>megarhiza</i> var. <i>megarhiza</i>,VARIETY,Montiaceae,4898338,Claytonia,3084729,Claytonia megarhiza,3084735,88,EXACT
Quercus × leana,8920502,Quercus leana,<i>Quercus</i> × <i>leana</i> Nutt.,SPECIES,Fagaceae,4689,Quercus,2877951,Quercus leana,8920502,100,EXACT
Trillium pusillum texanum,2742216,Trillium pusillum texanum,<i>Trillium</i> <i>pusillum</i> var. <i>texanum</i> (Buckley) Reveal & C.R.Broome,VARIETY,Melanthiaceae,7700,Trillium,2742182,Trillium pusillum,2742209,84,EXACT
Rubus beamanii,9606151,Rubus beamanii,<i>Rubus</i> <i>beamanii</i> Widrl. & Riley,SPECIES,Rosaceae,5015,Rubus,2988638,Rubus beamanii,9606151,100,EXACT
Mertensia paniculata alaskana,5662248,Mertensia paniculata alaskana,<i>Mertensia</i> <i>paniculata</i> var. <i>alaskana</i> (Britton) L.O.Williams,VARIETY,Boraginaceae,2498,Mertensia,2663415,Mertensia paniculata,5341214,88,EXACT
Galinsoga parviflora parviflora,7223126,Galinsoga parviflora parviflora,<i>Galinsoga</i> <i>parviflora</i> var. <i>parviflora</i>,VARIETY,Asteraceae,3065,Galinsoga,3132547,Galinsoga parviflora,3132570,85,EXACT
Vaccinium darrowii,2882908,Vaccinium darrowii,<i>Vaccinium</i> <i>darrowii</i> Camp,SPECIES,Ericaceae,2505,Vaccinium,2882813,Vaccinium darrowii,2882908,100,EXACT
Sorbus decora,3012350,Sorbus decora,<i>Sorbus</i> <i>decora</i> (Sarg.) C.K.Schneid.,SPECIES,Rosaceae,5015,Sorbus,3012146,Sorbus decora,3012350,100,EXACT
Cirsium pitcheri,3113668,Cirsium pitcheri,<i>Cirsium</i> <i>pitcheri</i> (Torr. ex Eaton) Torr. & A.Gray,SPECIES,Asteraceae,3065,Cirsium,3112554,Cirsium pitcheri,3113668,100,EXACT
Viola striata,5331184,Viola striata,<i>Viola</i> <i>striata</i> Aiton,SPECIES,Violaceae,6631,Viola,2874237,Viola striata,5331184,99,EXACT
Sorbus scopulina,3012298,Sorbus scopulina,<i>Sorbus</i> <i>scopulina</i> Greene,SPECIES,Rosaceae,5015,Sorbus,3012146,Sorbus scopulina,3012298,99,EXACT
Ceanothus microphyllus,3039306,Ceanothus microphyllus,<i>Ceanothus</i> <i>microphyllus</i> Michx.,SPECIES,Rhamnaceae,2407,Ceanothus,3039297,Ceanothus microphyllus,3039306,100,EXACT
Silene vulgaris vulgaris,5587240,Silene vulgaris vulgaris,<i>Silene</i> <i>vulgaris</i> subsp. <i>vulgaris</i>,SUBSPECIES,Caryophyllaceae,2518,Silene,3085897,Silene vulgaris,9172281,85,EXACT
Glechoma hederacea hederacea,6449519,Glechoma hederacea hederacea,<i>Glechoma</i> <i>hederacea</i> var. <i>hederacea</i>,VARIETY,Lamiaceae,2497,Glechoma,2926556,Glechoma hederacea,2926557,84,EXACT
Crataegus gaylussacia,3013900,Crataegus gaylussacia,<i>Crataegus</i> <i>gaylussacia</i> A.Heller,SPECIES,Rosaceae,5015,Crataegus,3013395,Crataegus gaylussacia,3013900,100,EXACT
Claytonia washingtoniana,3084773,Claytonia washingtoniana,<i>Claytonia</i> <i>washingtoniana</i> (Suksd.) Suksd.,SPECIES,Montiaceae,4898338,Claytonia,3084729,Claytonia washingtoniana,3084773,100,EXACT
Picea glauca glauca,7071066,Picea glauca glauca,<i>Picea</i> <i>glauca</i> var. <i>glauca</i>,VARIETY,Pinaceae,3925,Picea,7606064,Picea glauca,5284745,85,EXACT
Sanicula epipactis,3639337,Sanicula epipactis,<i>Sanicula</i> <i>epipactis</i> (Scop.) E.H.L.Krause,SPECIES,Apiaceae,6720,Sanicula,3034831,Sanicula epipactis,3639337,100,EXACT
Lactuca hirsuta hirsuta,4273743,Lactuca hirsuta hirsuta,<i>Lactuca</i> <i>hirsuta</i> var. <i>hirsuta</i>,VARIETY,Asteraceae,3065,Lactuca,3140231,Lactuca hirsuta,7521930,84,EXACT
Robinia neomexicana neomexicana,6593197,Robinia neomexicana neomexicana,<i>Robinia</i> <i>neomexicana</i> var. <i>neomexicana</i>,VARIETY,Fabaceae,5386,Robinia,2952066,Robinia neomexicana,5352212,88,EXACT
Asarum canadense reflexum,2873952,Asarum canadense reflexum,<i>Asarum</i> <i>canadense</i> var. <i>reflexum</i> (E.P.Bicknell) B.L.Rob.,VARIETY,Aristolochiaceae,3066,Asarum,2873945,Asarum canadense,2873947,88,EXACT
Typha angustifolia,5289461,Typha angustifolia,<i>Typha</i> <i>angustifolia</i> L.,SPECIES,Typhaceae,4246,Typha,2702102,Typha angustifolia,5289461,99,EXACT
Pinus banksiana,5285533,Pinus banksiana,<i>Pinus</i> <i>banksiana</i> Lamb.,SPECIES,Pinaceae,3925,Pinus,2684241,Pinus banksiana,5285533,100,EXACT
Trillium cuneatum,2742247,Trillium cuneatum,<i>Trillium</i> <i>cuneatum</i> Raf.,SPECIES,Melanthiaceae,7700,Trillium,2742182,Trillium cuneatum,2742247,100,EXACT
Trillium underwoodii,2742327,Trillium underwoodii,<i>Trillium</i> <i>underwoodii</i> Small,SPECIES,Melanthiaceae,7700,Trillium,2742182,Trillium underwoodii,2742327,100,EXACT
Vaccinium hirsutum,2882824,Vaccinium hirsutum,<i>Vaccinium</i> <i>hirsutum</i> Buckley,SPECIES,Ericaceae,2505,Vaccinium,2882813,Vaccinium hirsutum,2882824,99,EXACT
Rumex occidentalis,6391790,Rumex occidentalis,<i>Rumex</i> <i>occidentalis</i> (Michx.) S.Watson,SPECIES,Polygonaceae,2416,Rumex,2888942,Rumex occidentalis,6391790,100,EXACT
Viola × populifolia,5331192,Viola populifolia,<i>Viola</i> × <i>populifolia</i> Greene,SPECIES,Violaceae,6631,Viola,2874237,Viola populifolia,5331192,100,EXACT
Crataegus × cogswellii,10744118,Crataegus cogswellii,<i>Crataegus</i> × <i>cogswellii</i> K.I.Chr. & T.A.Dickinson,SPECIES,Rosaceae,5015,Crataegus,3013395,Crataegus cogswellii,10744118,100,EXACT
Plantago major major,6665114,Plantago major major,"<i>Plantago</i> <i>major</i> subsp. <i>major</i> Linnaeus, 1753",SUBSPECIES,Plantaginaceae,2420,Plantago,3189695,Plantago major,3189767,85,EXACT
Acer negundo mexicanum,3768490,Acer negundo mexicanum,<i>Acer</i> <i>negundo</i> var. <i>mexicanum</i> (DC.) Kuntze,VARIETY,Sapindaceae,6657,Acer,3189834,Acer negundo,3189866,85,EXACT
Typha capensis,5289571,Typha capensis,<i>Typha</i> <i>capensis</i> (Rohrb.) N.E.Br.,SPECIES,Typhaceae,4246,Typha,2702102,Typha capensis,5289571,99,EXACT
Rubus rosifolius,8234521,Rubus rosifolius,<i>Rubus</i> <i>rosifolius</i> Sm.,SPECIES,Rosaceae,5015,Rubus,2988638,Rubus rosifolius,8234521,99,EXACT
Nuphar advena,6434985,Nuphar advena,<i>Nuphar</i> <i>advena</i> (Aiton) Aiton,SPECIES,Nymphaeaceae,2423,Nuphar,2882408,Nuphar advena,6434985,99,EXACT
Ceanothus parvifolius,3039311,Ceanothus parvifolius,<i>Ceanothus</i> <i>parvifolius</i> (S.Watson) Trel.,SPECIES,Rhamnaceae,2407,Ceanothus,3039297,Ceanothus parvifolius,3039311,99,EXACT
Pinus balfouriana,5285708,Pinus balfouriana,<i>Pinus</i> <i>balfouriana</i> Balf.,SPECIES,Pinaceae,3925,Pinus,2684241,Pinus balfouriana,5285708,99,EXACT
Rubus canadensis,2991408,Rubus canadensis,<i>Rubus</i> <i>canadensis</i> L.,SPECIES,Rosaceae,5015,Rubus,2988638,Rubus canadensis,2991408,99,EXACT
Cirsium arizonicum tenuisectum,4224645,Cirsium arizonicum tenuisectum,<i>Cirsium</i> <i>arizonicum</i> var. <i>tenuisectum</i> D.J.Keil,VARIETY,Asteraceae,3065,Cirsium,3112554,Cirsium arizonicum,3112861,88,EXACT
Allium macrum,2857410,Allium macrum,<i>Allium</i> <i>macrum</i> S.Watson,SPECIES,Amaryllidaceae,7682,Allium,9624496,Allium macrum,2857410,100,EXACT
Cirsium inamoenum inamoenum,7222539,Cirsium inamoenum inamoenum,<i>Cirsium</i> <i>inamoenum</i> var. <i>inamoenum</i>,VARIETY,Asteraceae,3065,Cirsium,3112554,Cirsium inamoenum,3113257,88,EXACT
Viola howellii,5331294,Viola howellii,<i>Viola</i> <i>howellii</i> A.Gray,SPECIES,Violaceae,6631,Viola,2874237,Viola howellii,5331294,100,EXACT
Allium tolmiei tolmiei,7227620,Allium tolmiei tolmiei,<i>Allium</i> <i>tolmiei</i> var. <i>tolmiei</i>,VARIETY,Amaryllidaceae,7682,Allium,9624496,Allium tolmiei,2857235,88,EXACT
Juniperus communis charlottensis,2684758,Juniperus communis charlottensis,<i>Juniperus</i> <i>communis</i> var. <i>charlottensis</i> R.P.Adams,VARIETY,Cupressaceae,8144,Juniperus,2684359,Juniperus communis,2684709,88,EXACT
Quercus × benderi,2879029,Quercus benderi,<i>Quercus</i> × <i>benderi</i> Baen.,SPECIES,Fagaceae,4689,Quercus,2877951,Quercus benderi,2879029,100,EXACT
Betula alleghaniensis alleghaniensis,5709491,Betula alleghaniensis alleghaniensis,<i>Betula</i> <i>alleghaniensis</i> var. <i>alleghaniensis</i>,VARIETY,Betulaceae,4688,Betula,2875008,Betula alleghaniensis,5331779,88,EXACT
Yucca neomexicana,2775786,Yucca neomexicana,<i>Yucca</i> <i>neomexicana</i> Wooton & Standl.,SPECIES,Asparagaceae,7683,Yucca,2775496,Yucca neomexicana,2775786,100,EXACT
Fragaria orientalis,3029834,Fragaria orientalis,<i>Fragaria</i> <i>orientalis</i> Losinsk.,SPECIES,Rosaceae,5015,Fragaria,3029779,Fragaria orientalis,3029834,100,EXACT
Yucca baccata,2775788,Yucca baccata,<i>Yucca</i> <i>baccata</i> Torr.,SPECIES,Asparagaceae,7683,Yucca,2775496,Yucca baccata,2775788,100,EXACT
Persicaria perfoliata,4033648,Persicaria perfoliata,<i>Persicaria</i> <i>perfoliata</i> (L.) H.Gross,SPECIES,Polygonaceae,2416,Persicaria,6390748,Persicaria perfoliata,4033648,100,EXACT
Claytonia rubra,3084740,Claytonia rubra,<i>Claytonia</i> <i>rubra</i> (Howell) Tidestr.,SPECIES,Montiaceae,4898338,Claytonia,3084729,Claytonia rubra,3084740,100,EXACT
Quercus vacciniifolia,10918497,Quercus vacciniifolia,<i>Quercus</i> <i>vacciniifolia</i> Hittell,SPECIES,Fagaceae,4689,Quercus,2877951,Quercus vacciniifolia,10918497,99,EXACT
Yucca flaccida,2775530,Yucca flaccida,<i>Yucca</i> <i>flaccida</i> Haw.,SPECIES,Asparagaceae,7683,Yucca,2775496,Yucca flaccida,2775530,100,EXACT
Prunus serotina eximia,3021900,Prunus serotina eximia,<i>Prunus</i> <i>serotina</i> var. <i>eximia</i> (Small) Little,VARIETY,Rosaceae,5015,Prunus,3020559,Prunus serotina,3021850,85,EXACT
Phlox pilosa ozarkana,6394534,Phlox pilosa ozarkana,<i>Phlox</i> <i>pilosa</i> subsp. <i>ozarkana</i> (Wherry) Wherry,SUBSPECIES,Polemoniaceae,6648,Phlox,2927698,Phlox pilosa,2927734,85,EXACT
Cirsium flodmanii,3113498,Cirsium flodmanii,<i>Cirsium</i> <i>flodmanii</i> (Rydb.) Arthur,SPECIES,Asteraceae,3065,Cirsium,3112554,Cirsium flodmanii,3113498,100,EXACT
Quercus graciliformis,2878143,Quercus graciliformis,<i>Quercus</i> <i>graciliformis</i> C.H.Mull.,SPECIES,Fagaceae,4689,Quercus,2877951,Quercus canbyi,2878132,100,EXACT
Stellaria humifusa,5384598,Stellaria humifusa,<i>Stellaria</i> <i>humifusa</i> Rottb.,SPECIES,Caryophyllaceae,2518,Stellaria,3085667,Stellaria humifusa,5384598,99,EXACT
Quercus cedrosensis,2880835,Quercus cedrosensis,<i>Quercus</i> <i>cedrosensis</i> C.H.Mull.,SPECIES,Fagaceae,4689,Quercus,2877951,Quercus cedrosensis,2880835,100,EXACT
Fallopia dumetorum,6391446,Fallopia dumetorum,<i>Fallopia</i> <i>dumetorum</i> (L.) Holub,SPECIES,Polygonaceae,2416,Fallopia,2889418,Fallopia dumetorum,6391446,100,EXACT
Quercus × columnaris,2881571,Quercus columnaris,<i>Quercus</i> × <i>columnaris</i> Laughlin,SPECIES,Fagaceae,4689,Quercus,2877951,Quercus columnaris,2881571,100,EXACT
Rumex acetosella angiocarpus,9630289,Rumex acetosella angiocarpus,<i>Rumex</i> <i>acetosella</i> subsp. <i>angiocarpus</i> (Murb.) Murb.,SUBSPECIES,Polygonaceae,2416,Rumex,2888942,Rumex acetosella,2888995,85,EXACT
Crataegus douglasii,3013580,Crataegus douglasii,<i>Crataegus</i> <i>douglasii</i> Lindl.,SPECIES,Rosaceae,5015,Crataegus,3013395,Crataegus douglasii,3013580,99,EXACT
Rumex stenophyllus,2889023,Rumex stenophyllus,<i>Rumex</i> <i>stenophyllus</i> Ledeb.,SPECIES,Polygonaceae,2416,Rumex,2888942,Rumex stenophyllus,2889023,99,EXACT
Ceanothus cyaneus,3039381,Ceanothus cyaneus,<i>Ceanothus</i> <i>cyaneus</i> Eastw.,SPECIES,Rhamnaceae,2407,Ceanothus,3039297,Ceanothus cyaneus,3039381,99,EXACT
Rhus trilobata pilosissima,3659701,Rhus trilobata pilosissima,<i>Rhus</i> <i>trilobata</i> var. <i>pilosissima</i> Engl.,VARIETY,Anacardiaceae,2398,Rhus,3190534,Rhus trilobata,3190562,88,EXACT
Pinus pinaster,5285565,Pinus pinaster,<i>Pinus</i> <i>pinaster</i> Aiton,SPECIES,Pinaceae,3925,Pinus,2684241,Pinus pinaster,5285565,99,EXACT
Allium schoenoprasum schoenoprasum,6448925,Allium schoenoprasum schoenoprasum,<i>Allium</i> <i>schoenoprasum</i> var. <i>schoenoprasum</i>,VARIETY,Amaryllidaceae,7682,Allium,9624496,Allium schoenoprasum,2855860,84,EXACT
Ribes cereum colubrinum,4194520,Ribes cereum colubrinum,<i>Ribes</i> <i>cereum</i> var. <i>colubrinum</i> C.L.Hitchc.,VARIETY,Grossulariaceae,2403,Ribes,2986095,Ribes cereum,2986127,88,EXACT
Acer negundo texanum,3768436,Acer negundo texanum,<i>Acer</i> <i>negundo</i> var. <i>texanum</i> Pax,VARIETY,Sapindaceae,6657,Acer,3189834,Acer negundo,3189866,88,EXACT
Crataegus texana,3014602,Crataegus texana,<i>Crataegus</i> <i>texana</i> Buckley,SPECIES,Rosaceae,5015,Crataegus,3013395,Crataegus texana,3014602,100,EXACT
Rubus odoratus odoratus,7220171,Rubus odoratus odoratus,<i>Rubus</i> <i>odoratus</i> f. <i>odoratus</i>,FORM,Rosaceae,5015,Rubus,2988638,Rubus odoratus,2994912,85,EXACT
Viola inconspicua,7296357,Viola inconspicua,<i>Viola</i> <i>inconspicua</i> Blume,SPECIES,Violaceae,6631,Viola,2874237,Viola inconspicua,7296357,100,EXACT
Nuphar lutea,7551339,Nuphar lutea,<i>Nuphar</i> <i>lutea</i> (L.) Sibth. & Sm.,SPECIES,Nymphaeaceae,2423,Nuphar,2882408,Nuphar lutea,7551339,100,EXACT
Cirsium texanum,3113276,Cirsium texanum,<i>Cirsium</i> <i>texanum</i> Buckley,SPECIES,Asteraceae,3065,Cirsium,3112554,Cirsium texanum,3113276,100,EXACT
Galinsoga quadriradiata,8298495,Galinsoga quadriradiata,<i>Galinsoga</i> <i>quadriradiata</i> Ruiz & Pav.,SPECIES,Asteraceae,3065,Galinsoga,3132547,Galinsoga quadriradiata,8298495,99,EXACT
Trillium ovatum,2742413,Trillium ovatum,<i>Trillium</i> <i>ovatum</i> Pursh,SPECIES,Melanthiaceae,7700,Trillium,2742182,Trillium ovatum,2742413,100,EXACT
Prunella vulgaris lanceolata,8071829,Prunella vulgaris lanceolata,<i>Prunella</i> <i>vulgaris</i> subsp. <i>lanceolata</i> (W.P.C.Barton) Piper & Beattie,SUBSPECIES,Lamiaceae,2497,Prunella,2926553,Prunella vulgaris,5341297,85,EXACT
Ribes wolfii,2986125,Ribes wolfii,<i>Ribes</i> <i>wolfii</i> Rothr.,SPECIES,Grossulariaceae,2403,Ribes,2986095,Ribes wolfii,2986125,100,EXACT
Salicornia maritima,5383953,Salicornia maritima,<i>Salicornia</i> <i>maritima</i> S.L.Wolff & Jefferies,SPECIES,Amaranthaceae,3064,Salicornia,3083796,Salicornia maritima,5383953,100,EXACT
Oxalis illinoensis,2891658,Oxalis illinoensis,<i>Oxalis</i> <i>illinoensis</i> Schwegman,SPECIES,Oxalidaceae,6697,Oxalis,2891642,Oxalis illinoensis,2891658,100,EXACT
Rubus vermontanus,2989749,Rubus vermontanus,<i>Rubus</i> <i>vermontanus</i> Blanch.,SPECIES,Rosaceae,5015,Rubus,2988638,Rubus vermontanus,2989749,100,EXACT
Nuphar ulvacea,3697657,Nuphar ulvacea,<i>Nuphar</i> <i>ulvacea</i> (G.S.Mill. & Standl.) Standl.,SPECIES,Nymphaeaceae,2423,Nuphar,2882408,Nuphar advena,6434985,100,EXACT
Pinus resinosa,5285067,Pinus resinosa,<i>Pinus</i> <i>resinosa</i> Aiton,SPECIES,Pinaceae,3925,Pinus,2684241,Pinus resinosa,5285067,99,EXACT
Erythronium americanum harperi,2752816,Erythronium americanum harperi,<i>Erythronium</i> <i>americanum</i> subsp. <i>harperi</i> (W.Wolf) C.R.Parks & Hardin,SUBSPECIES,Liliaceae,7699,Erythronium,2740136,Erythronium americanum,2752815,88,EXACT
Cirsium vinaceum,3113117,Cirsium vinaceum,<i>Cirsium</i> <i>vinaceum</i> (Wooton & Standl.) Wooton & Standl.,SPECIES,Asteraceae,3065,Cirsium,3112554,Cirsium vinaceum,3113117,99,EXACT
Allium ampeloprasum ampeloprasum,4270245,Allium ampeloprasum ampeloprasum,<i>Allium</i> <i>ampeloprasum</i> var. <i>ampeloprasum</i>,VARIETY,Amaryllidaceae,7682,Allium,9624496,Allium ampeloprasum,2856037,85,EXACT
Plantago maritima maritima,7303135,Plantago maritima maritima,<i>Plantago</i> <i>maritima</i> subsp. <i>maritima</i>,SUBSPECIES,Plantaginaceae,2420,Plantago,3189695,Plantago maritima,3189755,85,EXACT
Lathyrus palustris pilosus,5356413,Lathyrus palustris pilosus,<i>Lathyrus</i> <i>palustris</i> subsp. <i>pilosus</i> (Cham.) Hultén,SUBSPECIES,Fabaceae,5386,Lathyrus,10356062,Lathyrus palustris,5356412,84,EXACT
Rubus revealii,11161997,Rubus revealii,<i>Rubus</i> <i>revealii</i> A.Beek & Widrl.,SPECIES,Rosaceae,5015,Rubus,2988638,Rubus revealii,11161997,100,EXACT
Ribes menziesii ixoderme,4194454,Ribes menziesii ixoderme,<i>Ribes</i> <i>menziesii</i> var. <i>ixoderme</i> Quick,VARIETY,Grossulariaceae,2403,Ribes,2986095,Ribes menziesii,2986187,88,EXACT
Rhus trilobata,3190562,Rhus trilobata,<i>Rhus</i> <i>trilobata</i> Nutt.,SPECIES,Anacardiaceae,2398,Rhus,3190534,Rhus trilobata,3190562,100,EXACT
Allium haematochiton,2857741,Allium haematochiton,<i>Allium</i> <i>haematochiton</i> S.Watson,SPECIES,Amaryllidaceae,7682,Allium,9624496,Allium haematochiton,2857741,100,EXACT
Vitis rupestris,5372398,Vitis rupestris,<i>Vitis</i> <i>rupestris</i> Scheele,SPECIES,Vitaceae,6672,Vitis,7467468,Vitis rupestris,5372398,100,EXACT
Astragalus crassicarpus crassicarpus,5343645,Astragalus crassicarpus crassicarpus,<i>Astragalus</i> <i>crassicarpus</i> var. <i>crassicarpus</i>,VARIETY,Fabaceae,5386,Astragalus,2933951,Astragalus crassicarpus,5343637,88,EXACT
Rumex crassus,4271172,Rumex crassus,<i>Rumex</i> <i>crassus</i> Rech.fil.,SPECIES,Polygonaceae,2416,Rumex,2888942,Rumex crassus,4271172,100,EXACT
Erythronium taylorii,2752848,Erythronium taylorii,<i>Erythronium</i> <i>taylorii</i> Shevock & G.A.Allen,SPECIES,Liliaceae,7699,Erythronium,2740136,Erythronium taylorii,2752848,100,EXACT
Pinus canariensis,5285243,Pinus canariensis,<i>Pinus</i> <i>canariensis</i> C.Sm.,SPECIES,Pinaceae,3925,Pinus,2684241,Pinus canariensis,5285243,99,EXACT
Ribes aureum villosum,4194303,Ribes aureum villosum,<i>Ribes</i> <i>aureum</i> var. <i>villosum</i> DC.,VARIETY,Grossulariaceae,2403,Ribes,2986095,Ribes aureum,2986111,85,EXACT
Crataegus margaretta,9029215,Crataegus margaretta,<i>Crataegus</i> <i>margaretta</i> Ashe,SPECIES,Rosaceae,5015,Crataegus,3013395,Crataegus margaretta,9029215,100,EXACT
Ceanothus pendletonensis,9682509,Ceanothus pendletonensis,"<i>Ceanothus</i> <i>pendletonensis</i> D.O.Burge, Rebman & M.R.Mulligan",SPECIES,Rhamnaceae,2407,Ceanothus,3039297,Ceanothus pendletonensis,9682509,100,EXACT
Allium dichlamydeum,2857412,Allium dichlamydeum,<i>Allium</i> <i>dichlamydeum</i> Greene,SPECIES,Amaryllidaceae,7682,Allium,9624496,Allium dichlamydeum,2857412,100,EXACT
Viola hirsutula,5331320,Viola hirsutula,<i>Viola</i> <i>hirsutula</i> Brainerd,SPECIES,Violaceae,6631,Viola,2874237,Viola hirsutula,5331320,100,EXACT
Claytonia cordifolia,3084737,Claytonia cordifolia,<i>Claytonia</i> <i>cordifolia</i> S.Watson,SPECIES,Montiaceae,4898338,Claytonia,3084729,Claytonia cordifolia,3084737,100,EXACT
Oxalis colorea,3628358,Oxalis colorea,<i>Oxalis</i> <i>colorea</i> (Small) Fedde,SPECIES,Oxalidaceae,6697,Oxalis,2891642,Oxalis colorea,3628358,99,EXACT
Quercus acerifolia,10998168,Quercus acerifolia,<i>Quercus</i> <i>acerifolia</i> (E.J.Palmer) Stoynoff & W.J.Hess ex R.J.Jensen,SPECIES,Fagaceae,4689,Quercus,2877951,Quercus acerifolia,10998168,99,EXACT
Monarda clinopodioides,5341415,Monarda clinopodioides,<i>Monarda</i> <i>clinopodioides</i> A.Gray,SPECIES,Lamiaceae,2497,Monarda,2926838,Monarda clinopodioides,5341415,100,EXACT
Persicaria chinensis,4036385,Persicaria chinensis,<i>Persicaria</i> <i>chinensis</i> (L.) H.Gross,SPECIES,Polygonaceae,2416,Persicaria,6390748,Persicaria chinensis,4036385,99,EXACT
Pycnanthemum pycnanthemoides,2927362,Pycnanthemum pycnanthemoides,<i>Pycnanthemum</i> <i>pycnanthemoides</i> (Leavenw.) Fernald,SPECIES,Lamiaceae,2497,Pycnanthemum,2927338,Pycnanthemum pycnanthemoides,2927362,100,EXACT
Claytonia serpenticola,9358736,Claytonia serpenticola,<i>Claytonia</i> <i>serpenticola</i> Stoughton,SPECIES,Montiaceae,4898338,Claytonia,3084729,Claytonia serpenticola,9358736,100,EXACT
Clinopodium menthifolium ascendens,3886463,Clinopodium menthifolium ascendens,<i>Clinopodium</i> <i>menthifolium</i> subsp. <i>ascendens</i> (Jord.) Govaerts,SUBSPECIES,Lamiaceae,2497,Clinopodium,2926907,Clinopodium menthifolium,11007246,88,EXACT
Viola philippica,7296732,Viola philippica,<i>Viola</i> <i>philippica</i> Cav.,SPECIES,Violaceae,6631,Viola,2874237,Viola philippica,7296732,99,EXACT
Viola pinetorum grisea,5665476,Viola pinetorum grisea,<i>Viola</i> <i>pinetorum</i> var. <i>grisea</i> Jeps.,VARIETY,Violaceae,6631,Viola,2874237,Viola pinetorum,5331223,85,EXACT
Primula pauciflora macrocarpa,5641494,Primula pauciflora macrocarpa,<i>Primula</i> <i>pauciflora</i> var. <i>macrocarpa</i> (A.Gray) A.R.Mast & Reveal,VARIETY,Primulaceae,6674,Dodecatheon,7597718,Dodecatheon pulchellum,3169253,88,EXACT
Claytonia rubra rubra,7219457,Claytonia rubra rubra,<i>Claytonia</i> <i>rubra</i> subsp. <i>rubra</i>,SUBSPECIES,Montiaceae,4898338,Claytonia,3084729,Claytonia rubra,3084740,88,EXACT
Pedicularis canadensis fluviatilis,3725709,Pedicularis canadensis fluviatilis,<i>Pedicularis</i> <i>canadensis</i> subsp. <i>fluviatilis</i> (A.Heller) W.A.Weber,SUBSPECIES,Orobanchaceae,6651,Pedicularis,3171670,Pedicularis canadensis,3171674,84,EXACT
Eryngium yuccifolium yuccifolium,7258873,Eryngium yuccifolium yuccifolium,<i>Eryngium</i> <i>yuccifolium</i> var. <i>yuccifolium</i>,VARIETY,Apiaceae,6720,Eryngium,3034387,Eryngium yuccifolium,3034408,88,EXACT
Lilium pardalinum pitkinense,2753209,Lilium pardalinum pitkinense,<i>Lilium</i> <i>pardalinum</i> subsp. <i>pitkinense</i> (Beane & Vollmer) M.W.Skinner,SUBSPECIES,Liliaceae,7699,Lilium,2752977,Lilium pardalinum,2753192,88,EXACT
Chaerophyllum tainturieri dasycarpum,8689166,Chaerophyllum tainturieri dasycarpum,"<i>Chaerophyllum</i> <i>tainturieri</i> var. <i>dasycarpum</i> (J.M.Coult. & Rose) J.M.Coult. & Rose, 1900",VARIETY,Apiaceae,6720,Chaerophyllum,3034649,Chaerophyllum tainturieri,3034651,85,EXACT
Viola arvensis arvensis,7296251,Viola arvensis arvensis,<i>Viola</i> <i>arvensis</i> subsp. <i>arvensis</i>,SUBSPECIES,Violaceae,6631,Viola,2874237,Viola arvensis,5331235,85,EXACT
Ribes mescalerium,2986158,Ribes mescalerium,<i>Ribes</i> <i>mescalerium</i> Coville,SPECIES,Grossulariaceae,2403,Ribes,2986095,Ribes mescalerium,2986158,100,EXACT
Quercus × filialis,2878410,Quercus filialis,<i>Quercus</i> × <i>filialis</i> Little,SPECIES,Fagaceae,4689,Quercus,2877951,Quercus filialis,2878410,100,EXACT
Erythronium umbilicatum,2752903,Erythronium umbilicatum,<i>Erythronium</i> <i>umbilicatum</i> C.R.Parks & Hardin,SPECIES,Liliaceae,7699,Erythronium,2740136,Erythronium umbilicatum,2752903,100,EXACT
Ribes laxiflorum,2986150,Ribes laxiflorum,<i>Ribes</i> <i>laxiflorum</i> Pursh,SPECIES,Grossulariaceae,2403,Ribes,2986095,Ribes laxiflorum,2986150,99,EXACT
Quercus falcata,2880967,Quercus falcata,<i>Quercus</i> <i>falcata</i> Michx.,SPECIES,Fagaceae,4689,Quercus,2877951,Quercus falcata,2880967,100,EXACT
Rumex dentatus,2889038,Rumex dentatus,<i>Rumex</i> <i>dentatus</i> L.,SPECIES,Polygonaceae,2416,Rumex,2888942,Rumex dentatus,2889038,99,EXACT
Cirsium clokeyi,3113220,Cirsium clokeyi,<i>Cirsium</i> <i>clokeyi</i> S.F.Blake,SPECIES,Asteraceae,3065,Cirsium,3112554,Cirsium eatonii,3113381,100,EXACT
Pedicularis canadensis canadensis,3171675,Pedicularis canadensis canadensis,<i>Pedicularis</i> <i>canadensis</i> var. <i>canadensis</i>,VARIETY,Orobanchaceae,6651,Pedicularis,3171670,Pedicularis canadensis,3171674,84,EXACT
Pinus contorta latifolia,5285756,Pinus contorta latifolia,<i>Pinus</i> <i>contorta</i> var. <i>latifolia</i> Engelm.,VARIETY,Pinaceae,3925,Pinus,2684241,Pinus contorta,5285750,85,EXACT
Viola vallicola,5331175,Viola vallicola,<i>Viola</i> <i>vallicola</i> A.Nelson,SPECIES,Violaceae,6631,Viola,2874237,Viola vallicola,5331175,100,EXACT
Fragaria virginiana platypetala,8133484,Fragaria virginiana platypetala,<i>Fragaria</i> <i>virginiana</i> subsp. <i>platypetala</i> (Rydb.) A.E.Murray,SUBSPECIES,Rosaceae,5015,Fragaria,3029779,Fragaria virginiana,7950792,85,EXACT
Allium peninsulare peninsulare,7227637,Allium peninsulare peninsulare,<i>Allium</i> <i>peninsulare</i> var. <i>peninsulare</i>,VARIETY,Amaryllidaceae,7682,Allium,9624496,Allium peninsulare,2856390,88,EXACT
Cirsium remotifolium odontolepis,4219572,Cirsium remotifolium odontolepis,<i>Cirsium</i> <i>remotifolium</i> var. <i>odontolepis</i> Petr.,VARIETY,Asteraceae,3065,Cirsium,3112554,Cirsium remotifolium,3113736,88,EXACT
Osmorhiza longistylis villicaulis,3034158,Osmorhiza longistylis villicaulis,<i>Osmorhiza</i> <i>longistylis</i> var. <i>villicaulis</i> Fernald,VARIETY,Apiaceae,6720,Osmorhiza,3034140,Osmorhiza longistylis,3034155,88,EXACT
Quercus × harbisonii,2880538,Quercus harbisonii,<i>Quercus</i> × <i>harbisonii</i> Sarg.,SPECIES,Fagaceae,4689,Quercus,2877951,Quercus harbisonii,2880538,100,EXACT
Betula uber,5669409,Betula uber,<i>Betula</i> <i>uber</i> (Ashe) Fernald,SPECIES,Betulaceae,4688,Betula,2875008,Betula lenta,5331709,100,EXACT
Monarda fistulosa rubra,5605417,Monarda fistulosa rubra,<i>Monarda</i> <i>fistulosa</i> var. <i>rubra</i> A.Gray,VARIETY,Lamiaceae,2497,Monarda,2926838,Monarda fistulosa,5341411,88,EXACT
Rumex × confusus,2889024,Rumex confusus,<i>Rumex</i> × <i>confusus</i> Simonk.,SPECIES,Polygonaceae,2416,Rumex,2888942,Rumex confusus,2889024,100,EXACT
Viburnum setigerum,2888604,Viburnum setigerum,<i>Viburnum</i> <i>setigerum</i> Hance,SPECIES,Viburnaceae,4924416,Viburnum,2888580,Viburnum setigerum,2888604,100,EXACT
Tragopogon eriospermus,5693308,Tragopogon eriospermus,<i>Tragopogon</i> <i>eriospermus</i> Ten.,SPECIES,Asteraceae,3065,Tragopogon,3092408,Tragopogon porrifolius,5386938,100,EXACT
Claytonia parviflora viridis,4022997,Claytonia parviflora viridis,<i>Claytonia</i> <i>parviflora</i> subsp. <i>viridis</i> (Davidson) J.M.Mill. & K.L.Chambers,SUBSPECIES,Montiaceae,4898338,Claytonia,3084729,Claytonia parviflora,3084736,88,EXACT
Quercus inopina,2880834,Quercus inopina,<i>Quercus</i> <i>inopina</i> Ashe,SPECIES,Fagaceae,4689,Quercus,2877951,Quercus inopina,2880834,100,EXACT
Sparganium eurycarpum eurycarpum,7227192,Sparganium eurycarpum eurycarpum,<i>Sparganium</i> <i>eurycarpum</i> subsp. <i>eurycarpum</i>,SUBSPECIES,Typhaceae,4246,Sparganium,2702260,Sparganium eurycarpum,2702394,88,EXACT
Passiflora incarnata alba,3587408,Passiflora incarnata alba,<i>Passiflora</i> <i>incarnata</i> f. <i>alba</i> Waterf.,FORM,Passifloraceae,2378,Passiflora,2874172,Passiflora incarnata,2874218,88,EXACT
Sideroxylon lanuginosum rigidum,2887071,Sideroxylon lanuginosum rigidum,<i>Sideroxylon</i> <i>lanuginosum</i> subsp. <i>rigidum</i> (A.Gray) T.D.Penn.,SUBSPECIES,Sapotaceae,8802,Sideroxylon,2886817,Sideroxylon lanuginosum,2887069,85,EXACT
Amelanchier amabilis,3023845,Amelanchier amabilis,<i>Amelanchier</i> <i>amabilis</i> Wiegand,SPECIES,Rosaceae,5015,Amelanchier,3023817,Amelanchier sanguinea,3023840,100,EXACT
Phlox pilosa sangamonensis,4056624,Phlox pilosa sangamonensis,<i>Phlox</i> <i>pilosa</i> subsp. <i>sangamonensis</i> D.A.Levin & D.M.Sm.,SUBSPECIES,Polemoniaceae,6648,Phlox,2927698,Phlox pilosa,2927734,88,EXACT
Trillium albidum albidum,8209586,Trillium albidum albidum,<i>Trillium</i> <i>albidum</i> subsp. <i>albidum</i>,SUBSPECIES,Melanthiaceae,7700,Trillium,2742182,Trillium albidum,2742259,88,EXACT
Crataegus tanuphylla,3015010,Crataegus tanuphylla,<i>Crataegus</i> <i>tanuphylla</i> Sarg.,SPECIES,Rosaceae,5015,Crataegus,3013395,Crataegus tanuphylla,3015010,100,EXACT
Clinopodium mimuloides,2926928,Clinopodium mimuloides,<i>Clinopodium</i> <i>mimuloides</i> (Benth.) Kuntze,SPECIES,Lamiaceae,2497,Clinopodium,2926907,Clinopodium mimuloides,2926928,100,EXACT
Quercus × heterophylla,2879971,Quercus heterophylla,<i>Quercus</i> × <i>heterophylla</i> F.Michx.,SPECIES,Fagaceae,4689,Quercus,2877951,Quercus heterophylla,2879971,99,EXACT
Rubus tricolor,2989222,Rubus tricolor,<i>Rubus</i> <i>tricolor</i> Focke,SPECIES,Rosaceae,5015,Rubus,2988638,Rubus tricolor,2989222,99,EXACT
Persicaria amphibia stipulacea,4036983,Persicaria amphibia stipulacea,<i>Persicaria</i> <i>amphibia</i> var. <i>stipulacea</i> (N.Coleman) H.Hara,VARIETY,Polygonaceae,2416,Persicaria,6390748,Persicaria amphibia,6391648,88,EXACT
Commelina erecta angustifolia,2764395,Commelina erecta angustifolia,"<i>Commelina</i> <i>erecta</i> var. <i>angustifolia</i> Alph.Wood, 1861",VARIETY,Commelinaceae,2763195,Commelina,2763939,Commelina erecta,2764389,85,EXACT
Polygonatum biflorum biflorum,4270343,Polygonatum biflorum biflorum,<i>Polygonatum</i> <i>biflorum</i> var. <i>biflorum</i>,VARIETY,Asparagaceae,7683,Polygonatum,2769995,Polygonatum biflorum,2770039,84,EXACT
Ceanothus gloriosus,3039305,Ceanothus gloriosus,<i>Ceanothus</i> <i>gloriosus</i> Howell,SPECIES,Rhamnaceae,2407,Ceanothus,3039297,Ceanothus gloriosus,3039305,100,EXACT
Viola incognita,6397175,Viola incognita,<i>Viola</i> <i>incognita</i> Brainerd,SPECIES,Violaceae,6631,Viola,2874237,Viola incognita,6397175,100,EXACT
Angelica dentata,5371785,Angelica dentata,<i>Angelica</i> <i>dentata</i> (Chapm.) J.M.Coult. & Rose,SPECIES,Apiaceae,6720,Angelica,3034560,Angelica venenosa,5371819,100,EXACT
Allium sharsmithiae,2856376,Allium sharsmithiae,<i>Allium</i> <i>sharsmithiae</i> (Ownbey & Aase ex Traub) McNeal,SPECIES,Amaryllidaceae,7682,Allium,9624496,Allium sharsmithiae,2856376,99,EXACT
Physalis hederifolia palmeri,7422372,Physalis hederifolia palmeri,<i>Physalis</i> <i>hederifolia</i> var. <i>palmeri</i> (A.Gray) C.L.Hitchc.,VARIETY,Solanaceae,7717,Physalis,2928907,Physalis hederifolia,5341807,87,EXACT
Rubus satis,2994785,Rubus satis,<i>Rubus</i> <i>satis</i> L.H.Bailey,SPECIES,Rosaceae,5015,Rubus,2988638,Rubus ithacanus,2994784,100,EXACT
Quercus rubra rubra,7968447,Quercus rubra rubra,<i>Quercus</i> <i>rubra</i> var. <i>rubra</i>,VARIETY,Fagaceae,4689,Quercus,2877951,Quercus rubra,2880539,88,EXACT
Amelanchier × lamarckii,3024109,Amelanchier lamarckii,<i>Amelanchier</i> × <i>lamarckii</i> F.G.Schroed.,SPECIES,Rosaceae,5015,Amelanchier,3023817,Amelanchier lamarckii,3024109,100,EXACT
Quercus rubra ambigua,2880559,Quercus rubra ambigua,"<i>Quercus</i> <i>rubra</i> var. <i>ambigua</i> Houba, 1887",VARIETY,Fagaceae,4689,Quercus,2877951,Quercus rubra,2880539,85,EXACT
Cirsium serrulatum,8046394,Cirsium serrulatum,"<i>Cirsium</i> <i>serrulatum</i> M.Bieb., 1819",SPECIES,Asteraceae,3065,Cirsium,3112554,Cirsium serrulatum,8046394,99,EXACT
Viola lanaiensis,5331187,Viola lanaiensis,<i>Viola</i> <i>lanaiensis</i> W.Becker,SPECIES,Violaceae,6631,Viola,2874237,Viola lanaiensis,5331187,100,EXACT
Oxalis oregana,8017574,Oxalis oregana,<i>Oxalis</i> <i>oregana</i> Nutt. ex Torr. & A.Gray,SPECIES,Oxalidaceae,6697,Oxalis,2891642,Oxalis oregana,8017574,99,EXACT
Yucca filamentosa,2775561,Yucca filamentosa,<i>Yucca</i> <i>filamentosa</i> L.,SPECIES,Asparagaceae,7683,Yucca,2775496,Yucca filamentosa,2775561,99,EXACT
Pinus strobiformis,5285004,Pinus strobiformis,<i>Pinus</i> <i>strobiformis</i> Engelm.,SPECIES,Pinaceae,3925,Pinus,2684241,Pinus strobiformis,5285004,100,EXACT
Allium nevii,2855922,Allium nevii,<i>Allium</i> <i>nevii</i> S.Watson,SPECIES,Amaryllidaceae,7682,Allium,9624496,Allium nevii,2855922,100,EXACT
Crataegus pruinosa,7790552,Crataegus pruinosa,<i>Crataegus</i> <i>pruinosa</i> H.L.Wendl.,SPECIES,Rosaceae,5015,Crataegus,3013395,Crataegus pruinosa,7790552,99,EXACT
Cirsium brevifolium,3113356,Cirsium brevifolium,<i>Cirsium</i> <i>brevifolium</i> Nutt.,SPECIES,Asteraceae,3065,Cirsium,3112554,Cirsium brevifolium,3113356,100,EXACT
Allium cristophii,2856780,Allium cristophii,<i>Allium</i> <i>cristophii</i> Trautv.,SPECIES,Amaryllidaceae,7682,Allium,9624496,Allium cristophii,2856780,100,EXACT
Rubus ulmifolius anoplothyrsus,9524237,Rubus ulmifolius anoplothyrsus,<i>Rubus</i> <i>ulmifolius</i> var. <i>anoplothyrsus</i> Sudre,VARIETY,Rosaceae,5015,Rubus,2988638,Rubus ulmifolius,2996929,88,EXACT
Tragopogon mirus,5386951,Tragopogon mirus,<i>Tragopogon</i> × <i>mirus</i> Ownbey,SPECIES,Asteraceae,3065,Tragopogon,3092408,Tragopogon mirus,5386951,100,EXACT
Oxalis exilis,3626311,Oxalis exilis,<i>Oxalis</i> <i>exilis</i> A.Cunn.,SPECIES,Oxalidaceae,6697,Oxalis,2891642,Oxalis exilis,3626311,100,EXACT
Perideridia gairdneri borealis,3634197,Perideridia gairdneri borealis,<i>Perideridia</i> <i>gairdneri</i> subsp. <i>borealis</i> T.I.Chuang & Constance,SUBSPECIES,Apiaceae,6720,Perideridia,3034536,Perideridia gairdneri,3034543,88,EXACT
Rubus ictus,2995997,Rubus ictus,<i>Rubus</i> <i>ictus</i> L.H.Bailey,SPECIES,Rosaceae,5015,Rubus,2988638,Rubus ictus,2995997,100,EXACT
Pimpinella saxifraga saxifraga,7224271,Pimpinella saxifraga saxifraga,<i>Pimpinella</i> <i>saxifraga</i> subsp. <i>saxifraga</i>,SUBSPECIES,Apiaceae,6720,Pimpinella,3034784,Pimpinella saxifraga,7622278,85,EXACT
Viola hastata,5331331,Viola hastata,<i>Viola</i> <i>hastata</i> Michx.,SPECIES,Violaceae,6631,Viola,2874237,Viola hastata,5331331,100,EXACT
Quercus × acutidens,2879060,Quercus acutidens,<i>Quercus</i> × <i>acutidens</i> Torr.,SPECIES,Fagaceae,4689,Quercus,2877951,Quercus acutidens,2879060,100,EXACT
Cirsium fontinale obispoense,4222723,Cirsium fontinale obispoense,<i>Cirsium</i> <i>fontinale</i> var. <i>obispoense</i> J.T.Howell,VARIETY,Asteraceae,3065,Cirsium,3112554,Cirsium fontinale,3112638,88,EXACT
Suaeda linearis,6447662,Suaeda linearis,<i>Suaeda</i> <i>linearis</i> (Elliott) Moq.,SPECIES,Amaranthaceae,3064,Suaeda,7677792,Suaeda linearis,6447662,100,EXACT
Oxalis purpurea,2891764,Oxalis purpurea,<i>Oxalis</i> <i>purpurea</i> L.,SPECIES,Oxalidaceae,6697,Oxalis,2891642,Oxalis purpurea,2891764,99,EXACT
Rorippa palustris fernaldiana,3053179,Rorippa palustris fernaldiana,<i>Rorippa</i> <i>palustris</i> subsp. <i>fernaldiana</i> (Butters & Abbe) Jonsell,SUBSPECIES,Brassicaceae,3112,Rorippa,3053118,Rorippa palustris,3053168,84,EXACT
Allium simillimum,2856005,Allium simillimum,<i>Allium</i> <i>simillimum</i> L.F.Hend.,SPECIES,Amaryllidaceae,7682,Allium,9624496,Allium simillimum,2856005,100,EXACT
Rubus fulleri,3000177,Rubus fulleri,<i>Rubus</i> <i>fulleri</i> L.H.Bailey,SPECIES,Rosaceae,5015,Rubus,2988638,Rubus wheeleri,3000174,100,EXACT
Ceanothus thyrsiflorus obispoensis,9650440,Ceanothus thyrsiflorus obispoensis,<i>Ceanothus</i> <i>thyrsiflorus</i> var. <i>obispoensis</i> D.O.Burge,VARIETY,Rhamnaceae,2407,Ceanothus,3039297,Ceanothus thyrsiflorus,3039379,88,EXACT
Ribes nevadense,2986211,Ribes nevadense,<i>Ribes</i> <i>nevadense</i> Kellogg,SPECIES,Grossulariaceae,2403,Ribes,2986095,Ribes nevadense,2986211,100,EXACT
Viburnum opulus,2888605,Viburnum opulus,<i>Viburnum</i> <i>opulus</i> L.,SPECIES,Viburnaceae,4924416,Viburnum,2888580,Viburnum opulus,2888605,100,EXACT
Pinus contorta bolanderi,5285754,Pinus contorta bolanderi,<i>Pinus</i> <i>contorta</i> var. <i>bolanderi</i> (Parl.) Vasey,VARIETY,Pinaceae,3925,Pinus,2684241,Pinus contorta,5285750,84,EXACT
Oxalis hispidula,3626759,Oxalis hispidula,<i>Oxalis</i> <i>hispidula</i> Zucc.,SPECIES,Oxalidaceae,6697,Oxalis,2891642,Oxalis hispidula,3626759,100,EXACT
Silphium perfoliatum perfoliatum,7223120,Silphium perfoliatum perfoliatum,"<i>Silphium</i> <i>perfoliatum</i> var. <i>perfoliatum</i> Linnaeus, 1759",VARIETY,Asteraceae,3065,Silphium,3092563,Silphium perfoliatum,3092576,85,EXACT
Claytonia lanceolata sessilifolia,4023532,Claytonia lanceolata sessilifolia,<i>Claytonia</i> <i>lanceolata</i> var. <i>sessilifolia</i> (Torr.) A.Nelson,VARIETY,Montiaceae,4898338,Claytonia,3084729,Claytonia lanceolata,3084746,88,EXACT
Cakile edentula lacustris,6392766,Cakile edentula lacustris,<i>Cakile</i> <i>edentula</i> var. <i>lacustris</i> Fernald,VARIETY,Brassicaceae,3112,Cakile,3048827,Cakile edentula,3048882,85,EXACT
Allium ursinum,2857601,Allium ursinum,<i>Allium</i> <i>ursinum</i> L.,SPECIES,Amaryllidaceae,7682,Allium,9624496,Allium ursinum,2857601,100,EXACT
Oxalis albicans,2891711,Oxalis albicans,<i>Oxalis</i> <i>albicans</i> Kunth,SPECIES,Oxalidaceae,6697,Oxalis,2891642,Oxalis albicans,2891711,100,EXACT
Solidago canadensis canadensis,7222647,Solidago canadensis canadensis,"<i>Solidago</i> <i>canadensis</i> var. <i>canadensis</i> Linnaeus, 1753",VARIETY,Asteraceae,3065,Solidago,5388868,Solidago canadensis,5389029,85,EXACT
Juniperus communis kelleyi,7723768,Juniperus communis kelleyi,<i>Juniperus</i> <i>communis</i> var. <i>kelleyi</i> R.P.Adams,VARIETY,Cupressaceae,8144,Juniperus,2684359,Juniperus communis,2684709,88,EXACT
Allium falcifolium,2857472,Allium falcifolium,<i>Allium</i> <i>falcifolium</i> Hook. & Arn.,SPECIES,Amaryllidaceae,7682,Allium,9624496,Allium falcifolium,2857472,100,EXACT
Sanicula graveolens,3034858,Sanicula graveolens,<i>Sanicula</i> <i>graveolens</i> Poepp. ex DC.,SPECIES,Apiaceae,6720,Sanicula,3034831,Sanicula graveolens,3034858,99,EXACT
Persicaria robustior,2889144,Persicaria robustior,<i>Persicaria</i> <i>robustior</i> (Small) E.P.Bicknell,SPECIES,Polygonaceae,2416,Persicaria,6390748,Persicaria robustior,2889144,100,EXACT
Quercus similis,2879830,Quercus similis,<i>Quercus</i> <i>similis</i> Ashe,SPECIES,Fagaceae,4689,Quercus,2877951,Quercus similis,2879830,100,EXACT
Viola pinetorum pinetorum,7095969,Viola pinetorum pinetorum,<i>Viola</i> <i>pinetorum</i> var. <i>pinetorum</i>,VARIETY,Violaceae,6631,Viola,2874237,Viola pinetorum,5331223,85,EXACT
Hemerocallis fulva kwanso,2781077,Hemerocallis fulva kwanso,<i>Hemerocallis</i> <i>fulva</i> f. <i>kwanso</i> (Regel) Kitam.,FORM,Asphodelaceae,4259209,Hemerocallis,9557223,Hemerocallis fulva,2781074,84,EXACT
Urtica dioica sondenii,5670458,Urtica dioica sondenii,<i>Urtica</i> <i>dioica</i> subsp. <i>sondenii</i> (Simmons) Hyl.,SUBSPECIES,Urticaceae,6639,Urtica,2984391,Urtica dioica,7960979,85,EXACT
Oxalis × vanaelstii,11143727,Oxalis vanaelstii,"<i>Oxalis</i> × <i>vanaelstii</i> Hoste, Meeus & Groom",SPECIES,Oxalidaceae,6697,Oxalis,2891642,Oxalis vanaelstii,11143727,100,EXACT
Carya glabra glabra,7096646,Carya glabra glabra,<i>Carya</i> <i>glabra</i> var. <i>glabra</i>,VARIETY,Juglandaceae,2499,Carya,3054287,Carya glabra,3054325,88,EXACT
Lomatium foeniculaceum daucifolium,6423486,Lomatium foeniculaceum daucifolium,<i>Lomatium</i> <i>foeniculaceum</i> subsp. <i>daucifolium</i> (Torr. & A.Gray) W.L.Theob.,SUBSPECIES,Apiaceae,6720,Lomatium,8394726,Lomatium foeniculaceum,3034267,85,EXACT
Stellaria porsildii,5384678,Stellaria porsildii,<i>Stellaria</i> <i>porsildii</i> C.C.Chinnappa,SPECIES,Caryophyllaceae,2518,Stellaria,3085667,Stellaria porsildii,5384678,100,EXACT
Foeniculum vulgare vulgare,7224221,Foeniculum vulgare vulgare,<i>Foeniculum</i> <i>vulgare</i> subsp. <i>vulgare</i>,SUBSPECIES,Apiaceae,6720,Foeniculum,10704390,Foeniculum vulgare,3034922,85,EXACT
Rubus ithacanus,2994784,Rubus ithacanus,<i>Rubus</i> <i>ithacanus</i> L.H.Bailey,SPECIES,Rosaceae,5015,Rubus,2988638,Rubus ithacanus,2994784,100,EXACT
Erythronium albidum,2752906,Erythronium albidum,<i>Erythronium</i> <i>albidum</i> Nutt.,SPECIES,Liliaceae,7699,Erythronium,2740136,Erythronium albidum,2752906,100,EXACT
Oxalis corniculata,8427624,Oxalis corniculata,<i>Oxalis</i> <i>corniculata</i> L.,SPECIES,Oxalidaceae,6697,Oxalis,2891642,Oxalis corniculata,8427624,100,EXACT
Yucca elata,2775775,Yucca elata,<i>Yucca</i> <i>elata</i> (Engelm.) Engelm.,SPECIES,Asparagaceae,7683,Yucca,2775496,Yucca elata,2775775,100,EXACT
Viola communis,5663261,Viola communis,<i>Viola</i> <i>communis</i> Pollard,SPECIES,Violaceae,6631,Viola,2874237,Viola communis,5663261,100,EXACT
Salicornia depressa,5383963,Salicornia depressa,<i>Salicornia</i> <i>depressa</i> Standl.,SPECIES,Amaranthaceae,3064,Salicornia,3083796,Salicornia virginica,8028759,100,EXACT
Viola praemorsa,7884309,Viola praemorsa,<i>Viola</i> <i>praemorsa</i> Douglas,SPECIES,Violaceae,6631,Viola,2874237,Viola praemorsa,7884309,99,EXACT
Rumex densiflorus,2888957,Rumex densiflorus,<i>Rumex</i> <i>densiflorus</i> Osterh.,SPECIES,Polygonaceae,2416,Rumex,2888942,Rumex densiflorus,2888957,100,EXACT
Commelina communis communis,2764295,Commelina communis communis,<i>Commelina</i> <i>communis</i> var. <i>communis</i>,VARIETY,Commelinaceae,2763195,Commelina,2763939,Commelina communis,2764179,88,EXACT
Claytonia perfoliata mexicana,4022904,Claytonia perfoliata mexicana,<i>Claytonia</i> <i>perfoliata</i> subsp. <i>mexicana</i> (Rydb.) J.M.Mill. & K.L.Chambers,SUBSPECIES,Montiaceae,4898338,Claytonia,3084729,Claytonia perfoliata,7736011,88,EXACT
Rubus sons,2990157,Rubus sons,<i>Rubus</i> <i>sons</i> L.H.Bailey,SPECIES,Rosaceae,5015,Rubus,2988638,Rubus sons,2990157,100,EXACT
Ceanothus × flexilis,10458691,Ceanothus flexilis,<i>Ceanothus</i> × <i>flexilis</i> Mc Minn,SPECIES,Rhamnaceae,2407,Ceanothus,3039297,Ceanothus flexilis,10458691,99,EXACT
Quercus muehlenbergii,2879947,Quercus muehlenbergii,<i>Quercus</i> <i>muehlenbergii</i> Engelm.,SPECIES,Fagaceae,4689,Quercus,2877951,Quercus muehlenbergii,2879947,100,EXACT
Ceanothus velutinus,7723763,Ceanothus velutinus,<i>Ceanothus</i> <i>velutinus</i> Douglas,SPECIES,Rhamnaceae,2407,Ceanothus,3039297,Ceanothus velutinus,7723763,99,EXACT
Pinus balfouriana balfouriana,5285708,Pinus balfouriana,<i>Pinus</i> <i>balfouriana</i> Balf.,SPECIES,Pinaceae,3925,Pinus,2684241,Pinus balfouriana,5285708,99,HIGHERRANK
Physalis philadelphica,8969026,Physalis philadelphica,<i>Physalis</i> <i>philadelphica</i> Lam.,SPECIES,Solanaceae,7717,Physalis,2928907,Physalis philadelphica,8969026,99,EXACT
Cirsium hydrophilum vaseyi,4222017,Cirsium hydrophilum vaseyi,<i>Cirsium</i> <i>hydrophilum</i> var. <i>vaseyi</i> (A.Gray) J.T.Howell,VARIETY,Asteraceae,3065,Cirsium,3112554,Cirsium hydrophilum,3112555,88,EXACT
Rubus setosus,7769228,Rubus setosus,<i>Rubus</i> × <i>setosus</i> Bigelow,SPECIES,Rosaceae,5015,Rubus,2988638,Rubus setosus,7769228,99,EXACT
Viola tenuipes,5663628,Viola tenuipes,<i>Viola</i> <i>tenuipes</i> Pollard,SPECIES,Violaceae,6631,Viola,2874237,Viola tenuipes,5663628,100,EXACT
Viola × eclipes,5331177,Viola eclipes,<i>Viola</i> × <i>eclipes</i> H.E.Ballard,SPECIES,Violaceae,6631,Viola,2874237,Viola eclipes,5331177,100,EXACT
Brassica rapa rapa,7225636,Brassica rapa rapa,<i>Brassica</i> <i>rapa</i> subsp. <i>rapa</i>,SUBSPECIES,Brassicaceae,3112,Brassica,3042506,Brassica rapa,7903057,85,EXACT
Quercus × faxonii,2879860,Quercus faxonii,<i>Quercus</i> × <i>faxonii</i> Trel.,SPECIES,Fagaceae,4689,Quercus,2877951,Quercus faxonii,2879860,100,EXACT
Ceanothus crassifolius crassifolius,3039308,Ceanothus crassifolius,<i>Ceanothus</i> <i>crassifolius</i> Torr.,SPECIES,Rhamnaceae,2407,Ceanothus,3039297,Ceanothus crassifolius,3039308,100,HIGHERRANK
Rubus pensilvanicus,2989061,Rubus pensilvanicus,<i>Rubus</i> × <i>pensilvanicus</i> Poir.,SPECIES,Rosaceae,5015,Rubus,2988638,Rubus pensilvanicus,2989061,100,EXACT
Rubus pedatus,2993074,Rubus pedatus,<i>Rubus</i> <i>pedatus</i> Sm.,SPECIES,Rosaceae,5015,Rubus,2988638,Rubus pedatus,2993074,99,EXACT
Juniperus virginiana virginiana,7071099,Juniperus virginiana virginiana,<i>Juniperus</i> <i>virginiana</i> var. <i>virginiana</i>,VARIETY,Cupressaceae,8144,Juniperus,2684359,Juniperus virginiana,2684391,88,EXACT
Allium lemmonii,2857108,Allium lemmonii,<i>Allium</i> <i>lemmonii</i> S.Watson,SPECIES,Amaryllidaceae,7682,Allium,9624496,Allium lemmonii,2857108,100,EXACT
Vaccinium ashei,2882888,Vaccinium ashei,<i>Vaccinium</i> <i>ashei</i> Rehder,SPECIES,Ericaceae,2505,Vaccinium,2882813,Vaccinium corymbosum,2882849,99,EXACT
Allium geyeri geyeri,7227639,Allium geyeri geyeri,<i>Allium</i> <i>geyeri</i> var. <i>geyeri</i>,VARIETY,Amaryllidaceae,7682,Allium,9624496,Allium geyeri,2857196,88,EXACT
Lamium purpureum incisum,4273231,Lamium purpureum incisum,<i>Lamium</i> <i>purpureum</i> var. <i>incisum</i> (Willd.) Pers.,VARIETY,Lamiaceae,2497,Lamium,2926678,Lamium purpureum,2926682,85,EXACT
Quercus glauca,2876873,Quercus glauca,<i>Quercus</i> <i>glauca</i> Thunb.,SPECIES,Fagaceae,4689,Quercus,2877951,Quercus glauca,2876873,99,EXACT
Persicaria hydropiperoides,2889340,Persicaria hydropiperoides,<i>Persicaria</i> <i>hydropiperoides</i> (Michx.) Small,SPECIES,Polygonaceae,2416,Persicaria,6390748,Persicaria hydropiperoides,2889340,100,EXACT
Quercus geminata,2878250,Quercus geminata,<i>Quercus</i> <i>geminata</i> Small,SPECIES,Fagaceae,4689,Quercus,2877951,Quercus geminata,2878250,99,EXACT
Picea sitchensis,5284827,Picea sitchensis,<i>Picea</i> <i>sitchensis</i> (Bong.) Carrière,SPECIES,Pinaceae,3925,Picea,7606064,Picea sitchensis,5284827,99,EXACT
Rubus frondosus,2997679,Rubus frondosus,<i>Rubus</i> <i>frondosus</i> Bigelow,SPECIES,Rosaceae,5015,Rubus,2988638,Rubus frondosus,2997679,100,EXACT
Primula clevelandii clevelandii,7223625,Primula clevelandii clevelandii,<i>Primula</i> <i>clevelandii</i> var. <i>clevelandii</i>,VARIETY,Primulaceae,6674,Dodecatheon,7597718,Dodecatheon clevelandii,3169271,84,EXACT
Peraphyllum ramosissimum,2987832,Peraphyllum ramosissimum,<i>Peraphyllum</i> <i>ramosissimum</i> Nutt. ex Torr. & A.Gray,SPECIES,Rosaceae,5015,Amelanchier,3023817,Amelanchier ramosissima,12250196,99,EXACT
Claytonia acutifolia,7593208,Claytonia acutifolia,<i>Claytonia</i> <i>acutifolia</i> Pall. ex Willd.,SPECIES,Montiaceae,4898338,Claytonia,3084729,Claytonia acutifolia,7593208,99,EXACT
Allium madidum,2857395,Allium madidum,<i>Allium</i> <i>madidum</i> S.Watson,SPECIES,Amaryllidaceae,7682,Allium,9624496,Allium madidum,2857395,100,EXACT
Quercus frainetto,2879504,Quercus frainetto,<i>Quercus</i> <i>frainetto</i> Ten.,SPECIES,Fagaceae,4689,Quercus,2877951,Quercus conferta,2879520,100,EXACT
Allium cernuum neomexicanum,2857538,Allium cernuum neomexicanum,<i>Allium</i> <i>cernuum</i> subsp. <i>neomexicanum</i> (Rydb.) Traub & Ownbey,SUBSPECIES,Amaryllidaceae,7682,Allium,9624496,Allium cernuum,2856745,84,EXACT
Rubus sieboldii,2995482,Rubus sieboldii,<i>Rubus</i> <i>sieboldii</i> Blume,SPECIES,Rosaceae,5015,Rubus,2988638,Rubus sieboldii,2995482,100,EXACT
Viburnum recognitum,6369733,Viburnum recognitum,<i>Viburnum</i> <i>recognitum</i> Fernald,SPECIES,Viburnaceae,4924416,Viburnum,2888580,Viburnum recognitum,6369733,100,EXACT
Pinus arizonica,5285094,Pinus arizonica,<i>Pinus</i> <i>arizonica</i> Engelm.,SPECIES,Pinaceae,3925,Pinus,2684241,Pinus arizonica,5285094,100,EXACT
Lilium washingtonianum,2752992,Lilium washingtonianum,<i>Lilium</i> <i>washingtonianum</i> Kellogg,SPECIES,Liliaceae,7699,Lilium,2752977,Lilium washingtonianum,2752992,99,EXACT
Youngia japonica japonica,5696356,Youngia japonica japonica,<i>Youngia</i> <i>japonica</i> subsp. <i>japonica</i>,SUBSPECIES,Asteraceae,3065,Youngia,3095748,Youngia japonica,5387974,85,EXACT
Viola banksii,5665311,Viola banksii,<i>Viola</i> <i>banksii</i> K.R.Thiele & Prober,SPECIES,Violaceae,6631,Viola,2874237,Viola banksii,5665311,100,EXACT
Trillium rugelii,2742385,Trillium rugelii,<i>Trillium</i> <i>rugelii</i> Rendle,SPECIES,Melanthiaceae,7700,Trillium,2742182,Trillium rugelii,2742385,100,EXACT
Viola langsdorffii,8758339,Viola langsdorffii,<i>Viola</i> <i>langsdorffii</i> Fisch. ex DC.,SPECIES,Violaceae,6631,Viola,2874237,Viola langsdorffii,8758339,100,EXACT
Vaccinium alaskaense,2882858,Vaccinium alaskaense,<i>Vaccinium</i> <i>alaskaense</i> Howell,SPECIES,Ericaceae,2505,Vaccinium,2882813,Vaccinium ovalifolium,2882894,99,EXACT
Trillium grandiflorum roseum,6413136,Trillium grandiflorum roseum,<i>Trillium</i> <i>grandiflorum</i> var. <i>roseum</i> Hubbard,VARIETY,Melanthiaceae,7700,Trillium,2742182,Trillium grandiflorum,2742283,85,EXACT
Ceanothus oliganthus orcuttii,3039400,Ceanothus oliganthus orcuttii,<i>Ceanothus</i> <i>oliganthus</i> var. <i>orcuttii</i> (Parry) Trel. ex Jeps.,VARIETY,Rhamnaceae,2407,Ceanothus,3039297,Ceanothus oliganthus,3039398,84,EXACT
Rubus jaysmithii,2992091,Rubus jaysmithii,<i>Rubus</i> <i>jaysmithii</i> L.H.Bailey,SPECIES,Rosaceae,5015,Rubus,2988638,Rubus multifer,2992089,100,EXACT
Lathyrus venosus intonsus,5356585,Lathyrus venosus intonsus,<i>Lathyrus</i> <i>venosus</i> var. <i>intonsus</i> Butters & H.St.John,VARIETY,Fabaceae,5386,Lathyrus,10356062,Lathyrus venosus,5356511,88,EXACT
Trillium erectum,2742342,Trillium erectum,<i>Trillium</i> <i>erectum</i> L.,SPECIES,Melanthiaceae,7700,Trillium,2742182,Trillium erectum,2742342,99,EXACT
Clinopodium arkansanum,2926930,Clinopodium arkansanum,<i>Clinopodium</i> <i>arkansanum</i> (Nutt.) House,SPECIES,Lamiaceae,2497,Clinopodium,2926907,Clinopodium arkansanum,2926930,99,EXACT
Viola kauaensis,5331357,Viola kauaensis,<i>Viola</i> <i>kauaensis</i> A.Gray,SPECIES,Violaceae,6631,Viola,2874237,Viola kauaensis,5331357,100,EXACT
Quercus pumila,2878192,Quercus pumila,<i>Quercus</i> <i>pumila</i> Walter,SPECIES,Fagaceae,4689,Quercus,2877951,Quercus pumila,2878192,99,EXACT
Ribes lobbii,2986116,Ribes lobbii,<i>Ribes</i> <i>lobbii</i> A.Gray,SPECIES,Grossulariaceae,2403,Ribes,2986095,Ribes lobbii,2986116,100,EXACT
Erythronium pusaterii,2752888,Erythronium pusaterii,"<i>Erythronium</i> <i>pusaterii</i> (Munz & J.T.Howell) Shevock, Bartel & G.A.Allen",SPECIES,Liliaceae,7699,Erythronium,2740136,Erythronium pusaterii,2752888,100,EXACT
Rubus parvifolius,2991373,Rubus parvifolius,<i>Rubus</i> <i>parvifolius</i> L.,SPECIES,Rosaceae,5015,Rubus,2988638,Rubus parvifolius,2991373,99,EXACT
Rubus laudatus,2991179,Rubus laudatus,<i>Rubus</i> <i>laudatus</i> A.Berger,SPECIES,Rosaceae,5015,Rubus,2988638,Rubus laudatus,2991179,100,EXACT
Rubus serratus,2992000,Rubus serratus,<i>Rubus</i> <i>serratus</i> J.F.Gmel.,SPECIES,Rosaceae,5015,Rubus,2988638,Rubus serratus,2992000,99,EXACT
Claytonia multiscapa multiscapa,7219456,Claytonia multiscapa multiscapa,<i>Claytonia</i> <i>multiscapa</i> subsp. <i>multiscapa</i>,SUBSPECIES,Montiaceae,4898338,Claytonia,3084729,Claytonia multiscapa,7125671,88,EXACT
Oxalis debilis,2891707,Oxalis debilis,<i>Oxalis</i> <i>debilis</i> Kunth,SPECIES,Oxalidaceae,6697,Oxalis,2891642,Oxalis debilis,2891707,100,EXACT
Quercus garryana garryana,2879266,Quercus garryana garryana,<i>Quercus</i> <i>garryana</i> var. <i>garryana</i>,VARIETY,Fagaceae,4689,Quercus,2877951,Quercus garryana,2879260,88,EXACT
Abies balsamea balsamea,7230712,Abies balsamea balsamea,<i>Abies</i> <i>balsamea</i> var. <i>balsamea</i>,VARIETY,Pinaceae,3925,Abies,2684876,Abies balsamea,2685383,85,EXACT
Quercus agrifolia oxyadenia,2880795,Quercus agrifolia oxyadenia,<i>Quercus</i> <i>agrifolia</i> var. <i>oxyadenia</i> (Torr.) J.T.Howell,VARIETY,Fagaceae,4689,Quercus,2877951,Quercus agrifolia,2880791,88,EXACT
Cirsium arizonicum arizonicum,7222536,Cirsium arizonicum arizonicum,<i>Cirsium</i> <i>arizonicum</i> var. <i>arizonicum</i>,VARIETY,Asteraceae,3065,Cirsium,3112554,Cirsium arizonicum,3112861,88,EXACT
Vitis palmata,5372414,Vitis palmata,<i>Vitis</i> <i>palmata</i> Vahl,SPECIES,Vitaceae,6672,Vitis,7467468,Vitis palmata,5372414,99,EXACT
Lycopus cokeri,5341457,Lycopus cokeri,<i>Lycopus</i> <i>cokeri</i> H.E.Ahles ex Sorrie,SPECIES,Lamiaceae,2497,Lycopus,2927122,Lycopus cokeri,5341457,99,EXACT
Ribes lasianthum,2986177,Ribes lasianthum,<i>Ribes</i> <i>lasianthum</i> Greene,SPECIES,Grossulariaceae,2403,Ribes,2986095,Ribes lasianthum,2986177,100,EXACT
Vaccinium formosum,2882935,Vaccinium formosum,<i>Vaccinium</i> <i>formosum</i> Andrews,SPECIES,Ericaceae,2505,Vaccinium,2882813,Vaccinium corymbosum,2882849,100,EXACT
Lilium pyrophilum,2753144,Lilium pyrophilum,<i>Lilium</i> <i>pyrophilum</i> M.W.Skinner & Sorrie,SPECIES,Liliaceae,7699,Lilium,2752977,Lilium pyrophilum,2753144,100,EXACT
Cirsium viperinum,12166212,Cirsium viperinum,<i>Cirsium</i> <i>viperinum</i> (D.J.Keil) Ackerf. & D.J.Keil,SPECIES,Asteraceae,3065,Cirsium,3112554,Cirsium viperinum,12166212,100,EXACT
Cirsium ochrocentrum ochrocentrum,6305833,Cirsium ochrocentrum ochrocentrum,<i>Cirsium</i> <i>ochrocentrum</i> var. <i>ochrocentrum</i>,VARIETY,Asteraceae,3065,Cirsium,3112554,Cirsium ochrocentrum,3112785,85,EXACT
Lilium philadelphicum,2753218,Lilium philadelphicum,<i>Lilium</i> <i>philadelphicum</i> L.,SPECIES,Liliaceae,7699,Lilium,2752977,Lilium philadelphicum,2753218,99,EXACT
Stellaria corei,5384667,Stellaria corei,<i>Stellaria</i> <i>corei</i> Shinners,SPECIES,Caryophyllaceae,2518,Stellaria,3085667,Stellaria corei,5384667,100,EXACT
Clinopodium gracile,2926958,Clinopodium gracile,<i>Clinopodium</i> <i>gracile</i> (Benth.) Kuntze,SPECIES,Lamiaceae,2497,Clinopodium,2926907,Clinopodium gracile,2926958,99,EXACT
Camassia howellii,2769076,Camassia howellii,<i>Camassia</i> <i>howellii</i> S.Watson,SPECIES,Asparagaceae,7683,Camassia,2769068,Camassia howellii,2769076,100,EXACT
Oxalis latifolia,2891755,Oxalis latifolia,<i>Oxalis</i> <i>latifolia</i> Kunth,SPECIES,Oxalidaceae,6697,Oxalis,2891642,Oxalis latifolia,2891755,99,EXACT
Fragaria virginiana glauca,6287846,Fragaria virginiana glauca,<i>Fragaria</i> <i>virginiana</i> subsp. <i>glauca</i> (S.Watson) Staudt,SUBSPECIES,Rosaceae,5015,Fragaria,3029779,Fragaria virginiana,7950792,85,EXACT
Carya ovalis,3054334,Carya ovalis,<i>Carya</i> <i>ovalis</i> (Wangenh.) Sarg.,SPECIES,Juglandaceae,2499,Carya,3054287,Carya ovalis,3054334,100,EXACT
Ceanothus tomentosus tomentosus,3039360,Ceanothus tomentosus,<i>Ceanothus</i> <i>tomentosus</i> Parry,SPECIES,Rhamnaceae,2407,Ceanothus,3039297,Ceanothus tomentosus,3039360,100,HIGHERRANK
Lycium carolinianum carolinianum,7751607,Lycium carolinianum carolinianum,<i>Lycium</i> <i>carolinianum</i> var. <i>carolinianum</i>,VARIETY,Solanaceae,7717,Lycium,2928808,Lycium carolinianum,2928830,88,EXACT
Crataegus ashei,3013848,Crataegus ashei,<i>Crataegus</i> <i>ashei</i> Beadle,SPECIES,Rosaceae,5015,Crataegus,3013395,Crataegus ashei,3013848,100,EXACT
Cirsium scariosum citrinum,4219327,Cirsium scariosum citrinum,<i>Cirsium</i> <i>scariosum</i> var. <i>citrinum</i> (Petr.) D.J.Keil,VARIETY,Asteraceae,3065,Cirsium,3112554,Cirsium scariosum,3113127,88,EXACT
Persicaria longiseta,4034537,Persicaria longiseta,<i>Persicaria</i> <i>longiseta</i> (Bruijn) Kitag.,SPECIES,Polygonaceae,2416,Persicaria,6390748,Persicaria longiseta,4034537,99,EXACT
Rubus ellipticus,2991314,Rubus ellipticus,<i>Rubus</i> <i>ellipticus</i> Sm.,SPECIES,Rosaceae,5015,Rubus,2988638,Rubus ellipticus,2991314,99,EXACT
Nuphar variegata,6434989,Nuphar variegata,<i>Nuphar</i> <i>variegata</i> Engelm. ex Durand,SPECIES,Nymphaeaceae,2423,Nuphar,2882408,Nuphar variegata,6434989,99,EXACT
Corylus cornuta californica,2876033,Corylus cornuta californica,<i>Corylus</i> <i>cornuta</i> subsp. <i>californica</i> (A.DC.) A.E.Murray,SUBSPECIES,Betulaceae,4688,Corylus,2875967,Corylus cornuta,2876032,85,EXACT
Oxalis trilliifolia,2891747,Oxalis trilliifolia,<i>Oxalis</i> <i>trilliifolia</i> Hook.,SPECIES,Oxalidaceae,6697,Oxalis,2891642,Oxalis trilliifolia,2891747,100,EXACT
Lycopus asper,5341458,Lycopus asper,<i>Lycopus</i> <i>asper</i> Greene,SPECIES,Lamiaceae,2497,Lycopus,2927122,Lycopus asper,5341458,100,EXACT
Amelanchier stolonifera,3023901,Amelanchier stolonifera,<i>Amelanchier</i> <i>stolonifera</i> Wiegand,SPECIES,Rosaceae,5015,Amelanchier,3023817,Amelanchier stolonifera,3023901,100,EXACT
Allium perdulce sperryi,2856319,Allium perdulce sperryi,<i>Allium</i> <i>perdulce</i> var. <i>sperryi</i> Ownbey,VARIETY,Amaryllidaceae,7682,Allium,9624496,Allium perdulce,2856317,85,EXACT
Salicornia perennis,5383932,Salicornia perennis,<i>Salicornia</i> <i>perennis</i> Mill.,SPECIES,Amaranthaceae,3064,Salicornia,3083796,Salicornia perennis,5383932,100,EXACT
Ceanothus purpureus,3039330,Ceanothus purpureus,<i>Ceanothus</i> <i>purpureus</i> Jeps.,SPECIES,Rhamnaceae,2407,Ceanothus,3039297,Ceanothus purpureus,3039330,100,EXACT
Primula pauciflora shoshonensis,5641485,Primula pauciflora shoshonensis,<i>Primula</i> <i>pauciflora</i> var. <i>shoshonensis</i> (A.Nelson) A.R.Mast & Reveal,VARIETY,Primulaceae,6674,Dodecatheon,7597718,Dodecatheon pulchellum,3169253,88,EXACT
Cannabis sativa spontanea,5709497,Cannabis sativa spontanea,<i>Cannabis</i> <i>sativa</i> var. <i>spontanea</i> Vavilov,VARIETY,Cannabaceae,2384,Cannabis,2984538,Cannabis sativa,5361880,84,EXACT
Amelanchier pallida,3023823,Amelanchier pallida,<i>Amelanchier</i> <i>pallida</i> Greene,SPECIES,Rosaceae,5015,Amelanchier,3023817,Amelanchier pallida,3023823,100,EXACT
Rubus cuneifolius,2996841,Rubus cuneifolius,<i>Rubus</i> <i>cuneifolius</i> Pursh,SPECIES,Rosaceae,5015,Rubus,2988638,Rubus cuneifolius,2996841,99,EXACT
Viola arvensis,5331235,Viola arvensis,<i>Viola</i> <i>arvensis</i> Murray,SPECIES,Violaceae,6631,Viola,2874237,Viola arvensis,5331235,100,EXACT
Primula tetrandra,5641589,Primula tetrandra,<i>Primula</i> <i>tetrandra</i> (Suksd.) A.R.Mast & Reveal,SPECIES,Primulaceae,6674,Dodecatheon,7597718,Dodecatheon alpinum,3169259,100,EXACT
Malus angustifolia,3001548,Malus angustifolia,<i>Malus</i> <i>angustifolia</i> (Aiton) Michx.,SPECIES,Rosaceae,5015,Malus,3001068,Malus angustifolia,3001548,99,EXACT
Juniperus communis depressa,2684721,Juniperus communis depressa,<i>Juniperus</i> <i>communis</i> var. <i>depressa</i> Pursh,VARIETY,Cupressaceae,8144,Juniperus,2684359,Juniperus communis,2684709,85,EXACT
Quercus wislizeni frutescens,2878385,Quercus wislizeni frutescens,<i>Quercus</i> <i>wislizeni</i> var. <i>frutescens</i> Engelm.,VARIETY,Fagaceae,4689,Quercus,2877951,Quercus wislizeni,2878384,85,EXACT
Pycnanthemum setosum,2927368,Pycnanthemum setosum,<i>Pycnanthemum</i> <i>setosum</i> Nutt.,SPECIES,Lamiaceae,2497,Pycnanthemum,2927338,Pycnanthemum setosum,2927368,100,EXACT
Wisteria frutescens frutescens,10471911,Wisteria frutescens frutescens,<i>Wisteria</i> <i>frutescens</i> subsp. <i>frutescens</i>,SUBSPECIES,Fabaceae,5386,Wisteria,2977309,Wisteria frutescens,2977310,88,EXACT
Crataegus × bicknellii,3015731,Crataegus bicknellii,<i>Crataegus</i> × <i>bicknellii</i> (Eggl.) Eggl.,SPECIES,Rosaceae,5015,Crataegus,3013395,Crataegus bicknellii,3015731,100,EXACT
Cirsium scariosum thorneae,4219309,Cirsium scariosum thorneae,<i>Cirsium</i> <i>scariosum</i> var. <i>thorneae</i> S.L.Welsh,VARIETY,Asteraceae,3065,Cirsium,3112554,Cirsium scariosum,3113127,88,EXACT
Robinia viscosa viscosa,7111356,Robinia viscosa viscosa,<i>Robinia</i> <i>viscosa</i> var. <i>viscosa</i>,VARIETY,Fabaceae,5386,Robinia,2952066,Robinia viscosa,5352245,88,EXACT
Lilium bolanderi,2753549,Lilium bolanderi,<i>Lilium</i> <i>bolanderi</i> S.Watson,SPECIES,Liliaceae,7699,Lilium,2752977,Lilium bolanderi,2753549,100,EXACT
Ribes menziesii,2986187,Ribes menziesii,<i>Ribes</i> <i>menziesii</i> Pursh,SPECIES,Grossulariaceae,2403,Ribes,2986095,Ribes menziesii,2986187,100,EXACT
Pinus attenuata,5285497,Pinus attenuata,<i>Pinus</i> <i>attenuata</i> Lemmon,SPECIES,Pinaceae,3925,Pinus,2684241,Pinus attenuata,5285497,100,EXACT
Physalis angustifolia,5341771,Physalis angustifolia,<i>Physalis</i> <i>angustifolia</i> Nutt.,SPECIES,Solanaceae,7717,Physalis,2928907,Physalis angustifolia,5341771,100,EXACT
Tradescantia longipes,2765270,Tradescantia longipes,<i>Tradescantia</i> <i>longipes</i> E.S.Anderson & Woodson,SPECIES,Commelinaceae,2763195,Tradescantia,2765096,Tradescantia longipes,2765270,100,EXACT
Physalis mollis mollis,6402799,Physalis mollis mollis,<i>Physalis</i> <i>mollis</i> var. <i>mollis</i>,VARIETY,Solanaceae,7717,Physalis,2928907,Physalis mollis,5341817,88,EXACT
Ribes menziesii menziesii,7095861,Ribes menziesii menziesii,<i>Ribes</i> <i>menziesii</i> var. <i>menziesii</i>,VARIETY,Grossulariaceae,2403,Ribes,2986095,Ribes menziesii,2986187,88,EXACT
Sanicula saxatilis,3034847,Sanicula saxatilis,<i>Sanicula</i> <i>saxatilis</i> Greene,SPECIES,Apiaceae,6720,Sanicula,3034831,Sanicula saxatilis,3034847,100,EXACT
Amelanchier sanguinea,3023840,Amelanchier sanguinea,<i>Amelanchier</i> <i>sanguinea</i> (Pursh) DC.,SPECIES,Rosaceae,5015,Amelanchier,3023817,Amelanchier sanguinea,3023840,99,EXACT
Crataegus viridis glabriuscula,3853065,Crataegus viridis glabriuscula,<i>Crataegus</i> <i>viridis</i> var. <i>glabriuscula</i> (Sarg.) J.B.Phipps,VARIETY,Rosaceae,5015,Crataegus,3013395,Crataegus viridis,3014089,88,EXACT
Pinus × hunnewellii,7548259,Pinus hunnewellii,<i>Pinus</i> × <i>hunnewellii</i> Alb.G.Johnson,SPECIES,Pinaceae,3925,Pinus,2684241,Pinus hunnewellii,7548259,100,EXACT
Clinopodium vulgare,2926945,Clinopodium vulgare,<i>Clinopodium</i> <i>vulgare</i> L.,SPECIES,Lamiaceae,2497,Clinopodium,2926907,Clinopodium vulgare,2926945,100,EXACT
Cirsium andersonii,3112648,Cirsium andersonii,<i>Cirsium</i> <i>andersonii</i> (A.Gray) Petr.,SPECIES,Asteraceae,3065,Cirsium,3112554,Cirsium andersonii,3112648,99,EXACT
Quercus berberidifolia,2878674,Quercus berberidifolia,<i>Quercus</i> <i>berberidifolia</i> Liebm.,SPECIES,Fagaceae,4689,Quercus,2877951,Quercus berberidifolia,2878674,100,EXACT
Quercus × jolonensis,2880349,Quercus jolonensis,<i>Quercus</i> × <i>jolonensis</i> Sarg.,SPECIES,Fagaceae,4689,Quercus,2877951,Quercus jolonensis,2880349,100,EXACT
Crataegus opaca,3014153,Crataegus opaca,<i>Crataegus</i> <i>opaca</i> Hook. & Arn.,SPECIES,Rosaceae,5015,Crataegus,3013395,Crataegus opaca,3014153,100,EXACT
Daucus carota carota,7224071,Daucus carota carota,<i>Daucus</i> <i>carota</i> subsp. <i>carota</i>,SUBSPECIES,Apiaceae,6720,Daucus,3034740,Daucus carota,3034742,85,EXACT
Amelanchier laevis,3023832,Amelanchier laevis,<i>Amelanchier</i> <i>laevis</i> Wiegand,SPECIES,Rosaceae,5015,Amelanchier,3023817,Amelanchier laevis,3023832,99,EXACT
Juniperus communis saxatilis,2684743,Juniperus communis saxatilis,<i>Juniperus</i> <i>communis</i> var. <i>saxatilis</i> Pall.,VARIETY,Cupressaceae,8144,Juniperus,2684359,Juniperus communis,2684709,85,EXACT
Persicaria orientalis,2889229,Persicaria orientalis,<i>Persicaria</i> <i>orientalis</i> (L.) Spach,SPECIES,Polygonaceae,2416,Persicaria,6390748,Persicaria orientalis,2889229,99,EXACT
Trillium gracile,2742269,Trillium gracile,<i>Trillium</i> <i>gracile</i> J.D.Freeman,SPECIES,Melanthiaceae,7700,Trillium,2742182,Trillium gracile,2742269,100,EXACT
Crataegus pruinosa magnifolia,3853687,Crataegus pruinosa magnifolia,<i>Crataegus</i> <i>pruinosa</i> var. <i>magnifolia</i> (Sarg.) J.B.Phipps,VARIETY,Rosaceae,5015,Crataegus,3013395,Crataegus pruinosa,7790552,88,EXACT
Chamaenerion angustifolium,6428353,Chamaenerion angustifolium,<i>Chamaenerion</i> <i>angustifolium</i> (L.) Scop.,SPECIES,Onagraceae,2430,Chamaenerion,8406741,Chamaenerion angustifolium,6428353,99,EXACT
Monarda punctata villicaulis,7842101,Monarda punctata villicaulis,<i>Monarda</i> <i>punctata</i> var. <i>villicaulis</i> (Pennell) Shinners,VARIETY,Lamiaceae,2497,Monarda,2926838,Monarda punctata,5341413,85,EXACT
Ceanothus megacarpus megacarpus,8361147,Ceanothus megacarpus megacarpus,<i>Ceanothus</i> <i>megacarpus</i> var. <i>megacarpus</i>,VARIETY,Rhamnaceae,2407,Ceanothus,3039297,Ceanothus megacarpus,3039316,85,EXACT
Vaccinium stamineum caesium,4167868,Vaccinium stamineum caesium,<i>Vaccinium</i> <i>stamineum</i> var. <i>caesium</i> (Greene) D.B.Ward,VARIETY,Ericaceae,2505,Vaccinium,2882813,Vaccinium stamineum,2882913,88,EXACT
Comandra umbellata californica,6361572,Comandra umbellata californica,<i>Comandra</i> <i>umbellata</i> subsp. <i>californica</i> (Eastw. ex Rydb.) Piehl,SUBSPECIES,Comandraceae,4936000,Comandra,2889776,Comandra umbellata,2889777,85,EXACT
Allium monticola,2856950,Allium monticola,<i>Allium</i> <i>monticola</i> Davidson,SPECIES,Amaryllidaceae,7682,Allium,9624496,Allium monticola,2856950,100,EXACT
Hibiscus moscheutos moscheutos,7226561,Hibiscus moscheutos moscheutos,<i>Hibiscus</i> <i>moscheutos</i> subsp. <i>moscheutos</i>,SUBSPECIES,Malvaceae,6685,Hibiscus,3152542,Hibiscus moscheutos,3152596,85,EXACT
Crataegus mollis incisifolia,3016009,Crataegus mollis incisifolia,<i>Crataegus</i> <i>mollis</i> var. <i>incisifolia</i> Kruschke ex J.B.Phipps,VARIETY,Rosaceae,5015,Crataegus,3013395,Crataegus mollis,3015562,85,EXACT
Pinus edulis,5285796,Pinus edulis,<i>Pinus</i> <i>edulis</i> Engelm.,SPECIES,Pinaceae,3925,Pinus,2684241,Pinus edulis,5285796,100,EXACT
Malvaviscus arboreus drummondii,3937557,Malvaviscus arboreus drummondii,<i>Malvaviscus</i> <i>arboreus</i> var. <i>drummondii</i> (Torr. & A.Gray) Schery,VARIETY,Malvaceae,6685,Malvaviscus,3152774,Malvaviscus arboreus,3152775,88,EXACT
Viola sheltonii,5331185,Viola sheltonii,<i>Viola</i> <i>sheltonii</i> Torr.,SPECIES,Violaceae,6631,Viola,2874237,Viola sheltonii,5331185,100,EXACT
Malus coronaria,3001166,Malus coronaria,<i>Malus</i> <i>coronaria</i> (L.) Mill.,SPECIES,Rosaceae,5015,Malus,3001068,Malus coronaria,3001166,100,EXACT
Viola villosa,5331197,Viola villosa,<i>Viola</i> <i>villosa</i> Walter,SPECIES,Violaceae,6631,Viola,2874237,Viola villosa,5331197,100,EXACT
Ceanothus gloriosus porrectus,3874472,Ceanothus gloriosus porrectus,<i>Ceanothus</i> <i>gloriosus</i> var. <i>porrectus</i> J.T.Howell,VARIETY,Rhamnaceae,2407,Ceanothus,3039297,Ceanothus gloriosus,3039305,85,EXACT
Trillium pusillum virginianum,2742210,Trillium pusillum virginianum,<i>Trillium</i> <i>pusillum</i> var. <i>virginianum</i> Fernald,VARIETY,Melanthiaceae,7700,Trillium,2742182,Trillium pusillum,2742209,88,EXACT
Cirsium inamoenum,3113257,Cirsium inamoenum,<i>Cirsium</i> <i>inamoenum</i> (Greene) D.J.Keil,SPECIES,Asteraceae,3065,Cirsium,3112554,Cirsium inamoenum,3113257,100,EXACT
Crataegus munda,3015394,Crataegus munda,<i>Crataegus</i> <i>munda</i> Beadle,SPECIES,Rosaceae,5015,Crataegus,3013395,Crataegus munda,3015394,100,EXACT
Rubus sachalinensis,2995606,Rubus sachalinensis,<i>Rubus</i> <i>sachalinensis</i> H.Lév.,SPECIES,Rosaceae,5015,Rubus,2988638,Rubus sachalinensis,2995606,100,EXACT
Allium stipitatum,2856593,Allium stipitatum,<i>Allium</i> <i>stipitatum</i> Regel,SPECIES,Amaryllidaceae,7682,Allium,9624496,Allium stipitatum,2856593,100,EXACT
Sonchus asper glaucescens,4250676,Sonchus asper glaucescens,<i>Sonchus</i> <i>asper</i> subsp. <i>glaucescens</i> (Jord.) Ball,SUBSPECIES,Asteraceae,3065,Sonchus,3105646,Sonchus asper,3105782,85,EXACT
Vaccinium myrsinites,2882937,Vaccinium myrsinites,<i>Vaccinium</i> <i>myrsinites</i> Lam.,SPECIES,Ericaceae,2505,Vaccinium,2882813,Vaccinium myrsinites,2882937,100,EXACT
Sanicula canadensis canadensis,7258874,Sanicula canadensis canadensis,<i>Sanicula</i> <i>canadensis</i> var. <i>canadensis</i>,VARIETY,Apiaceae,6720,Sanicula,3034831,Sanicula canadensis,3034834,88,EXACT
Ribes rotundifolium,2986180,Ribes rotundifolium,<i>Ribes</i> <i>rotundifolium</i> Michx.,SPECIES,Grossulariaceae,2403,Ribes,2986095,Ribes rotundifolium,2986180,99,EXACT
Quercus arkansana,2881704,Quercus arkansana,<i>Quercus</i> <i>arkansana</i> Sarg.,SPECIES,Fagaceae,4689,Quercus,2877951,Quercus arkansana,2881704,100,EXACT
Phlox pilosa pulcherrima,4056637,Phlox pilosa pulcherrima,<i>Phlox</i> <i>pilosa</i> subsp. <i>pulcherrima</i> Lundell,SUBSPECIES,Polemoniaceae,6648,Phlox,2927698,Phlox pilosa,2927734,88,EXACT
Viola affinis,5331214,Viola affinis,<i>Viola</i> <i>affinis</i> Leconte,SPECIES,Violaceae,6631,Viola,2874237,Viola affinis,5331214,100,EXACT
Ceanothus velutinus laevigatus,3875467,Ceanothus velutinus laevigatus,<i>Ceanothus</i> <i>velutinus</i> var. <i>laevigatus</i> Torr. & A.Gray,VARIETY,Rhamnaceae,2407,Ceanothus,3039297,Ceanothus velutinus,7723763,85,EXACT
Hordeum intercedens,2706069,Hordeum intercedens,<i>Hordeum</i> <i>intercedens</i> Nevski,SPECIES,Poaceae,3073,Hordeum,2706050,Hordeum pusillum,2706070,100,EXACT
Rumex brownii,2888945,Rumex brownii,<i>Rumex</i> <i>brownii</i> Campd.,SPECIES,Polygonaceae,2416,Rumex,2888942,Rumex brownii,2888945,99,EXACT
Elaeagnus umbellata parvifolia,8715539,Elaeagnus umbellata parvifolia,<i>Elaeagnus</i> <i>umbellata</i> f. <i>parvifolia</i> (Wall. ex Royle) Kitam.,FORM,Elaeagnaceae,2408,Elaeagnus,3039266,Elaeagnus umbellata,3039267,84,EXACT
Quercus engelmannii,2880771,Quercus engelmannii,<i>Quercus</i> <i>engelmannii</i> Greene,SPECIES,Fagaceae,4689,Quercus,2877951,Quercus engelmannii,2880771,100,EXACT
Viola missouriensis,5331215,Viola missouriensis,<i>Viola</i> <i>missouriensis</i> Greene,SPECIES,Violaceae,6631,Viola,2874237,Viola missouriensis,5331215,100,EXACT
Sonchus arvensis uliginosus,6290429,Sonchus arvensis uliginosus,<i>Sonchus</i> <i>arvensis</i> subsp. <i>uliginosus</i> (M.Bieb.) Nyman,SUBSPECIES,Asteraceae,3065,Sonchus,3105646,Sonchus arvensis,3105813,85,EXACT
Cirsium scariosum americanum,4219332,Cirsium scariosum americanum,<i>Cirsium</i> <i>scariosum</i> var. <i>americanum</i> (A.Gray) D.J.Keil,VARIETY,Asteraceae,3065,Cirsium,3112554,Cirsium tioganum,6063915,88,EXACT
Rubus pascuus,2997417,Rubus pascuus,<i>Rubus</i> <i>pascuus</i> L.H.Bailey,SPECIES,Rosaceae,5015,Rubus,2988638,Rubus pascuus,2997417,100,EXACT
Tradescantia brevifolia,2765347,Tradescantia brevifolia,<i>Tradescantia</i> <i>brevifolia</i> (Torr.) Rose,SPECIES,Commelinaceae,2763195,Tradescantia,2765096,Tradescantia brevifolia,2765347,100,EXACT
Allium munzii,2856654,Allium munzii,<i>Allium</i> <i>munzii</i> (Ownbey & Aase ex Traub) McNeal,SPECIES,Amaryllidaceae,7682,Allium,9624496,Allium munzii,2856654,100,EXACT
Pinus brutia eldarica,5285718,Pinus brutia eldarica,<i>Pinus</i> <i>brutia</i> var. <i>eldarica</i> (Medw.) Silba,VARIETY,Pinaceae,3925,Pinus,2684241,Pinus brutia,5285710,85,EXACT
Cirsium clavatum americanum,4223723,Cirsium clavatum americanum,<i>Cirsium</i> <i>clavatum</i> var. <i>americanum</i> (A.Gray) D.J.Keil,VARIETY,Asteraceae,3065,Cirsium,3112554,Cirsium centaureae,7881028,88,EXACT
Allium senescens,2855719,Allium senescens,<i>Allium</i> <i>senescens</i> L.,SPECIES,Amaryllidaceae,7682,Allium,9624496,Allium senescens,2855719,99,EXACT
Quercus chrysolepis,2879984,Quercus chrysolepis,<i>Quercus</i> <i>chrysolepis</i> Liebm.,SPECIES,Fagaceae,4689,Quercus,2877951,Quercus chrysolepis,2879984,100,EXACT
Pinus quadrifolia,5285122,Pinus quadrifolia,<i>Pinus</i> <i>quadrifolia</i> Parl. ex Sudw.,SPECIES,Pinaceae,3925,Pinus,2684241,Pinus quadrifolia,5285122,99,EXACT
Allium punctum,2855768,Allium punctum,<i>Allium</i> <i>punctum</i> L.F.Hend.,SPECIES,Amaryllidaceae,7682,Allium,9624496,Allium punctum,2855768,100,EXACT
Rubus arizonensis,2994718,Rubus arizonensis,<i>Rubus</i> <i>arizonensis</i> Focke,SPECIES,Rosaceae,5015,Rubus,2988638,Rubus arizonensis,2994718,100,EXACT
Pycnanthemum albescens,2927357,Pycnanthemum albescens,<i>Pycnanthemum</i> <i>albescens</i> Torr. & A.Gray,SPECIES,Lamiaceae,2497,Pycnanthemum,2927338,Pycnanthemum albescens,2927357,100,EXACT
Ceanothus velutinus velutinus,6371112,Ceanothus velutinus velutinus,<i>Ceanothus</i> <i>velutinus</i> var. <i>velutinus</i>,VARIETY,Rhamnaceae,2407,Ceanothus,3039297,Ceanothus velutinus,3039312,85,EXACT
Viola palmata palmata,5331379,Viola palmata palmata,<i>Viola</i> <i>palmata</i> var. <i>palmata</i>,VARIETY,Violaceae,6631,Viola,2874237,Viola palmata,5331370,88,EXACT
Pinus elliottii elliottii,7071057,Pinus elliottii elliottii,<i>Pinus</i> <i>elliottii</i> var. <i>elliottii</i>,VARIETY,Pinaceae,3925,Pinus,2684241,Pinus elliottii,5285777,88,EXACT
Ribes echinellum,2986118,Ribes echinellum,<i>Ribes</i> <i>echinellum</i> (Coville) Rehder,SPECIES,Grossulariaceae,2403,Ribes,2986095,Ribes echinellum,2986118,100,EXACT
Vicia hassei,2975283,Vicia hassei,<i>Vicia</i> <i>hassei</i> S.Watson,SPECIES,Fabaceae,5386,Vicia,2974751,Vicia hassei,2975283,100,EXACT
Pinus arizonica arizonica,7230690,Pinus arizonica arizonica,<i>Pinus</i> <i>arizonica</i> var. <i>arizonica</i>,VARIETY,Pinaceae,3925,Pinus,2684241,Pinus arizonica,5285094,88,EXACT
Ceanothus sonomensis,3039354,Ceanothus sonomensis,<i>Ceanothus</i> <i>sonomensis</i> Howell,SPECIES,Rhamnaceae,2407,Ceanothus,3039297,Ceanothus sonomensis,3039354,100,EXACT
Robinia hispida kelseyi,5352229,Robinia hispida kelseyi,<i>Robinia</i> <i>hispida</i> var. <i>kelseyi</i> (Cowell ex Hutch.) Isely,VARIETY,Fabaceae,5386,Robinia,2952066,Robinia hispida,5352221,88,EXACT
Pinus radiata,5285727,Pinus radiata,<i>Pinus</i> <i>radiata</i> D.Don,SPECIES,Pinaceae,3925,Pinus,2684241,Pinus radiata,5285727,100,EXACT
Smilax bona-nox,5295574,Smilax bona-nox,<i>Smilax</i> <i>bona-nox</i> L.,SPECIES,Smilacaceae,7702,Smilax,2740627,Smilax bona-nox,5295574,100,EXACT
Allium obtusum conspicuum,2857339,Allium obtusum conspicuum,<i>Allium</i> <i>obtusum</i> var. <i>conspicuum</i> Mortola & McNeal,VARIETY,Amaryllidaceae,7682,Allium,9624496,Allium obtusum,2857338,88,EXACT
Quercus fusiformis,2880509,Quercus fusiformis,<i>Quercus</i> <i>fusiformis</i> Small,SPECIES,Fagaceae,4689,Quercus,2877951,Quercus fusiformis,2880509,100,EXACT
Abies balsamea phanerolepis,2685397,Abies balsamea phanerolepis,<i>Abies</i> <i>balsamea</i> var. <i>phanerolepis</i> Fernald,VARIETY,Pinaceae,3925,Abies,2684876,Abies balsamea,2685383,85,EXACT
Claytonia parviflora parviflora,7219454,Claytonia parviflora parviflora,<i>Claytonia</i> <i>parviflora</i> subsp. <i>parviflora</i>,SUBSPECIES,Montiaceae,4898338,Claytonia,3084729,Claytonia parviflora,3084736,88,EXACT
Vitis monticola,5372408,Vitis monticola,<i>Vitis</i> <i>monticola</i> Buckley,SPECIES,Vitaceae,6672,Vitis,7467468,Vitis monticola,5372408,100,EXACT
Quercus buckleyi,2879863,Quercus buckleyi,<i>Quercus</i> <i>buckleyi</i> Nixon & Dorr,SPECIES,Fagaceae,4689,Quercus,2877951,Quercus buckleyi,2879863,100,EXACT
Rhus aromatica serotina,6426983,Rhus aromatica serotina,<i>Rhus</i> <i>aromatica</i> var. <i>serotina</i> (Greene) Rehder,VARIETY,Anacardiaceae,2398,Rhus,3190534,Rhus aromatica,3190558,85,EXACT
Allium macropetalum,2857522,Allium macropetalum,<i>Allium</i> <i>macropetalum</i> Rydb.,SPECIES,Amaryllidaceae,7682,Allium,9624496,Allium macropetalum,2857522,100,EXACT
Primula pauciflora zionensis,5641482,Primula pauciflora zionensis,<i>Primula</i> <i>pauciflora</i> var. <i>zionensis</i> (Eastw.) A.R.Mast & Reveal,VARIETY,Primulaceae,6674,Dodecatheon,7597718,Dodecatheon pulchellum,3169253,88,EXACT
Viola baxteri,5665253,Viola baxteri,<i>Viola</i> <i>baxteri</i> House,SPECIES,Violaceae,6631,Viola,2874237,Viola baxteri,5665253,100,EXACT
Claytonia perfoliata intermontana,6388168,Claytonia perfoliata intermontana,<i>Claytonia</i> <i>perfoliata</i> subsp. <i>intermontana</i> J.M.Mill. & K.L.Chambers,SUBSPECIES,Montiaceae,4898338,Claytonia,3084729,Claytonia perfoliata,7736011,85,EXACT
Cirsium rydbergii,3113731,Cirsium rydbergii,<i>Cirsium</i> <i>rydbergii</i> Petr.,SPECIES,Asteraceae,3065,Cirsium,3112554,Cirsium rydbergii,3113731,100,EXACT
Cirsium barnebyi,3113611,Cirsium barnebyi,<i>Cirsium</i> <i>barnebyi</i> S.L.Welsh & Neese,SPECIES,Asteraceae,3065,Cirsium,3112554,Cirsium barnebyi,3113611,100,EXACT
Primula standleyana,5641811,Primula standleyana,<i>Primula</i> <i>standleyana</i> A.R.Mast & Reveal,SPECIES,Primulaceae,6674,Dodecatheon,7597718,Dodecatheon dentatum,3169260,100,EXACT
Rubus nigerrimus,2999587,Rubus nigerrimus,<i>Rubus</i> <i>nigerrimus</i> (Greene) Rydb.,SPECIES,Rosaceae,5015,Rubus,2988638,Rubus leucodermis,8110785,100,EXACT
Allium bolanderi mirabile,2856198,Allium bolanderi mirabile,<i>Allium</i> <i>bolanderi</i> var. <i>mirabile</i> (L.F.Hend.) McNeal,VARIETY,Amaryllidaceae,7682,Allium,9624496,Allium bolanderi,2856194,88,EXACT
Lilium lancifolium,2753380,Lilium lancifolium,<i>Lilium</i> <i>lancifolium</i> Thunb.,SPECIES,Liliaceae,7699,Lilium,2752977,Lilium lancifolium,2753380,99,EXACT
Cirsium drummondii,3112951,Cirsium drummondii,<i>Cirsium</i> <i>drummondii</i> Torr. & A.Gray,SPECIES,Asteraceae,3065,Cirsium,3112554,Cirsium drummondii,3112951,100,EXACT
Vicia sativa sativa,7068379,Vicia sativa sativa,"<i>Vicia</i> <i>sativa</i> subsp. <i>sativa</i> Linnaeus, 1763",SUBSPECIES,Fabaceae,5386,Vicia,2974751,Vicia sativa,2975014,85,EXACT
Quercus cornelius-mulleri,2880518,Quercus cornelius-mulleri,<i>Quercus</i> <i>cornelius-mulleri</i> Nixon & K.P.Steele,SPECIES,Fagaceae,4689,Quercus,2877951,Quercus cornelius-mulleri,2880518,100,EXACT
Salicornia bigelovii,5383959,Salicornia bigelovii,<i>Salicornia</i> <i>bigelovii</i> Torr.,SPECIES,Amaranthaceae,3064,Salicornia,3083796,Salicornia bigelovii,5383959,100,EXACT
Rubus rosa,2997851,Rubus rosa,<i>Rubus</i> <i>rosa</i> L.H.Bailey,SPECIES,Rosaceae,5015,Rubus,2988638,Rubus rosa,2997851,100,EXACT
Physalis hederifolia,5341807,Physalis hederifolia,<i>Physalis</i> <i>hederifolia</i> A.Gray,SPECIES,Solanaceae,7717,Physalis,2928907,Physalis hederifolia,5341807,99,EXACT
Quercus × munzii,2879367,Quercus munzii,<i>Quercus</i> × <i>munzii</i> J.M.Tucker,SPECIES,Fagaceae,4689,Quercus,2877951,Quercus munzii,2879367,100,EXACT
Camassia quamash quamash,7228139,Camassia quamash quamash,<i>Camassia</i> <i>quamash</i> subsp. <i>quamash</i>,SUBSPECIES,Asparagaceae,7683,Camassia,2769068,Camassia quamash,2769084,85,EXACT
Allium siskiyouense,2857969,Allium siskiyouense,<i>Allium</i> <i>siskiyouense</i> Ownbey ex Traub,SPECIES,Amaryllidaceae,7682,Allium,9624496,Allium siskiyouense,2857969,99,EXACT
Pteridium latiusculum,6362198,Pteridium latiusculum,<i>Pteridium</i> <i>latiusculum</i> (Desv.) Hieron.,SPECIES,Dennstaedtiaceae,6623,Pteridium,5275011,Pteridium aquilinum,5275012,99,EXACT
Ribes californicum hesperium,4194703,Ribes californicum hesperium,<i>Ribes</i> <i>californicum</i> subsp. <i>hesperium</i> (Mc Clatchie) Thorne,SUBSPECIES,Grossulariaceae,2403,Ribes,2986095,Ribes californicum,2986175,85,EXACT
Cochlearia officinalis,5373276,Cochlearia officinalis,<i>Cochlearia</i> <i>officinalis</i> L.,SPECIES,Brassicaceae,3112,Cochlearia,3040481,Cochlearia officinalis,5373276,99,EXACT
Cylindropuntia imbricata spinosior,11013549,Cylindropuntia imbricata spinosior,"<i>Cylindropuntia</i> <i>imbricata</i> subsp. <i>spinosior</i> (Engelm.) M.A.Baker, Cloud-H. & Majure",SUBSPECIES,Cactaceae,2519,Cylindropuntia,7628502,Cylindropuntia imbricata,6381277,85,EXACT
Allium robinsonii,2856710,Allium robinsonii,<i>Allium</i> <i>robinsonii</i> L.F.Hend.,SPECIES,Amaryllidaceae,7682,Allium,9624496,Allium robinsonii,2856710,100,EXACT
Descurainia pinnata pinnata,7068690,Descurainia pinnata pinnata,<i>Descurainia</i> <i>pinnata</i> subsp. <i>pinnata</i>,SUBSPECIES,Brassicaceae,3112,Descurainia,3044104,Descurainia pinnata,3044133,85,EXACT
Allium vineale capsuliferum,6314083,Allium vineale capsuliferum,"<i>Allium</i> <i>vineale</i> subsp. <i>capsuliferum</i> (Koch) Cheshmednev, 1974",SUBSPECIES,Amaryllidaceae,7682,Allium,9624496,Allium vineale,7792960,85,EXACT
Viola kauaensis kauaensis,7226042,Viola kauaensis kauaensis,<i>Viola</i> <i>kauaensis</i> var. <i>kauaensis</i>,VARIETY,Violaceae,6631,Viola,2874237,Viola kauaensis,5331357,88,EXACT
Quercus phellos,2880652,Quercus phellos,<i>Quercus</i> <i>phellos</i> L.,SPECIES,Fagaceae,4689,Quercus,2877951,Quercus phellos,2880652,100,EXACT
Allium howellii,2856788,Allium howellii,<i>Allium</i> <i>howellii</i> Eastw.,SPECIES,Amaryllidaceae,7682,Allium,9624496,Allium howellii,2856788,100,EXACT
Monarda clinopodia,5341398,Monarda clinopodia,<i>Monarda</i> <i>clinopodia</i> L.,SPECIES,Lamiaceae,2497,Monarda,2926838,Monarda clinopodia,5341398,100,EXACT
Ceanothus palmeri,3039358,Ceanothus palmeri,<i>Ceanothus</i> <i>palmeri</i> Trel.,SPECIES,Rhamnaceae,2407,Ceanothus,3039297,Ceanothus palmeri,3039358,100,EXACT
Camassia quamash,2769084,Camassia quamash,<i>Camassia</i> <i>quamash</i> (Pursh) Greene,SPECIES,Asparagaceae,7683,Camassia,2769068,Camassia quamash,2769084,100,EXACT
Rudbeckia laciniata ampla,4254950,Rudbeckia laciniata ampla,<i>Rudbeckia</i> <i>laciniata</i> var. <i>ampla</i> (A.Nelson) Cronquist,VARIETY,Asteraceae,3065,Rudbeckia,3114220,Rudbeckia laciniata,3114229,85,EXACT
Vitis cinerea,5372379,Vitis cinerea,<i>Vitis</i> <i>cinerea</i> (Engelm.) Millardet,SPECIES,Vitaceae,6672,Vitis,7467468,Vitis cinerea,5372379,99,EXACT
Camassia leichtlinii suksdorfii,2769073,Camassia leichtlinii suksdorfii,<i>Camassia</i> <i>leichtlinii</i> subsp. <i>suksdorfii</i> (Greenm.) Gould,SUBSPECIES,Asparagaceae,7683,Camassia,2769068,Camassia leichtlinii,2769069,85,EXACT
Pediomelum hypogaeum subulatum,2944131,Pediomelum hypogaeum subulatum,<i>Pediomelum</i> <i>hypogaeum</i> var. <i>subulatum</i> (Bush) J.W.Grimes,VARIETY,Fabaceae,5386,Pediomelum,2959963,Pediomelum hypogaeum,2944196,88,EXACT
Fragaria vesca americana,6369289,Fragaria vesca americana,<i>Fragaria</i> <i>vesca</i> subsp. <i>americana</i> (Porter) Staudt,SUBSPECIES,Rosaceae,5015,Fragaria,3029779,Fragaria vesca,3029817,85,EXACT
Rubus ablatus,2991181,Rubus ablatus,<i>Rubus</i> <i>ablatus</i> L.H.Bailey,SPECIES,Rosaceae,5015,Rubus,2988638,Rubus laudatus,2991179,100,EXACT
Trifolium repens repens,7112381,Trifolium repens repens,<i>Trifolium</i> <i>repens</i> subsp. <i>repens</i>,SUBSPECIES,Fabaceae,5386,Trifolium,2973363,Trifolium repens,5358748,85,EXACT
Rubus riograndis,2998263,Rubus riograndis,<i>Rubus</i> <i>riograndis</i> L.H.Bailey,SPECIES,Rosaceae,5015,Rubus,2988638,Rubus riograndis,2998263,100,EXACT
Ribes hirtellum,2986164,Ribes hirtellum,<i>Ribes</i> <i>hirtellum</i> Michx.,SPECIES,Grossulariaceae,2403,Ribes,2986095,Ribes hirtellum,2986164,100,EXACT
Tradescantia paludosa,2765184,Tradescantia paludosa,<i>Tradescantia</i> <i>paludosa</i> E.S.Anderson & Woodson,SPECIES,Commelinaceae,2763195,Tradescantia,2765096,Tradescantia ohiensis,2765175,100,EXACT
Silphium perfoliatum connatum,4208223,Silphium perfoliatum connatum,<i>Silphium</i> <i>perfoliatum</i> var. <i>connatum</i> (L.) Cronquist,VARIETY,Asteraceae,3065,Silphium,3092563,Silphium perfoliatum,3092576,85,EXACT
Artemisia dracunculus dracunculus,7222946,Artemisia dracunculus dracunculus,<i>Artemisia</i> <i>dracunculus</i> var. <i>dracunculus</i>,VARIETY,Asteraceae,3065,Artemisia,3120641,Artemisia dracunculus,3121581,85,EXACT
Primula meadia,5640540,Primula meadia,<i>Primula</i> <i>meadia</i> (L.) A.R.Mast & Reveal,SPECIES,Primulaceae,6674,Dodecatheon,7597718,Dodecatheon meadia,3169267,100,EXACT
Ribes divaricatum,2986132,Ribes divaricatum,<i>Ribes</i> <i>divaricatum</i> Douglas,SPECIES,Grossulariaceae,2403,Ribes,2986095,Ribes divaricatum,2986132,100,EXACT
Trillium ovatum oettingeri,2742421,Trillium ovatum oettingeri,<i>Trillium</i> <i>ovatum</i> var. <i>oettingeri</i> (Munz & Thorne) Case,VARIETY,Melanthiaceae,7700,Trillium,2742182,Trillium ovatum,2742413,85,EXACT
Physalis crassifolia crassifolia,7258977,Physalis crassifolia crassifolia,<i>Physalis</i> <i>crassifolia</i> var. <i>crassifolia</i>,VARIETY,Solanaceae,7717,Physalis,2928907,Physalis crassifolia,5341782,88,EXACT
Ribes velutinum gooddingii,4194414,Ribes velutinum gooddingii,<i>Ribes</i> <i>velutinum</i> var. <i>gooddingii</i> (M.Peck) C.L.Hitchc.,VARIETY,Grossulariaceae,2403,Ribes,2986095,Ribes velutinum,2986120,88,EXACT
Cirsium horridulum megacanthum,4222078,Cirsium horridulum megacanthum,<i>Cirsium</i> <i>horridulum</i> var. <i>megacanthum</i> (Nutt.) D.J.Keil,VARIETY,Asteraceae,3065,Cirsium,3112554,Cirsium horridulum,3112777,88,EXACT
Monarda punctata punctata,7226105,Monarda punctata punctata,<i>Monarda</i> <i>punctata</i> var. <i>punctata</i>,VARIETY,Lamiaceae,2497,Monarda,2926838,Monarda punctata,5341413,85,EXACT
Allium roseum,2855893,Allium roseum,<i>Allium</i> <i>roseum</i> L.,SPECIES,Amaryllidaceae,7682,Allium,9624496,Allium roseum,2855893,99,EXACT
Perilla frutescens frutescens,5708990,Perilla frutescens frutescens,<i>Perilla</i> <i>frutescens</i> var. <i>frutescens</i>,VARIETY,Lamiaceae,2497,Perilla,2926832,Perilla frutescens,5341394,88,EXACT
Salicornia europaea,12239479,Salicornia europaea,<i>Salicornia</i> <i>europaea</i> (Moss) Lambinon & Vanderp.,SPECIES,Amaranthaceae,3064,Salicornia,3083796,Salicornia europaea,12239479,99,EXACT
Physalis walteri,5341777,Physalis walteri,<i>Physalis</i> <i>walteri</i> Nutt.,SPECIES,Solanaceae,7717,Physalis,2928907,Physalis walteri,5341777,100,EXACT
Vaccinium membranaceum,9060377,Vaccinium membranaceum,<i>Vaccinium</i> <i>membranaceum</i> Douglas ex Hook.,SPECIES,Ericaceae,2505,Vaccinium,2882813,Vaccinium membranaceum,9060377,99,EXACT
Vitis labrusca,5372424,Vitis labrusca,<i>Vitis</i> <i>labrusca</i> L.,SPECIES,Vitaceae,6672,Vitis,7467468,Vitis labrusca,5372424,99,EXACT
Cyperus esculentus leptostachyus,8087010,Cyperus esculentus leptostachyus,<i>Cyperus</i> <i>esculentus</i> var. <i>leptostachyus</i> Boeckeler,VARIETY,Cyperaceae,7708,Cyperus,2713455,Cyperus esculentus,2716226,84,EXACT
Viburnum macrocephalum,3856046,Viburnum macrocephalum,<i>Viburnum</i> <i>macrocephalum</i> Fortune,SPECIES,Viburnaceae,4924416,Viburnum,2888580,Viburnum macrocephalum,3856046,100,EXACT
Erythronium umbilicatum umbilicatum,7227564,Erythronium umbilicatum umbilicatum,<i>Erythronium</i> <i>umbilicatum</i> subsp. <i>umbilicatum</i>,SUBSPECIES,Liliaceae,7699,Erythronium,2740136,Erythronium umbilicatum,2752903,88,EXACT
Allium giganteum,2857111,Allium giganteum,<i>Allium</i> <i>giganteum</i> Regel,SPECIES,Amaryllidaceae,7682,Allium,9624496,Allium giganteum,2857111,100,EXACT
Viola praemorsa praemorsa,7133588,Viola praemorsa praemorsa,<i>Viola</i> <i>praemorsa</i> subsp. <i>praemorsa</i>,SUBSPECIES,Violaceae,6631,Viola,2874237,Viola praemorsa,7884309,88,EXACT
Monarda humilis,5605388,Monarda humilis,<i>Monarda</i> <i>humilis</i> (Torr.) Prather & J.A.Keith,SPECIES,Lamiaceae,2497,Monarda,2926838,Monarda humilis,5605388,100,EXACT
Lonicera japonica japonica,7272655,Lonicera japonica japonica,<i>Lonicera</i> <i>japonica</i> f. <i>japonica</i>,FORM,Caprifoliaceae,6710,Lonicera,2888645,Lonicera japonica,5334240,84,EXACT
Carya glabra hirsuta,4205649,Carya glabra hirsuta,<i>Carya</i> <i>glabra</i> var. <i>hirsuta</i> (Ashe) Ashe,VARIETY,Juglandaceae,2499,Carya,3054287,Carya glabra,3054325,88,EXACT
Ceanothus griseus,10331743,Ceanothus griseus,<i>Ceanothus</i> <i>griseus</i> (Trel.) Mc Minn,SPECIES,Rhamnaceae,2407,Ceanothus,3039297,Ceanothus griseus,10331743,99,EXACT
Quercus sadleriana,2880444,Quercus sadleriana,<i>Quercus</i> <i>sadleriana</i> R.Br.ter,SPECIES,Fagaceae,4689,Quercus,2877951,Quercus sadleriana,2880444,100,EXACT
Cirsium funkiae,11546544,Cirsium funkiae,<i>Cirsium</i> <i>funkiae</i> Ackerf.,SPECIES,Asteraceae,3065,Cirsium,3112554,Cirsium funkiae,11546544,100,EXACT
Rubus ferrofluvius,2988747,Rubus ferrofluvius,"<i>Rubus</i> <i>ferrofluvius</i> H.A.Davis, A.M.Fuller & T.Davis",SPECIES,Rosaceae,5015,Rubus,2988638,Rubus ferrofluvius,2988747,100,EXACT
Quercus toumeyi,2879996,Quercus toumeyi,<i>Quercus</i> <i>toumeyi</i> Sarg.,SPECIES,Fagaceae,4689,Quercus,2877951,Quercus toumeyi,2879996,100,EXACT
Linum rigidum rigidum,10428609,Linum rigidum rigidum,<i>Linum</i> <i>rigidum</i> var. <i>rigidum</i>,VARIETY,Linaceae,2493,Linum,2873855,Linum rigidum,2873856,88,EXACT
Quercus × schuettei,2880350,Quercus schuettei,<i>Quercus</i> × <i>schuettei</i> Trel.,SPECIES,Fagaceae,4689,Quercus,2877951,Quercus schuettei,2880350,100,EXACT
Cirsium altissimum × discolor,6,Plantae,<i>Plantae</i>,KINGDOM,,,,,,,99,HIGHERRANK
Rubus humilior,2990794,Rubus humilior,<i>Rubus</i> <i>humilior</i> L.H.Bailey,SPECIES,Rosaceae,5015,Rubus,2988638,Rubus uvidus,2990793,100,EXACT
Vaccinium fuscatum,2882965,Vaccinium fuscatum,<i>Vaccinium</i> <i>fuscatum</i> Aiton,SPECIES,Ericaceae,2505,Vaccinium,2882813,Vaccinium corymbosum,2882849,100,EXACT
Oxalis stricta,9823072,Oxalis stricta,<i>Oxalis</i> <i>stricta</i> L.,SPECIES,Oxalidaceae,6697,Oxalis,2891642,Oxalis stricta,9823072,100,EXACT
Yucca necopina,2775579,Yucca necopina,<i>Yucca</i> <i>necopina</i> Shinners,SPECIES,Asparagaceae,7683,Yucca,2775496,Yucca necopina,2775579,100,EXACT
Quercus emoryi,2878171,Quercus emoryi,<i>Quercus</i> <i>emoryi</i> Torr.,SPECIES,Fagaceae,4689,Quercus,2877951,Quercus emoryi,2878171,99,EXACT
Cirsium repandum,3113685,Cirsium repandum,<i>Cirsium</i> <i>repandum</i> Michx.,SPECIES,Asteraceae,3065,Cirsium,3112554,Cirsium repandum,3113685,100,EXACT
Vicia lathyroides,2975076,Vicia lathyroides,<i>Vicia</i> <i>lathyroides</i> L.,SPECIES,Fabaceae,5386,Vicia,2974751,Vicia lathyroides,2975076,99,EXACT
Quercus × comptoniae,2880506,Quercus comptoniae,<i>Quercus</i> × <i>comptoniae</i> Sarg.,SPECIES,Fagaceae,4689,Quercus,2877951,Quercus comptoniae,2880506,100,EXACT
Allium canadense mobilense,3697899,Allium canadense mobilense,<i>Allium</i> <i>canadense</i> var. <i>mobilense</i> (Regel) Ownbey,VARIETY,Amaryllidaceae,7682,Allium,9624496,Allium canadense,2855611,85,EXACT
Mentha × piperita,8707933,Mentha piperita,<i>Mentha</i> × <i>piperita</i> L.,SPECIES,Lamiaceae,2497,Mentha,2927173,Mentha piperita,8707933,100,EXACT
Cirsium clavatum,3112615,Cirsium clavatum,<i>Cirsium</i> <i>clavatum</i> (M.E.Jones) Petr.,SPECIES,Asteraceae,3065,Cirsium,3112554,Cirsium clavatum,3112615,99,EXACT
Pinus engelmannii,5285058,Pinus engelmannii,<i>Pinus</i> <i>engelmannii</i> Carrière,SPECIES,Pinaceae,3925,Pinus,2684241,Pinus engelmannii,5285058,99,EXACT
Viola grisea,12282368,Viola grisea,<i>Viola</i> <i>grisea</i> (Fernald) H.E.Ballard,SPECIES,Violaceae,6631,Viola,2874237,Viola novae-angliae,5331232,100,EXACT
Sanicula hoffmannii,8578963,Sanicula hoffmannii,<i>Sanicula</i> <i>hoffmannii</i> (R.H.Shan & Constance) Bell,SPECIES,Apiaceae,6720,Sanicula,3034831,Sanicula hoffmannii,8578963,99,EXACT
Pycnanthemum verticillatum verticillatum,6410748,Pycnanthemum verticillatum verticillatum,<i>Pycnanthemum</i> <i>verticillatum</i> var. <i>verticillatum</i>,VARIETY,Lamiaceae,2497,Pycnanthemum,2927338,Pycnanthemum verticillatum,2927363,88,EXACT
Crataegus venusta,3015720,Crataegus venusta,<i>Crataegus</i> <i>venusta</i> Beadle,SPECIES,Rosaceae,5015,Crataegus,3013395,Crataegus venusta,3015720,100,EXACT
Pinus elliottii densa,5285779,Pinus elliottii densa,<i>Pinus</i> <i>elliottii</i> var. <i>densa</i> Little & K.W.Dorman,VARIETY,Pinaceae,3925,Pinus,2684241,Pinus elliottii,5285777,85,EXACT
Vaccinium pallidum,2882895,Vaccinium pallidum,<i>Vaccinium</i> <i>pallidum</i> Aiton,SPECIES,Ericaceae,2505,Vaccinium,2882813,Vaccinium pallidum,2882895,100,EXACT
Quercus oglethorpensis,2878313,Quercus oglethorpensis,<i>Quercus</i> <i>oglethorpensis</i> W.H.Duncan,SPECIES,Fagaceae,4689,Quercus,2877951,Quercus oglethorpensis,2878313,100,EXACT
Allium brevistylum,2857512,Allium brevistylum,<i>Allium</i> <i>brevistylum</i> S.Watson,SPECIES,Amaryllidaceae,7682,Allium,9624496,Allium brevistylum,2857512,100,EXACT
Viola chamissoniana,5331174,Viola chamissoniana,<i>Viola</i> <i>chamissoniana</i> Ging.,SPECIES,Violaceae,6631,Viola,2874237,Viola chamissoniana,5331174,100,EXACT
Ceanothus jepsonii albiflorus,3877243,Ceanothus jepsonii albiflorus,<i>Ceanothus</i> <i>jepsonii</i> var. <i>albiflorus</i> J.T.Howell,VARIETY,Rhamnaceae,2407,Ceanothus,3039297,Ceanothus jepsonii,3039365,85,EXACT
Viola biflora biflora,7296609,Viola biflora biflora,<i>Viola</i> <i>biflora</i> subsp. <i>biflora</i>,SUBSPECIES,Violaceae,6631,Viola,2874237,Viola biflora,5331325,88,EXACT
Rubus idaeus strigosus,2993119,Rubus idaeus strigosus,<i>Rubus</i> <i>idaeus</i> subsp. <i>strigosus</i> (Michx.) Focke,SUBSPECIES,Rosaceae,5015,Rubus,2988638,Rubus idaeus,2993094,85,EXACT
Quercus × morehus,2881715,Quercus morehus,<i>Quercus</i> × <i>morehus</i> Kellogg,SPECIES,Fagaceae,4689,Quercus,2877951,Quercus morehus,2881715,100,EXACT
Crataegus punctata,3014805,Crataegus punctata,<i>Crataegus</i> <i>punctata</i> Jacq.,SPECIES,Rosaceae,5015,Crataegus,3013395,Crataegus punctata,3014805,99,EXACT
Ribes lacustre,2986194,Ribes lacustre,<i>Ribes</i> <i>lacustre</i> (Pers.) Poir.,SPECIES,Grossulariaceae,2403,Ribes,2986095,Ribes lacustre,2986194,100,EXACT
Trillium erectum erectum,7070845,Trillium erectum erectum,<i>Trillium</i> <i>erectum</i> var. <i>erectum</i>,VARIETY,Melanthiaceae,7700,Trillium,2742182,Trillium erectum,2742342,85,EXACT
Rudbeckia laciniata laciniata,9811549,Rudbeckia laciniata laciniata,<i>Rudbeckia</i> <i>laciniata</i> var. <i>laciniata</i>,VARIETY,Asteraceae,3065,Rudbeckia,3114220,Rudbeckia laciniata,3114229,85,EXACT
Ribes curvatum,2986199,Ribes curvatum,<i>Ribes</i> <i>curvatum</i> Small,SPECIES,Grossulariaceae,2403,Ribes,2986095,Ribes curvatum,2986199,100,EXACT
Rubus vestitus,8289268,Rubus vestitus,<i>Rubus</i> <i>vestitus</i> Weihe,SPECIES,Rosaceae,5015,Rubus,2988638,Rubus vestitus,8289268,99,EXACT
Vitis ficifolia,7293930,Vitis ficifolia,<i>Vitis</i> <i>ficifolia</i> Bunge,SPECIES,Vitaceae,6672,Vitis,7467468,Vitis ficifolia,7293930,100,EXACT
Rubus regionalis,2998389,Rubus regionalis,<i>Rubus</i> <i>regionalis</i> (L.H.Bailey) L.H.Bailey,SPECIES,Rosaceae,5015,Rubus,2988638,Rubus regionalis,2998389,100,EXACT
Vitis aestivalis bicolor,7716080,Vitis aestivalis bicolor,<i>Vitis</i> <i>aestivalis</i> var. <i>bicolor</i> Leconte,VARIETY,Vitaceae,6672,Vitis,7467468,Vitis aestivalis,5372400,85,EXACT
Crataegus pennsylvanica,3014745,Crataegus pennsylvanica,<i>Crataegus</i> <i>pennsylvanica</i> Ashe,SPECIES,Rosaceae,5015,Crataegus,3013395,Crataegus pennsylvanica,3014745,100,EXACT
Tradescantia hirsutiflora,2765258,Tradescantia hirsutiflora,<i>Tradescantia</i> <i>hirsutiflora</i> Bush,SPECIES,Commelinaceae,2763195,Tradescantia,2765096,Tradescantia hirsutiflora,2765258,100,EXACT
Lilium maritimum,2753044,Lilium maritimum,<i>Lilium</i> <i>maritimum</i> Kellogg,SPECIES,Liliaceae,7699,Lilium,2752977,Lilium maritimum,2753044,100,EXACT
Lilium philippinense,2753045,Lilium philippinense,<i>Lilium</i> <i>philippinense</i> Baker,SPECIES,Liliaceae,7699,Lilium,2752977,Lilium philippinense,2753045,100,EXACT
Pteridium latiusculum latiusculum,7265890,Pteridium latiusculum latiusculum,<i>Pteridium</i> <i>latiusculum</i> subsp. <i>latiusculum</i>,SUBSPECIES,Dennstaedtiaceae,6623,Pteridium,5275011,Pteridium aquilinum,5275012,88,EXACT
Claytonia arenicola,3084758,Claytonia arenicola,<i>Claytonia</i> <i>arenicola</i> L.F.Hend.,SPECIES,Montiaceae,4898338,Claytonia,3084729,Claytonia arenicola,3084758,100,EXACT
Vicia sativa nigra,2975035,Vicia sativa nigra,<i>Vicia</i> <i>sativa</i> subsp. <i>nigra</i> Ehrh.,SUBSPECIES,Fabaceae,5386,Vicia,2974751,Vicia sativa,2975014,85,EXACT
Carya pallida,3054341,Carya pallida,<i>Carya</i> <i>pallida</i> (Ashe) Engl. & Graebn.,SPECIES,Juglandaceae,2499,Carya,3054287,Carya pallida,3054341,99,EXACT
Trillium recurvatum shayi,2742261,Trillium recurvatum shayi,<i>Trillium</i> <i>recurvatum</i> f. <i>shayi</i> E.J.Palmer & Steyerm.,FORM,Melanthiaceae,7700,Trillium,2742182,Trillium recurvatum,2742260,88,EXACT
Nuphar microphylla,6434939,Nuphar microphylla,<i>Nuphar</i> <i>microphylla</i> (Pers.) Fernald,SPECIES,Nymphaeaceae,2423,Nuphar,2882408,Nuphar microphylla,6434939,100,EXACT
Mentha longifolia,7510173,Mentha longifolia,<i>Mentha</i> <i>longifolia</i> (L.) L.,SPECIES,Lamiaceae,2497,Mentha,2927173,Mentha longifolia,7510173,99,EXACT
Quercus × subfalcata,2881640,Quercus subfalcata,<i>Quercus</i> × <i>subfalcata</i> Trel.,SPECIES,Fagaceae,4689,Quercus,2877951,Quercus subfalcata,2881640,99,EXACT
Rubus densissimus,2999585,Rubus densissimus,<i>Rubus</i> <i>densissimus</i> H.A. & T.Davis,SPECIES,Rosaceae,5015,Rubus,2988638,Rubus densissimus,2999585,100,EXACT
Lathyrus latifolius latifolius,7275243,Lathyrus latifolius latifolius,<i>Lathyrus</i> <i>latifolius</i> f. <i>latifolius</i>,FORM,Fabaceae,5386,Lathyrus,10356062,Lathyrus latifolius,5356517,85,EXACT
Yucca brevifolia,2775592,Yucca brevifolia,<i>Yucca</i> <i>brevifolia</i> Engelm.,SPECIES,Asparagaceae,7683,Yucca,2775496,Yucca brevifolia,2775592,99,EXACT
Viola glabella,5331176,Viola glabella,<i>Viola</i> <i>glabella</i> Nutt.,SPECIES,Violaceae,6631,Viola,2874237,Viola glabella,5331176,100,EXACT
Ceanothus cuneatus,3039404,Ceanothus cuneatus,<i>Ceanothus</i> <i>cuneatus</i> (Hook.) Nutt.,SPECIES,Rhamnaceae,2407,Ceanothus,3039297,Ceanothus cuneatus,3039404,99,EXACT
Allium obtusum,2857338,Allium obtusum,<i>Allium</i> <i>obtusum</i> Lemmon,SPECIES,Amaryllidaceae,7682,Allium,9624496,Allium obtusum,2857338,100,EXACT
Vitis vulpina,5372401,Vitis vulpina,<i>Vitis</i> <i>vulpina</i> L.,SPECIES,Vitaceae,6672,Vitis,7467468,Vitis vulpina,5372401,99,EXACT
Ceanothus rigidus,6371196,Ceanothus rigidus,<i>Ceanothus</i> <i>rigidus</i> Nutt.,SPECIES,Rhamnaceae,2407,Ceanothus,3039297,Ceanothus cuneatus,3039404,100,EXACT
Cirsium hookerianum,3113626,Cirsium hookerianum,<i>Cirsium</i> <i>hookerianum</i> Nutt.,SPECIES,Asteraceae,3065,Cirsium,3112554,Cirsium hookerianum,3113626,100,EXACT
Picea × lutzii,5284875,Picea lutzii,<i>Picea</i> <i>lutzii</i> Little,SPECIES,Pinaceae,3925,Picea,7606064,Picea lutzii,5284875,100,EXACT
Allium parryi,2856852,Allium parryi,<i>Allium</i> <i>parryi</i> S.Watson,SPECIES,Amaryllidaceae,7682,Allium,9624496,Allium parryi,2856852,100,EXACT
Corylus cornuta cornuta,2876038,Corylus cornuta cornuta,<i>Corylus</i> <i>cornuta</i> subsp. <i>cornuta</i>,SUBSPECIES,Betulaceae,4688,Corylus,2875967,Corylus cornuta,2876032,85,EXACT
Amelanchier alnifolia pumila,3023863,Amelanchier alnifolia pumila,<i>Amelanchier</i> <i>alnifolia</i> var. <i>pumila</i> (Torr. & A.Gray) C.K.Schneid.,VARIETY,Rosaceae,5015,Amelanchier,3023817,Amelanchier pumila,3023858,84,EXACT
Sambucus racemosa microbotrys,3856813,Sambucus racemosa microbotrys,<i>Sambucus</i> <i>racemosa</i> var. <i>microbotrys</i> (Rydb.) Kearney & Peebles,VARIETY,Viburnaceae,4924416,Sambucus,2888721,Sambucus racemosa,2888723,88,EXACT
Ceanothus foliosus medius,10082397,Ceanothus foliosus medius,<i>Ceanothus</i> <i>foliosus</i> var. <i>medius</i> Mc Minn,VARIETY,Rhamnaceae,2407,Ceanothus,3039297,Ceanothus foliosus,3039336,85,EXACT
Raphanus raphanistrum landra,3040999,Raphanus raphanistrum landra,<i>Raphanus</i> <i>raphanistrum</i> subsp. <i>landra</i> (Moretti ex DC.) Bonnier & Layens,SUBSPECIES,Brassicaceae,3112,Raphanus,3040962,Raphanus raphanistrum,3040983,85,EXACT
Picea × albertiana,5284763,Picea albertiana,<i>Picea</i> <i>albertiana</i> S.Br.,SPECIES,Pinaceae,3925,Picea,7606064,Picea glauca,5284745,100,EXACT
Smilax laurifolia,5295268,Smilax laurifolia,<i>Smilax</i> <i>laurifolia</i> L.,SPECIES,Smilacaceae,7702,Smilax,2740627,Smilax laurifolia,5295268,99,EXACT
Pinus contorta contorta,6409306,Pinus contorta contorta,<i>Pinus</i> <i>contorta</i> subsp. <i>contorta</i>,SUBSPECIES,Pinaceae,3925,Pinus,2684241,Pinus contorta,5285750,85,EXACT
Rhus chinensis chinensis,7321939,Rhus chinensis chinensis,<i>Rhus</i> <i>chinensis</i> var. <i>chinensis</i>,VARIETY,Anacardiaceae,2398,Rhus,3190534,Rhus chinensis,3190553,88,EXACT
Allium brandegeei,2857841,Allium brandegeei,<i>Allium</i> <i>brandegeei</i> S.Watson,SPECIES,Amaryllidaceae,7682,Allium,9624496,Allium brandegeei,2857841,100,EXACT
Phlox pilosa pilosa,7223709,Phlox pilosa pilosa,<i>Phlox</i> <i>pilosa</i> subsp. <i>pilosa</i>,SUBSPECIES,Polemoniaceae,6648,Phlox,2927698,Phlox pilosa,2927734,85,EXACT
Oxalis caerulea,2891643,Oxalis caerulea,<i>Oxalis</i> <i>caerulea</i> (Small) R.Knuth,SPECIES,Oxalidaceae,6697,Oxalis,2891642,Oxalis caerulea,2891643,100,EXACT
Yucca elata elata,7228146,Yucca elata elata,<i>Yucca</i> <i>elata</i> var. <i>elata</i>,VARIETY,Asparagaceae,7683,Yucca,2775496,Yucca elata,2775775,88,EXACT
Monarda punctata coryi,5605262,Monarda punctata coryi,<i>Monarda</i> <i>punctata</i> var. <i>coryi</i> (E.M.McClint. & Epling) Shinners,VARIETY,Lamiaceae,2497,Monarda,2926838,Monarda punctata,5341413,85,EXACT
Amelanchier alnifolia semiintegrifolia,3855057,Amelanchier alnifolia semiintegrifolia,<i>Amelanchier</i> <i>alnifolia</i> var. <i>semiintegrifolia</i> (Hook.) C.L.Hitchc.,VARIETY,Rosaceae,5015,Amelanchier,3023817,Amelanchier alnifolia,8168485,88,EXACT
Cirsium fontinale,3112638,Cirsium fontinale,<i>Cirsium</i> <i>fontinale</i> (Greene) Jeps.,SPECIES,Asteraceae,3065,Cirsium,3112554,Cirsium fontinale,3112638,100,EXACT
Quercus × rolfsii,2879408,Quercus rolfsii,<i>Quercus</i> × <i>rolfsii</i> Small,SPECIES,Fagaceae,4689,Quercus,2877951,Quercus rolfsii,2879408,100,EXACT
Robinia hispida rosea,8287870,Robinia hispida-rosea,<i>Robinia</i> <i>hispida-rosea</i> Mirb.,SPECIES,Fabaceae,5386,Robinia,2952066,Robinia hispida-rosea,8287870,93,VARIANT
Viola prionantha,7296610,Viola prionantha,<i>Viola</i> <i>prionantha</i> Bunge,SPECIES,Violaceae,6631,Viola,2874237,Viola prionantha,7296610,100,EXACT
Cirsium murdockii,7776003,Cirsium murdockii,"<i>Cirsium</i> <i>murdockii</i> S.L.Welsh, 1994",SPECIES,Asteraceae,3065,Cirsium,3112554,Cirsium murdockii,7776003,99,EXACT
Persicaria decipiens,4036197,Persicaria decipiens,<i>Persicaria</i> <i>decipiens</i> (R.Br.) K.L.Wilson,SPECIES,Polygonaceae,2416,Persicaria,6390748,Persicaria decipiens,4036197,100,EXACT
Typha latifolia,5289423,Typha latifolia,<i>Typha</i> <i>latifolia</i> L.,SPECIES,Typhaceae,4246,Typha,2702102,Typha latifolia,5289423,99,EXACT
Primula pauciflora,8688258,Primula pauciflora,<i>Primula</i> <i>pauciflora</i> (Durand) A.R.Mast & Reveal,SPECIES,Primulaceae,6674,Dodecatheon,7597718,Dodecatheon pulchellum,3169253,100,EXACT
Viola lovelliana,5331318,Viola lovelliana,<i>Viola</i> <i>lovelliana</i> Brainerd,SPECIES,Violaceae,6631,Viola,2874237,Viola lovelliana,5331318,100,EXACT
Lilium pardalinum vollmeri,2753199,Lilium pardalinum vollmeri,<i>Lilium</i> <i>pardalinum</i> subsp. <i>vollmeri</i> (Eastw.) M.W.Skinner,SUBSPECIES,Liliaceae,7699,Lilium,2752977,Lilium pardalinum,2753192,88,EXACT
Primula poetica,5641285,Primula poetica,<i>Primula</i> <i>poetica</i> (L.F.Hend.) A.R.Mast & Reveal,SPECIES,Primulaceae,6674,Dodecatheon,7597718,Dodecatheon poeticum,3169257,100,EXACT
Dalea purpurea purpurea,7068245,Dalea purpurea purpurea,<i>Dalea</i> <i>purpurea</i> var. <i>purpurea</i>,VARIETY,Fabaceae,5386,Dalea,2954771,Dalea purpurea,5353342,88,EXACT
Malus spectabilis,3001108,Malus spectabilis,<i>Malus</i> <i>spectabilis</i> (Aiton) Borkh.,SPECIES,Rosaceae,5015,Malus,3001068,Malus spectabilis,3001108,99,EXACT
Maianthemum racemosum amplexicaule,2769473,Maianthemum racemosum amplexicaule,<i>Maianthemum</i> <i>racemosum</i> subsp. <i>amplexicaule</i> (Nutt.) LaFrankie,SUBSPECIES,Asparagaceae,7683,Maianthemum,9608430,Maianthemum racemosum,2769457,85,EXACT
Claytonia sibirica,3084742,Claytonia sibirica,<i>Claytonia</i> <i>sibirica</i> L.,SPECIES,Montiaceae,4898338,Claytonia,3084729,Claytonia sibirica,3084742,99,EXACT
Yucca pallida,2775601,Yucca pallida,<i>Yucca</i> <i>pallida</i> McKelvey,SPECIES,Asparagaceae,7683,Yucca,2775496,Yucca pallida,2775601,100,EXACT
Vitis berlandieri,6394108,Vitis berlandieri,<i>Vitis</i> <i>berlandieri</i> Planch.,SPECIES,Vitaceae,6672,Vitis,7467468,Vitis cinerea,5372379,100,EXACT
Lathyrus japonicus maritimus,8254937,Lathyrus japonicus maritimus,<i>Lathyrus</i> <i>japonicus</i> var. <i>maritimus</i> (L.) J.T.Kartesz & Gandhi,VARIETY,Fabaceae,5386,Lathyrus,10356062,Lathyrus japonicus,5356714,85,EXACT
Rubus leucodermis,8110785,Rubus leucodermis,<i>Rubus</i> <i>leucodermis</i> Douglas ex Hook.,SPECIES,Rosaceae,5015,Rubus,2988638,Rubus leucodermis,8110785,99,EXACT
Prunus serotina virens,10034772,Prunus serotina virens,<i>Prunus</i> <i>serotina</i> var. <i>virens</i> (Wooton & Standl.) Mc Vaugh,VARIETY,Rosaceae,5015,Prunus,3020559,Prunus serotina,3021850,85,EXACT
Allium nevadense,2856006,Allium nevadense,<i>Allium</i> <i>nevadense</i> S.Watson,SPECIES,Amaryllidaceae,7682,Allium,9624496,Allium nevadense,2856006,100,EXACT
Cirsium occidentale coulteri,4220426,Cirsium occidentale coulteri,<i>Cirsium</i> <i>occidentale</i> var. <i>coulteri</i> (Harv. & A.Gray) Jeps.,VARIETY,Asteraceae,3065,Cirsium,3112554,Cirsium occidentale,3114557,88,EXACT
Pycnanthemum loomisii,2927364,Pycnanthemum loomisii,<i>Pycnanthemum</i> <i>loomisii</i> Nutt.,SPECIES,Lamiaceae,2497,Pycnanthemum,2927338,Pycnanthemum loomisii,2927364,100,EXACT
Ceanothus × lorenzenii,10375932,Ceanothus lorenzenii,<i>Ceanothus</i> × <i>lorenzenii</i> (Jeps.) Mc Minn,SPECIES,Rhamnaceae,2407,Ceanothus,3039297,Ceanothus lorenzenii,10375932,99,EXACT
Viola pedunculata pedunculata,7226041,Viola pedunculata pedunculata,<i>Viola</i> <i>pedunculata</i> subsp. <i>pedunculata</i>,SUBSPECIES,Violaceae,6631,Viola,2874237,Viola pedunculata,5331230,88,EXACT
Viola tomentosa,5331362,Viola tomentosa,<i>Viola</i> <i>tomentosa</i> M.S.Baker & J.C.Clausen,SPECIES,Violaceae,6631,Viola,2874237,Viola tomentosa,5331362,100,EXACT
Crataegus ouachitensis,3015383,Crataegus ouachitensis,<i>Crataegus</i> <i>ouachitensis</i> E.J.Palmer,SPECIES,Rosaceae,5015,Crataegus,3013395,Crataegus ouachitensis,3015383,100,EXACT
Yucca intermedia,2775607,Yucca intermedia,<i>Yucca</i> <i>intermedia</i> McKelvey,SPECIES,Asparagaceae,7683,Yucca,2775496,Yucca intermedia,2775607,100,EXACT
Rumex lapponicus,2888971,Rumex lapponicus,<i>Rumex</i> <i>lapponicus</i> (Hiitonen) Czernov,SPECIES,Polygonaceae,2416,Rumex,2888942,Rumex lapponicus,2888971,100,EXACT
Malva sylvestris sylvestris,7950468,Malva sylvestris sylvestris,<i>Malva</i> <i>sylvestris</i> var. <i>sylvestris</i>,VARIETY,Malvaceae,6685,Malva,3152364,Malva sylvestris,3152374,88,EXACT
Cirsium neomexicanum,3113512,Cirsium neomexicanum,<i>Cirsium</i> <i>neomexicanum</i> A.Gray,SPECIES,Asteraceae,3065,Cirsium,3112554,Cirsium neomexicanum,3113512,100,EXACT
Fragaria chiloensis,7738624,Fragaria chiloensis,<i>Fragaria</i> <i>chiloensis</i> (L.) Mill.,SPECIES,Rosaceae,5015,Fragaria,3029779,Fragaria chiloensis,7738624,99,EXACT
Vitis aestivalis,5372400,Vitis aestivalis,<i>Vitis</i> <i>aestivalis</i> Michx.,SPECIES,Vitaceae,6672,Vitis,7467468,Vitis aestivalis,5372400,99,EXACT
Vaccinium deliciosum,2882961,Vaccinium deliciosum,<i>Vaccinium</i> <i>deliciosum</i> Piper,SPECIES,Ericaceae,2505,Vaccinium,2882813,Vaccinium deliciosum,2882961,100,EXACT
Oxalis smalliana,3626515,Oxalis smalliana,<i>Oxalis</i> <i>smalliana</i> R.Knuth,SPECIES,Oxalidaceae,6697,Oxalis,2891642,Oxalis oregana,8017574,100,EXACT
Physalis pubescens,5341819,Physalis pubescens,<i>Physalis</i> <i>pubescens</i> L.,SPECIES,Solanaceae,7717,Physalis,2928907,Physalis pubescens,5341819,99,EXACT
Mertensia paniculata paniculata,7226518,Mertensia paniculata paniculata,<i>Mertensia</i> <i>paniculata</i> var. <i>paniculata</i>,VARIETY,Boraginaceae,2498,Mertensia,2663415,Mertensia paniculata,5341214,85,EXACT
Trillium albidum parviflorum,7389372,Trillium albidum parviflorum,<i>Trillium</i> <i>albidum</i> subsp. <i>parviflorum</i> (V.G.Soukup) K.L.Chambers & S.C.Meyers,SUBSPECIES,Melanthiaceae,7700,Trillium,2742182,Trillium albidum,2742259,88,EXACT
Rubus nefrens,2999823,Rubus nefrens,<i>Rubus</i> <i>nefrens</i> L.H.Bailey,SPECIES,Rosaceae,5015,Rubus,2988638,Rubus nefrens,2999823,100,EXACT
Claytonia multiscapa pacifica,4023250,Claytonia multiscapa pacifica,<i>Claytonia</i> <i>multiscapa</i> subsp. <i>pacifica</i> (Mc Neill) John M.Mill. & K.L.Chambers,SUBSPECIES,Montiaceae,4898338,Claytonia,3084729,Claytonia multiscapa,7125671,88,EXACT
Quercus depressipes,2878542,Quercus depressipes,<i>Quercus</i> <i>depressipes</i> Trel.,SPECIES,Fagaceae,4689,Quercus,2877951,Quercus depressipes,2878542,100,EXACT
Trillium delicatum,10764693,Trillium delicatum,<i>Trillium</i> <i>delicatum</i> Floden & E.E.Schill.,SPECIES,Melanthiaceae,7700,Trillium,2742182,Trillium delicatum,10764693,100,EXACT
Crataegus mexicana,3014233,Crataegus mexicana,<i>Crataegus</i> <i>mexicana</i> Moc. & Sessé ex DC.,SPECIES,Rosaceae,5015,Crataegus,3013395,Crataegus mexicana,3014233,99,EXACT
