searchedName,usageKey,canonicalName,formattedName,rank,family,family_key,genus,genus_key,species,species_key,confidence,matchType
Equisetum arvense,7924597,Equisetum arvense,<i>Equisetum</i> <i>arvense</i> L.,SPECIES,Equisetaceae,3105,Equisetum,2687913,Equisetum arvense,7924597,100,EXACT
Botrychium virginianum,7917024,Botrychium virginianum,"<i>Botrychium</i> <i>virginianum</i> Hook.f., 1850",SPECIES,Ophioglossaceae,6627,Botrychium,2650152,Botrychium virginianum,7917024,99,EXACT
Pteridium aquilinum,5275012,Pteridium aquilinum,<i>Pteridium</i> <i>aquilinum</i> (L.) Kuhn,SPECIES,Dennstaedtiaceae,6623,Pteridium,5275011,Pteridium aquilinum,5275012,100,EXACT
Zamia floridana,5284056,Zamia floridana,<i>Zamia</i> <i>floridana</i> A.DC.,SPECIES,Zamiaceae,5375,Zamia,2683306,Zamia integrifolia,5284049,100,EXACT
Osmunda cinnamomea,2651326,Osmunda cinnamomea,<i>Osmunda</i> <i>cinnamomea</i> L.,SPECIES,Osmundaceae,2370,Osmundastrum,7319889,Osmundastrum cinnamomeum,7319895,100,EXACT
Matteucia struthiopteris,2650999,Matteuccia struthiopteris,<i>Matteuccia</i> <i>struthiopteris</i> (L.) Tod.,SPECIES,Onocleaceae,3229275,Matteuccia,2650998,Matteuccia struthiopteris,2650999,89,VARIANT
Athyrium filix-femina,5275044,Athyrium filix-femina,<i>Athyrium</i> <i>filix-femina</i> (L.) Roth,SPECIES,Athyriaceae,4922264,Athyrium,2650888,Athyrium filix-femina,5275044,99,EXACT
Sabal palmetto,4925538,Sabal palmetto,<i>Sabal</i> <i>palmetto</i> (Walter) Lodd. ex Schult. & Schult.f.,SPECIES,Arecaceae,7681,Sabal,2732480,Sabal palmetto,4925538,99,EXACT
Serenoa repens,2735055,Serenoa repens,<i>Serenoa</i> <i>repens</i> (W.Bartram) Small,SPECIES,Arecaceae,7681,Serenoa,2735054,Serenoa repens,2735055,100,EXACT
Sabal minor,2732511,Sabal minor,<i>Sabal</i> <i>minor</i> (Jacq.) Pers.,SPECIES,Arecaceae,7681,Sabal,2732480,Sabal minor,2732511,100,EXACT
Coryphantha missouriensis,6382387,Coryphantha missouriensis,<i>Coryphantha</i> <i>missouriensis</i> (Sweet) Britton & Rose,SPECIES,Cactaceae,2519,Pelecyphora,3231951,Pelecyphora missouriensis,11426715,100,EXACT
Opuntia,9502688,Opuntia,<i>Opuntia</i> sp.,SPECIES,Cactaceae,2519,Opuntia,3084187,Opuntia,9502688,98,HIGHERRANK
Cylindropuntia imbricata,6381277,Cylindropuntia imbricata,<i>Cylindropuntia</i> <i>imbricata</i> (Haw.) F.M.Knuth,SPECIES,Cactaceae,2519,Cylindropuntia,7628502,Cylindropuntia imbricata,6381277,100,EXACT
Salicornia glasswort,3083796,Salicornia,<i>Salicornia</i> L.,GENUS,Amaranthaceae,3064,Salicornia,3083796,,,95,HIGHERRANK
Morus alba,5361889,Morus alba,<i>Morus</i> <i>alba</i> L.,SPECIES,Moraceae,6640,Morus,2984545,Morus alba,5361889,99,EXACT
Morus rubra,5361886,Morus rubra,<i>Morus</i> <i>rubra</i> L.,SPECIES,Moraceae,6640,Morus,2984545,Morus rubra,5361886,99,EXACT
Rubus odoratus,2994912,Rubus odoratus,<i>Rubus</i> <i>odoratus</i> L.,SPECIES,Rosaceae,5015,Rubus,2988638,Rubus odoratus,2994912,100,EXACT
Rubus idaeus,2993094,Rubus idaeus,<i>Rubus</i> <i>idaeus</i> L.,SPECIES,Rosaceae,5015,Rubus,2988638,Rubus idaeus,2993094,99,EXACT
Rubus phoenicolasius,2995149,Rubus phoenicolasius,<i>Rubus</i> <i>phoenicolasius</i> Maxim.,SPECIES,Rosaceae,5015,Rubus,2988638,Rubus phoenicolasius,2995149,100,EXACT
Rubus occidentalis,2991466,Rubus occidentalis,<i>Rubus</i> <i>occidentalis</i> L.,SPECIES,Rosaceae,5015,Rubus,2988638,Rubus occidentalis,2991466,99,EXACT
Rubus,2988638,Rubus,<i>Rubus</i> L.,GENUS,Rosaceae,5015,Rubus,2988638,,,96,HIGHERRANK
Rubus (dewberry),2988638,Rubus,<i>Rubus</i> L.,GENUS,Rosaceae,5015,Rubus,2988638,,,96,HIGHERRANK
Rubus chamaemorus,2998290,Rubus chamaemorus,<i>Rubus</i> <i>chamaemorus</i> L.,SPECIES,Rosaceae,5015,Rubus,2988638,Rubus chamaemorus,2998290,99,EXACT
Rubus pubescens,2989228,Rubus pubescens,<i>Rubus</i> <i>pubescens</i> Raf.,SPECIES,Rosaceae,5015,Rubus,2988638,Rubus pubescens,2989228,99,EXACT
Rubus arcticus,2992051,Rubus arcticus,<i>Rubus</i> <i>arcticus</i> L.,SPECIES,Rosaceae,5015,Rubus,2988638,Rubus arcticus,2992051,99,EXACT
Pinus,2684241,Pinus,<i>Pinus</i> L.,GENUS,Pinaceae,3925,Pinus,2684241,,,80,HIGHERRANK
Picea,7606064,Picea,<i>Picea</i> A.Dietr.,GENUS,Pinaceae,3925,Picea,7606064,,,95,HIGHERRANK
Abies balsamea,2685383,Abies balsamea,<i>Abies</i> <i>balsamea</i> (L.) Mill.,SPECIES,Pinaceae,3925,Abies,2684876,Abies balsamea,2685383,100,EXACT
Tsuga canadensis,2687182,Tsuga canadensis,<i>Tsuga</i> <i>canadensis</i> (L.) Carrière,SPECIES,Pinaceae,3925,Tsuga,8527396,Tsuga canadensis,2687182,100,EXACT
Batis maritima,5414196,Batis maritima,<i>Batis</i> <i>maritima</i> L.,SPECIES,Bataceae,6353,Batis,2870361,Batis maritima,5414196,100,EXACT
Empetrum nigrum,8925249,Empetrum nigrum,<i>Empetrum</i> <i>nigrum</i> L.,SPECIES,Ericaceae,2505,Empetrum,2888367,Empetrum nigrum,8925249,100,EXACT
Juniperus communis,2684709,Juniperus communis,<i>Juniperus</i> <i>communis</i> L.,SPECIES,Cupressaceae,8144,Juniperus,2684359,Juniperus communis,2684709,99,EXACT
Juniperus virginiana,2684391,Juniperus virginiana,<i>Juniperus</i> <i>virginiana</i> L.,SPECIES,Cupressaceae,8144,Juniperus,2684359,Juniperus virginiana,2684391,99,EXACT
Taxus canadensis,5284570,Taxus canadensis,<i>Taxus</i> <i>canadensis</i> Marshall,SPECIES,Taxaceae,4863,Taxus,2684902,Taxus canadensis,5284570,99,EXACT
Juglans nigra,3054357,Juglans nigra,<i>Juglans</i> <i>nigra</i> L.,SPECIES,Juglandaceae,2499,Juglans,3054350,Juglans nigra,3054357,99,EXACT
Juglans cinerea,3054352,Juglans cinerea,<i>Juglans</i> <i>cinerea</i> L.,SPECIES,Juglandaceae,2499,Juglans,3054350,Juglans cinerea,3054352,100,EXACT
Carya,3054287,Carya,<i>Carya</i> Nutt.,GENUS,Juglandaceae,2499,Carya,3054287,,,80,HIGHERRANK
Carya laciniosa,7915743,Carya laciniosa,<i>Carya</i> <i>laciniosa</i> (F.Michx.) Loudon,SPECIES,Juglandaceae,2499,Carya,3054287,Carya laciniosa,7915743,99,EXACT
Carya glabra,3054325,Carya glabra,<i>Carya</i> <i>glabra</i> (Mill.) Sweet,SPECIES,Juglandaceae,2499,Carya,3054287,Carya glabra,3054325,100,EXACT
Fagus grandifolia,2882274,Fagus grandifolia,<i>Fagus</i> <i>grandifolia</i> Ehrh.,SPECIES,Fagaceae,4689,Fagus,2874875,Fagus grandifolia,2882274,100,EXACT
Castanea dentata,5333230,Castanea dentata,<i>Castanea</i> <i>dentata</i> (Marshall) Borkh.,SPECIES,Fagaceae,4689,Castanea,2882140,Castanea dentata,5333230,99,EXACT
Castanea pumila,5333212,Castanea pumila,<i>Castanea</i> <i>pumila</i> (L.) Mill.,SPECIES,Fagaceae,4689,Castanea,2882140,Castanea pumila,5333212,99,EXACT
Corylus,2875967,Corylus,<i>Corylus</i> L.,GENUS,Betulaceae,4688,Corylus,2875967,,,80,HIGHERRANK
Corylus cornuta,2876032,Corylus cornuta,<i>Corylus</i> <i>cornuta</i> Marshall,SPECIES,Betulaceae,4688,Corylus,2875967,Corylus cornuta,2876032,99,EXACT
Corylus americana,2876060,Corylus americana,<i>Corylus</i> <i>americana</i> Walter,SPECIES,Betulaceae,4688,Corylus,2875967,Corylus americana,2876060,99,EXACT
Quercus,2877951,Quercus,<i>Quercus</i> L.,GENUS,Fagaceae,4689,Quercus,2877951,,,80,HIGHERRANK
Quercus rubra,2880539,Quercus rubra,<i>Quercus</i> <i>rubra</i> L.,SPECIES,Fagaceae,4689,Quercus,2877951,Quercus rubra,2880539,99,EXACT
Quercus alba,2879737,Quercus alba,<i>Quercus</i> <i>alba</i> L.,SPECIES,Fagaceae,4689,Quercus,2877951,Quercus alba,2879737,99,EXACT
Quercus macrocarpa,2878213,Quercus macrocarpa,<i>Quercus</i> <i>macrocarpa</i> Michx.,SPECIES,Fagaceae,4689,Quercus,2877951,Quercus macrocarpa,2878213,99,EXACT
Quercus michauxii,2880340,Quercus michauxii,<i>Quercus</i> <i>michauxii</i> Nutt.,SPECIES,Fagaceae,4689,Quercus,2877951,Quercus michauxii,2880340,99,EXACT
Quercus montana,2881118,Quercus montana,<i>Quercus</i> <i>montana</i> Willd.,SPECIES,Fagaceae,4689,Quercus,2877951,Quercus montana,2881118,99,EXACT
Quercus virginiana,2878092,Quercus virginiana,<i>Quercus</i> <i>virginiana</i> Mill.,SPECIES,Fagaceae,4689,Quercus,2877951,Quercus virginiana,2878092,100,EXACT
Rosa,11360568,Rosa,<i>Rosa</i> sp. Lej.,SPECIES,Rosaceae,5015,Rosa,8395064,Rosa mollis,3003048,97,HIGHERRANK
Citrus trifoliata,3190129,Citrus trifoliata,<i>Citrus</i> <i>trifoliata</i> L.,SPECIES,Rutaceae,2396,Citrus,3190155,Citrus trifoliata,3190129,99,EXACT
Diospyros virginiana,3032986,Diospyros virginiana,<i>Diospyros</i> <i>virginiana</i> L.,SPECIES,Ebenaceae,6709,Diospyros,3030169,Diospyros virginiana,3032986,100,EXACT
Diospyros texanum,3032981,Diospyros texana,<i>Diospyros</i> <i>texana</i> Scheele,SPECIES,Ebenaceae,6709,Diospyros,3030169,Diospyros texana,3032981,98,VARIANT
Asimina triloba,3158040,Asimina triloba,<i>Asimina</i> <i>triloba</i> (L.) Dunal,SPECIES,Annonaceae,9291,Asimina,3158021,Asimina triloba,3158040,99,EXACT
Nyssa ogeche,5383722,Nyssa ogeche,<i>Nyssa</i> <i>ogeche</i> W.Bartram ex Marshall,SPECIES,Nyssaceae,6712,Nyssa,3082211,Nyssa ogeche,5383722,99,EXACT
Malus,3001068,Malus,<i>Malus</i> Mill.,GENUS,Rosaceae,5015,Malus,3001068,,,80,HIGHERRANK
Malus domestica,3001244,Malus domestica,<i>Malus</i> <i>domestica</i> (Suckow) Borkh.,SPECIES,Rosaceae,5015,Malus,3001068,Malus domestica,3001244,99,EXACT
Prunus,11580994,Prunus,"<i>Prunus</i> sp. (Mill.) D.A.Webb, 1967",SPECIES,Rosaceae,5015,Prunus,3020559,Prunus,11580994,97,HIGHERRANK
Sorbus,3012146,Sorbus,<i>Sorbus</i> L.,GENUS,Rosaceae,5015,Sorbus,3012146,,,80,HIGHERRANK
Aralia spinosa,3036972,Aralia spinosa,<i>Aralia</i> <i>spinosa</i> L.,SPECIES,Araliaceae,8800,Aralia,3036858,Aralia spinosa,3036972,100,EXACT
Celtis occidentalis,2984481,Celtis occidentalis,<i>Celtis</i> <i>occidentalis</i> L.,SPECIES,Cannabaceae,2384,Celtis,2984479,Celtis occidentalis,2984481,99,EXACT
Celtis laevigata,2984491,Celtis laevigata,<i>Celtis</i> <i>laevigata</i> Willd.,SPECIES,Cannabaceae,2384,Celtis,2984479,Celtis laevigata,2984491,99,EXACT
Prunus serotina,3021850,Prunus serotina,<i>Prunus</i> <i>serotina</i> Ehrh.,SPECIES,Rosaceae,5015,Prunus,3020559,Prunus serotina,3021850,99,EXACT
Prunus pensylvanica,8202030,Prunus pensylvanica,<i>Prunus</i> <i>pensylvanica</i> L.fil.,SPECIES,Rosaceae,5015,Prunus,3020559,Prunus pensylvanica,8202030,100,EXACT
Prunus avium,3020791,Prunus avium,<i>Prunus</i> <i>avium</i> (L.) L.,SPECIES,Rosaceae,5015,Prunus,3020559,Prunus avium,3020791,99,EXACT
Elaeagnus angustifolia,3039269,Elaeagnus angustifolia,<i>Elaeagnus</i> <i>angustifolia</i> L.,SPECIES,Elaeagnaceae,2408,Elaeagnus,3039266,Elaeagnus angustifolia,3039269,99,EXACT
Cornus mas,3082263,Cornus mas,<i>Cornus</i> <i>mas</i> L.,SPECIES,Cornaceae,6713,Cornus,3082226,Cornus mas,3082263,100,EXACT
Sassafras albidum,3034002,Sassafras albidum,<i>Sassafras</i> <i>albidum</i> (Nutt.) Nees,SPECIES,Lauraceae,6688,Sassafras,8099774,Sassafras albidum,3034002,100,EXACT
Sideroxylon lanuginosum,2887069,Sideroxylon lanuginosum,<i>Sideroxylon</i> <i>lanuginosum</i> Michx.,SPECIES,Sapotaceae,8802,Sideroxylon,2886817,Sideroxylon lanuginosum,2887069,100,EXACT
Amelanchier,3023817,Amelanchier,<i>Amelanchier</i> Medik.,GENUS,Rosaceae,5015,Amelanchier,3023817,,,80,HIGHERRANK
Crataegus,3013395,Crataegus,<i>Crataegus</i> L.,GENUS,Rosaceae,5015,Crataegus,3013395,,,80,HIGHERRANK
Cercis canadensis,5353583,Cercis canadensis,<i>Cercis</i> <i>canadensis</i> L.,SPECIES,Fabaceae,5386,Cercis,2955919,Cercis canadensis,5353583,99,EXACT
Gymnocladus dioicus,2944215,Gymnocladus dioicus,<i>Gymnocladus</i> <i>dioicus</i> (L.) K.Koch,SPECIES,Fabaceae,5386,Gymnocladus,2944210,Gymnocladus dioicus,2944215,100,EXACT
Prosopis glandulosa,5358457,Prosopis glandulosa,<i>Prosopis</i> <i>glandulosa</i> Torr.,SPECIES,Fabaceae,5386,Prosopis,2970763,Prosopis glandulosa,5358457,100,EXACT
Gleditsia triacanthos,2959443,Gleditsia triacanthos,<i>Gleditsia</i> <i>triacanthos</i> L.,SPECIES,Fabaceae,5386,Gleditsia,2959442,Gleditsia triacanthos,2959443,100,EXACT
Robinia pseudoacacia,5352251,Robinia pseudoacacia,<i>Robinia</i> <i>pseudoacacia</i> L.,SPECIES,Fabaceae,5386,Robinia,2952066,Robinia pseudoacacia,5352251,100,EXACT
Robinia viscosa,5352245,Robinia viscosa,<i>Robinia</i> <i>viscosa</i> Michx. ex Vent.,SPECIES,Fabaceae,5386,Robinia,2952066,Robinia viscosa,5352245,99,EXACT
Robinia hispida,5352221,Robinia hispida,<i>Robinia</i> <i>hispida</i> L.,SPECIES,Fabaceae,5386,Robinia,2952066,Robinia hispida,5352221,100,EXACT
Robinia neomexicana,5352212,Robinia neomexicana,<i>Robinia</i> <i>neomexicana</i> A.Gray,SPECIES,Fabaceae,5386,Robinia,2952066,Robinia neomexicana,5352212,100,EXACT
Tilia americana,3152042,Tilia americana,<i>Tilia</i> <i>americana</i> L.,SPECIES,Malvaceae,6685,Tilia,3152041,Tilia americana,3152042,99,EXACT
Populus tremuloides,3040215,Populus tremuloides,<i>Populus</i> <i>tremuloides</i> Michx.,SPECIES,Salicaceae,6664,Populus,3040183,Populus tremuloides,3040215,99,EXACT
Betula,9596658,Betula,<i>Betula</i> sp.,SPECIES,Betulaceae,4688,Betula,2875008,Betula,9596658,96,HIGHERRANK
Betula papyrifera,5332120,Betula papyrifera,<i>Betula</i> <i>papyrifera</i> Marshall,SPECIES,Betulaceae,4688,Betula,2875008,Betula papyrifera,5332120,99,EXACT
Betula nigra,5331532,Betula nigra,<i>Betula</i> <i>nigra</i> L.,SPECIES,Betulaceae,4688,Betula,2875008,Betula nigra,5331532,99,EXACT
Betula alleghaniensis,5331779,Betula alleghaniensis,<i>Betula</i> <i>alleghaniensis</i> Britton,SPECIES,Betulaceae,4688,Betula,2875008,Betula alleghaniensis,5331779,100,EXACT
Betula lenta,5331709,Betula lenta,<i>Betula</i> <i>lenta</i> L.,SPECIES,Betulaceae,4688,Betula,2875008,Betula lenta,5331709,99,EXACT
Acer,11599995,Acer,"<i>Acer</i> sp. Linnaeus, 1753",SPECIES,Sapindaceae,6657,Acer,3189834,Acer,11599995,98,HIGHERRANK
Acer saccharum,3189859,Acer saccharum,<i>Acer</i> <i>saccharum</i> Marshall,SPECIES,Sapindaceae,6657,Acer,3189834,Acer saccharum,3189859,100,EXACT
Acer rubrum,3189883,Acer rubrum,<i>Acer</i> <i>rubrum</i> L.,SPECIES,Sapindaceae,6657,Acer,3189834,Acer rubrum,3189883,99,EXACT
Acer saccharinum,3189837,Acer saccharinum,<i>Acer</i> <i>saccharinum</i> L.,SPECIES,Sapindaceae,6657,Acer,3189834,Acer saccharinum,3189837,99,EXACT
Acer negundo,3189866,Acer negundo,<i>Acer</i> <i>negundo</i> L.,SPECIES,Sapindaceae,6657,Acer,3189834,Acer negundo,3189866,100,EXACT
Ulmus rubra,5361867,Ulmus rubra,<i>Ulmus</i> <i>rubra</i> Muhl.,SPECIES,Ulmaceae,2382,Ulmus,2984510,Ulmus rubra,5361867,99,EXACT
Ulmus pumila,5361877,Ulmus pumila,<i>Ulmus</i> <i>pumila</i> L.,SPECIES,Ulmaceae,2382,Ulmus,2984510,Ulmus pumila,5361877,99,EXACT
Epigaea repens,2882805,Epigaea repens,<i>Epigaea</i> <i>repens</i> L.,SPECIES,Ericaceae,2505,Epigaea,2882804,Epigaea repens,2882805,100,EXACT
Gaultheria hispidula,2882756,Gaultheria hispidula,<i>Gaultheria</i> <i>hispidula</i> (L.) Muhl. ex Bigelow,SPECIES,Ericaceae,2505,Gaultheria,2882751,Gaultheria hispidula,2882756,99,EXACT
Vaccinium,2882813,Vaccinium,<i>Vaccinium</i> L.,GENUS,Ericaceae,2505,Vaccinium,2882813,,,80,HIGHERRANK
Vaccinium macrocarpon,2882841,Vaccinium macrocarpon,<i>Vaccinium</i> <i>macrocarpon</i> Aiton,SPECIES,Ericaceae,2505,Vaccinium,2882813,Vaccinium macrocarpon,2882841,100,EXACT
Vaccinium oxycoccus,2882949,Vaccinium oxycoccus,<i>Vaccinium</i> <i>oxycoccus</i> L.,SPECIES,Ericaceae,2505,Vaccinium,2882813,Vaccinium oxycoccos,2882940,99,EXACT
Vaccinium vitis-idaea,2882835,Vaccinium vitis-idaea,<i>Vaccinium</i> <i>vitis-idaea</i> L.,SPECIES,Ericaceae,2505,Vaccinium,2882813,Vaccinium vitis-idaea,2882835,100,EXACT
Gaultheria procumbens,2882753,Gaultheria procumbens,<i>Gaultheria</i> <i>procumbens</i> L.,SPECIES,Ericaceae,2505,Gaultheria,2882751,Gaultheria procumbens,2882753,100,EXACT
Arctostaphylos uva-ursi,2882580,Arctostaphylos uva-ursi,<i>Arctostaphylos</i> <i>uva-ursi</i> (L.) Spreng.,SPECIES,Ericaceae,2505,Arctostaphylos,2882486,Arctostaphylos uva-ursi,2882580,100,EXACT
Arctous rubra,2882597,Arctous rubra,<i>Arctous</i> <i>rubra</i> (Rehder & E.H.Wilson) Nakai,SPECIES,Ericaceae,2505,Arctostaphylos,2882486,Arctostaphylos rubra,2882596,100,EXACT
Arctous alpina,2882527,Arctous alpina,<i>Arctous</i> <i>alpina</i> (L.) Nied.,SPECIES,Ericaceae,2505,Arctostaphylos,2882486,Arctostaphylos alpinus,8317978,100,EXACT
Sambucus racemosa,2888723,Sambucus racemosa,<i>Sambucus</i> <i>racemosa</i> L.,SPECIES,Viburnaceae,4924416,Sambucus,2888721,Sambucus racemosa,2888723,99,EXACT
Shepherdia argentea,5372429,Shepherdia argentea,<i>Shepherdia</i> <i>argentea</i> (Pursh) Nutt.,SPECIES,Elaeagnaceae,2408,Shepherdia,3039276,Shepherdia argentea,5372429,99,EXACT
Shepherdia canadensis,5372427,Shepherdia canadensis,<i>Shepherdia</i> <i>canadensis</i> (L.) Nutt.,SPECIES,Elaeagnaceae,2408,Shepherdia,3039276,Shepherdia canadensis,5372427,100,EXACT
Elaeagnus umbellata,3039267,Elaeagnus umbellata,<i>Elaeagnus</i> <i>umbellata</i> Thunb.,SPECIES,Elaeagnaceae,2408,Elaeagnus,3039266,Elaeagnus umbellata,3039267,99,EXACT
Vaccinium trilobum,2882813,Vaccinium,<i>Vaccinium</i> L.,GENUS,Ericaceae,2505,Vaccinium,2882813,,,96,HIGHERRANK
Viburnum edule,2888613,Viburnum edule,<i>Viburnum</i> <i>edule</i> (Michx.) Raf.,SPECIES,Viburnaceae,4924416,Viburnum,2888580,Viburnum edule,2888613,100,EXACT
Mahonia trifoliata,6673,Berberidaceae,<i>Berberidaceae</i>,FAMILY,Berberidaceae,6673,,,,,99,HIGHERRANK
Lycium barbarum,2928835,Lycium barbarum,<i>Lycium</i> <i>barbarum</i> L.,SPECIES,Solanaceae,7717,Lycium,2928808,Lycium barbarum,2928835,99,EXACT
Lycium carolinianum,2928830,Lycium carolinianum,<i>Lycium</i> <i>carolinianum</i> Walter,SPECIES,Solanaceae,7717,Lycium,2928808,Lycium carolinianum,2928830,100,EXACT
Berberis vulgaris,3033894,Berberis vulgaris,<i>Berberis</i> <i>vulgaris</i> L.,SPECIES,Berberidaceae,6673,Berberis,3033893,Berberis vulgaris,3033894,99,EXACT
Berberis thunbergii,3033896,Berberis thunbergii,<i>Berberis</i> <i>thunbergii</i> DC.,SPECIES,Berberidaceae,6673,Berberis,3033893,Berberis thunbergii,3033896,100,EXACT
Lindera benzoin,5371740,Lindera benzoin,<i>Lindera</i> <i>benzoin</i> (L.) Blume,SPECIES,Lauraceae,6688,Lindera,3034035,Lindera benzoin,5371740,99,EXACT
Ribes triste,2986159,Ribes triste,<i>Ribes</i> <i>triste</i> Pall.,SPECIES,Grossulariaceae,2403,Ribes,2986095,Ribes triste,2986159,99,EXACT
Ribes glandulosum,2986208,Ribes glandulosum,<i>Ribes</i> <i>glandulosum</i> Grauer,SPECIES,Grossulariaceae,2403,Ribes,2986095,Ribes glandulosum,2986208,99,EXACT
Aronia arbutifolia,5363629,Aronia arbutifolia,<i>Aronia</i> <i>arbutifolia</i> (L.) Pers.,SPECIES,Rosaceae,5015,Aronia,2988529,Aronia arbutifolia,5363629,99,EXACT
Ilex vomitoria,5414250,Ilex vomitoria,<i>Ilex</i> <i>vomitoria</i> Aiton,SPECIES,Aquifoliaceae,6716,Ilex,10792217,Ilex vomitoria,5414250,100,EXACT
Vaccinium stamineum,2882913,Vaccinium stamineum,<i>Vaccinium</i> <i>stamineum</i> L.,SPECIES,Ericaceae,2505,Vaccinium,2882813,Vaccinium stamineum,2882913,100,EXACT
Elaeagnus commutata,3039274,Elaeagnus commutata,<i>Elaeagnus</i> <i>commutata</i> Bernh. ex Rydb.,SPECIES,Elaeagnaceae,2408,Elaeagnus,3039266,Elaeagnus commutata,3039274,99,EXACT
Cornus stolonifera,6427418,Cornus stolonifera,<i>Cornus</i> <i>stolonifera</i> Michx.,SPECIES,Cornaceae,6713,Cornus,3082226,Cornus sericea,3082244,100,EXACT
Viburnum,2888580,Viburnum,<i>Viburnum</i> L.,GENUS,Viburnaceae,4924416,Viburnum,2888580,,,80,HIGHERRANK
Viburnum lentago,2888586,Viburnum lentago,<i>Viburnum</i> <i>lentago</i> L.,SPECIES,Viburnaceae,4924416,Viburnum,2888580,Viburnum lentago,2888586,99,EXACT
Viburnum cassinoides,6369862,Viburnum cassinoides,<i>Viburnum</i> <i>cassinoides</i> L.,SPECIES,Viburnaceae,4924416,Viburnum,2888580,Viburnum cassinoides,6369862,99,EXACT
Viburnum nudum,2888627,Viburnum nudum,<i>Viburnum</i> <i>nudum</i> L.,SPECIES,Viburnaceae,4924416,Viburnum,2888580,Viburnum nudum,2888627,100,EXACT
Viburnum prunifolium,2888608,Viburnum prunifolium,<i>Viburnum</i> <i>prunifolium</i> L.,SPECIES,Viburnaceae,4924416,Viburnum,2888580,Viburnum prunifolium,2888608,100,EXACT
Viburnum rufidulum,2888590,Viburnum rufidulum,<i>Viburnum</i> <i>rufidulum</i> Raf.,SPECIES,Viburnaceae,4924416,Viburnum,2888580,Viburnum rufidulum,2888590,100,EXACT
Viburnum obovatum,2888620,Viburnum obovatum,<i>Viburnum</i> <i>obovatum</i> Walter,SPECIES,Viburnaceae,4924416,Viburnum,2888580,Viburnum obovatum,2888620,99,EXACT
Viburnum alnifolium,2888603,Viburnum alnifolium,<i>Viburnum</i> <i>alnifolium</i> Marshall,SPECIES,Viburnaceae,4924416,Viburnum,2888580,Viburnum lantanoides,2888601,100,EXACT
Prunus virginiana,3022668,Prunus virginiana,<i>Prunus</i> <i>virginiana</i> L.,SPECIES,Rosaceae,5015,Prunus,3020559,Prunus virginiana,3022668,99,EXACT
Sambucus canadensis,6369819,Sambucus canadensis,<i>Sambucus</i> <i>canadensis</i> L.,SPECIES,Viburnaceae,4924416,Sambucus,2888721,Sambucus canadensis,6369819,99,EXACT
Ribes,2986095,Ribes,<i>Ribes</i> L.,GENUS,Grossulariaceae,2403,Ribes,2986095,,,80,HIGHERRANK
Ribes americanum,2986121,Ribes americanum,<i>Ribes</i> <i>americanum</i> Mill.,SPECIES,Grossulariaceae,2403,Ribes,2986095,Ribes americanum,2986121,99,EXACT
Ribes odoratum,7510171,Ribes odoratum,<i>Ribes</i> <i>odoratum</i> Schlecht. ex Hemsl.,SPECIES,Grossulariaceae,2403,Ribes,2986095,Ribes odoratum,7510171,99,EXACT
Lonicera caerulaea,5334269,Lonicera caerulea,<i>Lonicera</i> <i>caerulea</i> L.,SPECIES,Caprifoliaceae,6710,Lonicera,2888645,Lonicera caerulea,5334269,95,VARIANT
Callicarpa americana,5341129,Callicarpa americana,<i>Callicarpa</i> <i>americana</i> L.,SPECIES,Lamiaceae,2497,Callicarpa,2925549,Callicarpa americana,5341129,99,EXACT
Aronia melanocarpa,5363627,Aronia melanocarpa,<i>Aronia</i> <i>melanocarpa</i> (Michx.) Elliott,SPECIES,Rosaceae,5015,Aronia,2988529,Aronia melanocarpa,5363627,99,EXACT
Rhamnus caroliniana,2407,Rhamnaceae,<i>Rhamnaceae</i>,FAMILY,Rhamnaceae,2407,,,,,99,HIGHERRANK
Gaylussacia baccata,2882739,Gaylussacia baccata,<i>Gaylussacia</i> <i>baccata</i> (Wangenh.) K.Koch,SPECIES,Ericaceae,2505,Gaylussacia,2882726,Gaylussacia baccata,2882739,100,EXACT
Vaccinium arboreum,2882828,Vaccinium arboreum,<i>Vaccinium</i> <i>arboreum</i> Marshall,SPECIES,Ericaceae,2505,Vaccinium,2882813,Vaccinium arboreum,2882828,99,EXACT
Vaccinium corymbosum,2882849,Vaccinium corymbosum,<i>Vaccinium</i> <i>corymbosum</i> L.,SPECIES,Ericaceae,2505,Vaccinium,2882813,Vaccinium corymbosum,2882849,99,EXACT
Vaccinium elliotti,2882911,Vaccinium elliottii,<i>Vaccinium</i> <i>elliottii</i> Chapm.,SPECIES,Ericaceae,2505,Vaccinium,2882813,Vaccinium corymbosum,2882849,97,VARIANT
Vaccinium uliginosum,8073364,Vaccinium uliginosum,<i>Vaccinium</i> <i>uliginosum</i> L.,SPECIES,Ericaceae,2505,Vaccinium,2882813,Vaccinium uliginosum,8073364,100,EXACT
Rhus,3190534,Rhus,<i>Rhus</i> L.,GENUS,Anacardiaceae,2398,Rhus,3190534,,,80,HIGHERRANK
Rhus coppalina,3190557,Rhus copallina,<i>Rhus</i> <i>copallina</i> L.,SPECIES,Anacardiaceae,2398,Rhus,3190534,Rhus copallina,3190557,97,VARIANT
Rhus typhina,3190538,Rhus typhina,<i>Rhus</i> <i>typhina</i> L.,SPECIES,Anacardiaceae,2398,Rhus,3190534,Rhus typhina,3190538,100,EXACT
Rhus glabra,3190544,Rhus glabra,<i>Rhus</i> <i>glabra</i> L.,SPECIES,Anacardiaceae,2398,Rhus,3190534,Rhus glabra,3190544,100,EXACT
Rhus aromatica,3190558,Rhus aromatica,<i>Rhus</i> <i>aromatica</i> Aiton,SPECIES,Anacardiaceae,2398,Rhus,3190534,Rhus aromatica,3190558,100,EXACT
Zanthoxylum americanum,3190089,Zanthoxylum americanum,<i>Zanthoxylum</i> <i>americanum</i> Mill.,SPECIES,Rutaceae,2396,Zanthoxylum,3190076,Zanthoxylum americanum,3190089,100,EXACT
Amorpha canescens,5357388,Amorpha canescens,<i>Amorpha</i> <i>canescens</i> Pursh,SPECIES,Fabaceae,5386,Amorpha,2965599,Amorpha canescens,5357388,99,EXACT
Comptonia peregrina,5414197,Comptonia peregrina,<i>Comptonia</i> <i>peregrina</i> (L.) J.M.Coult.,SPECIES,Myricaceae,2432,Comptonia,8464883,Comptonia peregrina,5414197,100,EXACT
Myrica gale,5414202,Myrica gale,<i>Myrica</i> <i>gale</i> L.,SPECIES,Myricaceae,2432,Myrica,5938218,Myrica gale,5414202,100,EXACT
Myrica pensylvanica,7780807,Morella,<i>Morella</i> Lour.,GENUS,Myricaceae,2432,Morella,7780807,,,99,HIGHERRANK
Ledum groenlandicum,2882982,Ledum groenlandicum,<i>Ledum</i> <i>groenlandicum</i> Oeder,SPECIES,Ericaceae,2505,Rhododendron,2883026,Rhododendron groenlandicum,2882984,99,EXACT
Chamaedaphne calyculata,5333436,Chamaedaphne calyculata,<i>Chamaedaphne</i> <i>calyculata</i> (L.) Moench,SPECIES,Ericaceae,2505,Chamaedaphne,8388331,Chamaedaphne calyculata,5333436,99,EXACT
Vitis,7467468,Vitis,<i>Vitis</i> L.,GENUS,Vitaceae,6672,Vitis,7467468,,,80,HIGHERRANK
Ampelopsis cordata,3039183,Ampelopsis cordata,<i>Ampelopsis</i> <i>cordata</i> Michx.,SPECIES,Vitaceae,6672,Ampelopsis,3039178,Ampelopsis cordata,3039183,100,EXACT
Vitis rotundifolia,5372394,Vitis rotundifolia,<i>Vitis</i> <i>rotundifolia</i> Michx.,SPECIES,Vitaceae,6672,Vitis,7467468,Vitis rotundifolia,5372394,99,EXACT
Ampelopsis arborea,8363567,Ampelopsis arborea,"<i>Ampelopsis</i> <i>arborea</i> Kochne, 1893",SPECIES,Vitaceae,6672,Ampelopsis,3039178,Ampelopsis arborea,8363567,99,EXACT
Smilax,2740627,Smilax,<i>Smilax</i> L.,GENUS,Smilacaceae,7702,Smilax,2740627,,,80,HIGHERRANK
Celastrus scandens,3169171,Celastrus scandens,<i>Celastrus</i> <i>scandens</i> L.,SPECIES,Celastraceae,6715,Celastrus,3169168,Celastrus scandens,3169171,99,EXACT
Lonicera japonica,5334240,Lonicera japonica,<i>Lonicera</i> <i>japonica</i> Thunb.,SPECIES,Caprifoliaceae,6710,Lonicera,2888645,Lonicera japonica,5334240,99,EXACT
Parthenocissus quinquefolia,3039194,Parthenocissus quinquefolia,<i>Parthenocissus</i> <i>quinquefolia</i> (L.) Planch.,SPECIES,Vitaceae,6672,Parthenocissus,3039188,Parthenocissus quinquefolia,3039194,100,EXACT
Parthenocissus vitacea,3039193,Parthenocissus vitacea,<i>Parthenocissus</i> <i>vitacea</i> (Knerr) Hitchc.,SPECIES,Vitaceae,6672,Parthenocissus,3039188,Parthenocissus inserta,3039203,100,EXACT
Pueraria lobata,2977654,Pueraria lobata,<i>Pueraria</i> <i>lobata</i> (Willd.) Ohwi,SPECIES,Fabaceae,5386,Pueraria,2977604,Pueraria montana,2977636,99,EXACT
Wisteria,2977309,Wisteria,<i>Wisteria</i> Nutt.,GENUS,Fabaceae,5386,Wisteria,2977309,,,80,HIGHERRANK
Scirpus validus,7708,Cyperaceae,<i>Cyperaceae</i>,FAMILY,Cyperaceae,7708,,,,,99,HIGHERRANK
Typha validus,2702102,Typha,<i>Typha</i> L.,GENUS,Typhaceae,4246,Typha,2702102,,,96,HIGHERRANK
Zizaniopsis miliaceae,2703487,Zizaniopsis miliacea,<i>Zizaniopsis</i> <i>miliacea</i> (Michx.) Döll & Asch.,SPECIES,Poaceae,3073,Zizaniopsis,2703486,Zizaniopsis miliacea,2703487,97,VARIANT
Zizania palustris,2703230,Zizania palustris,<i>Zizania</i> <i>palustris</i> L.,SPECIES,Poaceae,3073,Zizania,2703227,Zizania palustris,2703230,100,EXACT
Zizania aquatica,2703228,Zizania aquatica,<i>Zizania</i> <i>aquatica</i> L.,SPECIES,Poaceae,3073,Zizania,2703227,Zizania aquatica,2703228,100,EXACT
Bolboschoenus fluviatilis,7953794,Bolboschoenus fluviatilis,<i>Bolboschoenus</i> <i>fluviatilis</i> (Torr.) Soják,SPECIES,Cyperaceae,7708,Bolboschoenus,2718273,Bolboschoenus fluviatilis,7953794,99,EXACT
Typha,2702102,Typha,<i>Typha</i> L.,GENUS,Typhaceae,4246,Typha,2702102,,,80,HIGHERRANK
Sparganium eurycarpum,2702394,Sparganium eurycarpum,<i>Sparganium</i> <i>eurycarpum</i> Engelm.,SPECIES,Typhaceae,4246,Sparganium,2702260,Sparganium eurycarpum,2702394,99,EXACT
Acorus,11457635,Acorus,"<i>Acorus</i> sp. Linnaeus, 1753",SPECIES,Acoraceae,3719,Acorus,2730063,Acorus,11457635,98,HIGHERRANK
A. americanus,6,Plantae,<i>Plantae</i>,KINGDOM,,,,,,,99,HIGHERRANK
Vallisneria americana,2865501,Vallisneria americana,<i>Vallisneria</i> <i>americana</i> Michx.,SPECIES,Hydrocharitaceae,3721,Vallisneria,2865241,Vallisneria americana,2865501,100,EXACT
Nasturtium officinale,7701037,Nasturtium officinale,<i>Nasturtium</i> <i>officinale</i> R.Br.,SPECIES,Brassicaceae,3112,Nasturtium,7774084,Nasturtium officinale,7701037,99,EXACT
Sium suave,3034526,Sium suave,<i>Sium</i> <i>suave</i> Walter,SPECIES,Apiaceae,6720,Sium,3034525,Sium suave,3034526,100,EXACT
Berula erecta,3034699,Berula erecta,<i>Berula</i> <i>erecta</i> (Huds.) Coville,SPECIES,Apiaceae,6720,Berula,7607352,Berula erecta,3034699,100,EXACT
Berula pusilla,8594625,Berula pusilla,<i>Berula</i> <i>pusilla</i> (Nutt.) Fernald,SPECIES,Apiaceae,6720,Berula,7607352,Berula erecta,3034699,100,EXACT
Veronica americana,3172084,Veronica americana,<i>Veronica</i> <i>americana</i> (Raf.) Schwein. ex Benth.,SPECIES,Plantaginaceae,2420,Veronica,3172047,Veronica americana,3172084,99,EXACT
Alternanthera philoxeroides,3084923,Alternanthera philoxeroides,<i>Alternanthera</i> <i>philoxeroides</i> (Mart.) Griseb.,SPECIES,Amaranthaceae,3064,Alternanthera,3084921,Alternanthera philoxeroides,3084923,100,EXACT
Trapa natans,3188757,Trapa natans,<i>Trapa</i> <i>natans</i> L.,SPECIES,Lythraceae,6684,Trapa,3188756,Trapa natans,3188757,99,EXACT
Hydrocotyle umbellata,3034614,Hydrocotyle umbellata,<i>Hydrocotyle</i> <i>umbellata</i> L.,SPECIES,Araliaceae,8800,Hydrocotyle,3034601,Hydrocotyle umbellata,3034614,100,EXACT
Sagittaria latifolia,5328909,Sagittaria latifolia,<i>Sagittaria</i> <i>latifolia</i> Willd.,SPECIES,Alismataceae,3720,Sagittaria,2766037,Sagittaria latifolia,5328909,100,EXACT
Sagittaria rigida,5329027,Sagittaria rigida,<i>Sagittaria</i> <i>rigida</i> Pursh,SPECIES,Alismataceae,3720,Sagittaria,2766037,Sagittaria rigida,5329027,100,EXACT
Alisma plantago-aquatica,2865100,Alisma plantago-aquatica,<i>Alisma</i> <i>plantago-aquatica</i> L.,SPECIES,Alismataceae,3720,Alisma,2865099,Alisma plantago-aquatica,2865100,100,EXACT
Brasenia schreberi,2882446,Brasenia schreberi,<i>Brasenia</i> <i>schreberi</i> J.F.Gmel.,SPECIES,Cabombaceae,6681,Brasenia,2882445,Brasenia schreberi,2882446,100,EXACT
Nelumbo lutea,7503234,Nelumbo lutea,<i>Nelumbo</i> <i>lutea</i> (Willd.) Pers.,SPECIES,Nelumbonaceae,2424,Nelumbo,2882448,Nelumbo lutea,7503234,99,EXACT
Nuphar,2882408,Nuphar,<i>Nuphar</i> Sm.,GENUS,Nymphaeaceae,2423,Nuphar,2882408,,,80,HIGHERRANK
Peltandra virginica,5330182,Peltandra virginica,<i>Peltandra</i> <i>virginica</i> (L.) Schott,SPECIES,Araceae,6979,Peltandra,2867745,Peltandra virginica,5330182,99,EXACT
Colocasia esculenta,5330776,Colocasia esculenta,<i>Colocasia</i> <i>esculenta</i> (L.) Schott,SPECIES,Araceae,6979,Colocasia,5330758,Colocasia esculenta,5330776,100,EXACT
Eichhornia crassipes,2765940,Eichhornia crassipes,<i>Eichhornia</i> <i>crassipes</i> (Mart.) Solms,SPECIES,Pontederiaceae,3731,Pontederia,2740415,Pontederia crassipes,2765942,100,EXACT
Pontederia cordata,2766030,Pontederia cordata,<i>Pontederia</i> <i>cordata</i> L.,SPECIES,Pontederiaceae,3731,Pontederia,2740415,Pontederia cordata,2766030,99,EXACT
Allium,11893016,Allium,"<i>Allium</i> sp. Boiss.Following Stearn, 1882",SPECIES,Amaryllidaceae,7682,Allium,9624496,Allium,11893016,97,HIGHERRANK
Allium vineale,7792960,Allium vineale,<i>Allium</i> <i>vineale</i> L.,SPECIES,Amaryllidaceae,7682,Allium,9624496,Allium vineale,7792960,99,EXACT
Allium anadence,9624496,Allium,<i>Allium</i> L.,GENUS,Amaryllidaceae,7682,Allium,9624496,,,95,HIGHERRANK
Allium schoenophrasum,2855860,Allium schoenoprasum,<i>Allium</i> <i>schoenoprasum</i> L.,SPECIES,Amaryllidaceae,7682,Allium,9624496,Allium schoenoprasum,2855860,96,VARIANT
Allium sativum,2856681,Allium sativum,<i>Allium</i> <i>sativum</i> L.,SPECIES,Amaryllidaceae,7682,Allium,9624496,Allium sativum,2856681,100,EXACT
Allium canadense,2855611,Allium canadense,<i>Allium</i> <i>canadense</i> L.,SPECIES,Amaryllidaceae,7682,Allium,9624496,Allium canadense,2855611,99,EXACT
Allium textile,2855724,Allium textile,<i>Allium</i> <i>textile</i> A.Nelson & J.F.Macbr.,SPECIES,Amaryllidaceae,7682,Allium,9624496,Allium textile,2855724,100,EXACT
Allium drummondii,2856855,Allium drummondii,<i>Allium</i> <i>drummondii</i> Regel,SPECIES,Amaryllidaceae,7682,Allium,9624496,Allium drummondii,2856855,100,EXACT
Allium cernuum,2856745,Allium cernuum,<i>Allium</i> <i>cernuum</i> Roth,SPECIES,Amaryllidaceae,7682,Allium,9624496,Allium cernuum,2856745,99,EXACT
Allium stellatum,2856866,Allium stellatum,<i>Allium</i> <i>stellatum</i> Nutt. ex Ker Gawl.,SPECIES,Amaryllidaceae,7682,Allium,9624496,Allium stellatum,2856866,99,EXACT
Nothocalais cuspidata,3130419,Nothocalais cuspidata,<i>Nothocalais</i> <i>cuspidata</i> (Pursh) Greene,SPECIES,Asteraceae,3065,Microseris,3130201,Microseris cuspidata,5399495,100,EXACT
Tragopogon,3092408,Tragopogon,<i>Tragopogon</i> L.,GENUS,Asteraceae,3065,Tragopogon,3092408,,,80,HIGHERRANK
T. pratensis,6,Plantae,<i>Plantae</i>,KINGDOM,,,,,,,99,HIGHERRANK
Tradescantia,2765096,Tradescantia,<i>Tradescantia</i> Ruppius ex L.,GENUS,Commelinaceae,2763195,Tradescantia,2765096,,,80,HIGHERRANK
Hemerocallis fulva,2781074,Hemerocallis fulva,<i>Hemerocallis</i> <i>fulva</i> (L.) L.,SPECIES,Asphodelaceae,4259209,Hemerocallis,9557223,Hemerocallis fulva,2781074,100,EXACT
Cyperus esculentus,2716226,Cyperus esculentus,<i>Cyperus</i> <i>esculentus</i> L.,SPECIES,Cyperaceae,7708,Cyperus,2713455,Cyperus esculentus,2716226,99,EXACT
Cyperus rotundus,2714818,Cyperus rotundus,<i>Cyperus</i> <i>rotundus</i> L.,SPECIES,Cyperaceae,7708,Cyperus,2713455,Cyperus rotundus,2714818,99,EXACT
Leucocrinum montanum,2770873,Leucocrinum montanum,<i>Leucocrinum</i> <i>montanum</i> Nutt. ex A.Gray,SPECIES,Asparagaceae,7683,Leucocrinum,2770872,Leucocrinum montanum,2770873,99,EXACT
Arundinaria gigantea,2705964,Arundinaria gigantea,<i>Arundinaria</i> <i>gigantea</i> (Walter) Muhl.,SPECIES,Poaceae,3073,Arundinaria,2705960,Arundinaria gigantea,2705964,99,EXACT
Acorus calamus,2873769,Acorus calamus,<i>Acorus</i> <i>calamus</i> L.,SPECIES,Acoraceae,3719,Acorus,2730063,Acorus calamus,2873769,100,EXACT
Phragmites communis,5290153,Phragmites communis,<i>Phragmites</i> <i>communis</i> Trin.,SPECIES,Poaceae,3073,Phragmites,2705783,Phragmites australis,5290149,100,EXACT
Oryzopsis hymenoides,2703429,Oryzopsis hymenoides,<i>Oryzopsis</i> <i>hymenoides</i> (Roem. & Schult.) Ricker ex Piper,SPECIES,Poaceae,3073,Eriocoma,6432088,Eriocoma hymenoides,5676924,99,EXACT
Phalaris caroliniana,5289760,Phalaris caroliniana,<i>Phalaris</i> <i>caroliniana</i> Walter,SPECIES,Poaceae,3073,Phalaris,2703277,Phalaris caroliniana,5289760,100,EXACT
Hordeum pusillum,2706070,Hordeum pusillum,<i>Hordeum</i> <i>pusillum</i> Nutt.,SPECIES,Poaceae,3073,Hordeum,2706050,Hordeum pusillum,2706070,100,EXACT
Liatris punctata,3104349,Liatris punctata,<i>Liatris</i> <i>punctata</i> Hook.,SPECIES,Asteraceae,3065,Liatris,3104263,Liatris punctata,3104349,100,EXACT
Plantago maritima,3189755,Plantago maritima,<i>Plantago</i> <i>maritima</i> L.,SPECIES,Plantaginaceae,2420,Plantago,3189695,Plantago maritima,3189755,99,EXACT
Yucca,2775496,Yucca,<i>Yucca</i> L.,GENUS,Asparagaceae,7683,Yucca,2775496,,,80,HIGHERRANK
Nothoscordum bivalve,2855600,Nothoscordum bivalve,<i>Nothoscordum</i> <i>bivalve</i> (L.) Britton,SPECIES,Amaryllidaceae,7682,Nothoscordum,2771093,Nothoscordum bivalve,2855600,100,EXACT
Triglochin maritima,2865368,Triglochin maritima,<i>Triglochin</i> <i>maritima</i> L.,SPECIES,Juncaginaceae,7679,Triglochin,2777072,Triglochin maritima,2865368,99,EXACT
Muscari,2772004,Muscari,<i>Muscari</i> Mill.,GENUS,Asparagaceae,7683,Muscari,2772004,,,80,HIGHERRANK
Camassia,2769068,Camassia,<i>Camassia</i> Lindl.,GENUS,Asparagaceae,7683,Camassia,2769068,,,80,HIGHERRANK
Camassia angusta,2769080,Camassia angusta,<i>Camassia</i> <i>angusta</i> (Engelm. & A.Gray) Blank.,SPECIES,Asparagaceae,7683,Camassia,2769068,Camassia angusta,2769080,100,EXACT
Aplectrum hyemale,7585836,Aplectrum hyemale,<i>Aplectrum</i> <i>hyemale</i> (Muhl. ex Willd.) Torr.,SPECIES,Orchidaceae,7689,Aplectrum,2814441,Aplectrum hyemale,7585836,99,EXACT
Tipularia discolor,5308378,Tipularia discolor,<i>Tipularia</i> <i>discolor</i> (Pursh) Nutt.,SPECIES,Orchidaceae,7689,Tipularia,2795828,Tipularia discolor,5308378,100,EXACT
Asarum canadense,2873947,Asarum canadense,<i>Asarum</i> <i>canadense</i> L.,SPECIES,Aristolochiaceae,3066,Asarum,2873945,Asarum canadense,2873947,100,EXACT
Erythronium,2740136,Erythronium,<i>Erythronium</i> L.,GENUS,Liliaceae,7699,Erythronium,2740136,,,80,HIGHERRANK
Clintonia borealis,2753574,Clintonia borealis,<i>Clintonia</i> <i>borealis</i> (Aiton) Raf.,SPECIES,Liliaceae,7699,Clintonia,2753553,Clintonia borealis,2753574,100,EXACT
Symplocarpus foetidus,2870117,Symplocarpus foetidus,<i>Symplocarpus</i> <i>foetidus</i> (L.) Salisb. ex W.P.C.Barton,SPECIES,Araceae,6979,Symplocarpus,8211840,Symplocarpus foetidus,2870117,99,EXACT
Oxyria digyna,2889358,Oxyria digyna,<i>Oxyria</i> <i>digyna</i> (L.) Hill,SPECIES,Polygonaceae,2416,Oxyria,2889357,Oxyria digyna,2889358,100,EXACT
Dodecatheon,7597718,Dodecatheon,<i>Dodecatheon</i> L.,GENUS,Primulaceae,6674,Dodecatheon,7597718,,,80,HIGHERRANK
Plantago major,3189767,Plantago major,<i>Plantago</i> <i>major</i> L.,SPECIES,Plantaginaceae,2420,Plantago,3189695,Plantago major,3189767,99,EXACT
Plantago rugelii,3189781,Plantago rugelii,<i>Plantago</i> <i>rugelii</i> Decne.,SPECIES,Plantaginaceae,2420,Plantago,3189695,Plantago rugelii,3189781,100,EXACT
Plantago lanceolata,8208358,Plantago lanceolata,<i>Plantago</i> <i>lanceolata</i> L.,SPECIES,Plantaginaceae,2420,Plantago,3189695,Plantago lanceolata,8208358,99,EXACT
Viola sororia,5331238,Viola sororia,<i>Viola</i> <i>sororia</i> Willd.,SPECIES,Violaceae,6631,Viola,2874237,Viola sororia,5331238,100,EXACT
Viola sagittata,5331364,Viola sagittata,<i>Viola</i> <i>sagittata</i> Aiton,SPECIES,Violaceae,6631,Viola,2874237,Viola sagittata,5331364,100,EXACT
Viola pedata,5331278,Viola pedata,<i>Viola</i> <i>pedata</i> L.,SPECIES,Violaceae,6631,Viola,2874237,Viola pedata,5331278,100,EXACT
Taraxacum officinale,5394163,Taraxacum officinale,<i>Taraxacum</i> <i>officinale</i> Weber ex F.H.Wigg.,SPECIES,Asteraceae,3065,Taraxacum,7787708,Taraxacum officinale,5394163,99,EXACT
Krigia dandelion,3132416,Krigia dandelion,<i>Krigia</i> <i>dandelion</i> (L.) Nutt.,SPECIES,Asteraceae,3065,Krigia,3132392,Krigia dandelion,3132416,100,EXACT
Pyrrhopappus grandiflorus,3145231,Pyrrhopappus grandiflorus,<i>Pyrrhopappus</i> <i>grandiflorus</i> (Nutt.) Nutt.,SPECIES,Asteraceae,3065,Pyrrhopappus,3145230,Pyrrhopappus grandiflorus,3145231,100,EXACT
Hypochaeris radicata,3093702,Hypochaeris radicata,<i>Hypochaeris</i> <i>radicata</i> L.,SPECIES,Asteraceae,3065,Hypochaeris,3093681,Hypochaeris radicata,3093702,100,EXACT
Leontodon autumnalis,8058115,Leontodon autumnalis,"<i>Leontodon</i> <i>autumnalis</i> Oeder, 1816",SPECIES,Asteraceae,3065,Leontodon,3137422,Leontodon autumnalis,8058115,99,EXACT
Oenothera caespitosa,2430,Onagraceae,<i>Onagraceae</i>,FAMILY,Onagraceae,2430,,,,,99,HIGHERRANK
Bellis perennis,3117424,Bellis perennis,<i>Bellis</i> <i>perennis</i> L.,SPECIES,Asteraceae,3065,Bellis,3117399,Bellis perennis,3117424,100,EXACT
Saxifraga pensylvanica,3032700,Saxifraga pensylvanica,<i>Saxifraga</i> <i>pensylvanica</i> L.,SPECIES,Saxifragaceae,2402,Micranthes,6447095,Micranthes pensylvanica,5939580,100,EXACT
Saxifraga micranthidifolia,3032853,Saxifraga micranthidifolia,<i>Saxifraga</i> <i>micranthidifolia</i> (Haw.) Steud.,SPECIES,Saxifragaceae,2402,Micranthes,6447095,Micranthes micranthidifolia,5939569,99,EXACT
Tussilago farfara,3149879,Tussilago farfara,<i>Tussilago</i> <i>farfara</i> L.,SPECIES,Asteraceae,3065,Tussilago,3149878,Tussilago farfara,3149879,100,EXACT
Petasites frigidus,3088323,Petasites frigidus,<i>Petasites</i> <i>frigidus</i> (L.) Fr.,SPECIES,Asteraceae,3065,Petasites,10717129,Petasites frigidus,3088323,100,EXACT
Hydrocotyle bonariensis,3034611,Hydrocotyle bonariensis,<i>Hydrocotyle</i> <i>bonariensis</i> Comm. ex Lam.,SPECIES,Araliaceae,8800,Hydrocotyle,3034601,Hydrocotyle bonariensis,3034611,99,EXACT
Centella erecta,8598241,Centella erecta,<i>Centella</i> <i>erecta</i> (L.fil.) Fernald,SPECIES,Apiaceae,6720,Centella,3034124,Centella erecta,8598241,100,EXACT
Aralia nudicaulis,3037021,Aralia nudicaulis,<i>Aralia</i> <i>nudicaulis</i> L.,SPECIES,Araliaceae,8800,Aralia,3036858,Aralia nudicaulis,3037021,99,EXACT
Trifolium repens,5358748,Trifolium repens,<i>Trifolium</i> <i>repens</i> L.,SPECIES,Fabaceae,5386,Trifolium,2973363,Trifolium repens,5358748,99,EXACT
Lomatium foeniculaceum,3034267,Lomatium foeniculaceum,<i>Lomatium</i> <i>foeniculaceum</i> (Nutt.) J.M.Coult. & Rose,SPECIES,Apiaceae,6720,Lomatium,8394726,Lomatium foeniculaceum,3034267,100,EXACT
Musineon tenuifolium,7658142,Musineon tenuifolium,<i>Musineon</i> <i>tenuifolium</i> Nutt.,SPECIES,Apiaceae,6720,Musineon,3034879,Musineon tenuifolium,7658142,99,EXACT
Cymopterus acaulis,3034473,Cymopterus acaulis,<i>Cymopterus</i> <i>acaulis</i> Raf.,SPECIES,Apiaceae,6720,Cymopterus,3034443,Cymopterus glomeratus,6026405,99,EXACT
Cymopterus montanus,7911387,Cymopterus montanus,<i>Cymopterus</i> <i>montanus</i> Nutt.,SPECIES,Apiaceae,6720,Cymopterus,3034443,Cymopterus montanus,7911387,99,EXACT
Potentilla anserina,5366829,Potentilla anserina,<i>Potentilla</i> <i>anserina</i> L.,SPECIES,Rosaceae,5015,Argentina,3026341,Argentina anserina,5367246,99,EXACT
Fragaria,3029779,Fragaria,<i>Fragaria</i> L.,GENUS,Rosaceae,5015,Fragaria,3029779,,,80,HIGHERRANK
Fragaria virginiana,7950792,Fragaria virginiana,<i>Fragaria</i> <i>virginiana</i> Duchesne,SPECIES,Rosaceae,5015,Fragaria,3029779,Fragaria virginiana,7950792,99,EXACT
Fragaria vesca,3029817,Fragaria vesca,<i>Fragaria</i> <i>vesca</i> L.,SPECIES,Rosaceae,5015,Fragaria,3029779,Fragaria vesca,3029817,99,EXACT
Oxalis violacea,2891708,Oxalis violacea,<i>Oxalis</i> <i>violacea</i> L.,SPECIES,Oxalidaceae,6697,Oxalis,2891642,Oxalis violacea,2891708,99,EXACT
Pediomelum hypogaeum,2944196,Pediomelum hypogaeum,<i>Pediomelum</i> <i>hypogaeum</i> (Nutt.) Rydb.,SPECIES,Fabaceae,5386,Pediomelum,2959963,Pediomelum hypogaeum,2944196,100,EXACT
Pediomelum subacaule,2959964,Pediomelum subacaule,<i>Pediomelum</i> <i>subacaule</i> (Torr. & A.Gray) Rydb.,SPECIES,Fabaceae,5386,Pediomelum,2959963,Pediomelum subacaule,2959964,100,EXACT
Anemonella thalictroides,3033115,Anemonella thalictroides,<i>Anemonella</i> <i>thalictroides</i> (L.) Spach,SPECIES,Ranunculaceae,2410,Thalictrum,3033112,Thalictrum thalictroides,3033114,99,EXACT
Mollugo verticillata,3084611,Mollugo verticillata,<i>Mollugo</i> <i>verticillata</i> L.,SPECIES,Molluginaceae,2517,Mollugo,3084606,Mollugo verticillata,3084611,99,EXACT
Krigia caespitosa,4273501,Krigia caespitosa,<i>Krigia</i> <i>caespitosa</i> (Raf.) K.L.Chambers,SPECIES,Asteraceae,3065,Krigia,3132392,Krigia caespitosa,4273501,100,EXACT
Salvia lyrata,2927027,Salvia lyrata,<i>Salvia</i> <i>lyrata</i> L.,SPECIES,Lamiaceae,2497,Salvia,2926981,Salvia lyrata,2927027,100,EXACT
Silphium perfoliatum,3092576,Silphium perfoliatum,<i>Silphium</i> <i>perfoliatum</i> L.,SPECIES,Asteraceae,3065,Silphium,3092563,Silphium perfoliatum,3092576,100,EXACT
Valerianella,11070217,Valerianella,<i>Valerianella</i> sp. Boiss. & Balansa,SPECIES,Caprifoliaceae,6710,Valerianella,2888767,Valerianella lasiocarpa,4094788,97,HIGHERRANK
Claytonia,3084729,Claytonia,<i>Claytonia</i> L.,GENUS,Montiaceae,4898338,Claytonia,3084729,,,95,HIGHERRANK
Prunella vulgaris,5341297,Prunella vulgaris,<i>Prunella</i> <i>vulgaris</i> L.,SPECIES,Lamiaceae,2497,Prunella,2926553,Prunella vulgaris,5341297,99,EXACT
Silene vulgaris,9172281,Silene vulgaris,<i>Silene</i> <i>vulgaris</i> (Moench) Garcke,SPECIES,Caryophyllaceae,2518,Silene,3085897,Silene vulgaris,9172281,100,EXACT
Silene cserii,5384782,Silene csereii,<i>Silene</i> <i>csereii</i> Baumg.,SPECIES,Caryophyllaceae,2518,Silene,3085897,Silene csereii,5384782,95,VARIANT
Silene alba,3085897,Silene,<i>Silene</i> L.,GENUS,Caryophyllaceae,2518,Silene,3085897,,,99,HIGHERRANK
Podophyllum peltatum,3033839,Podophyllum peltatum,<i>Podophyllum</i> <i>peltatum</i> L.,SPECIES,Berberidaceae,6673,Podophyllum,3033838,Podophyllum peltatum,3033839,100,EXACT
Dentaria laciniata,5374824,Dentaria laciniata,<i>Dentaria</i> <i>laciniata</i> Muhl.,SPECIES,Brassicaceae,3112,Cardamine,3045622,Cardamine concatenata,3046217,99,EXACT
Dentaria multifida,5374763,Dentaria multifida,<i>Dentaria</i> <i>multifida</i> Muhl. ex Elliott,SPECIES,Brassicaceae,3112,Cardamine,3045622,Cardamine dissecta,3045698,99,EXACT
Dentaria heterophylla,5374774,Dentaria heterophylla,<i>Dentaria</i> <i>heterophylla</i> Nutt.,SPECIES,Brassicaceae,3112,Cardamine,3045622,Cardamine angustata,3045786,100,EXACT
Dentaria diphylla,5374767,Dentaria diphylla,<i>Dentaria</i> <i>diphylla</i> Michx.,SPECIES,Brassicaceae,3112,Cardamine,3045622,Cardamine diphylla,3045717,100,EXACT
Rumex acetosella,2888995,Rumex acetosella,<i>Rumex</i> <i>acetosella</i> L.,SPECIES,Polygonaceae,2416,Rumex,2888942,Rumex acetosella,2888995,99,EXACT
Rumex hastatalus,7840099,Rumex hastatulus,<i>Rumex</i> <i>hastatulus</i> Baldwin ex Elliott,SPECIES,Polygonaceae,2416,Rumex,2888942,Rumex hastatulus,7840099,95,VARIANT
Rumex acetosa,2888951,Rumex acetosa,<i>Rumex</i> <i>acetosa</i> L.,SPECIES,Polygonaceae,2416,Rumex,2888942,Rumex acetosa,2888951,100,EXACT
Ficaria verna,9094061,Ficaria verna,<i>Ficaria</i> <i>verna</i> Huds.,SPECIES,Ranunculaceae,2410,Ficaria,3234342,Ficaria verna,9094061,100,EXACT
Bistorta vivipara,2889299,Bistorta vivipara,<i>Bistorta</i> <i>vivipara</i> (L.) Delarbre,SPECIES,Polygonaceae,2416,Bistorta,8148051,Bistorta vivipara,2889299,99,EXACT
Rumex,2888942,Rumex,<i>Rumex</i> L.,GENUS,Polygonaceae,2416,Rumex,2888942,,,80,HIGHERRANK
Rumex crispus,8195144,Rumex crispus,<i>Rumex</i> <i>crispus</i> L.,SPECIES,Polygonaceae,2416,Rumex,2888942,Rumex crispus,8195144,99,EXACT
Rumex longifolius,2888946,Rumex longifolius,<i>Rumex</i> <i>longifolius</i> DC.,SPECIES,Polygonaceae,2416,Rumex,2888942,Rumex longifolius,2888946,99,EXACT
Rumex fueginus,2888982,Rumex fueginus,<i>Rumex</i> <i>fueginus</i> Phil.,SPECIES,Polygonaceae,2416,Rumex,2888942,Rumex fueginus,2888982,100,EXACT
Rumex patientia,2889019,Rumex patientia,<i>Rumex</i> <i>patientia</i> L.,SPECIES,Polygonaceae,2416,Rumex,2888942,Rumex patientia,2889019,99,EXACT
Rumex obtusifolius,2889011,Rumex obtusifolius,<i>Rumex</i> <i>obtusifolius</i> L.,SPECIES,Polygonaceae,2416,Rumex,2888942,Rumex obtusifolius,2889011,99,EXACT
Mertensia virginica,5341242,Mertensia virginica,<i>Mertensia</i> <i>virginica</i> (L.) Pers. ex Link,SPECIES,Boraginaceae,2498,Mertensia,2663415,Mertensia virginica,5341242,99,EXACT
Mertensia paniculata,5341214,Mertensia paniculata,<i>Mertensia</i> <i>paniculata</i> (Aiton) G.Don,SPECIES,Boraginaceae,2498,Mertensia,2663415,Mertensia paniculata,5341214,100,EXACT
Mertensia maritima,5341246,Mertensia maritima,<i>Mertensia</i> <i>maritima</i> (L.) Gray,SPECIES,Boraginaceae,2498,Mertensia,2663415,Mertensia maritima,5341246,100,EXACT
Solidago sempervirens,5388927,Solidago sempervirens,<i>Solidago</i> <i>sempervirens</i> L.,SPECIES,Asteraceae,3065,Solidago,5388868,Solidago sempervirens,5388927,99,EXACT
Symphtum officinale,7558421,Symphytum officinale,<i>Symphytum</i> <i>officinale</i> L.,SPECIES,Boraginaceae,2498,Symphytum,2926061,Symphytum officinale,7558421,89,VARIANT
Arctium,11572432,Arctium,"<i>Arctium</i> sp. Linnaeus, 1753",SPECIES,Asteraceae,3065,Arctium,8106066,Arctium,11572432,98,HIGHERRANK
Arctium lappa,7353729,Arctium lappa,<i>Arctium</i> <i>lappa</i> L.,SPECIES,Asteraceae,3065,Arctium,8106066,Arctium lappa,7353729,99,EXACT
Arctium minus,5393103,Arctium minus,<i>Arctium</i> <i>minus</i> (Hill) Bernh.,SPECIES,Asteraceae,3065,Arctium,8106066,Arctium minus,5393103,99,EXACT
Arctium tomentosa,5393080,Arctium tomentosum,<i>Arctium</i> <i>tomentosum</i> Mill.,SPECIES,Asteraceae,3065,Arctium,8106066,Arctium tomentosum,5393080,98,VARIANT
Aster novae-angliae,5406425,Aster novae-angliae,<i>Aster</i> <i>novae-angliae</i> L.,SPECIES,Asteraceae,3065,Symphyotrichum,3151391,Symphyotrichum novae-angliae,3151618,100,EXACT
Berteroa incana,3053522,Berteroa incana,<i>Berteroa</i> <i>incana</i> (L.) DC.,SPECIES,Brassicaceae,3112,Berteroa,3053514,Berteroa incana,3053522,100,EXACT
Campanula rotundifolia,5410907,Campanula rotundifolia,<i>Campanula</i> <i>rotundifolia</i> L.,SPECIES,Campanulaceae,8801,Campanula,3161935,Campanula rotundifolia,5410907,99,EXACT
Campanula americana,7639571,Campanula americana,"<i>Campanula</i> <i>americana</i> hort. ex Steud., 1840",SPECIES,Campanulaceae,8801,Campanula,3161935,Campanula americana,7639571,99,EXACT
Campanula rapunculoides,5410436,Campanula rapunculoides,<i>Campanula</i> <i>rapunculoides</i> L.,SPECIES,Campanulaceae,8801,Campanula,3161935,Campanula rapunculoides,5410436,99,EXACT
Velns balsamifidus,6,Plantae,<i>Plantae</i>,KINGDOM,,,,,,,99,HIGHERRANK
Caltha palustris,5371685,Caltha palustris,<i>Caltha</i> <i>palustris</i> L.,SPECIES,Ranunculaceae,2410,Caltha,3033282,Caltha palustris,5371685,100,EXACT
Cochlearia,3040481,Cochlearia,<i>Cochlearia</i> L.,GENUS,Brassicaceae,3112,Cochlearia,3040481,,,80,HIGHERRANK
Cardamine bulbosa,3045907,Cardamine bulbosa,"<i>Cardamine</i> <i>bulbosa</i> (Schreb. ex Muhl.) Britton, Sterns & Poggenb.",SPECIES,Brassicaceae,3112,Cardamine,3045622,Cardamine bulbosa,3045907,100,EXACT
Thlaspi arvense,3052680,Thlaspi arvense,<i>Thlaspi</i> <i>arvense</i> L.,SPECIES,Brassicaceae,3112,Thlaspi,3052635,Thlaspi arvense,3052680,100,EXACT
Thlaspi alliaceum,3052738,Thlaspi alliaceum,<i>Thlaspi</i> <i>alliaceum</i> L.,SPECIES,Brassicaceae,3112,Mummenhoffia,11109737,Mummenhoffia alliacea,10944522,100,EXACT
Armoracia rusticana,3041022,Armoracia rusticana,"<i>Armoracia</i> <i>rusticana</i> P.Gaertn., B.Mey. & Scherb.",SPECIES,Brassicaceae,3112,Armoracia,3041017,Armoracia rusticana,3041022,99,EXACT
Boechera laevigata,3043265,Boechera laevigata,<i>Boechera</i> <i>laevigata</i> (Muhl. ex Willd.) Al-Shehbaz,SPECIES,Brassicaceae,3112,Borodinia,3050986,Borodinia laevigata,8221492,100,EXACT
Hesperis matronalis,3042291,Hesperis matronalis,<i>Hesperis</i> <i>matronalis</i> L.,SPECIES,Brassicaceae,3112,Hesperis,3042187,Hesperis matronalis,3042291,100,EXACT
Cardaria draba,3052311,Cardaria draba,<i>Cardaria</i> <i>draba</i> (L.) Desv.,SPECIES,Brassicaceae,3112,Lepidium,3051713,Lepidium draba,5376961,100,EXACT
Alliaria petiolata,5376075,Alliaria petiolata,<i>Alliaria</i> <i>petiolata</i> (M.Bieb.) Cavara & Grande,SPECIES,Brassicaceae,3112,Alliaria,3050645,Alliaria petiolata,5376075,100,EXACT
Eryngium yuccifolium,3034408,Eryngium yuccifolium,<i>Eryngium</i> <i>yuccifolium</i> Michx.,SPECIES,Apiaceae,6720,Eryngium,3034387,Eryngium yuccifolium,3034408,100,EXACT
Chenopodium capitatum,11379590,Chenopodium capitatum,"<i>Chenopodium</i> <i>capitatum</i> (Linnaeus, 1753) Ach.",SPECIES,Amaranthaceae,3064,Chenopodium,3083823,Chenopodium capitatum,11379590,99,EXACT
Oenothera biennis,3188924,Oenothera biennis,<i>Oenothera</i> <i>biennis</i> L.,SPECIES,Onagraceae,2430,Oenothera,3188799,Oenothera biennis,3188924,99,EXACT
Evening primrose,6,Plantae,<i>Plantae</i>,KINGDOM,,,,,,,99,HIGHERRANK
Silphium terebinthinaceum,7475866,Silphium terebinthinaceum,<i>Silphium</i> <i>terebinthinaceum</i> Jacq.,SPECIES,Asteraceae,3065,Silphium,3092563,Silphium terebinthinaceum,7475866,99,EXACT
Aster macrophyllus,5396109,Aster macrophyllus,<i>Aster</i> <i>macrophyllus</i> L.,SPECIES,Asteraceae,3065,Eurybia,3120531,Eurybia macrophylla,5396106,100,EXACT
Viola canadensis,5331231,Viola canadensis,<i>Viola</i> <i>canadensis</i> L.,SPECIES,Violaceae,6631,Viola,2874237,Viola canadensis,5331231,100,EXACT
Viola pubescens,5331338,Viola pubescens,<i>Viola</i> <i>pubescens</i> Aiton,SPECIES,Violaceae,6631,Viola,2874237,Viola pubescens,5331338,100,EXACT
Prenanthes alba,3123761,Nabalus,<i>Nabalus</i> Cass.,GENUS,Asteraceae,3065,Nabalus,3123761,,,99,HIGHERRANK
Lygodesmia texana,7811240,Lygodesmia texana,<i>Lygodesmia</i> <i>texana</i> (Torr. & A.Gray) Greene ex Small,SPECIES,Asteraceae,3065,Lygodesmia,3091131,Lygodesmia texana,7811240,99,EXACT
Scorzonera laciniata,8286501,Scorzonera laciniata,<i>Scorzonera</i> <i>laciniata</i> L.,SPECIES,Asteraceae,3065,Scorzonera,3110888,Scorzonera laciniata,8286501,99,EXACT
Cirsium,3112554,Cirsium,<i>Cirsium</i> Mill.,GENUS,Asteraceae,3065,Cirsium,3112554,,,95,HIGHERRANK
Carduus,11666629,Carduus,"<i>Carduus</i> sp. (Linnaeus, 1767) Gren.",SPECIES,Asteraceae,3065,Carduus,3114511,Carduus,11666629,97,HIGHERRANK
Onopordum,3094883,Onopordum,<i>Onopordum</i> L.,GENUS,Asteraceae,3065,Onopordum,3094883,,,80,HIGHERRANK
Silybum,3145213,Silybum,<i>Silybum</i> Vaill. ex Adans.,GENUS,Asteraceae,3065,Silybum,3145213,,,95,HIGHERRANK
Cirsium discolor,3112737,Cirsium discolor,<i>Cirsium</i> <i>discolor</i> (Muhl. ex Willd.) Spreng.,SPECIES,Asteraceae,3065,Cirsium,3112554,Cirsium discolor,3112737,99,EXACT
Cirsium altissimum,8078803,Cirsium altissimum,<i>Cirsium</i> <i>altissimum</i> (L.) Spreng.,SPECIES,Asteraceae,3065,Cirsium,3112554,Cirsium altissimum,8078803,99,EXACT
Cirsium horridulum,3112777,Cirsium horridulum,<i>Cirsium</i> <i>horridulum</i> Michx.,SPECIES,Asteraceae,3065,Cirsium,3112554,Cirsium horridulum,3112777,99,EXACT
Cirsium vulgare,3112801,Cirsium vulgare,<i>Cirsium</i> <i>vulgare</i> (Savi) Ten.,SPECIES,Asteraceae,3065,Cirsium,3112554,Cirsium vulgare,3112801,99,EXACT
Cirsium muticum,3113181,Cirsium muticum,<i>Cirsium</i> <i>muticum</i> Michx.,SPECIES,Asteraceae,3065,Cirsium,3112554,Cirsium muticum,3113181,100,EXACT
Onopordum acanthium,3094900,Onopordum acanthium,<i>Onopordum</i> <i>acanthium</i> L.,SPECIES,Asteraceae,3065,Onopordum,3094883,Onopordum acanthium,3094900,100,EXACT
Carduus nutans,8185959,Carduus nutans,<i>Carduus</i> <i>nutans</i> L.,SPECIES,Asteraceae,3065,Carduus,3114511,Carduus nutans,8185959,99,EXACT
Silybum marianum,3145214,Silybum marianum,<i>Silybum</i> <i>marianum</i> (L.) Gaertn.,SPECIES,Asteraceae,3065,Silybum,3145213,Silybum marianum,3145214,100,EXACT
Lapsana communis,3134857,Lapsana communis,<i>Lapsana</i> <i>communis</i> L.,SPECIES,Asteraceae,3065,Lapsana,3134850,Lapsana communis,3134857,100,EXACT
Youngia japonica,5387974,Youngia japonica,<i>Youngia</i> <i>japonica</i> (L.) DC.,SPECIES,Asteraceae,3065,Youngia,3095748,Youngia japonica,5387974,100,EXACT
Pyrrhopappus carolinianus,3145236,Pyrrhopappus carolinianus,<i>Pyrrhopappus</i> <i>carolinianus</i> (Walter) DC.,SPECIES,Asteraceae,3065,Pyrrhopappus,3145230,Pyrrhopappus carolinianus,3145236,100,EXACT
Cichorium intybus,5392252,Cichorium intybus,<i>Cichorium</i> <i>intybus</i> L.,SPECIES,Asteraceae,3065,Cichorium,3106707,Cichorium intybus,5392252,100,EXACT
Sonchus oleroceus,8228544,Sonchus oleraceus,<i>Sonchus</i> <i>oleraceus</i> L.,SPECIES,Asteraceae,3065,Sonchus,3105646,Sonchus oleraceus,8228544,95,VARIANT
Sonchus asper,3105782,Sonchus asper,<i>Sonchus</i> <i>asper</i> (L.) Hill,SPECIES,Asteraceae,3065,Sonchus,3105646,Sonchus asper,3105782,99,EXACT
Sonchus arvensis,3105813,Sonchus arvensis,<i>Sonchus</i> <i>arvensis</i> L.,SPECIES,Asteraceae,3065,Sonchus,3105646,Sonchus arvensis,3105813,100,EXACT
Lactuca,3140231,Lactuca,<i>Lactuca</i> L.,GENUS,Asteraceae,3065,Lactuca,3140231,,,94,HIGHERRANK
Lactuca canadensis,3140315,Lactuca canadensis,<i>Lactuca</i> <i>canadensis</i> L.,SPECIES,Asteraceae,3065,Lactuca,3140231,Lactuca canadensis,3140315,99,EXACT
Lactuca hirsuta,7521930,Lactuca hirsuta,<i>Lactuca</i> <i>hirsuta</i> Muhl. ex Nutt.,SPECIES,Asteraceae,3065,Lactuca,3140231,Lactuca hirsuta,7521930,99,EXACT
Lactuca floridana,3140423,Lactuca floridana,<i>Lactuca</i> <i>floridana</i> (L.) Gaertn.,SPECIES,Asteraceae,3065,Lactuca,3140231,Lactuca floridana,3140423,100,EXACT
Lactuca biennis,3140515,Lactuca biennis,<i>Lactuca</i> <i>biennis</i> (Moench) Fernald,SPECIES,Asteraceae,3065,Lactuca,3140231,Lactuca biennis,3140515,100,EXACT
Lactuca pulchella,3140419,Lactuca pulchella,<i>Lactuca</i> <i>pulchella</i> (Pursh) DC.,SPECIES,Asteraceae,3065,Lactuca,3140231,Lactuca pulchella,3140419,100,EXACT
Lactuca saligna,3140467,Lactuca saligna,<i>Lactuca</i> <i>saligna</i> L.,SPECIES,Asteraceae,3065,Lactuca,3140231,Lactuca saligna,3140467,100,EXACT
Lactuca serriola,3140490,Lactuca serriola,<i>Lactuca</i> <i>serriola</i> L.,SPECIES,Asteraceae,3065,Lactuca,3140231,Lactuca serriola,3140490,100,EXACT
Lactuca ludoviciana,3140324,Lactuca ludoviciana,<i>Lactuca</i> <i>ludoviciana</i> (Nutt.) Riddell,SPECIES,Asteraceae,3065,Lactuca,3140231,Lactuca ludoviciana,3140324,100,EXACT
Castilleja coccinea,3170660,Castilleja coccinea,<i>Castilleja</i> <i>coccinea</i> (L.) Spreng.,SPECIES,Orobanchaceae,6651,Castilleja,3170565,Castilleja coccinea,3170660,99,EXACT
Rudbeckia laciniata,3114229,Rudbeckia laciniata,<i>Rudbeckia</i> <i>laciniata</i> L.,SPECIES,Asteraceae,3065,Rudbeckia,3114220,Rudbeckia laciniata,3114229,100,EXACT
Orobanchocede lobatum,6,Plantae,<i>Plantae</i>,KINGDOM,,,,,,,99,HIGHERRANK
Monolepis nuttalliana,5383905,Monolepis nuttalliana,<i>Monolepis</i> <i>nuttalliana</i> (Roem. & Schult.) Greene,SPECIES,Amaranthaceae,3064,Blitum,7723712,Blitum nuttallianum,5568899,100,EXACT
Callirhoe involucrata,5406702,Callirhoe involucrata,<i>Callirhoe</i> <i>involucrata</i> (Nutt. ex Torr. & A.Gray) A.Gray,SPECIES,Malvaceae,6685,Callirhoe,3152285,Callirhoe involucrata,5406702,100,EXACT
Populus mucilaginousa,3040183,Populus,<i>Populus</i> L.,GENUS,Salicaceae,6664,Populus,3040183,,,96,HIGHERRANK
Callirhoe pedata,5406705,Callirhoe pedata,<i>Callirhoe</i> <i>pedata</i> (Nutt. ex Hook.) A.Gray,SPECIES,Malvaceae,6685,Callirhoe,3152285,Callirhoe pedata,5406705,100,EXACT
Malva neglecta,3152373,Malva neglecta,<i>Malva</i> <i>neglecta</i> Wallr.,SPECIES,Malvaceae,6685,Malva,3152364,Malva neglecta,3152373,100,EXACT
Malva moschata,3152379,Malva moschata,<i>Malva</i> <i>moschata</i> L.,SPECIES,Malvaceae,6685,Malva,3152364,Malva moschata,3152379,99,EXACT
Malva sylvestris,3152374,Malva sylvestris,<i>Malva</i> <i>sylvestris</i> L.,SPECIES,Malvaceae,6685,Malva,3152364,Malva sylvestris,3152374,100,EXACT
Napaea dioica,5406715,Napaea dioica,<i>Napaea</i> <i>dioica</i> L.,SPECIES,Malvaceae,6685,Napaea,3152362,Napaea dioica,5406715,100,EXACT
Hydrophyllum appendiculatum,2928279,Hydrophyllum appendiculatum,<i>Hydrophyllum</i> <i>appendiculatum</i> Michx.,SPECIES,Hydrophyllaceae,2387,Hydrophyllum,8906001,Hydrophyllum appendiculatum,2928279,100,EXACT
Hydrophyllum canadense,2928284,Hydrophyllum canadense,<i>Hydrophyllum</i> <i>canadense</i> L.,SPECIES,Hydrophyllaceae,2387,Hydrophyllum,8906001,Hydrophyllum canadense,2928284,100,EXACT
Hydrophyllum virginianum,2928281,Hydrophyllum virginianum,<i>Hydrophyllum</i> <i>virginianum</i> L.,SPECIES,Hydrophyllaceae,2387,Hydrophyllum,8906001,Hydrophyllum virginianum,2928281,100,EXACT
Hydrophyllum macrophyllum,2928283,Hydrophyllum macrophyllum,<i>Hydrophyllum</i> <i>macrophyllum</i> Nutt.,SPECIES,Hydrophyllaceae,2387,Hydrophyllum,8906001,Hydrophyllum macrophyllum,2928283,100,EXACT
Viola bicolor,2874237,Viola,<i>Viola</i> L.,GENUS,Violaceae,6631,Viola,2874237,,,99,HIGHERRANK
Silphium laciniatum,3092583,Silphium laciniatum,<i>Silphium</i> <i>laciniatum</i> L.,SPECIES,Asteraceae,3065,Silphium,3092563,Silphium laciniatum,3092583,99,EXACT
Pedicularis canadensis,3171674,Pedicularis canadensis,<i>Pedicularis</i> <i>canadensis</i> L.,SPECIES,Orobanchaceae,6651,Pedicularis,3171670,Pedicularis canadensis,3171674,100,EXACT
Chrysanthemum leucanthemum,3134125,Chrysanthemum leucanthemum,<i>Chrysanthemum</i> <i>leucanthemum</i> L.,SPECIES,Asteraceae,3065,Leucanthemum,7684028,Leucanthemum vulgare,8848598,100,EXACT
Oenothera laciniata,3188867,Oenothera laciniata,<i>Oenothera</i> <i>laciniata</i> Hill,SPECIES,Onagraceae,2430,Oenothera,3188799,Oenothera laciniata,3188867,100,EXACT
Diplotaxis muralis,5376337,Diplotaxis muralis,<i>Diplotaxis</i> <i>muralis</i> (L.) DC.,SPECIES,Brassicaceae,3112,Diplotaxis,3051461,Diplotaxis muralis,5376337,99,EXACT
Rorippa palustris,3053168,Rorippa palustris,<i>Rorippa</i> <i>palustris</i> (L.) Besser,SPECIES,Brassicaceae,3112,Rorippa,3053118,Rorippa palustris,3053168,99,EXACT
Rorippa sylvestris,3053376,Rorippa sylvestris,<i>Rorippa</i> <i>sylvestris</i> (L.) Besser,SPECIES,Brassicaceae,3112,Rorippa,3053118,Rorippa sylvestris,3053376,100,EXACT
Barbarea vulgaris,5708780,Barbarea vulgaris,<i>Barbarea</i> <i>vulgaris</i> (L.) W.T.Aiton,SPECIES,Brassicaceae,3112,Barbarea,8370997,Barbarea vulgaris,5708780,99,EXACT
Barbarea verna,5374672,Barbarea verna,<i>Barbarea</i> <i>verna</i> (Mill.) Asch.,SPECIES,Brassicaceae,3112,Barbarea,8370997,Barbarea verna,5374672,100,EXACT
Chorispora tenella,3044349,Chorispora tenella,<i>Chorispora</i> <i>tenella</i> (Pall.) DC.,SPECIES,Brassicaceae,3112,Chorispora,3044348,Chorispora tenella,3044349,100,EXACT
Capsella bursa-pastoris,5375388,Capsella bursa-pastoris,<i>Capsella</i> <i>bursa-pastoris</i> (L.) Medik.,SPECIES,Brassicaceae,3112,Capsella,3047430,Capsella bursa-pastoris,5375388,100,EXACT
Lepidium campestre,7703116,Lepidium campestre,<i>Lepidium</i> <i>campestre</i> (L.) W.T.Aiton,SPECIES,Brassicaceae,3112,Lepidium,3051713,Lepidium campestre,7703116,99,EXACT
Lepidium virginicum,5376648,Lepidium virginicum,<i>Lepidium</i> <i>virginicum</i> L.,SPECIES,Brassicaceae,3112,Lepidium,3051713,Lepidium virginicum,5376648,99,EXACT
Arabis glabra,5376011,Arabis glabra,<i>Arabis</i> <i>glabra</i> (L.) Bernh.,SPECIES,Brassicaceae,3112,Turritis,5375994,Turritis glabra,5376000,100,EXACT
Brassica rapa,7903057,Brassica rapa,<i>Brassica</i> <i>rapa</i> L.,SPECIES,Brassicaceae,3112,Brassica,3042506,Brassica rapa,7903057,99,EXACT
Rapistrum cabbage,8306649,Rapistrum,<i>Rapistrum</i> Crantz,GENUS,Brassicaceae,3112,Rapistrum,8306649,,,95,HIGHERRANK
Bunias orientalis,3050364,Bunias orientalis,<i>Bunias</i> <i>orientalis</i> L.,SPECIES,Brassicaceae,3112,Bunias,3050356,Bunias orientalis,3050364,100,EXACT
Brassica nigra,3042658,Brassica nigra,<i>Brassica</i> <i>nigra</i> (L.) W.D.J.Koch,SPECIES,Brassicaceae,3112,Brassica,3042506,Brassica nigra,3042658,99,EXACT
Sinapis alba,3047621,Sinapis alba,<i>Sinapis</i> <i>alba</i> L.,SPECIES,Brassicaceae,3112,Sinapis,3047584,Sinapis alba,3047621,100,EXACT
Sisymbrium officinale,3046890,Sisymbrium officinale,<i>Sisymbrium</i> <i>officinale</i> (L.) Scop.,SPECIES,Brassicaceae,3112,Sisymbrium,3046735,Sisymbrium officinale,3046890,100,EXACT
Sisymbrium loeselii,3046875,Sisymbrium loeselii,<i>Sisymbrium</i> <i>loeselii</i> L.,SPECIES,Brassicaceae,3112,Sisymbrium,3046735,Sisymbrium loeselii,3046875,99,EXACT
Sisymbrium altissimum,3046736,Sisymbrium altissimum,<i>Sisymbrium</i> <i>altissimum</i> L.,SPECIES,Brassicaceae,3112,Sisymbrium,3046735,Sisymbrium altissimum,3046736,99,EXACT
Coincya monensis,3040600,Coincya monensis,<i>Coincya</i> <i>monensis</i> (L.) Greuter & Burdet,SPECIES,Brassicaceae,3112,Coincya,3040581,Coincya monensis,3040600,100,EXACT
Erucastrum gallicum,5375547,Erucastrum gallicum,<i>Erucastrum</i> <i>gallicum</i> (Willd.) O.E.Schulz,SPECIES,Brassicaceae,3112,Erucastrum,7508856,Erucastrum gallicum,5375547,100,EXACT
Sinapis arvensis,3047598,Sinapis arvensis,<i>Sinapis</i> <i>arvensis</i> L.,SPECIES,Brassicaceae,3112,Sinapis,3047584,Sinapis arvensis,3047598,99,EXACT
Raphanus raphanistrum,3040983,Raphanus raphanistrum,<i>Raphanus</i> <i>raphanistrum</i> L.,SPECIES,Brassicaceae,3112,Raphanus,3040962,Raphanus raphanistrum,3040983,99,EXACT
Heracleum lanatum,3034828,Heracleum lanatum,<i>Heracleum</i> <i>lanatum</i> Michx.,SPECIES,Apiaceae,6720,Heracleum,3034824,Heracleum maximum,3034826,100,EXACT
Heracleum mantegazzianum,3034825,Heracleum mantegazzianum,<i>Heracleum</i> <i>mantegazzianum</i> Sommier & Levier,SPECIES,Apiaceae,6720,Heracleum,3034824,Heracleum mantegazzianum,3034825,100,EXACT
Cryptotaenia canadensis,3034433,Cryptotaenia canadensis,<i>Cryptotaenia</i> <i>canadensis</i> (L.) DC.,SPECIES,Apiaceae,6720,Cryptotaenia,3034431,Cryptotaenia canadensis,3034433,100,EXACT
Sanicula,3034831,Sanicula,<i>Sanicula</i> L.,GENUS,Apiaceae,6720,Sanicula,3034831,,,80,HIGHERRANK
Oxypolis rigidior,3034755,Oxypolis rigidior,<i>Oxypolis</i> <i>rigidior</i> (L.) Raf.,SPECIES,Apiaceae,6720,Oxypolis,3034746,Oxypolis rigidior,3034755,100,EXACT
Parsnip sativa,6,Plantae,<i>Plantae</i>,KINGDOM,,,,,,,99,HIGHERRANK
Pimpinella saxifraga,7622278,Pimpinella saxifraga,<i>Pimpinella</i> <i>saxifraga</i> L.,SPECIES,Apiaceae,6720,Pimpinella,3034784,Pimpinella saxifraga,7622278,99,EXACT
Pimpinella anisum,8080300,Pimpinella anisum,<i>Pimpinella</i> <i>anisum</i> L.,SPECIES,Apiaceae,6720,Pimpinella,3034784,Pimpinella anisum,8080300,99,EXACT
Cardamine pratensis,7972010,Cardamine pratensis,<i>Cardamine</i> <i>pratensis</i> L.,SPECIES,Brassicaceae,3112,Cardamine,3045622,Cardamine pratensis,7972010,99,EXACT
Cardamine hirsuta,3046258,Cardamine hirsuta,<i>Cardamine</i> <i>hirsuta</i> L.,SPECIES,Brassicaceae,3112,Cardamine,3045622,Cardamine hirsuta,3046258,99,EXACT
Cardamine pensylvanica,3045880,Cardamine pensylvanica,<i>Cardamine</i> <i>pensylvanica</i> Muhl.,SPECIES,Brassicaceae,3112,Cardamine,3045622,Cardamine pensylvanica,3045880,99,EXACT
Cardamine imaptiens,3046187,Cardamine impatiens,<i>Cardamine</i> <i>impatiens</i> L.,SPECIES,Brassicaceae,3112,Cardamine,3045622,Cardamine impatiens,3046187,96,VARIANT
Lepidium didymum,5377060,Lepidium didymum,<i>Lepidium</i> <i>didymum</i> L.,SPECIES,Brassicaceae,3112,Lepidium,3051713,Lepidium didymum,5377060,100,EXACT
Duchesnea indica,3031919,Duchesnea indica,<i>Duchesnea</i> <i>indica</i> (Andrews) Focke,SPECIES,Rosaceae,5015,Potentilla,8079058,Potentilla indica,5365717,99,EXACT
Trifolium pratense,8324121,Trifolium pratense,<i>Trifolium</i> <i>pratense</i> L.,SPECIES,Fabaceae,5386,Trifolium,2973363,Trifolium pratense,8324121,100,EXACT
Phacelia dubia,2928259,Phacelia dubia,<i>Phacelia</i> <i>dubia</i> (L.) Trel.,SPECIES,Hydrophyllaceae,2387,Phacelia,8988077,Phacelia dubia,2928259,100,EXACT
Phacelia bipinnatifida,2928138,Phacelia bipinnatifida,<i>Phacelia</i> <i>bipinnatifida</i> Michx.,SPECIES,Hydrophyllaceae,2387,Phacelia,8988077,Phacelia bipinnatifida,2928138,99,EXACT
Geum rivale,5369701,Geum rivale,<i>Geum</i> <i>rivale</i> L.,SPECIES,Rosaceae,5015,Geum,3024294,Geum rivale,5369701,99,EXACT
Taenidia integerrima,5371759,Taenidia integerrima,<i>Taenidia</i> <i>integerrima</i> (L.) Drude,SPECIES,Apiaceae,6720,Taenidia,7679098,Taenidia integerrima,5371759,100,EXACT
Ligusticum canadense,3034793,Ligusticum canadense,<i>Ligusticum</i> <i>canadense</i> (L.) Britton,SPECIES,Apiaceae,6720,Ligusticum,3034791,Ligusticum canadense,3034793,99,EXACT
American lovage,6,Plantae,<i>Plantae</i>,KINGDOM,,,,,,,99,HIGHERRANK
Oenanthe javanica,5371886,Oenanthe javanica,<i>Oenanthe</i> <i>javanica</i> (Blume) DC.,SPECIES,Apiaceae,6720,Oenanthe,3034893,Oenanthe javanica,5371886,100,EXACT
Ligusticum scoticum,9199378,Ligusticum scoticum,"<i>Ligusticum</i> <i>scoticum</i> Lour., 1790",SPECIES,Apiaceae,6720,Ligusticum,3034791,Ligusticum scoticum,9199378,100,EXACT
Dysphania ambrosioides,5568446,Dysphania ambrosioides,<i>Dysphania</i> <i>ambrosioides</i> (L.) Mosyakin & Clemants,SPECIES,Amaranthaceae,3064,Dysphania,3083582,Dysphania ambrosioides,5568446,100,EXACT
Angelica lucida,5371791,Angelica lucida,<i>Angelica</i> <i>lucida</i> L.,SPECIES,Apiaceae,6720,Angelica,3034560,Angelica lucida,5371791,100,EXACT
Angelica atropurpurea,5371822,Angelica atropurpurea,<i>Angelica</i> <i>atropurpurea</i> L.,SPECIES,Apiaceae,6720,Angelica,3034560,Angelica atropurpurea,5371822,100,EXACT
Angelica triquinata,5371789,Angelica triquinata,<i>Angelica</i> <i>triquinata</i> Michx.,SPECIES,Apiaceae,6720,Angelica,3034560,Angelica triquinata,5371789,99,EXACT
Angelica venenosa,5371819,Angelica venenosa,<i>Angelica</i> <i>venenosa</i> (Greenway) Fernald,SPECIES,Apiaceae,6720,Angelica,3034560,Angelica venenosa,5371819,100,EXACT
Angelica sylvestris,5371818,Angelica sylvestris,<i>Angelica</i> <i>sylvestris</i> L.,SPECIES,Apiaceae,6720,Angelica,3034560,Angelica sylvestris,5371818,100,EXACT
Aegopodium podagraria,3034620,Aegopodium podagraria,<i>Aegopodium</i> <i>podagraria</i> L.,SPECIES,Apiaceae,6720,Aegopodium,3034619,Aegopodium podagraria,3034620,100,EXACT
Polytaenia nuttallii,5371857,Polytaenia nuttallii,<i>Polytaenia</i> <i>nuttallii</i> DC.,SPECIES,Apiaceae,6720,Polytaenia,2653076,Polytaenia nuttallii,5371857,100,EXACT
Osmorhiza longistylis,3034155,Osmorhiza longistylis,<i>Osmorhiza</i> <i>longistylis</i> (Torr.) DC.,SPECIES,Apiaceae,6720,Osmorhiza,3034140,Osmorhiza longistylis,3034155,100,EXACT
Osmorhiza claytonii,3034145,Osmorhiza claytonii,<i>Osmorhiza</i> <i>claytonii</i> (Michx.) C.B.Clarke,SPECIES,Apiaceae,6720,Osmorhiza,3034140,Osmorhiza claytonii,3034145,99,EXACT
Aquilegia canadensis,3033197,Aquilegia canadensis,<i>Aquilegia</i> <i>canadensis</i> L.,SPECIES,Ranunculaceae,2410,Aquilegia,3033167,Aquilegia canadensis,3033197,99,EXACT
Matricaria matricarioides,3103805,Matricaria matricarioides,"<i>Matricaria</i> <i>matricarioides</i> (Less.) Porter, 1894",SPECIES,Asteraceae,3065,Matricaria,3103757,Matricaria discoidea,3103791,99,EXACT
Foeniculum vulgare,3034922,Foeniculum vulgare,<i>Foeniculum</i> <i>vulgare</i> Mill.,SPECIES,Apiaceae,6720,Foeniculum,10704390,Foeniculum vulgare,3034922,99,EXACT
Conioselinum chinense,3034690,Conioselinum chinense,"<i>Conioselinum</i> <i>chinense</i> (L.) Britton, Sterns & Poggenb.",SPECIES,Apiaceae,6720,Kreidion,6026518,Kreidion chinensis,3631470,100,EXACT
Carum carvi,3034714,Carum carvi,<i>Carum</i> <i>carvi</i> L.,SPECIES,Apiaceae,6720,Carum,3034712,Carum carvi,3034714,100,EXACT
Caraway wild,6,Plantae,<i>Plantae</i>,KINGDOM,,,,,,,99,HIGHERRANK
Perideridia americana,7827848,Perideridia americana,<i>Perideridia</i> <i>americana</i> (Nutt. ex DC.) Rchb.,SPECIES,Apiaceae,6720,Perideridia,3034536,Perideridia americana,7827848,99,EXACT
Perideridia gairdneri,3034543,Perideridia gairdneri,<i>Perideridia</i> <i>gairdneri</i> (Hook. & Arn.) Mathias,SPECIES,Apiaceae,6720,Perideridia,3034536,Perideridia gairdneri,3034543,100,EXACT
Erigenia bulbosa,3034769,Erigenia bulbosa,<i>Erigenia</i> <i>bulbosa</i> (Michx.) Nutt.,SPECIES,Apiaceae,6720,Erigenia,3034768,Erigenia bulbosa,3034769,100,EXACT
Musineon divaricatum,3034880,Musineon divaricatum,<i>Musineon</i> <i>divaricatum</i> (Pursh) Nutt.,SPECIES,Apiaceae,6720,Musineon,3034879,Musineon divaricatum,3034880,99,EXACT
Lomatium orientale,3034346,Lomatium orientale,<i>Lomatium</i> <i>orientale</i> J.M.Coult. & Rose,SPECIES,Apiaceae,6720,Lomatium,8394726,Lomatium orientale,3034346,100,EXACT
Anthriscus sylvestris,5371742,Anthriscus sylvestris,<i>Anthriscus</i> <i>sylvestris</i> (L.) Hoffm.,SPECIES,Apiaceae,6720,Anthriscus,5371741,Anthriscus sylvestris,5371742,100,EXACT
Torilis japonica,3034820,Torilis japonica,<i>Torilis</i> <i>japonica</i> (Houtt.) DC.,SPECIES,Apiaceae,6720,Torilis,3034818,Torilis japonica,3034820,100,EXACT
Torilis arvensis,3034823,Torilis arvensis,<i>Torilis</i> <i>arvensis</i> (Huds.) Link,SPECIES,Apiaceae,6720,Torilis,3034818,Torilis arvensis,3034823,100,EXACT
Daucus carota,3034742,Daucus carota,<i>Daucus</i> <i>carota</i> L.,SPECIES,Apiaceae,6720,Daucus,3034740,Daucus carota,3034742,99,EXACT
Chaerophyllum tainturieri,3034651,Chaerophyllum tainturieri,<i>Chaerophyllum</i> <i>tainturieri</i> Hook. & Arn.,SPECIES,Apiaceae,6720,Chaerophyllum,3034649,Chaerophyllum tainturieri,3034651,100,EXACT
Chaerophyllum procumbens,3034652,Chaerophyllum procumbens,<i>Chaerophyllum</i> <i>procumbens</i> (L.) Crantz,SPECIES,Apiaceae,6720,Chaerophyllum,3034649,Chaerophyllum procumbens,3034652,100,EXACT
Descurainia pinnata,3044133,Descurainia pinnata,<i>Descurainia</i> <i>pinnata</i> (Walter) Britton,SPECIES,Brassicaceae,3112,Descurainia,3044104,Descurainia pinnata,3044133,100,EXACT
Descurainia sophia,3044318,Descurainia sophia,<i>Descurainia</i> <i>sophia</i> (L.) Webb ex Prantl,SPECIES,Brassicaceae,3112,Descurainia,3044104,Descurainia sophia,3044318,99,EXACT
Erodium cicutarium,9485490,Erodium cicutarium,<i>Erodium</i> <i>cicutarium</i> (L.) L'Hér.,SPECIES,Geraniaceae,4676,Erodium,2891616,Erodium cicutarium,9485490,99,EXACT
Cardiospermum halicacabum,3189939,Cardiospermum halicacabum,<i>Cardiospermum</i> <i>halicacabum</i> L.,SPECIES,Sapindaceae,6657,Cardiospermum,3189931,Cardiospermum halicacabum,3189939,100,EXACT
Lathyrus latifolius,5356517,Lathyrus latifolius,<i>Lathyrus</i> <i>latifolius</i> L.,SPECIES,Fabaceae,5386,Lathyrus,10356062,Lathyrus latifolius,5356517,99,EXACT
Lathyrus sylvestris,5356623,Lathyrus sylvestris,<i>Lathyrus</i> <i>sylvestris</i> L.,SPECIES,Fabaceae,5386,Lathyrus,10356062,Lathyrus sylvestris,5356623,100,EXACT
Lathyrus tuberosus,5356522,Lathyrus tuberosus,<i>Lathyrus</i> <i>tuberosus</i> L.,SPECIES,Fabaceae,5386,Lathyrus,10356062,Lathyrus tuberosus,5356522,100,EXACT
Lathyrus ochroleucus,5356371,Lathyrus ochroleucus,<i>Lathyrus</i> <i>ochroleucus</i> Hook.,SPECIES,Fabaceae,5386,Lathyrus,10356062,Lathyrus ochroleucus,5356371,99,EXACT
Lathyrus japonicus,5356714,Lathyrus japonicus,<i>Lathyrus</i> <i>japonicus</i> Willd.,SPECIES,Fabaceae,5386,Lathyrus,10356062,Lathyrus japonicus,5356714,100,EXACT
Amphicarpaea bracteata,2960161,Amphicarpaea bracteata,<i>Amphicarpaea</i> <i>bracteata</i> (L.) Fernald,SPECIES,Fabaceae,5386,Amphicarpaea,2960157,Amphicarpaea bracteata,2960161,99,EXACT
Phaseolus polystachios,5350430,Phaseolus polystachios,"<i>Phaseolus</i> <i>polystachios</i> (L.) Britton, Sterns & Poggenb.",SPECIES,Fabaceae,5386,Phaseolus,2947798,Phaseolus polystachios,5350430,100,EXACT
Strophostyles helvola,3912996,Strophostyles helvola,<i>Strophostyles</i> <i>helvola</i> (L.) Elliott,SPECIES,Fabaceae,5386,Strophostyles,2981480,Strophostyles helvola,3912996,100,EXACT
Apios americana,2966796,Apios americana,<i>Apios</i> <i>americana</i> Medik.,SPECIES,Fabaceae,5386,Apios,2966790,Apios americana,2966796,100,EXACT
Vicia,2974751,Vicia,<i>Vicia</i> L.,GENUS,Fabaceae,5386,Vicia,2974751,,,80,HIGHERRANK
Vicia sativa,2975014,Vicia sativa,<i>Vicia</i> <i>sativa</i> L.,SPECIES,Fabaceae,5386,Vicia,2974751,Vicia sativa,2975014,99,EXACT
Vicia caroliniana,2975000,Vicia caroliniana,<i>Vicia</i> <i>caroliniana</i> Walter,SPECIES,Fabaceae,5386,Vicia,2974751,Vicia caroliniana,2975000,100,EXACT
Vicia americana,2975204,Vicia americana,<i>Vicia</i> <i>americana</i> Muhl. ex Willd.,SPECIES,Fabaceae,5386,Vicia,2974751,Vicia americana,2975204,99,EXACT
Vicia villosa,9182154,Vicia villosa,<i>Vicia</i> <i>villosa</i> Roth,SPECIES,Fabaceae,5386,Vicia,2974751,Vicia villosa,9182154,99,EXACT
Vicia cracca,2975287,Vicia cracca,<i>Vicia</i> <i>cracca</i> L.,SPECIES,Fabaceae,5386,Vicia,2974751,Vicia cracca,2975287,99,EXACT
Dioscorea polystachya,2754732,Dioscorea polystachya,<i>Dioscorea</i> <i>polystachya</i> Turcz.,SPECIES,Dioscoreaceae,7694,Dioscorea,2754367,Dioscorea polystachya,2754732,100,EXACT
Fallopia,2889418,Fallopia,<i>Fallopia</i> Adans.,GENUS,Polygonaceae,2416,Fallopia,2889418,,,95,HIGHERRANK
Ipomoea pandurata,2928514,Ipomoea pandurata,<i>Ipomoea</i> <i>pandurata</i> (L.) G.Mey.,SPECIES,Convolvulaceae,2389,Ipomoea,2928509,Ipomoea pandurata,2928514,99,EXACT
Cucurbita foetidissima,2874521,Cucurbita foetidissima,<i>Cucurbita</i> <i>foetidissima</i> Kunth,SPECIES,Cucurbitaceae,6634,Cucurbita,2874506,Cucurbita foetidissima,2874521,100,EXACT
Cucurbita pepo,2874508,Cucurbita pepo,<i>Cucurbita</i> <i>pepo</i> L.,SPECIES,Cucurbitaceae,6634,Cucurbita,2874506,Cucurbita pepo,2874508,99,EXACT
Elothria pendula,6,Plantae,<i>Plantae</i>,KINGDOM,,,,,,,99,HIGHERRANK
Humulus lupulus,2984535,Humulus lupulus,<i>Humulus</i> <i>lupulus</i> L.,SPECIES,Cannabaceae,2384,Humulus,2984534,Humulus lupulus,2984535,99,EXACT
Passiflora incarnata,2874218,Passiflora incarnata,<i>Passiflora</i> <i>incarnata</i> L.,SPECIES,Passifloraceae,2378,Passiflora,2874172,Passiflora incarnata,2874218,99,EXACT
Passiflora lutea,2874220,Passiflora lutea,<i>Passiflora</i> <i>lutea</i> L.,SPECIES,Passifloraceae,2378,Passiflora,2874172,Passiflora lutea,2874220,99,EXACT
Trillium,2742182,Trillium,<i>Trillium</i> L.,GENUS,Melanthiaceae,7700,Trillium,2742182,,,80,HIGHERRANK
Lilium,2752977,Lilium,<i>Lilium</i> Tourn. ex L.,GENUS,Liliaceae,7699,Lilium,2752977,,,80,HIGHERRANK
Medeola virginiana,2750658,Medeola virginiana,<i>Medeola</i> <i>virginiana</i> L.,SPECIES,Liliaceae,7699,Medeola,2750657,Medeola virginiana,2750658,100,EXACT
Cornus canadensis,3082270,Cornus canadensis,<i>Cornus</i> <i>canadensis</i> L.,SPECIES,Cornaceae,6713,Cornus,3082226,Cornus canadensis,3082270,99,EXACT
Cornus suecicia,3082246,Cornus suecica,<i>Cornus</i> <i>suecica</i> L.,SPECIES,Cornaceae,6713,Cornus,3082226,Cornus suecica,3082246,96,VARIANT
Sedum sarmentosum,5362004,Sedum sarmentosum,<i>Sedum</i> <i>sarmentosum</i> Bunge,SPECIES,Crassulaceae,2406,Sedum,5361975,Sedum sarmentosum,5362004,100,EXACT
Sedum ternatum,5362037,Sedum ternatum,<i>Sedum</i> <i>ternatum</i> Michx.,SPECIES,Crassulaceae,2406,Sedum,5361975,Sedum ternatum,5362037,100,EXACT
Gallium aparine,2913548,Galium aparine,<i>Galium</i> <i>aparine</i> L.,SPECIES,Rubiaceae,8798,Galium,2913027,Galium aparine,2913548,89,VARIANT
Panax trifolius,5372277,Panax trifolius,<i>Panax</i> <i>trifolius</i> L.,SPECIES,Araliaceae,8800,Panax,3037591,Panax trifolius,5372277,100,EXACT
Panax quinquefolia,5372246,Panax quinquefolius,<i>Panax</i> <i>quinquefolius</i> L.,SPECIES,Araliaceae,8800,Panax,3037591,Panax quinquefolius,5372246,97,VARIANT
Calamintia arkansana,5341435,Calamintha arkansana,<i>Calamintha</i> <i>arkansana</i> (Nutt.) Shinners,SPECIES,Lamiaceae,2497,Clinopodium,2926907,Clinopodium arkansanum,2926930,88,VARIANT
Virginia pycnanthemum,6,Plantae,<i>Plantae</i>,KINGDOM,,,,,,,99,HIGHERRANK
Pycnanthemum,2927338,Pycnanthemum,<i>Pycnanthemum</i> Michx.,GENUS,Lamiaceae,2497,Pycnanthemum,2927338,,,95,HIGHERRANK
Pycnanthemum verticillatum,2927363,Pycnanthemum verticillatum,<i>Pycnanthemum</i> <i>verticillatum</i> (Michx.) Pers.,SPECIES,Lamiaceae,2497,Pycnanthemum,2927338,Pycnanthemum verticillatum,2927363,99,EXACT
Hedeoma pulegioides,2926704,Hedeoma pulegioides,<i>Hedeoma</i> <i>pulegioides</i> (L.) Pers.,SPECIES,Lamiaceae,2497,Hedeoma,2926689,Hedeoma pulegioides,2926704,100,EXACT
Satureja vulgaris,2926907,Clinopodium,<i>Clinopodium</i> L.,GENUS,Lamiaceae,2497,Clinopodium,2926907,,,99,HIGHERRANK
Origanum vulgare,2926612,Origanum vulgare,<i>Origanum</i> <i>vulgare</i> L.,SPECIES,Lamiaceae,2497,Origanum,2926611,Origanum vulgare,2926612,99,EXACT
Cunila origanoides,5341316,Cunila origanoides,<i>Cunila</i> <i>origanoides</i> (L.) Britton,SPECIES,Lamiaceae,2497,Cunila,8399344,Cunila origanoides,5341316,100,EXACT
Agastache foeniculum,2926406,Agastache foeniculum,<i>Agastache</i> <i>foeniculum</i> (Pursh) Kuntze,SPECIES,Lamiaceae,2497,Agastache,2926389,Agastache foeniculum,2926406,100,EXACT
Marrubium horehound,2927068,Marrubium,<i>Marrubium</i> L.,GENUS,Lamiaceae,2497,Marrubium,2927068,,,96,HIGHERRANK
Nepeta cataria,5341499,Nepeta cataria,<i>Nepeta</i> <i>cataria</i> L.,SPECIES,Lamiaceae,2497,Nepeta,2927325,Nepeta cataria,5341499,100,EXACT
Perilla frutescens,5341394,Perilla frutescens,<i>Perilla</i> <i>frutescens</i> (L.) Britton,SPECIES,Lamiaceae,2497,Perilla,2926832,Perilla frutescens,5341394,99,EXACT
Mentha,2927173,Mentha,<i>Mentha</i> L.,GENUS,Lamiaceae,2497,Mentha,2927173,,,80,HIGHERRANK
Mentha arvensis,2927192,Mentha arvensis,<i>Mentha</i> <i>arvensis</i> L.,SPECIES,Lamiaceae,2497,Mentha,2927173,Mentha arvensis,2927192,100,EXACT
Mentha spicata,2927175,Mentha spicata,<i>Mentha</i> <i>spicata</i> L.,SPECIES,Lamiaceae,2497,Mentha,2927173,Mentha spicata,2927175,99,EXACT
Mentha piperata,3897162,Mentha piperata,"<i>Mentha</i> <i>piperata</i> Stokes, 1812",SPECIES,Lamiaceae,2497,Mentha,2927173,Mentha piperata,3897162,99,EXACT
Blephilia hirsuta,2926501,Blephilia hirsuta,<i>Blephilia</i> <i>hirsuta</i> (Pursh) Benth.,SPECIES,Lamiaceae,2497,Blephilia,2926500,Blephilia hirsuta,2926501,100,EXACT
Glechoma hederacea,2926557,Glechoma hederacea,<i>Glechoma</i> <i>hederacea</i> L.,SPECIES,Lamiaceae,2497,Glechoma,2926556,Glechoma hederacea,2926557,100,EXACT
Monarda,2926838,Monarda,<i>Monarda</i> L.,GENUS,Lamiaceae,2497,Monarda,2926838,,,80,HIGHERRANK
Monarda didyma,5341407,Monarda didyma,<i>Monarda</i> <i>didyma</i> L.,SPECIES,Lamiaceae,2497,Monarda,2926838,Monarda didyma,5341407,100,EXACT
Lamium purpureum,2926682,Lamium purpureum,<i>Lamium</i> <i>purpureum</i> L.,SPECIES,Lamiaceae,2497,Lamium,2926678,Lamium purpureum,2926682,100,EXACT
Lamium amplexicaule,2926679,Lamium amplexicaule,<i>Lamium</i> <i>amplexicaule</i> L.,SPECIES,Lamiaceae,2497,Lamium,2926678,Lamium amplexicaule,2926679,100,EXACT
Stachys floridana,2927237,Stachys floridana,<i>Stachys</i> <i>floridana</i> Shuttlew. ex Benth.,SPECIES,Lamiaceae,2497,Stachys,2927228,Stachys floridana,2927237,99,EXACT
Stachys palustris,2927245,Stachys palustris,<i>Stachys</i> <i>palustris</i> L.,SPECIES,Lamiaceae,2497,Stachys,2927228,Stachys palustris,2927245,99,EXACT
Galeopsis tetrahit,5341300,Galeopsis tetrahit,<i>Galeopsis</i> <i>tetrahit</i> L.,SPECIES,Lamiaceae,2497,Galeopsis,8423109,Galeopsis tetrahit,5341300,100,EXACT
Lycopus,2927122,Lycopus,<i>Lycopus</i> L.,GENUS,Lamiaceae,2497,Lycopus,2927122,,,80,HIGHERRANK
Urtica dioica,7960979,Urtica dioica,<i>Urtica</i> <i>dioica</i> L.,SPECIES,Urticaceae,6639,Urtica,2984391,Urtica dioica,7960979,99,EXACT
Urtica chamaedryoides,5361812,Urtica chamaedryoides,<i>Urtica</i> <i>chamaedryoides</i> Pursh,SPECIES,Urticaceae,6639,Urtica,2984391,Urtica chamaedryoides,5361812,100,EXACT
Urtica urens,5361815,Urtica urens,<i>Urtica</i> <i>urens</i> L.,SPECIES,Urticaceae,6639,Urtica,2984391,Urtica urens,5361815,99,EXACT
Rhexia virginica,6370198,Rhexia virginica,<i>Rhexia</i> <i>virginica</i> L.,SPECIES,Melastomataceae,6683,Rhexia,7793133,Rhexia virginica,6370198,100,EXACT
Hypericum ascryon,3189479,Hypericum ascyron,<i>Hypericum</i> <i>ascyron</i> L.,SPECIES,Hypericaceae,4900406,Hypericum,3189452,Hypericum ascyron,3189479,95,VARIANT
Lythrum salicaria,3188736,Lythrum salicaria,<i>Lythrum</i> <i>salicaria</i> L.,SPECIES,Lythraceae,6684,Lythrum,3188731,Lythrum salicaria,3188736,100,EXACT
Stellaria graminea,5384616,Stellaria graminea,<i>Stellaria</i> <i>graminea</i> L.,SPECIES,Caryophyllaceae,2518,Stellaria,3085667,Stellaria graminea,5384616,99,EXACT
Bidens alba,5391861,Bidens alba,<i>Bidens</i> <i>alba</i> (L.) DC.,SPECIES,Asteraceae,3065,Bidens,3105856,Bidens alba,5391861,100,EXACT
Bidens bipinnata,5389402,Bidens bipinnata,<i>Bidens</i> <i>bipinnata</i> L.,SPECIES,Asteraceae,3065,Bidens,3105856,Bidens bipinnata,5389402,99,EXACT
Honckenya peploides,3085776,Honckenya peploides,<i>Honckenya</i> <i>peploides</i> (L.) Ehrh.,SPECIES,Caryophyllaceae,2518,Honckenya,3085775,Honckenya peploides,3085776,100,EXACT
Sesuvium portulacastrum,3084883,Sesuvium portulacastrum,<i>Sesuvium</i> <i>portulacastrum</i> (L.) L.,SPECIES,Aizoaceae,6752,Sesuvium,3084879,Sesuvium portulacastrum,3084883,100,EXACT
Sesuvium verrucosum,3084886,Sesuvium verrucosum,<i>Sesuvium</i> <i>verrucosum</i> Raf.,SPECIES,Aizoaceae,6752,Sesuvium,3084879,Sesuvium revolutifolium,7849556,100,EXACT
Stellaria,11500071,Stellaria,"<i>Stellaria</i> sp. (Linnaeus, 1753) Vill.",SPECIES,Caryophyllaceae,2518,Stellaria,3085667,Stellaria,11500071,98,HIGHERRANK
Stellaria media,5384604,Stellaria media,<i>Stellaria</i> <i>media</i> (L.) Vill.,SPECIES,Caryophyllaceae,2518,Stellaria,3085667,Stellaria media,5384604,99,EXACT
Stellaria pubera,5384664,Stellaria pubera,<i>Stellaria</i> <i>pubera</i> Michx.,SPECIES,Caryophyllaceae,2518,Stellaria,3085667,Stellaria pubera,5384664,100,EXACT
Stellaria aqatica,3085667,Stellaria,<i>Stellaria</i> L.,GENUS,Caryophyllaceae,2518,Stellaria,3085667,,,95,HIGHERRANK
Cerastium fontanum,3085458,Cerastium fontanum,<i>Cerastium</i> <i>fontanum</i> Baumg.,SPECIES,Caryophyllaceae,2518,Cerastium,2873815,Cerastium fontanum,3085458,100,EXACT
Drymaria cordata,5384509,Drymaria cordata,<i>Drymaria</i> <i>cordata</i> (L.) Willd. ex Schult.,SPECIES,Caryophyllaceae,2518,Drymaria,3085329,Drymaria cordata,5384509,99,EXACT
Proboscidea louisiana,5415102,Proboscidea louisiana,<i>Proboscidea</i> <i>louisiana</i> (Mill.) Wooton & Standl.,SPECIES,Martyniaceae,3233525,Proboscidea,2627559,Proboscidea louisianica,5415100,99,EXACT
Phlox divaricata,2927730,Phlox divaricata,<i>Phlox</i> <i>divaricata</i> L.,SPECIES,Polemoniaceae,6648,Phlox,2927698,Phlox divaricata,2927730,99,EXACT
Phlox pilosa,2927734,Phlox pilosa,<i>Phlox</i> <i>pilosa</i> L.,SPECIES,Polemoniaceae,6648,Phlox,2927698,Phlox pilosa,2927734,99,EXACT
Asclapias syriaca,3170247,Asclepias syriaca,<i>Asclepias</i> <i>syriaca</i> L.,SPECIES,Apocynaceae,6701,Asclepias,3170229,Asclepias syriaca,3170247,86,VARIANT
Asclepias speciosa,3170260,Asclepias speciosa,<i>Asclepias</i> <i>speciosa</i> Torr.,SPECIES,Apocynaceae,6701,Asclepias,3170229,Asclepias speciosa,3170260,100,EXACT
Asclepias viridiflora,3170313,Asclepias viridiflora,<i>Asclepias</i> <i>viridiflora</i> Raf.,SPECIES,Apocynaceae,6701,Asclepias,3170229,Asclepias viridiflora,3170313,99,EXACT
Asclepias arenaria,3170290,Asclepias arenaria,<i>Asclepias</i> <i>arenaria</i> Torr.,SPECIES,Apocynaceae,6701,Asclepias,3170229,Asclepias arenaria,3170290,100,EXACT
Asclepias exaltata,3170307,Asclepias exaltata,<i>Asclepias</i> <i>exaltata</i> L.,SPECIES,Apocynaceae,6701,Asclepias,3170229,Asclepias exaltata,3170307,99,EXACT
Pilea pumila,5361818,Pilea pumila,<i>Pilea</i> <i>pumila</i> (L.) A.Gray,SPECIES,Urticaceae,6639,Pilea,2984417,Pilea pumila,5361818,99,EXACT
Boehmeria cylindrica,2984345,Boehmeria cylindrica,<i>Boehmeria</i> <i>cylindrica</i> (L.) Sw.,SPECIES,Urticaceae,6639,Boehmeria,2984344,Boehmeria cylindrica,2984345,99,EXACT
Galinsoga,3132547,Galinsoga,<i>Galinsoga</i> Ruiz & Pav.,GENUS,Asteraceae,3065,Galinsoga,3132547,,,80,HIGHERRANK
Helianthus tuberosus,3119175,Helianthus tuberosus,<i>Helianthus</i> <i>tuberosus</i> L.,SPECIES,Asteraceae,3065,Helianthus,3119134,Helianthus tuberosus,3119175,99,EXACT
Iva annua,5402627,Iva annua,<i>Iva</i> <i>annua</i> L.,SPECIES,Asteraceae,3065,Iva,3141879,Iva annua,5402627,99,EXACT
Ambrosia trifida,3110588,Ambrosia trifida,<i>Ambrosia</i> <i>trifida</i> L.,SPECIES,Asteraceae,3065,Ambrosia,3110576,Ambrosia trifida,3110588,100,EXACT
Eclipta prostrata,5384950,Eclipta prostrata,<i>Eclipta</i> <i>prostrata</i> (L.) L.,SPECIES,Asteraceae,3065,Eclipta,3086569,Eclipta prostrata,5384950,99,EXACT
Pedicularis lanceolata,3171676,Pedicularis lanceolata,<i>Pedicularis</i> <i>lanceolata</i> Michx.,SPECIES,Orobanchaceae,6651,Pedicularis,3171670,Pedicularis lanceolata,3171676,100,EXACT
Artiplex,11477817,Atriplex,"<i>Atriplex</i> sp. Linnaeus, 1755",SPECIES,Amaranthaceae,3064,Atriplex,10651755,Atriplex,11477817,86,HIGHERRANK
Asparagus officinalis,2768885,Asparagus officinalis,<i>Asparagus</i> <i>officinalis</i> L.,SPECIES,Asparagaceae,7683,Asparagus,9527393,Asparagus officinalis,2768885,99,EXACT
Salsola tragus,3083945,Salsola tragus,<i>Salsola</i> <i>tragus</i> L.,SPECIES,Amaranthaceae,3064,Salsola,3083944,Salsola tragus,3083945,100,EXACT
Suaeda,7677792,Suaeda,<i>Suaeda</i> Scop.,GENUS,Amaranthaceae,3064,Suaeda,7677792,,,95,HIGHERRANK
Amaranthus,11706057,Amaranthus,"<i>Amaranthus</i> sp. Linnaeus, 1753",SPECIES,Amaranthaceae,3064,Amaranthus,3085074,Amaranthus,11706057,98,HIGHERRANK
Amaranthus blitoides,5384395,Amaranthus blitoides,<i>Amaranthus</i> <i>blitoides</i> S.Watson,SPECIES,Amaranthaceae,3064,Amaranthus,3085074,Amaranthus blitoides,5384395,100,EXACT
Kochia scoparia,8904738,Kochia scoparia,<i>Kochia</i> <i>scoparia</i> (L.) Schrad.,SPECIES,Amaranthaceae,3064,Bassia,3083576,Bassia scoparia,5383936,100,EXACT
Portulaca oleracea,3084719,Portulaca oleracea,<i>Portulaca</i> <i>oleracea</i> L.,SPECIES,Portulacaceae,6717,Portulaca,3084696,Portulaca oleracea,3084719,100,EXACT
Croton monathogyna,3057700,Croton monanthogynus,<i>Croton</i> <i>monanthogynus</i> Michx.,SPECIES,Euphorbiaceae,4691,Croton,3057454,Croton monanthogynus,3057700,95,VARIANT
Linum perenne,2873878,Linum perenne,<i>Linum</i> <i>perenne</i> L.,SPECIES,Linaceae,2493,Linum,2873855,Linum perenne,2873878,99,EXACT
Linum rigidum,2873856,Linum rigidum,<i>Linum</i> <i>rigidum</i> Pursh,SPECIES,Linaceae,2493,Linum,2873855,Linum rigidum,2873856,99,EXACT
Linum berlandieri,2873932,Linum berlandieri,<i>Linum</i> <i>berlandieri</i> Hook.,SPECIES,Linaceae,2493,Linum,2873855,Linum berlandieri,2873932,100,EXACT
Conyza canadensis,5404801,Conyza canadensis,<i>Conyza</i> <i>canadensis</i> (L.) Cronquist,SPECIES,Asteraceae,3065,Erigeron,3146588,Erigeron canadensis,3146791,100,EXACT
Bupleurum rotundifolium,3034554,Bupleurum rotundifolium,<i>Bupleurum</i> <i>rotundifolium</i> L.,SPECIES,Apiaceae,6720,Bupleurum,3034551,Bupleurum rotundifolium,3034554,99,EXACT
Polygonaceae japonica,2416,Polygonaceae,<i>Polygonaceae</i>,FAMILY,Polygonaceae,2416,,,,,96,HIGHERRANK
Persicaria,6390748,Persicaria,<i>Persicaria</i> (L.) Mill.,GENUS,Polygonaceae,2416,Persicaria,6390748,,,95,HIGHERRANK
Persicaria lapathifolia,2889262,Persicaria lapathifolia,<i>Persicaria</i> <i>lapathifolia</i> (L.) Gray,SPECIES,Polygonaceae,2416,Persicaria,6390748,Persicaria lapathifolia,2889262,99,EXACT
Persicaria maculosa,6391194,Persicaria maculosa,<i>Persicaria</i> <i>maculosa</i> Gray,SPECIES,Polygonaceae,2416,Persicaria,6390748,Persicaria maculosa,6391194,100,EXACT
Persicaria hydropiper,8323622,Persicaria hydropiper,<i>Persicaria</i> <i>hydropiper</i> (L.) Spach,SPECIES,Polygonaceae,2416,Persicaria,6390748,Persicaria hydropiper,8323622,99,EXACT
Persicaria amphibia,6391648,Persicaria amphibia,<i>Persicaria</i> <i>amphibia</i> (L.) Gray,SPECIES,Polygonaceae,2416,Persicaria,6390748,Persicaria amphibia,6391648,99,EXACT
Persicaria coccinea,6391528,Persicaria coccinea,<i>Persicaria</i> <i>coccinea</i> (Muhl. ex Willd.) Greene,SPECIES,Polygonaceae,2416,Persicaria,6390748,Persicaria amphibia,6391648,100,EXACT
Polygonum erectum,5334437,Polygonum erectum,<i>Polygonum</i> <i>erectum</i> L.,SPECIES,Polygonaceae,2416,Polygonum,2889077,Polygonum erectum,5334437,99,EXACT
Rumex triangulivalvis,6391377,Rumex triangulivalvis,<i>Rumex</i> <i>triangulivalvis</i> (Danser) Rech.fil.,SPECIES,Polygonaceae,2416,Rumex,2888942,Rumex triangulivalvis,6391377,100,EXACT
Phytolacca americana,3084015,Phytolacca americana,<i>Phytolacca</i> <i>americana</i> L.,SPECIES,Phytolaccaceae,2516,Phytolacca,3084013,Phytolacca americana,3084015,100,EXACT
Epilobium angustifolium,8406741,Chamaenerion,<i>Chamaenerion</i> Seguier,GENUS,Onagraceae,2430,Chamaenerion,8406741,,,99,HIGHERRANK
Parietaria pensylvanica,5361796,Parietaria pensylvanica,<i>Parietaria</i> <i>pensylvanica</i> Muhl. ex Willd.,SPECIES,Urticaceae,6639,Parietaria,2984308,Parietaria pensylvanica,5361796,99,EXACT
Ipomoea leptophylla,2928569,Ipomoea leptophylla,<i>Ipomoea</i> <i>leptophylla</i> Torr.,SPECIES,Convolvulaceae,2389,Ipomoea,2928509,Ipomoea leptophylla,2928569,100,EXACT
Comandra umbellata,2889777,Comandra umbellata,<i>Comandra</i> <i>umbellata</i> (L.) Nutt.,SPECIES,Comandraceae,4936000,Comandra,2889776,Comandra umbellata,2889777,100,EXACT
Commelina communis,2764179,Commelina communis,<i>Commelina</i> <i>communis</i> L.,SPECIES,Commelinaceae,2763195,Commelina,2763939,Commelina communis,2764179,99,EXACT
Commelina virginica,2764028,Commelina virginica,<i>Commelina</i> <i>virginica</i> L.,SPECIES,Commelinaceae,2763195,Commelina,2763939,Commelina virginica,2764028,99,EXACT
Commelina erecta,2764389,Commelina erecta,<i>Commelina</i> <i>erecta</i> L.,SPECIES,Commelinaceae,2763195,Commelina,2763939,Commelina erecta,2764389,99,EXACT
Streptopus amplexifolius,2752734,Streptopus amplexifolius,<i>Streptopus</i> <i>amplexifolius</i> (L.) DC.,SPECIES,Liliaceae,7699,Streptopus,2752729,Streptopus amplexifolius,2752734,100,EXACT
Streptopus lanceolatus,2752779,Streptopus lanceolatus,<i>Streptopus</i> <i>lanceolatus</i> (Aiton) Reveal,SPECIES,Liliaceae,7699,Streptopus,2752729,Streptopus lanceolatus,2752779,100,EXACT
Uvularia grandiflorum,2740309,Uvularia,<i>Uvularia</i> L.,GENUS,Colchicaceae,7697,Uvularia,2740309,,,93,HIGHERRANK
Polygonatum biflorum,2770039,Polygonatum biflorum,<i>Polygonatum</i> <i>biflorum</i> (Walter) Elliott,SPECIES,Asparagaceae,7683,Polygonatum,2769995,Polygonatum biflorum,2770039,100,EXACT
Maianthemum racemosum,2769457,Maianthemum racemosum,<i>Maianthemum</i> <i>racemosum</i> (L.) Link,SPECIES,Asparagaceae,7683,Maianthemum,9608430,Maianthemum racemosum,2769457,100,EXACT
Chenopodium,9708769,Chenopodium,<i>Chenopodium</i> sp. Bontei Aell.,SPECIES,Amaranthaceae,3064,Chenopodium,3083823,Chenopodium,9708769,97,HIGHERRANK
Impatiens capensis,2891774,Impatiens capensis,<i>Impatiens</i> <i>capensis</i> Meerb.,SPECIES,Balsaminaceae,6699,Impatiens,2891766,Impatiens capensis,2891774,99,EXACT
Impatiens pallida,2891767,Impatiens pallida,<i>Impatiens</i> <i>pallida</i> Nutt.,SPECIES,Balsaminaceae,6699,Impatiens,2891766,Impatiens pallida,2891767,100,EXACT
Helianthus annuus,9206251,Helianthus annuus,<i>Helianthus</i> <i>annuus</i> L.,SPECIES,Asteraceae,3065,Helianthus,3119134,Helianthus annuus,9206251,100,EXACT
Abutilon theophrasti,3152614,Abutilon theophrasti,<i>Abutilon</i> <i>theophrasti</i> Medik.,SPECIES,Malvaceae,6685,Abutilon,3152599,Abutilon theophrasti,3152614,100,EXACT
Sida spinosa,5406741,Sida spinosa,<i>Sida</i> <i>spinosa</i> L.,SPECIES,Malvaceae,6685,Sida,3152100,Sida spinosa,5406741,99,EXACT
Solanum nigrum,9150405,Solanum nigrum,<i>Solanum</i> <i>nigrum</i> L.,SPECIES,Solanaceae,7717,Solanum,2928997,Solanum nigrum,9150405,99,EXACT
Physalis,2928907,Physalis,<i>Physalis</i> L.,GENUS,Solanaceae,7717,Physalis,2928907,,,80,HIGHERRANK
Physalis heterophylla,5341783,Physalis heterophylla,<i>Physalis</i> <i>heterophylla</i> Nees,SPECIES,Solanaceae,7717,Physalis,2928907,Physalis heterophylla,5341783,99,EXACT
Laportea canadensis,2984463,Laportea canadensis,<i>Laportea</i> <i>canadensis</i> (L.) Wedd.,SPECIES,Urticaceae,6639,Laportea,2984461,Laportea canadensis,2984463,99,EXACT
Artemisia serrata,3121361,Artemisia serrata,<i>Artemisia</i> <i>serrata</i> Nutt.,SPECIES,Asteraceae,3065,Artemisia,3120641,Artemisia serrata,3121361,100,EXACT
Solidago canadensis,5389029,Solidago canadensis,<i>Solidago</i> <i>canadensis</i> L.,SPECIES,Asteraceae,3065,Solidago,5388868,Solidago canadensis,5389029,100,EXACT
Penthorum sedoides,2985709,Penthorum sedoides,<i>Penthorum</i> <i>sedoides</i> L.,SPECIES,Penthoraceae,4256025,Penthorum,2985708,Penthorum sedoides,2985709,100,EXACT
Hylotelephium telephium,2985865,Hylotelephium telephium,<i>Hylotelephium</i> <i>telephium</i> (L.) H.Ohba,SPECIES,Crassulaceae,2406,Hylotelephium,2985862,Hylotelephium telephium,2985865,100,EXACT
Sedum roseum,8408721,Sedum roseum,<i>Sedum</i> <i>roseum</i> Steven,SPECIES,Crassulaceae,2406,Phedimus,4200460,Phedimus stevenianus,4201591,100,EXACT
Oenothera grandiflora,8106009,Oenothera grandiflora,<i>Oenothera</i> <i>grandiflora</i> L'Her.,SPECIES,Onagraceae,2430,Oenothera,3188799,Oenothera grandiflora,8106009,99,EXACT
Campanula divaricata,5410780,Campanula divaricata,<i>Campanula</i> <i>divaricata</i> Michx.,SPECIES,Campanulaceae,8801,Campanula,3161935,Campanula divaricata,5410780,100,EXACT
Artemisia dracunculus,3121581,Artemisia dracunculus,<i>Artemisia</i> <i>dracunculus</i> L.,SPECIES,Asteraceae,3065,Artemisia,3120641,Artemisia dracunculus,3121581,99,EXACT
Mugwort vulgaris,6,Plantae,<i>Plantae</i>,KINGDOM,,,,,,,99,HIGHERRANK
Castilleja sessiflora,3170616,Castilleja sessiliflora,<i>Castilleja</i> <i>sessiliflora</i> Pursh,SPECIES,Orobanchaceae,6651,Castilleja,3170565,Castilleja sessiliflora,3170616,95,VARIANT
Hydrocotyle americana,3034603,Hydrocotyle americana,<i>Hydrocotyle</i> <i>americana</i> L.,SPECIES,Araliaceae,8800,Hydrocotyle,3034601,Hydrocotyle americana,3034603,99,EXACT
Cnidoscolus texanum,3073704,Cnidoscolus texanus,<i>Cnidoscolus</i> <i>texanus</i> (Müll.Arg.) Small,SPECIES,Euphorbiaceae,4691,Cnidoscolus,3073435,Cnidoscolus texanus,3073704,98,VARIANT
Cnidoscolus stimulosus,3073687,Cnidoscolus stimulosus,<i>Cnidoscolus</i> <i>stimulosus</i> (Michx.) Engelm. & A.Gray,SPECIES,Euphorbiaceae,4691,Cnidoscolus,3073435,Cnidoscolus stimulosus,3073687,100,EXACT
Hibiscus aculeatus,3152544,Hibiscus aculeatus,<i>Hibiscus</i> <i>aculeatus</i> Walter,SPECIES,Malvaceae,6685,Hibiscus,3152542,Hibiscus aculeatus,3152544,99,EXACT
Hibiscus coccineus,3152566,Hibiscus coccineus,<i>Hibiscus</i> <i>coccineus</i> (Medik.) Walter,SPECIES,Malvaceae,6685,Hibiscus,3152542,Hibiscus coccineus,3152566,100,EXACT
Modiola caroliniana,8338793,Modiola caroliniana,<i>Modiola</i> <i>caroliniana</i> (L.) G.Don,SPECIES,Malvaceae,6685,Modiola,3152522,Modiola caroliniana,8338793,99,EXACT
Hibiscus moscheutos,3152596,Hibiscus moscheutos,<i>Hibiscus</i> <i>moscheutos</i> L.,SPECIES,Malvaceae,6685,Hibiscus,3152542,Hibiscus moscheutos,3152596,100,EXACT
Hibiscus laevis,3152576,Hibiscus laevis,<i>Hibiscus</i> <i>laevis</i> All.,SPECIES,Malvaceae,6685,Hibiscus,3152542,Hibiscus laevis,3152576,99,EXACT
Malvaviscus arboreus,3152775,Malvaviscus arboreus,<i>Malvaviscus</i> <i>arboreus</i> Cav.,SPECIES,Malvaceae,6685,Malvaviscus,3152774,Malvaviscus arboreus,3152775,100,EXACT
Kosteletzkya pentacarpos,4939647,Kosteletzkya pentacarpos,<i>Kosteletzkya</i> <i>pentacarpos</i> (L.) Ledeb.,SPECIES,Malvaceae,6685,Kosteletzkya,10681930,Kosteletzkya pentacarpos,4939647,100,EXACT
Althaea officinalis,3152520,Althaea officinalis,<i>Althaea</i> <i>officinalis</i> L.,SPECIES,Malvaceae,6685,Althaea,3152518,Althaea officinalis,3152520,100,EXACT
Xanthium strumarium,3089154,Xanthium strumarium,<i>Xanthium</i> <i>strumarium</i> L.,SPECIES,Asteraceae,3065,Xanthium,3089139,Xanthium strumarium,3089154,99,EXACT
Cakile edentula,3048882,Cakile edentula,<i>Cakile</i> <i>edentula</i> (Bigelow) Hook.,SPECIES,Brassicaceae,3112,Cakile,3048827,Cakile edentula,3048882,99,EXACT
Cycloloma atriplicifolium,3083565,Cycloloma atriplicifolium,<i>Cycloloma</i> <i>atriplicifolium</i> (Spreng.) J.M.Coult.,SPECIES,Amaranthaceae,3064,Dysphania,3083582,Dysphania atriplicifolia,11715681,100,EXACT
Chenopodium ambrosioides,3064,Amaranthaceae,<i>Amaranthaceae</i>,FAMILY,Amaranthaceae,3064,,,,,99,HIGHERRANK
Chenopodium hybridum,3083901,Chenopodium hybridum,<i>Chenopodium</i> <i>hybridum</i> L.,SPECIES,Amaranthaceae,3064,Chenopodiastrum,7578202,Chenopodiastrum hybridum,7551162,99,EXACT
Oenothera speciosa,3188859,Oenothera speciosa,<i>Oenothera</i> <i>speciosa</i> Nutt.,SPECIES,Onagraceae,2430,Oenothera,3188799,Oenothera speciosa,3188859,100,EXACT
Cirsium arvense,3113414,Cirsium arvense,<i>Cirsium</i> <i>arvense</i> (L.) Scop.,SPECIES,Asteraceae,3065,Cirsium,3112554,Cirsium arvense,3113414,100,EXACT
Erechtites hieracifolia,7852981,Erechtites hieracifolia,<i>Erechtites</i> <i>hieracifolia</i> (L.) Raf.,SPECIES,Asteraceae,3065,Erechtites,3132453,Erechtites hieraciifolius,3132457,99,EXACT
Sphaeralcea coccinea,3152438,Sphaeralcea coccinea,<i>Sphaeralcea</i> <i>coccinea</i> (Nutt.) Rydb.,SPECIES,Malvaceae,6685,Sphaeralcea,7412190,Sphaeralcea coccinea,3152438,100,EXACT
Hibiscus trionum,3152560,Hibiscus trionum,<i>Hibiscus</i> <i>trionum</i> L.,SPECIES,Malvaceae,6685,Hibiscus,3152542,Hibiscus trionum,3152560,100,EXACT
Oxalis,2891642,Oxalis,<i>Oxalis</i> L.,GENUS,Oxalidaceae,6697,Oxalis,2891642,,,80,HIGHERRANK
Cleome serrulata,3845332,Cleomaceae,<i>Cleomaceae</i>,FAMILY,Cleomaceae,3845332,,,,,99,HIGHERRANK
Floerkia hotproserpinacoides,6,Plantae,<i>Plantae</i>,KINGDOM,,,,,,,99,HIGHERRANK
Melilotus albus,2971095,Melilotus albus,<i>Melilotus</i> <i>albus</i> Medik.,SPECIES,Fabaceae,5386,Melilotus,4924408,Melilotus albus,2971095,99,EXACT
Melilotus officinalis,8193111,Melilotus officinalis,<i>Melilotus</i> <i>officinalis</i> (L.) Lam.,SPECIES,Fabaceae,5386,Melilotus,4924408,Melilotus officinalis,8193111,99,EXACT
Desmodium glutinosum,2967416,Desmodium glutinosum,<i>Desmodium</i> <i>glutinosum</i> (Muhl. ex Willd.) Alph.Wood,SPECIES,Fabaceae,5386,Hylodesmum,9523730,Hylodesmum glutinosum,3913203,99,EXACT
Glycirrhiza lepidota,2965778,Glycyrrhiza lepidota,<i>Glycyrrhiza</i> <i>lepidota</i> Pursh,SPECIES,Fabaceae,5386,Glycyrrhiza,2965731,Glycyrrhiza lepidota,2965778,86,VARIANT
Dalea candida,5353279,Dalea candida,<i>Dalea</i> <i>candida</i> Willd.,SPECIES,Fabaceae,5386,Dalea,2954771,Dalea candida,5353279,100,EXACT
Dalea purpurea,5353342,Dalea purpurea,<i>Dalea</i> <i>purpurea</i> Vent.,SPECIES,Fabaceae,5386,Dalea,2954771,Dalea purpurea,5353342,100,EXACT
Hedysarum alpinum,2949263,Hedysarum alpinum,<i>Hedysarum</i> <i>alpinum</i> L.,SPECIES,Fabaceae,5386,Hedysarum,2960767,Hedysarum alpinum,2949263,99,EXACT
Astragalus crassicarpus,5343637,Astragalus crassicarpus,<i>Astragalus</i> <i>crassicarpus</i> Nutt.,SPECIES,Fabaceae,5386,Astragalus,2933951,Astragalus crassicarpus,5343637,99,EXACT
Pediomelum esculentum,2944105,Pediomelum esculentum,<i>Pediomelum</i> <i>esculentum</i> (Pursh) Rydb.,SPECIES,Fabaceae,5386,Pediomelum,2959963,Pediomelum esculentum,2944105,100,EXACT
Cannabis sativa,5361880,Cannabis sativa,<i>Cannabis</i> <i>sativa</i> L.,SPECIES,Cannabaceae,2384,Cannabis,2984538,Cannabis sativa,5361880,100,EXACT
Aralia racemosa,3036958,Aralia racemosa,<i>Aralia</i> <i>racemosa</i> L.,SPECIES,Araliaceae,8800,Aralia,3036858,Aralia racemosa,3036958,100,EXACT
Pediomelum cuspidatum,2944165,Pediomelum cuspidatum,<i>Pediomelum</i> <i>cuspidatum</i> (Pursh) Rydb.,SPECIES,Fabaceae,5386,Pediomelum,2959963,Pediomelum cuspidatum,2944165,100,EXACT
Aralia hispida,3037033,Aralia hispida,<i>Aralia</i> <i>hispida</i> Vent.,SPECIES,Araliaceae,8800,Aralia,3036858,Aralia hispida,3037033,99,EXACT
Carya illinoinensis,3054289,Carya illinoinensis,<i>Carya</i> <i>illinoinensis</i> (Wangenh.) K.Koch,SPECIES,Juglandaceae,2499,Carya,3054287,Carya illinoinensis,3054289,100,EXACT
Carya aquatica,8246850,Carya aquatica,<i>Carya</i> <i>aquatica</i> (F.Michx.) Nutt.,SPECIES,Juglandaceae,2499,Carya,3054287,Carya aquatica,8246850,99,EXACT
Carya cordiformis,3054299,Carya cordiformis,<i>Carya</i> <i>cordiformis</i> (Wangenh.) K.Koch,SPECIES,Juglandaceae,2499,Carya,3054287,Carya cordiformis,3054299,99,EXACT
Carya ovata,3054296,Carya ovata,<i>Carya</i> <i>ovata</i> (Mill.) K.Koch,SPECIES,Juglandaceae,2499,Carya,3054287,Carya ovata,3054296,99,EXACT
Carya tomentosa,3054304,Carya tomentosa,<i>Carya</i> <i>tomentosa</i> (Lam.) Nutt.,SPECIES,Juglandaceae,2499,Carya,3054287,Carya alba,3054302,100,EXACT
Carya texana,3054314,Carya texana,<i>Carya</i> <i>texana</i> Buckley,SPECIES,Juglandaceae,2499,Carya,3054287,Carya texana,3054314,99,EXACT
Quercus nigra,2879328,Quercus nigra,<i>Quercus</i> <i>nigra</i> L.,SPECIES,Fagaceae,4689,Quercus,2877951,Quercus nigra,2879328,99,EXACT
Quercus imbricaria,2881106,Quercus imbricaria,<i>Quercus</i> <i>imbricaria</i> Michx.,SPECIES,Fagaceae,4689,Quercus,2877951,Quercus imbricaria,2881106,99,EXACT
Persea borbonia,3034048,Persea borbonia,<i>Persea</i> <i>borbonia</i> (L.) Spreng.,SPECIES,Lauraceae,6688,Persea,3034041,Persea borbonia,3034048,99,EXACT
Persea palustris,3034052,Persea palustris,<i>Persea</i> <i>palustris</i> (Raf.) Sarg.,SPECIES,Lauraceae,6688,Persea,3034041,Persea palustris,3034052,100,EXACT
Crataegus aestivalis,3013483,Crataegus aestivalis,<i>Crataegus</i> <i>aestivalis</i> (Walter) Torr. & A.Gray,SPECIES,Rosaceae,5015,Crataegus,3013395,Crataegus aestivalis,3013483,99,EXACT
Prunus pumilia,3020593,Prunus pumilio,<i>Prunus</i> <i>pumilio</i> Batsch,SPECIES,Rosaceae,5015,Prunus,3020559,Prunus glandulosa,3022160,97,VARIANT
Prunus susquehanae,3853672,Prunus susquehanae,<i>Prunus</i> <i>susquehanae</i> Willd.,SPECIES,Rosaceae,5015,Prunus,3020559,Prunus susquehanae,3853672,100,EXACT
Ceanothus,3039297,Ceanothus,<i>Ceanothus</i> L.,GENUS,Rhamnaceae,2407,Ceanothus,3039297,,,80,HIGHERRANK
Ceanothus americanus,3039318,Ceanothus americanus,<i>Ceanothus</i> <i>americanus</i> L.,SPECIES,Rhamnaceae,2407,Ceanothus,3039297,Ceanothus americanus,3039318,99,EXACT
Ceanothus herbaceus,3039322,Ceanothus herbaceus,<i>Ceanothus</i> <i>herbaceus</i> Raf.,SPECIES,Rhamnaceae,2407,Ceanothus,3039297,Ceanothus herbaceus,3039322,100,EXACT
Allium tricoccum,2856301,Allium tricoccum,<i>Allium</i> <i>tricoccum</i> Aiton,SPECIES,Amaryllidaceae,7682,Allium,9624496,Allium tricoccum,2856301,99,EXACT
Allium burdickii,2857170,Allium burdickii,<i>Allium</i> <i>burdickii</i> (Hanes) A.G.Jones,SPECIES,Amaryllidaceae,7682,Allium,9624496,Allium tricoccum,2856301,100,EXACT
Lathyrus palustris,5356412,Lathyrus palustris,<i>Lathyrus</i> <i>palustris</i> L.,SPECIES,Fabaceae,5386,Lathyrus,10356062,Lathyrus palustris,5356412,99,EXACT
Lathyrus venosus,5356511,Lathyrus venosus,<i>Lathyrus</i> <i>venosus</i> Muhl. ex Willd.,SPECIES,Fabaceae,5386,Lathyrus,10356062,Lathyrus venosus,5356511,99,EXACT
