ACS_YEAR,STATE,COUNTY,geoID_full,TotalPopulation,MOE_TotalPopulation,TotalHouseholds,MOE_TotalHouseholds,ImpoverishedHouseholds,MOE_ImpoverishedHouseholds,ImpoverishedFamilyHouseholds,MOE_ImpoverishedFamilyHouseholds,ImpoverishedNonFamilyHouseholds,MOE_ImpoverishedNonFamilyHouseholds,HouseholdsAbovePovertyLine,MOE_HouseholdsAbovePovertyLine,MedianHouseholdIncome,MOE_MedianHouseholdIncome,StateFips,CountyFips,TotalPopOfDeterminedPovertyLevel,MOE_TotalPopOfDeterminedPovertyLevel,Total100PercBelowPoverty,MOE_Total100PercPoverty,Total100to149PercPoverty,MOE_Total100to149PercPoverty,TotalOver150PercPoverty,MOE_TotalOver150PercPoverty,CarTruckVanAlone,MOE_CarTruckVanAlone,CarTruckVanAloneImpoverished,MOE_CarTruckVanAloneImpoverished,CarTruckVanCarPool,MOE_CarTruckVanCarPool,CarTruckVanCarPoolImpoverished,MOE_CarTruckVanCarPoolImpoverished,PublicTransport,MOE_PublicTransport,PublicTransportImpoverished,MOE_PublicTransportImpoverished,Walked,MOE_Walked,WalkedImpoverished,MOE_WalkedImpoverished,TaxicabCyclesOther,MOE_TaxicabCyclesOther,TaxicabCyclesOtherImpoverished,MOE_TaxicabCyclesOtherImpoverished,WorkFromHome,MOE_WorkFromHome,WorkFromHomeImpoverished,MOE_WorkFromHomeImpoverished,HouseholdsSNAP,MOE_HouseholdsSNAP,HouseholdsSNAPImpoverished,MOE_HouseholdsSNAPImpoverished,HouseholdsSNAPAbovePov,MOE_HouseholdsSNAPAbovePov,HouseholdsNOSNAP,MOE_HouseholdsNOSNAP,HouseholdsNOSNAPImpoverished,MOE_HouseholdsNOSNAPImpoverished,HouseholdsNOSNAPAbovePov,MOE_HouseholdsNOSNAPAbovePov
2019-2023,Alabama,Autauga County,0500000US01001,59285,0,22523,431,2251,411,1276,340,975,217,20272,513,69841,5512,01,001,26976,859,1126,338,1634,368,24216,922,22907,999,935,323,2208,408,132,92,64,104,0,31,25,50,17,49,211,157,3,17,1561,379,39,55,1974,276,805,209,1169,213,20549,452,1446,342,19103,520
2019-2023,Alabama,Baldwin County,0500000US01003,239945,0,94642,1316,10510,1053,4742,663,5768,800,84132,1636,75019,2751,01,003,108118,2017,5820,889,5285,810,97013,2367,86850,2043,4447,766,7512,1065,686,297,100,113,31,50,1220,754,155,171,1675,526,53,52,10761,1257,448,238,6480,848,2869,475,3611,685,88162,1500,7641,980,80521,1639
2019-2023,Alabama,Barbour County,0500000US01005,24757,0,9080,315,2008,300,1058,210,950,202,7072,361,44290,2762,01,005,8470,437,576,157,924,238,6970,497,6980,447,430,141,818,180,136,78,17,15,0,25,117,65,0,25,57,35,0,25,481,169,10,15,2013,317,1144,237,869,227,7067,395,864,198,6203,358
2019-2023,Alabama,Bibb County,0500000US01007,22152,0,7571,288,1552,294,843,191,709,226,6019,357,51215,6678,01,007,8326,488,599,182,561,234,7166,514,7318,490,474,171,541,242,40,29,9,16,9,16,98,81,55,69,33,32,13,23,327,115,8,17,1535,336,1026,268,509,182,6036,348,526,179,5510,359
2019-2023,Alabama,Blount County,0500000US01009,59292,0,21977,403,3464,418,1607,287,1857,387,18513,543,61096,3328,01,009,25141,743,1243,205,1452,305,22446,792,21389,784,972,180,2243,409,215,97,0,31,0,31,229,147,1,3,115,74,0,31,1165,310,55,58,2706,460,1527,366,1179,286,19271,530,1937,309,17334,558
2019-2023,Alabama,Bullock County,0500000US01011,10157,0,3453,245,957,228,412,158,545,207,2496,301,36723,6836,01,011,3544,434,397,161,719,332,2428,406,3107,461,319,148,359,199,46,72,0,21,0,21,24,39,0,21,34,26,16,16,20,29,16,27,1137,265,566,176,571,215,2316,239,391,153,1925,257
2019-2023,Alabama,Butler County,0500000US01013,18807,0,7262,313,1443,267,850,219,593,146,5819,326,44881,4130,01,013,7365,403,705,206,511,157,6149,411,6271,391,601,206,602,185,79,61,23,21,0,21,35,33,11,17,80,52,0,21,354,115,14,14,1189,221,592,149,597,156,6073,327,851,215,5222,317
2019-2023,Alabama,Calhoun County,0500000US01015,116141,0,45125,708,8217,752,3490,459,4727,546,36908,813,55826,2168,01,015,47624,967,4366,551,3280,491,39978,1038,40623,1153,3512,536,4084,654,402,150,284,168,5,7,250,119,18,19,371,133,79,55,2012,355,350,205,7764,656,3833,480,3931,483,37361,760,4384,567,32977,781
2019-2023,Alabama,Chambers County,0500000US01017,34450,0,13419,476,2437,366,1099,264,1338,260,10982,510,49295,5005,01,017,14074,566,970,346,1098,359,12006,641,12114,687,805,324,1086,336,118,110,72,52,0,28,159,96,13,18,151,115,0,28,492,157,34,26,2300,406,1210,257,1090,311,11119,546,1227,292,9892,570
2019-2023,Alabama,Cherokee County,0500000US01019,25224,0,10477,416,1671,274,863,196,808,171,8806,451,50769,4891,01,019,10223,501,641,215,962,277,8620,564,8768,461,616,215,818,238,11,11,64,69,0,25,95,90,0,25,43,37,0,25,435,124,14,22,1200,246,652,189,548,183,9277,432,1019,223,8258,459
2019-2023,Alabama,Chilton County,0500000US01021,45500,0,17554,415,2439,444,1232,300,1207,310,15115,606,61873,2954,01,021,18600,774,996,342,843,284,16761,848,15306,773,680,278,1781,320,192,131,0,28,0,28,233,142,21,39,175,78,3,5,1105,284,100,98,2434,392,1292,340,1142,243,15120,553,1147,292,13973,638
2019-2023,Alabama,Choctaw County,0500000US01023,12525,0,5174,261,1170,192,529,140,641,145,4004,242,44483,4856,01,023,4472,299,409,165,471,153,3592,320,3660,295,286,123,556,189,83,64,0,21,0,21,66,61,0,21,85,53,0,21,105,64,40,49,861,162,518,121,343,110,4313,239,652,149,3661,241
2019-2023,Alabama,Clarke County,0500000US01025,22802,0,8452,367,1719,306,698,189,1021,273,6733,363,49167,4873,01,025,7843,454,426,171,307,119,7110,454,6991,410,311,139,351,160,17,28,16,24,1,3,111,71,10,17,174,100,1,3,200,127,86,110,1902,280,829,212,1073,231,6550,366,890,275,5660,373
2019-2023,Alabama,Clay County,0500000US01027,14188,0,5765,262,1038,231,567,178,471,125,4727,307,51852,3549,01,027,5464,291,309,133,464,166,4691,341,4391,351,176,108,520,155,42,45,20,31,20,31,71,70,0,21,211,120,65,55,251,121,6,10,818,167,544,166,274,121,4947,252,494,175,4453,288
2019-2023,Alabama,Cleburne County,0500000US01029,15254,0,5849,215,906,212,265,107,641,194,4943,304,53319,4481,01,029,5944,365,196,100,543,190,5205,396,5178,384,138,89,559,167,39,34,19,32,19,32,0,21,0,21,11,19,0,21,177,82,0,21,888,196,447,164,441,176,4961,265,459,123,4502,268
2019-2023,Alabama,Coffee County,0500000US01031,54231,0,20860,435,3695,327,1950,260,1745,283,17165,450,64672,3538,01,031,23055,663,1961,285,1709,347,19385,651,19633,671,1510,251,1985,339,311,100,14,12,0,31,84,53,0,31,399,182,88,109,940,175,52,44,2562,286,1624,272,938,174,18298,453,2071,307,16227,462
2019-2023,Alabama,Colbert County,0500000US01033,57648,0,24217,489,4031,492,2030,309,2001,410,20186,594,56736,4001,01,033,25611,774,1544,390,1420,339,22647,891,21225,876,1201,326,2186,456,231,144,36,52,0,31,284,265,19,27,114,69,30,45,1766,456,63,67,3841,464,2097,382,1744,270,20376,668,1934,437,18442,645
2019-2023,Alabama,Conecuh County,0500000US01035,11411,0,4528,265,1018,186,483,113,535,185,3510,274,42266,4545,01,035,3374,278,369,147,359,155,2646,270,2822,284,227,80,206,104,31,48,0,21,0,21,35,33,0,21,58,48,0,21,253,129,111,100,771,176,479,137,292,105,3757,268,539,181,3218,275
2019-2023,Alabama,Coosa County,0500000US01037,10323,0,4201,203,533,157,219,111,314,121,3668,203,57063,5500,01,037,3868,244,116,73,434,153,3318,303,3057,271,116,73,332,148,0,21,11,17,0,21,71,49,0,21,39,50,0,21,358,154,0,21,573,170,218,111,355,123,3628,225,315,121,3313,207
2019-2023,Alabama,Covington County,0500000US01039,37647,0,14495,307,2853,414,1404,261,1449,316,11642,443,50886,4230,01,039,14962,520,1019,240,1127,280,12816,535,13072,530,839,228,1224,232,93,61,15,16,0,28,134,80,14,19,139,68,12,20,378,107,61,49,1994,279,1174,256,820,176,12501,359,1679,341,10822,439
2019-2023,Alabama,Crenshaw County,0500000US01041,13144,0,5075,176,1043,182,283,82,760,175,4032,195,49040,4592,01,041,5161,277,228,99,379,127,4554,305,4068,297,193,89,666,177,35,39,8,11,0,21,70,65,0,21,72,44,0,21,277,108,0,21,934,143,468,114,466,110,4141,194,575,143,3566,204
2019-2023,Alabama,Cullman County,0500000US01043,89463,0,34543,607,5136,581,2377,371,2759,454,29407,595,60916,2736,01,043,39097,991,2345,490,2898,528,33854,1090,32616,1006,1808,444,4466,610,425,170,62,39,0,31,563,206,39,49,59,46,1,4,1331,263,72,54,3571,467,2343,374,1228,242,30972,688,2793,463,28179,658
2019-2023,Alabama,Dale County,0500000US01045,49516,0,19769,356,3614,369,1842,285,1772,255,16155,477,53955,2136,01,045,19059,615,1553,251,1736,298,15770,711,16047,634,1241,217,1688,300,73,73,65,53,29,33,273,141,58,80,297,119,106,87,689,211,46,46,3463,353,1740,282,1723,267,16306,456,1874,310,14432,495
2019-2023,Alabama,Dallas County,0500000US01047,37536,0,15416,426,4289,464,2126,297,2163,389,11127,527,36810,3543,01,047,13644,815,1479,349,1149,288,11016,821,11546,730,1164,309,1105,325,168,110,73,80,0,28,161,110,35,57,64,37,0,28,695,180,112,100,5012,453,2940,435,2072,302,10404,555,1349,278,9055,491
2019-2023,Alabama,DeKalb County,0500000US01049,71946,0,25946,462,5042,490,2681,357,2361,399,20904,551,51149,2343,01,049,30110,853,3098,526,2721,437,24291,1041,24567,971,2028,359,3878,561,740,345,18,23,0,31,326,168,134,110,185,85,33,34,1136,260,163,112,4216,434,2214,377,2002,320,21730,524,2828,340,18902,535
2019-2023,Alabama,Elmore County,0500000US01051,88669,0,32529,559,3373,457,2131,355,1242,255,29156,669,75553,3115,01,051,39304,980,1924,406,2305,476,35075,1058,33038,1204,1331,353,2395,478,379,179,68,80,0,31,445,298,40,41,302,191,37,55,3056,595,137,97,3513,528,1274,340,2239,422,29016,748,2099,367,26917,758
2019-2023,Alabama,Escambia County,0500000US01053,36695,0,12781,438,3010,376,1391,243,1619,316,9771,452,44447,3904,01,053,12633,712,1399,389,1630,421,9604,773,11259,699,1143,303,994,208,219,170,45,49,0,28,51,40,4,7,83,64,3,6,201,88,30,46,1999,303,1211,244,788,200,10782,453,1799,331,8983,456
2019-2023,Alabama,Etowah County,0500000US01055,103208,0,39160,581,6926,570,3074,414,3852,452,32234,707,53070,1864,01,055,42526,1247,3524,477,3149,467,35853,1322,37247,1359,2986,439,2866,539,296,118,55,50,8,14,339,238,7,17,396,140,77,68,1623,316,150,95,6116,569,3267,446,2849,415,33044,631,3659,457,29385,660
2019-2023,Alabama,Fayette County,0500000US01057,16173,0,6051,253,1212,246,538,174,674,168,4839,257,50733,5743,01,057,6031,336,410,156,402,128,5219,399,5340,378,385,154,547,221,16,24,0,21,0,21,23,26,9,16,11,15,0,21,110,74,0,21,1073,212,592,195,481,110,4978,250,620,130,4358,255
2019-2023,Alabama,Franklin County,0500000US01059,31978,0,11593,368,1905,357,1039,252,866,230,9688,456,51493,5249,01,059,13305,641,723,210,1369,376,11213,751,11349,665,593,194,1701,368,126,103,4,6,0,28,11,13,0,28,42,37,4,11,198,95,0,28,2212,318,1204,314,1008,243,9381,428,701,209,8680,413
2019-2023,Alabama,Geneva County,0500000US01061,26726,0,10550,270,1800,288,997,225,803,219,8750,344,50951,4889,01,061,10862,571,1056,328,717,198,9089,647,9527,541,934,317,803,262,59,41,0,25,0,25,87,62,22,30,66,33,8,9,379,137,33,34,1791,287,903,213,888,206,8759,367,897,229,7862,360
2019-2023,Alabama,Greene County,0500000US01063,7589,0,3037,199,1092,207,482,158,610,170,1945,219,31495,4589,01,063,2243,296,304,191,356,152,1583,307,1781,331,223,147,316,179,62,96,0,19,0,19,28,27,19,24,3,7,0,19,115,96,0,19,916,174,593,157,323,106,2121,247,499,166,1622,215
2019-2023,Alabama,Hale County,0500000US01065,14749,0,5541,253,1510,331,488,161,1022,302,4031,330,41325,5403,01,065,5390,403,554,309,359,187,4477,493,4679,445,491,302,528,235,0,21,17,15,0,21,47,47,32,46,12,15,0,21,107,70,31,40,1462,291,876,286,586,142,4079,296,634,164,3445,321
2019-2023,Alabama,Henry County,0500000US01067,17450,0,6684,311,1102,195,503,142,599,155,5582,339,60135,6853,01,067,7249,387,412,139,368,137,6469,456,6243,374,282,104,612,154,55,60,12,17,0,21,11,18,11,18,99,72,54,59,272,107,10,11,936,226,448,147,488,146,5748,337,654,138,5094,347
2019-2023,Alabama,Houston County,0500000US01069,107628,0,42581,402,7346,399,3825,296,3521,265,35235,508,57531,1310,01,069,46114,723,3098,242,3341,323,39675,817,39446,727,2349,237,3810,345,425,109,79,42,20,19,324,111,92,43,525,89,102,45,1930,232,110,38,6807,389,3694,253,3113,304,35774,436,3652,324,32122,489
2019-2023,Alabama,Jackson County,0500000US01071,52839,0,21186,427,3689,398,1761,312,1928,268,17497,461,49454,2597,01,071,20720,819,1506,347,1788,346,17426,893,17471,833,1050,282,1925,377,277,176,18,18,2,3,168,80,50,49,245,152,67,86,893,216,60,54,2871,352,1578,221,1293,245,18315,489,2111,362,16204,550
2019-2023,Alabama,Jefferson County,0500000US01073,669744,0,268911,1573,42236,1339,18919,1081,23317,1120,226675,1861,64589,1226,01,073,302250,3688,20307,1151,20552,1770,261391,3684,237281,3603,14381,912,25060,1722,3327,607,1730,459,643,275,4149,552,593,227,4309,657,480,192,29721,1671,883,216,37463,1405,18335,1028,19128,1237,231448,1945,23901,1229,207547,1923
2019-2023,Alabama,Lamar County,0500000US01075,13809,0,4987,255,896,209,358,127,538,163,4091,223,47447,5429,01,075,5059,328,239,95,518,216,4302,326,4209,315,209,91,501,177,0,21,0,21,0,21,14,17,2,4,42,46,0,21,293,123,28,32,929,202,509,151,420,134,4058,214,387,149,3671,189
2019-2023,Alabama,Lauderdale County,0500000US01077,95037,0,38777,507,5778,596,2369,354,3409,518,32999,693,59082,3460,01,077,42027,1150,3239,514,3097,513,35691,1211,33871,1238,2452,481,4642,833,374,168,9,14,1,3,287,134,125,103,538,227,90,81,2680,564,197,93,4177,515,2342,337,1835,409,34600,665,3436,438,31164,792
2019-2023,Alabama,Lawrence County,0500000US01079,33182,0,13145,324,1882,299,859,168,1023,249,11263,406,60040,5520,01,079,14333,678,569,192,933,226,12831,754,12695,661,512,179,1021,288,25,25,12,16,0,28,71,51,8,10,53,39,15,25,481,172,9,12,2070,301,890,204,1180,263,11075,414,992,254,10083,451
2019-2023,Alabama,Lee County,0500000US01081,177663,0,67944,759,13846,1193,3889,572,9957,1130,54098,1252,61123,3017,01,081,80330,1807,8546,897,5251,730,66533,2034,64331,1883,6182,692,6129,825,740,222,632,229,206,172,1899,449,794,288,750,226,115,83,6589,736,509,198,7133,699,3533,605,3600,475,60811,936,10313,1034,50498,1125
2019-2023,Alabama,Limestone County,0500000US01083,107577,0,40021,619,4006,469,1849,351,2157,351,36015,622,83534,2861,01,083,49134,1015,2005,435,1699,383,45430,1172,40700,1193,1357,304,2931,524,327,176,131,121,0,31,318,130,90,67,448,206,103,108,4606,722,128,99,3243,581,1511,281,1732,457,36778,702,2495,411,34283,735
2019-2023,Alabama,Lowndes County,0500000US01085,10008,0,4161,161,1110,169,566,136,544,126,3051,180,35160,4823,01,085,3506,239,289,101,448,152,2769,270,3004,281,234,85,262,114,32,33,2,4,0,21,124,66,0,21,29,30,0,21,85,52,23,34,1122,167,687,137,435,129,3039,194,423,100,2616,204
2019-2023,Alabama,Macon County,0500000US01087,18951,0,7151,243,1612,219,719,151,893,188,5539,230,45951,4468,01,087,6461,352,861,250,603,169,4997,392,5141,393,535,182,613,201,158,115,28,33,0,21,118,68,28,27,209,83,40,42,352,146,100,60,1581,222,727,151,854,166,5570,280,885,158,4685,251
2019-2023,Alabama,Madison County,0500000US01089,397135,0,162469,1068,17463,1173,7606,788,9857,940,145006,1625,83528,1460,01,089,193567,2106,9852,901,10758,1187,172957,2035,150190,2486,7884,800,13669,1322,1067,288,273,133,59,64,893,232,59,59,2301,617,165,125,26241,1572,618,175,12936,1141,5733,703,7203,922,149533,1681,11730,986,137803,1902
2019-2023,Alabama,Marengo County,0500000US01091,19027,0,7615,294,1907,285,647,179,1260,278,5708,304,44205,5009,01,091,7309,520,434,157,553,220,6322,570,6070,471,403,151,639,198,19,32,92,107,0,21,45,37,10,16,166,117,1,3,297,131,1,2,1779,304,1156,264,623,177,5836,361,751,208,5085,339
2019-2023,Alabama,Marion County,0500000US01093,29190,0,10874,374,2110,360,814,205,1296,286,8764,477,50714,4617,01,093,10840,693,607,177,846,235,9387,731,9619,694,512,174,721,204,13,17,4,6,0,25,86,83,22,34,65,44,7,11,345,119,53,48,1934,335,1081,245,853,251,8940,500,1029,241,7911,536
2019-2023,Alabama,Marshall County,0500000US01095,98712,0,35963,451,5585,535,3139,435,2446,310,30378,639,60946,2309,01,095,41342,927,2490,483,2819,414,36033,961,33969,1009,1969,444,4416,664,360,145,81,62,1,4,163,75,25,26,197,95,19,16,2516,383,116,87,4034,339,2097,269,1937,276,31929,550,3488,437,28441,620
2019-2023,Alabama,Mobile County,0500000US01097,413162,0,160507,1367,26598,1144,11982,732,14616,934,133909,1458,58119,1304,01,097,174930,2025,11675,986,13232,1227,150023,2216,146068,2201,9090,880,12121,1001,1288,260,657,196,241,101,1287,284,159,88,1756,337,212,135,13041,1215,685,192,27089,1217,13243,822,13846,944,133418,1630,13355,1031,120063,1521
2019-2023,Alabama,Monroe County,0500000US01099,19580,0,7396,287,1782,262,765,174,1017,216,5614,302,40225,7307,01,099,6328,447,442,127,485,175,5401,471,5710,465,385,130,299,127,41,46,52,49,0,21,49,36,16,24,19,21,0,21,199,123,0,21,1078,224,699,166,379,152,6318,339,1083,227,5235,325
2019-2023,Alabama,Montgomery County,0500000US01101,227197,0,90785,985,17097,1359,8709,878,8388,990,73688,1433,58153,2052,01,101,96647,1732,8103,1043,6859,766,81685,2179,78572,2117,6612,911,8902,1188,454,224,374,151,160,88,961,299,310,187,927,239,21,20,6911,692,546,195,18272,1188,9000,985,9272,924,72513,1270,8097,899,64416,1346
2019-2023,Alabama,Morgan County,0500000US01103,123742,0,48752,501,6715,682,3258,602,3457,506,42037,743,64858,2399,01,103,53963,1160,3432,733,4238,612,46293,1270,45344,1340,2604,704,4506,633,500,194,67,61,0,31,507,209,152,102,521,239,69,51,3018,400,107,63,6145,667,3221,567,2924,401,42607,809,3494,467,39113,821
2019-2023,Alabama,Perry County,0500000US01105,8231,0,3195,195,749,210,506,165,243,124,2446,228,34368,4794,01,105,1910,273,244,116,391,246,1275,335,1588,262,136,95,218,159,73,55,0,19,0,19,16,21,0,19,19,25,0,19,69,44,35,18,1028,210,586,187,442,165,2167,274,163,107,2004,253
2019-2023,Alabama,Pickens County,0500000US01107,18843,0,6946,228,1496,189,680,136,816,162,5450,260,47014,3955,01,107,6612,392,489,130,444,131,5679,412,5850,376,487,130,335,112,0,21,75,68,2,4,22,26,0,21,0,21,0,21,330,117,0,21,1245,188,827,149,418,129,5701,262,669,154,5032,267
2019-2023,Alabama,Pike County,0500000US01109,32953,0,12605,376,2861,323,826,168,2035,264,9744,380,47961,3371,01,109,13658,615,1693,333,1399,304,10566,601,11776,626,1350,292,1013,252,220,101,52,45,28,36,36,24,2,3,214,151,0,28,567,149,93,66,1867,257,829,218,1038,207,10738,453,2032,276,8706,430
2019-2023,Alabama,Randolph County,0500000US01111,22310,0,9127,361,1859,304,890,230,969,217,7268,437,51551,7179,01,111,8966,411,720,231,261,110,7985,425,7293,490,466,176,705,180,70,64,90,95,90,95,85,76,0,25,149,88,37,55,644,176,57,85,1602,231,753,208,849,200,7525,391,1106,242,6419,445
2019-2023,Alabama,Russell County,0500000US01113,58858,0,23784,515,5102,603,2677,415,2425,455,18682,703,50046,3409,01,113,23637,1037,2301,466,1446,389,19890,1087,18874,1052,1659,420,1918,402,229,130,208,131,69,89,249,100,63,49,611,262,102,129,1777,512,179,164,4474,544,2296,439,2178,432,19310,671,2806,401,16504,739
2019-2023,Alabama,St. Clair County,0500000US01115,92903,0,34477,523,3683,462,1895,365,1788,321,30794,695,78993,3859,01,115,41794,1058,1695,407,1445,364,38654,1216,34415,1179,1327,332,2692,508,183,129,0,31,0,31,278,116,41,64,294,135,8,12,4115,631,136,118,3581,467,1687,378,1894,348,30896,721,1996,315,28900,760
2019-2023,Alabama,Shelby County,0500000US01117,226955,0,85414,684,6815,549,2766,382,4049,503,78599,884,93543,3051,01,117,113835,1589,3962,505,3846,588,106027,1732,87560,1882,2964,398,7758,786,328,137,75,75,2,6,467,154,84,79,750,182,34,50,17225,1090,550,200,4206,551,1580,283,2626,448,81208,837,5235,529,75973,944
2019-2023,Alabama,Sumter County,0500000US01119,12020,0,4765,221,1172,272,608,162,564,192,3593,290,37981,5607,01,119,3600,387,535,205,289,146,2776,351,3112,358,521,199,236,102,11,24,23,25,3,5,17,19,0,21,17,19,0,21,195,94,0,21,1270,240,628,158,642,209,3495,269,544,195,2951,309
2019-2023,Alabama,Talladega County,0500000US01121,81170,0,32889,523,6173,585,3581,536,2592,432,26716,647,56249,2242,01,121,31039,948,1833,423,2259,468,26947,1025,25691,1163,1349,342,3402,550,294,150,46,32,0,31,269,178,21,23,570,212,160,101,1061,279,9,15,5360,494,2979,394,2381,376,27529,685,3194,428,24335,699
2019-2023,Alabama,Tallapoosa County,0500000US01123,41070,0,16548,421,2671,385,1412,280,1259,261,13877,475,57185,2897,01,123,16245,725,767,214,918,220,14560,771,13798,652,621,190,1427,361,72,63,54,54,10,26,142,74,24,27,88,55,1,2,736,215,39,43,2714,358,1440,303,1274,307,13834,464,1231,224,12603,462
2019-2023,Alabama,Tuscaloosa County,0500000US01125,234036,0,87289,1121,15229,1103,6211,856,9018,757,72060,1321,63947,2475,01,125,105869,1969,8268,1154,7532,1090,90069,2213,85223,2157,6568,1022,11406,1279,952,269,893,545,69,68,886,250,253,143,1003,248,141,102,6458,959,285,181,9992,776,5229,628,4763,634,77297,1368,10000,1078,67297,1273
2019-2023,Alabama,Walker County,0500000US01127,64886,0,24843,544,4736,554,2210,390,2526,405,20107,603,54509,4141,01,127,25775,833,1588,366,1643,367,22544,867,21550,817,1318,333,2720,438,131,88,36,42,3,23,156,97,8,14,432,179,24,29,881,245,104,98,3539,529,2069,403,1470,387,21304,645,2667,384,18637,643
2019-2023,Alabama,Washington County,0500000US01129,15270,0,5678,329,1249,243,679,216,570,148,4429,351,60503,6667,01,129,5772,399,291,137,215,121,5266,412,4947,370,279,136,351,167,12,20,7,11,0,21,26,30,0,21,140,90,0,21,301,155,0,21,696,152,537,134,159,63,4982,334,712,217,4270,351
2019-2023,Alabama,Wilcox County,0500000US01131,10347,0,3693,200,1100,167,502,132,598,133,2593,182,42236,4455,01,131,3212,281,255,114,225,95,2732,292,2780,306,157,67,268,125,98,87,23,40,0,21,23,25,0,21,64,70,0,21,54,40,0,21,1339,191,772,151,567,127,2354,186,328,98,2026,171
2019-2023,Alabama,Winston County,0500000US01133,23637,0,9328,300,1899,270,892,168,1007,202,7429,362,48032,6325,01,133,9576,459,804,180,822,215,7950,469,7162,538,665,167,1644,489,52,33,0,25,0,25,105,65,8,14,116,58,12,21,549,230,67,55,1423,252,892,200,531,182,7905,375,1007,202,6898,380
2019-2023,Alaska,Aleutians East Borough,0500000US02013,3423,0,998,92,124,28,81,26,43,15,874,94,72692,19158,02,013,2246,111,189,78,139,66,1918,187,515,83,52,19,175,38,13,7,6,9,0,10,1255,144,83,73,84,63,6,5,211,101,35,33,129,34,60,20,69,31,869,85,64,18,805,87
2019-2023,Alaska,Aleutians West Census Area,0500000US02016,5178,0,977,190,41,25,19,13,22,17,936,179,107344,14494,02,016,3297,379,178,77,177,90,2942,378,1677,333,47,29,327,113,5,8,5,7,0,15,958,233,92,68,88,52,17,26,242,186,17,26,49,20,23,13,26,16,928,195,18,18,910,185
2019-2023,Alaska,Anchorage Municipality,0500000US02020,289069,0,107868,4224,9076,945,3906,495,5170,769,98792,4104,98152,2660,02,020,145899,9145,6269,951,5627,898,134003,8052,104206,6530,3870,663,17679,2210,934,330,2093,460,276,132,3182,524,214,162,4503,801,535,365,14236,1215,440,196,9497,844,3526,507,5971,678,98371,4210,5550,733,92821,4080
2019-2023,Alaska,Bethel Census Area,0500000US02050,18487,0,4661,97,1060,126,753,115,307,77,3601,139,70616,4453,02,050,6404,299,658,115,605,107,5141,377,1248,221,57,42,638,168,8,8,26,26,3,4,2073,234,300,90,2006,185,241,52,413,219,49,29,1974,165,777,99,1197,142,2687,166,283,74,2404,185
2019-2023,Alaska,Bristol Bay Borough,0500000US02060,878,0,283,38,18,10,3,4,15,9,265,39,100625,14748,02,060,457,87,3,4,4,4,450,86,275,55,1,2,27,15,0,10,0,10,0,10,45,56,1,2,69,107,1,2,41,15,0,10,15,19,5,6,10,17,268,34,13,8,255,34
2019-2023,Alaska,Chugach Census Area,0500000US02063,6964,0,2679,257,116,48,62,30,54,34,2563,246,88565,9267,02,063,3373,357,82,54,127,64,3164,347,2260,270,20,21,350,141,30,36,0,15,0,15,443,128,7,7,162,76,0,15,158,65,25,30,213,107,34,25,179,105,2466,228,82,40,2384,220
2019-2023,Alaska,Copper River Census Area,0500000US02066,2626,0,1146,85,116,41,37,21,79,39,1030,87,75053,7307,02,066,1032,102,35,23,46,28,951,111,698,97,8,10,47,22,5,7,0,10,0,10,86,30,22,19,57,38,0,10,144,64,0,10,156,50,22,17,134,50,990,96,94,40,896,95
2019-2023,Alaska,Denali Borough,0500000US02068,2029,0,533,72,38,20,11,10,27,18,495,73,88935,10432,02,068,1344,99,56,57,11,13,1277,104,328,105,6,7,399,551,3,8,0,10,0,10,534,524,35,52,11,15,0,10,72,44,12,10,15,11,11,10,4,5,518,73,27,18,491,73
2019-2023,Alaska,Dillingham Census Area,0500000US02070,4780,0,1383,192,234,38,168,40,66,22,1149,190,74250,7801,02,070,1734,355,105,75,130,44,1499,361,598,210,23,14,340,133,6,7,4,5,0,10,450,210,45,68,217,50,31,15,125,79,0,10,415,62,150,29,265,50,968,210,84,25,884,201
2019-2023,Alaska,Fairbanks North Star Borough,0500000US02090,95555,0,36176,2916,2602,557,649,200,1953,477,33574,2620,84722,5460,02,090,45552,6169,1494,492,1813,702,42245,5432,34127,4828,1100,433,5552,1378,171,140,405,206,47,49,1356,432,110,89,1112,328,49,76,3000,613,17,28,2351,449,656,218,1695,394,33825,2805,1946,476,31879,2530
2019-2023,Alaska,Haines Borough,0500000US02100,2077,0,899,95,93,58,9,13,84,56,806,83,72607,10612,02,100,821,111,57,58,28,19,736,100,445,108,12,16,87,57,0,10,12,12,0,10,103,53,45,49,95,75,0,10,79,47,0,10,24,17,4,5,20,16,875,94,89,58,786,81
2019-2023,Alaska,Hoonah-Angoon Census Area,0500000US02105,2313,0,922,72,147,48,34,16,113,42,775,63,62500,8669,02,105,1002,85,94,56,73,42,835,116,397,80,37,25,32,15,0,10,13,11,0,10,416,66,52,51,100,42,1,4,44,25,4,6,135,34,57,21,78,22,787,74,90,39,697,68
2019-2023,Alaska,Juneau City and Borough,0500000US02110,31969,0,13138,230,985,235,373,155,612,177,12153,320,100513,7275,02,110,16470,511,791,223,563,226,15116,606,10705,551,468,178,1972,372,33,35,392,126,61,46,1025,224,103,91,332,122,5,7,2044,245,121,125,916,232,190,92,726,205,12222,298,795,210,11427,355
2019-2023,Alaska,Kenai Peninsula Borough,0500000US02122,59843,0,23902,415,2836,337,997,207,1839,303,21066,517,77722,5508,02,122,24262,605,1190,230,1003,221,22069,645,16224,626,800,184,2813,479,109,66,70,70,0,24,1411,234,47,35,1457,242,91,52,2287,372,143,71,2051,259,891,205,1160,179,21851,491,1945,300,19906,551
2019-2023,Alaska,Ketchikan Gateway Borough,0500000US02130,13870,0,5621,143,466,95,209,63,257,70,5155,179,89155,6912,02,130,6932,241,274,83,338,100,6320,264,4733,273,143,57,976,161,67,47,205,106,12,17,462,129,37,33,228,98,0,16,328,83,15,15,511,93,165,57,346,84,5110,165,301,73,4809,193
2019-2023,Alaska,Kodiak Island Borough,0500000US02150,12878,0,4608,416,553,159,209,96,344,122,4055,426,83716,11974,02,150,6433,658,228,111,190,95,6015,654,4134,543,109,86,917,266,64,38,15,20,0,16,351,113,37,34,678,250,16,15,338,120,2,3,390,134,167,68,223,114,4218,458,386,153,3832,441
2019-2023,Alaska,Kusilvak Census Area,0500000US02158,8277,0,1891,54,610,81,485,75,125,33,1281,85,48233,6286,02,158,2325,136,303,64,368,93,1654,154,96,29,11,9,44,21,0,15,0,15,0,15,1036,93,164,48,1009,124,117,37,140,54,11,9,962,77,500,74,462,62,929,74,110,28,819,82
2019-2023,Alaska,Lake and Peninsula Borough,0500000US02164,1007,0,322,49,66,17,34,12,32,15,256,44,64000,6855,02,164,509,59,40,16,48,19,421,55,194,131,8,6,22,13,2,4,0,10,0,10,166,112,13,11,102,33,15,9,25,50,2,3,92,21,32,12,60,18,230,42,34,14,196,39
2019-2023,Alaska,Matanuska-Susitna Borough,0500000US02170,110677,0,39682,319,4008,367,2056,266,1952,243,35674,411,90625,2552,02,170,47259,694,2082,268,2059,295,43118,747,34127,825,1381,240,4517,394,239,90,227,99,44,40,861,191,41,24,2522,272,115,70,5005,383,262,114,4022,356,1374,219,2648,316,35660,367,2634,316,33026,395
2019-2023,Alaska,Nome Census Area,0500000US02180,9925,0,2786,92,507,59,376,60,131,30,2279,101,76643,6111,02,180,3568,179,310,61,309,164,2949,249,1056,162,32,28,356,80,2,3,12,12,0,15,1135,173,186,51,783,109,81,27,226,129,9,6,846,86,319,49,527,68,1940,131,188,36,1752,131
2019-2023,Alaska,North Slope Borough,0500000US02185,10891,0,2205,96,321,110,186,90,135,82,1884,137,86313,14903,02,185,6112,277,59,38,182,131,5871,300,1155,241,3,4,1240,292,7,7,45,46,0,16,2365,345,13,10,1007,322,20,24,300,143,16,24,262,75,94,64,168,53,1943,115,227,92,1716,140
2019-2023,Alaska,Northwest Arctic Borough,0500000US02188,7611,0,1817,72,286,50,220,45,66,20,1531,96,81298,6397,02,188,2392,179,133,37,135,34,2124,184,354,72,23,22,282,66,6,7,46,79,2,3,1099,169,64,25,462,59,27,13,149,37,11,10,633,80,191,41,442,60,1184,102,95,24,1089,110
2019-2023,Alaska,Petersburg Borough,0500000US02195,3394,0,1319,163,75,26,37,15,38,25,1244,155,77026,9342,02,195,1684,185,62,33,83,37,1539,178,905,129,19,16,164,53,3,5,3,4,0,10,320,87,17,12,163,56,16,14,129,39,7,9,116,36,28,18,88,30,1203,159,47,17,1156,155
2019-2023,Alaska,Prince of Wales-Hyder Census Area,0500000US02198,5730,0,2348,87,333,57,173,48,160,41,2015,94,59079,2977,02,198,2556,112,184,64,175,50,2197,112,1376,110,119,56,405,77,24,17,7,9,4,6,502,88,28,18,97,27,3,4,169,67,6,8,395,56,108,40,287,55,1953,90,225,44,1728,88
2019-2023,Alaska,Sitka City and Borough,0500000US02220,8393,0,3503,158,240,81,157,68,83,35,3263,161,101207,4219,02,220,4498,232,233,88,162,78,4103,228,2768,214,48,36,461,142,65,43,13,10,2,5,674,132,81,62,231,84,23,22,351,113,14,15,232,58,73,40,159,46,3271,156,167,66,3104,161
2019-2023,Alaska,Skagway Municipality,0500000US02230,1308,0,451,59,27,16,10,7,17,15,424,58,78594,14097,02,230,784,116,33,27,56,50,695,125,308,70,6,6,7,8,0,10,0,10,0,10,365,129,25,26,79,64,0,10,25,14,2,2,11,8,2,3,9,7,440,58,25,16,415,57
2019-2023,Alaska,Southeast Fairbanks Census Area,0500000US02240,6936,0,2311,143,281,76,167,76,114,50,2030,159,74223,10353,02,240,2821,215,181,93,192,92,2448,248,1830,292,136,86,267,114,0,15,14,17,0,15,334,211,7,7,138,83,28,32,238,123,10,16,202,82,131,70,71,35,2109,169,150,51,1959,163
2019-2023,Alaska,Wrangell City and Borough,0500000US02275,2106,0,912,69,78,39,42,29,36,22,834,64,64545,9941,02,275,836,95,35,34,18,19,783,110,519,79,12,12,65,55,1,2,11,10,0,10,117,38,2,3,41,32,15,25,83,30,5,7,105,46,31,27,74,40,807,72,47,24,760,71
2019-2023,Alaska,Yakutat City and Borough,0500000US02282,506,0,207,44,7,5,3,3,4,4,200,45,80625,27497,02,282,290,51,12,13,16,18,262,63,110,39,1,2,42,24,0,10,0,10,0,10,92,35,8,12,16,24,1,2,30,27,2,4,12,8,2,4,10,9,195,43,5,5,190,44
2019-2023,Alaska,Yukon-Koyukuk Census Area,0500000US02290,5271,0,2317,211,474,156,198,116,276,82,1843,179,52642,8978,02,290,2368,162,302,183,243,138,1823,183,726,150,44,117,210,108,38,39,7,7,0,15,889,128,159,118,392,88,60,42,144,67,1,5,558,94,252,59,306,64,1759,182,222,143,1537,175
2019-2023,Arizona,Apache County,0500000US04001,65680,0,20439,408,6546,385,3425,335,3121,282,13893,458,40338,2657,04,001,18108,615,1469,198,2162,321,14477,697,14747,641,1036,158,843,208,30,21,101,79,6,10,548,128,70,46,181,89,28,28,1688,257,299,102,5933,436,3526,337,2407,265,14506,428,3020,276,11486,451
2019-2023,Arizona,Cochise County,0500000US04003,125458,0,50476,767,7988,674,3466,373,4522,611,42488,858,58970,1831,04,003,44260,1186,2899,401,3279,440,38082,1321,34518,1148,2167,348,3932,471,269,129,28,30,5,6,830,219,145,114,756,196,92,72,4196,445,221,98,7522,680,3785,482,3737,464,42954,901,4203,536,38751,967
2019-2023,Arizona,Coconino County,0500000US04005,144643,0,53642,744,9615,739,3327,400,6288,600,44027,828,69748,2305,04,005,63888,1229,6580,639,4741,739,52567,1286,43447,1409,4144,552,7013,857,678,219,1160,338,280,146,3475,556,768,247,1487,338,347,221,7306,750,363,135,5720,503,2352,299,3368,477,47922,789,7263,627,40659,792
2019-2023,Arizona,Gila County,0500000US04007,53610,0,23253,658,3528,433,1595,287,1933,372,19725,656,59089,2938,04,007,18856,784,1396,345,1541,296,15919,807,12886,758,767,264,3186,553,436,179,15,25,0,33,419,213,34,31,270,116,1,3,2080,387,158,95,3341,452,1402,258,1939,345,19912,749,2126,387,17786,679
2019-2023,Arizona,Graham County,0500000US04009,38860,0,12460,262,2219,331,1336,268,883,229,10241,349,67326,4549,04,009,13941,527,1158,261,988,283,11795,543,11004,584,873,265,1917,383,148,109,21,22,5,8,148,96,34,43,219,101,54,60,632,205,44,46,1804,290,794,214,1010,205,10656,361,1425,281,9231,371
2019-2023,Arizona,Greenlee County,0500000US04011,9452,0,3444,189,303,126,181,76,122,107,3141,210,75239,5163,04,011,4111,290,172,85,74,60,3865,314,3292,336,92,60,641,187,79,55,0,20,0,20,145,109,1,3,3,5,0,20,30,24,0,20,247,92,112,82,135,78,3197,200,191,85,3006,212
2019-2023,Arizona,La Paz County,0500000US04012,16605,0,8887,292,1655,272,822,243,833,242,7232,374,49506,4816,04,012,5300,401,430,121,302,109,4568,425,3881,342,363,117,566,166,10,14,8,13,0,22,236,135,24,30,51,40,0,22,558,242,33,37,1253,257,564,168,689,197,7634,340,1091,244,6543,371
2019-2023,Arizona,Maricopa County,0500000US04013,4491987,0,1697342,3927,177485,3428,86379,2628,91106,2669,1519857,5294,85518,635,04,013,2180157,6783,107299,3325,105152,3595,1967706,8500,1454262,6576,67186,2407,209714,4310,14714,1281,27421,1995,4001,741,28440,1793,3628,679,51488,2375,5079,759,408832,6538,12691,1188,142229,3403,50564,1978,91665,2721,1555113,5255,126921,3137,1428192,5998
2019-2023,Arizona,Mohave County,0500000US04015,217420,0,96899,1037,15324,1120,6847,595,8477,926,81575,1345,55799,1721,04,015,74571,1554,6351,754,4730,614,63490,1719,57174,1534,4499,668,8085,857,700,218,289,145,51,50,839,249,310,144,2228,523,310,138,5956,702,481,307,11792,1109,5132,635,6660,906,85107,1374,10192,858,74915,1474
2019-2023,Arizona,Navajo County,0500000US04017,107744,0,39171,687,9359,729,5342,560,4017,466,29812,814,52752,2280,04,017,33936,1086,3741,579,3189,498,27006,1212,25651,1075,2450,465,3245,383,606,178,287,131,17,32,1159,274,202,107,568,224,210,137,3026,474,256,80,8228,501,4549,447,3679,386,30943,691,4810,482,26133,755
2019-2023,Arizona,Pima County,0500000US04019,1049947,0,430965,1683,59042,1715,25159,1477,33883,1349,371923,2027,67929,992,04,019,464093,3698,35848,1934,31921,1784,396324,4210,329484,3870,23089,1707,44747,1729,4450,717,7234,772,1394,325,7189,717,1998,523,11253,1027,1746,514,64186,2538,3171,601,51957,1813,22067,1192,29890,1531,379008,2474,36975,1529,342033,2464
2019-2023,Arizona,Pinal County,0500000US04021,449219,0,157193,1307,16635,1051,8867,842,7768,860,140558,1545,77588,1730,04,021,178041,2590,8081,801,9915,1311,160045,3091,125991,2729,5840,689,19735,1611,801,255,286,139,13,12,2563,460,153,114,3019,482,327,126,26447,1541,947,276,16173,1082,5807,709,10366,1011,141020,1451,10828,859,130192,1441
2019-2023,Arizona,Santa Cruz County,0500000US04023,48209,0,16816,318,3250,400,1995,356,1255,276,13566,436,53614,3573,04,023,18474,704,2162,460,1805,379,14507,802,14509,778,1271,396,2032,455,574,337,134,89,13,17,230,152,33,39,403,173,128,127,1166,304,143,108,3967,497,1807,313,2160,377,12849,518,1443,311,11406,495
2019-2023,Arizona,Yavapai County,0500000US04025,241656,0,108900,926,13028,913,5260,657,7768,609,95872,1095,66106,1808,04,025,94130,1842,6047,887,5432,771,82651,1999,68376,1769,4363,744,9315,905,733,274,229,114,51,54,2734,492,184,134,1808,338,187,144,11668,1037,529,169,8611,793,2987,423,5624,745,100289,1102,10041,818,90248,1279
2019-2023,Arizona,Yuma County,0500000US04027,207685,0,76903,951,12504,999,7582,823,4922,656,64399,1309,60417,1438,04,027,76969,1413,5909,853,6921,844,64139,1651,60914,1672,4386,714,8438,1172,833,398,560,315,160,153,1025,256,111,70,1087,325,232,183,4945,603,187,136,13995,1004,5551,686,8444,789,62908,1276,6953,701,55955,1385
2019-2023,Arkansas,Arkansas County,0500000US05001,16773,0,6587,275,993,205,368,125,625,177,5594,291,60831,3616,05,001,7290,380,454,162,550,207,6286,435,6353,429,423,155,704,193,21,29,3,6,3,6,55,38,7,10,33,35,0,20,142,84,0,20,849,196,475,154,374,133,5738,274,518,167,5220,279
2019-2023,Arkansas,Ashley County,0500000US05003,18722,0,7199,253,1655,292,744,206,911,233,5544,323,44481,4230,05,003,6584,453,567,229,580,209,5437,525,5719,456,439,159,432,174,29,31,19,19,0,20,54,39,0,20,163,100,23,45,197,127,76,105,943,205,599,164,344,104,6256,289,1056,221,5200,327
2019-2023,Arkansas,Baxter County,0500000US05005,42150,0,19289,408,2725,353,1073,213,1652,312,16564,510,48427,2668,05,005,14557,688,1077,270,1755,332,11725,700,11266,647,734,177,1932,391,287,147,3,5,2,4,242,160,43,36,231,135,1,3,883,216,10,16,1658,277,851,212,807,188,17631,513,1874,325,15757,543
2019-2023,Arkansas,Benton County,0500000US05007,294541,0,107667,961,8495,592,4530,486,3965,503,99172,966,89879,2078,05,007,144744,1572,4310,587,6703,817,133731,1853,109406,2067,3058,436,11657,1065,670,264,121,73,45,40,1276,284,78,49,1261,279,36,33,21023,1295,423,193,4359,508,2003,322,2356,373,103308,1051,6492,563,96816,1030
2019-2023,Arkansas,Boone County,0500000US05009,37896,0,15232,363,2211,335,864,249,1347,284,13021,469,54195,2906,05,009,16128,661,1009,251,1087,258,14032,778,12514,635,702,191,1518,414,108,96,4,8,4,8,362,161,118,121,114,87,0,27,1616,367,77,55,1323,283,674,222,649,172,13909,465,1537,258,12372,500
2019-2023,Arkansas,Bradley County,0500000US05011,10354,0,3600,182,930,144,403,111,527,120,2670,199,39565,7789,05,011,3730,310,198,85,294,119,3238,321,3260,298,157,79,225,77,14,21,2,4,1,4,136,68,5,10,52,44,21,27,55,42,0,20,704,171,339,96,365,141,2896,206,591,136,2305,188
2019-2023,Arkansas,Calhoun County,0500000US05013,4717,0,1584,130,211,66,112,53,99,43,1373,137,63654,5566,05,013,1801,159,156,69,50,38,1595,157,1479,162,153,70,273,76,0,13,0,13,0,13,29,34,3,7,19,22,0,13,1,2,0,13,129,66,86,52,43,40,1455,134,125,57,1330,139
2019-2023,Arkansas,Carroll County,0500000US05015,28526,0,11106,388,1864,301,864,200,1000,222,9242,427,55187,6324,05,015,11350,595,899,274,806,236,9645,663,8048,622,710,240,1233,311,139,95,5,10,0,24,432,194,6,8,408,176,28,39,1224,344,16,18,539,155,253,119,286,120,10567,417,1611,275,8956,437
2019-2023,Arkansas,Chicot County,0500000US05017,9997,0,3919,183,1042,161,388,102,654,135,2877,227,39683,5162,05,017,3320,277,204,72,352,158,2764,308,2893,259,156,78,199,90,33,28,0,18,0,18,91,52,8,9,4,9,4,9,133,75,3,7,664,147,439,123,225,80,3255,220,603,143,2652,235
2019-2023,Arkansas,Clark County,0500000US05019,21378,0,8147,264,1782,230,581,156,1201,220,6365,290,50985,4659,05,019,8547,434,1019,254,1022,255,6506,446,6739,454,741,208,988,206,167,96,28,24,12,14,300,123,61,72,128,72,5,8,364,137,33,48,1039,186,587,152,452,140,7108,253,1195,217,5913,260
2019-2023,Arkansas,Clay County,0500000US05021,14399,0,6116,225,1094,185,544,131,550,144,5022,262,48500,4959,05,021,6084,311,466,115,494,146,5124,323,4868,320,363,104,604,141,8,11,4,6,0,20,120,74,26,24,111,74,24,32,377,159,45,37,731,157,436,120,295,127,5385,265,658,144,4727,275
2019-2023,Arkansas,Cleburne County,0500000US05023,25048,0,10458,383,1400,222,722,171,678,154,9058,402,55979,2768,05,023,9229,507,490,148,769,218,7970,518,7363,507,345,134,943,219,105,72,0,24,0,24,166,73,9,14,75,45,0,24,682,174,31,36,943,219,493,158,450,133,9515,424,907,176,8608,415
2019-2023,Arkansas,Cleveland County,0500000US05025,7491,0,2793,150,417,123,213,95,204,99,2376,161,50509,6540,05,025,2718,215,166,92,306,120,2246,236,2330,223,121,82,189,84,19,22,7,12,0,18,12,13,3,6,34,38,23,35,146,79,0,18,382,106,171,72,211,95,2411,175,246,99,2165,160
2019-2023,Arkansas,Columbia County,0500000US05027,22527,0,8361,358,1901,334,1024,214,877,234,6460,420,47363,5136,05,027,8596,480,935,288,615,210,7046,591,7285,441,758,268,664,213,7,20,54,40,33,20,141,101,81,82,157,98,56,54,295,121,0,24,1136,238,727,194,409,128,7225,398,1174,293,6051,397
2019-2023,Arkansas,Conway County,0500000US05029,20872,0,8303,245,1759,289,865,233,894,204,6544,342,51212,4598,05,029,8361,435,678,224,785,263,6898,500,6761,425,452,159,1001,275,91,62,6,8,2,3,65,46,5,8,76,58,42,51,452,152,86,76,1166,233,678,191,488,165,7137,298,1081,218,6056,338
2019-2023,Arkansas,Craighead County,0500000US05031,112097,0,43357,569,7401,689,3811,504,3590,530,35956,931,57615,2605,05,031,49473,1136,4376,631,3192,531,41905,1289,41150,1124,3216,540,4601,684,641,223,9,18,0,30,574,255,140,126,312,146,31,54,2827,512,348,207,5067,531,3232,495,1835,447,38290,822,4169,516,34121,879
2019-2023,Arkansas,Crawford County,0500000US05033,60792,0,22994,384,3223,375,1789,304,1434,254,19771,483,60362,2501,05,033,24605,952,1315,295,1328,341,21962,962,20980,968,1039,249,1933,507,227,135,66,70,0,30,255,132,27,41,159,97,0,30,1212,239,22,21,2289,314,1329,254,960,254,20705,481,1894,318,18811,535
2019-2023,Arkansas,Crittenden County,0500000US05035,47609,0,18338,338,3633,419,1912,332,1721,254,14705,491,54271,3330,05,035,19709,708,1298,261,1755,311,16656,693,15568,638,755,183,2600,391,296,146,19,21,0,27,197,84,62,69,90,46,22,33,1235,241,163,106,3087,390,1768,315,1319,280,15251,420,1865,301,13386,500
2019-2023,Arkansas,Cross County,0500000US05037,16681,0,6524,208,1555,241,837,197,718,179,4969,274,47012,5730,05,037,6680,293,608,202,798,231,5274,350,5556,305,565,200,836,218,43,37,0,20,0,20,42,33,0,20,48,39,0,20,198,89,0,20,817,169,556,183,261,101,5707,242,999,197,4708,252
2019-2023,Arkansas,Dallas County,0500000US05039,6351,0,2425,167,407,120,146,75,261,93,2018,177,44694,7860,05,039,2520,156,174,99,37,28,2309,181,2106,222,160,97,218,90,7,10,5,9,0,18,93,87,0,18,68,69,7,11,30,26,0,18,312,86,111,54,201,73,2113,139,296,115,1817,159
2019-2023,Arkansas,Desha County,0500000US05041,11041,0,4750,187,1342,231,715,220,627,162,3408,244,36064,3671,05,041,3951,285,491,169,545,175,2915,310,3379,276,413,180,389,148,69,62,11,14,5,10,24,15,4,6,27,33,0,20,121,62,0,20,1035,211,600,158,435,127,3715,222,742,188,2973,253
2019-2023,Arkansas,Drew County,0500000US05043,17143,0,7004,295,1477,332,638,213,839,243,5527,357,41071,6065,05,043,6348,449,530,176,621,193,5197,495,5230,456,374,148,564,196,35,32,0,20,0,20,338,200,30,47,41,29,15,24,175,101,76,92,1130,256,528,159,602,188,5874,306,949,274,4925,351
2019-2023,Arkansas,Faulkner County,0500000US05045,126001,0,48866,533,7938,717,3186,406,4752,594,40928,815,65071,2574,05,045,58509,1405,4736,629,4585,732,49188,1598,49035,1432,3775,637,4323,589,522,233,59,59,27,41,532,204,59,60,601,270,166,187,3959,550,187,141,3724,482,1841,331,1883,360,45142,674,6097,603,39045,861
2019-2023,Arkansas,Franklin County,0500000US05047,17220,0,6878,248,1301,255,522,178,779,188,5577,311,51919,4896,05,047,6826,499,533,193,627,200,5666,540,5717,474,398,138,748,219,90,69,36,61,34,58,81,59,11,12,102,73,0,20,142,83,0,20,846,199,476,154,370,133,6032,310,825,208,5207,312
2019-2023,Arkansas,Fulton County,0500000US05049,12239,0,4808,232,867,158,315,112,552,125,3941,244,38941,3640,05,049,4210,337,338,117,830,243,3042,355,3338,328,272,116,426,149,34,47,0,20,0,20,156,96,6,8,24,23,3,12,266,148,23,26,648,145,355,112,293,113,4160,265,512,131,3648,263
2019-2023,Arkansas,Garland County,0500000US05051,100062,0,43762,707,7362,631,3200,486,4162,538,36400,881,55409,2233,05,051,41433,1130,3341,516,3569,520,34523,1174,33076,1159,2411,427,4512,676,629,231,101,130,0,30,664,224,70,50,504,209,100,92,2576,339,131,116,4467,559,2365,404,2102,436,39295,890,4997,548,34298,944
2019-2023,Arkansas,Grant County,0500000US05053,18111,0,6955,212,877,220,332,110,545,194,6078,299,72512,5055,05,053,7979,448,433,175,326,155,7220,495,6371,497,322,126,585,171,57,62,0,20,0,20,112,100,30,39,16,22,0,20,895,273,24,26,533,176,301,126,232,111,6422,259,576,173,5846,311
2019-2023,Arkansas,Greene County,0500000US05055,46182,0,17926,333,3135,427,1455,355,1680,281,14791,455,56793,2743,05,055,19463,727,1126,334,1303,326,17034,738,16283,812,703,292,1848,419,289,139,35,38,0,27,379,176,64,56,230,109,10,17,688,214,60,91,2660,439,1460,392,1200,297,15266,558,1675,308,13591,557
2019-2023,Arkansas,Hempstead County,0500000US05057,19778,0,7454,263,1541,296,560,175,981,280,5913,336,47654,5095,05,057,7488,451,565,146,436,182,6487,527,6410,451,193,63,793,193,275,106,24,32,3,5,29,32,18,26,41,51,27,49,191,111,49,56,678,223,545,193,133,80,6776,310,996,225,5780,357
2019-2023,Arkansas,Hot Spring County,0500000US05059,33142,0,12101,370,2224,339,1094,249,1130,251,9877,459,52644,3937,05,059,13057,730,716,248,1169,342,11172,722,10575,600,551,218,1599,417,129,96,39,46,0,27,246,115,22,36,252,174,0,27,346,127,14,16,1421,315,582,180,839,255,10680,457,1642,330,9038,476
2019-2023,Arkansas,Howard County,0500000US05061,12701,0,5169,197,1016,227,646,199,370,96,4153,231,44492,8319,05,061,5113,278,545,235,347,127,4221,328,4101,322,356,171,698,173,46,55,27,35,27,35,163,134,116,129,4,6,0,20,120,88,0,20,610,175,339,121,271,129,4559,265,677,206,3882,245
2019-2023,Arkansas,Independence County,0500000US05063,38120,0,14515,414,2760,427,1505,309,1255,280,11755,542,56009,4703,05,063,16181,751,1723,319,994,294,13464,937,13194,785,1184,284,1566,333,359,141,16,21,0,27,287,171,90,95,290,134,88,71,828,246,2,6,1902,325,1237,302,665,170,12613,475,1523,289,11090,528
2019-2023,Arkansas,Izard County,0500000US05065,13866,0,5027,199,1011,174,473,111,538,149,4016,249,47728,5107,05,065,4264,347,475,183,286,119,3503,373,3607,336,400,170,268,97,26,23,5,7,0,20,81,58,5,8,52,55,0,20,251,109,44,45,603,139,353,108,250,93,4424,243,658,152,3766,245
2019-2023,Arkansas,Jackson County,0500000US05067,16775,0,6094,227,1354,222,692,166,662,155,4740,298,41215,4056,05,067,5744,347,527,172,669,178,4548,367,4896,358,408,159,442,134,25,30,0,20,0,20,180,116,80,87,46,30,1,3,180,84,13,20,1224,208,736,176,488,159,4870,282,618,166,4252,286
2019-2023,Arkansas,Jefferson County,0500000US05069,65780,0,24334,534,5088,544,2580,347,2508,436,19246,622,48552,2575,05,069,24612,833,2445,433,2299,432,19868,799,20962,818,1981,385,1529,358,127,80,174,138,75,92,225,139,137,131,76,62,13,22,1646,295,112,95,3729,412,1881,296,1848,339,20605,638,3207,456,17398,662
2019-2023,Arkansas,Johnson County,0500000US05071,25932,0,10047,234,2174,295,942,173,1232,233,7873,349,44808,4077,05,071,10029,465,811,182,1088,259,8130,504,8511,520,644,160,870,217,42,35,12,10,0,24,248,121,56,61,59,48,11,20,329,123,58,66,1310,180,812,160,498,132,8737,326,1362,275,7375,365
2019-2023,Arkansas,Lafayette County,0500000US05073,6211,0,2564,173,726,145,297,84,429,114,1838,152,37237,5842,05,073,2115,156,163,66,200,81,1752,174,1784,184,130,66,208,74,29,32,2,5,0,18,28,26,0,18,62,40,4,6,31,29,0,18,409,106,251,87,158,66,2155,166,475,105,1680,148
2019-2023,Arkansas,Lawrence County,0500000US05075,16265,0,6437,187,1219,192,577,140,642,134,5218,225,44164,4056,05,075,6278,282,560,174,689,175,5029,360,5296,284,494,170,605,124,50,37,0,20,0,20,83,53,1,3,80,47,0,20,214,66,15,22,1041,211,579,142,462,150,5396,251,640,147,4756,237
2019-2023,Arkansas,Lee County,0500000US05077,8511,0,2641,184,772,149,377,114,395,113,1869,187,36860,5143,05,077,2287,320,169,100,228,115,1890,305,1781,253,105,88,124,62,20,35,0,18,0,18,23,25,0,18,9,16,0,18,350,218,44,65,760,164,502,114,258,114,1881,208,270,96,1611,197
2019-2023,Arkansas,Lincoln County,0500000US05079,12966,0,3518,208,609,141,373,124,236,74,2909,206,51667,4710,05,079,3687,304,306,149,228,133,3153,317,3068,300,274,135,305,127,12,29,0,20,0,20,4,6,0,20,0,20,0,20,310,172,20,30,400,112,191,81,209,78,3118,211,418,120,2700,215
2019-2023,Arkansas,Little River County,0500000US05081,11959,0,4790,284,887,169,376,117,511,143,3903,279,52241,6971,05,081,4940,291,390,144,412,191,4138,345,4242,317,199,115,395,154,101,78,0,20,0,20,55,57,0,20,99,78,39,65,149,126,51,91,469,142,296,114,173,74,4321,297,591,133,3730,279
2019-2023,Arkansas,Logan County,0500000US05083,21240,0,8484,265,1270,213,463,117,807,155,7214,316,54237,2751,05,083,8906,397,573,147,892,254,7441,413,6805,427,373,123,1063,225,125,71,69,83,0,24,126,78,13,17,233,142,32,34,610,198,30,45,953,205,446,129,507,147,7531,320,824,167,6707,323
2019-2023,Arkansas,Lonoke County,0500000US05085,74747,0,27817,425,3044,438,1592,329,1452,276,24773,539,71449,2948,05,085,35011,898,1156,251,1473,367,32382,971,28264,964,914,226,3585,593,117,69,4,12,4,12,308,130,18,28,327,132,63,58,2523,360,40,30,2148,377,1249,291,899,246,25669,526,1795,326,23874,589
2019-2023,Arkansas,Madison County,0500000US05087,17032,0,6381,254,820,188,558,178,262,84,5561,262,53888,5680,05,087,7482,422,745,278,708,285,6029,464,5903,475,500,169,675,235,0,20,0,20,0,20,243,214,221,211,12,20,0,20,649,202,24,34,663,182,245,119,418,144,5718,292,575,153,5143,302
2019-2023,Arkansas,Marion County,0500000US05089,17076,0,7296,359,1148,183,526,142,622,138,6148,364,46953,2813,05,089,5867,386,414,123,416,113,5037,410,4343,409,340,114,866,226,51,34,23,22,0,20,62,34,1,2,78,59,0,20,495,135,22,21,745,184,388,130,357,117,6551,373,760,155,5791,376
2019-2023,Arkansas,Miller County,0500000US05091,42588,0,16311,455,3705,359,1613,287,2092,329,12606,508,49983,2774,05,091,16338,861,1369,305,1342,317,13627,859,13485,756,956,256,1783,326,337,170,25,35,7,35,258,140,53,42,180,107,0,27,607,206,16,26,2284,357,1360,278,924,251,14027,541,2345,325,11682,537
2019-2023,Arkansas,Mississippi County,0500000US05093,39749,0,15381,363,3303,433,1677,308,1626,312,12078,510,53428,4079,05,093,16656,693,1620,389,1238,298,13798,785,13481,675,1243,345,2302,406,243,113,17,23,0,27,154,102,15,13,177,83,78,76,525,183,41,45,2727,359,1600,276,1127,240,12654,466,1703,352,10951,525
2019-2023,Arkansas,Monroe County,0500000US05095,6681,0,2819,143,664,133,273,93,391,120,2155,166,43955,6166,05,095,2398,231,147,80,213,119,2038,238,2009,224,66,44,255,141,55,62,0,18,0,18,62,65,12,19,8,9,8,9,64,35,6,9,512,137,365,113,147,65,2307,141,299,98,2008,152
2019-2023,Arkansas,Montgomery County,0500000US05097,8571,0,3752,206,855,152,452,108,403,116,2897,202,49015,4723,05,097,3109,222,307,100,226,101,2576,226,2568,236,231,99,354,118,46,47,0,18,0,18,28,28,10,15,25,33,5,7,134,68,15,23,445,119,225,84,220,73,3307,224,630,144,2677,214
2019-2023,Arkansas,Nevada County,0500000US05099,8228,0,3402,214,962,182,611,203,351,136,2440,268,41761,5513,05,099,3051,267,281,124,260,117,2510,320,2553,255,252,121,435,185,21,26,31,46,0,18,8,10,0,18,2,4,0,18,22,22,8,11,490,189,339,161,151,92,2912,253,623,154,2289,268
2019-2023,Arkansas,Newton County,0500000US05101,7175,0,3049,187,385,113,209,91,176,64,2664,171,47395,8554,05,101,2786,247,301,122,223,114,2262,238,2030,270,248,119,235,85,12,10,0,18,0,18,71,51,4,8,13,15,1,3,437,141,36,34,385,130,163,76,222,113,2664,174,222,77,2442,172
2019-2023,Arkansas,Ouachita County,0500000US05103,22317,0,8590,464,1569,286,676,164,893,199,7021,404,49838,3674,05,103,8432,552,328,114,765,269,7339,591,7316,557,262,103,601,208,39,29,0,24,0,24,114,60,2,3,86,60,25,25,315,139,0,24,1133,286,768,228,365,136,7457,429,801,193,6656,407
2019-2023,Arkansas,Perry County,0500000US05105,10073,0,3840,187,637,139,296,118,341,100,3203,201,60078,9429,05,105,3880,296,165,58,290,133,3425,329,3264,276,112,45,310,117,33,33,9,15,0,20,16,14,5,9,40,30,15,21,241,97,0,20,413,98,176,58,237,97,3427,211,461,123,2966,217
2019-2023,Arkansas,Phillips County,0500000US05107,15910,0,6179,256,1794,230,984,195,810,178,4385,265,38874,3809,05,107,5019,417,645,208,411,149,3963,365,4011,391,329,154,586,202,176,132,33,37,0,20,77,47,44,38,110,54,49,43,202,98,47,47,1835,252,999,195,836,207,4344,290,795,188,3549,296
2019-2023,Arkansas,Pike County,0500000US05109,10182,0,4120,165,946,147,376,93,570,138,3174,192,51000,4117,05,109,4098,220,375,111,345,116,3378,231,3335,251,331,102,504,133,42,43,13,14,0,20,44,40,0,20,1,2,1,2,201,101,1,3,507,137,369,129,138,50,3613,193,577,119,3036,187
2019-2023,Arkansas,Poinsett County,0500000US05111,22740,0,9031,258,1865,289,777,150,1088,264,7166,306,47188,5747,05,111,9085,390,752,208,723,179,7610,428,7497,400,425,128,942,195,172,99,5,2,0,24,261,110,57,45,78,42,38,31,302,112,60,46,1730,217,1001,165,729,177,7301,330,864,232,6437,338
2019-2023,Arkansas,Polk County,0500000US05113,19348,0,7884,275,1386,284,778,216,608,187,6498,345,49252,5637,05,113,7704,423,714,221,724,207,6266,471,5967,441,471,182,1084,258,107,61,3,4,3,4,140,94,41,47,112,65,20,23,398,120,72,75,969,185,523,158,446,133,6915,274,863,222,6052,345
2019-2023,Arkansas,Pope County,0500000US05115,63830,0,24073,510,3957,472,2009,341,1948,331,20116,643,54606,2921,05,115,26223,893,2417,487,2413,450,21393,1051,21491,994,2167,455,2926,384,115,80,78,93,3,7,184,93,60,54,511,236,55,80,1033,307,17,23,2295,389,1128,249,1167,315,21778,642,2829,423,18949,739
2019-2023,Arkansas,Prairie County,0500000US05117,8162,0,3261,153,363,106,90,39,273,98,2898,172,51094,6812,05,117,3497,240,118,64,321,145,3058,265,2987,279,94,62,294,134,0,18,0,18,0,18,62,40,0,18,29,33,24,32,125,68,0,18,377,138,101,55,276,127,2884,190,262,87,2622,194
2019-2023,Arkansas,Pulaski County,0500000US05119,398949,0,169453,1182,26441,1267,12004,1000,14437,1070,143012,1563,60385,1648,05,119,183944,2705,12348,1105,12449,1316,159147,2876,142645,2722,8903,924,16195,1352,1575,483,1540,347,286,164,2202,417,327,139,2416,568,391,181,18946,1545,866,339,17822,1269,9961,1051,7861,794,151631,1570,16480,1213,135151,1527
2019-2023,Arkansas,Randolph County,0500000US05121,18733,0,7071,289,1456,229,777,209,679,171,5615,315,52838,6075,05,121,7194,507,758,204,509,193,5927,539,5998,538,540,173,834,184,74,63,1,2,0,20,46,29,3,4,12,13,0,20,303,125,141,102,1112,234,670,182,442,156,5959,328,786,166,5173,321
2019-2023,Arkansas,St. Francis County,0500000US05123,22740,0,7881,323,2097,285,1060,243,1037,248,5784,309,41784,4056,05,123,7759,484,799,211,921,238,6039,500,6398,480,650,194,909,222,50,48,11,16,0,24,119,66,0,24,92,70,45,51,230,109,54,55,1770,232,1077,204,693,189,6111,351,1020,198,5091,303
2019-2023,Arkansas,Saline County,0500000US05125,125724,0,49589,426,4561,533,2270,380,2291,399,45028,649,76534,3116,05,125,59319,1228,1898,350,3084,637,54337,1322,47352,1240,1426,338,5740,1042,311,150,88,96,0,30,493,185,15,17,404,148,56,48,5242,643,90,72,2750,514,1370,338,1380,351,46839,665,3191,486,43648,760
2019-2023,Arkansas,Scott County,0500000US05127,9839,0,3927,223,783,170,329,99,454,138,3144,248,45955,5309,05,127,3712,289,311,129,265,101,3136,309,2983,285,220,94,377,137,32,37,12,18,0,18,50,42,19,29,165,84,40,53,125,75,0,18,535,133,336,113,199,79,3392,201,447,148,2945,239
2019-2023,Arkansas,Searcy County,0500000US05129,7861,0,3052,177,778,153,324,89,454,127,2274,190,41978,4927,05,129,2822,287,262,122,198,88,2362,311,2325,261,243,117,296,149,19,27,0,18,0,18,45,35,0,18,33,28,0,18,123,71,0,18,334,103,266,97,68,36,2718,192,512,136,2206,198
2019-2023,Arkansas,Sebastian County,0500000US05131,128448,0,51951,587,8717,813,3655,580,5062,647,43234,1035,56450,2401,05,131,56954,1000,4762,650,4727,601,47465,1138,45088,1322,3441,547,6104,719,706,244,81,62,2,5,640,220,162,125,1021,315,143,102,4020,598,308,127,5941,666,2782,464,3159,466,46010,879,5935,704,40075,1130
2019-2023,Arkansas,Sevier County,0500000US05133,15797,0,5697,249,1158,250,495,164,663,213,4539,297,51641,5749,05,133,6412,374,457,150,772,214,5183,427,4655,386,302,121,1373,359,98,82,17,20,0,20,81,66,31,51,95,61,9,14,191,104,17,26,1221,242,600,216,621,184,4476,311,558,149,3918,302
2019-2023,Arkansas,Sharp County,0500000US05135,17597,0,6810,322,1366,219,531,138,835,178,5444,350,42950,4376,05,135,6021,346,400,118,558,153,5063,365,4676,323,291,111,870,244,68,33,14,20,6,16,54,38,2,4,73,43,0,20,334,123,33,34,1211,228,646,160,565,176,5599,326,720,164,4879,337
2019-2023,Arkansas,Stone County,0500000US05137,12474,0,4962,321,1095,236,496,151,599,191,3867,343,38531,7368,05,137,3914,448,336,104,517,217,3061,417,3042,431,197,87,480,175,73,47,24,33,0,20,94,69,0,20,36,51,24,41,238,118,42,43,855,228,539,216,316,121,4107,338,556,131,3551,327
2019-2023,Arkansas,Union County,0500000US05139,38368,0,15125,388,3022,518,1407,357,1615,336,12103,518,50221,4191,05,139,15961,615,1291,384,1163,296,13507,790,13572,611,1026,340,1087,216,56,53,9,14,2,6,256,116,61,50,62,63,13,19,975,259,133,104,1520,253,789,231,731,196,13605,451,2233,468,11372,491
2019-2023,Arkansas,Van Buren County,0500000US05141,15936,0,7115,265,1468,238,706,160,762,170,5647,331,47266,6322,05,141,5530,344,550,167,732,359,4248,404,4199,344,424,135,724,250,40,39,0,20,0,20,73,60,46,57,197,131,0,20,337,109,40,38,661,161,412,139,249,100,6454,308,1056,203,5398,338
2019-2023,Arkansas,Washington County,0500000US05143,251863,0,95467,846,13543,963,4967,583,8576,728,81924,1250,66426,2116,05,143,121450,1901,9062,862,10405,920,101983,2031,92844,2236,6129,715,12575,1354,1653,388,672,259,124,71,1535,329,324,139,1623,364,336,148,12201,1220,496,178,5552,621,2554,418,2998,500,89915,994,10989,830,78926,1267
2019-2023,Arkansas,White County,0500000US05145,77395,0,28945,616,4712,585,2730,437,1982,370,24233,730,53435,4396,05,145,31351,1023,2631,505,2750,553,25970,1162,26586,1097,2078,478,3046,640,360,156,69,58,15,16,258,99,71,67,248,129,32,33,1144,242,75,69,3342,428,1657,328,1685,373,25603,726,3055,452,22548,754
2019-2023,Arkansas,Woodruff County,0500000US05147,6157,0,2753,112,657,114,231,74,426,102,2096,130,49982,4375,05,147,2584,187,261,69,178,75,2145,210,2267,207,212,70,61,37,17,22,0,18,0,18,150,84,3,4,58,38,29,24,48,28,0,18,532,93,362,86,170,64,2221,119,295,83,1926,135
2019-2023,Arkansas,Yell County,0500000US05149,20195,0,8053,235,1129,238,473,108,656,221,6924,268,58870,9002,05,149,8802,419,457,125,938,254,7407,452,6820,442,262,90,1024,254,49,41,0,24,0,24,68,49,36,40,212,118,60,51,678,202,50,53,875,205,390,127,485,175,7178,280,739,173,6439,299
2019-2023,California,Alameda County,0500000US06001,1651949,0,593117,1676,56705,1807,21711,1191,34994,1467,536412,2524,126240,1364,06,001,824156,3988,31376,1435,25801,1393,766979,4339,443706,4522,16062,1018,67359,2545,3047,576,75941,2310,4108,540,19950,1225,2035,385,25217,1219,1472,332,191983,3415,4652,651,51780,1943,18830,1141,32950,1459,541337,2627,37875,1505,503462,2917
2019-2023,California,Alpine County,0500000US06003,1695,0,473,103,37,20,27,17,10,9,436,106,110781,18601,06,003,772,152,60,35,10,13,702,157,421,132,22,19,117,75,9,24,3,10,3,10,17,18,0,14,17,25,0,14,197,75,26,34,40,22,14,11,26,19,433,100,23,16,410,103
2019-2023,California,Amador County,0500000US06005,41029,0,16066,341,1734,427,436,154,1298,387,14332,514,81526,7398,06,005,15671,650,449,152,610,287,14612,649,11503,689,355,133,1413,363,34,49,24,31,7,13,381,205,0,29,103,59,0,29,2247,413,53,57,1284,316,525,225,759,236,14782,421,1209,343,13573,482
2019-2023,California,Butte County,0500000US06007,209470,0,82345,797,14390,798,5233,620,9157,668,67955,1005,68574,2351,06,007,90086,1594,10026,929,6769,765,73291,1861,65688,1830,6934,708,8817,806,1332,363,552,210,104,99,2297,528,592,230,2560,475,417,140,10172,896,647,214,12377,687,5768,579,6609,484,69968,1041,8622,722,61346,1044
2019-2023,California,Calaveras County,0500000US06009,45995,0,17897,567,2012,365,1046,258,966,272,15885,624,79877,4638,06,009,17617,882,932,290,645,240,16040,935,13053,813,722,258,1185,311,89,84,106,103,18,32,404,187,26,42,381,138,20,34,2488,459,57,71,1718,351,556,207,1162,288,16179,582,1456,284,14723,615
2019-2023,California,Colusa County,0500000US06011,21895,0,7466,230,920,231,463,157,457,158,6546,257,75149,8491,06,011,9188,618,321,136,628,276,8239,647,7419,556,169,102,1049,257,55,69,38,33,9,20,76,55,12,17,88,60,0,25,518,164,76,67,1065,232,315,135,750,203,6401,257,605,158,5796,292
2019-2023,California,Contra Costa County,0500000US06013,1161458,0,411662,1106,34070,1672,16660,1185,17410,1148,377592,1859,125727,1829,06,013,554196,3606,19256,1439,19805,1590,515135,4392,337177,4399,10872,1042,53774,2139,2938,457,36170,1743,1700,392,9901,1017,913,371,10826,939,714,235,106348,2858,2119,420,31571,1424,9808,877,21763,1111,380091,1661,24262,1509,355829,2050
2019-2023,California,Del Norte County,0500000US06015,27293,0,9621,256,1168,223,448,187,720,162,8453,332,66780,6256,06,015,10022,459,284,118,926,268,8812,522,7070,483,137,92,1632,374,83,75,41,52,0,25,372,123,64,70,158,73,0,25,749,209,0,25,1902,323,496,137,1406,305,7719,355,672,174,7047,352
2019-2023,California,El Dorado County,0500000US06017,192299,0,75719,788,6643,713,2871,505,3772,529,69076,1013,106190,3811,06,017,85914,1532,3345,515,2697,487,79872,1771,59117,1604,2149,473,6670,785,235,111,430,178,81,77,1662,340,123,74,1545,335,102,82,16490,1049,655,212,4662,533,1442,329,3220,445,71057,891,5201,654,65856,1044
2019-2023,California,Fresno County,0500000US06019,1012152,0,322163,1128,56925,1713,33575,1466,23350,1247,265238,1868,71434,1034,06,019,412493,3256,32526,1802,33602,1998,346365,4137,308248,3111,21134,1352,47772,2056,6078,724,3575,556,964,274,6036,650,863,256,7881,792,942,282,38981,1779,2545,452,66018,2199,27192,1377,38826,1610,256145,2236,29733,1381,226412,2363
2019-2023,California,Glenn County,0500000US06021,28623,0,9763,270,1124,220,675,173,449,149,8639,307,70487,4406,06,021,12523,577,804,239,887,314,10832,678,9523,547,636,192,1490,293,3,4,0,25,0,25,235,131,84,110,336,215,19,21,939,264,62,43,1299,287,296,127,1003,287,8464,316,828,184,7636,339
2019-2023,California,Humboldt County,0500000US06023,135418,0,54878,651,10572,832,3169,441,7403,716,44306,925,61135,1997,06,023,57754,1436,6287,928,4806,738,46661,1463,39392,1552,3365,584,6889,1010,1157,544,456,197,104,105,2804,482,732,257,1386,326,203,103,6827,685,726,234,10058,831,4517,569,5541,598,44820,896,6055,650,38765,1023
2019-2023,California,Imperial County,0500000US06025,179319,0,48844,774,9490,615,6242,594,3248,493,39354,875,56393,2266,06,025,59977,1596,4618,710,6384,987,48975,1905,47255,1838,3271,579,5705,891,599,286,283,161,55,77,1560,447,330,255,1285,300,118,98,3889,602,245,132,13036,931,4989,481,8047,865,35808,1063,4501,475,31307,1015
2019-2023,California,Inyo County,0500000US06027,18803,0,7923,216,965,228,352,150,613,161,6958,278,72432,7052,06,027,8327,301,406,130,321,164,7600,373,5438,411,215,93,1024,276,67,50,80,85,0,21,463,157,37,39,289,132,33,39,1033,242,54,8,607,137,275,104,332,94,7316,250,690,191,6626,281
2019-2023,California,Kern County,0500000US06029,910433,0,281416,1216,50114,1926,31577,1415,18537,1286,231302,2199,67660,1400,06,029,353581,3643,28624,1708,33880,2210,291077,4174,280136,4142,21117,1475,40826,2250,4242,595,1669,393,345,203,3216,453,732,284,4338,688,550,184,23396,1457,1638,378,53553,2004,23727,1478,29826,1559,227863,2145,26387,1550,201476,2353
2019-2023,California,Kings County,0500000US06031,152830,0,43736,417,6780,647,4565,524,2215,398,36956,654,68750,2976,06,031,55819,1456,4250,662,4975,822,46594,1660,43254,1257,3060,546,7537,888,657,209,270,126,92,71,970,239,152,97,1064,296,68,66,2724,388,221,108,8129,595,3233,450,4896,552,35607,686,3547,490,32060,765
2019-2023,California,Lake County,0500000US06033,68139,0,26364,620,4436,495,1722,363,2714,417,21928,673,58738,2308,06,033,24030,1153,1461,375,1896,382,20673,1235,16323,1103,761,223,2686,489,83,73,200,102,106,98,669,201,146,113,350,164,120,97,3802,598,245,152,5534,588,2403,384,3131,458,20830,791,2033,372,18797,725
2019-2023,California,Lassen County,0500000US06035,31177,0,9060,314,1257,226,598,157,659,158,7803,335,64395,5496,06,035,9318,459,479,137,453,155,8386,464,7099,476,379,125,1264,327,24,30,28,33,11,31,237,96,24,28,66,48,23,30,624,152,18,28,994,182,374,110,620,147,8066,314,883,186,7183,343
2019-2023,California,Los Angeles County,0500000US06037,9848406,0,3390254,6035,467653,5187,220217,3068,247436,4097,2922601,8571,87760,463,06,037,4685795,10179,270040,4660,281419,5357,4134336,12028,3118428,11190,159252,3266,437783,5410,29978,1422,199457,3182,27809,1558,103344,2748,13624,854,115581,3286,10938,892,711202,7454,28439,1361,441054,4792,161778,2588,279276,4482,2949200,7450,305875,4894,2643325,8570
2019-2023,California,Madera County,0500000US06039,158790,0,44513,569,7947,780,5261,583,2686,460,36566,943,75496,2389,06,039,58341,1327,5670,741,5315,741,47356,1496,42331,1592,3568,601,6966,807,1006,269,173,101,22,37,1170,355,122,93,2772,577,432,181,4929,634,520,183,9543,754,4024,575,5519,717,34970,801,3923,467,31047,857
2019-2023,California,Marin County,0500000US06041,258765,0,103201,828,7770,798,2612,449,5158,634,95431,1078,142785,4083,06,041,123297,1817,4611,818,3423,600,115263,1925,66223,1708,2150,565,9542,1127,535,299,6013,760,267,168,4103,550,251,142,2848,529,266,145,34568,1522,1142,303,4963,492,1729,312,3234,467,98238,879,6041,678,92197,1060
2019-2023,California,Mariposa County,0500000US06043,17060,0,7515,315,899,208,421,157,478,183,6616,315,65378,7311,06,043,7269,461,749,272,402,152,6118,524,4341,429,412,226,1039,268,115,100,152,116,7,16,493,205,44,57,215,139,97,120,1029,271,74,69,823,234,303,124,520,201,6692,371,596,170,6096,362
2019-2023,California,Mendocino County,0500000US06045,90709,0,34570,618,5181,643,2137,383,3044,542,29389,843,64688,2951,06,045,36274,1370,2285,618,2828,435,31161,1320,26035,1253,1315,333,3306,509,320,203,138,171,58,65,2278,468,263,221,299,141,19,31,4218,506,310,169,5304,533,1934,403,3370,424,29266,800,3247,502,26019,812
2019-2023,California,Merced County,0500000US06047,285597,0,84605,603,15434,913,9635,742,5799,631,69171,1054,65044,2052,06,047,107059,1798,7675,885,7851,716,91533,2082,82347,1984,5367,685,10786,1093,1026,332,470,219,199,175,2461,462,57,55,4192,524,558,189,6803,731,468,186,17527,1017,7369,715,10158,765,67078,1087,8065,703,59013,1162
2019-2023,California,Modoc County,0500000US06049,8646,0,3264,240,517,139,234,88,283,96,2747,233,56648,3735,06,049,3092,295,275,131,164,91,2653,321,2255,278,165,81,247,91,27,34,0,19,0,19,208,129,16,25,22,26,0,19,360,144,67,94,426,144,225,98,201,84,2838,209,292,113,2546,228
2019-2023,California,Mono County,0500000US06051,13169,0,5521,390,479,146,239,131,240,81,5042,429,86953,18529,06,051,7449,421,547,214,173,117,6729,532,4983,477,235,135,416,254,88,97,117,133,47,99,462,243,139,101,251,141,0,21,1220,421,38,105,174,115,104,101,70,57,5347,376,375,120,4972,414
2019-2023,California,Monterey County,0500000US06053,435834,0,132046,784,14844,962,8818,795,6026,556,117202,1249,94486,1879,06,053,183005,1875,8937,868,12293,1222,161775,2315,131151,2108,5778,682,18795,1597,972,273,1666,361,152,121,3443,511,249,119,12336,1093,1070,336,15614,961,716,195,11594,853,4037,558,7557,683,120452,1208,10807,793,109645,1393
2019-2023,California,Napa County,0500000US06055,136070,0,49663,500,4176,447,1855,350,2321,297,45487,656,108970,3018,06,055,66018,1061,2640,426,2643,469,60735,1207,47264,1274,1828,370,6308,725,216,130,774,209,93,67,2084,443,81,55,1349,263,76,66,8239,682,346,126,2927,396,806,225,2121,339,46736,655,3370,443,43366,768
2019-2023,California,Nevada County,0500000US06057,102452,0,41873,726,4768,531,1711,348,3057,392,37105,836,84905,4336,06,057,43247,1254,1900,400,2068,498,39279,1257,29073,1269,1070,238,2812,484,296,127,38,50,0,32,791,236,62,49,985,309,41,49,9548,904,431,257,3058,504,1195,298,1863,435,38815,822,3573,461,35242,867
2019-2023,California,Orange County,0500000US06059,3164063,0,1074654,2589,103148,2938,50489,2038,52659,2031,971506,4105,113702,986,06,059,1555526,5794,62639,2430,68313,2674,1424574,6716,1082300,6615,40848,1830,139724,3758,8506,928,18995,1220,1831,347,25203,1429,2309,446,30972,1474,2202,495,258332,4649,6943,781,81628,2127,23589,1385,58039,1810,993026,2951,79559,2502,913467,3917
2019-2023,California,Placer County,0500000US06061,412435,0,155422,928,11324,921,5055,661,6269,728,144098,1208,114678,1891,06,061,190195,2177,5924,752,5088,692,179183,2366,133026,2362,4009,650,12139,851,588,158,1163,273,20,26,2482,402,246,144,3029,427,174,126,38356,1711,887,241,8306,758,2460,399,5846,608,147116,1184,8864,798,138252,1313
2019-2023,California,Plumas County,0500000US06063,19607,0,8055,367,878,217,302,177,576,183,7177,408,64946,4399,06,063,6930,583,397,190,346,143,6187,581,5431,599,327,192,617,234,4,7,12,22,12,22,246,112,13,22,66,52,15,24,558,169,26,23,850,263,378,192,472,195,7205,422,500,161,6705,387
2019-2023,California,Riverside County,0500000US06065,2449909,0,762234,2214,84446,2713,48343,1911,36103,1664,677788,3160,89672,879,06,065,1060890,5513,50012,1991,56079,2355,954799,5376,792721,6826,36562,1801,117846,3733,6551,825,7713,747,1210,266,10959,964,921,236,15685,1128,1177,350,115966,3399,3591,577,89704,2583,26463,1314,63241,2106,672530,3270,57983,2333,614547,3562
2019-2023,California,Sacramento County,0500000US06067,1584047,0,568223,1146,68193,1982,33990,1704,34203,1232,500030,2228,88724,986,06,067,728770,4846,40389,2174,35843,1871,652538,5398,492922,5419,27319,1757,69047,2140,5317,766,10763,926,849,264,12125,1174,1258,300,17611,1278,1629,362,126302,3545,4017,501,76928,2134,29124,1543,47804,1593,491295,2638,39069,1614,452226,2711
2019-2023,California,San Benito County,0500000US06069,66056,0,20188,199,1674,286,913,214,761,158,18514,326,108289,4359,06,069,31004,964,897,171,1238,319,28869,1046,23093,1126,626,170,3701,558,197,122,277,137,33,41,222,80,0,32,515,183,19,23,3196,454,22,24,2116,329,447,190,1669,310,18072,375,1227,255,16845,418
2019-2023,California,San Bernardino County,0500000US06071,2187816,0,668004,1889,88225,2454,54488,2036,33737,1612,579779,2695,82184,950,06,071,944739,5058,51045,2286,58237,2376,835457,6519,714117,7021,38171,1878,103947,3429,6062,751,8570,861,538,173,10330,1158,1053,269,13739,1081,1202,324,94036,3330,4019,590,99812,2097,35244,1831,64568,1972,568192,2845,52981,1921,515211,2981
2019-2023,California,San Diego County,0500000US06073,3282782,0,1159822,3036,115079,2623,53088,1841,61991,2004,1044743,3796,102285,899,06,073,1584619,5796,73027,2613,72331,2750,1439261,6737,1090141,8344,46364,2119,125954,3412,7925,1000,33920,1418,4827,621,29813,1747,3013,471,32821,1576,1917,332,271970,4910,8981,1070,104911,2891,35361,1612,69550,2181,1054911,3917,79718,2008,975193,4416
2019-2023,California,San Francisco County,0500000US06075,836321,0,362650,1987,39736,1492,9644,872,30092,1455,322914,2137,141446,2576,06,075,471576,2742,16260,1052,13835,1349,441481,2705,135618,2834,3911,469,28310,1336,1179,320,101096,2792,5174,628,45691,1936,2463,409,30747,1556,1152,346,130114,2949,2381,476,35182,1336,14974,1072,20208,1001,327468,2321,24762,1382,302706,2208
2019-2023,California,San Joaquin County,0500000US06077,787416,0,241373,1040,29818,1323,17477,1020,12341,736,211555,1692,88531,1554,06,077,331400,3023,17515,1124,17801,1411,296084,3371,247946,3517,12896,946,41028,2269,2532,378,3703,510,202,137,3651,611,696,336,4402,606,340,157,30670,1748,849,265,36376,1409,11795,745,24581,1320,204997,1569,18023,1276,186974,1791
2019-2023,California,San Luis Obispo County,0500000US06079,281486,0,108897,962,12881,805,4319,528,8562,699,96016,1041,93398,2535,06,079,126527,1960,10069,940,5434,810,111024,1914,89894,1966,6462,819,10434,1113,920,268,1064,344,321,191,4325,529,1001,285,2948,504,304,149,17862,1169,1061,304,7469,636,2733,375,4736,522,101428,1056,10148,722,91280,1131
2019-2023,California,San Mateo County,0500000US06081,745100,0,264424,1312,16220,908,6858,584,9362,757,248204,1453,156000,3019,06,081,386290,2961,10457,968,9626,1051,366207,3501,222545,3019,5706,728,33802,1551,1408,392,24612,1383,1439,294,8949,1078,342,134,11719,1091,361,164,84663,2286,1201,282,11807,808,3045,420,8762,671,252617,1469,13175,890,239442,1547
2019-2023,California,Santa Barbara County,0500000US06083,443975,0,148960,803,18471,1027,7316,715,11155,750,130489,1218,95977,1875,06,083,198398,2364,14320,1247,12631,1373,171447,2932,131548,2478,8155,902,24024,1744,2367,440,4329,541,538,209,6594,696,966,252,7077,666,1115,304,24826,1328,1179,306,14695,972,5810,751,8885,597,134265,1153,12661,832,121604,1411
2019-2023,California,Santa Clara County,0500000US06085,1903297,0,654467,1701,45099,1839,19063,1300,26036,1198,609368,2325,159674,1962,06,085,964511,4213,28044,1796,24144,1603,912323,4841,598512,4866,15886,1090,86520,2555,3400,498,25761,1279,1922,389,17990,1180,1738,438,24525,1159,1360,328,211203,3970,3738,656,37459,1535,10672,834,26787,1195,617008,1843,34427,1477,582581,2283
2019-2023,California,Santa Cruz County,0500000US06087,266021,0,96873,848,10111,880,3556,597,6555,715,86762,1098,109266,2959,06,087,125339,1776,7305,816,5591,715,112443,1858,80918,1911,4027,560,10741,1049,972,334,1959,367,452,202,4063,693,412,181,5331,661,330,212,22327,1252,1112,376,9002,697,2927,529,6075,532,87871,973,7184,700,80687,1105
2019-2023,California,Shasta County,0500000US06089,181554,0,71473,636,9456,785,3500,446,5956,617,62017,877,71931,2596,06,089,74361,1464,3948,513,4482,564,65931,1656,58264,1432,2949,501,6616,693,470,207,385,158,77,100,1436,332,173,92,1269,219,148,108,6391,598,131,59,9135,691,3850,510,5285,580,62338,865,5606,564,56732,982
2019-2023,California,Sierra County,0500000US06091,2731,0,1206,166,127,73,66,63,61,41,1079,184,60000,17579,06,091,1059,195,30,35,48,45,981,189,750,147,30,35,124,95,0,14,0,14,0,14,16,20,0,14,31,41,0,14,138,76,0,14,84,75,13,17,71,72,1122,162,114,71,1008,178
2019-2023,California,Siskiyou County,0500000US06093,43834,0,18907,351,3399,400,1297,183,2102,340,15508,448,55499,2854,06,093,15962,609,1195,257,1052,198,13715,632,11952,609,823,216,1596,237,88,48,111,118,45,53,519,160,97,80,157,72,10,13,1627,316,132,75,2831,320,1417,263,1414,214,16076,438,1982,265,14094,482
2019-2023,California,Solano County,0500000US06095,450824,0,155800,804,15391,1111,7736,904,7655,725,140409,1371,99994,2122,06,095,206263,2175,8527,986,7092,803,190644,2563,153245,2569,5735,827,21291,1434,1643,410,3842,506,268,194,2600,392,71,70,2848,460,263,159,22437,1274,547,257,15843,959,5738,589,10105,781,139957,1177,9653,871,130304,1398
2019-2023,California,Sonoma County,0500000US06097,485642,0,190498,860,16130,973,5756,616,10374,765,174368,1329,102840,2032,06,097,238827,2672,8711,729,8034,880,222082,2912,169828,2835,5871,597,22047,1472,976,260,2397,425,249,135,5395,519,351,187,4806,580,310,127,34354,1488,954,288,13814,907,4490,698,9324,707,176684,1135,11640,848,165044,1345
2019-2023,California,Stanislaus County,0500000US06099,552250,0,176457,786,23323,1308,13768,923,9555,867,153134,1278,79661,1906,06,099,232835,2473,11806,904,15173,1585,205856,3224,183042,2753,8715,899,25561,1740,1697,341,1530,385,88,65,3272,502,425,162,3304,571,326,150,16126,1196,555,181,24842,1408,9295,795,15547,1122,151615,1461,14028,1147,137587,1575
2019-2023,California,Sutter County,0500000US06101,98971,0,33240,304,4991,502,2854,396,2137,401,28249,524,75450,3741,06,101,41493,943,2620,498,2874,443,35999,1012,31345,1140,1713,375,5800,736,687,329,366,202,12,26,538,150,83,55,492,214,88,70,2952,496,37,29,4424,471,1501,282,2923,362,28816,565,3490,484,25326,587
2019-2023,California,Tehama County,0500000US06103,65520,0,24526,462,3718,490,1776,348,1942,378,20808,618,61834,3283,06,103,24688,899,1365,283,1995,397,21328,1010,18971,819,1040,261,2471,449,212,123,35,44,1,3,407,115,0,32,274,138,8,13,2530,565,104,81,3009,382,1276,281,1733,301,21517,540,2442,438,19075,593
2019-2023,California,Trinity County,0500000US06105,15886,0,5373,256,844,221,182,97,662,209,4529,329,53498,7852,06,105,4955,642,286,147,238,136,4431,682,3092,466,189,115,264,146,0,21,74,80,0,21,41,33,0,21,198,154,12,22,1286,483,85,73,487,176,161,95,326,158,4886,292,683,190,4203,325
2019-2023,California,Tulare County,0500000US06107,475774,0,142026,763,23038,1232,16593,1049,6445,599,118988,1365,69489,1785,06,107,186505,2506,14478,1255,17185,1501,154842,3215,144779,2419,10263,946,26722,1520,3335,593,611,248,91,69,2344,509,120,67,1533,319,131,76,10516,958,538,186,33224,1443,12287,859,20937,1256,108802,1542,10751,858,98051,1559
2019-2023,California,Tuolumne County,0500000US06109,54873,0,22809,548,2303,337,973,253,1330,275,20506,623,72259,5678,06,109,20172,781,925,246,1015,242,18232,816,15200,723,649,230,1716,389,111,84,41,33,0,32,650,322,66,91,133,80,11,22,2432,502,88,80,2473,461,815,198,1658,410,20336,665,1488,311,18848,674
2019-2023,California,Ventura County,0500000US06111,838259,0,278045,1081,23861,1321,12513,957,11348,907,254184,1650,107327,1391,06,111,398151,3135,14772,1255,17884,1435,365495,3954,288233,3031,9923,1020,39453,1959,2292,390,2868,368,279,126,5777,665,449,161,5678,656,382,147,56142,2256,1447,355,22222,1115,6434,675,15788,860,255823,1283,17427,1121,238396,1651
2019-2023,California,Yolo County,0500000US06113,217782,0,76640,527,12360,707,3513,517,8847,636,64280,750,88818,3641,06,113,100438,1436,8873,795,5818,902,85747,1549,64503,1414,5033,652,7230,766,289,150,2475,511,920,370,2503,544,527,211,6456,725,1294,336,17271,1328,810,192,9363,823,3655,521,5708,623,67277,964,8705,635,58572,1019
2019-2023,California,Yuba County,0500000US06115,83079,0,28063,356,4165,464,2315,385,1850,297,23898,565,73313,4341,06,115,33459,1061,2149,341,2111,439,29199,1117,26176,1124,1669,287,3598,526,369,159,139,83,26,38,382,165,28,35,332,164,32,26,2832,426,25,26,5036,591,1922,325,3114,484,23027,632,2243,370,20784,687
2019-2023,Colorado,Adams County,0500000US08001,524408,0,184964,732,17286,1202,8923,846,8363,782,167678,1215,91387,1470,08,001,274631,2710,12057,1169,11926,955,250648,2998,196007,3067,8794,899,29332,1979,1246,363,5674,654,475,260,3095,548,488,206,3839,574,126,90,36684,1685,928,279,18353,1031,5581,637,12772,972,166611,1255,11705,1063,154906,1397
2019-2023,Colorado,Alamosa County,0500000US08003,16515,0,6570,217,1291,267,533,174,758,219,5279,332,51445,6098,08,003,7390,422,828,239,549,167,6013,460,5781,456,698,235,1014,223,78,64,9,12,0,21,256,138,40,62,80,70,0,21,250,105,12,22,1767,337,719,238,1048,284,4803,364,572,202,4231,339
2019-2023,Colorado,Arapahoe County,0500000US08005,655709,0,253890,963,20627,1006,9296,718,11331,828,233263,1197,97215,1592,08,005,349855,2724,14677,1182,13599,1132,321579,3453,236529,3154,9790,894,27083,1403,1766,484,9687,856,1073,363,5090,595,442,157,6386,919,337,127,65080,2286,1269,300,19169,1046,6661,602,12508,935,234721,1268,13966,848,220755,1362
2019-2023,Colorado,Archuleta County,0500000US08007,13730,0,5904,334,486,139,202,92,284,113,5418,334,76524,6714,08,007,5987,430,250,106,317,133,5420,431,3858,377,146,75,934,254,89,64,26,31,0,21,147,98,2,6,7,11,0,21,1015,238,13,15,355,137,130,85,225,117,5549,356,356,123,5193,350
2019-2023,Colorado,Baca County,0500000US08009,3460,0,1593,72,426,89,166,60,260,67,1167,94,40380,7753,08,009,1484,88,162,63,117,48,1205,110,1186,100,128,57,103,42,13,10,0,13,0,13,68,29,14,15,24,20,7,9,103,38,0,13,363,77,248,73,115,38,1230,89,178,50,1052,90
2019-2023,Colorado,Bent County,0500000US08011,5524,0,1875,106,543,126,255,90,288,91,1332,127,49194,4596,08,011,1584,183,166,73,138,76,1280,159,1231,183,101,51,163,64,13,20,42,46,42,46,2,6,0,19,28,46,0,19,118,69,10,16,438,91,321,102,117,51,1437,103,222,77,1215,116
2019-2023,Colorado,Boulder County,0500000US08013,328317,0,135230,616,15869,828,3255,472,12614,687,119361,1006,102772,2628,08,013,171940,1660,12215,1019,6833,802,152892,1824,96344,2175,6516,697,9837,860,791,204,5257,700,641,231,6285,707,1294,340,6572,587,820,273,47645,1858,2153,373,7756,840,2681,539,5075,618,127474,1011,13188,792,114286,1159
2019-2023,Colorado,Broomfield County,0500000US08014,75110,0,30921,260,1651,298,398,117,1253,259,29270,378,121025,3931,08,014,41841,615,1182,282,900,236,39759,713,25399,927,649,185,2895,512,209,104,991,217,30,27,485,150,51,40,819,314,78,84,11252,690,165,82,979,186,284,121,695,177,29942,307,1367,290,28575,380
2019-2023,Colorado,Chaffee County,0500000US08015,19876,0,9195,361,1167,328,400,197,767,253,8028,412,70909,4462,08,015,8864,492,719,235,847,295,7298,591,5392,535,495,229,868,217,53,60,0,21,0,21,353,202,6,12,510,197,54,64,1741,453,111,93,826,267,438,229,388,188,8369,434,729,206,7640,459
2019-2023,Colorado,Cheyenne County,0500000US08017,1732,0,751,78,63,33,47,32,16,9,688,78,67768,12996,08,017,914,94,39,24,71,48,804,95,694,100,39,24,97,47,0,13,0,13,0,13,24,17,0,13,4,5,0,13,95,45,0,13,49,24,21,11,28,21,702,80,42,31,660,77
2019-2023,Colorado,Clear Creek County,0500000US08019,9358,0,4512,248,223,96,84,56,139,84,4289,259,96667,18331,08,019,5395,285,172,105,172,99,5051,280,3259,297,59,47,454,157,13,18,47,28,11,20,444,219,77,95,40,42,0,19,1151,273,12,20,221,87,50,42,171,88,4291,262,173,86,4118,263
2019-2023,Colorado,Conejos County,0500000US08021,7536,0,3112,137,525,102,218,68,307,78,2587,150,47209,2627,08,021,3197,192,180,68,225,74,2792,200,2034,202,86,47,631,132,71,50,0,19,0,19,80,45,3,4,32,22,4,5,420,108,16,17,568,121,265,77,303,87,2544,158,260,67,2284,161
2019-2023,Colorado,Costilla County,0500000US08023,3571,0,1574,106,439,94,209,84,230,77,1135,112,36519,4943,08,023,1153,114,55,28,94,58,1004,114,809,123,42,26,147,104,13,14,0,13,0,13,43,34,0,13,9,13,0,13,145,62,0,13,387,89,191,69,196,79,1187,111,248,78,939,107
2019-2023,Colorado,Crowley County,0500000US08025,5734,0,1333,78,360,87,135,62,225,65,973,112,47563,8222,08,025,1586,218,75,44,102,72,1409,227,1187,189,65,41,169,95,10,13,9,14,0,19,27,26,0,19,23,31,0,19,171,75,0,19,324,68,206,66,118,35,1009,99,154,68,855,107
2019-2023,Colorado,Custer County,0500000US08027,5073,0,2448,155,204,80,86,66,118,47,2244,168,72700,6194,08,027,2037,226,117,96,120,70,1800,243,1391,233,36,25,222,126,59,95,0,19,0,19,60,41,4,5,0,19,0,19,364,82,18,19,144,49,59,29,85,47,2304,158,145,74,2159,169
2019-2023,Colorado,Delta County,0500000US08029,31353,0,12648,328,1783,264,842,192,941,231,10865,360,58330,3520,08,029,12036,556,815,236,583,186,10638,581,8667,502,669,204,977,262,109,64,9,23,4,17,456,184,6,9,182,97,0,28,1745,310,27,25,1537,246,664,165,873,188,11111,367,1119,214,9992,355
2019-2023,Colorado,Denver County,0500000US08031,713734,0,329578,1793,35712,1629,11611,1120,24101,1252,293866,2199,91681,1359,08,031,412986,2834,18824,1234,16966,1190,377196,3492,238822,3967,11731,949,27093,1593,1717,392,18662,1241,1390,307,15484,1417,922,266,12072,978,558,186,100853,2872,2506,451,27365,1499,12433,1000,14932,1112,302213,2213,23279,1370,278934,2251
2019-2023,Colorado,Dolores County,0500000US08033,2385,0,1238,110,223,96,83,56,140,82,1015,111,70490,14577,08,033,1178,179,93,66,22,30,1063,181,872,176,67,56,68,49,0,13,8,12,0,13,93,55,26,34,4,5,0,13,133,77,0,13,119,53,51,35,68,41,1119,112,172,90,947,110
2019-2023,Colorado,Douglas County,0500000US08035,368283,0,136130,510,4801,593,2201,410,2600,421,131329,826,145737,1956,08,035,200207,1877,3264,526,3274,856,193669,2037,128954,2187,2148,446,10539,1064,356,153,1609,275,19,25,2328,446,206,128,1843,342,19,21,54934,1719,516,165,2646,354,541,188,2105,326,133484,549,4260,560,129224,785
2019-2023,Colorado,Eagle County,0500000US08037,55374,0,20911,569,1730,457,581,285,1149,366,19181,765,103174,6326,08,037,31573,937,1738,428,1238,420,28597,1109,21742,964,1375,394,3344,706,90,86,1431,358,70,66,927,297,65,61,561,219,0,31,3568,663,138,117,737,261,226,176,511,198,20174,624,1504,391,18670,765
2019-2023,Colorado,Elbert County,0500000US08039,27152,0,9657,139,576,141,319,103,257,104,9081,183,129477,6009,08,039,13956,420,422,127,293,162,13241,448,9925,483,356,114,1057,278,7,8,77,67,0,25,132,98,0,25,108,74,0,25,2657,406,59,45,419,104,153,69,266,91,9238,161,423,122,8815,195
2019-2023,Colorado,El Paso County,0500000US08041,736008,0,283174,979,23899,1236,10572,877,13327,933,259275,1680,87470,1252,08,041,360930,2761,15423,1302,17359,1316,328148,3083,260692,3266,10568,1033,31665,1616,2131,457,1258,311,190,114,4538,524,525,198,5559,664,464,198,57218,2186,1545,265,24743,1187,8299,768,16444,1122,258431,1541,15600,1048,242831,1838
2019-2023,Colorado,Fremont County,0500000US08043,49394,0,17695,378,2624,344,1007,234,1617,267,15071,434,61027,4495,08,043,17388,794,1156,281,966,279,15266,886,12859,818,698,217,1491,284,110,82,9,10,0,28,611,287,37,59,286,148,43,62,2132,428,268,155,2743,303,1107,232,1636,269,14952,473,1517,284,13435,461
2019-2023,Colorado,Garfield County,0500000US08045,62034,0,23071,395,2109,460,1093,362,1016,266,20962,555,86172,4295,08,045,33185,736,1962,470,1571,386,29652,876,22986,928,1259,378,4504,617,241,141,573,196,134,100,807,265,142,156,982,290,23,29,3333,431,163,111,1984,377,734,296,1250,340,21087,451,1375,335,19712,506
2019-2023,Colorado,Gilpin County,0500000US08047,5877,0,3076,227,265,135,76,74,189,117,2811,251,88654,21636,08,047,3484,306,168,92,176,150,3140,354,2432,340,67,49,388,184,83,76,92,112,0,19,44,42,0,19,18,23,0,19,510,222,18,21,231,137,63,68,168,123,2845,303,202,123,2643,298
2019-2023,Colorado,Grand County,0500000US08049,15794,0,6460,441,442,147,81,55,361,135,6018,445,84558,8310,08,049,8916,505,553,177,379,214,7984,538,5466,461,358,144,584,226,50,48,225,159,0,21,536,228,130,88,174,106,0,21,1931,483,15,19,332,144,84,62,248,130,6128,444,358,136,5770,446
2019-2023,Colorado,Gunnison County,0500000US08051,17158,0,7903,295,953,281,197,113,756,260,6950,325,77358,9134,08,051,9730,347,957,375,277,128,8496,503,5015,412,367,173,1492,391,129,124,597,297,256,298,1032,272,166,125,310,122,0,21,1284,296,39,57,487,172,156,121,331,125,7416,334,797,263,6619,316
2019-2023,Colorado,Hinsdale County,0500000US08053,939,0,473,70,29,24,0,13,29,24,444,68,64327,13794,08,053,448,83,5,8,11,13,432,82,222,71,0,13,42,27,5,8,0,13,0,13,103,49,0,13,4,6,0,13,77,34,0,13,44,31,0,13,44,31,429,71,29,24,400,70
2019-2023,Colorado,Huerfano County,0500000US08055,6946,0,2836,201,446,133,195,95,251,94,2390,220,52139,5444,08,055,2208,308,97,69,12,16,2099,304,1519,297,87,69,109,77,0,19,0,19,0,19,11,11,6,10,9,17,0,19,560,192,4,6,424,135,261,114,163,87,2412,199,185,70,2227,200
2019-2023,Colorado,Jackson County,0500000US08057,1422,0,634,87,107,53,64,44,43,36,527,82,41809,12435,08,057,654,118,73,69,68,62,513,111,362,99,66,68,48,28,0,13,5,11,0,13,52,43,7,14,22,33,0,13,165,75,0,13,86,60,16,22,70,55,548,74,91,46,457,69
2019-2023,Colorado,Jefferson County,0500000US08059,579715,0,240031,940,15940,1001,5662,628,10278,818,224091,1340,107800,1654,08,059,316943,2124,10072,893,9761,1087,297110,2397,212687,2842,6566,739,18478,1227,929,273,5348,592,486,230,4218,461,356,109,5536,631,229,120,70676,1999,1506,389,12215,888,4113,577,8102,714,227816,1170,11827,789,215989,1424
2019-2023,Colorado,Kiowa County,0500000US08061,1356,0,574,66,64,31,26,16,38,26,510,61,56389,7479,08,061,659,108,56,42,33,24,570,107,516,99,23,15,79,49,30,35,2,5,0,13,43,27,0,13,3,4,3,4,16,8,0,13,88,33,36,21,52,25,486,65,28,21,458,61
2019-2023,Colorado,Kit Carson County,0500000US08063,7015,0,2914,134,277,76,128,51,149,54,2637,145,59810,7425,08,063,3359,183,186,78,287,130,2886,189,2657,218,113,68,232,87,5,7,0,19,0,19,154,73,49,38,25,26,4,5,291,85,15,13,328,83,94,54,234,72,2586,147,183,66,2403,152
2019-2023,Colorado,Lake County,0500000US08065,7411,0,2959,240,399,208,88,104,311,177,2560,262,93655,10608,08,065,4371,293,328,196,151,115,3892,398,2911,345,215,176,641,180,0,19,0,19,0,19,234,123,61,60,304,168,11,20,281,134,41,60,177,110,61,69,116,83,2782,258,338,202,2444,266
2019-2023,Colorado,La Plata County,0500000US08067,56088,0,23200,453,2599,361,1144,195,1455,283,20601,549,85296,3572,08,067,28034,753,2077,330,1540,316,24417,918,18865,866,1214,251,2153,409,196,95,127,111,115,108,1017,268,256,133,872,237,35,26,5000,553,261,94,1689,283,607,146,1082,251,21511,505,1992,342,19519,590
2019-2023,Colorado,Larimer County,0500000US08069,363561,0,151571,851,17553,877,4218,669,13335,853,134018,1096,91364,1674,08,069,190148,1993,14695,1185,8764,835,166689,2195,130922,2570,9439,848,10707,834,938,279,1666,499,689,359,4288,543,938,329,6301,752,1006,416,36264,1672,1685,695,10605,835,3769,468,6836,661,140966,1162,13784,762,127182,1270
2019-2023,Colorado,Las Animas County,0500000US08071,14392,0,6701,215,1259,157,419,128,840,128,5442,233,50408,4637,08,071,5806,272,451,142,415,123,4940,291,3882,307,368,143,978,204,37,27,10,10,0,21,169,81,4,6,169,101,0,21,598,135,42,29,1253,170,652,147,601,150,5448,255,607,128,4841,242
2019-2023,Colorado,Lincoln County,0500000US08073,5561,0,1970,97,342,97,36,22,306,93,1628,123,54257,13219,08,073,2117,164,102,44,138,61,1877,166,1689,165,76,41,139,62,9,11,4,4,0,19,25,18,0,19,23,18,0,19,237,81,17,13,212,57,77,39,135,42,1758,105,265,91,1493,117
2019-2023,Colorado,Logan County,0500000US08075,21067,0,8148,207,1047,229,443,157,604,180,7101,317,55074,6544,08,075,9360,399,536,161,1020,314,7804,473,7026,471,380,129,1159,319,105,71,199,186,0,25,237,142,34,46,50,32,0,25,689,188,17,20,1233,240,461,168,772,211,6915,298,586,171,6329,323
2019-2023,Colorado,Mesa County,0500000US08077,157316,0,64559,643,7613,778,2965,381,4648,661,56946,1003,71485,1848,08,077,72409,1442,3667,544,3625,583,65117,1511,52973,1247,2633,467,5788,815,293,137,553,199,54,59,1372,388,122,82,2217,436,199,98,9506,856,366,146,6869,702,2948,511,3921,495,57690,917,4665,616,53025,1091
2019-2023,Colorado,Mineral County,0500000US08079,799,0,434,59,77,41,10,10,67,41,357,56,52455,9169,08,079,370,74,30,23,15,12,325,72,264,67,13,13,39,33,0,13,0,13,0,13,32,34,10,15,0,13,0,13,35,18,7,9,42,31,29,28,13,13,392,55,48,29,344,57
2019-2023,Colorado,Moffat County,0500000US08081,13258,0,5303,211,725,187,375,140,350,129,4578,218,70975,8306,08,081,6195,374,389,143,446,161,5360,404,4648,381,304,129,978,184,40,38,41,47,0,21,175,88,13,17,89,62,0,21,264,125,32,43,581,189,234,118,347,153,4722,278,491,166,4231,257
2019-2023,Colorado,Montezuma County,0500000US08083,26204,0,10915,311,1209,249,480,169,729,179,9706,377,63005,4162,08,083,11026,498,775,280,608,257,9643,576,8254,558,760,277,1039,287,0,25,41,54,0,25,399,199,7,10,222,148,3,5,1071,264,5,11,1193,266,365,138,828,246,9722,338,844,205,8878,391
2019-2023,Colorado,Montrose County,0500000US08085,43272,0,17529,354,2080,344,959,255,1121,245,15449,461,66072,4303,08,085,18600,650,1173,336,756,202,16671,740,14401,726,814,246,1359,285,209,156,13,25,2,13,547,199,127,126,321,141,0,28,1959,359,21,30,1887,343,666,235,1221,255,15642,465,1414,264,14228,506
2019-2023,Colorado,Morgan County,0500000US08087,29186,0,11033,192,1372,265,738,177,634,178,9661,329,75407,4808,08,087,13528,532,840,251,652,273,12036,568,10200,565,572,225,1814,420,98,82,0,25,0,25,421,164,88,107,166,71,26,30,927,240,56,41,1510,265,760,242,750,187,9523,337,612,170,8911,352
2019-2023,Colorado,Otero County,0500000US08089,18460,0,7643,223,1596,213,756,175,840,186,6047,236,54897,7068,08,089,7759,345,863,230,642,180,6254,501,6047,443,616,208,846,250,117,82,0,21,0,21,308,117,52,66,124,94,20,37,434,132,58,53,1528,280,922,180,606,179,6115,296,674,203,5441,284
2019-2023,Colorado,Ouray County,0500000US08091,5024,0,2514,159,164,69,51,32,113,67,2350,163,84556,8650,08,091,2340,183,126,81,105,69,2109,177,1419,198,114,76,333,160,7,9,4,6,0,19,151,63,2,3,43,23,3,4,390,89,0,19,104,68,45,35,59,56,2410,173,119,57,2291,173
2019-2023,Colorado,Park County,0500000US08093,17739,0,8447,395,581,175,207,101,374,157,7866,404,95450,14028,08,093,8792,456,270,122,164,114,8358,515,5552,429,116,73,1101,325,72,78,42,47,0,21,34,35,0,21,114,108,0,21,1949,328,82,67,335,111,127,68,208,85,8112,393,454,168,7658,406
2019-2023,Colorado,Phillips County,0500000US08095,4491,0,1859,122,308,105,182,96,126,41,1551,158,60372,10293,08,095,2135,173,156,84,226,118,1753,223,1641,198,92,44,216,121,7,10,0,13,0,13,39,22,4,6,0,13,0,13,239,99,53,64,173,58,124,49,49,35,1686,132,184,93,1502,151
2019-2023,Colorado,Pitkin County,0500000US08097,17119,0,9031,430,753,293,137,111,616,262,8278,394,100318,6734,08,097,9999,494,481,274,259,164,9259,551,4852,521,166,135,547,207,3,5,1220,294,75,84,982,270,0,21,908,387,196,200,1490,403,41,44,133,89,58,50,75,61,8898,428,695,286,8203,397
2019-2023,Colorado,Prowers County,0500000US08099,11931,0,4564,222,872,205,306,111,566,170,3692,273,57601,9254,08,099,5334,349,389,170,547,233,4398,378,4498,342,268,130,327,136,40,47,85,84,77,83,32,19,4,6,93,59,0,21,299,135,0,21,782,162,345,121,437,144,3782,250,527,170,3255,271
2019-2023,Colorado,Pueblo County,0500000US08101,168726,0,67816,549,11114,813,4888,589,6226,588,56702,980,62250,2088,08,101,70366,1341,4344,577,4346,495,61676,1548,55438,1363,3287,516,7558,777,404,151,415,143,161,113,850,226,90,78,762,192,155,127,5343,517,247,176,13557,797,5846,596,7711,668,54259,946,5268,538,48991,1010
2019-2023,Colorado,Rio Blanco County,0500000US08103,6518,0,2587,166,285,98,122,71,163,71,2302,157,72620,5539,08,103,2767,223,127,80,189,77,2451,224,2188,228,49,34,206,105,10,15,0,19,0,19,137,74,26,34,32,25,0,19,204,92,42,50,343,118,77,54,266,107,2244,172,208,95,2036,167
2019-2023,Colorado,Rio Grande County,0500000US08105,11394,0,5032,252,928,220,346,184,582,182,4104,307,62166,8856,08,105,4957,366,345,176,242,136,4370,427,3981,406,330,175,415,171,3,4,31,44,0,21,110,71,0,21,70,43,2,6,350,133,10,13,922,235,462,170,460,176,4110,309,466,159,3644,309
2019-2023,Colorado,Routt County,0500000US08107,24990,0,10619,472,736,200,264,105,472,179,9883,476,104803,9293,08,107,13861,466,385,129,563,201,12913,514,9264,522,260,120,1009,221,60,66,168,89,2,9,423,123,12,34,438,149,0,25,2559,384,51,50,544,227,174,133,370,171,10075,468,562,147,9513,467
2019-2023,Colorado,Saguache County,0500000US08109,6511,0,3261,142,585,117,282,82,303,103,2676,187,54283,4824,08,109,2870,257,209,124,225,103,2436,286,1731,228,179,119,550,230,3,5,0,19,0,19,221,96,11,16,52,51,0,19,316,105,16,19,673,159,356,100,317,127,2588,192,229,84,2359,199
2019-2023,Colorado,San Juan County,0500000US08111,690,0,362,57,51,39,31,30,20,19,311,50,73889,19036,08,111,410,79,46,33,8,11,356,76,221,63,24,21,37,28,10,18,0,13,0,13,18,19,0,13,19,14,0,13,115,57,12,21,31,28,16,18,15,22,331,51,35,34,296,46
2019-2023,Colorado,San Miguel County,0500000US08113,8026,0,3998,228,379,121,61,37,318,113,3619,198,80117,5986,08,113,4801,286,236,101,290,121,4275,274,2122,239,119,49,322,92,0,19,44,39,0,19,1112,299,109,87,334,131,5,8,867,214,3,4,139,79,73,38,66,70,3859,221,306,113,3553,195
2019-2023,Colorado,Sedgwick County,0500000US08115,2346,0,1000,76,176,45,84,39,92,38,824,72,52833,6164,08,115,1110,98,97,39,66,26,947,98,842,98,61,38,100,36,23,15,0,13,0,13,74,36,9,10,10,10,0,13,84,54,4,6,151,37,72,38,79,22,849,74,104,40,745,71
2019-2023,Colorado,Summit County,0500000US08117,30857,0,12347,631,888,316,229,138,659,286,11459,583,106255,9031,08,117,18649,781,836,225,973,407,16840,845,11160,859,335,188,1737,448,43,70,844,329,255,198,621,274,58,81,297,191,0,28,3990,700,145,167,255,141,41,47,214,129,12092,614,847,313,11245,566
2019-2023,Colorado,Teller County,0500000US08119,24774,0,11253,325,930,247,264,123,666,209,10323,437,80666,5411,08,119,11752,499,646,328,307,137,10799,568,8521,478,581,298,966,288,21,34,11,18,0,25,217,90,41,52,182,93,0,25,1855,330,3,8,1193,276,400,187,793,240,10060,430,530,172,9530,444
2019-2023,Colorado,Washington County,0500000US08121,4839,0,2070,73,211,55,66,36,145,43,1859,84,65164,4069,08,121,2181,94,37,19,114,39,2030,104,1559,111,27,14,225,85,0,13,2,6,0,13,119,42,8,10,6,7,0,13,270,63,2,4,196,46,96,43,100,27,1874,81,115,36,1759,86
2019-2023,Colorado,Weld County,0500000US08123,340711,0,120019,548,10471,700,5259,570,5212,563,109548,907,93287,2429,08,123,170228,1579,7860,803,7715,899,154653,1840,125549,2009,5209,654,16915,1038,1242,315,595,184,102,72,2428,512,506,223,2300,393,261,119,22441,1349,540,153,9795,725,3469,494,6326,687,110224,949,7002,498,103222,1087
2019-2023,Colorado,Yuma County,0500000US08125,9921,0,3957,115,601,179,291,130,310,126,3356,194,60051,7400,08,125,4533,292,290,153,249,99,3994,326,3576,283,214,126,427,171,75,64,0,19,0,19,292,134,0,19,22,20,0,19,216,86,1,3,516,172,213,125,303,111,3441,208,388,141,3053,222
2019-2023,Connecticut,Capitol Planning Region,0500000US09110,969029,0,389086,1190,43836,1817,16940,1154,26896,1453,345250,2052,91541,1111,09,110,480217,3465,18750,1187,17328,1326,444139,3734,348923,3897,11751,991,33451,1895,1540,322,12443,1044,2320,494,7325,782,1066,391,6456,658,579,175,71619,2356,1494,326,50196,1908,22114,1220,28082,1650,338890,2178,21722,1301,317168,2395
2019-2023,Connecticut,Greater Bridgeport Planning Region,0500000US09120,326296,0,118335,749,15772,946,7817,653,7955,762,102563,1114,87135,1961,09,120,156450,1882,8995,982,5983,842,141472,2232,103725,2258,5329,762,15929,1114,1433,380,9561,961,722,273,3633,529,452,154,2946,522,546,229,20656,1210,513,154,16781,1043,7605,749,9176,852,101554,1283,8167,784,93387,1260
2019-2023,Connecticut,Lower Connecticut River Valley Planning Region,0500000US09130,174983,0,73624,735,5545,654,1721,279,3824,586,68079,917,101117,2587,09,130,90362,1263,2725,470,2926,526,84711,1409,67129,1512,1680,329,5741,753,243,121,1089,265,61,42,1702,367,213,139,1154,290,132,87,13547,965,396,172,5523,557,2258,470,3265,423,68101,886,3287,420,64814,942
2019-2023,Connecticut,Naugatuck Valley Planning Region,0500000US09140,452303,0,178340,1105,19623,1060,8608,795,11015,941,158717,1444,86365,2065,09,140,223927,2353,8323,855,8891,1083,206713,2625,168896,2731,5460,635,19965,1255,767,236,3220,637,740,287,3491,678,385,291,2904,569,258,156,25451,1723,713,233,25030,1099,9579,701,15451,1043,153310,1489,10044,861,143266,1464
2019-2023,Connecticut,Northeastern Connecticut Planning Region,0500000US09150,95829,0,39155,414,3515,453,1422,295,2093,362,35640,583,87564,4005,09,150,47753,1099,1364,273,1743,300,44646,1175,38893,1179,1093,230,2991,414,144,84,68,57,1,3,284,119,11,15,440,163,63,66,5077,598,52,42,4382,535,1501,327,2881,396,34773,634,2014,375,32759,655
2019-2023,Connecticut,Northwest Hills Planning Region,0500000US09160,112848,0,47035,600,4468,521,1774,353,2694,448,42567,707,91035,2915,09,160,57501,993,2225,446,1411,286,53865,1074,42233,914,1459,326,3889,620,323,143,715,201,15,35,1823,357,183,141,716,214,79,91,8125,633,166,97,3737,410,1696,257,2041,356,43298,706,2772,474,40526,700
2019-2023,Connecticut,South Central Connecticut Planning Region,0500000US09170,566803,0,227739,1079,26947,1299,10276,910,16671,994,200792,1549,86266,1735,09,170,275809,2335,12471,1025,12031,1018,251307,2905,198803,2908,7734,818,20218,1465,1145,297,8565,915,867,269,9205,887,1175,287,4480,655,440,226,34538,1755,1110,328,30291,1465,12416,981,17875,1199,197448,1638,14531,971,182917,1718
2019-2023,Connecticut,Southeastern Connecticut Planning Region,0500000US09180,279025,0,114577,998,12122,920,5584,567,6538,583,102455,1212,84185,1981,09,180,133634,1726,6503,727,5912,721,121219,2077,103888,2043,4146,585,10235,844,891,280,1793,482,445,179,2416,434,164,89,1920,411,139,103,13382,874,718,265,14314,1036,6284,725,8030,793,100263,1375,5838,596,94425,1340
2019-2023,Connecticut,Western Connecticut Planning Region,0500000US09190,621232,0,232279,1002,17928,1181,8320,976,9608,816,214351,1401,124553,2356,09,190,316385,3119,11891,1170,10051,1051,294443,3374,194777,3732,6554,828,24492,1729,2129,504,23233,1266,960,306,8132,889,860,302,5294,974,296,147,60457,2217,1092,313,15481,1058,5837,689,9644,885,216798,1420,12091,982,204707,1677
2019-2023,Delaware,Kent County,0500000US10001,185043,0,70053,600,7738,738,4073,535,3665,533,62315,903,72872,1932,10,001,83394,1404,4545,700,4119,653,74730,1402,65852,1554,3017,597,7714,912,687,242,914,261,105,99,1387,455,218,141,1204,351,213,175,6323,689,305,141,9987,657,3930,478,6057,616,60066,943,3808,574,56258,1028
2019-2023,Delaware,New Castle County,0500000US10003,573030,0,222943,945,22369,1422,9372,812,12997,1186,200574,1592,89901,1993,10,003,284115,2610,12566,1278,11167,1163,260382,3052,201638,3185,7156,867,21412,1550,1639,395,7234,769,1151,292,5445,606,787,223,4125,684,408,197,44261,2229,1425,362,22072,1408,7216,781,14856,1159,200871,1572,15153,1249,185718,1755
2019-2023,Delaware,Sussex County,0500000US10005,247799,0,103213,1091,10642,863,5360,553,5282,657,92571,1312,78162,1865,10,005,104795,1689,5766,733,5204,574,93825,1827,80507,1750,4175,630,8396,760,565,180,362,150,111,102,1460,321,205,131,1722,332,266,182,12348,995,444,199,10962,836,4180,619,6782,741,92251,1238,6462,602,85789,1282
2019-2023,District of Columbia,District of Columbia,0500000US11001,672079,0,321556,1499,42187,1928,14228,1120,27959,1550,279369,2214,106287,1803,11,001,363060,2668,15030,1331,9800,975,338230,2980,103508,2534,2915,551,15634,1083,798,272,81626,2711,5171,834,34381,1549,2290,523,21216,1584,983,316,106695,3033,2873,455,42590,1770,20805,1482,21785,1214,278966,2083,21382,1147,257584,2209
2019-2023,Florida,Alachua County,0500000US12001,281751,0,112776,1105,21886,1275,5021,651,16865,1098,90890,1340,59659,1398,12,001,129977,2407,15529,1412,10479,1202,103969,2127,91773,2112,8996,1066,10958,1270,1803,436,3629,736,1235,356,3739,1001,1258,552,4526,710,1115,376,15352,1145,1122,372,9970,933,4444,554,5526,726,102806,1414,17442,1156,85364,1416
2019-2023,Florida,Baker County,0500000US12003,28186,0,9012,295,1146,358,833,327,313,168,7866,414,70833,8439,12,003,11425,570,880,325,393,207,10152,657,9009,671,692,307,916,344,53,62,0,28,0,28,389,243,0,28,157,150,40,64,954,348,95,113,1652,348,758,284,894,226,7360,427,388,199,6972,437
2019-2023,Florida,Bay County,0500000US12005,181368,0,76118,1106,8718,798,4074,571,4644,652,67400,1302,70188,1921,12,005,87439,1342,5163,892,5319,726,76957,1676,66831,1480,3587,726,10148,969,983,329,493,220,71,64,888,250,81,88,1349,358,189,143,7730,680,252,153,9623,728,3543,480,6080,658,66495,1123,5175,626,61320,1208
2019-2023,Florida,Bradford County,0500000US12007,27888,0,9104,367,2016,340,735,232,1281,316,7088,390,59740,6217,12,007,10349,570,810,289,807,292,8732,659,7614,581,680,287,1146,277,103,82,19,31,0,28,163,129,0,28,310,182,11,19,1097,347,16,35,1646,333,835,300,811,223,7458,407,1181,319,6277,364
2019-2023,Florida,Brevard County,0500000US12009,620533,0,251889,1622,23935,1319,10881,1031,13054,892,227954,1781,75817,932,12,009,275470,2794,12454,1192,14759,1300,248257,3266,209955,3182,8885,825,19826,1691,989,286,1744,644,524,319,2469,506,367,269,5037,577,386,144,36439,1585,1303,361,23786,1461,7781,882,16005,1117,228103,1904,16154,1020,211949,1982
2019-2023,Florida,Broward County,0500000US12011,1946127,0,749372,2712,96752,3285,44799,1971,51953,2271,652620,3596,74534,993,12,011,974111,5326,51121,3040,59652,2937,863338,5819,700731,6944,33009,2221,90023,3510,6106,853,19605,1565,2949,553,11756,1121,1766,382,24542,1710,2317,549,127454,4082,4974,652,97613,2521,32264,1890,65349,2106,651759,3405,64488,2469,587271,3595
2019-2023,Florida,Calhoun County,0500000US12013,13593,0,4625,225,997,186,467,124,530,152,3628,272,46901,8322,12,013,4618,438,286,123,299,122,4033,414,3842,429,201,91,483,134,50,51,0,23,0,23,35,36,0,23,83,106,25,42,175,100,10,19,1042,203,477,137,565,191,3583,237,520,153,3063,247
2019-2023,Florida,Charlotte County,0500000US12015,195083,0,87376,1263,8297,855,3794,558,4503,697,79079,1321,66154,1973,12,015,68368,1624,3333,582,3279,480,61756,1652,49936,1681,1907,461,5257,678,294,135,150,87,10,24,691,251,62,41,1869,338,267,180,10465,1133,793,331,6413,554,2156,372,4257,434,80963,1217,6141,714,74822,1336
2019-2023,Florida,Citrus County,0500000US12017,158693,0,69701,944,10573,933,4942,671,5631,668,59128,1173,55355,2103,12,017,50070,1484,3591,773,3354,606,43125,1565,38197,1666,2413,611,4273,686,420,173,120,138,27,46,430,218,213,207,1007,317,96,78,6043,678,422,211,8423,815,3748,583,4675,610,61278,1175,6825,744,54453,1293
2019-2023,Florida,Clay County,0500000US12019,223436,0,81757,536,6887,807,4221,707,2666,483,74870,937,86094,2544,12,019,105833,1923,4431,906,5141,989,96261,2098,78227,1944,3289,707,9165,1010,475,261,107,77,1,2,904,298,74,82,2110,647,123,90,15320,1572,469,473,7072,864,2073,500,4999,699,74685,976,4814,725,69871,1035
2019-2023,Florida,Collier County,0500000US12021,387681,0,160867,1898,15288,1237,7363,824,7925,931,145579,1872,86173,2482,12,021,159811,2798,8498,1057,8119,881,143194,3042,114673,2834,5614,857,16192,1338,1223,345,968,288,192,156,1471,370,78,115,3760,693,472,224,22747,1356,919,492,9311,751,2956,483,6355,675,151556,1924,12332,1102,139224,1885
2019-2023,Florida,Columbia County,0500000US12023,70755,0,26720,431,4411,581,1948,382,2463,410,22309,540,55070,3248,12,023,27603,1063,2176,431,2407,551,23020,1117,21413,848,1331,342,3567,583,377,153,16,12,2,4,123,85,5,8,533,262,236,207,1951,436,225,154,5286,586,2260,443,3026,458,21434,647,2151,405,19283,666
2019-2023,Florida,DeSoto County,0500000US12027,34719,0,12656,320,2419,409,1520,324,899,290,10237,451,50868,3499,12,027,12616,863,1285,465,1289,299,10042,844,8606,705,630,291,2456,573,314,218,195,158,82,104,352,190,42,57,274,148,153,127,733,307,64,91,2855,407,1158,326,1697,334,9801,420,1261,247,8540,469
2019-2023,Florida,Dixie County,0500000US12029,16952,0,6130,386,1098,256,506,187,592,181,5032,450,47655,6322,12,029,5677,395,501,204,384,166,4792,479,4209,424,339,164,931,272,104,94,23,38,0,23,135,130,10,23,108,70,10,16,271,89,38,49,1237,246,580,208,657,182,4893,408,518,185,4375,429
2019-2023,Florida,Duval County,0500000US12031,1007189,0,405139,1956,56483,1996,26091,1787,30392,1547,348656,2637,68447,1307,12,031,488031,3682,28271,1939,29891,1917,429869,4770,354439,4493,18469,1582,43274,2177,4045,726,5705,877,1188,317,4321,742,489,143,11636,1278,1548,530,68656,2572,2532,583,57145,2235,24143,1385,33002,1764,347994,2836,32340,1583,315654,2798
2019-2023,Florida,Escambia County,0500000US12033,323275,0,128292,1077,17845,1062,8446,781,9399,924,110447,1398,65715,1773,12,033,139842,1911,8450,981,9919,1089,121473,2222,103332,1899,5207,719,13193,1024,1236,333,1197,442,184,133,2050,495,426,266,3448,606,658,290,16622,1219,739,204,18861,1024,7988,718,10873,773,109431,1363,9857,817,99574,1474
2019-2023,Florida,Flagler County,0500000US12035,121710,0,50296,743,4486,615,2421,443,2065,432,45810,811,72923,3495,12,035,48724,1276,2433,549,2489,439,43802,1264,33978,1281,1605,421,5604,785,546,311,125,139,8,22,270,110,47,49,855,217,77,87,7892,972,150,85,3740,451,961,258,2779,404,46556,827,3525,529,43031,896
2019-2023,Florida,Franklin County,0500000US12037,12418,0,4918,200,809,162,392,125,417,99,4109,214,62734,3571,12,037,4470,216,438,169,435,146,3597,293,3394,255,372,157,513,133,20,29,0,23,0,23,149,78,0,23,118,69,18,20,296,84,28,31,845,183,420,128,425,137,4073,263,389,108,3684,241
2019-2023,Florida,Gadsden County,0500000US12039,43642,0,16485,376,3810,418,2248,341,1562,335,12675,528,46047,4137,12,039,15772,640,1542,271,1297,399,12933,646,12794,707,1318,285,1341,320,135,97,71,73,6,9,222,172,0,31,50,62,0,31,1294,329,83,64,4102,447,2241,362,1861,367,12383,524,1569,260,10814,534
2019-2023,Florida,Gilchrist County,0500000US12041,18494,0,6913,212,964,228,411,139,553,193,5949,273,61070,5641,12,041,7328,442,271,116,417,154,6640,513,6064,508,196,97,826,253,62,48,19,25,0,23,73,55,0,23,62,44,0,23,284,84,13,22,1155,253,513,173,642,174,5758,327,451,128,5307,321
2019-2023,Florida,Glades County,0500000US12043,12324,0,4560,263,1038,289,599,193,439,203,3522,297,38905,5265,12,043,3833,291,490,216,506,297,2837,361,2786,376,389,194,660,292,58,53,3,7,0,23,104,101,7,12,124,97,12,38,156,85,24,34,728,254,370,242,358,164,3832,280,668,193,3164,303
2019-2023,Florida,Gulf County,0500000US12045,14772,0,5800,334,736,207,393,186,343,110,5064,297,67361,11525,12,045,5337,378,457,172,248,141,4632,348,3686,378,319,157,892,245,32,38,0,23,0,23,96,126,85,124,191,137,1,5,472,216,20,34,794,175,253,97,541,181,5006,344,483,179,4523,311
2019-2023,Florida,Hamilton County,0500000US12047,13445,0,4360,202,1130,214,560,157,570,149,3230,221,47696,8751,12,047,3578,324,359,131,387,140,2832,334,2698,292,249,103,495,211,55,42,7,11,0,23,47,57,2,5,62,55,21,30,269,140,32,29,1401,219,671,177,730,164,2959,230,459,146,2500,226
2019-2023,Florida,Hardee County,0500000US12049,25508,0,8148,294,2078,347,1265,294,813,247,6070,362,54231,6239,12,049,9382,538,961,280,611,211,7810,680,6750,520,794,279,1993,432,91,66,98,89,37,45,99,67,20,21,68,59,0,28,374,131,19,29,2108,302,1298,301,810,206,6040,360,780,219,5260,361
2019-2023,Florida,Hendry County,0500000US12051,40798,0,13944,349,2556,478,1728,406,828,216,11388,544,53044,6314,12,051,18558,777,1948,493,2189,575,14421,939,12355,936,755,278,3154,677,347,223,552,295,228,120,555,428,172,213,939,404,351,282,1003,343,95,117,2510,492,992,281,1518,393,11434,574,1564,397,9870,606
2019-2023,Florida,Hernando County,0500000US12053,201512,0,80544,897,9970,789,4913,658,5057,533,70574,1015,63193,1815,12,053,79502,1542,4456,686,5115,708,69931,1658,59132,1808,3153,664,7428,991,510,229,229,136,44,47,919,352,46,43,1642,400,165,129,10152,960,538,214,10500,916,3414,498,7086,874,70044,1187,6556,686,63488,1183
2019-2023,Florida,Highlands County,0500000US12055,103808,0,45943,754,7415,693,3273,553,4142,521,38528,1016,55581,2153,12,055,35144,1178,2753,432,2656,498,29735,1430,26674,1282,1575,317,4452,565,540,215,54,56,2,9,655,253,191,139,643,257,165,124,2666,483,280,174,6856,664,3041,447,3815,549,39087,971,4374,559,34713,1071
2019-2023,Florida,Hillsborough County,0500000US12057,1489634,0,569998,1782,75044,2424,34488,1802,40556,1541,494954,3060,75011,1202,12,057,733343,4447,42254,2717,41804,2237,649285,5831,507348,5027,27602,2151,63074,2623,5096,837,5905,866,1349,408,8273,1000,1172,455,15035,1207,1949,426,133708,3358,5086,704,74643,2432,29259,1650,45384,1782,495355,2898,45785,1926,449570,3269
2019-2023,Florida,Holmes County,0500000US12059,19626,0,7087,249,1135,233,495,175,640,164,5952,269,48236,3410,12,059,7527,475,415,155,697,255,6415,480,6562,465,358,149,479,171,38,39,0,23,0,23,5,8,0,23,75,53,6,10,406,159,13,19,977,162,445,139,532,129,6110,259,690,173,5420,247
2019-2023,Florida,Indian River County,0500000US12061,163856,0,68696,923,7382,764,3372,541,4010,539,61314,983,71049,2035,12,061,64314,1630,3147,563,3461,683,57706,1703,47602,1633,2149,447,6706,900,192,151,405,209,1,2,362,141,45,64,1695,521,317,284,7544,824,443,191,5195,593,2069,384,3126,491,63501,857,5313,648,58188,906
2019-2023,Florida,Jackson County,0500000US12063,47652,0,17038,341,3174,436,1390,347,1784,297,13864,508,47327,2214,12,063,16006,615,1090,282,1479,311,13437,705,13624,711,889,229,1310,222,101,60,41,37,2,5,224,127,48,64,137,62,0,31,670,202,50,40,3423,415,1605,344,1818,275,13615,498,1569,340,12046,550
2019-2023,Florida,Jefferson County,0500000US12065,14713,0,5675,219,1241,237,598,176,643,184,4434,285,56984,6137,12,065,6111,326,505,143,269,129,5337,334,4816,299,356,123,706,194,85,69,12,16,12,16,100,63,15,22,96,65,37,43,381,143,0,23,1217,215,734,191,483,160,4458,300,507,178,3951,294
2019-2023,Florida,Lafayette County,0500000US12067,8035,0,2619,231,497,177,262,112,235,121,2122,225,60692,5425,12,067,2860,354,171,86,240,151,2449,429,2480,392,103,46,229,107,65,74,0,21,0,21,0,21,0,21,72,60,0,21,79,51,3,7,464,156,276,147,188,81,2155,238,221,96,1934,227
2019-2023,Florida,Lake County,0500000US12069,398696,0,159474,1495,15954,1204,6936,754,9018,1021,143520,2008,69956,1970,12,069,166771,2544,7229,926,9224,1141,150318,3285,123311,2611,4974,773,14921,1383,1426,452,213,133,64,73,1961,504,84,61,3781,705,324,194,22584,1869,357,160,15766,1252,5895,740,9871,1014,143708,1981,10059,964,133649,2225
2019-2023,Florida,Lee County,0500000US12071,792692,0,319588,2788,36455,1753,16373,1068,20082,1245,283133,2825,73099,1143,12,071,333780,3525,18209,1684,18181,1646,297390,3866,243080,3572,13480,1558,31509,2168,2144,470,1580,403,259,173,3516,730,299,168,8083,980,495,194,46012,2437,1532,349,26323,1684,8625,846,17698,1465,293265,2657,27830,1457,265435,2634
2019-2023,Florida,Leon County,0500000US12073,295335,0,120673,965,22034,1297,6186,674,15848,1125,98639,1361,65074,1311,12,073,145087,2181,15921,1063,8830,933,120336,2396,108633,2248,10849,1028,11590,1132,1409,326,2327,517,808,301,2318,421,715,265,1990,362,418,177,18229,1330,1722,480,13792,1062,6382,786,7410,779,106881,1352,15652,1133,91229,1489
2019-2023,Florida,Levy County,0500000US12075,44276,0,17976,338,3022,421,1593,296,1429,314,14954,487,53805,3062,12,075,17158,734,1205,270,1704,423,14249,825,13598,724,806,226,1998,383,204,109,45,77,0,31,163,97,16,31,168,74,23,27,1186,273,156,119,3002,394,1378,275,1624,297,14974,534,1644,325,13330,545
2019-2023,Florida,Liberty County,0500000US12077,7650,0,2554,177,525,141,301,128,224,95,2029,197,53824,7803,12,077,2473,284,206,107,137,75,2130,276,1981,278,178,98,339,131,7,10,4,9,4,9,0,21,0,21,0,21,0,21,149,70,17,28,755,161,340,127,415,120,1799,186,185,79,1614,183
2019-2023,Florida,Madison County,0500000US12079,18113,0,6980,203,1332,244,531,155,801,227,5648,325,48176,3501,12,079,6320,448,440,260,473,149,5407,469,4957,410,252,127,924,269,155,213,0,23,0,23,100,76,23,35,100,62,0,23,239,95,10,15,1220,225,735,199,485,166,5760,314,597,168,5163,319
2019-2023,Florida,Manatee County,0500000US12081,416020,0,168504,1649,16440,1210,7216,867,9224,787,152064,1925,75792,1748,12,081,178527,2664,8878,1017,10541,1274,159108,3268,126842,2462,6178,813,17562,1405,1232,377,933,255,183,142,2444,550,257,138,4160,603,582,215,26586,1546,446,171,13195,1120,4731,647,8464,891,155309,1728,11709,934,143600,1869
2019-2023,Florida,Marion County,0500000US12083,387697,0,159796,1469,22042,1255,10681,961,11361,945,137754,1655,58535,1504,12,083,145267,2443,9650,885,10176,1101,125441,2711,111950,2752,7008,760,15521,1640,1476,366,199,128,106,84,934,228,43,56,1972,392,224,136,14691,1264,793,262,22116,1303,8925,868,13191,971,137680,1755,13117,983,124563,1802
2019-2023,Florida,Martin County,0500000US12085,160464,0,67820,855,7102,780,3019,527,4083,494,60718,1075,80701,2009,12,085,67533,1181,3579,514,3490,584,60464,1558,49759,1595,2365,453,5907,859,616,275,116,74,2,6,669,258,165,113,1731,398,154,116,9351,897,277,124,4504,559,1646,321,2858,446,63316,995,5456,698,57860,1143
2019-2023,Florida,Miami-Dade County,0500000US12086,2685296,0,964805,2795,155172,3571,74838,2651,80334,2310,809633,4440,68694,832,12,086,1321975,5295,76226,2967,98448,4076,1147301,7403,936093,6572,48393,2256,117655,4092,7139,852,43157,2275,5397,850,25492,1698,2733,582,37196,1923,3696,645,162382,3997,8868,921,219474,4066,78461,2479,141013,3862,745331,4797,76711,2737,668620,4546
2019-2023,Florida,Monroe County,0500000US12087,81840,0,34630,709,3606,506,1379,306,2227,405,31024,803,82430,3751,12,087,42186,887,2287,440,2055,340,37844,911,27596,1034,1392,332,3442,477,120,86,139,128,23,90,1956,414,114,106,4298,589,563,228,4755,521,75,60,2565,334,991,271,1574,286,32065,776,2615,412,29450,813
2019-2023,Florida,Nassau County,0500000US12089,94653,0,38112,568,3688,553,2010,527,1678,302,34424,702,88900,3972,12,089,42192,1117,1799,531,1444,405,38949,1182,33330,1091,1387,439,2317,501,41,34,53,67,0,35,436,210,24,21,559,209,112,84,5497,734,235,159,2730,430,1154,280,1576,351,35382,683,2534,515,32848,691
2019-2023,Florida,Okaloosa County,0500000US12091,214281,0,84123,1106,7490,732,3660,458,3830,540,76633,1260,79097,2829,12,091,104127,1431,5321,841,5503,750,93303,1841,79947,1691,3474,645,10777,1209,868,282,283,133,108,91,1438,342,152,93,1945,454,449,233,9737,945,270,117,6188,761,2217,446,3971,521,77935,1346,5273,553,72662,1470
2019-2023,Florida,Okeechobee County,0500000US12093,40249,0,15187,408,2567,434,1402,313,1165,257,12620,492,52288,3531,12,093,14882,817,1322,394,1039,250,12521,836,10919,748,756,262,1987,364,258,121,126,101,57,97,305,274,27,28,526,216,137,132,1019,269,87,87,2742,426,1098,292,1644,339,12445,566,1469,324,10976,611
2019-2023,Florida,Orange County,0500000US12095,1440471,0,508907,2485,65388,2432,32853,1603,32535,1785,443519,3514,77011,1108,12,095,725371,4084,44978,3072,47384,2839,633009,5739,507882,6129,29967,2432,65777,3592,5781,985,10700,992,1775,448,9315,1241,1356,341,16636,1795,1843,616,115061,3668,4256,701,71616,2399,24738,1280,46878,2218,437291,3292,40650,2039,396641,3832
2019-2023,Florida,Osceola County,0500000US12097,406943,0,131365,1486,16432,1260,10036,1147,6396,803,114933,1665,68711,1970,12,097,195789,2791,11728,1539,14079,1607,169982,3418,142102,3596,7452,1002,23272,2019,2396,669,2012,834,401,459,1539,569,121,88,3523,795,182,131,23341,1863,1176,534,22823,1477,6378,701,16445,1470,108542,1851,10054,1164,98488,1798
2019-2023,Florida,Palm Beach County,0500000US12099,1507453,0,597053,2488,65471,2130,28210,1430,37261,1734,531582,2845,81115,1028,12,099,689339,4172,34317,2037,38563,2123,616459,4847,492508,4460,22967,1482,66090,2623,4633,715,9903,1295,1495,401,7880,846,892,219,17918,1474,1380,380,95040,3067,2950,458,59511,2015,19727,1092,39784,1875,537542,3230,45744,1805,491798,3290
2019-2023,Florida,Pasco County,0500000US12101,588758,0,229860,1612,27292,1226,11799,1068,15493,847,202568,1873,67384,1352,12,101,256553,2753,9449,920,12450,1032,234654,3222,179392,2948,6971,792,21059,1267,830,189,1063,407,314,178,1908,356,94,62,5966,681,332,127,47165,1905,908,267,25233,1277,9174,794,16059,1081,204627,1955,18118,1077,186509,2034
2019-2023,Florida,Pinellas County,0500000US12103,960565,0,423242,2243,49247,1617,16382,1089,32865,1374,373995,2375,70293,911,12,103,456429,3378,21917,1286,24728,1662,409784,3362,320804,4142,13779,1088,32297,2001,1971,442,5244,795,1844,504,5837,685,524,267,12051,1048,1473,339,80196,2582,2326,383,37002,1607,14483,1034,22519,1087,386240,2622,34764,1311,351476,2616
2019-2023,Florida,Polk County,0500000US12105,760961,0,276643,2021,39295,1599,21015,1214,18280,1217,237348,2210,63644,868,12,105,326030,2812,18967,1429,24458,1426,282605,3611,253032,2959,13723,1225,27337,1709,2525,545,1121,431,76,58,2453,396,339,151,7105,801,755,247,34982,1720,1549,404,40315,1741,15866,1047,24449,1283,236328,2250,23429,1372,212899,2324
2019-2023,Florida,Putnam County,0500000US12107,74235,0,30650,595,7218,650,3340,471,3878,563,23432,624,47256,1961,12,107,26217,949,2793,460,3167,653,20257,1041,20359,927,1926,400,2560,463,360,214,53,80,8,59,369,244,191,174,354,177,91,65,2522,411,217,127,6793,666,3564,448,3229,479,23857,808,3654,553,20203,780
2019-2023,Florida,St. Johns County,0500000US12109,292243,0,108827,1368,7743,930,3658,657,4085,602,101084,1603,106169,3981,12,109,134699,2109,4344,734,4979,950,125376,2339,89668,2537,2606,525,9019,1333,460,222,124,102,1,2,1035,252,218,123,2888,598,326,263,31965,1973,733,296,4854,676,1767,454,3087,514,103973,1385,5976,780,97997,1581
2019-2023,Florida,St. Lucie County,0500000US12111,346237,0,131640,1179,15116,1332,7028,846,8088,1063,116524,1675,69027,2187,12,111,149077,2808,6691,1034,10195,1335,132191,3041,116102,3080,4600,813,13042,1321,1209,453,394,187,39,36,1799,705,133,95,2478,542,235,136,15262,1380,475,191,16515,1413,5449,730,11066,1200,115125,1951,9667,1132,105458,2133
2019-2023,Florida,Santa Rosa County,0500000US12113,193719,0,71250,811,6287,744,3212,428,3075,549,64963,1015,88968,2397,12,113,86704,1483,3288,541,3602,675,79814,1654,66794,1636,2283,453,7318,887,234,115,19,32,2,4,884,248,166,126,1639,368,88,102,10050,947,515,262,6611,829,2040,438,4571,669,64639,1076,4247,628,60392,1208
2019-2023,Florida,Sarasota County,0500000US12115,449011,0,205503,1515,17051,955,7052,721,9999,755,188452,1754,80633,1666,12,115,180439,2024,7136,663,8168,898,165135,2276,131661,2248,5032,636,15350,1274,925,364,860,244,94,82,1690,425,228,146,3510,438,242,111,27368,1324,615,198,11171,871,3244,477,7927,774,194332,1821,13807,877,180525,2016
2019-2023,Florida,Seminole County,0500000US12117,474912,0,185396,902,16902,998,7693,805,9209,841,168494,1259,83030,1873,12,117,245070,2241,11137,1053,10764,1163,223169,2762,171153,2812,7602,850,18841,1411,1099,298,1342,296,341,181,2341,530,385,223,4333,656,490,252,47060,1932,1220,380,16837,1304,4352,626,12485,1094,168559,1494,12550,865,156009,1553
2019-2023,Florida,Sumter County,0500000US12119,137536,0,66941,1030,5377,608,2645,440,2732,433,61564,1079,73297,3166,12,119,29817,1223,1733,429,1488,357,26596,1308,21200,1156,1182,353,2240,385,97,112,57,59,45,56,446,171,84,43,1912,527,112,83,3962,621,213,117,3543,570,1704,338,1839,371,63398,1077,3673,566,59725,1133
2019-2023,Florida,Suwannee County,0500000US12121,44484,0,15567,456,2270,350,1194,214,1076,300,13297,594,55479,4598,12,121,17097,811,944,257,1436,361,14717,924,13746,916,656,213,1683,480,150,130,13,21,13,21,422,235,6,9,205,92,90,70,1028,320,29,46,2394,409,859,205,1535,387,13173,521,1411,323,11762,635
2019-2023,Florida,Taylor County,0500000US12123,21422,0,7571,329,1206,318,734,226,472,199,6365,413,44985,6888,12,123,6581,522,521,200,696,263,5364,589,5239,532,350,174,681,237,102,78,3,2,3,2,114,104,0,28,139,89,66,67,405,215,0,28,1362,324,567,241,795,239,6209,457,639,201,5570,434
2019-2023,Florida,Union County,0500000US12125,15551,0,4192,160,715,166,397,147,318,110,3477,196,64922,7887,12,125,4411,279,309,132,364,159,3738,298,3709,301,259,129,368,118,31,32,0,23,0,23,22,28,17,28,23,30,0,23,289,103,2,4,812,189,299,129,513,159,3380,222,416,142,2964,230
2019-2023,Florida,Volusia County,0500000US12127,568229,0,237396,1407,28738,1532,12050,1002,16688,1136,208658,1768,66581,1033,12,127,247020,2693,12414,1091,14755,1213,219851,2907,184459,2971,8317,783,21365,1647,1719,483,1147,297,135,103,2734,468,218,170,5433,889,715,256,31882,1675,1310,314,29132,1422,10913,1092,18219,1139,208264,1796,17825,1094,190439,1785
2019-2023,Florida,Wakulla County,0500000US12129,34608,0,12187,392,789,235,362,169,427,154,11398,439,74183,4334,12,129,15600,617,321,160,1026,379,14253,836,12903,634,187,130,1387,360,120,95,0,31,0,31,63,59,0,31,160,111,0,31,1087,315,14,25,1470,340,347,136,1123,311,10717,468,442,171,10275,508
2019-2023,Florida,Walton County,0500000US12131,79846,0,32659,1018,3573,517,1844,390,1729,349,29086,1057,79281,4712,12,131,35859,1092,2012,456,1825,500,32022,1248,25029,1190,1360,403,4242,760,389,209,67,75,0,35,511,231,77,95,685,300,35,55,5325,728,151,124,2857,445,1087,293,1770,388,29802,1033,2486,408,27316,1068
2019-2023,Florida,Washington County,0500000US12133,25259,0,9282,289,1607,264,919,232,688,192,7675,377,52723,4486,12,133,8942,467,658,193,758,198,7526,544,7388,479,546,185,822,206,41,31,0,28,0,28,77,61,17,29,84,52,1,2,571,201,53,39,1162,200,612,170,550,136,8120,353,995,205,7125,358
2019-2023,Georgia,Appling County,0500000US13001,18426,0,7037,291,1491,301,1011,266,480,159,5546,362,43728,6301,13,001,7132,513,706,249,897,280,5529,523,5605,458,514,225,1063,268,99,79,34,67,0,23,66,51,13,18,137,96,56,63,227,165,24,37,1438,265,763,206,675,174,5599,355,728,206,4871,374
2019-2023,Georgia,Atkinson County,0500000US13003,8261,0,3189,109,723,165,530,159,193,79,2466,181,38438,6329,13,003,3499,223,482,183,479,172,2538,280,2934,251,338,167,375,129,133,85,0,20,0,20,65,48,0,20,21,29,0,20,104,64,11,19,751,142,416,107,335,111,2438,170,307,145,2131,200
2019-2023,Georgia,Bacon County,0500000US13005,11129,0,4013,227,905,245,458,164,447,180,3108,231,50310,8468,13,005,4353,288,384,165,457,202,3512,353,3737,301,355,162,264,121,0,23,0,23,0,23,75,61,12,25,62,56,10,16,215,123,7,14,801,219,433,183,368,118,3212,246,472,174,2740,257
2019-2023,Georgia,Baker County,0500000US13007,2830,0,1114,125,318,102,125,56,193,83,796,124,44405,9929,13,007,889,156,125,51,106,82,658,152,717,151,53,35,48,29,18,19,50,13,41,9,11,13,0,14,7,13,0,14,56,44,13,22,189,61,77,34,112,48,925,136,241,101,684,126
2019-2023,Georgia,Baldwin County,0500000US13009,43669,0,16075,517,3411,489,1555,320,1856,368,12664,536,55413,4351,13,009,15944,814,1831,514,1340,409,12773,622,13165,878,1611,510,1343,304,29,41,17,38,0,30,95,87,4,7,267,205,48,77,1057,270,139,74,2482,381,1229,286,1253,266,13593,591,2182,441,11411,555
2019-2023,Georgia,Banks County,0500000US13011,18757,0,6787,143,937,212,600,191,337,102,5850,232,68830,10370,13,011,8548,418,455,157,490,162,7603,457,7100,437,374,153,691,237,70,58,21,25,0,23,49,36,11,17,33,39,0,23,654,206,0,23,599,135,255,85,344,103,6188,175,682,200,5506,248
2019-2023,Georgia,Barrow County,0500000US13013,86982,0,29770,293,3206,388,1923,348,1283,230,26564,438,77477,3714,13,013,42400,1042,2129,402,2413,388,37858,1176,33689,1126,1711,350,4631,771,263,137,11,17,0,34,344,234,50,72,466,162,0,34,3259,450,105,84,2998,452,1234,262,1764,353,26772,519,1972,296,24800,553
2019-2023,Georgia,Bartow County,0500000US13015,111153,0,39664,688,4264,518,2135,433,2129,419,35400,783,79431,3631,13,015,52857,1218,1724,435,2882,546,48251,1469,40205,1367,1394,437,5942,715,134,127,303,291,10,14,543,303,24,35,461,184,8,13,5403,715,154,124,3161,434,1101,258,2060,333,36503,763,3163,457,33340,864
2019-2023,Georgia,Ben Hill County,0500000US13017,17138,0,7162,246,1928,352,944,328,984,227,5234,358,39081,3479,13,017,6833,412,811,303,616,247,5406,490,5702,396,751,295,611,196,60,63,49,58,0,23,38,39,0,23,170,130,0,23,263,113,0,23,1570,315,899,260,671,197,5592,388,1029,251,4563,386
2019-2023,Georgia,Berrien County,0500000US13019,18257,0,6881,223,1552,224,868,208,684,156,5329,308,50414,4735,13,019,7667,480,673,255,771,192,6223,514,6323,404,463,150,554,179,56,37,34,47,0,23,228,136,92,96,117,82,38,56,411,137,24,23,1521,219,711,169,810,196,5360,289,841,181,4519,307
2019-2023,Georgia,Bibb County,0500000US13021,156543,0,59681,842,13612,985,6789,703,6823,752,46069,920,50747,2293,13,021,62332,1672,6724,741,4966,845,50642,1556,48869,1638,5215,697,5577,786,730,221,527,241,159,124,926,318,198,151,1146,356,114,82,5287,792,308,127,13205,902,7955,817,5250,525,46476,964,5657,686,40819,942
2019-2023,Georgia,Bleckley County,0500000US13023,12414,0,4283,218,945,257,545,200,400,133,3338,260,53005,10065,13,023,4697,403,325,149,355,148,4017,424,4085,383,219,106,250,107,5,9,0,23,0,23,5,8,0,23,84,74,33,62,273,119,68,58,1040,269,565,230,475,177,3243,297,380,115,2863,299
2019-2023,Georgia,Brantley County,0500000US13025,18171,0,6828,295,1299,343,473,195,826,280,5529,383,47801,11434,13,025,7231,618,252,135,590,260,6389,611,6275,595,208,124,544,199,0,23,3,6,0,23,10,17,0,23,56,50,0,23,343,141,44,47,1529,342,786,287,743,225,5299,372,513,202,4786,402
2019-2023,Georgia,Brooks County,0500000US13027,16285,0,5994,262,1361,302,724,250,637,170,4633,310,47656,7078,13,027,6545,537,696,255,626,253,5223,552,5527,541,334,192,519,229,120,120,0,23,0,23,59,59,0,23,170,117,158,114,270,112,84,84,1076,212,791,216,285,105,4918,276,570,167,4348,298
2019-2023,Georgia,Bryan County,0500000US13029,46681,0,15821,377,1345,357,765,271,580,235,14476,445,94234,5994,13,029,22507,768,903,290,564,234,21040,858,18270,880,663,267,1390,375,34,40,30,36,0,30,26,30,0,30,673,289,146,102,2118,405,60,70,1332,373,413,198,919,294,14489,489,932,268,13557,548
2019-2023,Georgia,Bulloch County,0500000US13031,81372,0,30276,612,6415,655,1966,366,4449,529,23861,778,56832,2700,13,031,34502,1126,4756,616,2748,492,26998,1361,27286,1259,3500,563,3479,626,408,197,250,220,114,134,396,144,148,89,546,213,192,101,2545,402,394,192,4454,583,2013,390,2441,452,25822,845,4402,540,21420,849
2019-2023,Georgia,Burke County,0500000US13033,24427,0,9097,399,2072,388,1169,276,903,245,7025,501,50739,3862,13,033,10207,599,1019,342,1016,253,8172,552,7905,620,630,272,934,295,105,97,48,59,0,27,197,115,82,78,205,109,80,79,918,376,122,108,1566,307,893,248,673,210,7531,452,1179,328,6352,469
2019-2023,Georgia,Butts County,0500000US13035,26074,0,8751,262,1261,342,538,190,723,308,7490,366,59221,5982,13,035,10391,571,506,263,720,346,9165,583,8340,664,491,264,865,251,15,30,33,54,0,27,60,86,0,27,114,73,0,27,979,351,0,27,1325,301,572,228,753,234,7426,302,689,290,6737,372
2019-2023,Georgia,Calhoun County,0500000US13037,5528,0,1508,122,341,85,178,62,163,64,1167,124,55714,9419,13,037,1510,140,129,64,94,68,1287,160,1219,128,77,56,114,78,4,7,8,12,0,20,50,49,25,31,0,20,0,20,119,70,23,26,511,109,247,68,264,91,997,122,94,51,903,117
2019-2023,Georgia,Camden County,0500000US13039,56036,0,21024,382,2963,472,1859,453,1104,273,18061,587,72399,4195,13,039,24001,737,1782,373,1434,332,20785,865,19296,781,1256,317,1956,416,184,137,65,85,0,34,173,151,123,150,263,139,20,34,2248,435,199,145,2471,420,1515,402,956,280,18553,560,1448,360,17105,655
2019-2023,Georgia,Candler County,0500000US13043,10972,0,4183,144,678,183,371,144,307,137,3505,196,50431,7016,13,043,4509,318,363,146,496,212,3650,432,3764,310,312,138,472,222,51,58,0,23,0,23,44,44,0,23,67,76,0,23,162,69,0,23,956,209,446,158,510,170,3227,218,232,105,2995,212
2019-2023,Georgia,Carroll County,0500000US13045,122187,0,43598,597,6537,820,3847,641,2690,553,37061,891,72327,3341,13,045,55487,1425,4543,947,3145,641,47799,1467,42179,1351,2946,729,6727,979,1225,466,252,164,0,34,490,230,148,158,702,274,151,131,5137,784,73,60,6493,749,2950,484,3543,565,37105,844,3587,688,33518,954
2019-2023,Georgia,Catoosa County,0500000US13047,68356,0,26139,400,2610,450,1333,368,1277,290,23529,550,72425,3316,13,047,32257,1109,1075,352,1806,528,29376,1227,25981,1209,741,274,2957,521,271,144,27,48,0,34,110,111,9,14,237,151,0,34,2945,392,54,63,2928,475,1343,368,1585,335,23211,588,1267,270,21944,639
2019-2023,Georgia,Charlton County,0500000US13049,12711,0,4086,178,800,222,528,193,272,147,3286,287,48534,4650,13,049,4830,468,366,157,399,249,4065,546,4553,510,355,157,126,109,7,14,0,23,0,23,1,3,0,23,52,55,0,23,98,52,4,7,895,259,482,201,413,191,3191,330,318,145,2873,321
2019-2023,Georgia,Chatham County,0500000US13051,298143,0,119241,1147,16502,1033,7048,678,9454,776,102739,1215,69575,2045,13,051,141617,1905,9508,899,9850,1273,122259,2471,105233,2251,6252,727,14692,1361,1571,501,1864,477,281,138,2503,430,286,141,3229,590,430,121,14096,1111,688,237,14019,956,5090,587,8929,776,105222,1275,11412,966,93810,1272
2019-2023,Georgia,Chattahoochee County,0500000US13053,9181,0,1897,221,299,124,162,81,137,89,1598,244,59221,4031,13,053,1767,270,108,64,214,83,1445,271,1427,259,71,41,173,91,37,44,0,20,0,20,19,21,0,20,50,50,0,20,98,66,0,20,364,124,104,91,260,108,1533,230,195,79,1338,235
2019-2023,Georgia,Chattooga County,0500000US13055,24975,0,9142,296,1793,331,949,251,844,237,7349,382,47785,4344,13,055,9073,460,1102,265,801,214,7170,525,7740,482,771,186,854,237,238,155,37,35,0,27,65,48,37,38,31,38,0,27,346,126,56,57,1688,296,907,253,781,166,7454,364,886,217,6568,379
2019-2023,Georgia,Cherokee County,0500000US13057,274539,0,99132,618,6471,965,3590,761,2881,550,92661,1210,105442,1697,13,057,142556,1992,5105,1034,5920,851,131531,2124,99442,2458,2960,708,12081,1319,989,322,158,111,44,68,712,251,140,100,1550,432,149,150,28613,1617,823,477,3678,612,1274,330,2404,529,95454,865,5197,866,90257,1233
2019-2023,Georgia,Clarke County,0500000US13059,129267,0,54161,474,12903,732,3122,539,9781,721,41258,873,52267,1999,13,059,60817,1289,10322,789,5170,598,45325,1438,44714,1505,7783,720,4853,637,721,206,951,225,251,127,2275,428,631,203,1041,292,184,116,6983,782,752,268,4934,539,2591,431,2343,358,49227,715,10312,704,38915,907
2019-2023,Georgia,Clay County,0500000US13061,2853,0,1179,134,232,80,110,61,122,57,947,144,48715,5172,13,061,1107,145,195,112,92,56,820,177,853,153,130,85,185,142,61,92,0,14,0,14,1,4,0,14,25,30,0,14,43,45,4,8,320,97,171,70,149,60,859,157,61,38,798,157
2019-2023,Georgia,Clayton County,0500000US13063,298771,0,105626,783,16332,1334,9269,1082,7063,900,89294,1362,58507,1942,13,063,136377,2198,9404,957,14387,1727,112586,2854,97336,2322,5341,759,17622,1307,1499,365,4314,871,830,298,1367,439,276,122,3497,772,410,200,12241,1107,1048,356,19773,1276,7059,985,12714,1168,85853,1486,9273,1043,76580,1583
2019-2023,Georgia,Clinch County,0500000US13065,6722,0,2470,122,582,184,265,116,317,139,1888,206,55549,17572,13,065,2598,327,424,262,292,155,1882,241,1982,250,143,91,168,108,3,10,171,191,171,191,56,114,52,115,105,119,0,20,116,117,55,115,540,149,315,136,225,92,1930,180,267,116,1663,199
2019-2023,Georgia,Cobb County,0500000US13067,769152,0,293410,1383,24048,1491,10678,994,13370,983,269362,1801,98712,2149,13,067,402873,3266,18414,1649,17021,1392,367438,3930,271901,3458,11569,1220,30066,1893,2333,496,2194,435,42,32,4291,876,457,208,9131,1101,1594,504,85290,2838,2419,530,18495,1438,6411,881,12084,1233,274915,1795,17637,1115,257278,1925
2019-2023,Georgia,Coffee County,0500000US13069,43161,0,15318,353,3320,399,1770,333,1550,315,11998,428,50175,2858,13,069,16840,686,1049,235,2028,429,13763,867,13934,833,738,201,1245,276,160,90,23,30,0,30,435,269,32,52,681,265,100,89,522,289,19,27,2779,370,1260,250,1519,294,12539,445,2060,357,10479,462
2019-2023,Georgia,Colquitt County,0500000US13071,45907,0,16807,358,3446,412,2147,381,1299,254,13361,503,49691,4713,13,071,20009,720,1940,394,1735,380,16334,804,15713,763,1356,330,2225,455,381,164,596,392,83,115,306,183,13,14,88,65,3,6,1081,288,104,83,3015,342,1851,318,1164,258,13792,482,1595,331,12197,483
2019-2023,Georgia,Columbia County,0500000US13073,159638,0,52083,969,3682,642,2040,496,1642,416,48401,1120,96122,2881,13,073,75850,1890,1935,565,3325,1009,70590,2001,60979,2225,1480,500,6380,755,327,221,103,95,9,12,181,120,3,7,924,310,26,38,7283,1014,90,68,3282,594,904,353,2378,530,48801,1012,2778,514,46023,1154
2019-2023,Georgia,Cook County,0500000US13075,17363,0,6323,190,1253,221,749,213,504,144,5070,224,50133,8169,13,075,7692,407,626,208,882,312,6184,526,6231,437,531,179,1137,332,76,55,5,9,5,9,95,61,11,14,120,92,0,23,104,64,3,4,955,197,415,141,540,137,5368,256,838,187,4530,266
2019-2023,Georgia,Coweta County,0500000US13077,150071,0,55290,433,4422,467,2257,419,2165,343,50868,596,94142,3116,13,077,73079,1645,2637,541,2700,521,67742,1762,56000,1872,1582,384,5516,671,687,265,258,138,52,75,436,162,0,34,1621,450,133,105,9248,812,183,132,4008,519,1578,332,2430,427,51282,602,2844,424,48438,635
2019-2023,Georgia,Crawford County,0500000US13079,12183,0,4390,192,703,160,243,108,460,150,3687,250,60905,8408,13,079,5173,438,181,124,74,60,4918,466,4232,393,164,124,317,130,12,19,0,23,0,23,43,44,0,23,140,112,5,10,441,177,0,23,663,192,308,131,355,124,3727,253,395,144,3332,266
2019-2023,Georgia,Crisp County,0500000US13081,19995,0,7966,312,1976,399,1049,300,927,306,5990,496,42745,3658,13,081,7795,547,585,265,662,264,6548,553,6314,550,270,164,612,269,204,175,0,23,0,23,25,30,0,23,248,148,77,85,596,284,34,38,2444,390,1392,339,1052,333,5522,442,584,235,4938,477
2019-2023,Georgia,Dade County,0500000US13083,16196,0,6178,269,572,146,294,103,278,109,5606,298,58936,9361,13,083,6560,352,286,98,337,143,5937,374,5245,391,214,78,407,120,53,51,0,23,0,23,26,26,19,23,85,59,0,23,797,229,0,23,510,170,200,88,310,143,5668,252,372,125,5296,281
2019-2023,Georgia,Dawson County,0500000US13085,28704,0,10844,278,978,270,624,259,354,143,9866,417,88986,4892,13,085,13758,647,392,186,712,267,12654,704,9789,661,359,179,1460,387,28,38,3,4,0,27,222,134,3,9,157,80,0,27,2127,411,2,5,840,310,306,212,534,220,10004,421,672,201,9332,457
2019-2023,Georgia,Decatur County,0500000US13087,29118,0,10474,331,2375,397,1421,327,954,266,8099,427,50485,7297,13,087,10867,637,1143,299,737,245,8987,748,8913,681,824,270,1150,356,115,87,37,28,16,23,82,66,82,66,378,169,96,64,307,125,10,17,2434,377,1189,270,1245,314,8040,387,1186,300,6854,408
2019-2023,Georgia,DeKalb County,0500000US13089,762105,0,284681,1814,34089,1989,15542,1109,18547,1546,250592,2658,77683,1640,13,089,374841,3123,21128,1688,21612,1668,332101,3736,235931,3941,11355,1061,36195,2088,3665,615,15412,1411,1297,348,4347,716,690,409,7920,1110,1085,423,75036,2712,3036,570,36574,2017,13439,1322,23135,1527,248107,2771,20650,1496,227457,2985
2019-2023,Georgia,Dodge County,0500000US13091,19909,0,6657,304,1466,237,603,158,863,184,5191,321,50152,5421,13,091,7276,417,531,220,674,255,6071,502,6066,444,381,131,761,292,97,88,56,70,0,23,17,14,5,8,189,144,44,72,187,98,4,7,1388,258,716,197,672,181,5269,329,750,182,4519,326
2019-2023,Georgia,Dooly County,0500000US13093,11026,0,3919,231,604,197,361,157,243,89,3315,260,56545,8532,13,093,3985,298,353,158,203,101,3429,337,3164,278,134,93,434,181,150,108,78,67,0,23,42,58,0,23,40,39,17,27,227,109,52,54,806,212,264,116,542,172,3113,259,340,161,2773,282
2019-2023,Georgia,Dougherty County,0500000US13095,83915,0,34280,537,8376,641,4296,476,4080,480,25904,643,46784,1783,13,095,31423,1031,3946,626,3356,635,24121,1004,24598,1104,2793,522,3227,600,542,219,373,152,120,79,345,135,139,82,470,192,106,103,2410,407,246,119,9978,689,5230,550,4748,499,24302,710,3146,445,21156,727
2019-2023,Georgia,Douglas County,0500000US13097,146141,0,51339,647,5984,808,3321,573,2663,615,45355,915,80764,2546,13,097,70421,1492,3259,595,4355,801,62807,1630,54011,1802,2501,515,5494,729,452,230,575,217,27,21,285,206,20,26,1127,360,8,11,8929,893,251,158,6683,779,1802,422,4881,702,44656,856,4182,701,40474,1131
2019-2023,Georgia,Early County,0500000US13099,10683,0,4043,185,840,165,443,119,397,133,3203,234,53750,7793,13,099,4112,315,232,99,391,154,3489,337,3209,313,180,90,643,168,32,31,7,10,7,10,81,70,0,23,45,36,0,23,127,79,13,19,1098,178,426,102,672,151,2945,182,414,134,2531,205
2019-2023,Georgia,Echols County,0500000US13101,3705,0,1209,121,188,87,82,51,106,66,1021,108,61723,13195,13,101,1810,187,79,48,69,38,1662,229,1482,189,68,47,130,72,11,11,6,10,0,14,153,168,0,14,39,38,0,14,0,14,0,14,131,60,69,43,62,43,1078,121,119,73,959,110
2019-2023,Georgia,Effingham County,0500000US13103,67265,0,23555,354,1906,323,979,259,927,259,21649,448,85465,6385,13,103,31549,922,709,191,1618,509,29222,1081,27242,903,576,167,2241,463,85,88,148,114,0,34,140,83,22,33,251,121,0,34,1527,290,26,32,1885,327,478,183,1407,320,21670,510,1428,265,20242,551
2019-2023,Georgia,Elbert County,0500000US13105,19725,0,8245,252,1567,277,694,221,873,208,6678,338,49727,4351,13,105,8520,519,723,225,413,177,7384,554,6904,571,705,224,750,286,15,19,7,12,0,23,135,88,3,17,55,62,0,23,669,241,0,23,1295,258,639,204,656,188,6950,338,928,219,6022,406
2019-2023,Georgia,Emanuel County,0500000US13107,22961,0,8267,306,1949,305,1149,271,800,225,6318,386,50053,4431,13,107,8877,523,948,283,680,213,7249,487,7040,485,780,280,981,295,98,61,24,22,18,21,104,81,3,7,202,91,22,27,526,159,27,48,2214,332,1040,263,1174,273,6053,397,909,201,5144,390
2019-2023,Georgia,Evans County,0500000US13109,10740,0,3876,196,730,163,386,143,344,114,3146,226,53908,2708,13,109,4264,322,304,132,523,237,3437,358,3154,376,198,104,633,294,29,31,0,23,0,23,239,124,8,15,131,106,69,65,107,61,0,23,679,147,332,113,347,106,3197,215,398,129,2799,212
2019-2023,Georgia,Fannin County,0500000US13111,25605,0,11361,533,1316,283,650,210,666,205,10045,502,58073,5096,13,111,10315,526,677,257,935,337,8703,605,7358,537,408,205,1423,392,234,133,13,22,0,27,194,117,23,33,118,91,5,14,1209,290,7,11,1553,332,519,178,1034,280,9808,530,797,236,9011,485
2019-2023,Georgia,Fayette County,0500000US13113,120689,0,43669,422,2688,484,1265,344,1423,342,40981,600,108986,3777,13,113,54690,1181,1624,403,1533,413,51533,1290,39435,1379,977,340,3677,626,240,163,225,108,0,34,305,133,38,52,1482,300,157,115,9566,963,212,118,1990,405,657,241,1333,337,41679,594,2031,447,39648,664
2019-2023,Georgia,Floyd County,0500000US13115,98985,0,36688,611,6008,656,3267,411,2741,485,30680,769,62540,3154,13,115,42124,1029,3807,658,3293,587,35024,1176,33569,1139,2601,491,4599,610,677,282,13,19,1,2,813,329,144,96,651,266,141,119,2479,445,243,143,5254,463,2587,383,2667,353,31434,769,3421,534,28013,802
2019-2023,Georgia,Forsyth County,0500000US13117,260062,0,86688,537,4039,474,2104,357,1935,366,82649,748,138000,2698,13,117,132684,1596,2742,466,2664,471,127278,1668,81852,1893,1690,395,9109,909,415,187,431,147,23,20,612,197,26,33,1652,417,149,128,39028,1255,439,180,2116,319,642,190,1474,266,84572,668,3397,444,81175,818
2019-2023,Georgia,Franklin County,0500000US13119,23840,0,8774,253,1841,312,929,234,912,227,6933,299,52264,5228,13,119,9523,478,835,260,685,214,8003,547,7487,481,694,244,981,240,28,27,0,27,0,27,132,84,50,48,145,96,0,27,778,230,63,74,1286,218,667,174,619,167,7488,279,1174,271,6314,282
2019-2023,Georgia,Fulton County,0500000US13121,1068507,0,457791,1671,57539,2446,21381,1387,36158,2027,400252,2947,91490,1266,13,121,555905,4633,31031,1636,24298,1933,500576,4971,329103,5103,15414,1608,31852,1919,3274,672,24492,1723,3847,650,11958,1073,1415,359,13456,1721,1287,450,145044,3235,5794,833,54817,2426,23964,1732,30853,2144,402974,3000,33575,1975,369399,3583
2019-2023,Georgia,Gilmer County,0500000US13123,31976,0,12612,459,1841,376,958,322,883,212,10771,619,72542,6155,13,123,13375,696,868,263,722,170,11785,718,10140,649,754,256,1787,340,102,97,35,34,11,19,152,79,1,2,134,87,0,30,1127,361,0,30,1165,251,419,192,746,187,11447,513,1422,389,10025,629
2019-2023,Georgia,Glascock County,0500000US13125,2913,0,1042,89,162,62,46,38,116,57,880,94,55250,9142,13,125,1203,150,31,27,83,53,1089,172,1077,177,31,27,29,22,0,14,0,14,0,14,22,23,0,14,22,25,0,14,53,51,0,14,154,69,85,49,69,37,888,99,77,37,811,102
2019-2023,Georgia,Glynn County,0500000US13127,84987,0,34625,774,5167,709,2675,531,2492,444,29458,908,68546,3490,13,127,36428,1171,2840,577,2102,445,31486,1302,28166,1260,1921,424,3768,622,493,267,51,47,40,40,370,169,160,128,930,324,121,110,3143,592,105,69,4640,593,2475,498,2165,448,29985,825,2692,541,27293,839
2019-2023,Georgia,Gordon County,0500000US13129,58336,0,20841,429,2734,466,1358,326,1376,348,18107,616,61997,3790,13,129,26495,820,1739,427,2194,568,22562,1108,21213,939,1010,289,2523,577,400,235,26,31,1,5,154,109,54,58,556,274,116,134,2023,497,158,136,1849,340,748,225,1101,249,18992,501,1986,411,17006,619
2019-2023,Georgia,Grady County,0500000US13131,26056,0,10073,327,1887,342,962,278,925,216,8186,445,54312,4096,13,131,11261,532,1084,299,811,256,9366,642,8810,501,659,244,1956,349,305,140,0,27,0,27,54,69,3,9,45,42,17,27,396,163,100,85,2155,323,907,224,1248,234,7918,428,980,250,6938,465
2019-2023,Georgia,Greene County,0500000US13133,19586,0,7846,294,758,220,348,145,410,193,7088,341,84530,5516,13,133,7763,383,193,84,410,153,7160,393,5984,417,124,56,669,232,66,59,0,23,0,23,129,133,0,23,58,47,0,23,923,183,3,6,527,144,243,131,284,91,7319,285,515,198,6804,342
2019-2023,Georgia,Gwinnett County,0500000US13135,966972,0,322852,1128,31675,1920,20066,1825,11609,987,291177,2060,84823,1363,13,135,468110,4274,24183,1862,26901,2087,417026,4986,323061,3846,14517,1312,53589,2816,5943,1020,2769,494,233,120,3415,597,397,206,7881,953,606,211,77395,2878,2487,707,23868,1388,7408,754,16460,1257,298984,1732,24267,1782,274717,2077
2019-2023,Georgia,Habersham County,0500000US13137,46948,0,16048,345,2326,337,1060,245,1266,244,13722,429,65622,3596,13,137,20349,641,1237,347,920,257,18192,696,16062,751,766,264,2241,396,346,217,51,51,0,30,109,60,22,36,124,93,7,8,1762,270,96,69,1947,322,856,227,1091,284,14101,456,1470,257,12631,480
2019-2023,Georgia,Hall County,0500000US13139,208395,0,71263,673,8519,704,4834,543,3685,501,62744,955,77430,2838,13,139,98620,1342,5213,710,5989,779,87418,1479,72409,1890,3194,599,12044,1120,1133,273,710,306,98,98,823,352,175,167,1875,385,109,82,10759,983,504,220,6417,703,3057,470,3360,483,64846,887,5462,583,59384,1023
2019-2023,Georgia,Hancock County,0500000US13141,8630,0,2852,248,852,228,383,178,469,170,2000,285,33182,9039,13,141,2219,274,291,143,143,118,1785,310,1939,326,291,143,118,153,0,20,0,20,0,20,8,15,0,20,87,113,0,20,67,77,0,20,798,208,582,192,216,138,2054,246,270,139,1784,251
2019-2023,Georgia,Haralson County,0500000US13143,30720,0,11510,319,1700,312,777,179,923,257,9810,408,65016,5680,13,143,13627,573,722,227,588,247,12317,570,10639,651,425,165,1381,367,86,80,79,94,0,30,78,55,0,30,182,133,0,30,1268,333,211,131,1798,295,813,227,985,228,9712,400,887,251,8825,450
2019-2023,Georgia,Harris County,0500000US13145,35509,0,12637,374,918,243,610,198,308,132,11719,410,89184,5093,13,145,15496,695,367,162,354,130,14775,742,12320,650,240,119,1411,258,98,97,32,49,0,30,194,125,0,30,70,42,9,13,1469,274,20,31,1333,310,433,188,900,280,11304,510,485,143,10819,504
2019-2023,Georgia,Hart County,0500000US13147,26484,0,10543,315,1553,288,640,188,913,248,8990,393,57241,4548,13,147,11316,563,563,183,956,280,9797,616,9007,603,528,184,1094,270,35,47,15,24,0,27,142,92,0,27,107,76,0,27,951,286,0,27,1178,254,584,189,594,159,9365,370,969,247,8396,391
2019-2023,Georgia,Heard County,0500000US13149,11616,0,4342,152,891,221,447,133,444,184,3451,248,62907,9982,13,149,4403,354,187,82,205,123,4011,377,3693,313,175,80,398,144,11,16,51,39,0,23,21,20,0,23,67,56,0,23,173,89,1,4,1170,200,552,173,618,163,3172,235,339,156,2833,246
2019-2023,Georgia,Henry County,0500000US13151,245417,0,84498,689,6985,896,4697,781,2288,353,77513,982,81612,2434,13,151,117628,2045,4955,918,5824,973,106849,2403,87561,2474,3436,747,10203,1050,354,151,1001,376,2,6,645,302,237,160,1411,463,343,331,16807,1265,583,250,8380,961,2323,516,6057,831,76118,1183,4662,702,71456,1247
2019-2023,Georgia,Houston County,0500000US13153,166902,0,62158,609,6283,771,3516,567,2767,486,55875,863,80743,3640,13,153,78631,1568,3243,613,4784,847,70604,1721,62653,1789,2320,521,7265,1086,404,190,154,127,28,6,399,197,65,77,1225,375,94,109,6935,1188,332,193,6597,757,2276,426,4321,625,55561,895,4007,639,51554,1025
2019-2023,Georgia,Irwin County,0500000US13155,9385,0,3725,198,597,201,443,186,154,99,3128,193,53915,10667,13,155,4252,320,299,154,362,119,3591,363,3531,348,237,143,424,143,0,20,0,20,0,20,52,40,31,35,73,54,31,40,172,110,0,20,463,150,195,92,268,109,3262,220,402,184,2860,222
2019-2023,Georgia,Jackson County,0500000US13157,80640,0,26976,335,2411,383,1125,256,1286,284,24565,475,85012,4632,13,157,38111,974,1044,265,1918,473,35149,1143,29734,1148,716,169,3162,417,234,108,202,132,1,3,165,74,8,12,601,245,44,48,4247,521,41,47,2177,335,735,213,1442,270,24799,459,1676,302,23123,540
2019-2023,Georgia,Jasper County,0500000US13159,15345,0,5812,199,845,182,425,143,420,135,4967,234,59574,9334,13,159,6434,367,499,198,397,176,5538,433,5276,359,446,193,551,216,12,18,26,33,0,23,25,32,0,23,124,86,27,34,432,175,14,24,720,146,311,106,409,103,5092,248,534,153,4558,271
2019-2023,Georgia,Jeff Davis County,0500000US13161,14838,0,5368,285,1442,333,811,283,631,186,3926,340,40879,7125,13,161,5772,482,539,235,446,196,4787,518,4563,446,362,195,655,290,155,138,2,5,0,23,10,18,0,23,368,180,22,42,174,121,0,23,840,279,527,231,313,160,4528,352,915,262,3613,350
2019-2023,Georgia,Jefferson County,0500000US13163,15468,0,5838,239,1110,212,640,175,470,123,4728,272,46561,4427,13,163,6271,429,427,169,572,221,5272,482,5048,424,375,155,940,301,50,56,7,9,2,5,65,45,0,23,110,68,0,23,101,59,0,23,1397,253,514,149,883,225,4441,272,596,168,3845,291
2019-2023,Georgia,Jenkins County,0500000US13165,8674,0,3067,252,844,261,401,197,443,212,2223,288,36906,4981,13,165,2914,411,419,194,503,325,1992,421,2199,384,138,75,314,157,61,56,0,20,0,20,0,20,0,20,38,59,0,20,363,199,220,186,591,181,211,111,380,147,2476,298,633,257,1843,291
2019-2023,Georgia,Johnson County,0500000US13167,9192,0,3235,126,615,141,298,114,317,97,2620,158,54183,8226,13,167,3140,249,192,93,251,123,2697,265,2508,289,165,82,419,155,6,10,0,20,0,20,55,40,0,20,39,39,5,11,119,78,16,29,873,188,335,101,538,161,2362,220,280,107,2082,218
2019-2023,Georgia,Jones County,0500000US13169,28526,0,10771,318,1299,280,710,202,589,189,9472,417,68259,3543,13,169,12894,498,743,253,542,222,11609,594,10786,524,500,178,727,251,134,95,6,12,0,27,25,30,0,27,33,33,8,16,1317,405,101,91,1564,350,592,218,972,279,9207,413,707,180,8500,432
2019-2023,Georgia,Lamar County,0500000US13171,19098,0,7000,242,797,231,279,129,518,186,6203,319,68457,9932,13,171,8121,570,389,182,786,357,6946,646,6988,544,253,142,658,251,124,109,2,4,2,4,53,55,0,23,130,143,0,23,290,148,10,16,1060,265,375,160,685,227,5940,336,422,153,5518,371
2019-2023,Georgia,Lanier County,0500000US13173,10094,0,3442,160,813,188,565,173,248,118,2629,235,44361,4562,13,173,4107,336,416,194,388,138,3303,349,2990,377,287,148,250,165,66,62,89,46,0,23,226,117,60,66,201,155,0,23,351,147,3,6,545,177,369,154,176,93,2897,232,444,166,2453,251
2019-2023,Georgia,Laurens County,0500000US13175,49619,0,18133,434,4272,481,2394,390,1878,388,13861,561,49705,3981,13,175,19958,787,2136,397,1453,422,16369,964,17646,859,1883,394,1341,344,190,100,9,12,0,30,63,53,0,30,165,114,24,28,734,233,39,50,3554,383,2062,355,1492,291,14579,466,2210,329,12369,530
2019-2023,Georgia,Lee County,0500000US13177,33337,0,11960,263,737,230,425,186,312,146,11223,328,88024,8502,13,177,16058,596,710,240,954,334,14394,726,13016,788,383,180,1982,453,229,120,0,30,0,30,57,62,30,52,111,93,0,30,892,305,68,106,936,238,338,160,598,175,11024,349,399,167,10625,366
2019-2023,Georgia,Liberty County,0500000US13179,66826,0,23406,485,3506,422,2010,357,1496,277,19900,543,59013,2779,13,179,28274,719,1567,328,1987,518,24720,879,23450,902,1233,306,2503,475,158,97,86,53,0,34,192,89,16,20,272,141,38,59,1771,384,122,120,3649,430,1437,267,2212,397,19757,587,2069,367,17688,637
2019-2023,Georgia,Lincoln County,0500000US13181,7773,0,2976,197,567,149,259,121,308,112,2409,205,50688,6386,13,181,3138,242,221,113,328,112,2589,248,2470,185,176,102,389,159,45,43,4,2,0,20,0,20,0,20,56,61,0,20,219,92,0,20,360,93,193,81,167,62,2616,205,374,130,2242,201
2019-2023,Georgia,Long County,0500000US13183,17512,0,5836,286,920,279,459,191,461,209,4916,344,64747,5579,13,183,7308,441,782,408,348,160,6178,509,5684,425,473,220,897,362,271,253,13,22,0,23,14,27,14,27,283,234,9,16,417,204,15,27,935,280,502,225,433,177,4901,317,418,174,4483,364
2019-2023,Georgia,Lowndes County,0500000US13185,119055,0,44928,565,8799,759,4287,550,4512,621,36129,890,55887,2180,13,185,52042,1179,4486,673,4072,666,43484,1284,43525,1306,3383,598,4270,671,600,274,43,65,19,47,741,254,196,123,999,315,163,115,2464,414,125,126,7904,739,4084,585,3820,539,37024,864,4715,602,32309,920
2019-2023,Georgia,Lumpkin County,0500000US13187,33931,0,11374,337,1556,317,693,208,863,218,9818,478,72388,5956,13,187,14242,663,1473,356,813,316,11956,754,10993,671,1224,336,1294,300,20,13,15,20,0,30,534,285,34,56,79,67,0,30,1327,274,195,111,1022,238,457,192,565,139,10352,418,1099,260,9253,480
2019-2023,Georgia,McDuffie County,0500000US13189,21687,0,8298,260,1419,328,875,278,544,220,6879,394,54058,4594,13,189,9236,549,755,273,640,268,7841,576,7879,615,717,280,517,188,0,27,7,19,7,19,44,45,0,27,147,98,31,52,642,283,0,27,1388,343,628,245,760,210,6910,412,791,271,6119,414
2019-2023,Georgia,McIntosh County,0500000US13191,11187,0,4784,241,1028,229,444,146,584,187,3756,251,50348,6423,13,191,4289,402,593,226,429,232,3267,466,3358,392,557,221,271,97,0,23,15,18,0,23,45,33,0,23,12,16,0,23,588,228,36,48,1088,272,594,185,494,200,3696,277,434,136,3262,287
2019-2023,Georgia,Macon County,0500000US13193,11953,0,3970,219,1202,236,540,139,662,197,2768,231,37177,8301,13,193,3672,310,381,124,543,223,2748,382,2706,291,254,115,410,163,10,13,0,23,0,23,96,94,0,23,115,88,98,83,345,107,19,19,1089,226,686,195,403,118,2881,263,516,171,2365,249
2019-2023,Georgia,Madison County,0500000US13195,30914,0,10895,281,1896,340,1152,277,744,219,8999,392,58784,6019,13,195,13014,664,1200,318,712,272,11102,704,10666,655,768,232,824,205,51,49,60,68,0,30,422,256,180,166,88,61,37,40,954,259,164,109,1318,351,795,269,523,233,9577,419,1101,262,8476,418
2019-2023,Georgia,Marion County,0500000US13197,7474,0,2950,153,477,131,264,96,213,90,2473,160,50484,9013,13,197,2991,226,231,100,239,120,2521,252,2256,228,154,77,507,155,77,65,11,15,0,20,9,16,0,20,6,11,0,20,202,98,0,20,690,143,231,87,459,127,2260,178,246,106,2014,175
2019-2023,Georgia,Meriwether County,0500000US13199,20757,0,8170,290,1604,266,778,185,826,214,6566,289,56458,3123,13,199,7824,514,530,164,427,155,6867,502,6762,459,488,166,605,174,17,25,10,18,0,27,70,44,25,28,29,29,0,27,348,110,0,27,1865,288,780,234,1085,208,6305,357,824,210,5481,327
2019-2023,Georgia,Miller County,0500000US13201,5873,0,2482,95,526,122,346,94,180,80,1956,136,58407,5470,13,201,2509,185,216,87,147,93,2146,191,2184,201,175,81,176,88,0,20,2,5,0,20,23,37,0,20,10,17,10,17,114,84,31,37,473,110,313,90,160,73,2009,119,213,87,1796,148
2019-2023,Georgia,Mitchell County,0500000US13205,21441,0,7995,224,1934,295,1078,239,856,228,6061,358,51908,10954,13,205,7666,514,581,165,661,251,6424,578,6581,491,380,141,819,274,188,121,11,19,0,27,11,21,0,27,92,67,13,22,152,98,0,27,2364,334,1264,296,1100,281,5631,356,670,185,4961,330
2019-2023,Georgia,Monroe County,0500000US13207,28919,0,10423,297,1165,318,540,233,625,225,9258,407,82863,9286,13,207,13313,534,943,407,628,284,11742,665,11246,682,891,399,1445,364,29,88,37,53,0,27,135,171,0,27,77,59,15,27,373,168,8,14,740,243,248,143,492,212,9683,387,917,269,8766,465
2019-2023,Georgia,Montgomery County,0500000US13209,8675,0,3021,130,487,117,251,84,236,73,2534,141,51188,9605,13,209,3446,179,297,114,238,119,2911,209,2944,183,232,97,228,73,57,36,0,20,0,20,21,19,6,8,51,40,2,3,202,80,0,20,493,123,211,86,282,93,2528,181,276,90,2252,167
2019-2023,Georgia,Morgan County,0500000US13211,20614,0,7793,236,740,183,366,122,374,135,7053,264,85692,9069,13,211,9585,418,396,173,275,169,8914,444,7844,438,355,173,774,259,20,23,84,80,0,27,127,92,4,7,69,70,0,27,687,203,17,27,977,202,206,102,771,180,6816,280,534,178,6282,274
2019-2023,Georgia,Murray County,0500000US13213,40282,0,15258,251,1958,347,1183,247,775,205,13300,407,67880,3447,13,213,18824,636,999,300,725,252,17100,750,16071,752,698,239,1510,395,149,121,115,127,0,30,66,63,11,15,178,158,27,39,884,235,114,91,1713,314,857,237,856,212,13545,387,1101,267,12444,438
2019-2023,Georgia,Muscogee County,0500000US13215,204383,0,80600,1286,14967,842,7315,699,7652,640,65633,1375,56622,1512,13,215,86748,1483,7089,1187,6720,938,72939,2016,67280,1691,4417,650,7804,859,1107,320,601,523,174,404,805,336,200,270,2044,468,521,308,8214,831,670,241,13336,942,6756,643,6580,736,67264,1363,8211,684,59053,1347
2019-2023,Georgia,Newton County,0500000US13217,115530,0,40531,463,4626,761,2870,615,1756,369,35905,871,73732,2507,13,217,53747,1406,3188,763,3312,762,47247,1401,41139,1604,2107,569,4758,825,351,195,398,243,0,34,360,206,127,119,1223,363,241,132,5869,863,362,273,5574,670,1823,493,3751,509,34957,830,2803,565,32154,960
2019-2023,Georgia,Oconee County,0500000US13219,42788,0,14721,311,931,290,497,164,434,250,13790,418,115925,10206,13,219,20537,726,591,228,312,138,19634,729,15302,725,382,192,1264,266,182,116,0,30,0,30,98,66,20,29,245,196,0,30,3628,670,7,10,388,118,116,53,272,110,14333,308,815,289,13518,414
2019-2023,Georgia,Oglethorpe County,0500000US13221,15221,0,5242,205,679,171,301,124,378,144,4563,221,69784,6738,13,221,7060,335,303,179,423,182,6334,399,5922,405,289,180,548,175,10,14,0,23,0,23,36,37,0,23,88,81,0,23,466,157,4,6,560,156,248,106,312,116,4682,248,431,160,4251,244
2019-2023,Georgia,Paulding County,0500000US13223,174292,0,58608,631,3831,598,2198,515,1633,371,54777,855,94557,4154,13,223,84462,1778,1896,382,3087,632,79479,1953,63959,1825,1437,339,7227,1007,183,130,288,347,21,34,264,144,49,77,569,253,19,31,12155,1210,187,138,5396,693,1286,396,4110,623,53212,891,2545,441,50667,946
2019-2023,Georgia,Peach County,0500000US13225,28269,0,10284,337,1613,294,876,238,737,244,8671,406,68365,6950,13,225,12061,645,973,305,684,258,10404,730,9424,653,717,247,1087,246,63,74,78,78,43,46,108,77,74,69,157,118,18,29,1207,296,58,79,1648,312,503,167,1145,293,8636,401,1110,253,7526,418
2019-2023,Georgia,Pickens County,0500000US13227,34197,0,13054,377,1512,280,872,241,640,210,11542,435,75293,5469,13,227,15750,644,1037,284,848,292,13865,772,11521,823,540,178,1534,330,362,226,0,30,0,30,78,59,0,30,94,71,15,25,2523,530,120,115,1347,268,606,185,741,230,11707,460,906,260,10801,476
2019-2023,Georgia,Pierce County,0500000US13229,19996,0,7496,220,946,210,422,154,524,166,6550,308,56691,3788,13,229,8606,444,239,132,858,279,7509,521,7261,507,206,125,1053,314,16,27,12,22,0,23,88,89,12,20,29,37,0,23,163,85,5,8,979,197,462,125,517,158,6517,310,484,203,6033,330
2019-2023,Georgia,Pike County,0500000US13231,19540,0,6505,150,673,163,357,120,316,108,5832,205,84184,6177,13,231,8681,439,334,158,322,120,8025,478,7068,390,289,144,632,193,45,36,37,49,0,23,298,194,0,23,136,84,0,23,510,157,0,23,299,99,132,73,167,63,6206,174,541,149,5665,211
2019-2023,Georgia,Polk County,0500000US13233,43365,0,15588,376,3162,533,1957,425,1205,301,12426,594,55308,3992,13,233,17560,722,1525,399,867,332,15168,855,14475,845,1132,294,1667,428,337,267,86,102,7,14,194,140,37,31,295,175,0,30,843,290,12,15,2838,402,1523,389,1315,268,12750,517,1639,386,11111,627
2019-2023,Georgia,Pulaski County,0500000US13235,9893,0,3284,313,693,200,343,109,350,158,2591,281,47688,7718,13,235,3352,498,138,121,425,179,2789,487,2957,514,119,118,256,120,2,4,1,4,0,20,31,41,0,20,0,20,0,20,107,75,17,30,462,130,138,66,324,127,2822,333,555,178,2267,295
2019-2023,Georgia,Putnam County,0500000US13237,22524,0,10134,410,1554,317,889,280,665,191,8580,472,64163,11404,13,237,9453,553,702,310,656,249,8095,601,7644,597,559,245,731,337,121,132,4,7,4,7,25,23,0,27,55,98,11,18,994,326,7,9,1348,422,567,240,781,284,8786,563,987,303,7799,534
2019-2023,Georgia,Quitman County,0500000US13239,2092,0,935,149,198,86,44,44,154,86,737,138,36838,10679,13,239,485,131,0,14,50,55,435,138,416,137,0,14,53,49,0,14,0,14,0,14,0,14,0,14,0,14,0,14,16,20,0,14,246,101,116,78,130,68,689,146,82,50,607,142
2019-2023,Georgia,Rabun County,0500000US13241,17107,0,7113,367,974,223,397,153,577,159,6139,371,61466,4538,13,241,7090,406,696,224,528,169,5866,485,4995,388,470,172,740,207,44,39,46,71,0,23,218,110,73,73,57,43,9,14,1034,245,100,77,574,144,233,106,341,116,6539,369,741,203,5798,350
2019-2023,Georgia,Randolph County,0500000US13243,6270,0,2644,257,794,283,300,193,494,214,1850,272,25425,6977,13,243,2309,412,110,102,458,226,1741,445,1735,422,95,100,368,215,5,9,10,20,10,20,48,63,0,20,0,20,0,20,148,100,0,20,1094,249,632,276,462,214,1550,206,162,99,1388,213
2019-2023,Georgia,Richmond County,0500000US13245,206040,0,75023,1142,15189,1014,7683,777,7506,798,59834,1401,53197,2385,13,245,87391,1841,8244,888,6488,963,72659,2135,68339,1803,5574,852,6234,794,612,238,659,227,214,116,997,298,327,150,4123,786,932,350,7039,1013,585,276,15781,922,7833,724,7948,815,59242,1165,7356,827,51886,1300
2019-2023,Georgia,Rockdale County,0500000US13247,94293,0,33959,369,3373,513,1914,453,1459,362,30586,580,72349,3269,13,247,44116,1062,2089,584,4062,685,37965,1309,32983,1425,1436,409,4114,667,126,159,142,117,2,4,428,239,0,34,1131,376,105,83,5318,746,420,248,4125,608,1077,319,3048,523,29834,687,2296,455,27538,760
2019-2023,Georgia,Schley County,0500000US13249,4539,0,1627,124,297,108,119,53,178,101,1330,118,59647,8057,13,249,1911,212,60,46,193,104,1658,230,1587,207,43,35,158,112,8,15,0,14,0,14,4,6,0,14,3,7,0,14,159,85,9,13,272,90,141,74,131,60,1355,134,156,83,1199,121
2019-2023,Georgia,Screven County,0500000US13251,14057,0,4763,227,860,162,344,105,516,132,3903,230,53017,7304,13,251,5512,327,227,107,349,152,4936,346,4533,355,214,107,521,153,3,5,39,58,0,23,88,86,10,15,36,33,0,23,295,121,0,23,684,139,382,115,302,85,4079,248,478,130,3601,230
2019-2023,Georgia,Seminole County,0500000US13253,9117,0,3672,204,877,211,320,128,557,179,2795,241,49559,5713,13,253,3430,332,101,67,326,122,3003,359,2918,327,58,52,352,118,43,38,0,20,0,20,63,51,0,20,71,65,0,20,26,24,0,20,783,176,382,144,401,148,2889,206,495,158,2394,230
2019-2023,Georgia,Spalding County,0500000US13255,68215,0,26535,397,4707,580,2326,400,2381,458,21828,666,60217,4634,13,255,28782,913,2161,481,2047,410,24574,1150,23484,1025,1819,407,2668,604,122,96,57,71,3,5,151,97,48,63,298,142,87,101,2124,414,82,77,4987,569,2646,413,2341,386,21548,690,2061,408,19487,693
2019-2023,Georgia,Stephens County,0500000US13257,26842,0,10276,294,1567,289,514,182,1053,240,8709,362,52264,6008,13,257,11017,542,808,227,835,289,9374,655,9475,590,648,205,679,200,90,80,0,27,0,27,103,72,31,38,102,89,0,27,658,171,39,34,1560,277,611,168,949,238,8716,388,956,251,7760,432
2019-2023,Georgia,Stewart County,0500000US13259,4978,0,1756,181,533,153,233,121,300,127,1223,180,35000,9838,13,259,1394,240,89,67,207,146,1098,237,1234,231,89,67,143,94,0,14,0,14,0,14,6,11,0,14,0,14,0,14,11,14,0,14,590,168,323,139,267,141,1166,194,210,98,956,182
2019-2023,Georgia,Sumter County,0500000US13261,29174,0,10848,348,2351,330,1160,290,1191,260,8497,376,41877,1831,13,261,12107,682,1278,371,1295,252,9534,675,9234,641,785,326,1381,387,198,150,0,27,0,27,122,86,64,66,460,265,61,89,910,253,170,106,2512,377,1109,281,1403,296,8336,490,1242,248,7094,450
2019-2023,Georgia,Talbot County,0500000US13263,5753,0,2532,110,511,108,272,75,239,84,2021,120,45098,10270,13,263,2321,201,258,82,203,109,1860,256,1802,198,167,66,290,91,73,42,0,20,0,20,8,11,0,20,74,44,0,20,147,79,18,21,499,129,259,85,240,87,2033,140,252,77,1781,155
2019-2023,Georgia,Taliaferro County,0500000US13265,1740,0,644,101,155,84,97,81,58,28,489,79,48036,9843,13,265,692,160,54,78,90,78,548,107,540,153,54,78,56,66,0,14,0,14,0,14,8,12,0,14,2,5,0,14,86,62,0,14,169,90,112,82,57,46,475,81,43,23,432,77
2019-2023,Georgia,Tattnall County,0500000US13267,24215,0,7551,302,1673,269,816,193,857,206,5878,312,52351,3672,13,267,8330,419,713,194,947,294,6670,451,6356,444,572,164,1034,284,70,63,46,49,0,27,253,112,7,13,417,148,64,52,224,112,0,27,1459,261,849,214,610,216,6092,337,824,212,5268,327
2019-2023,Georgia,Taylor County,0500000US13269,7786,0,3061,190,902,191,367,125,535,167,2159,225,41743,6797,13,269,2814,324,266,165,376,148,2172,302,2313,284,126,62,296,169,103,139,36,56,0,20,6,10,0,20,24,29,0,20,139,82,37,66,896,159,518,144,378,110,2165,170,384,131,1781,190
2019-2023,Georgia,Telfair County,0500000US13271,12174,0,3123,233,798,178,414,125,384,136,2325,241,44948,11332,13,271,3212,392,388,171,260,129,2564,387,2863,358,366,160,172,82,9,18,0,23,0,23,0,23,0,23,12,17,0,23,165,75,13,15,800,180,449,154,351,100,2323,214,349,110,1974,212
2019-2023,Georgia,Terrell County,0500000US13273,8941,0,3355,190,978,189,585,168,393,146,2377,240,43812,8921,13,273,3044,286,352,138,160,82,2532,289,2183,279,146,93,435,140,151,119,0,20,0,20,52,44,32,38,51,49,2,4,323,125,21,31,1037,201,644,175,393,156,2318,248,334,131,1984,259
2019-2023,Georgia,Thomas County,0500000US13275,45696,0,18369,352,3139,476,1619,344,1520,349,15230,479,60140,3368,13,275,20475,617,1690,403,1320,283,17465,702,15984,580,1149,320,2808,362,339,136,82,86,51,81,107,64,16,19,112,71,17,29,1382,351,118,84,3707,438,1566,325,2141,341,14662,464,1573,357,13089,516
2019-2023,Georgia,Tift County,0500000US13277,41322,0,15541,326,2916,373,1681,354,1235,246,12625,455,53165,5994,13,277,16810,648,1502,397,1535,413,13773,857,13755,727,1153,350,1832,426,281,153,12,11,0,30,198,141,8,9,217,121,37,43,796,229,23,45,2873,360,1314,269,1559,327,12668,434,1602,289,11066,448
2019-2023,Georgia,Toombs County,0500000US13279,26943,0,10127,375,2021,378,994,261,1027,291,8106,454,54130,5464,13,279,10826,561,1150,359,939,329,8737,656,8444,591,768,299,1420,375,214,148,50,62,6,18,385,189,130,114,30,31,0,27,497,160,32,34,2079,332,1040,261,1039,225,8048,433,981,250,7067,472
2019-2023,Georgia,Towns County,0500000US13281,12739,0,5819,294,766,202,334,142,432,156,5053,314,58400,4054,13,281,4191,310,412,168,351,111,3428,317,3063,275,290,152,550,162,82,73,0,23,0,23,64,37,0,23,83,67,40,56,431,119,0,23,458,138,258,109,200,93,5361,300,508,181,4853,303
2019-2023,Georgia,Treutlen County,0500000US13283,6387,0,2307,193,577,168,211,85,366,140,1730,206,43750,11870,13,283,2372,276,198,103,203,97,1971,265,1984,261,155,91,319,140,37,35,5,34,0,20,0,20,0,20,0,20,0,20,64,48,6,14,607,147,305,110,302,112,1700,218,272,134,1428,218
2019-2023,Georgia,Troup County,0500000US13285,69821,0,26222,538,4949,615,2472,496,2477,469,21273,764,54905,2898,13,285,30571,882,2641,542,2325,511,25605,1061,24186,1090,2070,485,3280,609,303,173,29,43,0,34,550,333,13,21,487,251,126,107,2039,378,129,119,5313,565,2444,481,2869,469,20909,787,2505,496,18404,747
2019-2023,Georgia,Turner County,0500000US13287,8915,0,3298,220,762,184,345,125,417,142,2536,277,39565,5198,13,287,3347,328,258,115,379,148,2710,341,2476,302,229,107,468,147,22,27,15,30,0,20,31,40,0,20,54,45,7,15,303,132,0,20,1059,202,508,170,551,173,2239,246,254,121,1985,241
2019-2023,Georgia,Twiggs County,0500000US13289,7869,0,2849,214,548,148,273,121,275,103,2301,184,55439,10730,13,289,2727,238,188,97,137,65,2402,236,2213,256,153,90,237,97,19,32,0,20,0,20,24,24,16,21,22,26,0,20,231,119,0,20,652,135,242,94,410,110,2197,199,306,129,1891,173
2019-2023,Georgia,Union County,0500000US13291,25598,0,11012,341,1171,278,557,226,614,164,9841,405,65697,6045,13,291,9392,424,566,240,640,203,8186,553,7513,455,503,229,776,319,7,13,50,52,17,30,46,39,10,19,75,60,14,24,932,196,15,26,811,215,425,194,386,161,10201,402,746,185,9455,418
2019-2023,Georgia,Upson County,0500000US13293,27856,0,10377,345,2512,412,1076,266,1436,322,7865,416,50904,6611,13,293,11358,508,1165,310,655,189,9538,557,9715,587,950,298,830,264,151,100,4,10,0,27,332,149,20,40,137,96,23,32,340,146,21,36,2469,422,1567,355,902,262,7908,401,945,294,6963,420
2019-2023,Georgia,Walker County,0500000US13295,68449,0,26181,587,3762,573,1734,374,2028,435,22419,726,55887,2998,13,295,30048,924,1936,516,1217,331,26895,1116,23389,1199,1304,379,3156,588,516,285,11,17,0,34,198,135,92,114,213,111,0,34,3081,858,24,34,3062,497,1437,371,1625,402,23119,759,2325,431,20794,734
2019-2023,Georgia,Walton County,0500000US13297,100361,0,34951,454,3574,570,2199,418,1375,391,31377,634,82381,3471,13,297,46868,1115,2641,466,2497,539,41730,1216,35637,1185,2191,444,4351,482,95,80,227,122,0,34,258,151,34,53,719,286,78,79,5676,717,243,153,4062,520,1529,319,2533,456,30889,701,2045,429,28844,675
2019-2023,Georgia,Ware County,0500000US13299,35958,0,12866,394,3185,448,1458,330,1727,360,9681,574,44833,3756,13,299,13110,766,1063,306,1489,410,10558,881,11209,791,864,276,1027,293,96,67,11,16,0,30,41,46,41,46,179,142,11,24,643,193,51,49,2462,374,1546,324,916,257,10404,489,1639,348,8765,547
2019-2023,Georgia,Warren County,0500000US13301,5175,0,1999,143,484,137,267,105,217,83,1515,169,46776,8710,13,301,1944,182,123,65,97,59,1724,177,1653,220,79,52,159,102,1,5,3,6,0,20,21,28,0,20,84,55,29,35,24,26,14,23,515,127,318,113,197,73,1484,162,166,83,1318,173
2019-2023,Georgia,Washington County,0500000US13303,19893,0,7272,262,1380,240,582,128,798,211,5892,285,44009,6287,13,303,7508,391,572,204,814,265,6122,433,6193,388,361,158,844,229,134,92,18,18,6,4,26,31,3,6,125,75,53,58,302,126,15,17,1961,291,1000,224,961,198,5311,335,380,125,4931,317
2019-2023,Georgia,Wayne County,0500000US13305,30519,0,11045,343,2214,394,1344,304,870,248,8831,419,49562,5317,13,305,11307,600,936,253,1434,362,8937,711,8573,581,702,211,1762,341,152,117,110,112,14,21,100,84,0,30,240,120,32,35,522,225,36,52,2116,348,984,255,1132,273,8929,409,1230,321,7699,431
2019-2023,Georgia,Webster County,0500000US13307,2348,0,849,137,201,91,118,58,83,53,648,131,40764,17678,13,307,1046,176,116,67,66,58,864,188,903,164,116,67,92,68,0,14,10,17,0,14,12,19,0,14,0,14,0,14,29,29,0,14,227,88,153,86,74,40,622,153,48,41,574,139
2019-2023,Georgia,Wheeler County,0500000US13309,7434,0,1545,159,478,132,164,88,314,115,1067,172,45262,9824,13,309,2791,372,252,144,177,155,2362,380,2509,382,241,143,37,28,11,14,0,20,0,20,15,22,0,20,30,27,0,20,200,198,0,20,319,104,161,77,158,78,1226,156,317,114,909,163
2019-2023,Georgia,White County,0500000US13311,28454,0,10422,384,1316,329,682,186,634,251,9106,388,69747,6430,13,311,12551,477,951,288,413,181,11187,526,9913,686,788,246,864,275,85,96,2,4,0,27,126,113,0,27,242,134,43,49,1404,316,35,39,987,262,480,175,507,176,9435,358,836,278,8599,349
2019-2023,Georgia,Whitfield County,0500000US13313,103118,0,36101,506,4629,607,2597,468,2032,368,31472,699,64262,3995,13,313,46989,1078,2500,475,3521,675,40968,1307,38899,1275,1667,347,5165,735,489,251,34,44,33,44,215,140,80,115,563,171,100,73,2113,365,131,81,3771,512,1340,323,2431,416,32330,653,3289,544,29041,762
2019-2023,Georgia,Wilcox County,0500000US13315,8784,0,2504,154,593,133,285,81,308,115,1911,156,48036,8801,13,315,2776,161,245,99,289,121,2242,205,2241,209,125,49,187,66,29,30,17,17,0,20,20,32,17,32,129,102,70,56,182,96,4,10,513,90,282,76,231,68,1991,155,311,113,1680,167
2019-2023,Georgia,Wilkes County,0500000US13317,9553,0,4108,186,805,188,317,131,488,161,3303,250,52542,4703,13,317,3792,350,238,128,454,142,3100,334,3093,333,153,80,395,171,65,77,10,18,0,20,59,42,20,26,27,40,0,20,208,99,0,20,711,176,348,156,363,128,3397,227,457,135,2940,248
2019-2023,Georgia,Wilkinson County,0500000US13319,8795,0,3347,164,741,139,314,101,427,117,2606,193,46673,6138,13,319,3450,211,254,98,262,120,2934,256,2896,215,206,90,339,115,3,7,5,6,5,6,49,43,21,35,8,9,0,20,153,62,19,30,530,111,283,105,247,72,2817,158,458,114,2359,189
2019-2023,Georgia,Worth County,0500000US13321,20575,0,7876,253,1427,257,773,203,654,166,6449,306,57201,4385,13,321,8444,466,644,224,655,191,7145,489,6930,514,524,212,622,191,70,60,55,62,0,27,128,109,0,27,277,120,43,55,432,150,7,14,1565,243,737,176,828,200,6311,320,690,195,5621,330
2019-2023,Hawaii,Hawaii County,0500000US15001,203684,0,72958,1042,11249,813,5211,587,6038,658,61709,1239,77215,2280,15,001,86102,1773,5990,897,4252,621,75860,1664,59093,2026,3941,748,13703,1021,1064,304,685,263,33,32,1494,330,273,105,1771,455,152,125,9356,820,527,262,13089,959,4943,583,8146,746,59869,1429,6306,691,53563,1374
2019-2023,Hawaii,Honolulu County,0500000US15003,1003666,0,337061,1356,30669,1182,14032,830,16637,866,306392,1671,104264,1357,15,003,481505,3076,17310,1208,16919,1196,447276,3389,312931,3519,9286,865,66763,1913,2435,458,25956,1150,2294,408,17818,845,1129,209,17061,1085,1032,256,40976,1527,1134,224,33816,1309,11806,825,22010,979,303245,1743,18863,1078,284382,1840
2019-2023,Hawaii,Kalawao County,0500000US15005,43,0,22,16,0,12,0,12,0,12,22,16,86250,58780,15,005,30,18,8,14,1,9,21,17,14,14,0,12,0,12,0,12,10,14,8,14,5,6,0,12,0,12,0,12,1,9,0,12,0,12,0,12,0,12,22,16,0,12,22,16
2019-2023,Hawaii,Kauai County,0500000US15007,73610,0,23465,519,2298,335,1073,239,1225,295,21167,512,93612,4932,15,007,34071,884,1456,343,1347,291,31268,989,25298,1015,1160,309,4481,485,31,38,334,145,44,53,898,217,73,62,374,136,36,32,2686,361,112,103,2789,380,663,170,2126,332,20676,582,1635,304,19041,563
2019-2023,Hawaii,Maui County,0500000US15009,164632,0,55485,683,5469,565,2613,454,2856,342,50016,891,95076,3077,15,009,78900,1381,3293,465,3409,529,72198,1425,56513,1423,2277,368,10029,949,357,156,1025,321,196,159,1829,386,58,56,2121,363,170,120,7383,686,235,104,5261,487,1810,330,3451,401,50224,818,3659,550,46565,954
2019-2023,Idaho,Ada County,0500000US16001,508052,0,196700,879,16436,823,7194,681,9242,606,180264,1094,88907,1710,16,001,256597,2161,12485,1068,10800,1102,233312,2722,181777,2851,8962,950,18562,1390,1032,249,1061,327,68,69,5305,774,693,231,7108,839,508,205,42784,1754,1222,236,10113,933,3887,571,6226,752,186587,1292,12549,812,174038,1310
2019-2023,Idaho,Adams County,0500000US16003,4599,0,1752,91,270,79,134,65,136,60,1482,118,59286,4144,16,003,1723,126,126,66,116,80,1481,127,1210,117,99,63,193,65,18,17,0,12,0,12,51,32,0,12,5,7,0,12,264,98,9,19,48,29,8,11,40,26,1704,88,262,78,1442,116
2019-2023,Idaho,Bannock County,0500000US16005,88457,0,33340,351,4354,416,1599,270,2755,346,28986,511,64080,2470,16,005,39072,821,2860,422,3644,543,32568,991,29496,954,2072,333,3581,400,425,193,443,121,9,17,827,224,182,95,668,181,61,54,4057,449,111,54,4826,533,2064,377,2762,395,28514,561,2290,308,26224,564
2019-2023,Idaho,Bear Lake County,0500000US16007,6552,0,2308,159,260,77,92,40,168,69,2048,143,67304,6987,16,007,2719,139,145,86,218,85,2356,166,2088,150,61,40,319,101,79,63,0,17,0,17,47,34,3,5,27,21,2,5,238,69,0,17,117,52,38,35,79,40,2191,158,222,75,1969,143
2019-2023,Idaho,Benewah County,0500000US16009,9913,0,3978,118,655,130,294,95,361,129,3323,161,56553,3912,16,009,4001,254,365,124,222,83,3414,297,3090,215,321,128,424,88,25,18,61,45,8,8,92,36,2,5,54,31,0,17,280,100,9,10,427,117,267,97,160,64,3551,168,388,110,3163,163
2019-2023,Idaho,Bingham County,0500000US16011,48993,0,16009,271,1704,295,895,224,809,194,14305,388,76842,4355,16,011,21686,705,1241,331,1451,352,18994,862,17019,719,904,258,2642,399,223,163,297,102,0,26,331,119,39,46,110,70,6,11,1287,219,69,60,1588,238,683,163,905,194,14421,325,1021,225,13400,410
2019-2023,Idaho,Blaine County,0500000US16013,24579,0,9822,530,594,243,320,203,274,156,9228,540,84470,4129,16,013,13067,548,388,227,667,303,12012,662,9272,850,236,150,912,353,2,3,137,88,0,23,426,199,18,43,577,246,21,38,1743,402,111,121,440,252,86,82,354,238,9382,504,508,219,8874,496
2019-2023,Idaho,Boise County,0500000US16015,8045,0,3524,238,222,68,102,51,120,44,3302,228,77349,5571,16,015,3469,237,153,73,132,63,3184,242,2289,187,130,67,275,105,9,14,0,17,0,17,281,108,2,3,7,10,7,10,617,168,5,7,225,92,75,38,150,90,3299,225,147,56,3152,217
2019-2023,Idaho,Bonner County,0500000US16017,49456,0,19599,499,2201,393,990,264,1211,269,17398,563,65168,3290,16,017,19860,622,730,244,1289,269,17841,705,14328,621,484,201,1601,347,64,62,202,108,0,26,565,158,51,55,852,299,4,6,2312,408,127,85,1361,281,604,222,757,153,18238,536,1597,323,16641,568
2019-2023,Idaho,Bonneville County,0500000US16019,127056,0,43378,432,4251,520,1917,334,2334,394,39127,681,76646,2611,16,019,57168,1038,3004,416,4215,526,49949,1027,42676,1359,2293,359,6044,659,463,164,1279,241,0,29,800,240,80,66,1108,295,42,40,5261,533,126,76,4028,485,1437,247,2591,468,39350,664,2814,470,36536,746
2019-2023,Idaho,Boundary County,0500000US16021,12695,0,4835,234,901,242,557,185,344,151,3934,289,62438,9951,16,021,4775,280,497,179,280,112,3998,360,3551,308,348,140,537,168,14,27,0,19,0,19,232,117,55,59,49,65,28,54,406,149,52,46,601,203,333,155,268,111,4234,260,568,206,3666,285
2019-2023,Idaho,Butte County,0500000US16023,2654,0,1017,124,179,61,111,43,68,42,838,117,43281,12416,16,023,1015,147,104,50,107,57,804,135,679,133,61,38,122,57,22,22,6,7,0,12,57,30,21,24,14,17,0,12,137,71,0,12,107,40,75,37,32,21,910,119,104,45,806,115
2019-2023,Idaho,Camas County,0500000US16025,1155,0,339,70,38,26,5,8,33,25,301,63,55536,23112,16,025,410,111,17,16,13,11,380,112,304,103,17,16,37,27,0,12,0,12,0,12,8,8,0,12,2,4,0,12,59,32,0,12,1,3,0,12,1,3,338,70,38,26,300,63
2019-2023,Idaho,Canyon County,0500000US16027,242405,0,82864,487,8005,744,4447,495,3558,482,74859,897,72355,1595,16,027,111762,1804,5664,684,7075,809,99023,2059,83118,2105,3848,576,11996,1051,956,312,245,147,150,103,1407,294,124,110,1855,392,186,128,13141,1155,400,164,8047,631,2941,494,5106,444,74817,792,5064,650,69753,1003
2019-2023,Idaho,Caribou County,0500000US16029,7118,0,2430,122,232,80,123,50,109,60,2198,132,66653,6495,16,029,3293,196,171,72,128,64,2994,237,2614,233,140,66,388,108,21,24,5,9,0,17,85,54,3,5,38,25,0,17,163,53,7,12,189,77,91,46,98,57,2241,134,141,68,2100,137
2019-2023,Idaho,Cassia County,0500000US16031,25165,0,8238,217,953,229,423,140,530,171,7285,282,67042,3083,16,031,11590,305,662,193,906,281,10022,424,9417,375,509,175,906,227,106,71,21,23,1,3,145,55,6,10,208,112,1,2,893,187,39,45,613,157,273,119,340,117,7625,254,680,189,6945,297
2019-2023,Idaho,Clark County,0500000US16033,776,0,252,68,21,14,12,10,9,10,231,68,52083,9440,16,033,356,96,36,18,45,23,275,98,197,71,14,13,115,62,3,10,0,12,0,12,9,14,0,12,1,3,0,12,34,21,19,19,9,8,0,12,9,8,243,69,21,14,222,69
2019-2023,Idaho,Clearwater County,0500000US16035,8921,0,3561,121,453,86,181,54,272,67,3108,121,57961,4601,16,035,3382,198,192,60,230,88,2960,210,2682,182,153,52,226,78,20,19,0,17,0,17,114,50,7,8,64,44,0,17,296,86,12,16,244,66,130,48,114,47,3317,113,323,70,2994,123
2019-2023,Idaho,Custer County,0500000US16037,4411,0,1933,164,188,88,61,33,127,76,1745,167,56957,7820,16,037,1844,293,124,87,39,48,1681,311,1045,189,64,52,209,125,44,61,17,16,0,12,75,55,16,25,35,36,0,12,463,266,0,12,82,47,39,31,43,39,1851,166,149,85,1702,166
2019-2023,Idaho,Elmore County,0500000US16039,29046,0,10848,239,1235,221,565,145,670,202,9613,255,58976,3763,16,039,12364,500,757,236,1037,290,10570,546,10475,502,513,181,1021,209,128,76,0,23,0,23,236,85,62,44,210,107,11,14,422,134,43,43,991,218,278,100,713,209,9857,298,957,216,8900,309
2019-2023,Idaho,Franklin County,0500000US16041,14715,0,4870,149,609,177,202,107,407,150,4261,202,65991,8476,16,041,6505,351,297,134,370,140,5838,394,4927,409,183,108,628,182,66,58,10,10,4,6,167,93,24,40,40,32,3,5,733,214,17,29,372,171,137,93,235,129,4498,205,472,165,4026,218
2019-2023,Idaho,Fremont County,0500000US16043,13701,0,4506,248,416,121,229,76,187,85,4090,229,72767,3778,16,043,5862,244,222,77,438,148,5202,267,4248,321,164,70,596,157,18,24,10,16,0,19,144,59,7,11,85,70,0,19,779,201,33,25,431,114,228,97,203,73,4075,227,188,78,3887,228
2019-2023,Idaho,Gem County,0500000US16045,19854,0,7406,209,866,221,372,148,494,167,6540,268,66245,4501,16,045,8671,513,437,159,419,205,7815,520,6527,496,324,112,751,255,48,45,14,20,0,19,125,87,0,19,162,103,16,28,1092,257,49,71,476,155,277,130,199,86,6930,237,589,176,6341,281
2019-2023,Idaho,Gooding County,0500000US16047,15740,0,5512,209,625,171,345,111,280,133,4887,212,62395,8402,16,047,6997,354,465,181,880,197,5652,420,5108,325,360,145,735,185,33,23,0,19,0,19,227,146,0,19,84,52,0,19,843,232,72,82,535,168,207,113,328,145,4977,232,418,122,4559,244
2019-2023,Idaho,Idaho County,0500000US16049,17120,0,6567,261,865,146,353,109,512,117,5702,295,60975,5568,16,049,6607,290,505,179,401,124,5701,355,4775,339,347,111,681,188,62,71,0,19,0,19,423,218,34,33,110,64,37,57,618,146,25,27,267,73,101,39,166,61,6300,255,764,144,5536,296
2019-2023,Idaho,Jefferson County,0500000US16051,32234,0,9899,190,1019,287,595,224,424,155,8880,310,82952,5887,16,051,14515,559,743,307,744,220,13028,742,11404,558,641,307,1382,268,27,22,354,144,0,26,220,93,20,27,93,56,0,26,1062,233,55,37,503,138,313,114,190,88,9396,206,706,251,8690,303
2019-2023,Idaho,Jerome County,0500000US16053,24788,0,8198,188,1182,281,795,237,387,129,7016,347,69338,3937,16,053,11317,472,762,279,992,254,9563,621,9451,443,652,262,1073,290,79,58,18,30,18,30,82,52,0,23,133,67,2,7,560,156,11,24,667,168,337,134,330,121,7531,227,845,219,6686,337
2019-2023,Idaho,Kootenai County,0500000US16055,177736,0,69104,735,6118,728,2847,427,3271,483,62986,1004,77034,2380,16,055,81807,1348,3921,576,5120,834,72766,1547,61027,1913,2835,503,6626,853,439,163,312,266,3,7,1300,254,122,94,1082,308,70,73,11460,1136,452,208,5002,646,1544,311,3458,642,64102,937,4574,628,59528,1070
2019-2023,Idaho,Latah County,0500000US16057,40315,0,16058,308,2753,357,734,204,2019,308,13305,402,65179,4252,16,057,17950,545,1867,334,1442,321,14641,584,12145,696,1254,279,1901,298,175,102,31,46,31,46,1745,271,239,113,404,143,46,39,1724,335,122,89,782,215,414,142,368,148,15276,398,2339,343,12937,436
2019-2023,Idaho,Lemhi County,0500000US16059,8166,0,3350,226,509,139,175,84,334,126,2841,190,52057,4016,16,059,3297,289,207,85,276,139,2814,330,2278,288,137,71,436,160,5,10,0,17,0,17,235,91,21,27,27,26,0,17,321,100,44,40,405,140,264,129,141,77,2945,218,245,80,2700,197
2019-2023,Idaho,Lewis County,0500000US16061,3649,0,1546,47,252,51,118,36,134,30,1294,71,49643,4079,16,061,1310,61,99,31,96,30,1115,67,981,68,77,29,134,50,2,3,0,12,0,12,40,20,3,4,15,8,4,6,140,30,13,10,168,37,106,32,62,22,1378,55,146,34,1232,70
2019-2023,Idaho,Lincoln County,0500000US16063,5276,0,1836,60,235,62,73,25,162,56,1601,83,66038,5408,16,063,2554,137,113,46,211,78,2230,164,1978,156,89,39,315,84,16,14,23,22,0,17,60,52,0,17,32,19,2,3,146,49,6,7,133,45,95,39,38,21,1703,69,140,49,1563,85
2019-2023,Idaho,Madison County,0500000US16065,53578,0,12778,434,3238,685,1274,345,1964,626,9540,681,58259,3671,16,065,22007,923,5494,986,2320,589,14193,992,13882,1079,3301,945,3745,696,968,431,256,145,13,16,1136,349,561,248,223,119,108,107,2765,611,543,323,1307,358,687,330,620,249,11471,544,2551,632,8920,677
2019-2023,Idaho,Minidoka County,0500000US16067,21922,0,7814,191,1203,241,607,197,596,184,6611,279,70060,5178,16,067,9855,400,632,223,566,185,8657,464,7963,447,452,183,1141,267,119,85,2,4,2,4,65,35,28,22,159,102,19,31,525,180,12,17,904,184,485,150,419,146,6910,246,718,202,6192,289
2019-2023,Idaho,Nez Perce County,0500000US16069,42477,0,17250,275,2191,349,968,242,1223,278,15059,396,71466,3866,16,069,19387,774,1393,263,1025,264,16969,784,15919,656,1214,241,1464,310,66,55,42,51,0,26,414,131,82,67,135,85,15,27,1413,284,16,16,1250,236,654,203,596,168,16000,354,1537,305,14463,392
2019-2023,Idaho,Oneida County,0500000US16071,4681,0,1932,58,250,77,135,63,115,57,1682,87,72563,7865,16,071,2251,161,101,65,113,84,2037,158,1727,153,90,62,217,83,11,17,0,12,0,12,31,26,0,12,0,12,0,12,276,107,0,12,119,61,52,34,67,51,1813,82,198,67,1615,99
2019-2023,Idaho,Owyhee County,0500000US16073,12284,0,4248,139,524,111,236,88,288,81,3724,163,59773,4440,16,073,5078,240,388,147,482,166,4208,339,3896,306,311,125,422,163,34,32,36,46,0,19,180,82,7,13,88,66,0,19,456,126,36,41,465,95,179,66,286,88,3783,159,345,99,3438,172
2019-2023,Idaho,Payette County,0500000US16075,26190,0,9481,197,981,227,489,163,492,156,8500,272,65723,4252,16,075,10950,432,486,174,1212,415,9252,560,9439,559,376,160,649,194,42,45,0,23,0,23,190,98,56,66,123,85,0,23,549,198,12,17,1317,294,394,149,923,280,8164,356,587,172,7577,339
2019-2023,Idaho,Power County,0500000US16077,8018,0,2708,121,274,132,136,74,138,106,2434,180,59760,9719,16,077,3575,243,287,150,515,185,2773,228,2615,282,107,80,355,158,96,98,0,17,0,17,264,113,19,29,76,90,0,17,265,86,65,56,247,96,67,57,180,82,2461,152,207,114,2254,200
2019-2023,Idaho,Shoshone County,0500000US16079,13580,0,5679,216,881,159,312,98,569,134,4798,234,49975,3558,16,079,5557,326,283,88,509,147,4765,309,4399,331,193,65,465,124,48,47,42,41,0,19,255,121,37,35,58,32,0,19,338,129,5,9,666,130,388,101,278,84,5013,244,493,128,4520,232
2019-2023,Idaho,Teton County,0500000US16081,12101,0,4573,285,415,144,187,121,228,111,4158,319,90740,10826,16,081,6714,337,506,211,314,117,5894,394,4702,350,346,158,685,231,132,115,97,65,0,19,187,99,26,34,74,41,2,4,969,227,0,19,112,62,59,46,53,41,4461,289,356,143,4105,317
2019-2023,Idaho,Twin Falls County,0500000US16083,92121,0,33912,378,3567,512,1881,391,1686,330,30345,539,65338,3390,16,083,42449,917,2591,470,3428,566,36430,1112,33855,994,1851,381,4208,572,383,158,40,37,0,29,376,159,89,100,479,146,109,96,3491,508,159,98,3612,529,1361,320,2251,454,30300,653,2206,378,28094,728
2019-2023,Idaho,Valley County,0500000US16085,12136,0,3778,362,524,182,168,126,356,156,3254,371,76125,9127,16,085,4949,573,515,234,467,221,3967,582,3201,594,417,263,83,63,2,2,24,29,10,15,362,294,0,19,109,92,61,94,1170,458,25,30,96,79,45,46,51,56,3682,368,479,184,3203,375
2019-2023,Idaho,Washington County,0500000US16087,10866,0,4089,148,662,142,316,120,346,119,3427,185,53608,4217,16,087,3845,295,270,106,532,148,3043,335,2812,284,114,55,451,90,78,53,20,25,0,19,189,82,66,69,120,75,9,16,253,75,3,3,435,133,248,112,187,65,3654,193,414,109,3240,186
2019-2023,Illinois,Adams County,0500000US17001,65166,0,27770,374,3452,397,1335,289,2117,316,24318,534,64962,2634,17,001,32292,698,1716,365,1521,260,29055,808,26064,762,1185,338,2692,377,197,111,177,73,29,34,750,241,101,76,455,152,109,76,2154,352,95,61,3304,404,1625,313,1679,299,24466,526,1827,335,22639,590
2019-2023,Illinois,Alexander County,0500000US17003,5042,0,1826,109,448,88,137,63,311,70,1378,111,43523,10035,17,003,1695,135,100,51,112,52,1483,140,1448,134,77,49,126,63,13,13,0,17,0,17,15,15,5,9,46,37,5,8,60,50,0,17,520,96,281,82,239,67,1306,110,167,53,1139,94
2019-2023,Illinois,Bond County,0500000US17005,16627,0,6256,169,740,175,417,136,323,125,5516,257,61603,5186,17,005,7017,323,530,199,390,123,6097,467,5653,393,405,152,300,135,19,27,3,7,0,19,378,147,83,109,112,80,19,16,571,168,4,6,858,159,261,110,597,187,5398,210,479,133,4919,236
2019-2023,Illinois,Boone County,0500000US17007,53316,0,19155,322,2051,396,1056,277,995,257,17104,448,81638,4449,17,007,24916,809,1163,359,1206,383,22547,1006,19190,1096,1006,338,2825,656,78,68,118,120,0,29,229,123,10,18,205,125,6,13,2349,488,63,57,2581,399,1090,291,1491,334,16574,476,961,266,15613,529
2019-2023,Illinois,Brown County,0500000US17009,6320,0,2021,103,233,73,63,38,170,69,1788,111,72288,6017,17,009,2201,146,97,61,172,73,1932,144,1829,163,91,56,167,82,0,17,3,4,0,17,42,40,6,13,13,13,0,17,147,72,0,17,251,90,134,60,117,67,1770,92,99,61,1671,104
2019-2023,Illinois,Bureau County,0500000US17011,33027,0,14011,268,1825,211,797,164,1028,156,12186,327,65894,2958,17,011,15670,335,987,175,1081,222,13602,420,12761,402,735,134,1520,246,165,92,29,36,0,26,413,106,68,54,259,117,18,15,688,158,1,2,1936,253,902,142,1034,190,12075,307,923,151,11152,341
2019-2023,Illinois,Calhoun County,0500000US17013,4406,0,1222,84,85,30,51,22,34,18,1137,82,92095,7054,17,013,1828,163,23,17,34,47,1771,167,1382,144,17,13,124,47,6,10,0,12,0,12,1,3,0,12,14,13,0,12,307,149,0,12,96,31,56,25,40,18,1126,82,29,16,1097,83
2019-2023,Illinois,Carroll County,0500000US17015,15621,0,6478,240,770,164,313,101,457,133,5708,239,60871,3145,17,015,6594,264,484,129,357,105,5753,284,5338,306,363,101,497,131,60,31,58,42,14,22,234,120,0,19,49,32,0,19,418,106,47,55,817,168,341,103,476,131,5661,247,429,138,5232,234
2019-2023,Illinois,Cass County,0500000US17017,12826,0,5135,149,654,150,289,91,365,121,4481,197,64907,6467,17,017,5533,228,312,126,372,121,4849,278,4393,221,140,57,690,163,131,105,0,19,0,19,64,35,32,31,65,55,9,14,321,102,0,19,682,125,256,89,426,111,4453,177,398,127,4055,212
2019-2023,Illinois,Champaign County,0500000US17019,206098,0,83777,1023,15932,923,3367,514,12565,913,67845,1045,63091,1587,17,019,95232,1467,9986,955,6053,700,79193,1720,64074,1648,4726,690,7676,781,395,166,3549,673,1155,352,5392,690,2221,517,2285,558,222,117,12256,1045,1267,390,8037,579,3425,442,4612,473,75740,1123,12507,843,63233,1069
2019-2023,Illinois,Christian County,0500000US17021,33684,0,13534,259,1797,279,633,209,1164,217,11737,368,59253,3611,17,021,14644,655,866,241,1053,281,12725,673,12344,645,721,218,1212,284,69,56,0,26,0,26,107,52,48,36,64,42,0,26,917,185,28,36,2088,290,927,234,1161,226,11446,407,870,171,10576,436
2019-2023,Illinois,Clark County,0500000US17023,15328,0,6597,216,680,165,353,118,327,123,5917,247,70625,5883,17,023,6850,266,443,170,555,162,5852,349,5626,349,360,172,691,204,38,49,21,27,0,19,81,62,45,40,58,52,0,19,373,133,0,19,808,163,306,112,502,142,5789,263,374,122,5415,256
2019-2023,Illinois,Clay County,0500000US17025,13173,0,5431,207,794,180,364,111,430,132,4637,217,57266,7107,17,025,5543,297,518,164,307,114,4718,338,4746,322,335,113,393,152,114,100,18,28,0,19,45,36,25,30,4,7,0,19,337,125,44,56,926,198,440,146,486,165,4505,277,354,120,4151,246
2019-2023,Illinois,Clinton County,0500000US17027,36899,0,14463,225,1216,195,549,170,667,120,13247,249,82314,4058,17,027,17904,446,524,154,949,289,16431,554,14166,456,299,119,1166,275,30,24,86,65,7,12,426,164,95,89,79,45,23,27,1981,320,70,52,1192,248,504,139,688,215,13271,290,712,124,12559,320
2019-2023,Illinois,Coles County,0500000US17029,46689,0,20335,394,3597,474,1333,274,2264,403,16738,544,56040,3322,17,029,20889,650,2440,481,1645,378,16804,810,16704,847,1416,330,2033,395,375,225,3,4,0,26,509,177,291,162,471,213,236,185,1169,267,122,111,3496,456,1622,293,1874,329,16839,575,1975,380,14864,610
2019-2023,Illinois,Cook County,0500000US17031,5185812,0,2084578,3951,282066,4052,118183,2748,163883,3603,1802512,5680,81797,639,17,031,2528169,8172,131066,3551,124438,3916,2272665,9210,1425393,9428,64447,2271,196626,4171,12070,1206,328610,5529,26837,1707,95130,3352,9095,1003,66093,2630,4634,668,416317,5821,13983,1233,317064,4356,132690,3301,184374,3829,1767514,5962,149376,3418,1618138,6201
2019-2023,Illinois,Crawford County,0500000US17033,18588,0,7411,223,1042,186,367,105,675,164,6369,238,67614,5199,17,033,7980,289,380,100,453,142,7147,326,6897,293,339,92,435,138,9,11,26,19,0,19,212,82,15,18,50,39,0,19,360,139,17,27,1094,196,485,117,609,159,6317,263,557,152,5760,272
2019-2023,Illinois,Cumberland County,0500000US17035,10378,0,4180,134,399,114,154,76,245,77,3781,143,69826,6971,17,035,5283,255,164,74,146,64,4973,281,4373,277,136,70,302,97,13,18,0,19,0,19,209,99,2,4,6,7,0,19,393,94,13,18,342,92,179,70,163,60,3838,149,220,83,3618,146
2019-2023,Illinois,DeKalb County,0500000US17037,100512,0,39314,414,7047,848,2587,530,4460,687,32267,804,69022,2476,17,037,49550,1073,5144,810,2643,579,41763,1413,38292,1334,3435,593,4960,933,1066,566,346,141,46,47,1332,345,317,232,813,273,47,50,3807,448,233,137,5925,703,3112,554,2813,430,33389,742,3935,661,29454,850
2019-2023,Illinois,De Witt County,0500000US17039,15461,0,6642,150,692,178,195,76,497,154,5950,219,64802,7326,17,039,7347,292,309,145,324,129,6714,333,6206,299,162,89,381,138,53,44,29,32,12,19,145,89,48,60,30,29,0,19,556,131,34,42,758,182,297,112,461,141,5884,203,395,141,5489,239
2019-2023,Illinois,Douglas County,0500000US17041,19686,0,7821,151,776,161,343,121,433,124,7045,204,74186,2322,17,041,9479,258,479,147,559,137,8441,315,7036,314,321,127,962,192,73,51,0,19,0,19,400,121,39,38,633,165,16,22,448,106,30,25,830,136,330,95,500,108,6991,164,446,123,6545,201
2019-2023,Illinois,DuPage County,0500000US17043,927263,0,349497,1096,23765,1366,11122,857,12643,912,325732,1649,110502,1420,17,043,474574,2812,13996,1131,12936,1169,447642,3153,316165,3672,8787,806,32184,1563,2082,510,21445,1011,450,250,5682,540,460,209,6631,651,735,255,92467,2675,1482,246,25442,1196,7206,725,18236,1190,324055,1588,16559,1112,307496,1935
2019-2023,Illinois,Edgar County,0500000US17045,16637,0,7612,188,952,183,400,125,552,167,6660,238,56909,4609,17,045,7348,295,284,99,543,181,6521,343,6253,345,250,100,509,208,11,12,43,41,4,6,145,85,1,3,49,28,10,15,349,139,8,10,1450,235,509,127,941,226,6162,288,443,134,5719,295
2019-2023,Illinois,Edwards County,0500000US17047,6118,0,2653,101,519,101,178,61,341,85,2134,118,59386,4322,17,047,2685,157,260,79,172,61,2253,185,2043,162,186,71,329,92,18,20,10,12,0,17,124,51,37,27,48,36,0,17,131,62,19,26,482,98,336,85,146,46,2171,123,183,69,1988,124
2019-2023,Illinois,Effingham County,0500000US17049,34505,0,14030,285,1376,219,673,180,703,126,12654,302,75380,4362,17,049,16910,583,710,160,710,170,15490,641,13452,525,532,141,1075,182,105,66,51,39,10,11,360,139,1,3,132,61,29,35,1840,382,33,31,1860,283,730,162,1130,226,12170,362,646,138,11524,353
2019-2023,Illinois,Fayette County,0500000US17051,21380,0,7832,188,1158,219,559,165,599,140,6674,250,57113,4152,17,051,8877,418,675,199,617,186,7585,496,7220,462,446,155,799,262,130,105,24,22,5,10,163,59,6,8,77,43,10,10,594,142,78,60,992,152,508,120,484,99,6840,196,650,165,6190,246
2019-2023,Illinois,Ford County,0500000US17053,13396,0,5728,142,926,174,278,89,648,163,4802,208,60782,5766,17,053,6115,263,278,99,423,158,5414,291,4739,298,167,71,612,137,33,27,0,19,0,19,166,79,47,45,60,47,27,38,538,138,4,5,1005,164,508,134,497,151,4723,191,418,120,4305,201
2019-2023,Illinois,Franklin County,0500000US17055,37541,0,16130,355,2951,309,1231,237,1720,226,13179,391,53471,3500,17,055,15548,480,1067,201,1298,254,13183,562,12454,474,768,180,1496,295,123,64,117,72,2,3,240,101,78,68,183,105,30,31,1058,206,66,45,3818,371,1844,260,1974,291,12312,455,1107,217,11205,465
2019-2023,Illinois,Fulton County,0500000US17057,33259,0,13902,240,1849,210,805,184,1044,177,12053,302,58617,2360,17,057,14091,410,870,183,1285,277,11936,479,11600,424,769,175,1257,227,34,24,11,6,2,3,344,125,20,19,179,74,10,9,700,134,35,28,2235,279,1055,213,1180,176,11667,353,794,179,10873,329
2019-2023,Illinois,Gallatin County,0500000US17059,4857,0,2096,99,400,81,135,43,265,76,1696,103,54626,5865,17,059,2091,140,83,38,127,68,1881,141,1888,126,69,36,160,67,12,15,0,12,0,12,2,3,0,12,23,23,2,4,18,14,0,12,457,86,236,59,221,56,1639,120,164,59,1475,113
2019-2023,Illinois,Greene County,0500000US17061,11837,0,4514,128,598,121,282,76,316,104,3916,153,60976,2756,17,061,5274,232,312,93,315,136,4647,265,4105,248,266,91,654,190,15,16,13,18,6,11,55,31,23,25,36,29,0,19,411,143,2,4,678,101,298,86,380,70,3836,147,300,100,3536,157
2019-2023,Illinois,Grundy County,0500000US17063,52920,0,20518,199,1401,296,656,182,745,227,19117,332,93060,4776,17,063,26610,599,949,262,1232,281,24429,771,22292,742,759,227,1178,286,89,96,148,100,23,38,204,91,29,47,214,90,7,7,2574,532,42,45,1893,275,629,184,1264,252,18625,336,772,226,17853,394
2019-2023,Illinois,Hamilton County,0500000US17065,7972,0,3350,152,405,119,192,108,213,83,2945,196,61520,7883,17,065,3346,211,174,90,302,118,2870,255,2889,231,155,89,229,98,8,14,13,20,11,19,87,71,0,17,15,19,0,17,113,64,0,17,506,138,215,100,291,105,2844,162,190,81,2654,194
2019-2023,Illinois,Hancock County,0500000US17067,17434,0,7515,179,942,132,557,117,385,85,6573,214,65044,3235,17,067,7996,232,471,119,465,107,7060,270,6633,245,344,105,453,131,63,42,17,16,0,19,207,58,51,42,51,26,2,3,635,142,11,11,930,120,489,102,441,86,6585,205,453,82,6132,217
2019-2023,Illinois,Hardin County,0500000US17069,3623,0,1484,118,244,92,48,26,196,89,1240,130,57155,9459,17,069,1201,118,37,23,95,50,1069,125,1018,124,16,16,124,58,6,10,18,18,11,15,21,19,1,3,3,4,3,4,17,23,0,12,266,87,148,82,118,46,1218,127,96,45,1122,132
2019-2023,Illinois,Henderson County,0500000US17071,6284,0,2662,129,281,82,185,67,96,36,2381,106,65651,4272,17,071,2687,155,177,56,104,37,2406,161,2336,149,153,58,155,53,20,17,13,19,0,17,23,13,4,6,12,18,0,17,148,57,0,17,277,69,152,63,125,40,2385,111,129,58,2256,109
2019-2023,Illinois,Henry County,0500000US17073,48948,0,20261,317,1906,294,664,189,1242,261,18355,388,69912,3045,17,073,23345,482,758,171,1025,234,21562,546,19144,547,503,154,1580,248,131,84,20,23,0,26,624,206,30,32,217,95,17,26,1760,291,77,53,2420,374,1057,267,1363,232,17841,422,849,186,16992,416
2019-2023,Illinois,Iroquois County,0500000US17075,26746,0,11333,210,1611,194,661,128,950,162,9722,256,62439,3418,17,075,12042,340,689,158,772,172,10581,351,9768,363,488,126,926,211,134,88,33,29,18,27,258,65,7,9,192,69,14,15,865,185,28,18,1636,199,762,132,874,136,9697,242,849,154,8848,261
2019-2023,Illinois,Jackson County,0500000US17077,52706,0,23088,418,5273,445,1353,267,3920,389,17815,552,45572,3777,17,077,21833,718,3083,411,2791,484,15959,759,16067,735,1716,303,1993,334,383,163,243,141,94,88,1185,278,586,205,436,129,69,67,1909,378,235,116,4209,458,2153,316,2056,338,18879,608,3120,373,15759,596
2019-2023,Illinois,Jasper County,0500000US17079,9233,0,3766,144,385,133,143,70,242,106,3381,191,71094,6014,17,079,4623,243,144,91,148,84,4331,246,3922,264,120,87,270,101,6,14,32,36,0,17,21,16,0,17,57,41,1,3,321,95,17,17,424,139,209,104,215,97,3342,157,176,80,3166,173
2019-2023,Illinois,Jefferson County,0500000US17081,36808,0,14805,280,2097,237,1104,178,993,177,12708,307,61102,2397,17,081,15739,519,891,150,1001,145,13847,555,12955,504,706,141,1615,265,96,55,40,35,0,26,166,71,44,44,204,69,11,15,759,138,34,24,2585,273,1208,193,1377,191,12220,363,889,159,11331,359
2019-2023,Illinois,Jersey County,0500000US17083,21336,0,7984,274,898,254,340,171,558,180,7086,355,79104,7390,17,083,9528,440,336,168,299,122,8893,526,7410,566,300,162,729,371,3,6,27,40,0,23,212,118,4,7,71,64,29,49,1079,236,0,23,949,212,417,181,532,169,7035,341,481,178,6554,349
2019-2023,Illinois,Jo Daviess County,0500000US17085,21918,0,10385,261,846,163,336,108,510,129,9539,283,74954,5135,17,085,10851,388,504,171,599,155,9748,430,8289,437,409,142,698,168,32,22,50,76,0,23,446,164,20,16,66,30,5,7,1302,259,38,51,733,148,333,114,400,87,9652,292,513,134,9139,294
2019-2023,Illinois,Johnson County,0500000US17087,13350,0,4133,194,613,137,346,96,267,86,3520,198,65203,5953,17,087,4537,272,311,104,169,63,4057,254,3908,250,281,100,309,121,21,19,1,4,0,19,15,11,1,3,56,32,3,6,248,96,5,7,538,100,307,94,231,49,3595,199,306,115,3289,193
2019-2023,Illinois,Kane County,0500000US17089,516097,0,183196,744,15046,974,8095,733,6951,833,168150,1096,100678,1879,17,089,262371,2674,10476,914,9982,986,241913,2855,188782,2677,7467,829,23413,1545,1260,286,4442,532,153,117,3288,525,268,143,4753,590,383,186,37693,1546,945,285,19728,1143,6693,736,13035,1013,163468,1172,8353,832,155115,1392
2019-2023,Illinois,Kankakee County,0500000US17091,106833,0,40895,380,5016,471,2268,344,2748,377,35879,554,68325,2842,17,091,48127,971,2261,315,2807,552,43059,1165,38313,955,1289,223,3760,408,499,149,555,187,65,58,1190,251,148,85,894,202,112,80,3415,448,148,91,6805,521,2657,325,4148,464,34090,603,2359,343,31731,650
2019-2023,Illinois,Kendall County,0500000US17093,135053,0,44526,376,1967,491,1326,414,641,223,42559,576,110474,3926,17,093,70500,1282,1348,442,1465,411,67687,1312,54597,1636,840,339,4796,636,163,135,732,240,1,16,276,145,44,61,542,243,8,13,9557,1060,292,221,3618,674,734,334,2884,583,40908,752,1233,333,39675,772
2019-2023,Illinois,Knox County,0500000US17095,49294,0,20765,425,3566,420,1211,247,2355,332,17199,516,53291,3809,17,095,19862,671,1698,310,1438,262,16726,788,16351,726,1152,266,1797,267,178,119,112,73,56,55,430,130,214,119,150,57,39,37,1022,173,59,59,3557,378,1823,304,1734,237,17208,448,1743,277,15465,521
2019-2023,Illinois,Lake County,0500000US17097,711885,0,256660,936,21287,1312,9987,858,11300,1044,235373,1431,108917,1556,17,097,350935,2559,13406,1026,10997,936,326532,2781,243286,2795,8542,822,29774,1711,2211,416,9949,1078,389,181,3215,482,248,94,5319,613,326,258,59392,1872,1690,479,22694,1112,7933,989,14761,856,233966,1384,13354,885,220612,1503
2019-2023,Illinois,LaSalle County,0500000US17099,109049,0,45092,501,5863,504,2911,346,2952,361,39229,724,72281,2245,17,099,50696,944,3343,440,2005,336,45348,1083,42605,966,2484,429,4136,556,375,151,65,37,16,24,875,233,155,76,704,170,170,87,2311,309,143,63,6488,560,3305,409,3183,356,38604,696,2558,366,36046,767
2019-2023,Illinois,Lawrence County,0500000US17101,15137,0,5414,181,687,157,324,110,363,91,4727,201,53438,5743,17,101,5909,356,266,87,379,166,5264,423,4784,366,202,74,509,188,21,23,28,35,0,19,205,124,0,19,28,25,0,19,355,111,43,35,823,143,379,102,444,115,4591,202,308,108,4283,219
2019-2023,Illinois,Lee County,0500000US17103,34058,0,13382,267,1819,283,609,173,1210,256,11563,412,68459,3601,17,103,15060,599,834,235,641,177,13585,594,12599,661,592,201,1195,250,136,80,114,81,25,40,178,69,11,13,183,78,21,29,791,187,49,53,2087,320,1047,213,1040,222,11295,392,772,214,10523,453
2019-2023,Illinois,Livingston County,0500000US17105,35659,0,14614,277,1498,200,705,142,793,179,13116,314,70796,3681,17,105,16244,489,749,154,924,187,14571,538,13120,590,509,127,1156,225,94,65,26,28,7,17,485,199,55,61,348,123,32,34,1109,245,52,40,2116,218,848,170,1268,179,12498,339,650,154,11848,320
2019-2023,Illinois,Logan County,0500000US17107,27870,0,11122,175,1568,232,783,204,785,119,9554,250,64188,3133,17,107,11943,316,949,221,505,141,10489,404,9527,394,670,222,1148,243,118,83,37,38,3,18,283,88,91,47,93,55,35,40,855,152,32,25,1946,280,875,195,1071,187,9176,277,693,149,8483,281
2019-2023,Illinois,McDonough County,0500000US17109,27102,0,11760,335,2614,317,660,172,1954,310,9146,341,50434,3371,17,109,12046,501,1695,340,920,243,9431,608,9401,502,1293,321,1177,217,154,85,59,44,45,44,412,120,107,82,207,99,83,80,790,211,13,16,1656,278,900,209,756,183,10104,378,1714,264,8390,364
2019-2023,Illinois,McHenry County,0500000US17111,311366,0,116329,509,7332,740,3463,569,3869,487,108997,769,102836,2073,17,111,163365,1513,4932,900,4699,603,153734,1743,122427,1905,3335,709,11558,1001,757,270,2278,304,74,87,1622,394,75,51,1467,281,100,84,24013,1086,591,214,7953,807,2656,497,5297,668,108376,912,4676,538,103700,924
2019-2023,Illinois,McLean County,0500000US17113,170882,0,69072,571,10088,867,2677,429,7411,732,58984,896,78329,2870,17,113,81596,1378,5392,760,4504,556,71700,1191,59366,1242,3838,656,5913,678,281,104,587,173,138,94,1942,418,752,233,820,205,102,49,12968,788,281,123,6755,594,3213,413,3542,422,62317,747,6875,733,55442,919
2019-2023,Illinois,Macon County,0500000US17115,102591,0,43334,542,6315,526,2440,331,3875,432,37019,642,62449,2164,17,115,42768,1033,2257,336,2413,443,38098,1082,35399,1115,1255,241,2775,471,364,175,362,119,93,54,553,268,132,93,458,156,65,60,3221,445,348,164,8299,619,3787,472,4512,536,35035,701,2528,311,32507,694
2019-2023,Illinois,Macoupin County,0500000US17117,44566,0,17431,376,2432,295,1239,198,1193,215,14999,391,68518,4261,17,117,19366,608,1088,238,821,187,17457,593,16348,634,964,223,931,200,86,59,38,30,0,26,406,175,1,3,163,73,3,4,1480,270,34,23,2509,344,1195,235,1314,278,14922,457,1237,215,13685,451
2019-2023,Illinois,Madison County,0500000US17119,264631,0,109385,836,12474,881,5288,561,7186,655,96911,1137,74800,1798,17,119,126843,1620,6556,680,6344,693,113943,1836,101876,1696,5051,588,8056,795,510,165,949,290,152,94,1054,308,189,179,1000,267,114,85,13908,930,540,254,14753,974,6264,642,8489,746,94632,1192,6210,636,88422,1252
2019-2023,Illinois,Marion County,0500000US17121,37294,0,15465,258,2403,270,1043,171,1360,215,13062,325,60839,2138,17,121,16057,566,1284,194,961,170,13812,593,13281,535,940,165,1560,247,212,84,30,19,8,6,225,92,38,44,146,61,32,30,815,187,54,39,3032,291,1524,225,1508,185,12433,363,879,166,11554,352
2019-2023,Illinois,Marshall County,0500000US17123,11715,0,4964,153,618,99,271,64,347,70,4346,135,69818,3581,17,123,5037,182,321,56,225,63,4491,174,4394,210,267,59,227,60,20,16,0,19,0,19,60,39,22,30,65,35,6,8,291,63,6,6,601,104,281,73,320,76,4363,141,337,76,4026,144
2019-2023,Illinois,Mason County,0500000US17125,12878,0,5714,158,757,135,347,96,410,115,4957,180,62127,2635,17,125,5556,239,300,85,241,104,5015,240,4520,278,266,82,392,125,16,19,10,9,0,19,81,41,13,17,96,41,0,19,457,139,5,7,823,130,428,108,395,79,4891,198,329,119,4562,193
2019-2023,Illinois,Massac County,0500000US17127,13958,0,5482,278,820,156,332,96,488,116,4662,278,62584,5759,17,127,5924,329,459,164,411,143,5054,386,5084,345,317,135,429,203,46,48,4,8,4,8,43,35,0,19,27,27,5,8,337,142,87,98,892,178,372,108,520,126,4590,290,448,100,4142,295
2019-2023,Illinois,Menard County,0500000US17129,12169,0,5195,120,572,129,234,75,338,111,4623,153,81334,4930,17,129,5687,233,200,73,296,94,5191,238,4713,247,154,67,356,126,20,28,0,19,0,19,144,70,17,19,12,12,9,11,462,120,0,19,714,126,383,109,331,89,4481,156,189,79,4292,155
2019-2023,Illinois,Mercer County,0500000US17131,15619,0,6413,217,621,140,250,89,371,113,5792,229,71710,3328,17,131,7262,276,276,109,400,150,6586,297,5914,261,200,85,578,116,42,32,10,18,0,19,158,73,0,19,37,23,4,7,565,145,30,38,621,136,287,93,334,103,5792,237,334,89,5458,246
2019-2023,Illinois,Monroe County,0500000US17133,34969,0,13830,276,777,206,359,153,418,136,13053,319,101635,5124,17,133,18699,497,280,125,387,163,18032,542,15159,482,245,113,929,245,21,35,1,7,0,26,223,107,0,26,216,170,0,26,2171,341,14,21,703,184,383,150,320,131,13127,309,394,140,12733,329
2019-2023,Illinois,Montgomery County,0500000US17135,28078,0,11265,247,1899,320,551,123,1348,304,9366,310,61863,4570,17,135,11196,437,645,192,628,166,9923,476,9021,533,556,186,631,158,44,28,2,5,0,23,388,194,3,5,134,90,9,15,1020,254,33,27,1984,239,908,197,1076,172,9281,287,991,263,8290,307
2019-2023,Illinois,Morgan County,0500000US17137,32621,0,13125,278,1576,225,536,131,1040,214,11549,349,65175,3868,17,137,14078,517,1070,356,859,231,12149,646,11610,470,855,341,835,231,69,51,158,74,44,39,182,85,40,42,63,39,2,3,1230,246,60,41,2088,248,959,195,1129,197,11037,354,617,129,10420,353
2019-2023,Illinois,Moultrie County,0500000US17139,14469,0,5822,149,527,130,322,111,205,70,5295,163,71676,9709,17,139,6512,271,213,87,299,86,6000,296,4889,323,147,69,652,176,9,15,34,34,0,19,276,110,44,54,333,132,0,19,328,120,13,19,622,132,337,124,285,86,5200,180,190,65,5010,171
2019-2023,Illinois,Ogle County,0500000US17141,51536,0,20695,320,2012,316,799,175,1213,230,18683,373,79244,3185,17,141,24220,596,920,220,1233,298,22067,674,19725,649,635,184,1939,287,132,78,139,96,0,29,380,138,84,62,297,139,0,29,1740,277,69,64,2213,345,748,171,1465,316,18482,475,1264,279,17218,459
2019-2023,Illinois,Peoria County,0500000US17143,179831,0,77074,686,12185,696,4428,538,7757,536,64889,745,64938,1963,17,143,79584,1168,6027,613,5048,660,68509,1455,62133,1318,4304,550,6667,680,759,249,906,221,214,91,1311,269,244,111,754,206,112,71,7813,751,394,141,13614,869,6486,609,7128,651,63460,918,5699,508,57761,935
2019-2023,Illinois,Perry County,0500000US17145,20810,0,7994,234,1180,237,654,149,526,161,6814,304,59286,4702,17,145,7893,389,741,188,427,147,6725,417,6931,378,578,157,404,120,104,78,39,42,8,10,89,56,35,45,133,84,10,15,297,135,6,9,1556,264,759,200,797,240,6438,312,421,145,6017,330
2019-2023,Illinois,Piatt County,0500000US17147,16702,0,6851,154,505,125,220,82,285,96,6346,193,87516,7301,17,147,8369,281,240,81,375,118,7754,311,7119,315,186,80,484,127,10,12,23,21,7,11,125,49,5,7,43,26,19,19,575,155,13,14,417,120,177,74,240,103,6434,177,328,100,6106,198
2019-2023,Illinois,Pike County,0500000US17149,14625,0,5815,175,890,135,380,111,510,95,4925,172,58029,3923,17,149,6358,258,394,88,438,120,5526,306,5206,278,295,79,550,134,58,33,12,13,6,9,102,54,8,14,48,31,4,6,440,103,23,21,854,130,419,96,435,94,4961,190,471,105,4490,190
2019-2023,Illinois,Pope County,0500000US17151,3757,0,1364,117,196,63,66,37,130,47,1168,123,62500,5568,17,151,1339,123,28,19,13,15,1298,124,1102,128,15,17,114,57,13,11,0,12,0,12,0,12,0,12,9,11,0,12,114,58,0,12,133,43,71,33,62,31,1231,112,125,53,1106,120
2019-2023,Illinois,Pulaski County,0500000US17153,5074,0,1862,126,414,80,161,50,253,67,1448,125,43227,4675,17,153,1684,147,156,74,139,70,1389,165,1341,176,140,69,186,103,8,9,5,9,0,17,20,20,0,17,22,16,7,7,110,55,1,2,388,82,223,65,165,61,1474,130,191,53,1283,121
2019-2023,Illinois,Putnam County,0500000US17155,5600,0,2473,146,233,56,95,37,138,43,2240,127,77526,6560,17,155,2654,137,138,59,63,30,2453,139,2329,145,111,59,125,37,4,6,2,4,0,17,12,8,0,17,32,22,0,17,154,62,23,15,179,49,95,34,84,34,2294,131,138,46,2156,116
2019-2023,Illinois,Randolph County,0500000US17157,30142,0,11671,582,1362,250,642,184,720,176,10309,500,68870,5384,17,157,12403,472,634,221,717,206,11052,477,10417,539,463,167,1054,232,91,56,1,3,0,26,229,129,62,97,112,92,4,6,590,153,14,16,1314,209,602,143,712,153,10357,497,760,188,9597,454
2019-2023,Illinois,Richland County,0500000US17159,15675,0,6401,221,775,121,223,67,552,110,5626,219,60404,6022,17,159,7402,337,414,129,438,132,6550,385,6022,383,267,104,640,155,54,35,0,19,0,19,155,77,10,17,99,42,32,34,486,157,51,40,974,158,447,99,527,123,5427,247,328,90,5099,236
2019-2023,Illinois,Rock Island County,0500000US17161,142995,0,61192,566,8902,653,4081,469,4821,484,52290,747,66768,2195,17,161,63708,990,4877,557,3731,505,55100,1115,50922,1242,3227,428,5324,649,616,230,970,269,196,117,1649,379,440,181,730,186,126,83,4113,520,272,137,9914,703,4819,457,5095,552,51278,856,4083,529,47195,805
2019-2023,Illinois,St. Clair County,0500000US17163,254777,0,101273,966,13266,1062,6073,765,7193,693,88007,1320,70178,2013,17,163,117866,1857,7475,995,5931,696,104460,2161,91042,2227,5022,727,9081,797,1219,464,2245,470,226,120,1612,368,277,133,1317,381,230,136,12569,999,501,218,16565,993,7028,775,9537,728,84708,1153,6238,715,78470,1314
2019-2023,Illinois,Saline County,0500000US17165,23387,0,10032,268,1788,283,826,194,962,195,8244,312,54945,3306,17,165,9381,469,706,198,613,144,8062,493,7876,371,607,181,762,201,45,44,66,60,0,23,200,105,12,17,47,35,6,11,430,174,36,32,2533,330,1342,264,1191,228,7499,335,446,133,7053,317
2019-2023,Illinois,Sangamon County,0500000US17167,195217,0,84290,807,11024,804,4076,501,6948,663,73266,1065,74114,1576,17,167,90382,1277,4857,558,4119,464,81406,1422,70875,1469,2853,468,5310,556,662,264,957,257,169,99,1145,252,202,112,1233,395,184,102,10862,897,787,186,12325,771,6078,608,6247,609,71965,986,4946,650,67019,971
2019-2023,Illinois,Schuyler County,0500000US17169,6826,0,2732,165,263,95,146,65,117,67,2469,180,66059,4909,17,169,2803,215,231,132,108,66,2464,253,2335,174,142,93,180,96,17,20,0,17,0,17,110,82,66,68,42,37,0,17,136,75,6,8,257,98,137,79,120,60,2475,165,126,57,2349,176
2019-2023,Illinois,Scott County,0500000US17171,4847,0,2032,71,219,57,112,40,107,40,1813,88,73013,6494,17,171,2216,88,94,44,126,45,1996,105,1835,116,74,37,139,46,15,16,6,8,0,12,16,14,0,12,9,8,1,2,211,82,4,6,314,65,127,38,187,59,1718,84,92,44,1626,88
2019-2023,Illinois,Shelby County,0500000US17173,20867,0,8795,251,974,218,378,91,596,203,7821,298,68457,3654,17,173,9875,329,523,164,600,156,8752,399,8265,366,290,112,647,163,27,19,24,30,3,5,205,81,55,60,161,113,112,108,573,166,36,45,1065,202,324,105,741,160,7730,301,650,192,7080,334
2019-2023,Illinois,Stark County,0500000US17175,5324,0,2289,82,288,64,142,57,146,50,2001,99,62284,6723,17,175,2365,95,175,58,114,53,2076,117,1898,108,162,56,177,48,1,2,7,8,0,17,85,41,0,17,38,24,0,17,160,51,12,11,256,56,143,49,113,34,2033,95,145,52,1888,98
2019-2023,Illinois,Stephenson County,0500000US17177,44042,0,19469,280,2564,344,1075,232,1489,261,16905,426,61943,3064,17,177,20269,561,1114,232,1506,307,17649,604,15644,573,762,198,1633,311,64,48,146,75,66,49,527,166,69,53,248,108,12,18,2071,360,141,89,3292,411,1502,307,1790,350,16177,456,1062,239,15115,476
2019-2023,Illinois,Tazewell County,0500000US17179,130555,0,53812,510,5092,527,1949,345,3143,366,48720,704,76704,1776,17,179,61476,989,2372,371,2989,411,56115,1088,49619,1173,1769,316,4146,517,276,157,274,158,88,55,860,284,94,77,646,190,112,85,5931,628,33,29,5468,550,2394,359,3074,404,48344,763,2698,407,45646,775
2019-2023,Illinois,Union County,0500000US17181,16972,0,6914,238,1250,225,528,159,722,169,5664,298,56420,4692,17,181,6679,363,527,187,400,112,5752,374,5614,340,301,126,480,137,102,86,0,19,0,19,76,46,3,5,133,94,53,67,376,128,68,92,1253,217,634,165,619,165,5661,287,616,155,5045,278
2019-2023,Illinois,Vermilion County,0500000US17183,73179,0,30185,395,5017,409,2138,280,2879,346,25168,533,54537,1470,17,183,29751,789,2189,342,1936,292,25626,828,24239,834,1588,285,2255,415,192,105,178,129,110,114,661,236,74,45,175,83,67,49,2243,292,158,94,5800,436,2750,333,3050,358,24385,592,2267,298,22118,608
2019-2023,Illinois,Wabash County,0500000US17185,11199,0,4784,173,682,158,266,83,416,123,4102,188,53650,4395,17,185,4791,248,412,107,256,142,4123,307,3911,292,330,108,505,163,30,22,1,5,1,5,152,82,21,22,65,43,25,22,157,81,5,8,943,192,395,115,548,161,3841,224,287,111,3554,221
2019-2023,Illinois,Warren County,0500000US17187,16576,0,6722,199,828,180,329,135,499,142,5894,235,64650,6493,17,187,7285,312,312,118,305,115,6668,299,6170,326,175,95,502,151,46,38,30,29,27,31,175,72,28,33,82,72,10,15,326,110,26,28,939,167,370,114,569,142,5783,228,458,130,5325,228
2019-2023,Illinois,Washington County,0500000US17189,13682,0,5722,172,481,96,169,61,312,84,5241,169,75652,4315,17,189,6658,229,215,65,341,107,6102,249,5502,249,195,58,464,124,7,13,7,11,0,19,157,64,1,3,91,66,3,5,437,112,9,11,582,122,198,60,384,107,5140,188,283,84,4857,189
2019-2023,Illinois,Wayne County,0500000US17191,15994,0,6853,178,944,164,475,119,469,121,5909,219,53107,4114,17,191,6910,189,501,127,540,131,5869,268,5642,263,314,103,634,140,62,41,25,23,6,8,76,45,17,16,48,27,5,8,485,152,97,57,934,168,454,127,480,122,5919,236,490,100,5429,251
2019-2023,Illinois,White County,0500000US17193,13708,0,5669,201,1066,201,462,120,604,169,4603,237,53097,4680,17,193,5657,268,393,158,589,189,4675,343,4579,304,274,114,545,149,20,22,29,23,0,19,113,72,17,18,101,55,34,37,290,105,48,56,1083,197,630,163,453,125,4586,234,436,138,4150,232
2019-2023,Illinois,Whiteside County,0500000US17195,55192,0,23215,304,2906,366,1173,243,1733,264,20309,447,64536,4377,17,195,25816,584,1236,247,1211,214,23369,611,20818,688,918,214,2497,386,228,111,71,53,2,4,890,281,52,42,266,131,13,19,1274,210,23,23,3082,423,1347,280,1735,294,20133,502,1559,289,18574,553
2019-2023,Illinois,Will County,0500000US17197,698450,0,241310,875,17468,955,9333,740,8135,756,223842,1347,107799,1286,17,197,352592,2520,10101,930,10986,966,331505,2577,262025,2891,7549,752,27201,1591,1010,252,8569,631,185,85,2620,424,367,219,5415,742,406,180,46762,1816,584,214,23044,1216,7334,612,15710,1006,218266,1505,10134,720,208132,1642
2019-2023,Illinois,Williamson County,0500000US17199,66902,0,28774,420,4053,496,1845,316,2208,351,24721,614,65521,3734,17,199,29516,736,2115,389,1520,265,25881,819,24055,803,1590,278,2252,435,198,111,90,66,34,48,235,84,30,28,341,183,38,51,2543,401,225,156,4688,539,2258,378,2430,377,24086,585,1795,318,22291,657
2019-2023,Illinois,Winnebago County,0500000US17201,283289,0,115449,800,17550,1060,8390,801,9160,795,97899,1079,64363,1542,17,201,125785,1560,9907,910,7904,810,107974,1920,99256,1705,6874,696,12186,986,1641,359,710,174,278,101,1384,305,265,126,1760,330,289,132,10489,869,560,181,23274,1169,10592,827,12682,870,92175,1157,6958,687,85217,1236
2019-2023,Illinois,Woodford County,0500000US17203,38348,0,14704,243,1247,218,493,143,754,211,13457,304,85629,4904,17,203,18194,474,700,206,465,121,17029,485,14468,633,551,207,1383,315,87,46,20,15,3,8,256,95,45,48,85,44,0,26,1982,324,14,16,955,233,402,118,553,173,13749,319,845,204,12904,340
2019-2023,Indiana,Adams County,0500000US18001,35995,0,12345,231,1328,243,676,152,652,199,11017,282,63128,4768,18,001,15238,545,930,264,1310,364,12998,633,11379,606,479,195,2324,299,278,101,132,156,113,149,461,177,4,8,100,57,26,35,842,227,30,30,751,247,271,131,480,197,11594,307,1057,224,10537,342
2019-2023,Indiana,Allen County,0500000US18003,388791,0,154183,862,17971,1011,8930,844,9041,635,136212,1359,68839,1289,18,003,186498,1549,10483,960,11380,891,164635,1931,147702,1854,7268,748,17705,1101,1724,454,1562,362,400,144,2072,352,412,170,1961,305,148,83,15496,1026,531,152,13706,819,7192,619,6514,616,140477,1171,10779,788,129698,1483
2019-2023,Indiana,Bartholomew County,0500000US18005,82881,0,32984,461,3999,460,1884,357,2115,337,28985,563,80365,4774,18,005,40925,892,2621,468,1921,442,36383,1096,31628,1101,1809,393,3410,560,362,143,225,105,47,47,392,155,118,78,410,143,54,48,4860,553,231,195,2415,397,1304,341,1111,251,30569,576,2695,406,27874,569
2019-2023,Indiana,Benton County,0500000US18007,8708,0,3469,99,351,79,209,57,142,50,3118,120,61811,4138,18,007,3906,158,243,57,227,77,3436,172,3180,153,189,53,314,87,9,13,59,34,15,12,89,43,17,19,36,20,5,7,228,79,8,8,293,62,134,40,159,58,3176,108,217,63,2959,119
2019-2023,Indiana,Blackford County,0500000US18009,12007,0,5060,202,1069,207,386,127,683,185,3991,245,47560,4952,18,009,4680,243,408,206,399,162,3873,266,3604,312,180,90,486,133,88,56,0,20,0,20,79,54,10,17,4,5,3,5,507,200,127,159,813,201,530,159,283,109,4247,243,539,187,3708,243
2019-2023,Indiana,Boone County,0500000US18011,72827,0,27948,325,1924,413,828,247,1096,305,26024,428,104865,4208,18,011,37590,759,1031,315,1383,390,35176,962,27573,980,697,247,2177,511,90,70,12,17,0,30,249,123,19,30,557,247,81,108,7022,735,144,119,1070,279,486,183,584,213,26878,397,1438,375,25440,491
2019-2023,Indiana,Brown County,0500000US18013,15543,0,6695,268,651,176,369,142,282,115,6044,296,72644,10830,18,013,7347,383,267,153,370,166,6710,436,5586,386,200,134,603,201,34,47,0,20,0,20,146,97,3,6,44,38,7,12,968,188,23,37,407,132,268,115,139,72,6288,290,383,131,5905,292
2019-2023,Indiana,Carroll County,0500000US18015,20443,0,8024,236,743,147,256,89,487,127,7281,238,64003,4361,18,015,9906,400,246,102,465,133,9195,404,8451,417,202,93,728,173,31,28,26,25,0,24,93,57,0,24,100,75,9,15,508,174,4,7,343,102,127,66,216,76,7681,273,616,145,7065,260
2019-2023,Indiana,Cass County,0500000US18017,37703,0,14924,262,1742,261,877,194,865,195,13182,329,56525,3002,18,017,17897,609,1062,239,1331,313,15504,682,14645,596,738,188,2170,339,184,122,41,32,1,3,219,100,30,28,206,83,65,47,616,142,44,46,1424,270,639,153,785,227,13500,348,1103,237,12397,401
2019-2023,Indiana,Clark County,0500000US18019,122800,0,49184,658,4833,618,2008,362,2825,450,44351,962,72298,1970,18,019,61722,1194,2273,441,3277,561,56172,1324,48752,1420,1508,354,4852,669,508,251,175,110,45,52,613,217,95,95,667,205,73,77,6663,777,44,35,3626,490,1247,305,2379,429,45558,835,3586,576,41972,1062
2019-2023,Indiana,Clay County,0500000US18021,26431,0,10541,339,1134,220,524,166,610,145,9407,391,67676,6013,18,021,11674,479,492,168,553,193,10629,550,9501,572,340,139,1392,360,75,44,24,28,11,23,163,88,66,79,91,48,0,24,503,151,0,24,1093,273,368,144,725,230,9448,367,766,176,8682,386
2019-2023,Indiana,Clinton County,0500000US18023,32967,0,12396,226,1103,229,400,125,703,181,11293,323,63690,2966,18,023,15617,377,542,150,986,218,14089,484,12800,517,440,149,1547,319,63,38,9,14,0,27,230,93,5,10,144,64,5,11,887,209,29,42,796,193,341,130,455,136,11600,277,762,193,10838,332
2019-2023,Indiana,Crawford County,0500000US18025,10494,0,4573,207,959,195,515,128,444,126,3614,246,48993,3903,18,025,4207,286,430,180,412,149,3365,298,3102,302,277,119,686,194,31,24,11,14,0,20,49,31,0,20,40,29,9,14,319,119,113,85,577,147,343,117,234,92,3996,231,616,161,3380,260
2019-2023,Indiana,Daviess County,0500000US18027,33442,0,11568,246,1428,246,623,160,805,186,10140,328,68561,6104,18,027,14803,401,862,214,831,246,13110,481,10129,545,424,147,3087,437,210,106,14,25,13,25,491,193,69,68,279,128,42,51,803,192,104,75,1022,190,582,161,440,141,10546,299,846,210,9700,321
2019-2023,Indiana,Dearborn County,0500000US18029,50828,0,20148,239,1772,260,743,177,1029,241,18376,317,82693,5034,18,029,25129,765,784,233,853,271,23492,850,19948,905,557,213,2330,466,140,101,57,41,12,20,287,128,41,41,364,205,25,38,2143,423,9,11,1656,336,850,245,806,255,18492,380,922,171,17570,360
2019-2023,Indiana,Decatur County,0500000US18031,26411,0,10518,252,1010,238,448,173,562,173,9508,317,74228,3101,18,031,13098,416,568,221,488,160,12042,448,10426,555,376,166,987,255,54,51,0,24,0,24,373,159,27,27,137,82,46,48,1175,452,65,86,551,166,326,149,225,97,9967,288,684,201,9283,325
2019-2023,Indiana,DeKalb County,0500000US18033,43584,0,17008,238,1707,320,890,218,817,213,15301,371,70080,5327,18,033,21416,474,1072,265,861,249,19483,553,17735,614,693,209,2253,262,303,172,29,28,6,13,222,99,18,26,229,121,37,38,948,235,15,14,1016,194,485,125,531,156,15992,297,1222,282,14770,403
2019-2023,Indiana,Delaware County,0500000US18035,112109,0,46146,546,9043,675,2995,440,6048,601,37103,678,56932,2366,18,035,49587,944,6592,550,3883,498,39112,985,38862,1092,4775,515,5392,687,779,180,482,204,58,47,1195,395,662,345,622,164,157,87,3034,478,161,83,6526,552,3513,431,3013,408,39620,749,5530,630,34090,716
2019-2023,Indiana,Dubois County,0500000US18037,43563,0,17588,325,1653,290,651,214,1002,224,15935,392,71918,3016,18,037,22437,629,1019,292,1003,293,20415,781,19001,669,810,251,1809,362,135,123,0,27,0,27,307,180,5,9,232,84,0,27,1088,236,69,70,601,202,335,146,266,128,16987,346,1318,231,15669,399
2019-2023,Indiana,Elkhart County,0500000US18039,206868,0,71760,818,8644,672,4439,549,4205,550,63116,991,65617,2240,18,039,96260,1532,4618,679,6549,770,85093,1669,72422,1754,3002,538,14948,1136,751,299,260,134,24,41,1957,382,438,255,2062,316,127,69,4611,569,276,151,4922,682,2592,565,2330,411,66838,1065,6052,535,60786,1038
2019-2023,Indiana,Fayette County,0500000US18041,23390,0,9479,287,1557,248,696,190,861,191,7922,335,56659,3753,18,041,10047,408,922,260,800,189,8325,465,8284,478,571,187,998,229,184,138,13,21,0,24,212,97,131,85,68,67,0,24,472,143,36,40,1375,264,727,188,648,184,8104,341,830,186,7274,359
2019-2023,Indiana,Floyd County,0500000US18043,80512,0,31173,411,3239,375,1393,228,1846,314,27934,523,78179,3423,18,043,38978,878,1489,298,1325,316,36164,1007,30617,841,1053,241,2600,428,136,72,66,46,30,36,403,146,154,88,364,106,0,30,4928,530,116,95,2280,317,1373,228,907,211,28893,512,1866,315,27027,535
2019-2023,Indiana,Fountain County,0500000US18045,16546,0,6854,205,897,188,426,92,471,162,5957,260,62526,5934,18,045,7612,261,567,136,314,131,6731,299,6102,287,385,104,767,143,99,73,27,33,0,20,247,83,55,42,43,41,3,7,426,118,25,24,542,143,271,123,271,96,6312,240,626,154,5686,263
2019-2023,Indiana,Franklin County,0500000US18047,22929,0,9131,186,785,195,318,119,467,182,8346,252,79702,4505,18,047,11011,414,373,136,451,144,10187,483,8625,481,214,113,863,239,64,83,5,8,0,24,263,105,6,9,124,101,28,32,1131,304,61,61,422,137,216,85,206,90,8709,234,569,168,8140,262
2019-2023,Indiana,Fulton County,0500000US18049,20411,0,7927,289,936,196,503,151,433,138,6991,355,62878,4464,18,049,8620,403,581,198,464,195,7575,481,6707,414,406,166,1260,305,120,67,42,44,2,4,227,115,10,14,62,54,21,36,322,117,22,24,825,290,330,146,495,234,7102,369,606,142,6496,380
2019-2023,Indiana,Gibson County,0500000US18051,32986,0,13156,265,1223,220,567,167,656,158,11933,278,67763,4696,18,051,15463,558,866,212,917,219,13680,620,12754,521,549,169,1439,317,157,95,55,54,0,27,348,145,71,71,231,128,15,17,636,168,74,94,947,182,330,108,617,155,12209,285,893,199,11316,310
2019-2023,Indiana,Grant County,0500000US18053,66377,0,26757,422,4661,489,2415,347,2246,312,22096,559,54007,2475,18,053,26637,846,2357,372,1633,313,22647,811,21305,833,1614,318,2933,498,398,144,63,67,61,66,489,150,88,70,337,140,31,35,1510,300,165,92,3712,402,2199,392,1513,279,23045,469,2462,328,20583,520
2019-2023,Indiana,Greene County,0500000US18055,30954,0,12781,252,1652,243,895,212,757,140,11129,301,59753,4088,18,055,13537,458,728,204,950,252,11859,578,11008,491,449,144,1012,212,104,78,34,44,27,41,361,160,36,23,285,116,46,58,837,209,66,64,1424,237,796,189,628,146,11357,300,856,169,10501,310
2019-2023,Indiana,Hamilton County,0500000US18057,357176,0,133171,936,6303,704,2817,401,3486,600,126868,1116,117957,3379,18,057,188800,2451,4765,730,4111,695,179924,2611,133986,2710,3083,526,12563,1306,391,207,90,64,21,31,1564,434,63,54,1560,358,102,81,39037,1874,1105,331,3302,468,1277,309,2025,395,129869,1064,5026,656,124843,1158
2019-2023,Indiana,Hancock County,0500000US18059,82013,0,32246,296,1725,304,617,172,1108,233,30521,368,91326,3157,18,059,42671,931,759,216,1269,351,40643,1034,32351,1036,571,201,2811,612,74,76,0,30,0,30,511,292,0,30,457,177,7,10,6541,749,107,94,1271,255,223,97,1048,257,30975,382,1502,284,29473,415
2019-2023,Indiana,Harrison County,0500000US18061,39785,0,15154,366,1282,286,577,198,705,195,13872,424,72468,6412,18,061,18163,609,443,198,780,308,16940,623,14512,612,286,119,1924,344,137,135,1,3,1,3,163,102,16,15,18,18,0,27,1545,285,3,4,891,244,274,121,617,221,14263,424,1008,262,13255,473
2019-2023,Indiana,Hendricks County,0500000US18063,179379,0,65839,553,3796,584,1886,438,1910,438,62043,780,99988,2787,18,063,93235,1340,2224,548,2943,613,88068,1665,71747,1754,1599,464,7362,885,384,206,97,92,0,30,824,357,56,63,905,290,0,30,12300,986,185,103,2189,344,686,166,1503,320,63650,676,3110,549,60540,852
2019-2023,Indiana,Henry County,0500000US18065,48896,0,18460,402,2143,249,1073,208,1070,187,16317,431,60144,2924,18,065,20677,631,1320,244,965,193,18392,680,16504,604,884,203,1993,314,298,131,58,59,0,27,296,126,22,21,159,76,4,7,1667,263,112,69,1763,239,879,164,884,173,16697,418,1264,198,15433,425
2019-2023,Indiana,Howard County,0500000US18067,83610,0,35129,509,4475,499,1812,314,2663,417,30654,627,62496,2618,18,067,36132,1052,2299,389,2435,438,31398,1224,28994,1178,1681,303,3884,619,482,187,55,46,2,4,552,225,55,41,399,159,13,20,2248,328,66,54,3779,484,1939,355,1840,376,31350,656,2536,355,28814,672
2019-2023,Indiana,Huntington County,0500000US18069,36757,0,15227,248,1590,271,590,148,1000,229,13637,343,62734,3176,18,069,17262,498,909,191,1099,247,15254,497,13814,543,618,149,1865,345,129,83,13,15,11,14,328,139,27,30,163,69,20,21,1079,235,104,85,1696,282,635,169,1061,270,13531,318,955,197,12576,367
2019-2023,Indiana,Jackson County,0500000US18071,46319,0,17745,299,2042,361,921,218,1121,268,15703,501,70208,4000,18,071,22018,761,971,279,1048,262,19999,894,18260,792,770,230,1938,371,107,76,2,4,0,27,521,284,0,27,453,277,73,92,844,193,21,17,1573,336,804,218,769,251,16172,409,1238,312,14934,526
2019-2023,Indiana,Jasper County,0500000US18073,33198,0,12586,292,959,214,455,167,504,136,11627,319,79634,3462,18,073,15144,523,435,137,771,312,13938,602,12671,475,311,110,1412,329,76,58,21,27,8,19,150,96,34,53,155,119,6,9,735,207,0,27,732,176,313,112,419,148,11854,291,646,200,11208,320
2019-2023,Indiana,Jay County,0500000US18075,20281,0,7959,206,1078,198,447,117,631,156,6881,230,54114,4043,18,075,8535,337,368,115,557,142,7610,380,6579,410,254,103,920,198,39,31,41,46,0,24,193,90,12,14,183,82,43,30,619,163,20,18,722,152,372,98,350,105,7237,223,706,160,6531,241
2019-2023,Indiana,Jefferson County,0500000US18077,33074,0,12699,333,1711,304,736,239,975,263,10988,414,59987,3944,18,077,14292,651,486,181,875,324,12931,640,12223,658,363,145,984,215,37,21,0,27,0,27,216,126,11,19,155,102,0,27,714,218,75,77,1274,304,794,263,480,150,11425,447,917,212,10508,448
2019-2023,Indiana,Jennings County,0500000US18079,27584,0,10760,268,1355,240,633,190,722,187,9405,351,68476,4375,18,079,12631,517,496,191,992,301,11143,543,10464,620,320,161,1482,342,69,63,0,24,0,24,108,64,3,7,58,47,0,24,519,173,104,98,972,258,579,203,393,176,9788,378,776,191,9012,387
2019-2023,Indiana,Johnson County,0500000US18081,163983,0,61513,543,4826,766,2325,662,2501,475,56687,963,87227,2227,18,081,81749,1434,2758,599,2857,537,76134,1787,63416,1874,1824,495,5745,739,314,149,161,156,98,138,592,224,31,38,871,299,29,36,10964,1165,462,256,3697,544,1266,455,2431,467,57816,735,3560,645,54256,975
2019-2023,Indiana,Knox County,0500000US18083,36108,0,15110,319,2272,319,884,236,1388,242,12838,412,58863,4347,18,083,17124,548,1040,257,908,207,15176,642,14760,646,749,247,1398,249,154,82,60,51,19,21,399,151,44,36,191,103,64,56,316,111,10,12,1970,345,1273,292,697,239,13140,405,999,229,12141,415
2019-2023,Indiana,Kosciusko County,0500000US18085,80357,0,31747,454,3118,494,1412,251,1706,377,28629,680,73922,3409,18,085,38316,845,1663,390,1813,320,34840,1035,29758,1060,1076,289,4034,595,350,204,70,56,2,2,862,235,97,77,665,202,54,54,2927,387,84,48,1877,317,824,203,1053,249,29870,545,2294,428,27576,695
2019-2023,Indiana,LaGrange County,0500000US18087,40596,0,12804,313,1027,212,561,190,466,125,11777,314,83741,3544,18,087,17794,509,522,174,558,148,16714,522,8662,590,272,130,5116,455,160,85,109,86,0,27,474,112,6,8,1981,271,51,48,1452,301,33,35,553,147,310,124,243,86,12251,308,717,175,11534,324
2019-2023,Indiana,Lake County,0500000US18089,498990,0,193474,1188,28103,1249,14074,901,14029,1137,165371,1486,68985,1259,18,089,221625,2515,13002,1025,11848,960,196775,2668,178681,2582,9244,933,17875,1359,1871,522,3307,445,234,124,2428,409,439,184,3309,576,384,184,16025,1316,830,258,24979,1190,12392,968,12587,954,168495,1586,15711,1008,152784,1657
2019-2023,Indiana,LaPorte County,0500000US18091,112141,0,43681,531,5108,491,2712,366,2396,322,38573,601,70452,2189,18,091,48610,992,3370,550,2347,360,42893,1008,40656,937,2215,416,3462,457,541,211,414,156,114,86,615,184,135,81,354,120,26,25,3109,392,339,184,4391,508,1956,300,2435,421,39290,672,3152,444,36138,675
2019-2023,Indiana,Lawrence County,0500000US18093,45077,0,19156,315,2569,381,922,226,1647,311,16587,440,65551,3449,18,093,21325,618,1144,271,1534,371,18647,830,17455,844,788,215,2064,314,158,101,0,27,0,27,462,227,98,62,147,73,43,44,1197,318,57,54,1679,259,977,225,702,177,17477,374,1592,324,15885,428
2019-2023,Indiana,Madison County,0500000US18095,130949,0,52843,469,6888,508,3187,418,3701,441,45955,632,62632,1573,18,095,58630,1004,3252,448,3810,515,51568,1054,45220,1043,2105,376,6223,755,570,149,224,104,69,69,692,159,136,93,694,219,200,138,5577,532,172,78,7187,585,3106,380,4081,477,45656,743,3782,430,41874,746
2019-2023,Indiana,Marion County,0500000US18097,971822,0,396662,1893,57820,1962,24213,1339,33607,1831,338842,2484,63450,1274,18,097,477477,3593,31931,1813,33565,1944,411981,4508,353095,3903,22080,1413,46440,2816,4583,691,6214,738,1021,285,7197,869,1068,289,5955,667,1037,401,58576,2240,2142,534,48782,2277,23210,1604,25572,1470,347880,2607,34610,1682,313270,2738
2019-2023,Indiana,Marshall County,0500000US18099,46225,0,17377,297,1879,312,807,200,1072,223,15498,387,68041,4668,18,099,21498,700,1066,266,1529,342,18903,663,16936,711,690,200,1968,258,287,174,22,20,0,27,636,153,11,15,814,188,27,29,1122,231,51,49,980,224,360,114,620,198,16397,355,1519,267,14878,382
2019-2023,Indiana,Martin County,0500000US18101,9854,0,3928,146,551,136,229,67,322,105,3377,171,65345,8644,18,101,4742,230,220,107,243,155,4279,265,3794,283,197,95,438,148,23,27,0,18,0,18,25,29,0,18,77,55,0,18,408,129,0,18,273,99,251,98,22,19,3655,166,300,89,3355,173
2019-2023,Indiana,Miami County,0500000US18103,35772,0,13270,278,1821,262,996,223,825,168,11449,315,61130,3825,18,103,14885,577,1001,249,1182,302,12702,663,12364,607,718,227,1351,279,125,74,54,44,0,27,295,133,62,53,157,78,9,12,664,185,87,59,1325,249,691,207,634,122,11945,317,1130,173,10815,318
2019-2023,Indiana,Monroe County,0500000US18105,139822,0,58264,686,11867,949,2544,469,9323,777,46397,944,63372,2678,18,105,64929,1209,7959,870,4482,648,52488,1163,44156,1352,4732,627,6109,804,685,192,1273,280,423,170,3002,459,1006,255,1226,251,132,71,9163,903,981,314,3594,588,2184,471,1410,290,54670,846,9683,770,44987,983
2019-2023,Indiana,Montgomery County,0500000US18107,38155,0,15524,267,1783,291,760,182,1023,222,13741,369,66571,5447,18,107,17631,467,1006,258,1306,310,15319,545,14226,494,678,207,1662,244,218,87,26,24,12,21,414,161,47,43,106,74,0,27,1197,279,51,43,1466,278,710,208,756,191,14058,362,1073,232,12985,387
2019-2023,Indiana,Morgan County,0500000US18109,72202,0,27713,336,2370,302,1210,231,1160,236,25343,416,79088,5089,18,109,34656,779,974,213,1241,361,32441,910,27914,841,643,151,2413,336,103,62,33,36,0,30,280,117,43,46,211,102,0,30,3805,468,185,116,2067,308,993,211,1074,244,25646,468,1377,218,24269,500
2019-2023,Indiana,Newton County,0500000US18111,13859,0,5591,149,807,190,440,144,367,151,4784,207,68596,9024,18,111,5929,315,347,121,238,91,5344,346,4671,324,237,97,692,171,96,77,106,75,0,20,66,29,2,3,16,14,0,20,378,121,12,18,617,199,314,130,303,118,4974,208,493,161,4481,234
2019-2023,Indiana,Noble County,0500000US18113,47417,0,17971,418,1635,295,971,236,664,181,16336,465,70908,3008,18,113,22441,653,916,257,791,209,20734,741,17184,668,570,215,3336,448,199,109,47,44,0,27,334,131,17,19,453,159,58,50,1087,219,72,76,1116,225,532,157,584,173,16855,492,1103,260,15752,508
2019-2023,Indiana,Ohio County,0500000US18115,5993,0,2567,90,257,84,126,53,131,55,2310,118,67942,7005,18,115,2727,161,71,46,127,78,2529,176,2247,196,39,35,251,116,23,22,0,18,0,18,41,37,0,18,12,18,0,18,176,66,9,15,102,60,71,48,31,25,2465,95,186,77,2279,119
2019-2023,Indiana,Orange County,0500000US18117,19746,0,7994,197,1119,201,467,133,652,166,6875,227,64758,4184,18,117,9390,340,460,136,552,175,8378,360,7478,403,290,107,1043,246,40,33,9,13,0,20,217,127,36,41,155,77,15,17,488,161,79,67,886,187,560,178,326,101,7108,207,559,127,6549,229
2019-2023,Indiana,Owen County,0500000US18119,21434,0,8598,233,960,205,510,172,450,107,7638,284,59586,5130,18,119,9673,378,456,186,520,184,8697,468,7733,455,308,159,801,218,28,37,0,24,0,24,194,111,4,10,76,50,23,31,869,217,93,70,794,199,289,108,505,157,7804,299,671,164,7133,313
2019-2023,Indiana,Parke County,0500000US18121,16346,0,5985,255,908,210,670,200,238,95,5077,284,66776,3341,18,121,6346,274,576,186,337,121,5433,297,4503,327,363,130,780,161,132,102,16,29,0,20,183,78,6,10,58,41,8,15,806,225,67,70,707,157,357,122,350,116,5278,270,551,171,4727,285
2019-2023,Indiana,Perry County,0500000US18123,19218,0,7751,181,1101,210,442,130,659,164,6650,238,61099,3723,18,123,8309,394,602,161,277,96,7430,421,7031,362,458,140,606,164,55,41,13,18,0,20,75,42,3,4,109,98,9,12,475,149,77,74,689,162,360,120,329,103,7062,235,741,197,6321,255
2019-2023,Indiana,Pike County,0500000US18125,12187,0,4994,156,597,136,239,81,358,104,4397,185,66250,3186,18,125,5435,283,265,104,297,89,4873,309,4499,281,232,96,519,171,24,26,59,64,0,20,102,85,9,14,7,8,0,20,249,85,0,20,471,128,287,117,184,78,4523,177,310,82,4213,189
2019-2023,Indiana,Porter County,0500000US18127,174150,0,68049,601,6321,628,3256,452,3065,524,61728,849,85828,3114,18,127,81891,1327,3108,550,3169,527,75614,1395,67297,1337,2010,367,5684,831,793,379,532,195,13,21,543,171,110,88,704,244,40,48,7131,739,142,66,3945,577,1883,360,2062,455,64104,804,4438,582,59666,939
2019-2023,Indiana,Posey County,0500000US18129,25163,0,10270,221,1049,204,571,167,478,141,9221,282,79124,4834,18,129,12035,414,474,180,449,179,11112,504,9969,450,277,114,881,247,111,155,9,14,9,14,307,118,13,16,111,61,22,37,758,219,42,60,577,152,235,85,342,120,9693,242,814,182,8879,277
2019-2023,Indiana,Pulaski County,0500000US18131,12441,0,4894,168,686,161,226,85,460,138,4208,183,59956,3268,18,131,5750,279,366,113,335,134,5049,294,4351,278,169,81,821,202,102,77,16,22,0,20,117,69,23,28,90,67,20,22,355,128,52,43,322,138,179,103,143,83,4572,202,507,155,4065,200
2019-2023,Indiana,Putnam County,0500000US18133,37091,0,13980,241,1096,227,449,158,647,176,12884,309,76182,5329,18,133,15549,615,586,195,1123,285,13840,651,12830,636,477,193,1022,297,31,28,0,27,0,27,316,170,42,52,87,62,2,4,1294,279,34,32,1021,262,414,124,607,232,12959,316,682,197,12277,357
2019-2023,Indiana,Randolph County,0500000US18135,24425,0,10182,191,1415,221,848,156,567,133,8767,260,61121,4084,18,135,10484,470,663,161,582,160,9239,533,8464,483,503,159,1120,212,117,69,36,42,0,24,221,62,21,23,197,94,9,14,446,118,13,13,1560,262,765,189,795,226,8622,299,650,144,7972,303
2019-2023,Indiana,Ripley County,0500000US18137,29039,0,11356,233,1329,216,588,161,741,153,10027,309,71084,2900,18,137,14492,432,676,182,478,179,13338,491,11985,503,527,177,1118,262,86,55,0,24,0,24,448,146,30,29,69,42,7,14,872,250,26,26,774,207,480,172,294,92,10582,305,849,172,9733,327
2019-2023,Indiana,Rush County,0500000US18139,16734,0,6650,161,812,169,386,121,426,123,5838,243,64393,4169,18,139,7486,366,329,117,619,223,6538,446,6150,402,218,79,785,208,111,80,20,30,0,20,99,63,0,20,10,15,0,20,422,140,0,20,716,167,259,114,457,126,5934,206,553,132,5381,238
2019-2023,Indiana,St. Joseph County,0500000US18141,272574,0,107005,750,15036,720,6217,534,8819,641,91969,993,64885,1295,18,141,123373,1409,8017,728,6774,825,108582,1652,94801,1577,5076,530,11301,928,999,261,1371,288,219,90,2415,383,459,154,2117,377,439,179,11368,889,825,248,10545,698,5980,483,4565,520,96460,955,9056,611,87404,1037
2019-2023,Indiana,Scott County,0500000US18143,24468,0,9637,303,1347,283,533,209,814,234,8290,415,54583,6601,18,143,10804,485,392,193,645,254,9767,535,9001,568,242,121,811,315,149,153,17,30,0,24,136,106,0,24,57,59,0,24,782,272,1,5,1339,341,617,235,722,260,8298,408,730,234,7568,470
2019-2023,Indiana,Shelby County,0500000US18145,45104,0,18145,323,2092,282,1111,235,981,204,16053,429,71301,3803,18,145,21691,661,1037,247,1218,320,19436,814,17207,677,777,218,1876,258,107,69,0,27,0,27,418,203,0,27,345,148,76,63,1845,373,77,67,1359,215,618,167,741,182,16786,352,1474,230,15312,434
2019-2023,Indiana,Spencer County,0500000US18147,19871,0,7979,174,603,111,244,64,359,89,7376,197,70890,6112,18,147,9628,286,317,104,455,145,8856,340,8368,324,260,101,578,133,29,29,4,7,0,20,142,72,21,25,72,50,0,20,464,134,7,11,542,127,197,78,345,90,7437,197,406,94,7031,206
2019-2023,Indiana,Starke County,0500000US18149,23300,0,8758,265,1398,233,641,154,757,175,7360,314,62933,4093,18,149,9513,427,709,188,625,170,8179,475,7754,521,428,167,1097,233,201,112,29,41,0,24,130,85,21,26,193,101,0,24,310,128,59,65,1078,178,604,157,474,127,7680,286,794,206,6886,323
2019-2023,Indiana,Steuben County,0500000US18151,34648,0,13765,433,1325,278,583,195,742,178,12440,447,71483,3450,18,151,15625,510,623,183,860,221,14142,600,13206,515,446,161,1200,246,120,66,50,46,0,27,253,101,21,24,182,108,9,15,734,204,27,30,818,227,429,186,389,113,12947,450,896,194,12051,462
2019-2023,Indiana,Sullivan County,0500000US18153,20766,0,7697,190,1002,172,507,143,495,141,6695,241,54985,3547,18,153,8585,416,325,111,833,289,7427,518,7251,399,237,108,826,202,61,44,4,7,0,24,106,60,4,6,103,53,3,5,295,130,20,23,880,214,478,150,402,150,6817,262,524,124,6293,262
2019-2023,Indiana,Switzerland County,0500000US18155,9914,0,3897,140,387,105,210,81,177,84,3510,175,65148,6653,18,155,4502,232,245,93,289,157,3968,263,3842,249,116,53,311,112,92,67,0,18,0,18,76,44,5,8,98,61,9,14,175,72,23,38,461,142,123,70,338,115,3436,170,264,95,3172,189
2019-2023,Indiana,Tippecanoe County,0500000US18157,187399,0,74415,641,13979,1055,3561,495,10418,863,60436,1100,58622,1711,18,157,86499,1624,10061,1059,5607,860,70831,1794,65634,1789,6578,917,5894,793,492,197,2065,422,592,238,3369,481,1527,396,1142,304,234,99,8395,885,638,274,4956,656,2681,566,2275,381,69459,854,11298,834,58161,1185
2019-2023,Indiana,Tipton County,0500000US18159,15329,0,6265,168,579,158,394,140,185,96,5686,210,78309,6707,18,159,7277,288,378,159,177,135,6722,285,5842,374,263,110,587,183,7,19,43,42,0,20,149,64,2,5,141,118,94,116,515,138,12,16,503,155,187,105,316,115,5762,212,392,149,5370,218
2019-2023,Indiana,Union County,0500000US18161,7028,0,2852,116,203,92,121,68,82,60,2649,123,79500,10076,18,161,3520,182,75,53,110,69,3335,194,3065,210,51,36,230,83,6,15,3,9,3,9,81,73,9,17,11,15,0,18,130,63,6,12,115,57,63,44,52,34,2737,117,140,73,2597,133
2019-2023,Indiana,Vanderburgh County,0500000US18163,179908,0,77198,773,10554,720,4451,564,6103,539,66644,1043,60938,1171,18,163,86450,1176,6615,648,4954,659,74881,1339,69898,1499,4847,588,7475,823,968,252,823,241,232,135,1925,450,166,114,1144,230,91,76,5185,658,311,160,8393,686,4472,492,3921,501,68805,1011,6082,620,62723,1112
2019-2023,Indiana,Vermillion County,0500000US18165,15452,0,6560,220,898,194,349,111,549,136,5662,210,59363,4553,18,165,6703,327,427,174,368,129,5908,371,5499,309,279,99,550,168,46,53,42,61,0,20,42,30,3,5,4,6,0,20,566,223,99,99,694,158,333,115,361,116,5866,228,565,142,5301,235
2019-2023,Indiana,Vigo County,0500000US18167,106201,0,42595,515,8362,704,3159,503,5203,505,34233,764,52525,1904,18,167,45355,1015,5530,676,3850,525,35975,1047,35891,1013,3492,516,5453,650,1114,352,324,209,54,58,941,337,388,214,770,224,333,168,1976,343,149,111,5480,564,3208,450,2272,371,37115,689,5154,565,31961,758
2019-2023,Indiana,Wabash County,0500000US18169,30901,0,12554,329,1459,277,658,161,801,247,11095,399,68414,4924,18,169,13918,528,783,199,951,267,12184,581,11612,639,639,174,1159,306,115,67,17,21,0,27,221,131,17,25,139,77,12,19,770,242,0,27,1221,240,691,222,530,175,11333,354,768,176,10565,382
2019-2023,Indiana,Warren County,0500000US18171,8469,0,3359,120,353,106,216,84,137,62,3006,137,74635,5231,18,171,4087,209,153,66,159,58,3775,239,3142,187,114,62,602,174,10,10,1,2,0,18,74,57,0,18,13,17,6,10,255,99,23,24,212,81,129,68,83,42,3147,136,224,80,2923,141
2019-2023,Indiana,Warrick County,0500000US18173,64650,0,24697,359,1719,298,775,207,944,222,22978,402,95027,5574,18,173,31952,829,836,256,756,218,30360,916,26197,887,692,239,2028,342,80,70,22,35,1,3,490,221,39,46,353,188,7,11,2862,514,17,23,928,215,433,156,495,150,23769,406,1286,263,22483,435
2019-2023,Indiana,Washington County,0500000US18175,28167,0,10994,226,1300,201,530,119,770,156,9694,263,61358,6568,18,175,12903,413,800,287,797,222,11306,547,10037,458,413,156,1762,311,365,176,16,17,3,5,91,46,13,11,118,74,6,11,879,202,0,24,1191,196,541,134,650,169,9803,291,759,186,9044,283
2019-2023,Indiana,Wayne County,0500000US18177,66377,0,26818,436,4604,477,2229,327,2375,440,22214,515,56652,3411,18,177,28940,695,2506,436,1916,316,24518,732,23143,715,1634,302,3235,505,547,282,67,72,0,30,557,217,195,157,180,101,10,15,1758,297,120,67,3892,415,2246,319,1646,271,22926,504,2358,419,20568,548
2019-2023,Indiana,Wells County,0500000US18179,28261,0,11360,182,962,206,341,126,621,165,10398,256,69741,4693,18,179,14164,345,518,190,695,176,12951,423,12170,416,343,129,828,207,92,96,32,33,0,24,179,82,2,4,122,73,30,42,833,215,51,70,641,185,284,105,357,155,10719,253,678,174,10041,276
2019-2023,Indiana,White County,0500000US18181,24709,0,9865,316,1070,228,351,115,719,195,8795,335,66143,2688,18,181,10985,395,553,173,557,145,9875,446,8732,486,383,171,1328,330,144,102,38,38,0,24,177,79,7,8,28,25,2,4,682,154,17,19,616,170,280,117,336,126,9249,311,790,196,8459,318
2019-2023,Indiana,Whitley County,0500000US18183,34388,0,13929,257,1335,259,800,207,535,154,12594,340,75790,4154,18,183,16976,531,768,216,536,147,15672,602,14060,530,573,172,1239,270,169,110,24,22,7,12,218,108,14,19,202,139,0,27,1233,266,5,6,916,232,490,152,426,202,13013,347,845,188,12168,396
2019-2023,Iowa,Adair County,0500000US19001,7471,0,3260,108,385,76,92,33,293,67,2875,123,66176,4557,19,001,3624,175,115,39,292,98,3217,209,2928,168,86,33,217,60,6,9,13,20,13,20,74,39,4,8,48,31,6,8,344,88,0,15,335,80,184,58,151,54,2925,121,201,57,2724,127
2019-2023,Iowa,Adams County,0500000US19003,3641,0,1530,85,179,50,35,26,144,44,1351,83,68828,7559,19,003,1699,111,28,19,79,37,1592,120,1289,120,23,17,180,59,0,10,0,10,0,10,61,43,0,10,5,7,0,10,164,59,5,7,206,56,87,38,119,42,1324,95,92,36,1232,91
2019-2023,Iowa,Allamakee County,0500000US19005,14038,0,6024,202,695,136,350,86,345,105,5329,212,66000,2949,19,005,6690,262,464,144,308,102,5918,248,4946,341,310,124,642,150,46,42,1,4,0,16,413,134,42,40,119,57,9,13,569,133,57,43,458,104,244,81,214,76,5566,232,451,114,5115,229
2019-2023,Iowa,Appanoose County,0500000US19007,12242,0,5006,173,875,178,346,109,529,140,4131,218,51146,5172,19,007,4905,329,414,141,334,106,4157,302,3900,262,308,128,516,151,51,39,7,8,2,4,47,28,5,9,120,62,31,29,315,119,17,26,682,145,373,125,309,90,4324,229,502,148,3822,218
2019-2023,Iowa,Audubon County,0500000US19009,5622,0,2525,81,257,57,109,42,148,38,2268,100,54152,7028,19,009,2715,120,139,47,179,71,2397,154,2215,153,79,36,129,51,7,10,0,15,0,15,102,57,38,42,15,11,0,15,254,86,15,13,212,51,101,40,111,39,2313,85,156,49,2157,96
2019-2023,Iowa,Benton County,0500000US19011,25698,0,10111,219,923,200,288,90,635,191,9188,261,84742,3490,19,011,13155,286,479,123,377,112,12299,330,10513,337,303,89,895,183,42,52,31,33,15,23,257,112,60,90,86,80,0,19,1373,209,59,36,536,134,263,102,273,80,9575,248,660,175,8915,267
2019-2023,Iowa,Black Hawk County,0500000US19013,130693,0,53740,690,7765,455,2713,340,5052,476,45975,691,64581,1842,19,013,63537,1023,6317,535,3737,447,53483,1134,50202,1149,4596,498,5957,605,940,274,129,71,30,26,1201,286,405,178,646,187,42,44,5402,616,304,149,6334,459,3117,335,3217,339,47406,827,4648,401,42758,744
2019-2023,Iowa,Boone County,0500000US19015,26669,0,10935,261,861,192,240,92,621,187,10074,284,79741,5325,19,015,13977,378,565,168,599,181,12813,443,11234,437,400,128,952,255,83,59,71,86,5,8,290,128,5,9,163,76,0,19,1267,240,72,61,502,118,183,68,319,113,10433,288,678,177,9755,294
2019-2023,Iowa,Bremer County,0500000US19017,25118,0,9693,189,856,150,266,84,590,148,8837,210,83343,2646,19,017,11755,337,565,129,416,122,10774,352,9178,424,386,112,845,211,39,45,10,12,2,5,399,132,51,62,64,34,0,19,1259,183,87,60,503,128,251,106,252,96,9190,213,605,119,8585,202
2019-2023,Iowa,Buchanan County,0500000US19019,20645,0,8150,207,705,123,268,77,437,98,7445,230,78430,4902,19,019,10556,316,402,104,465,121,9689,345,8251,332,274,85,941,188,68,56,27,33,20,31,330,113,12,13,66,37,3,4,941,166,25,24,533,114,271,87,262,83,7617,238,434,105,7183,242
2019-2023,Iowa,Buena Vista County,0500000US19021,20684,0,7543,198,525,99,243,67,282,85,7018,220,66564,4878,19,021,9815,300,418,108,926,238,8471,432,7009,433,231,75,1728,286,105,68,0,19,0,19,570,182,38,43,59,36,0,19,449,119,44,31,701,167,166,56,535,159,6842,246,359,85,6483,242
2019-2023,Iowa,Butler County,0500000US19023,14301,0,5887,118,650,120,328,85,322,74,5237,127,69651,3210,19,023,6866,179,429,98,360,103,6077,251,5713,197,336,84,538,103,72,44,2,3,0,16,155,43,18,15,54,27,0,16,404,96,3,6,481,100,252,86,229,61,5406,141,398,87,5008,131
2019-2023,Iowa,Calhoun County,0500000US19025,9858,0,3886,143,360,70,139,37,221,55,3526,137,66875,4086,19,025,4270,160,166,44,277,78,3827,176,3336,179,112,38,436,110,16,10,13,24,9,23,102,50,5,6,83,45,6,6,300,69,18,14,362,62,133,42,229,45,3524,144,227,53,3297,134
2019-2023,Iowa,Carroll County,0500000US19027,20677,0,8750,201,823,155,310,127,513,117,7927,210,68528,2429,19,027,10459,327,401,107,733,223,9325,343,8710,320,291,80,780,177,64,40,48,51,21,35,169,58,23,22,72,39,2,4,680,129,0,19,632,164,333,126,299,108,8118,228,490,105,7628,233
2019-2023,Iowa,Cass County,0500000US19029,13115,0,5789,147,997,170,464,130,533,119,4792,204,61657,5357,19,029,6573,251,530,137,387,143,5656,290,5178,297,450,127,407,130,18,32,5,10,0,16,281,125,41,55,104,57,6,10,598,194,15,17,802,205,471,146,331,128,4987,228,526,123,4461,228
2019-2023,Iowa,Cedar County,0500000US19031,18427,0,7539,190,589,109,198,62,391,95,6950,210,79080,3013,19,031,9158,350,316,97,442,136,8400,406,7507,363,242,78,458,180,21,25,13,23,0,16,161,58,11,10,92,59,2,3,927,201,40,27,475,129,213,81,262,96,7064,224,376,96,6688,229
2019-2023,Iowa,Cerro Gordo County,0500000US19033,42785,0,19421,400,2070,303,612,173,1458,275,17351,492,65537,2325,19,033,21507,570,1196,329,1446,262,18865,695,16993,644,787,253,1990,479,234,223,129,87,81,76,471,156,45,36,261,110,30,29,1663,279,19,21,1769,304,708,220,1061,243,17652,453,1362,226,16290,469
2019-2023,Iowa,Cherokee County,0500000US19035,11587,0,5082,130,643,175,297,126,346,106,4439,224,64478,6090,19,035,5850,225,541,209,393,150,4916,285,4699,253,428,149,491,137,49,51,39,51,2,5,136,56,6,7,58,47,0,16,427,149,56,63,306,116,148,85,158,91,4776,175,495,161,4281,222
2019-2023,Iowa,Chickasaw County,0500000US19037,11868,0,4985,130,467,87,177,66,290,73,4518,139,73421,3894,19,037,6068,187,144,52,353,119,5571,202,4934,254,104,42,372,112,4,12,0,16,0,16,94,43,19,21,110,64,3,5,558,139,14,17,252,74,98,40,154,62,4733,150,369,87,4364,141
2019-2023,Iowa,Clarke County,0500000US19039,9690,0,4001,208,444,161,223,138,221,90,3557,237,66821,4082,19,039,4345,313,209,118,410,178,3726,387,3463,301,173,114,394,185,0,15,1,2,1,2,93,59,1,2,48,33,4,6,346,155,30,41,525,190,240,126,285,138,3476,250,204,103,3272,265
2019-2023,Iowa,Clay County,0500000US19041,16446,0,7249,224,819,211,265,104,554,190,6430,249,64082,6067,19,041,8108,309,442,149,422,147,7244,330,6426,338,313,118,719,196,11,15,86,66,46,67,310,126,0,16,42,31,4,7,525,130,68,56,750,169,387,139,363,124,6499,223,432,154,6067,225
2019-2023,Iowa,Clayton County,0500000US19043,17069,0,7406,194,912,164,350,88,562,137,6494,219,62326,4497,19,043,8251,230,577,160,389,79,7285,267,6356,272,355,135,536,116,6,7,3,4,0,16,315,84,76,47,322,156,43,41,719,138,97,62,530,103,272,72,258,78,6876,205,640,144,6236,230
2019-2023,Iowa,Clinton County,0500000US19045,46383,0,19434,356,2359,268,1128,236,1231,227,17075,418,65177,3062,19,045,21369,647,1381,272,1244,284,18744,646,17659,690,991,237,1516,362,171,102,78,65,23,36,408,140,17,16,434,239,95,95,1274,219,84,44,2531,316,1238,217,1293,247,16903,462,1121,187,15782,462
2019-2023,Iowa,Crawford County,0500000US19047,16289,0,6229,181,868,233,580,211,288,95,5361,239,65039,5681,19,047,7973,396,546,203,630,217,6797,557,6116,365,457,204,820,319,32,42,225,175,0,16,277,145,17,33,49,47,3,10,486,129,37,38,457,137,285,127,172,61,5772,197,583,199,5189,239
2019-2023,Iowa,Dallas County,0500000US19049,104136,0,40868,472,2640,354,1184,253,1456,305,38228,578,102349,3220,19,049,56589,914,1761,333,1592,351,53236,945,40663,1167,1139,241,3668,578,359,166,34,32,10,14,671,198,78,81,1009,320,52,57,10544,759,123,94,2375,462,792,230,1583,380,38493,628,1848,292,36645,670
2019-2023,Iowa,Davis County,0500000US19051,9127,0,3169,141,250,68,133,56,117,47,2919,150,79505,7318,19,051,3932,202,117,68,204,91,3611,218,2661,245,77,65,438,121,25,28,0,15,0,15,144,57,6,9,241,86,9,13,448,166,0,15,205,65,69,36,136,57,2964,157,181,68,2783,164
2019-2023,Iowa,Decatur County,0500000US19053,7669,0,3049,123,441,91,228,69,213,55,2608,142,57146,6095,19,053,3284,181,270,68,297,131,2717,177,2558,225,192,64,348,102,28,20,0,15,0,15,109,45,5,7,13,13,8,11,256,77,37,22,301,64,123,41,178,45,2748,128,318,75,2430,143
2019-2023,Iowa,Delaware County,0500000US19055,17549,0,7176,228,762,169,290,101,472,136,6414,256,76205,4916,19,055,9433,400,361,143,601,206,8471,460,7671,406,286,122,634,168,13,23,43,48,0,16,179,74,58,56,110,65,2,3,796,202,2,4,669,179,363,160,306,107,6507,254,399,117,6108,256
2019-2023,Iowa,Des Moines County,0500000US19057,38597,0,17188,312,2607,394,1068,229,1539,300,14581,416,60662,3525,19,057,18176,544,1352,290,674,209,16150,599,14910,661,818,178,1825,395,292,171,120,91,49,50,311,129,31,27,227,100,78,54,783,236,84,107,2194,312,1157,243,1037,274,14994,325,1450,315,13544,431
2019-2023,Iowa,Dickinson County,0500000US19059,17844,0,8650,257,490,140,151,63,339,117,8160,289,74570,3265,19,059,9161,313,512,166,514,147,8135,318,7161,382,387,134,645,164,38,39,0,16,0,16,166,73,5,6,226,114,56,66,963,206,26,25,381,118,120,62,261,101,8269,293,370,116,7899,308
2019-2023,Iowa,Dubuque County,0500000US19061,98948,0,40585,352,4258,491,1352,310,2906,364,36327,577,75919,2773,19,061,49976,936,2700,372,2385,397,44891,1029,39482,903,1910,281,3122,408,253,127,483,188,178,123,1098,220,107,89,495,159,127,89,5296,548,125,87,3230,378,1379,311,1851,281,37355,462,2879,351,34476,608
2019-2023,Iowa,Emmet County,0500000US19063,9316,0,3922,131,457,129,153,65,304,103,3465,181,65181,7554,19,063,4797,198,270,82,293,127,4234,260,3778,243,212,83,399,148,19,21,0,15,0,15,217,109,11,15,125,86,28,36,278,110,0,15,317,89,164,73,153,71,3605,142,293,115,3312,176
2019-2023,Iowa,Fayette County,0500000US19065,19393,0,8203,174,1085,196,443,112,642,161,7118,196,58764,3137,19,065,8911,297,625,169,468,125,7818,310,7087,312,395,138,708,136,105,57,10,11,0,16,292,81,28,20,103,45,5,7,711,158,92,75,676,142,389,115,287,81,7527,199,696,156,6831,201
2019-2023,Iowa,Floyd County,0500000US19067,15502,0,6620,203,793,187,263,98,530,186,5827,199,64500,5537,19,067,7214,261,241,75,339,111,6634,275,5739,377,189,64,578,180,10,11,7,12,0,16,177,81,7,8,60,59,0,16,653,194,35,43,547,136,290,120,257,82,6073,198,503,157,5570,201
2019-2023,Iowa,Franklin County,0500000US19069,9977,0,4084,177,602,163,274,126,328,119,3482,195,63648,3934,19,069,4549,276,320,92,274,101,3955,271,3572,310,100,39,458,121,111,60,2,3,0,15,175,83,87,64,28,25,0,15,314,88,22,17,296,100,154,77,142,60,3788,187,448,142,3340,202
2019-2023,Iowa,Fremont County,0500000US19071,6570,0,2760,93,235,54,92,39,143,33,2525,107,73750,5496,19,071,3038,155,86,33,200,62,2752,153,2409,136,71,28,250,73,12,14,0,15,0,15,156,57,0,15,11,9,1,3,212,69,2,3,294,64,98,36,196,56,2466,111,137,35,2329,117
2019-2023,Iowa,Greene County,0500000US19073,8722,0,3928,111,375,88,171,63,204,70,3553,148,59159,3959,19,073,4243,215,202,72,199,66,3842,227,3273,192,139,65,547,149,25,23,4,5,2,4,88,42,22,27,44,31,13,17,287,90,1,4,392,102,112,60,280,99,3536,133,263,73,3273,145
2019-2023,Iowa,Grundy County,0500000US19075,12352,0,5085,117,398,94,140,53,258,77,4687,156,83617,4048,19,075,6255,200,210,82,162,57,5883,223,5204,208,192,81,280,64,9,9,11,11,0,16,114,35,3,4,28,21,0,16,618,138,6,7,252,61,144,50,108,34,4833,127,254,79,4579,154
2019-2023,Iowa,Guthrie County,0500000US19077,10646,0,4587,197,434,112,218,89,216,60,4153,176,79981,7725,19,077,5271,193,225,61,273,72,4773,197,4155,222,125,51,401,90,59,33,0,16,0,16,136,45,22,14,69,54,0,16,510,99,19,13,374,83,178,72,196,52,4213,179,256,83,3957,169
2019-2023,Iowa,Hamilton County,0500000US19079,14893,0,6317,241,748,183,296,140,452,137,5569,241,71750,5549,19,079,7117,232,253,99,289,100,6575,281,5970,252,176,80,401,118,2,3,8,14,0,16,240,100,36,42,45,24,18,19,453,117,21,25,513,115,143,72,370,114,5804,237,605,181,5199,228
2019-2023,Iowa,Hancock County,0500000US19081,10718,0,4614,114,579,110,251,82,328,97,4035,128,70212,3114,19,081,5358,205,231,92,206,108,4921,225,4256,245,103,50,428,136,67,60,0,16,0,16,98,41,18,19,114,79,1,2,462,119,42,52,369,90,238,79,131,57,4245,128,341,87,3904,132
2019-2023,Iowa,Hardin County,0500000US19083,16729,0,7010,198,692,129,213,55,479,111,6318,210,64906,4537,19,083,8058,277,330,87,555,146,7173,289,6397,301,225,81,419,83,6,8,33,39,0,16,379,130,53,42,158,69,3,4,672,154,43,36,587,145,165,61,422,126,6423,187,527,131,5896,201
2019-2023,Iowa,Harrison County,0500000US19085,14645,0,6004,127,495,95,197,57,298,75,5509,141,77027,3579,19,085,7299,208,210,68,384,121,6705,234,5941,223,144,56,415,81,24,19,29,21,0,16,218,61,21,16,68,31,0,16,628,104,21,16,367,68,179,53,188,53,5637,133,316,85,5321,149
2019-2023,Iowa,Henry County,0500000US19087,20228,0,7617,199,865,150,419,118,446,126,6752,220,64604,2941,19,087,9267,319,529,167,538,182,8200,352,7516,388,411,135,953,213,57,55,0,19,0,19,84,51,0,19,83,53,0,19,631,139,61,50,667,133,268,93,399,110,6950,221,597,131,6353,220
2019-2023,Iowa,Howard County,0500000US19089,9459,0,3672,201,345,90,155,67,190,74,3327,206,67336,5879,19,089,4569,198,168,73,317,93,4084,230,3474,247,131,72,361,104,2,3,0,15,0,15,171,67,31,36,80,57,0,15,483,113,4,5,231,74,170,63,61,41,3441,192,175,63,3266,205
2019-2023,Iowa,Humboldt County,0500000US19091,9573,0,4236,88,604,125,280,89,324,97,3632,121,66994,6321,19,091,4608,197,253,74,366,104,3989,189,3539,228,156,53,384,95,21,15,7,7,0,15,95,42,10,8,74,43,25,34,509,116,41,34,445,101,239,86,206,79,3791,120,365,90,3426,129
2019-2023,Iowa,Ida County,0500000US19093,6944,0,2994,99,381,81,110,46,271,70,2613,116,62841,7623,19,093,3458,117,286,68,193,49,2979,127,2811,129,225,67,200,68,30,25,0,15,0,15,94,51,25,26,18,12,0,15,335,114,6,7,221,57,102,44,119,40,2773,106,279,77,2494,114
2019-2023,Iowa,Iowa County,0500000US19095,16547,0,6849,136,597,140,260,92,337,92,6252,203,72185,4881,19,095,8414,258,449,155,286,102,7679,301,6704,325,318,116,633,185,14,14,9,24,9,24,262,89,18,15,120,75,70,63,686,137,20,45,520,129,260,89,260,83,6329,189,337,97,5992,213
2019-2023,Iowa,Jackson County,0500000US19097,19429,0,8303,200,975,179,351,98,624,128,7328,247,71605,5843,19,097,9116,325,305,81,522,195,8289,354,7446,337,213,75,512,118,46,39,5,6,1,2,199,103,0,16,78,43,25,29,876,143,20,17,853,147,387,110,466,116,7450,231,588,131,6862,237
2019-2023,Iowa,Jasper County,0500000US19099,37864,0,14748,306,1193,196,501,143,692,156,13555,315,70128,3042,19,099,17901,487,711,176,1011,266,16179,519,14145,565,537,157,1345,245,56,56,4,5,1,4,515,199,87,97,201,110,10,17,1691,231,20,22,1351,239,531,150,820,202,13397,367,662,160,12735,353
2019-2023,Iowa,Jefferson County,0500000US19101,15676,0,6878,225,1166,297,280,134,886,264,5712,282,56824,5153,19,101,7302,392,565,214,732,224,6005,486,5067,424,179,91,509,153,133,94,44,22,1,4,182,106,71,83,238,128,54,88,1262,275,127,102,1116,219,449,180,667,193,5762,280,717,240,5045,300
2019-2023,Iowa,Johnson County,0500000US19103,154881,0,62214,711,9957,760,1981,354,7976,660,52257,887,74721,2849,19,103,81798,1045,11095,873,5575,763,65128,1401,54154,1325,6328,846,6239,759,572,207,3044,483,669,234,5583,563,2465,419,2443,346,451,174,10335,1053,610,239,3867,473,1863,337,2004,414,58347,845,8094,687,50253,940
2019-2023,Iowa,Jones County,0500000US19105,20799,0,8109,195,754,172,433,138,321,99,7355,243,73071,5948,19,105,9612,423,305,110,347,116,8960,441,7425,467,206,77,850,229,19,25,21,20,0,19,171,80,24,29,61,49,0,19,1084,223,56,51,811,169,362,123,449,130,7298,246,392,130,6906,255
2019-2023,Iowa,Keokuk County,0500000US19107,9964,0,4065,101,525,91,278,77,247,54,3540,107,60856,5419,19,107,4422,189,218,60,266,75,3938,223,3520,198,152,46,356,78,42,33,11,14,0,15,142,59,6,9,28,19,0,15,365,79,18,17,399,78,190,64,209,51,3666,103,335,70,3331,115
2019-2023,Iowa,Kossuth County,0500000US19109,14610,0,6502,154,610,134,230,96,380,100,5892,184,65656,5995,19,109,7017,247,401,128,311,86,6305,284,5486,218,326,118,595,164,20,17,15,19,0,16,251,92,20,18,122,51,23,23,548,122,12,11,375,103,191,84,184,70,6127,170,419,108,5708,181
2019-2023,Iowa,Lee County,0500000US19111,33175,0,14305,295,2001,264,739,153,1262,225,12304,330,59803,3489,19,111,14695,491,722,195,934,247,13039,536,12036,529,514,157,1291,233,46,33,29,33,0,22,254,92,45,36,259,116,66,58,826,244,51,43,2085,287,1077,217,1008,189,12220,363,924,197,11296,341
2019-2023,Iowa,Linn County,0500000US19113,229463,0,95051,739,9247,833,3759,513,5488,681,85804,966,76421,2006,19,113,117133,1461,5811,748,5564,612,105758,1577,90082,1676,4276,705,7416,780,796,246,714,237,97,81,1632,300,207,104,1267,326,101,76,16022,1012,334,109,8361,764,3371,521,4990,503,86690,993,5876,746,80814,1011
2019-2023,Iowa,Louisa County,0500000US19115,10710,0,4143,157,381,93,195,72,186,62,3762,160,80223,6110,19,115,5281,165,298,102,158,48,4825,197,4286,213,217,80,640,127,66,51,0,16,0,16,51,30,4,6,94,52,0,16,210,66,11,14,494,113,190,76,304,97,3649,162,191,66,3458,169
2019-2023,Iowa,Lucas County,0500000US19117,8685,0,3672,125,565,148,293,98,272,100,3107,158,67921,6315,19,117,4036,202,292,119,175,71,3569,211,3274,204,235,99,367,123,49,40,10,12,0,15,92,53,0,15,77,42,0,15,216,74,8,10,351,112,254,106,97,42,3321,155,311,102,3010,158
2019-2023,Iowa,Lyon County,0500000US19119,12087,0,4444,108,303,61,100,39,203,52,4141,124,72881,5027,19,119,5936,192,162,65,249,80,5525,236,4677,244,114,53,462,129,12,13,0,16,0,16,168,62,10,15,36,23,0,16,593,143,26,28,146,49,52,23,94,39,4298,110,251,58,4047,126
2019-2023,Iowa,Madison County,0500000US19121,16760,0,6625,163,515,155,138,67,377,135,6110,226,89542,5987,19,121,8753,280,263,110,142,64,8348,284,6625,363,205,97,487,150,45,56,9,14,0,16,288,148,0,16,45,40,0,16,1299,243,13,14,358,127,198,90,160,90,6267,211,317,121,5950,257
2019-2023,Iowa,Mahaska County,0500000US19123,22045,0,8891,241,1081,195,397,131,684,154,7810,246,69019,5938,19,123,11050,269,917,215,652,184,9481,376,8909,321,725,198,1034,217,129,88,10,10,0,19,370,149,38,46,33,31,0,19,694,167,25,26,1187,238,427,127,760,182,7704,287,654,160,7050,278
2019-2023,Iowa,Marion County,0500000US19125,33551,0,13409,218,1137,221,403,120,734,182,12272,305,78059,3404,19,125,15838,470,725,183,591,158,14522,494,12889,478,578,166,891,183,32,30,41,33,1,2,253,98,38,31,236,78,23,33,1528,346,53,60,1135,215,441,150,694,189,12274,320,696,177,11578,334
2019-2023,Iowa,Marshall County,0500000US19127,39971,0,15546,289,1709,273,773,197,936,199,13837,347,72785,3066,19,127,19460,550,1056,225,984,279,17420,596,14873,606,768,192,2532,370,220,111,6,26,2,4,545,164,35,46,135,58,10,18,1369,225,21,14,1524,256,644,187,880,174,14022,329,1065,232,12957,351
2019-2023,Iowa,Mills County,0500000US19129,14563,0,5349,143,425,117,87,43,338,109,4924,171,87810,5027,19,129,7063,293,195,91,263,98,6605,313,5428,297,67,33,592,164,15,14,0,16,0,16,350,221,83,106,23,17,6,11,670,165,24,61,334,106,133,54,201,91,5015,169,292,107,4723,184
2019-2023,Iowa,Mitchell County,0500000US19131,10548,0,4477,127,421,101,144,59,277,87,4056,163,68704,5144,19,131,5482,152,301,94,369,110,4812,216,4148,220,207,76,318,81,49,45,5,9,4,8,189,70,14,17,205,117,0,16,617,163,27,24,306,111,108,66,198,86,4171,157,313,69,3858,174
2019-2023,Iowa,Monona County,0500000US19133,8619,0,3891,109,411,93,134,45,277,76,3480,129,62944,5362,19,133,4080,156,218,77,232,95,3630,201,3300,181,172,71,297,103,30,22,19,20,0,15,65,27,4,5,33,23,0,15,366,114,12,11,323,67,127,48,196,47,3568,122,284,83,3284,139
2019-2023,Iowa,Monroe County,0500000US19135,7546,0,2991,168,282,98,78,46,204,97,2709,182,72518,10057,19,135,3618,187,191,105,116,75,3311,253,3028,238,152,82,214,96,11,19,0,15,0,15,85,71,28,42,18,14,0,15,273,109,0,15,247,76,120,59,127,61,2744,167,162,87,2582,190
2019-2023,Iowa,Montgomery County,0500000US19137,10254,0,4609,126,638,170,270,117,368,114,3971,187,63190,4294,19,137,4806,247,198,97,283,135,4325,276,3904,275,177,89,390,139,12,16,11,14,8,14,94,46,1,2,11,12,0,16,396,145,0,16,574,140,330,131,244,91,4035,190,308,115,3727,193
2019-2023,Iowa,Muscatine County,0500000US19139,42735,0,17170,244,2200,318,1109,224,1091,255,14970,397,69512,2971,19,139,20922,431,1289,241,1480,339,18153,540,17011,548,915,207,1968,274,260,115,83,86,33,41,494,165,37,35,141,73,11,20,1225,237,33,39,2131,322,1131,231,1000,241,15039,367,1069,243,13970,420
2019-2023,Iowa,O'Brien County,0500000US19141,14103,0,5791,231,696,145,336,104,360,103,5095,255,68216,5498,19,141,6849,322,494,159,343,122,6012,366,5634,287,386,143,587,180,68,68,7,11,0,16,138,55,0,16,56,42,2,3,427,107,38,34,412,104,222,91,190,69,5379,257,474,119,4905,261
2019-2023,Iowa,Osceola County,0500000US19143,6114,0,2606,94,344,79,201,63,143,49,2262,108,69138,5176,19,143,2940,127,192,62,52,24,2696,144,2196,148,121,57,305,104,60,42,2,3,0,15,212,89,5,7,51,28,0,15,174,63,6,9,167,57,101,49,66,27,2439,100,243,60,2196,105
2019-2023,Iowa,Page County,0500000US19145,15168,0,6161,198,940,149,300,88,640,134,5221,207,57752,3934,19,145,6451,295,368,144,470,131,5613,305,5072,342,285,135,733,164,51,40,2,3,0,16,191,90,0,16,168,119,10,13,285,57,22,20,889,162,378,113,511,141,5272,242,562,123,4710,229
2019-2023,Iowa,Palo Alto County,0500000US19147,8902,0,3739,115,423,98,210,73,213,69,3316,153,68963,5798,19,147,4507,190,305,115,182,54,4020,196,3484,187,140,64,449,98,56,55,28,31,11,26,197,91,76,66,81,46,3,4,268,76,19,28,342,98,186,81,156,62,3397,147,237,85,3160,160
2019-2023,Iowa,Plymouth County,0500000US19149,25699,0,10297,187,802,155,293,93,509,128,9495,243,81600,2809,19,149,13403,357,346,156,331,135,12726,426,10629,417,269,140,1165,255,9,10,56,50,28,46,298,125,21,31,105,53,16,26,1150,224,3,5,720,170,314,129,406,124,9577,250,488,95,9089,265
2019-2023,Iowa,Pocahontas County,0500000US19151,7040,0,3084,111,298,66,88,44,210,45,2786,119,63423,4499,19,151,3317,159,211,54,196,56,2910,159,2579,165,185,50,391,86,23,18,0,15,0,15,84,38,3,4,42,25,0,15,221,58,0,15,238,72,95,44,143,55,2846,114,203,59,2643,115
2019-2023,Iowa,Polk County,0500000US19153,497441,0,202404,1017,19800,1246,8719,669,11081,1062,182604,1524,81621,1336,19,153,258765,2445,13156,1030,11977,985,233632,2704,192211,3212,9093,821,22145,1491,1995,459,1669,338,387,163,3182,504,498,213,3521,595,394,222,36037,1735,789,259,20421,1193,8209,928,12212,984,181983,1495,11591,819,170392,1606
2019-2023,Iowa,Pottawattamie County,0500000US19155,93407,0,37531,378,4250,476,1679,305,2571,346,33281,516,71446,1743,19,155,44464,723,1749,320,2498,387,40217,899,35901,772,1326,296,3132,438,166,76,257,135,21,25,613,201,39,42,601,168,80,50,3960,385,117,75,3856,350,1792,286,2064,287,33675,520,2458,360,31217,531
2019-2023,Iowa,Poweshiek County,0500000US19157,18582,0,7791,219,1081,230,257,97,824,206,6710,262,64837,3523,19,157,8220,276,383,160,458,184,7379,359,6280,313,294,152,397,106,50,39,0,16,0,16,536,201,7,4,203,99,0,16,804,157,32,34,784,190,396,154,388,132,7007,270,685,172,6322,268
2019-2023,Iowa,Ringgold County,0500000US19159,4664,0,1869,111,169,46,47,27,122,37,1700,111,69821,7454,19,159,2311,126,94,36,82,40,2135,119,1677,117,69,28,202,79,14,18,5,8,0,10,155,66,8,9,14,10,3,5,258,75,0,10,246,65,96,39,150,55,1623,101,73,28,1550,93
2019-2023,Iowa,Sac County,0500000US19161,9759,0,4251,115,377,81,107,45,270,65,3874,137,70991,4675,19,161,4957,154,147,51,240,74,4570,182,4300,183,123,47,212,56,13,13,18,24,1,2,169,63,10,9,37,16,0,15,221,56,0,15,341,67,88,34,253,54,3910,134,289,76,3621,151
2019-2023,Iowa,Scott County,0500000US19163,174302,0,72675,553,8487,750,3488,515,4999,496,64188,880,76363,1338,19,163,84809,1202,4397,579,4481,609,75931,1345,68333,1377,2594,435,5507,619,880,329,605,196,271,142,1139,281,230,125,900,233,150,87,8325,731,272,155,8119,731,3846,573,4273,503,64556,845,4641,539,59915,912
2019-2023,Iowa,Shelby County,0500000US19165,11757,0,4983,139,567,133,285,110,282,100,4416,194,67690,10295,19,165,5766,269,163,65,314,98,5289,294,4459,358,122,61,288,225,14,23,12,16,2,3,306,130,18,19,39,27,0,16,662,158,7,7,381,120,192,100,189,72,4602,181,375,110,4227,201
2019-2023,Iowa,Sioux County,0500000US19167,35984,0,12576,185,974,215,367,128,607,166,11602,263,84736,5009,19,167,17589,411,521,153,769,206,16299,493,13638,517,328,134,1363,348,88,82,65,49,20,27,472,120,10,22,218,110,14,15,1833,332,61,55,383,212,126,68,257,194,12193,283,848,207,11345,298
2019-2023,Iowa,Story County,0500000US19169,98592,0,38708,562,7488,621,969,222,6519,635,31220,720,69006,2382,19,169,46322,1217,6446,671,2777,524,37099,1032,33873,1172,4239,599,3379,483,562,194,1835,352,623,202,1379,251,446,159,724,235,102,61,5132,605,474,188,1856,256,926,207,930,176,36852,611,6562,608,30290,725
2019-2023,Iowa,Tama County,0500000US19171,16982,0,6731,127,958,135,498,100,460,89,5773,158,67955,3657,19,171,7906,198,523,117,314,90,7069,240,6237,223,326,82,748,150,87,52,41,40,30,40,174,54,19,16,47,28,11,16,659,130,50,33,688,128,350,83,338,102,6043,143,608,107,5435,155
2019-2023,Iowa,Taylor County,0500000US19173,5901,0,2471,88,276,48,105,30,171,43,2195,92,67279,4912,19,173,2786,101,155,41,120,38,2511,101,2164,115,133,39,411,69,16,12,3,4,2,3,88,49,1,2,22,17,0,15,98,29,3,5,215,49,90,32,125,40,2256,98,186,41,2070,93
2019-2023,Iowa,Union County,0500000US19175,12038,0,5055,185,625,159,264,116,361,127,4430,199,56813,4860,19,175,5332,283,285,113,229,81,4818,300,4221,270,160,94,607,160,99,55,0,16,0,16,284,111,26,38,33,19,0,16,187,72,0,16,906,205,346,129,560,169,4149,228,279,106,3870,217
2019-2023,Iowa,Van Buren County,0500000US19177,7236,0,2898,126,398,91,174,62,224,54,2500,138,60183,3386,19,177,3064,159,159,56,264,65,2641,168,2245,171,130,51,335,84,12,9,8,9,0,15,112,47,7,8,37,26,0,15,327,114,10,13,276,74,119,38,157,66,2622,127,279,83,2343,132
2019-2023,Iowa,Wapello County,0500000US19179,35265,0,14088,320,2259,347,1159,272,1100,230,11829,484,60034,3024,19,179,15980,583,1334,326,896,184,13750,706,12667,525,829,236,2029,391,405,181,62,70,14,21,251,107,38,54,275,131,48,46,696,250,0,22,2212,387,1064,259,1148,273,11876,467,1195,236,10681,496
2019-2023,Iowa,Warren County,0500000US19181,53484,0,20219,309,1303,229,448,114,855,200,18916,325,92990,3331,19,181,26761,464,578,186,849,220,25334,575,20731,649,499,182,1618,266,26,26,6,10,0,24,434,173,20,21,274,105,13,17,3698,401,20,16,1331,240,500,173,831,216,18888,369,803,173,18085,365
2019-2023,Iowa,Washington County,0500000US19183,22539,0,9048,160,712,137,360,114,352,102,8336,198,71339,2398,19,183,11471,338,490,129,811,224,10170,377,8929,373,456,124,1049,169,14,17,112,117,0,19,292,118,15,27,119,53,0,19,970,169,5,9,786,159,394,112,392,119,8262,188,318,68,7944,202
2019-2023,Iowa,Wayne County,0500000US19185,6518,0,2554,91,355,76,187,55,168,52,2199,105,59118,4939,19,185,2804,120,212,73,119,50,2473,162,2117,142,131,48,300,76,37,24,15,16,13,15,141,72,6,8,55,33,20,24,176,56,5,8,259,64,136,58,123,38,2295,102,219,53,2076,105
2019-2023,Iowa,Webster County,0500000US19187,36848,0,15641,265,1882,326,532,145,1350,284,13759,377,68054,3664,19,187,17013,541,886,243,900,236,15227,657,14202,607,555,152,1240,253,92,64,37,29,0,22,476,176,132,142,371,221,91,73,687,135,16,18,1799,284,744,188,1055,243,13842,356,1138,274,12704,393
2019-2023,Iowa,Winnebago County,0500000US19189,10648,0,4591,129,528,134,222,86,306,102,4063,170,63719,8292,19,189,5042,197,282,107,225,100,4535,233,4042,244,154,65,386,130,15,20,3,9,3,9,191,71,37,27,68,37,19,24,352,91,54,55,468,143,189,94,279,126,4123,135,339,96,3784,175
2019-2023,Iowa,Winneshiek County,0500000US19191,19972,0,8197,191,740,177,243,76,497,161,7457,270,75652,5818,19,191,9761,273,346,117,280,95,9135,324,7489,359,261,105,599,169,26,27,16,32,0,16,379,109,4,10,103,49,14,26,1175,214,41,37,263,99,78,41,185,87,7934,223,662,168,7272,298
2019-2023,Iowa,Woodbury County,0500000US19193,105760,0,40503,413,5795,617,2689,396,3106,453,34708,683,70147,3560,19,193,51022,920,3231,561,2741,502,45050,1077,41133,1022,2013,431,5561,609,494,201,575,215,178,108,834,248,179,101,305,112,83,69,2614,452,284,180,4993,593,2572,409,2421,390,35510,681,3223,497,32287,728
2019-2023,Iowa,Worth County,0500000US19195,7380,0,3195,99,262,61,95,46,167,45,2933,115,76875,6813,19,195,3921,154,139,54,177,64,3605,176,2994,172,69,36,316,91,17,14,3,7,0,15,61,38,8,12,107,53,29,31,440,97,16,17,246,58,98,35,148,47,2949,104,164,54,2785,112
2019-2023,Iowa,Wright County,0500000US19197,12817,0,5352,170,655,184,485,167,170,59,4697,225,64033,6147,19,197,5730,225,414,155,490,142,4826,294,4566,273,212,123,372,117,61,42,14,37,6,34,168,68,41,43,105,50,55,47,505,133,39,32,409,127,233,108,176,61,4943,184,422,154,4521,220
2019-2023,Kansas,Allen County,0500000US20001,12491,0,5014,195,620,144,295,103,325,95,4394,189,57618,5900,20,001,5506,291,131,60,369,125,5006,345,4266,283,73,43,622,182,10,12,37,52,0,18,250,115,42,38,68,88,6,7,263,75,0,18,566,115,289,106,277,82,4448,211,331,99,4117,200
2019-2023,Kansas,Anderson County,0500000US20003,7819,0,3287,114,374,108,199,86,175,90,2913,157,64925,7260,20,003,3336,217,182,78,296,127,2858,235,2543,292,107,64,319,129,9,13,0,16,0,16,44,42,6,9,54,44,0,16,376,152,60,57,224,107,102,79,122,85,3063,140,272,97,2791,141
2019-2023,Kansas,Atchison County,0500000US20005,16211,0,5876,232,823,163,318,144,505,132,5053,238,62164,6647,20,005,7024,325,556,189,421,166,6047,381,5775,359,424,158,536,175,80,73,0,18,0,18,143,96,39,80,134,130,0,18,436,133,13,15,628,181,313,146,315,114,5248,270,510,137,4738,240
2019-2023,Kansas,Barber County,0500000US20007,4153,0,1806,119,259,71,133,44,126,51,1547,117,57615,4020,20,007,2083,155,193,77,188,65,1702,147,1772,150,139,59,175,62,43,28,10,13,0,11,40,26,3,4,27,17,8,10,59,29,0,11,59,35,41,29,18,20,1747,113,218,63,1529,116
2019-2023,Kansas,Barton County,0500000US20009,25275,0,10219,293,1493,253,705,168,788,204,8726,329,56733,2762,20,009,11984,365,1005,290,874,225,10105,466,9674,437,788,258,854,267,110,79,8,12,0,21,339,179,19,24,94,67,16,21,1015,200,72,42,655,156,310,123,345,114,9564,288,1183,228,8381,328
2019-2023,Kansas,Bourbon County,0500000US20011,14384,0,5770,229,737,187,289,115,448,155,5033,246,67555,11308,20,011,6634,344,391,152,580,183,5663,410,4747,355,260,132,988,268,130,96,1,2,1,2,50,41,0,18,63,44,0,18,785,165,0,18,594,187,294,145,300,104,5176,261,443,149,4733,246
2019-2023,Kansas,Brown County,0500000US20013,9415,0,3719,134,524,88,189,45,335,82,3195,158,58886,5897,20,013,4296,212,242,73,266,71,3788,224,3382,229,159,65,430,85,26,24,2,3,0,16,132,50,33,25,71,45,10,16,279,78,14,9,430,100,240,71,190,68,3289,146,284,57,3005,159
2019-2023,Kansas,Butler County,0500000US20015,67916,0,25025,337,2526,374,1191,279,1335,231,22499,452,80375,2305,20,015,31680,618,1472,328,1428,314,28780,665,25952,734,1062,270,2305,379,142,72,35,27,18,25,483,200,182,156,296,98,16,27,2609,367,52,57,1729,319,1090,294,639,184,23296,462,1436,237,21860,465
2019-2023,Kansas,Chase County,0500000US20017,2579,0,1145,63,125,41,40,22,85,34,1020,64,54518,4097,20,017,1184,76,49,31,165,62,970,100,900,84,41,30,88,41,2,4,0,11,0,11,69,31,3,4,28,22,0,11,99,41,3,4,61,23,22,15,39,19,1084,68,103,39,981,68
2019-2023,Kansas,Chautauqua County,0500000US20019,3370,0,1315,96,196,55,113,46,83,31,1119,95,54592,3631,20,019,1356,87,97,44,118,44,1141,90,1121,94,81,39,126,48,4,7,0,11,0,11,47,26,9,15,7,8,0,11,55,24,3,4,164,47,64,29,100,42,1151,85,132,46,1019,81
2019-2023,Kansas,Cherokee County,0500000US20021,19236,0,7727,202,1164,230,378,120,786,193,6563,252,58274,5229,20,021,9029,346,495,139,791,254,7743,348,7618,368,367,120,676,164,58,48,0,18,0,18,162,83,8,14,124,69,28,35,449,154,34,27,992,212,471,138,521,163,6735,269,693,161,6042,277
2019-2023,Kansas,Cheyenne County,0500000US20023,2628,0,1186,68,159,40,87,30,72,30,1027,71,55765,4421,20,023,1234,73,98,43,128,49,1008,90,920,89,93,43,43,26,5,9,0,11,0,11,34,25,0,11,0,11,0,11,237,68,0,11,40,24,36,22,4,7,1146,68,123,35,1023,71
2019-2023,Kansas,Clark County,0500000US20025,1987,0,813,73,81,35,33,19,48,31,732,70,65515,6983,20,025,923,113,42,21,47,18,834,112,686,94,27,13,77,27,10,12,0,11,0,11,85,56,4,7,22,12,1,3,53,27,0,11,30,19,12,11,18,16,783,70,69,33,714,69
2019-2023,Kansas,Clay County,0500000US20027,8071,0,3629,118,434,133,297,112,137,77,3195,155,63136,5881,20,027,3696,274,211,111,200,98,3285,298,2885,269,108,70,409,120,16,34,3,5,0,16,59,35,12,13,58,52,52,51,282,80,23,23,223,80,101,65,122,39,3406,123,333,114,3073,157
2019-2023,Kansas,Cloud County,0500000US20029,8973,0,3670,151,352,87,124,56,228,65,3318,136,57333,7212,20,029,4005,249,123,50,335,120,3547,256,3379,260,97,41,319,111,18,28,12,19,0,16,85,59,0,16,52,49,0,16,158,53,8,8,196,69,111,49,85,58,3474,139,241,77,3233,125
2019-2023,Kansas,Coffey County,0500000US20031,8304,0,3547,99,327,81,142,48,185,62,3220,99,67377,8350,20,031,3732,179,195,68,239,67,3298,202,3121,200,144,55,348,72,15,14,12,26,12,26,58,31,13,15,24,22,8,12,169,55,3,4,289,79,129,51,160,59,3258,112,198,52,3060,117
2019-2023,Kansas,Comanche County,0500000US20033,1685,0,821,80,91,29,40,22,51,26,730,80,49417,4291,20,033,821,110,51,26,47,21,723,102,705,110,38,27,35,19,3,4,0,11,0,11,34,14,4,5,13,13,0,11,34,17,6,6,42,24,29,16,13,17,779,78,62,25,717,80
2019-2023,Kansas,Cowley County,0500000US20035,34487,0,13339,363,1909,252,962,211,947,190,11430,359,58263,2513,20,035,14772,497,932,208,996,221,12844,510,11775,510,582,172,1830,344,161,84,14,19,0,24,170,81,13,26,319,180,93,114,664,155,83,55,1361,206,650,139,711,179,11978,375,1259,229,10719,354
2019-2023,Kansas,Crawford County,0500000US20037,38963,0,15897,296,3417,384,1331,269,2086,331,12480,417,50311,2799,20,037,18642,515,2451,421,1674,273,14517,595,15043,562,1796,341,1976,330,349,153,0,24,0,24,384,151,132,91,307,164,132,142,932,211,42,39,1950,259,1382,230,568,148,13947,356,2035,325,11912,434
2019-2023,Kansas,Decatur County,0500000US20039,2746,0,1373,58,128,49,57,34,71,32,1245,70,52030,4221,20,039,1366,94,106,57,48,40,1212,115,886,108,77,52,67,40,5,7,49,66,0,11,75,44,8,9,0,11,0,11,289,105,16,15,54,34,21,18,33,29,1319,69,107,41,1212,77
2019-2023,Kansas,Dickinson County,0500000US20041,18423,0,7958,192,793,186,327,138,466,126,7165,234,67982,4319,20,041,8884,308,413,151,486,200,7985,344,7076,381,308,135,747,185,9,10,42,51,20,35,301,166,11,23,192,87,50,41,526,126,15,22,437,125,178,92,259,94,7521,210,615,146,6906,258
2019-2023,Kansas,Doniphan County,0500000US20043,7492,0,2670,125,326,99,199,91,127,46,2344,134,72833,6553,20,043,3484,173,211,95,116,52,3157,169,2838,211,195,92,295,91,9,11,9,12,7,12,87,72,0,16,25,18,0,16,230,87,0,16,159,48,105,43,54,21,2511,121,221,96,2290,132
2019-2023,Kansas,Douglas County,0500000US20045,119547,0,49939,527,8079,689,1458,318,6621,676,41860,834,68756,2645,20,045,62860,1077,6965,838,4470,634,51425,1121,44664,1376,4862,727,4599,675,464,227,1561,483,643,355,1682,363,431,182,1260,481,119,102,9094,764,446,213,2659,435,1308,339,1351,277,47280,635,6771,608,40509,800
2019-2023,Kansas,Edwards County,0500000US20047,2817,0,1187,63,209,53,97,39,112,37,978,66,53792,2560,20,047,1262,77,95,40,74,31,1093,76,994,81,70,36,123,45,11,11,0,11,0,11,45,23,4,6,25,18,10,14,75,32,0,11,59,26,44,25,15,10,1128,67,165,49,963,66
2019-2023,Kansas,Elk County,0500000US20049,2464,0,1076,71,187,45,100,35,87,29,889,72,56087,9123,20,049,962,79,90,31,108,33,764,84,729,74,63,26,113,33,4,4,0,11,0,11,45,24,19,18,16,13,1,2,59,21,3,3,91,32,54,26,37,18,985,75,133,49,852,72
2019-2023,Kansas,Ellis County,0500000US20051,28870,0,12186,271,2372,364,725,237,1647,366,9814,344,59889,4452,20,051,15625,419,2393,376,1195,281,12037,562,12998,650,1846,382,902,231,128,92,3,7,0,21,680,202,342,137,112,82,34,57,930,245,43,40,674,175,433,160,241,99,11512,311,1939,355,9573,353
2019-2023,Kansas,Ellsworth County,0500000US20053,6366,0,2329,100,192,50,78,32,114,38,2137,95,66792,6488,20,053,2688,113,120,43,110,53,2458,135,2223,132,72,30,199,57,10,9,0,16,0,16,72,40,18,16,1,2,0,16,193,57,20,19,116,39,69,28,47,26,2213,93,123,45,2090,90
2019-2023,Kansas,Finney County,0500000US20055,38001,0,13198,267,1642,289,841,211,801,206,11556,331,72437,4380,20,055,18112,499,928,279,856,224,16328,590,14607,595,691,257,2737,426,184,101,50,54,0,24,100,73,0,24,100,54,0,24,518,165,53,43,1575,323,750,253,825,233,11623,401,892,210,10731,368
2019-2023,Kansas,Ford County,0500000US20057,34133,0,11768,209,1470,308,1027,280,443,159,10298,367,70495,5527,20,057,16412,640,1170,308,1185,365,14057,636,13413,694,892,244,2312,444,275,165,0,24,0,24,135,93,0,24,206,112,2,5,346,147,1,2,816,239,423,220,393,127,10952,323,1047,257,9905,372
2019-2023,Kansas,Franklin County,0500000US20059,25994,0,10289,216,1071,212,540,159,531,137,9218,288,72142,6333,20,059,12970,362,522,157,744,219,11704,465,10029,434,353,145,1129,291,75,59,12,20,0,21,253,126,58,43,350,207,2,3,1197,226,34,27,697,164,336,129,361,113,9592,263,735,163,8857,302
2019-2023,Kansas,Geary County,0500000US20061,35895,0,13787,405,2230,385,1481,295,749,212,11557,452,57344,5413,20,061,16526,519,1548,337,1529,332,13449,615,12925,556,1077,277,1871,387,148,80,173,111,20,29,371,144,94,73,347,127,76,81,839,269,133,97,1253,316,749,243,504,166,12534,449,1481,273,11053,475
2019-2023,Kansas,Gove County,0500000US20063,2796,0,1171,81,89,29,9,7,80,28,1082,79,63203,7004,20,063,1340,88,33,14,81,28,1226,95,1014,97,26,14,83,37,0,11,0,11,0,11,99,32,2,3,28,14,0,11,116,48,5,6,34,18,4,4,30,17,1137,83,85,29,1052,80
2019-2023,Kansas,Graham County,0500000US20065,2406,0,1181,67,160,47,97,46,63,28,1021,62,52909,3418,20,065,1148,88,98,43,111,52,939,74,911,86,75,40,38,20,0,11,3,6,3,6,40,22,4,6,64,48,14,17,92,39,2,3,60,30,46,27,14,12,1121,75,114,49,1007,63
2019-2023,Kansas,Grant County,0500000US20067,7284,0,2377,177,167,114,90,84,77,78,2210,184,72484,44074,20,067,3517,293,152,138,37,53,3328,377,2791,459,21,27,488,187,22,37,0,16,0,16,65,79,0,16,21,20,0,16,152,139,109,138,47,60,22,37,25,44,2330,176,145,107,2185,188
2019-2023,Kansas,Gray County,0500000US20069,5696,0,2078,77,97,38,81,37,16,12,1981,84,77885,5859,20,069,2810,97,87,50,178,75,2545,120,2368,135,67,52,235,76,20,30,2,3,0,16,68,35,0,16,18,13,0,16,119,38,0,16,43,34,23,28,20,18,2035,86,74,38,1961,86
2019-2023,Kansas,Greeley County,0500000US20071,1296,0,524,55,45,25,25,22,20,12,479,52,78819,5246,20,071,678,88,75,48,21,24,582,78,411,57,11,13,54,21,6,7,0,11,0,11,55,32,0,11,12,10,0,11,146,65,58,46,9,8,3,6,6,6,515,55,42,24,473,52
2019-2023,Kansas,Greenwood County,0500000US20073,5956,0,2604,114,428,106,204,78,224,72,2176,137,58276,6397,20,073,2790,154,237,78,213,69,2340,182,2198,140,124,60,308,67,26,25,6,10,0,16,52,29,24,20,68,43,39,38,158,51,24,30,383,94,201,79,182,51,2221,127,227,69,1994,128
2019-2023,Kansas,Hamilton County,0500000US20075,2485,0,770,119,69,44,17,19,52,38,701,112,61929,11075,20,075,1157,115,8,11,143,104,1006,137,770,96,6,8,198,107,0,11,0,11,0,11,55,39,2,4,2,4,0,11,132,65,0,11,21,25,0,11,21,25,749,121,69,44,680,116
2019-2023,Kansas,Harper County,0500000US20077,5446,0,2205,135,331,76,153,59,178,55,1874,132,55417,4274,20,077,2221,108,189,68,217,80,1815,127,1750,135,129,52,174,57,13,15,13,31,13,31,82,39,10,13,44,40,9,12,158,60,15,14,252,64,95,41,157,53,1953,128,236,65,1717,122
2019-2023,Kansas,Harvey County,0500000US20079,33823,0,13478,305,1234,283,427,162,807,229,12244,343,73269,5024,20,079,16109,634,690,180,1157,311,14262,685,12791,630,388,140,1253,314,220,138,3,7,3,7,373,161,13,14,301,169,0,24,1388,344,66,46,746,183,414,149,332,107,12732,349,820,260,11912,354
2019-2023,Kansas,Haskell County,0500000US20081,3695,0,1384,54,142,50,62,35,80,36,1242,71,69138,5465,20,081,1646,102,101,55,123,53,1422,111,1246,114,75,35,191,78,25,32,0,11,0,11,91,57,0,11,40,29,1,3,78,37,0,11,36,27,0,11,36,27,1348,59,142,50,1206,72
2019-2023,Kansas,Hodgeman County,0500000US20083,1676,0,666,66,44,18,19,13,25,18,622,68,63125,11185,20,083,820,97,31,20,41,22,748,96,684,88,22,16,46,27,0,11,0,11,0,11,48,30,9,13,8,10,0,11,34,19,0,11,22,12,12,11,10,7,644,66,32,18,612,68
2019-2023,Kansas,Jackson County,0500000US20085,13277,0,5100,153,463,125,173,77,290,83,4637,162,72703,3756,20,085,6410,251,417,151,260,85,5733,288,4823,289,264,83,826,196,112,133,5,8,0,18,96,45,17,23,270,124,0,18,390,123,24,31,274,93,185,81,89,44,4826,160,278,89,4548,164
2019-2023,Kansas,Jefferson County,0500000US20087,18391,0,7390,140,572,156,205,80,367,119,6818,180,77393,5265,20,087,9171,311,252,125,299,97,8620,348,7139,359,225,120,939,228,9,9,0,18,0,18,151,51,2,3,73,47,16,19,869,190,0,18,229,79,86,47,143,65,7161,158,486,153,6675,196
2019-2023,Kansas,Jewell County,0500000US20089,2909,0,1268,80,127,40,65,34,62,22,1141,83,52344,5196,20,089,1345,71,60,32,138,60,1147,74,1014,85,40,25,129,50,2,4,9,12,9,12,47,20,5,8,19,13,1,2,127,34,3,4,69,25,34,19,35,17,1199,79,93,35,1106,80
2019-2023,Kansas,Johnson County,0500000US20091,614764,0,244777,1080,14094,943,5494,564,8600,821,230683,1315,107261,1307,20,091,331629,2508,9857,951,9876,1154,311896,2802,239638,2367,7323,782,18767,1355,1009,337,595,156,80,56,2917,468,123,71,3511,473,206,110,66201,2381,1116,282,5226,485,2205,346,3021,445,239551,1172,11889,959,227662,1356
2019-2023,Kansas,Kearny County,0500000US20093,3910,0,1365,80,81,43,41,29,40,28,1284,75,74135,18323,20,093,1728,127,55,37,136,83,1537,146,1333,166,28,25,219,111,22,29,0,11,0,11,36,30,0,11,31,40,0,11,109,66,5,10,115,62,53,36,62,56,1250,96,28,21,1222,96
2019-2023,Kansas,Kingman County,0500000US20095,7284,0,3088,129,275,101,108,47,167,90,2813,144,59819,3954,20,095,3558,181,174,102,197,88,3187,212,2969,179,100,81,340,97,46,47,0,16,0,16,44,26,10,12,19,18,0,16,186,62,18,17,210,101,110,82,100,58,2878,145,165,49,2713,151
2019-2023,Kansas,Kiowa County,0500000US20097,2422,0,948,56,56,26,26,19,30,16,892,47,73214,4518,20,097,1159,62,40,23,59,35,1060,69,928,76,32,22,58,26,3,9,6,6,0,11,67,22,5,6,9,8,0,11,91,26,0,11,53,23,17,12,36,19,895,58,39,22,856,51
2019-2023,Kansas,Labette County,0500000US20099,19949,0,8057,250,1153,179,434,107,719,153,6904,275,55439,2945,20,099,8929,488,734,206,706,206,7489,544,6793,457,434,139,1233,261,141,103,4,6,3,6,233,76,49,37,171,112,38,72,495,157,69,69,824,184,454,127,370,129,7233,283,699,153,6534,298
2019-2023,Kansas,Lane County,0500000US20101,1497,0,725,76,83,48,25,28,58,37,642,74,53042,11166,20,101,723,105,56,43,62,52,605,99,508,109,4,8,55,28,7,9,0,11,0,11,80,44,20,27,6,5,0,11,74,47,25,33,20,21,0,11,20,21,705,78,83,48,622,73
2019-2023,Kansas,Leavenworth County,0500000US20103,82493,0,29754,356,2646,392,1286,273,1360,268,27108,495,86906,3854,20,103,36567,908,1405,357,1221,293,33941,869,28687,937,855,310,2888,499,246,100,68,78,29,57,567,184,125,89,564,205,83,106,3793,530,67,59,1621,376,666,193,955,309,28133,476,1980,350,26153,585
2019-2023,Kansas,Lincoln County,0500000US20105,2924,0,1221,78,178,65,54,37,124,49,1043,96,53546,4052,20,105,1447,112,67,37,135,40,1245,117,1119,113,65,36,143,44,2,3,0,11,0,11,78,39,0,11,22,20,0,11,85,44,0,11,83,35,38,28,45,24,1138,85,140,51,998,97
2019-2023,Kansas,Linn County,0500000US20107,9723,0,4299,182,559,122,217,77,342,94,3740,168,59200,4451,20,107,4288,224,220,84,138,67,3930,253,3367,227,117,58,347,125,23,18,26,36,0,16,140,75,11,21,82,68,59,62,326,105,10,13,334,89,174,61,160,56,3965,178,385,99,3580,169
2019-2023,Kansas,Logan County,0500000US20109,2720,0,1238,57,167,59,71,40,96,46,1071,67,71389,6570,20,109,1430,67,147,58,83,37,1200,96,1123,70,120,51,67,31,14,16,0,11,0,11,65,28,12,19,6,7,0,11,169,58,1,3,117,54,64,40,53,37,1121,68,103,44,1018,75
2019-2023,Kansas,Lyon County,0500000US20111,32145,0,13322,282,1914,282,673,185,1241,213,11408,394,59078,2367,20,111,16067,556,1644,375,1529,322,12894,633,12411,540,1203,250,1857,330,178,132,28,31,2,5,618,205,160,123,142,82,40,41,1011,237,61,60,854,201,352,147,502,174,12468,325,1562,261,10906,387
2019-2023,Kansas,McPherson County,0500000US20113,30130,0,12151,239,1085,238,505,173,580,173,11066,307,77701,3510,20,113,15407,489,992,354,577,188,13838,561,12513,571,727,312,1118,257,79,95,0,24,0,24,547,181,51,64,213,97,54,52,1016,239,81,66,287,100,165,72,122,50,11864,267,920,219,10944,310
2019-2023,Kansas,Marion County,0500000US20115,11795,0,4692,183,462,85,186,52,276,69,4230,173,63438,3332,20,115,5450,209,289,78,359,87,4802,228,4204,233,199,65,471,98,9,7,8,10,4,9,222,64,56,34,63,30,6,6,482,101,15,17,296,82,94,31,202,81,4396,184,368,75,4028,176
2019-2023,Kansas,Marshall County,0500000US20117,10001,0,4101,148,489,106,145,60,344,98,3612,158,70828,5254,20,117,4893,174,209,69,347,119,4337,226,3759,258,160,61,594,126,29,25,18,26,0,18,229,94,12,11,34,28,1,2,259,75,7,7,230,97,139,77,91,57,3871,153,350,85,3521,152
2019-2023,Kansas,Meade County,0500000US20119,3949,0,1496,103,129,52,75,39,54,32,1367,97,74868,9127,20,119,1857,125,86,46,112,73,1659,132,1461,125,40,33,205,77,39,31,5,7,0,11,25,19,0,11,13,15,7,10,148,49,0,11,82,47,30,26,52,38,1414,106,99,43,1315,101
2019-2023,Kansas,Miami County,0500000US20121,34625,0,13532,224,1069,335,457,256,612,223,12463,388,88000,4542,20,121,17239,610,426,175,650,230,16163,676,13357,624,284,136,1403,298,64,56,0,24,0,24,221,158,54,75,96,60,0,24,2162,368,24,39,405,149,164,98,241,97,13127,276,905,342,12222,379
2019-2023,Kansas,Mitchell County,0500000US20123,5767,0,2567,122,272,84,118,47,154,76,2295,149,58233,8070,20,123,2680,198,107,57,165,67,2408,222,2094,207,36,20,182,66,8,10,44,54,44,54,112,70,10,17,5,6,2,5,243,97,7,9,155,81,101,70,54,50,2412,148,171,58,2241,149
2019-2023,Kansas,Montgomery County,0500000US20125,31143,0,12871,320,2171,254,936,198,1235,193,10700,372,53242,3907,20,125,13132,447,1136,232,1103,253,10893,619,10661,545,818,199,1332,285,123,65,75,70,0,24,497,173,121,67,147,83,46,54,420,114,28,29,1453,201,856,150,597,141,11418,366,1315,238,10103,371
2019-2023,Kansas,Morris County,0500000US20127,5388,0,2499,110,329,103,170,76,159,79,2170,132,56716,6495,20,127,2693,169,175,74,101,52,2417,172,2234,173,137,67,210,96,15,21,6,11,0,16,8,11,0,16,24,23,0,16,211,85,23,23,108,51,59,46,49,28,2391,116,270,85,2121,134
2019-2023,Kansas,Morton County,0500000US20129,2647,0,950,91,154,68,41,34,113,59,796,84,65625,17454,20,129,1094,124,58,39,62,42,974,142,945,126,54,40,39,24,4,6,0,11,0,11,23,18,0,11,5,7,0,11,82,52,0,11,63,42,42,37,21,19,887,84,112,60,775,82
2019-2023,Kansas,Nemaha County,0500000US20131,10213,0,4047,132,288,91,135,64,153,60,3759,160,77375,6654,20,131,4974,199,197,91,242,81,4535,219,4180,213,156,85,356,106,32,41,9,14,6,13,165,58,2,3,44,35,0,18,220,86,1,2,128,62,41,26,87,53,3919,140,247,85,3672,154
2019-2023,Kansas,Neosho County,0500000US20133,15715,0,6322,173,1070,166,449,137,621,147,5252,197,55704,4053,20,133,6981,345,413,131,526,170,6042,362,5367,389,210,91,914,201,136,98,15,22,2,5,124,88,17,19,49,57,1,3,512,140,47,49,658,152,388,125,270,99,5664,255,682,163,4982,218
2019-2023,Kansas,Ness County,0500000US20135,2659,0,1163,68,99,36,61,28,38,19,1064,68,66107,8821,20,135,1417,93,77,38,72,31,1268,94,1040,83,54,27,170,39,0,11,0,11,0,11,74,31,11,13,29,26,12,19,104,36,0,11,40,25,33,24,7,8,1123,64,66,27,1057,68
2019-2023,Kansas,Norton County,0500000US20137,5392,0,1917,183,186,80,98,62,88,56,1731,168,50305,4345,20,137,1968,185,116,67,267,143,1585,202,1455,195,98,62,51,38,4,8,9,16,0,16,110,90,14,23,2,4,0,16,341,150,0,16,176,91,92,64,84,64,1741,207,94,57,1647,179
2019-2023,Kansas,Osage County,0500000US20139,15780,0,6362,158,733,120,310,86,423,89,5629,172,70216,3246,20,139,7437,292,349,89,299,107,6789,306,5679,319,197,66,890,196,107,54,15,7,0,18,146,50,20,20,122,55,12,12,585,111,13,20,562,129,274,91,288,80,5800,171,459,99,5341,174
2019-2023,Kansas,Osborne County,0500000US20141,3473,0,1609,92,197,51,74,31,123,40,1412,95,59408,9435,20,141,1757,93,122,56,135,56,1500,105,1361,93,107,56,172,45,7,8,0,11,0,11,108,55,3,6,46,28,0,11,70,32,5,10,161,48,103,43,58,29,1448,101,94,38,1354,89
2019-2023,Kansas,Ottawa County,0500000US20143,5782,0,2377,81,308,70,163,54,145,53,2069,102,76755,5798,20,143,2832,129,176,65,135,53,2521,163,2240,126,129,58,185,48,4,6,14,16,0,16,126,46,11,13,16,13,7,10,251,67,25,18,197,80,99,49,98,62,2180,111,209,67,1971,113
2019-2023,Kansas,Pawnee County,0500000US20145,6220,0,2415,142,260,83,23,20,237,81,2155,158,63625,7411,20,145,2824,205,114,85,73,47,2637,186,1963,232,46,40,352,178,31,44,2,5,0,16,97,74,0,16,86,48,2,3,324,132,35,77,88,51,62,42,26,28,2327,151,198,75,2129,159
2019-2023,Kansas,Phillips County,0500000US20147,4874,0,2182,90,255,64,137,52,118,40,1927,101,61235,4286,20,147,2238,121,146,54,74,34,2018,132,1833,137,55,35,216,78,56,52,11,13,0,11,45,22,9,11,24,20,0,11,109,42,26,21,173,63,84,51,89,46,2009,99,171,43,1838,103
2019-2023,Kansas,Pottawatomie County,0500000US20149,25808,0,9084,297,769,171,323,133,446,157,8315,269,87694,5334,20,149,12444,432,344,122,587,179,11513,447,9979,507,152,78,1232,258,49,34,0,21,0,21,266,111,81,70,77,52,0,21,890,189,62,55,387,124,143,62,244,107,8697,302,626,162,8071,291
2019-2023,Kansas,Pratt County,0500000US20151,9120,0,3521,182,405,104,148,64,257,84,3116,211,64348,3437,20,151,4102,215,291,90,245,97,3566,227,3345,242,200,79,228,83,26,28,6,9,6,9,200,102,37,36,46,26,0,16,277,108,22,33,200,69,109,54,91,54,3321,190,296,91,3025,204
2019-2023,Kansas,Rawlins County,0500000US20153,2533,0,1166,61,122,42,75,34,47,21,1044,59,65000,12468,20,153,1315,105,98,40,135,64,1082,127,919,99,61,34,160,63,8,10,3,5,3,5,22,15,3,5,41,23,5,7,170,60,18,15,137,48,36,23,101,42,1029,63,86,30,943,71
2019-2023,Kansas,Reno County,0500000US20155,61693,0,25344,371,3265,348,1373,249,1892,326,22079,437,60498,1953,20,155,28381,683,1667,352,2023,405,24691,766,23453,810,1322,323,2389,350,175,100,35,39,17,33,342,120,46,39,528,141,46,47,1634,283,61,49,2050,337,942,208,1108,230,23294,473,2323,348,20971,458
2019-2023,Kansas,Republic County,0500000US20157,4662,0,1994,115,213,62,72,24,141,56,1781,109,53611,5112,20,157,2128,107,139,46,203,70,1786,123,1673,148,111,38,227,63,7,9,0,11,0,11,74,32,0,11,62,37,13,17,92,34,8,10,74,32,35,15,39,27,1920,111,178,59,1742,106
2019-2023,Kansas,Rice County,0500000US20159,9389,0,3694,147,365,112,121,57,244,87,3329,149,63947,5057,20,159,4194,221,117,60,261,97,3816,257,3295,223,73,49,493,159,26,25,3,5,0,16,165,69,0,16,28,17,6,12,210,69,12,12,214,80,85,47,129,62,3480,178,280,98,3200,169
2019-2023,Kansas,Riley County,0500000US20161,71710,0,27137,562,6141,580,1640,388,4501,479,20996,652,59560,2284,20,161,34402,973,5733,659,2733,537,25936,1046,24949,966,4091,619,3815,592,512,343,72,58,33,29,1606,359,580,173,689,226,159,94,3271,484,358,196,2052,402,1165,294,887,310,25085,691,4976,532,20109,669
2019-2023,Kansas,Rooks County,0500000US20163,4869,0,2142,89,164,52,36,17,128,45,1978,86,61596,3161,20,163,2388,111,68,32,145,64,2175,137,2019,103,55,30,174,64,7,7,0,11,0,11,54,31,1,3,13,21,0,11,128,45,5,7,109,47,26,17,83,45,2033,91,138,47,1895,86
2019-2023,Kansas,Rush County,0500000US20165,2957,0,1382,90,160,47,62,26,98,36,1222,100,60288,8710,20,165,1393,117,101,41,95,51,1197,138,1089,130,83,37,99,36,17,16,1,2,0,11,81,45,0,11,4,5,1,2,119,50,0,11,82,38,53,33,29,22,1300,82,107,35,1193,96
2019-2023,Kansas,Russell County,0500000US20167,6717,0,3099,165,509,143,155,71,354,130,2590,189,53902,6738,20,167,3382,198,180,81,210,109,2992,260,2679,228,115,63,380,134,41,36,3,6,0,16,8,12,8,12,49,51,0,16,263,107,16,27,430,161,177,101,253,125,2669,178,332,116,2337,181
2019-2023,Kansas,Saline County,0500000US20169,53801,0,22299,385,3432,486,1165,284,2267,409,18867,611,63316,3634,20,169,26681,818,2020,435,1709,369,22952,980,21195,733,1279,353,2782,536,292,141,104,76,43,46,410,201,143,129,512,274,127,152,1678,445,136,158,1969,362,1244,294,725,246,20330,486,2188,392,18142,571
2019-2023,Kansas,Scott County,0500000US20171,5071,0,2190,105,199,104,165,92,34,46,1991,138,67788,16628,20,171,2423,211,131,79,157,156,2135,240,2182,261,131,79,100,97,0,16,0,16,0,16,6,12,0,16,0,16,0,16,135,78,0,16,120,92,0,16,120,92,2070,134,199,104,1871,158
2019-2023,Kansas,Sedgwick County,0500000US20173,524810,0,205024,1287,27379,1281,12424,934,14955,972,177645,1637,67675,1215,20,173,249817,2483,16694,983,14912,1057,218211,2324,201809,2321,11765,867,22380,1347,2382,418,1526,411,402,175,2401,425,481,210,4116,693,697,187,17585,900,967,243,19963,1255,10313,971,9650,823,185061,1710,17066,1081,167995,1752
2019-2023,Kansas,Seward County,0500000US20175,21640,0,7208,244,895,252,518,195,377,164,6313,278,62269,6466,20,175,10137,412,702,304,631,260,8804,524,7849,555,544,261,1662,398,158,96,5,19,0,21,161,141,0,21,154,147,0,21,306,132,0,21,743,221,258,130,485,215,6465,325,637,226,5828,301
2019-2023,Kansas,Shawnee County,0500000US20177,178315,0,74528,654,9093,713,4010,535,5083,531,65435,880,66043,1865,20,177,83497,1405,4869,587,5062,691,73566,1521,65261,1622,3106,487,7278,623,904,278,543,262,144,101,1326,326,165,105,740,240,0,27,8349,704,550,261,6494,652,3276,505,3218,488,68034,927,5817,544,62217,947
2019-2023,Kansas,Sheridan County,0500000US20179,2442,0,1022,44,93,33,54,25,39,26,929,52,70000,12041,20,179,1282,70,54,25,36,22,1192,83,866,87,48,24,89,44,0,11,0,11,0,11,123,58,6,11,11,15,0,11,193,60,0,11,26,21,20,19,6,6,996,44,73,32,923,51
2019-2023,Kansas,Sherman County,0500000US20181,5919,0,2358,172,272,112,83,66,189,86,2086,190,64444,7787,20,181,2939,198,125,71,153,91,2661,248,2279,223,104,66,114,80,3,7,0,16,0,16,80,56,15,20,39,38,3,6,427,157,0,16,106,73,91,67,15,24,2252,175,181,82,2071,192
2019-2023,Kansas,Smith County,0500000US20183,3579,0,1578,80,130,43,37,23,93,33,1448,76,57024,4857,20,183,1708,99,96,45,84,36,1528,104,1365,98,55,23,170,54,22,29,9,10,3,5,61,29,10,8,27,15,3,5,76,32,3,5,74,26,36,17,38,18,1504,84,94,38,1410,78
2019-2023,Kansas,Stafford County,0500000US20185,4004,0,1598,82,167,41,69,26,98,34,1431,74,63786,6136,20,185,1940,92,136,52,95,33,1709,105,1493,99,96,47,195,67,28,20,0,11,0,11,56,26,8,9,14,11,0,11,182,56,4,5,62,24,20,11,42,20,1536,82,147,40,1389,74
2019-2023,Kansas,Stanton County,0500000US20187,2018,0,822,106,41,54,38,50,3,5,781,136,70361,4719,20,187,912,171,0,11,64,59,848,162,723,152,0,11,92,52,0,11,0,11,0,11,15,15,0,11,37,38,0,11,45,56,0,11,51,48,38,50,13,15,771,130,3,5,768,132
2019-2023,Kansas,Stevens County,0500000US20189,5212,0,1789,131,183,70,103,61,80,56,1606,138,61909,7482,20,189,2280,242,131,79,210,123,1939,271,1806,220,119,76,289,140,0,16,0,16,0,16,25,32,10,20,43,43,0,16,117,67,2,5,51,36,4,6,47,37,1738,133,179,70,1559,145
2019-2023,Kansas,Sumner County,0500000US20191,22386,0,8974,225,1117,210,424,115,693,173,7857,273,60348,4031,20,191,9817,415,416,111,871,269,8530,506,8101,381,333,104,644,160,40,36,0,21,0,21,296,145,8,8,93,56,14,13,683,183,21,15,861,184,406,113,455,148,8113,280,711,158,7402,307
2019-2023,Kansas,Thomas County,0500000US20193,7913,0,3101,166,340,150,90,65,250,136,2761,204,73575,7825,20,193,4041,180,203,85,220,147,3618,232,3360,250,52,42,252,82,78,52,0,16,0,16,113,77,14,15,21,18,10,17,295,158,49,55,128,88,57,57,71,75,2973,180,283,138,2690,201
2019-2023,Kansas,Trego County,0500000US20195,2778,0,1346,82,83,34,33,22,50,25,1263,88,73375,16736,20,195,1454,75,51,32,85,61,1318,110,1124,107,46,32,167,79,4,8,0,11,0,11,49,47,1,3,0,11,0,11,114,58,0,11,81,45,25,21,56,34,1265,94,58,26,1207,97
2019-2023,Kansas,Wabaunsee County,0500000US20197,6961,0,2616,108,217,46,84,33,133,41,2399,113,70536,10415,20,197,3221,192,169,67,92,39,2960,213,2424,160,56,30,282,110,31,30,5,9,0,16,116,43,10,9,42,44,15,18,352,95,57,56,137,39,72,26,65,33,2479,114,145,41,2334,114
2019-2023,Kansas,Wallace County,0500000US20199,1459,0,660,57,74,34,37,25,37,33,586,56,60263,8492,20,199,699,77,25,23,37,32,637,76,526,74,3,5,52,31,7,7,2,3,0,11,55,33,14,21,4,6,0,11,60,26,1,2,47,33,35,30,12,13,613,63,39,28,574,58
2019-2023,Kansas,Washington County,0500000US20201,5519,0,2371,84,208,46,74,25,134,40,2163,90,62452,4861,20,201,2565,140,99,33,132,43,2334,134,2037,121,68,24,197,51,10,8,1,2,1,2,107,34,10,12,33,17,0,16,190,42,10,10,118,39,40,15,78,33,2253,81,168,44,2085,89
2019-2023,Kansas,Wichita County,0500000US20203,2115,0,878,89,150,69,48,31,102,65,728,88,71282,10895,20,203,940,128,70,61,38,27,832,133,637,112,29,27,153,77,41,58,0,11,0,11,35,29,0,11,4,7,0,11,111,73,0,11,46,34,32,29,14,18,832,94,118,65,714,92
2019-2023,Kansas,Wilson County,0500000US20205,8559,0,3515,151,505,96,289,77,216,67,3010,159,57056,7292,20,205,3854,191,239,83,282,96,3333,224,3153,200,141,58,384,132,54,56,14,18,0,16,52,28,3,5,65,55,24,34,186,51,17,21,293,77,168,57,125,49,3222,155,337,82,2885,157
2019-2023,Kansas,Woodson County,0500000US20207,3118,0,1226,90,148,44,66,26,82,32,1078,94,48152,6874,20,207,1253,98,66,35,108,50,1079,99,1024,96,38,26,100,38,11,10,0,11,0,11,71,39,14,14,16,17,0,11,42,24,3,5,105,31,57,20,48,24,1121,91,91,38,1030,93
2019-2023,Kansas,Wyandotte County,0500000US20209,167277,0,61241,656,10348,732,5250,566,5098,601,50893,771,60582,1645,20,209,76915,1224,5613,794,6072,702,65230,1290,58457,1514,4068,681,9230,888,1066,327,733,245,112,81,983,223,112,50,874,295,66,49,6638,633,189,124,7822,614,4286,475,3536,485,53419,899,6062,584,47357,864
2019-2023,Kentucky,Adair County,0500000US21001,19016,0,6986,239,1429,214,571,151,858,184,5557,292,50316,4419,21,001,7144,364,438,133,699,209,6007,457,5445,408,370,123,740,224,50,41,0,20,0,20,82,57,0,20,86,84,9,15,791,256,9,16,1097,191,654,165,443,149,5889,288,775,205,5114,306
2019-2023,Kentucky,Allen County,0500000US21003,21029,0,7852,230,1063,232,620,160,443,156,6789,291,59029,5602,21,003,8770,459,714,302,424,208,7632,564,6518,586,549,270,1007,309,114,143,40,58,0,24,342,233,30,46,41,49,0,24,822,309,21,26,1021,213,342,116,679,198,6831,316,721,211,6110,303
2019-2023,Kentucky,Anderson County,0500000US21005,24098,0,9496,245,1006,291,587,231,419,172,8490,359,71747,7357,21,005,11118,432,532,240,462,215,10124,616,9076,491,408,184,844,243,81,105,4,6,0,24,8,13,0,24,133,135,0,24,1053,239,43,44,757,260,422,189,335,183,8739,348,584,194,8155,385
2019-2023,Kentucky,Ballard County,0500000US21007,7678,0,3121,138,402,89,249,73,153,48,2719,151,64740,9078,21,007,3327,230,182,73,271,85,2874,226,2915,233,144,65,212,66,29,20,5,10,0,18,68,34,6,8,17,17,3,5,110,72,0,18,335,100,130,45,205,83,2786,171,272,79,2514,186
2019-2023,Kentucky,Barren County,0500000US21009,44670,0,17972,342,3682,442,1999,350,1683,296,14290,478,49171,2404,21,009,18076,690,1405,305,1751,435,14920,843,13893,766,994,222,2331,414,302,143,71,85,0,27,295,117,8,15,286,115,56,42,1200,237,45,34,2702,360,1631,297,1071,238,15270,450,2051,332,13219,506
2019-2023,Kentucky,Bath County,0500000US21011,12812,0,4743,226,1058,195,552,172,506,146,3685,245,54128,8252,21,011,4764,365,384,161,183,96,4197,446,4007,350,357,163,485,145,20,19,0,20,0,20,92,52,5,7,13,13,0,20,167,62,2,4,954,209,702,178,252,97,3789,273,356,110,3433,259
2019-2023,Kentucky,Bell County,0500000US21013,23878,0,9526,348,2917,425,1264,274,1653,340,6609,398,32403,3821,21,013,6842,429,726,223,807,247,5309,510,5014,447,442,154,1248,251,234,159,0,24,0,24,300,169,9,11,46,46,0,24,234,116,41,46,2050,331,1262,245,788,191,7476,390,1655,376,5821,422
2019-2023,Kentucky,Boone County,0500000US21015,137676,0,50341,398,3423,430,1482,275,1941,326,46918,545,94752,3275,21,015,69398,1156,2432,517,2582,557,64384,1225,53913,1332,1692,447,5720,926,323,178,285,128,14,18,225,104,57,62,1189,310,189,132,8066,755,157,130,2908,438,1133,294,1775,367,47433,585,2290,379,45143,650
2019-2023,Kentucky,Bourbon County,0500000US21017,20174,0,8128,251,1414,284,540,173,874,257,6714,328,56322,3570,21,017,8893,364,435,146,910,260,7548,462,6818,421,287,109,875,221,72,55,19,24,0,24,210,120,57,74,118,73,15,26,853,213,4,7,1149,201,657,173,492,152,6979,339,757,217,6222,322
2019-2023,Kentucky,Boyd County,0500000US21019,48043,0,19016,395,3423,385,1531,295,1892,328,15593,544,60659,2677,21,019,18926,707,1316,244,1146,326,16464,819,15319,711,874,187,1940,386,92,52,34,29,12,19,439,164,274,141,169,121,1,3,1025,221,63,43,3097,426,1897,320,1200,286,15919,557,1526,247,14393,581
2019-2023,Kentucky,Boyle County,0500000US21021,30708,0,11806,246,1983,354,839,214,1144,269,9823,368,61635,3997,21,021,11940,458,702,231,598,173,10640,531,9785,477,539,217,933,261,56,53,29,31,9,14,161,92,23,26,49,43,0,27,983,218,75,51,1064,218,544,131,520,177,10742,283,1439,313,9303,389
2019-2023,Kentucky,Bracken County,0500000US21023,8427,0,3263,135,574,119,356,102,218,76,2689,175,59521,7006,21,023,3601,208,192,81,190,95,3219,233,2880,240,155,72,524,132,27,25,5,8,0,18,68,37,10,9,2,4,0,18,122,60,0,18,535,134,252,79,283,111,2728,163,322,96,2406,173
2019-2023,Kentucky,Breathitt County,0500000US21025,13438,0,5532,171,1583,208,792,179,791,161,3949,212,41101,6303,21,025,4516,340,401,162,271,126,3844,379,3518,328,300,153,616,191,35,55,4,7,0,20,144,68,32,31,53,39,9,14,181,86,25,39,1813,198,1018,175,795,139,3719,202,565,131,3154,212
2019-2023,Kentucky,Breckinridge County,0500000US21027,20722,0,7647,263,1545,280,763,197,782,216,6102,326,53673,4499,21,027,8017,494,700,234,484,151,6833,569,6565,524,454,186,678,194,111,81,122,122,31,33,168,137,18,26,180,91,8,14,304,155,78,111,1027,203,614,165,413,150,6620,292,931,239,5689,334
2019-2023,Kentucky,Bullitt County,0500000US21029,83209,0,31425,376,3205,441,1652,346,1553,304,28220,589,77640,2057,21,029,41553,873,1799,354,1355,290,38399,986,33527,868,1419,293,3724,580,202,154,14,19,0,30,407,181,47,49,222,128,0,30,3659,498,131,119,2210,382,1199,309,1011,258,29215,600,2006,340,27209,646
2019-2023,Kentucky,Butler County,0500000US21031,12373,0,4561,178,956,186,371,111,585,154,3605,218,52003,5624,21,031,4758,250,387,125,288,126,4083,328,3961,288,297,100,575,140,73,53,0,20,0,20,95,66,17,26,25,25,0,20,102,51,0,20,817,172,501,151,316,88,3744,213,455,106,3289,231
2019-2023,Kentucky,Caldwell County,0500000US21033,12631,0,5187,208,798,191,443,165,355,122,4389,239,57618,7603,21,033,5387,441,404,131,360,160,4623,438,4352,439,269,114,603,208,77,75,0,20,0,20,101,77,0,20,2,4,0,20,329,170,58,63,643,189,360,148,283,128,4544,244,438,142,4106,247
2019-2023,Kentucky,Calloway County,0500000US21035,37882,0,15086,389,2865,411,1019,231,1846,342,12221,435,51854,3769,21,035,16064,564,1529,404,1508,394,13027,601,13285,640,1113,371,1441,303,241,139,14,11,9,7,296,145,78,94,182,104,42,65,846,192,46,31,1612,269,675,179,937,191,13474,463,2190,389,11284,481
2019-2023,Kentucky,Campbell County,0500000US21037,93193,0,39232,324,4779,513,1574,281,3205,480,34453,618,77271,3394,21,037,47181,741,2027,332,1695,328,43459,801,34713,902,1240,257,3505,436,228,128,369,131,69,51,1112,236,256,151,438,136,49,44,7044,641,185,99,2454,383,1154,291,1300,272,36778,503,3625,477,33153,683
2019-2023,Kentucky,Carlisle County,0500000US21039,4763,0,1876,83,311,84,151,51,160,68,1565,92,62019,6477,21,039,2004,107,140,40,169,64,1695,130,1730,107,120,40,137,54,12,13,16,18,0,13,2,4,0,13,10,12,6,10,109,45,2,3,245,59,138,53,107,40,1631,100,173,68,1458,99
2019-2023,Kentucky,Carroll County,0500000US21041,10878,0,4087,172,732,154,473,148,259,87,3355,207,57753,9561,21,041,4259,316,405,154,259,124,3595,331,3393,309,240,99,373,162,14,20,0,20,0,20,64,72,8,11,222,150,62,78,207,103,81,72,506,137,252,119,254,106,3581,227,480,143,3101,222
2019-2023,Kentucky,Carter County,0500000US21043,26515,0,10371,321,2189,343,1143,261,1046,227,8182,475,50389,3770,21,043,9293,585,711,183,780,246,7802,566,7608,587,500,172,1132,257,136,89,0,24,0,24,296,159,75,87,66,47,0,24,191,107,0,24,1955,273,1226,278,729,187,8416,441,963,210,7453,438
2019-2023,Kentucky,Casey County,0500000US21045,15951,0,6217,252,1656,228,770,155,886,197,4561,277,41689,3578,21,045,5325,405,471,161,623,184,4231,381,4060,402,346,143,644,223,21,32,26,31,0,20,161,74,34,35,71,49,7,11,363,132,63,65,975,209,623,150,352,142,5242,310,1033,223,4209,301
2019-2023,Kentucky,Christian County,0500000US21047,72599,0,25676,386,4736,529,2195,321,2541,465,20940,614,54190,3191,21,047,26762,884,2264,490,2891,521,21607,941,21988,977,1699,419,2640,472,290,130,2,4,2,4,317,120,79,74,617,209,78,68,1198,262,116,90,3293,454,1570,294,1723,351,22383,542,3166,530,19217,688
2019-2023,Kentucky,Clark County,0500000US21049,37004,0,14934,299,1846,263,730,155,1116,229,13088,386,67824,3887,21,049,16458,617,796,257,922,271,14740,627,13128,653,572,233,1325,312,157,107,4,3,2,5,150,112,22,34,153,120,0,27,1698,371,43,51,1791,286,837,186,954,215,13143,361,1009,212,12134,382
2019-2023,Kentucky,Clay County,0500000US21051,20105,0,7178,286,2319,312,1436,298,883,182,4859,325,39607,4983,21,051,6237,488,789,245,722,285,4726,622,4793,445,670,223,848,248,27,36,14,23,0,24,73,41,15,15,48,58,0,24,461,164,77,71,2395,343,1525,285,870,199,4783,376,794,215,3989,352
2019-2023,Kentucky,Clinton County,0500000US21053,9240,0,3762,187,778,161,342,108,436,125,2984,223,42168,5071,21,053,3846,267,255,107,458,230,3133,407,3221,295,156,96,340,138,34,37,0,18,0,18,1,2,1,2,29,29,6,11,255,97,58,48,800,187,496,143,304,121,2962,215,282,95,2680,226
2019-2023,Kentucky,Crittenden County,0500000US21055,8972,0,3553,189,587,137,302,87,285,108,2966,188,47003,11056,21,055,3381,207,230,82,339,121,2812,233,2458,220,139,68,628,158,48,41,0,18,0,18,113,60,17,22,16,16,0,18,166,77,26,23,494,127,239,95,255,85,3059,193,348,106,2711,182
2019-2023,Kentucky,Cumberland County,0500000US21057,5948,0,2430,170,887,190,406,141,481,139,1543,184,39662,4232,21,057,2001,213,293,111,304,132,1404,253,1599,221,209,82,261,121,84,96,11,18,0,18,78,61,0,18,2,4,0,18,50,32,0,18,672,164,424,131,248,111,1758,174,463,173,1295,180
2019-2023,Kentucky,Daviess County,0500000US21059,103195,0,41157,406,6536,618,3168,477,3368,455,34621,687,65323,3243,21,059,46752,993,2883,514,2749,506,41120,1095,39305,1087,2339,460,3760,500,265,119,118,59,37,39,624,269,167,144,453,157,63,57,2492,396,12,18,4761,510,2540,408,2221,394,36396,643,3996,507,32400,756
2019-2023,Kentucky,Edmonson County,0500000US21061,12243,0,4955,171,791,191,428,150,363,119,4164,203,54512,7328,21,061,4601,359,181,87,407,196,4013,376,3756,348,126,61,462,194,35,37,0,20,0,20,118,124,20,39,5,7,0,20,260,130,0,20,639,173,340,127,299,104,4316,211,451,173,3865,226
2019-2023,Kentucky,Elliott County,0500000US21063,7336,0,2289,146,576,149,304,100,272,113,1713,183,40074,8228,21,063,1859,236,34,32,58,48,1767,244,1465,297,34,32,226,178,0,18,12,15,0,18,0,18,0,18,2,4,0,18,154,93,0,18,533,139,344,117,189,96,1756,156,232,85,1524,162
2019-2023,Kentucky,Estill County,0500000US21065,14079,0,5900,208,1469,209,675,167,794,146,4431,276,43905,6308,21,065,4899,401,432,134,328,143,4139,424,3616,409,287,120,832,291,121,97,4,6,0,20,216,99,0,20,22,30,0,20,209,97,24,41,1580,237,817,193,763,219,4320,271,652,160,3668,263
2019-2023,Kentucky,Fayette County,0500000US21067,321122,0,137803,852,20969,1269,7064,848,13905,1180,116834,1390,67631,1736,21,067,162352,1753,15595,1172,10206,982,136551,2008,122217,2321,10724,929,13689,1274,1924,473,2117,427,549,249,4231,502,1103,335,2469,431,506,213,17629,1164,789,263,11730,836,6309,673,5421,646,126073,1145,14660,1104,111413,1515
2019-2023,Kentucky,Fleming County,0500000US21069,15221,0,5779,211,1379,213,749,158,630,172,4400,239,49663,6409,21,069,5834,351,555,180,393,185,4886,373,4822,370,315,123,608,176,201,99,2,9,0,20,75,51,24,27,24,25,15,19,303,128,0,20,1115,184,812,188,303,103,4664,216,567,162,4097,231
2019-2023,Kentucky,Floyd County,0500000US21071,35342,0,14460,378,3749,408,2089,315,1660,320,10711,516,41582,4825,21,071,11196,634,778,199,798,215,9620,663,9594,629,567,171,1066,244,140,87,0,27,0,27,157,127,23,27,59,53,3,4,320,131,45,56,3289,418,2150,388,1139,208,11171,495,1599,289,9572,489
2019-2023,Kentucky,Franklin County,0500000US21073,51563,0,22548,331,2812,386,1403,338,1409,247,19736,466,66470,6060,21,073,23847,632,1246,257,1587,402,21014,688,17723,740,757,196,2152,419,242,122,264,210,39,63,416,161,48,65,130,76,44,61,3162,592,116,82,2713,399,1420,328,1293,325,19835,509,1392,296,18443,474
2019-2023,Kentucky,Fulton County,0500000US21075,6440,0,2494,158,693,155,261,123,432,127,1801,161,36834,1208,21,075,2057,231,181,119,227,112,1649,256,1578,224,80,53,289,120,84,104,0,18,0,18,73,51,1,3,26,29,7,13,91,53,9,14,596,124,361,117,235,76,1898,150,332,125,1566,146
2019-2023,Kentucky,Gallatin County,0500000US21077,8749,0,3250,154,446,90,291,86,155,50,2804,155,62247,5118,21,077,3945,221,204,91,286,101,3455,258,3175,220,159,80,530,132,15,19,0,18,0,18,51,36,28,29,19,19,0,18,170,69,2,4,381,112,159,66,222,81,2869,162,287,69,2582,166
2019-2023,Kentucky,Garrard County,0500000US21079,17346,0,6625,159,991,144,654,128,337,101,5634,197,62572,6691,21,079,7276,330,548,165,546,178,6182,433,5660,406,428,137,701,205,107,69,44,55,0,20,23,24,13,19,40,33,0,20,808,205,0,20,970,158,524,124,446,121,5655,215,467,119,5188,203
2019-2023,Kentucky,Grant County,0500000US21081,25238,0,9235,228,1424,291,561,169,863,232,7811,312,67940,4830,21,081,11488,459,631,228,939,362,9918,584,9150,553,494,218,1141,337,79,58,0,24,0,24,303,160,33,39,130,82,4,6,764,203,21,29,1237,259,529,179,708,204,7998,285,895,257,7103,334
2019-2023,Kentucky,Graves County,0500000US21083,36612,0,14152,371,2981,439,1461,342,1520,283,11171,521,50576,3457,21,083,14933,647,1248,313,1147,360,12538,805,12345,638,806,229,1058,245,174,76,8,9,8,9,203,127,34,50,217,153,14,26,1102,227,212,133,2057,280,1290,250,767,240,12095,393,1691,332,10404,525
2019-2023,Kentucky,Grayson County,0500000US21085,26586,0,9772,326,1909,304,773,182,1136,283,7863,352,49893,2428,21,085,10799,500,606,172,566,176,9627,524,8615,575,433,140,1313,310,89,77,29,35,22,34,97,63,32,35,77,59,30,33,668,186,0,24,1087,222,623,158,464,136,8685,361,1286,266,7399,347
2019-2023,Kentucky,Green County,0500000US21087,11278,0,4394,183,1061,199,491,139,570,134,3333,230,41087,9450,21,087,4248,324,301,126,334,146,3613,360,3344,282,193,90,466,144,65,60,70,63,0,20,33,26,10,13,37,51,14,32,298,132,19,23,844,183,482,149,362,124,3550,220,579,150,2971,243
2019-2023,Kentucky,Greenup County,0500000US21089,35639,0,14600,271,2291,262,1072,201,1219,225,12309,325,59613,2435,21,089,13467,572,1094,261,855,223,11518,583,11256,610,772,195,1203,224,127,81,3,5,0,27,296,156,64,60,68,59,55,57,641,179,76,78,1966,293,976,186,990,232,12634,325,1315,228,11319,351
2019-2023,Kentucky,Hancock County,0500000US21091,9032,0,3537,114,661,142,364,123,297,76,2876,144,66836,8072,21,091,3941,191,186,91,231,95,3524,235,3363,205,144,88,423,136,19,21,0,18,0,18,11,18,0,18,23,27,0,18,121,55,23,21,509,119,274,94,235,87,3028,152,387,106,2641,167
2019-2023,Kentucky,Hardin County,0500000US21093,111452,0,43485,623,5272,540,2281,385,2991,416,38213,696,67608,3409,21,093,48846,943,2878,526,2594,417,43374,1087,38818,1161,1921,426,4414,633,605,235,119,70,32,41,525,231,62,90,1025,317,140,87,3945,549,118,82,4180,471,1753,334,2427,369,39305,677,3519,487,35786,752
2019-2023,Kentucky,Harlan County,0500000US21095,26185,0,10500,219,2952,359,1569,274,1383,264,7548,371,37198,3833,21,095,7250,509,770,186,784,214,5696,505,5427,424,510,165,1214,289,193,101,42,41,13,32,115,59,38,35,37,24,6,7,415,141,10,15,2861,341,1886,319,975,195,7639,346,1066,182,6573,387
2019-2023,Kentucky,Harrison County,0500000US21097,18971,0,7239,239,1290,258,646,205,644,193,5949,295,63205,3590,21,097,8333,481,523,195,667,276,7143,554,6716,501,279,159,824,234,62,52,0,20,0,20,291,151,122,81,81,80,0,20,421,182,60,80,1156,263,672,214,484,139,6083,287,618,184,5465,313
2019-2023,Kentucky,Hart County,0500000US21099,19470,0,7222,281,1605,253,726,153,879,207,5617,346,49653,3982,21,099,7582,379,760,221,1004,369,5818,528,5908,441,510,190,1119,288,211,129,15,18,0,20,51,38,10,9,180,99,0,20,309,132,29,22,1199,186,733,164,466,101,6023,304,872,190,5151,345
2019-2023,Kentucky,Henderson County,0500000US21101,44493,0,18458,360,3025,421,1581,312,1444,317,15433,508,58239,2898,21,101,19304,623,1260,269,1376,270,16668,735,15473,674,897,258,2237,339,211,101,32,25,0,27,303,125,44,49,318,139,72,77,941,229,36,50,2687,367,1615,332,1072,209,15771,487,1410,282,14361,494
2019-2023,Kentucky,Henry County,0500000US21103,15774,0,6147,125,1001,228,417,117,584,208,5146,239,60736,5285,21,103,6869,303,456,146,392,117,6021,321,5227,354,283,114,913,201,99,70,0,20,0,20,44,32,24,29,39,31,0,20,646,168,50,43,618,142,333,107,285,107,5529,183,668,212,4861,233
2019-2023,Kentucky,Hickman County,0500000US21105,4470,0,1640,149,342,98,160,72,182,85,1298,138,63750,21450,21,105,1820,187,153,89,75,52,1592,166,1313,214,78,47,140,68,46,49,53,56,0,13,52,52,6,10,93,73,0,13,169,80,23,36,224,85,136,63,88,66,1416,133,206,80,1210,128
2019-2023,Kentucky,Hopkins County,0500000US21107,45143,0,18169,426,3277,410,1555,313,1722,292,14892,499,57610,4163,21,107,18044,657,1128,275,969,232,15947,713,16055,676,799,254,1105,237,269,141,3,6,2,5,143,66,24,27,63,42,7,11,675,204,27,25,2394,335,1484,302,910,189,15775,460,1793,287,13982,499
2019-2023,Kentucky,Jackson County,0500000US21109,13003,0,5015,214,1368,281,574,224,794,218,3647,308,41410,8728,21,109,4216,457,187,109,334,153,3695,474,3312,463,94,72,450,150,18,26,38,47,0,20,116,97,73,86,41,40,2,5,259,132,0,20,1467,299,828,192,639,243,3548,331,540,195,3008,314
2019-2023,Kentucky,Jefferson County,0500000US21111,777392,0,329392,1172,45675,1593,20402,1211,25273,1253,283717,2054,67849,1081,21,111,379208,3000,23109,1322,21775,1416,334324,3451,280475,3215,15189,1094,31678,1747,2168,355,7138,929,1949,450,6195,842,1056,249,6695,789,1312,383,47027,1964,1435,298,34541,1581,19007,1100,15534,1198,294851,1768,26668,1345,268183,2058
2019-2023,Kentucky,Jessamine County,0500000US21113,53792,0,19645,334,1987,441,1148,330,839,275,17658,478,74886,5263,21,113,24720,787,1106,314,1302,303,22312,873,19222,808,869,277,2598,519,159,119,84,104,0,30,277,121,19,24,47,39,0,30,2492,472,59,42,1796,304,587,167,1209,265,17849,395,1400,402,16449,481
2019-2023,Kentucky,Johnson County,0500000US21115,22464,0,8843,338,2288,343,1055,230,1233,308,6555,443,43014,4550,21,115,7415,521,807,256,918,289,5690,557,6087,548,740,252,624,177,28,22,0,24,0,24,42,59,30,55,100,85,0,24,562,211,9,13,2095,344,1272,279,823,226,6748,420,1016,247,5732,441
2019-2023,Kentucky,Kenton County,0500000US21117,169817,0,67593,614,7432,617,3287,421,4145,466,60161,910,79421,2610,21,117,87786,1373,4237,579,3395,599,80154,1342,66416,1701,3023,518,6391,842,643,192,997,236,186,138,1117,249,95,59,1391,341,77,64,11474,1043,213,70,4672,484,2506,376,2166,340,62921,745,4926,502,57995,871
2019-2023,Kentucky,Knott County,0500000US21119,14046,0,5448,269,1491,232,836,198,655,157,3957,315,37736,6679,21,119,4097,390,278,107,319,125,3500,404,3105,422,229,96,427,154,27,40,17,29,0,20,144,95,0,20,41,40,0,20,363,169,22,16,1494,270,991,221,503,152,3954,309,500,146,3454,298
2019-2023,Kentucky,Knox County,0500000US21121,30034,0,11326,299,4060,477,2367,409,1693,321,7266,510,33153,5615,21,121,8572,685,1036,283,690,188,6846,754,6714,682,857,258,809,237,122,89,3,8,3,8,71,53,0,27,139,97,11,21,836,270,43,48,3541,492,2608,454,933,282,7785,522,1452,356,6333,467
2019-2023,Kentucky,Larue County,0500000US21123,15028,0,5966,153,1149,259,658,168,491,190,4817,255,67770,6376,21,123,6633,362,520,212,351,154,5762,462,5641,352,334,167,471,137,56,70,0,20,0,20,11,19,0,20,6,10,0,20,504,171,130,78,843,194,559,147,284,103,5123,212,590,199,4533,283
2019-2023,Kentucky,Laurel County,0500000US21125,62731,0,23835,458,5367,555,2946,448,2421,383,18468,641,56999,5454,21,125,26003,932,2301,415,1301,355,22401,1125,20099,892,1513,336,3414,605,483,199,47,45,34,39,261,159,16,23,278,115,113,88,1904,422,142,91,4049,456,2438,331,1611,275,19786,661,2929,478,16857,710
2019-2023,Kentucky,Lawrence County,0500000US21127,16171,0,6150,223,1475,240,759,175,716,209,4675,269,45584,6280,21,127,5050,457,492,159,327,149,4231,476,4342,499,399,148,429,160,57,54,14,20,0,20,19,35,19,35,21,25,0,20,225,107,17,23,1471,237,695,180,776,206,4679,311,780,218,3899,281
2019-2023,Kentucky,Lee County,0500000US21129,7375,0,2606,137,899,170,365,116,534,130,1707,196,34182,2140,21,129,2314,204,236,107,370,149,1708,208,1741,216,99,60,301,116,116,79,3,5,0,18,47,56,0,18,74,51,0,18,148,80,21,34,785,175,554,160,231,91,1821,190,345,103,1476,186
2019-2023,Kentucky,Leslie County,0500000US21131,10261,0,3909,247,1107,262,436,179,671,219,2802,289,40176,8358,21,131,3354,337,356,210,348,151,2650,384,2897,352,302,201,281,178,16,32,0,20,0,20,9,20,0,20,0,20,0,20,167,111,38,47,1189,252,653,226,536,205,2720,244,454,146,2266,254
2019-2023,Kentucky,Letcher County,0500000US21133,21146,0,8367,286,2168,358,1199,264,969,275,6199,368,40501,4196,21,133,6833,551,751,206,983,363,5099,571,5047,489,548,172,949,329,50,49,33,32,4,6,162,94,29,26,138,106,4,7,504,171,116,91,2234,297,1375,239,859,238,6133,356,793,230,5340,368
2019-2023,Kentucky,Lewis County,0500000US21135,13028,0,4905,203,1042,183,540,154,502,122,3863,211,41632,2389,21,135,4141,312,279,102,553,160,3309,365,3207,362,251,98,433,139,0,20,0,20,0,20,37,36,0,20,23,31,0,20,441,196,28,39,1089,180,598,165,491,146,3816,198,444,111,3372,228
2019-2023,Kentucky,Lincoln County,0500000US21137,24415,0,9684,251,1952,304,924,232,1028,232,7732,331,50862,3594,21,137,9312,550,783,199,595,164,7934,598,7531,536,495,156,648,199,48,39,12,19,0,24,214,102,45,69,27,27,1,4,880,238,194,112,1656,329,858,246,798,218,8028,373,1094,203,6934,366
2019-2023,Kentucky,Livingston County,0500000US21139,8941,0,3502,182,579,152,325,120,254,100,2923,225,59713,8396,21,139,3820,289,258,141,205,90,3357,312,2905,332,146,63,511,161,102,116,61,58,0,18,99,68,10,15,75,76,0,18,169,112,0,18,448,125,231,98,217,109,3054,181,348,101,2706,204
2019-2023,Kentucky,Logan County,0500000US21141,27731,0,10922,324,1682,340,664,172,1018,279,9240,424,61535,3752,21,141,11420,562,539,191,727,217,10154,601,9823,578,400,145,992,271,95,78,10,15,5,12,60,49,31,40,116,67,0,24,419,167,8,12,1353,302,786,279,567,201,9569,436,896,200,8673,432
2019-2023,Kentucky,Lyon County,0500000US21143,8831,0,3315,187,350,112,190,92,160,65,2965,186,64464,6973,21,143,3029,213,116,65,158,92,2755,230,2660,227,100,64,142,67,7,13,0,18,0,18,53,43,4,7,26,27,5,9,148,62,0,18,375,156,107,56,268,135,2940,213,243,88,2697,221
2019-2023,Kentucky,McCracken County,0500000US21145,67584,0,27287,438,3918,431,1826,365,2092,294,23369,494,62385,3051,21,145,29779,735,2461,465,2553,536,24765,896,24848,833,1854,437,1728,357,126,88,186,114,87,81,434,169,159,117,453,195,101,116,2130,466,134,84,2637,329,1403,295,1234,235,24650,473,2515,355,22135,522
2019-2023,Kentucky,McCreary County,0500000US21147,16905,0,5595,303,2131,352,1102,268,1029,328,3464,399,37355,6787,21,147,4682,503,572,172,462,179,3648,454,3682,460,277,127,541,233,105,78,3,5,0,20,7,8,3,5,94,62,52,54,355,122,135,86,1931,366,1423,322,508,196,3664,424,708,192,2956,382
2019-2023,Kentucky,McLean County,0500000US21149,9127,0,3608,153,487,107,183,69,304,88,3121,157,70549,11161,21,149,3699,201,90,53,193,77,3416,208,3174,218,80,50,252,98,5,9,2,7,0,18,50,38,5,8,48,51,0,18,173,78,0,18,348,93,200,81,148,62,3260,167,287,93,2973,158
2019-2023,Kentucky,Madison County,0500000US21151,94064,0,36722,445,6156,601,2869,516,3287,449,30566,700,62407,2629,21,151,42309,978,3786,647,2840,469,35683,1052,33705,952,2638,539,4046,498,569,231,52,44,11,14,513,157,105,79,574,178,128,80,3419,550,335,131,4998,559,2794,528,2204,346,31724,697,3362,437,28362,680
2019-2023,Kentucky,Magoffin County,0500000US21153,11495,0,4564,200,1604,254,862,217,742,185,2960,262,33632,3488,21,153,2891,318,397,152,478,201,2016,386,2283,328,257,108,436,171,100,84,8,14,0,20,84,104,10,19,37,52,30,54,43,45,0,20,1484,247,907,191,577,173,3080,257,697,195,2383,236
2019-2023,Kentucky,Marion County,0500000US21155,19680,0,7590,215,1513,300,683,212,830,191,6077,313,55404,6444,21,155,7691,470,487,172,593,159,6611,500,6787,513,444,159,508,150,23,29,0,20,0,20,29,25,11,21,142,90,4,7,225,102,5,8,1225,218,574,171,651,154,6365,276,939,234,5426,310
2019-2023,Kentucky,Marshall County,0500000US21157,31728,0,13150,424,1786,365,756,229,1030,251,11364,485,63611,5094,21,157,13563,532,820,282,804,264,11939,718,10687,632,643,269,1539,408,155,153,8,13,0,27,188,141,0,27,254,211,0,27,887,262,22,25,1139,272,591,225,548,189,12011,436,1195,276,10816,510
2019-2023,Kentucky,Martin County,0500000US21159,11181,0,3935,229,1239,284,619,199,620,211,2696,270,46185,10560,21,159,2839,401,214,166,181,138,2444,374,2506,377,137,105,212,111,49,69,4,7,4,7,1,7,0,20,0,20,0,20,116,99,24,27,996,202,594,172,402,143,2939,276,645,228,2294,269
2019-2023,Kentucky,Mason County,0500000US21161,16995,0,6927,219,1450,244,606,166,844,201,5477,300,51473,5109,21,161,7156,316,500,192,662,215,5994,375,6188,347,411,187,314,106,44,49,0,20,0,20,132,70,45,47,64,49,0,20,458,140,0,20,1347,226,774,209,573,155,5580,294,676,163,4904,278
2019-2023,Kentucky,Meade County,0500000US21163,30032,0,10798,281,1560,263,882,215,678,185,9238,383,70163,3281,21,163,13889,567,761,243,428,148,12700,589,11319,594,563,207,1030,316,142,118,26,28,0,27,247,126,12,24,67,47,33,43,1200,274,11,13,1300,239,717,198,583,174,9498,370,843,216,8655,380
2019-2023,Kentucky,Menifee County,0500000US21165,6203,0,2387,184,635,158,353,96,282,113,1752,189,44672,6998,21,165,2240,257,441,191,48,50,1751,245,1846,277,339,156,156,59,20,24,0,18,0,18,8,9,0,18,2,7,0,18,228,131,82,101,528,124,394,100,134,69,1859,198,241,113,1618,189
2019-2023,Kentucky,Mercer County,0500000US21167,22824,0,9137,296,1232,275,412,140,820,234,7905,326,63115,4313,21,167,10139,396,471,191,654,315,9014,530,8050,545,241,112,1125,290,194,160,0,24,0,24,2,4,0,24,79,66,21,37,883,256,15,24,887,181,351,132,536,168,8250,344,881,221,7369,341
2019-2023,Kentucky,Metcalfe County,0500000US21169,10372,0,4245,168,988,213,474,148,514,165,3257,243,48572,4868,21,169,4096,299,477,189,193,127,3426,361,3316,328,336,109,421,195,10,14,0,20,0,20,47,45,0,20,39,42,22,36,273,115,109,93,749,166,509,139,240,104,3496,177,479,175,3017,241
2019-2023,Kentucky,Monroe County,0500000US21171,11318,0,4586,138,1150,191,616,172,534,147,3436,196,49430,5579,21,171,4850,282,581,163,382,166,3887,339,3952,272,405,136,520,143,129,76,6,8,6,8,80,49,18,28,37,30,2,3,255,120,21,34,760,166,442,144,318,103,3826,187,708,188,3118,197
2019-2023,Kentucky,Montgomery County,0500000US21173,28271,0,10950,311,1903,321,892,249,1011,238,9047,391,57468,5260,21,173,12118,594,669,212,797,210,10652,705,10076,591,542,196,991,268,43,43,9,13,0,24,62,58,26,41,124,86,0,24,856,280,58,63,1907,354,1259,295,648,254,9043,362,644,213,8399,373
2019-2023,Kentucky,Morgan County,0500000US21175,13938,0,4747,164,1017,170,465,106,552,135,3730,208,47493,3454,21,175,4333,249,255,86,272,82,3806,254,3461,278,210,84,505,162,25,19,50,50,1,3,8,9,2,5,39,39,0,20,270,126,17,22,872,163,515,124,357,131,3875,192,502,115,3373,205
2019-2023,Kentucky,Muhlenberg County,0500000US21177,30712,0,11937,313,2132,337,1036,245,1096,235,9805,395,52672,4858,21,177,11926,596,854,232,812,257,10260,664,10683,624,776,219,633,189,58,48,0,27,0,27,73,52,5,6,204,95,10,18,333,140,5,8,1793,311,1000,275,793,194,10144,386,1132,249,9012,393
2019-2023,Kentucky,Nelson County,0500000US21179,47102,0,18787,270,1953,355,993,229,960,272,16834,422,67888,2740,21,179,22065,722,757,198,1655,443,19653,771,18665,853,639,184,1513,312,43,37,10,10,0,27,285,122,28,52,401,236,29,36,1191,295,18,20,1891,330,786,229,1105,265,16896,428,1167,282,15729,502
2019-2023,Kentucky,Nicholas County,0500000US21181,7655,0,2745,166,636,174,294,126,342,110,2109,201,53616,12147,21,181,2973,245,187,99,135,90,2651,273,2460,229,105,78,298,127,16,25,0,18,0,18,55,47,27,43,20,22,0,18,140,84,39,56,421,142,300,123,121,79,2324,172,336,141,1988,184
2019-2023,Kentucky,Ohio County,0500000US21183,23704,0,9155,259,1242,240,603,150,639,206,7913,317,54369,2579,21,183,9317,481,477,126,1003,258,7837,486,7808,473,453,123,949,202,15,16,8,14,0,24,122,87,2,4,1,4,0,24,429,161,7,13,991,230,371,113,620,191,8164,324,871,206,7293,361
2019-2023,Kentucky,Oldham County,0500000US21185,68600,0,22457,239,1058,201,488,148,570,151,21399,324,121491,3941,21,185,32970,652,575,187,1051,362,31344,846,24656,657,430,167,2624,473,32,45,6,9,0,30,260,102,0,30,171,85,34,37,5253,534,79,60,607,188,182,88,425,155,21850,301,876,197,20974,346
2019-2023,Kentucky,Owen County,0500000US21187,11270,0,4261,238,694,159,381,148,313,112,3567,254,59706,5768,21,187,4927,399,410,173,219,101,4298,364,3562,367,184,101,624,184,209,121,18,30,0,20,132,113,3,6,39,40,0,20,552,227,14,21,463,113,292,107,171,65,3798,249,402,120,3396,253
2019-2023,Kentucky,Owsley County,0500000US21189,4021,0,1506,139,465,105,223,100,242,80,1041,128,31064,8386,21,189,1224,217,30,32,141,102,1053,244,989,181,6,9,69,73,0,13,0,13,0,13,24,29,23,29,35,44,0,13,107,62,1,8,435,112,301,92,134,70,1071,147,164,82,907,136
2019-2023,Kentucky,Pendleton County,0500000US21191,14683,0,5333,237,925,214,336,116,589,180,4408,246,66601,9924,21,191,6672,393,426,159,428,212,5818,440,5331,397,292,138,611,219,65,60,19,21,5,15,179,111,48,84,32,27,11,16,500,153,5,8,775,201,422,162,353,120,4558,280,503,158,4055,276
2019-2023,Kentucky,Perry County,0500000US21193,27847,0,11293,298,2835,364,1763,382,1072,269,8458,423,45261,7925,21,193,9743,708,1156,266,1117,344,7470,738,7124,645,755,216,1606,452,157,90,7,12,0,24,199,127,100,93,58,44,19,30,749,226,125,96,2958,381,1973,313,985,233,8335,439,862,239,7473,428
2019-2023,Kentucky,Pike County,0500000US21195,57466,0,24449,463,6540,662,3115,462,3425,510,17909,676,42179,3009,21,195,18647,896,1566,330,1535,276,15546,944,15098,789,1253,308,2159,397,146,72,38,38,2,7,292,121,61,51,225,113,66,59,835,281,38,65,4945,468,3072,426,1873,257,19504,561,3468,527,16036,676
2019-2023,Kentucky,Powell County,0500000US21197,13057,0,4629,215,1251,208,513,155,738,201,3378,282,39811,5999,21,197,4673,405,546,170,592,203,3535,393,4147,403,419,142,259,132,70,67,0,20,0,20,39,37,18,22,12,15,0,20,216,85,39,30,952,201,518,158,434,135,3677,321,733,183,2944,288
2019-2023,Kentucky,Pulaski County,0500000US21199,65503,0,25920,478,5675,467,2840,453,2835,414,20245,590,50943,2251,21,199,25987,786,2148,387,2663,415,21176,807,21458,844,1890,355,2756,434,166,90,49,73,0,30,270,121,27,29,168,87,34,52,1286,265,31,30,3714,440,2163,364,1551,249,22206,652,3512,478,18694,636
2019-2023,Kentucky,Robertson County,0500000US21201,2239,0,791,82,182,58,103,46,79,35,609,87,52337,8509,21,201,677,113,54,34,83,59,540,105,602,118,37,33,57,48,3,6,0,13,0,13,0,13,0,13,0,13,0,13,18,17,14,14,188,58,69,38,119,58,603,101,113,48,490,93
2019-2023,Kentucky,Rockcastle County,0500000US21203,16144,0,6428,208,1592,250,875,177,717,173,4836,283,48367,4276,21,203,5785,378,567,173,269,123,4949,389,4634,402,512,162,507,173,25,38,11,18,0,20,77,56,3,6,88,53,18,25,468,231,9,12,1326,199,910,184,416,114,5102,271,682,163,4420,308
2019-2023,Kentucky,Rowan County,0500000US21205,24525,0,9345,296,2201,375,878,248,1323,305,7144,388,53657,5933,21,205,9961,473,1294,338,839,221,7828,564,7796,501,895,276,954,302,66,59,82,101,46,58,266,208,200,203,91,84,12,11,772,295,75,62,1736,318,1034,285,702,202,7609,392,1167,256,6442,410
2019-2023,Kentucky,Russell County,0500000US21207,18117,0,7210,280,1628,272,825,205,803,198,5582,342,50520,5517,21,207,7080,461,596,197,480,205,6004,532,6040,458,464,178,565,233,104,65,8,4,0,20,144,106,0,20,32,27,4,6,291,127,24,28,1194,233,677,188,517,162,6016,297,951,209,5065,324
2019-2023,Kentucky,Scott County,0500000US21209,58269,0,22119,294,2232,292,1291,230,941,230,19887,407,83660,3520,21,209,28411,633,1351,258,1072,209,25988,721,22509,781,910,185,2796,431,198,106,34,31,0,30,297,102,114,89,130,125,0,30,2645,389,129,105,1774,257,964,221,810,160,20345,410,1268,213,19077,417
2019-2023,Kentucky,Shelby County,0500000US21211,48599,0,17850,331,1824,352,738,190,1086,334,16026,442,82671,3902,21,211,24056,630,739,254,1452,316,21865,645,18103,813,565,243,2692,480,52,38,118,96,21,34,174,116,11,19,225,132,18,34,2744,382,72,60,1442,363,579,192,863,253,16408,526,1245,346,15163,510
2019-2023,Kentucky,Simpson County,0500000US21213,19786,0,7689,205,1392,320,520,169,872,273,6297,332,57392,5485,21,213,8753,581,553,197,439,166,7761,590,6955,530,371,154,1117,321,89,94,25,48,25,48,139,123,37,39,60,49,0,20,457,158,31,44,848,204,445,164,403,137,6841,268,947,267,5894,349
2019-2023,Kentucky,Spencer County,0500000US21215,19875,0,7062,189,498,169,174,76,324,154,6564,210,98333,10391,21,215,9379,419,409,173,380,156,8590,471,7818,478,348,167,384,139,0,20,12,19,0,20,69,48,13,15,111,72,24,38,985,279,24,34,491,154,164,79,327,129,6571,219,334,158,6237,242
2019-2023,Kentucky,Taylor County,0500000US21217,26205,0,10045,278,1623,302,619,183,1004,275,8422,354,61871,4838,21,217,11605,587,472,183,865,365,10268,648,8945,494,384,176,1026,284,88,51,10,13,0,24,132,99,0,24,227,114,0,24,1265,374,0,24,1396,305,686,194,710,252,8649,419,937,240,7712,408
2019-2023,Kentucky,Todd County,0500000US21219,12330,0,4434,157,876,179,399,150,477,127,3558,225,57759,5108,21,219,5052,287,379,182,249,110,4424,390,3757,365,193,114,567,167,70,53,3,5,0,20,70,60,34,50,139,81,15,16,516,223,67,77,556,162,375,143,181,87,3878,221,501,112,3377,241
2019-2023,Kentucky,Trigg County,0500000US21221,14211,0,6012,257,1108,236,617,184,491,149,4904,285,54630,7340,21,221,5510,370,627,214,353,140,4530,448,4141,417,308,121,633,205,145,136,8,13,0,20,76,51,9,17,94,88,64,83,558,209,101,83,646,193,441,159,205,108,5366,276,667,170,4699,288
2019-2023,Kentucky,Trimble County,0500000US21223,8531,0,3277,150,373,139,164,95,209,92,2904,196,67813,12784,21,223,3530,272,144,109,247,137,3139,296,2648,303,66,55,542,188,34,45,0,18,0,18,106,88,6,12,59,60,34,47,175,97,4,8,372,152,141,92,231,122,2905,191,232,106,2673,204
2019-2023,Kentucky,Union County,0500000US21225,13379,0,5128,199,756,158,375,120,381,122,4372,219,60989,3223,21,225,5548,314,369,124,263,98,4916,351,4611,340,187,77,441,184,77,63,0,20,0,20,113,97,3,7,107,87,63,76,276,113,39,47,592,152,320,107,272,117,4536,177,436,122,4100,212
2019-2023,Kentucky,Warren County,0500000US21227,137549,0,54208,577,8980,767,3498,473,5482,603,45228,848,64801,2103,21,227,66011,1242,6866,797,5141,865,54004,1325,52392,1370,4653,715,7189,921,1225,306,97,68,27,31,1404,398,301,133,782,331,417,277,4147,651,243,138,6440,740,3347,559,3093,533,47768,848,5633,556,42135,846
2019-2023,Kentucky,Washington County,0500000US21229,12091,0,4650,183,780,156,239,73,541,162,3870,222,59762,7156,21,229,5504,347,225,106,374,134,4905,354,4401,377,90,53,556,172,81,57,12,17,0,20,94,73,28,44,37,34,13,22,404,106,13,16,688,166,276,96,412,153,3962,195,504,140,3458,220
2019-2023,Kentucky,Wayne County,0500000US21231,19592,0,8028,297,2000,351,892,216,1108,280,6028,358,41933,5992,21,231,6899,557,732,218,514,152,5653,549,5307,448,440,148,784,241,172,106,23,31,0,20,39,42,11,19,97,79,79,70,649,228,30,31,1407,251,830,238,577,151,6621,355,1170,273,5451,388
2019-2023,Kentucky,Webster County,0500000US21233,12873,0,4920,165,779,145,401,120,378,109,4141,212,58786,2971,21,233,5271,337,234,97,415,120,4622,365,4356,322,198,81,667,183,36,42,0,20,0,20,94,71,0,20,28,23,0,20,126,48,0,20,560,145,274,91,286,117,4360,212,505,127,3855,230
2019-2023,Kentucky,Whitley County,0500000US21235,36755,0,13570,369,3585,516,1744,338,1841,348,9985,539,41719,4416,21,235,12930,646,1287,329,1526,422,10117,743,9818,651,1034,294,1778,361,175,99,22,28,13,23,200,151,0,27,71,58,12,24,1041,277,53,50,2661,354,1702,315,959,235,10909,419,1883,407,9026,499
2019-2023,Kentucky,Wolfe County,0500000US21237,6484,0,2545,147,908,177,555,161,353,157,1637,204,29052,5764,21,237,1461,283,409,195,109,76,943,282,1091,241,273,156,226,155,136,139,9,17,0,18,0,18,0,18,23,34,0,18,112,96,0,18,883,165,597,142,286,115,1662,200,311,168,1351,217
2019-2023,Kentucky,Woodford County,0500000US21239,27017,0,10743,189,1025,195,434,146,591,153,9718,262,80006,6780,21,239,13516,480,741,205,621,261,12154,601,10649,556,529,186,824,249,152,97,20,30,0,24,226,129,21,28,27,23,8,14,1770,292,31,31,777,184,382,122,395,151,9966,247,643,168,9323,282
2019-2023,Louisiana,Acadia Parish,0500000US22001,57218,0,21529,480,5418,496,2799,368,2619,415,16111,620,45266,3343,22,001,22400,967,2162,418,1778,461,18460,1083,18842,920,1749,359,1821,438,230,123,0,33,0,33,284,174,67,81,413,154,0,33,1040,254,116,92,5060,461,3112,357,1948,376,16469,600,2306,413,14163,638
2019-2023,Louisiana,Allen Parish,0500000US22003,22552,0,7659,323,1716,319,919,191,797,254,5943,396,51138,8086,22,003,7459,513,812,253,513,146,6134,573,6204,583,502,171,467,193,56,52,92,84,15,25,70,63,10,19,82,91,0,26,544,285,229,212,1805,312,999,227,806,250,5854,343,717,238,5137,364
2019-2023,Louisiana,Ascension Parish,0500000US22005,128593,0,46773,623,4874,669,2742,559,2132,453,41899,828,92266,4386,22,005,62911,1378,3022,749,2874,617,57015,1607,52489,1551,2324,573,4773,889,476,342,162,169,0,33,416,215,0,33,228,141,3,7,4843,845,219,160,5207,656,1980,446,3227,514,41566,815,2894,545,38672,909
2019-2023,Louisiana,Assumption Parish,0500000US22007,20720,0,8420,263,1459,364,436,147,1023,322,6961,424,52546,4868,22,007,8768,471,517,216,838,309,7413,567,7514,478,377,170,674,262,100,131,91,93,0,26,170,92,0,26,65,64,33,46,254,121,7,13,1712,342,874,287,838,234,6708,333,585,207,6123,418
2019-2023,Louisiana,Avoyelles Parish,0500000US22009,39176,0,14540,377,3882,457,1973,305,1909,331,10658,546,39439,5708,22,009,14012,620,1913,426,1518,356,10581,644,11661,587,1465,381,1081,243,122,89,12,19,0,30,298,152,148,138,481,213,105,66,479,194,73,73,3917,413,2416,362,1501,290,10623,461,1466,320,9157,483
2019-2023,Louisiana,Beauregard Parish,0500000US22011,36646,0,13691,371,2013,303,1091,238,922,202,11678,419,64995,3526,22,011,14312,620,880,195,916,260,12516,631,11904,639,640,161,1565,264,144,87,24,35,0,30,111,60,57,44,234,106,20,20,474,155,19,14,2427,324,1181,254,1246,214,11264,443,832,200,10432,447
2019-2023,Louisiana,Bienville Parish,0500000US22013,12769,0,5425,228,1506,202,732,132,774,160,3919,242,34992,3169,22,013,4318,325,582,159,574,167,3162,324,3526,362,470,134,348,165,31,38,0,22,0,22,116,82,47,47,32,26,0,22,296,148,34,27,1266,197,795,144,471,138,4159,238,711,170,3448,228
2019-2023,Louisiana,Bossier Parish,0500000US22015,129134,0,49661,621,7414,715,3602,537,3812,599,42247,941,66336,2422,22,015,57202,1457,4339,716,2964,490,49899,1630,48123,1384,3410,594,3553,498,300,162,424,233,12,17,479,202,191,162,778,355,76,61,3845,669,350,224,5117,559,2376,424,2741,365,44544,777,5038,646,39506,944
2019-2023,Louisiana,Caddo Parish,0500000US22017,232973,0,94917,1057,20720,1328,9713,1020,11007,1017,74197,1702,50067,1675,22,017,93834,1855,9021,1004,8010,991,76803,2020,75887,1933,6556,790,8940,1004,821,292,985,308,156,115,926,257,228,127,2072,429,536,243,5024,565,724,256,19438,1123,10236,928,9202,702,75479,1471,10484,933,64995,1770
2019-2023,Louisiana,Calcasieu Parish,0500000US22019,208668,0,76995,1171,12623,1245,6484,781,6139,873,64372,1623,67849,3462,22,019,90053,2031,7632,1020,5506,995,76915,2194,74520,2020,5856,885,8307,1139,734,260,142,122,10,21,1330,369,116,88,1183,318,347,179,4571,911,569,376,11071,887,5019,647,6052,648,65924,1171,7604,993,58320,1482
2019-2023,Louisiana,Caldwell Parish,0500000US22021,9563,0,3686,200,982,196,375,146,607,157,2704,249,44957,8758,22,021,3406,299,527,229,275,131,2604,353,2953,318,516,233,106,77,3,9,0,20,0,20,18,18,0,20,130,94,6,12,199,109,2,4,869,202,533,167,336,139,2817,232,449,154,2368,241
2019-2023,Louisiana,Cameron Parish,0500000US22023,5222,0,2034,150,111,62,77,58,34,30,1923,162,72500,16161,22,023,2182,262,9,21,127,80,2046,284,1941,277,9,21,196,166,0,20,0,20,0,20,19,33,0,20,0,20,0,20,26,26,0,20,138,80,18,20,120,76,1896,169,93,59,1803,181
2019-2023,Louisiana,Catahoula Parish,0500000US22025,8738,0,3076,172,834,156,487,130,347,115,2242,217,47753,9557,22,025,2766,256,367,129,172,91,2227,255,2154,254,305,125,227,129,27,31,0,20,0,20,43,44,22,30,55,49,13,22,287,167,0,20,591,125,383,100,208,88,2485,202,451,141,2034,222
2019-2023,Louisiana,Claiborne Parish,0500000US22027,14019,0,5019,238,1665,250,656,169,1009,195,3354,234,31784,2659,22,027,3874,374,536,204,526,157,2812,360,3312,360,348,161,376,146,171,136,0,22,0,22,46,34,17,18,56,46,0,22,84,45,0,22,1429,260,977,222,452,124,3590,235,688,140,2902,248
2019-2023,Louisiana,Concordia Parish,0500000US22029,18325,0,6575,296,1907,323,1140,265,767,247,4668,293,37349,6902,22,029,5335,453,834,255,431,174,4070,517,4632,461,745,252,169,71,23,26,0,22,0,22,179,118,66,60,118,82,0,22,237,162,0,22,1839,263,1096,235,743,176,4736,316,811,218,3925,324
2019-2023,Louisiana,De Soto Parish,0500000US22031,26897,0,10293,328,2399,316,1194,295,1205,282,7894,397,46077,5106,22,031,10016,477,883,235,705,218,8428,489,8281,500,665,210,896,257,125,84,104,111,0,26,145,104,10,13,236,160,51,55,354,125,32,32,2228,328,1267,265,961,208,8065,434,1132,267,6933,386
2019-2023,Louisiana,East Baton Rouge Parish,0500000US22033,452821,0,175408,1261,31828,1756,13704,1306,18124,1306,143580,2002,63075,2141,22,033,205661,2994,18828,1621,14245,1365,172588,3399,163138,3180,13758,1390,19960,1510,2844,584,2277,600,376,185,3075,652,809,302,2020,481,338,154,15191,1107,703,257,26870,1350,13018,1069,13852,1099,148538,1771,18810,1399,129728,1982
2019-2023,Louisiana,East Carroll Parish,0500000US22035,7195,0,2508,222,979,176,465,174,514,192,1529,211,28321,5502,22,035,1834,209,380,121,280,124,1174,213,1433,202,251,91,223,122,59,71,0,20,0,20,62,49,15,24,89,66,55,44,27,24,0,20,746,192,479,142,267,117,1762,214,500,139,1262,200
2019-2023,Louisiana,East Feliciana Parish,0500000US22037,19378,0,6536,305,759,194,329,125,430,137,5777,277,72899,6978,22,037,6803,464,287,139,321,137,6195,461,5875,510,243,128,387,150,5,6,0,22,0,22,17,20,0,22,28,34,5,14,496,173,34,49,870,220,274,123,596,187,5666,341,485,157,5181,318
2019-2023,Louisiana,Evangeline Parish,0500000US22039,32162,0,12240,258,2996,363,1545,309,1451,260,9244,391,42273,3491,22,039,11443,584,1467,302,878,242,9098,531,9282,610,760,201,957,260,146,109,38,46,26,43,249,216,50,45,598,238,423,246,319,128,62,54,3443,362,1627,296,1816,410,8797,413,1369,276,7428,368
2019-2023,Louisiana,Franklin Parish,0500000US22041,19590,0,7351,275,1776,272,984,268,792,212,5575,329,44103,4478,22,041,6620,470,870,266,737,208,5013,467,5303,417,567,188,502,173,135,137,67,53,10,17,78,70,0,22,292,173,48,50,378,210,110,151,1738,332,910,228,828,239,5613,345,866,237,4747,307
2019-2023,Louisiana,Grant Parish,0500000US22043,22123,0,7195,267,1224,208,606,146,618,180,5971,297,61112,5270,22,043,7874,635,433,138,454,181,6987,655,7104,628,311,123,327,109,36,39,4,6,0,26,118,75,0,26,129,102,14,18,192,91,72,67,1387,262,614,163,773,221,5808,363,610,144,5198,344
2019-2023,Louisiana,Iberia Parish,0500000US22045,69194,0,26869,510,5599,637,3237,454,2362,401,21270,723,57811,3369,22,045,27592,909,2816,536,2235,535,22541,1013,22887,943,2366,481,1840,429,229,143,90,79,31,50,487,220,119,109,632,183,41,47,1656,398,30,29,6277,550,3016,434,3261,511,20592,653,2583,458,18009,774
2019-2023,Louisiana,Iberville Parish,0500000US22047,29950,0,11032,428,1826,346,823,294,1003,211,9206,436,57459,6651,22,047,11711,655,610,212,874,298,10227,695,9779,674,412,176,1109,293,146,77,17,24,0,26,178,137,1,3,147,103,5,11,481,205,46,41,1997,395,1049,300,948,226,9035,537,777,206,8258,524
2019-2023,Louisiana,Jackson Parish,0500000US22049,14939,0,5602,288,1255,205,728,136,527,130,4347,290,43345,2568,22,049,4964,362,546,139,294,112,4124,364,4189,343,469,131,260,121,25,30,15,20,0,22,173,86,43,34,21,37,0,22,306,138,9,16,950,176,485,103,465,156,4652,265,770,192,3882,257
2019-2023,Louisiana,Jefferson Parish,0500000US22051,432484,0,176986,1015,27979,1309,13823,1064,14156,1294,149007,1627,65246,1663,22,051,201352,2413,14848,901,12347,1101,174157,2805,155682,3019,9988,763,22648,1524,2677,548,1717,452,338,176,3426,669,485,212,2984,567,585,223,14895,1268,775,319,25110,1420,11334,985,13776,1036,151876,1622,16645,1325,135231,1917
2019-2023,Louisiana,Jefferson Davis Parish,0500000US22053,32083,0,11704,375,2114,377,1259,306,855,255,9590,390,56500,9711,22,053,13065,707,1433,330,754,243,10878,887,10987,726,1057,312,1191,365,146,108,26,43,26,43,153,112,61,77,259,157,132,139,449,178,11,16,2291,378,1058,265,1233,295,9413,434,1056,268,8357,434
2019-2023,Louisiana,Lafayette Parish,0500000US22055,245075,0,99357,1053,17093,1243,7878,957,9215,928,82264,1568,67660,2941,22,055,116415,1862,9332,1007,6973,877,100110,2552,95511,2304,7170,750,6299,938,697,267,649,359,382,316,1799,544,284,158,1522,394,232,109,10635,999,567,263,12014,834,6735,782,5279,525,87343,1276,10358,952,76985,1569
2019-2023,Louisiana,Lafourche Parish,0500000US22057,96670,0,37397,485,6725,676,3493,535,3232,455,30672,766,63439,4877,22,057,40304,1024,2880,595,2936,568,34488,1182,32821,1079,2136,517,4025,660,480,164,124,103,16,26,647,364,69,81,1050,292,86,65,1637,355,93,72,6159,614,3341,537,2818,419,31238,662,3384,492,27854,739
2019-2023,Louisiana,LaSalle Parish,0500000US22059,14804,0,4883,206,880,233,406,135,474,189,4003,268,67077,6893,22,059,6072,435,402,153,276,161,5394,447,4395,435,306,146,933,370,22,22,61,61,0,22,140,115,0,22,405,189,47,51,138,102,27,46,810,214,519,174,291,96,4073,260,361,172,3712,302
2019-2023,Louisiana,Lincoln Parish,0500000US22061,48160,0,18341,397,5504,605,2014,346,3490,487,12837,596,38035,5384,22,061,18725,870,3276,555,2326,503,13123,818,15220,854,2421,490,1812,403,389,204,0,30,0,30,302,146,141,121,77,56,34,45,1314,330,291,216,3511,554,2317,528,1194,321,14830,576,3187,442,11643,598
2019-2023,Louisiana,Livingston Parish,0500000US22063,145583,0,51362,861,6876,869,3870,644,3006,544,44486,941,78617,2931,22,063,65195,1382,3680,702,3632,701,57883,1586,54954,1495,3056,691,5310,750,248,148,94,83,0,33,475,230,28,36,275,142,6,8,4087,738,342,208,6569,850,2711,537,3858,792,44793,1089,4165,654,40628,1142
2019-2023,Louisiana,Madison Parish,0500000US22065,9757,0,3020,156,971,155,532,139,439,109,2049,181,37267,7957,22,065,2905,257,463,143,434,159,2008,238,2431,258,307,114,274,110,80,68,2,4,2,4,10,12,0,20,100,86,54,74,88,49,20,27,817,154,540,144,277,89,2203,177,431,92,1772,176
2019-2023,Louisiana,Morehouse Parish,0500000US22067,24967,0,9779,364,2771,357,1434,292,1337,234,7008,453,36981,3262,22,067,9038,491,1169,284,1121,301,6748,619,7540,490,849,194,783,186,167,112,0,26,0,26,345,200,86,105,48,55,0,26,322,170,67,81,2881,412,1469,251,1412,280,6898,414,1302,306,5596,375
2019-2023,Louisiana,Natchitoches Parish,0500000US22069,37047,0,14108,449,3553,380,1212,198,2341,325,10555,376,46798,1970,22,069,14160,494,2099,369,1185,264,10876,522,11824,480,1406,252,1363,267,423,225,23,21,3,4,254,89,131,67,236,82,29,25,460,119,107,60,2741,339,1548,259,1193,212,11367,429,2005,299,9362,354
2019-2023,Louisiana,Orleans Parish,0500000US22071,376035,0,155060,1231,36201,1393,12013,901,24188,1173,118859,1852,55339,1552,22,071,167309,2478,14703,1105,12259,1184,140347,2747,107740,2663,7248,641,14823,1222,1742,365,7669,780,1908,424,7018,758,1229,304,7181,627,1408,359,22878,1188,1168,235,28694,1472,16546,1131,12148,1098,126366,1865,19655,1003,106711,1898
2019-2023,Louisiana,Ouachita Parish,0500000US22073,158916,0,60804,727,15023,950,7176,730,7847,755,45781,1041,51241,2631,22,073,66902,1486,7427,867,5112,660,54363,1717,53846,1794,4984,722,6086,790,1191,358,611,204,252,129,824,258,316,152,761,315,184,108,4774,764,500,237,12072,833,7524,676,4548,513,48732,928,7499,705,41233,1065
2019-2023,Louisiana,Plaquemines Parish,0500000US22075,23070,0,8200,303,1187,305,623,216,564,230,7013,328,82874,4444,22,075,10573,573,900,359,408,166,9265,635,8792,593,719,316,1109,349,47,68,0,26,0,26,267,127,14,34,83,60,0,26,322,144,120,109,1148,280,621,234,527,180,7052,372,566,204,6486,371
2019-2023,Louisiana,Pointe Coupee Parish,0500000US22077,20438,0,8202,307,1789,358,597,219,1192,273,6413,426,59351,9604,22,077,8064,623,534,219,258,137,7272,639,7143,622,410,187,319,151,102,94,21,49,0,26,101,90,13,28,253,113,9,15,227,112,0,26,925,235,601,222,324,109,7277,397,1188,292,6089,433
2019-2023,Louisiana,Rapides Parish,0500000US22079,128470,0,48660,623,9036,810,4727,647,4309,555,39624,905,55946,1929,22,079,53197,1290,4579,617,3426,590,45192,1503,42723,1497,3335,567,3605,540,406,179,1165,405,232,159,1073,501,179,130,2207,566,203,117,2424,395,224,114,9116,695,4685,569,4431,519,39544,754,4351,524,35193,827
2019-2023,Louisiana,Red River Parish,0500000US22081,7529,0,3002,192,874,175,293,104,581,172,2128,178,44539,5232,22,081,2745,306,481,209,226,123,2038,339,2501,334,436,206,102,72,21,22,6,11,6,11,39,41,12,19,20,22,0,20,77,57,6,10,565,134,356,112,209,84,2437,235,518,172,1919,196
2019-2023,Louisiana,Richland Parish,0500000US22083,19908,0,7251,245,1610,243,933,196,677,173,5641,267,52960,4320,22,083,7532,389,709,203,668,275,6155,460,6035,411,512,175,855,175,82,55,53,61,0,22,95,70,13,19,117,100,41,67,377,203,61,60,1745,263,828,190,917,213,5506,303,782,187,4724,272
2019-2023,Louisiana,Sabine Parish,0500000US22085,22085,0,8485,310,1902,246,939,178,963,189,6583,324,52047,7516,22,085,7564,404,728,146,880,192,5956,464,5680,412,482,134,1114,247,102,65,0,26,0,26,94,48,29,21,369,183,67,43,307,111,48,60,1731,251,898,157,833,176,6754,293,1004,171,5750,308
2019-2023,Louisiana,St. Bernard Parish,0500000US22087,44172,0,15803,248,3437,403,1920,316,1517,262,12366,422,57638,4493,22,087,18277,654,1883,398,1336,309,15058,776,14712,735,1422,367,1731,302,148,65,117,78,23,38,176,100,43,43,396,124,140,95,1145,314,107,102,3787,390,1946,321,1841,286,12016,379,1491,237,10525,421
2019-2023,Louisiana,St. Charles Parish,0500000US22089,51863,0,18622,408,2038,422,1040,313,998,262,16584,565,82172,7076,22,089,24277,818,1038,310,1154,358,22085,971,20318,968,865,276,1407,364,41,44,57,51,0,33,105,79,1,3,524,240,74,61,1866,449,57,59,1785,302,742,220,1043,276,16837,448,1296,315,15541,511
2019-2023,Louisiana,St. Helena Parish,0500000US22091,10849,0,4101,278,1253,258,536,186,717,214,2848,332,50193,7360,22,091,3658,429,592,252,176,89,2890,492,2909,456,324,167,325,166,71,57,91,125,91,125,109,70,19,29,164,148,87,98,60,48,0,22,1240,305,812,211,428,209,2861,380,441,165,2420,389
2019-2023,Louisiana,St. James Parish,0500000US22093,19797,0,7436,227,889,201,376,135,513,157,6547,272,64536,5324,22,093,8574,376,542,195,528,159,7504,409,7209,390,399,159,592,177,103,96,26,43,26,43,112,72,0,22,91,62,0,22,544,183,14,24,1022,227,217,99,805,217,6414,296,672,214,5742,303
2019-2023,Louisiana,St. John the Baptist Parish,0500000US22095,41342,0,14922,446,1941,366,844,235,1097,277,12981,504,67418,5842,22,095,17590,719,889,359,1274,432,15427,855,14903,765,595,305,1358,320,164,117,33,57,1,2,65,93,0,30,245,136,115,106,986,269,14,26,2600,530,724,283,1876,485,12322,637,1217,310,11105,648
2019-2023,Louisiana,St. Landry Parish,0500000US22097,82128,0,31638,480,8244,699,4177,527,4067,471,23394,672,45637,3082,22,097,30347,1164,2866,451,3345,564,24136,1397,24175,1163,1963,413,2949,504,456,229,112,83,0,33,685,212,173,101,637,234,99,91,1789,439,175,116,6302,566,3211,484,3091,437,25336,647,5033,547,20303,656
2019-2023,Louisiana,St. Martin Parish,0500000US22099,51559,0,19963,429,3824,539,1476,305,2348,428,16139,568,53394,2753,22,099,22435,794,1660,436,1765,364,19010,966,19018,724,1335,407,1476,345,46,37,56,60,0,33,273,124,136,112,204,128,11,14,1408,314,132,79,3887,514,2026,475,1861,320,16076,554,1798,325,14278,593
2019-2023,Louisiana,St. Mary Parish,0500000US22101,48455,0,18705,401,4291,581,2297,413,1994,391,14414,559,51768,3798,22,101,19218,693,1830,391,1324,297,16064,837,16160,826,1408,346,1567,276,211,105,1,2,1,2,242,157,87,60,242,95,65,63,1006,284,58,52,4171,509,2187,381,1984,375,14534,545,2104,397,12430,647
2019-2023,Louisiana,St. Tammany Parish,0500000US22103,269331,0,103286,876,11878,946,6881,749,4997,603,91408,1103,79277,2804,22,103,123644,2224,6130,880,6402,853,111112,2294,95744,2172,3983,697,9439,1053,1184,486,150,99,30,50,1023,319,13,23,1957,427,239,202,15331,1286,681,281,8993,819,3502,566,5491,643,94293,1030,8376,851,85917,1146
2019-2023,Louisiana,Tangipahoa Parish,0500000US22105,135218,0,50191,853,9489,1078,4484,689,5005,805,40702,1223,57256,4845,22,105,56500,1604,4979,682,4221,818,47300,1929,46368,1528,3329,610,4855,795,892,268,115,104,83,94,574,208,199,158,994,286,211,128,3594,754,265,178,9585,1028,4756,758,4829,672,40606,1144,4733,739,35873,1222
2019-2023,Louisiana,Tensas Parish,0500000US22107,3992,0,1629,125,471,95,216,68,255,73,1158,137,36074,4401,22,107,1177,142,114,49,95,48,968,142,1011,126,84,43,91,56,22,25,4,6,4,6,10,15,0,14,36,30,0,14,25,23,4,6,549,91,322,89,227,87,1080,103,149,57,931,95
2019-2023,Louisiana,Terrebonne Parish,0500000US22109,107362,0,41841,683,7255,839,3828,581,3427,612,34586,1108,64819,4495,22,109,45459,1398,3823,668,2748,564,38888,1625,36811,1410,2790,557,5106,863,830,406,140,116,46,69,624,264,70,63,1130,366,3,5,1648,389,84,77,6675,734,3034,620,3641,566,35166,1022,4221,641,30945,1132
2019-2023,Louisiana,Union Parish,0500000US22111,20914,0,8247,266,2205,335,1263,285,942,219,6042,394,45743,7096,22,111,7695,445,837,251,664,201,6194,498,6563,474,628,222,660,221,119,82,3,6,3,6,135,79,10,23,59,46,35,39,275,123,42,39,1615,309,1120,256,495,143,6632,341,1085,270,5547,400
2019-2023,Louisiana,Vermilion Parish,0500000US22113,57031,0,21914,427,4239,506,2466,467,1773,299,17675,671,57537,4822,22,113,23206,924,2349,444,1773,401,19084,1069,18847,895,1544,319,2045,416,248,154,30,36,0,33,710,282,359,258,459,180,69,63,1115,307,129,86,3595,483,1966,388,1629,326,18319,607,2273,481,16046,621
2019-2023,Louisiana,Vernon Parish,0500000US22115,47764,0,17754,440,3309,310,1755,280,1554,240,14445,490,58281,2655,22,115,19321,512,1599,225,1485,262,16237,570,16343,547,1385,208,1685,282,120,56,38,33,0,30,235,69,49,34,397,126,23,18,623,111,22,16,2286,240,1335,225,951,145,15468,466,1974,244,13494,480
2019-2023,Louisiana,Washington Parish,0500000US22117,45238,0,17651,472,4397,601,2273,486,2124,411,13254,625,42776,3425,22,117,15702,770,1571,480,1740,581,12391,853,11839,761,1139,428,1731,483,274,186,65,68,0,30,229,153,18,33,1222,373,107,107,616,209,33,47,4827,456,2343,422,2484,374,12824,473,2054,423,10770,488
2019-2023,Louisiana,Webster Parish,0500000US22119,36189,0,14761,421,4191,377,2011,306,2180,358,10570,463,37396,2742,22,119,12630,662,2053,384,1649,399,8928,690,10647,685,1695,368,754,229,116,69,59,59,5,8,148,75,56,43,170,86,37,34,852,268,144,112,3652,394,2295,345,1357,276,11109,468,1896,296,9213,441
2019-2023,Louisiana,West Baton Rouge Parish,0500000US22121,27666,0,10400,306,1312,282,696,221,616,215,9088,389,87320,6329,22,121,12777,663,430,192,409,192,11938,754,10787,733,364,153,1123,393,14,34,0,26,0,26,113,106,52,81,245,159,0,26,509,218,0,26,971,263,509,194,462,170,9429,372,803,229,8626,411
2019-2023,Louisiana,West Carroll Parish,0500000US22123,9622,0,3875,165,697,165,257,103,440,134,3178,213,48514,7606,22,123,3646,263,200,102,331,144,3115,300,3221,271,178,99,212,91,0,20,0,20,0,20,20,24,12,20,23,28,0,20,170,97,10,15,788,138,362,124,426,99,3087,192,335,104,2752,202
2019-2023,Louisiana,West Feliciana Parish,0500000US22125,15381,0,3911,218,430,166,233,121,197,98,3481,219,74277,5169,22,125,5491,486,140,81,128,139,5223,501,4807,474,108,64,263,133,29,41,12,19,0,22,13,23,0,22,7,13,0,22,389,172,3,7,482,179,275,139,207,93,3429,225,155,83,3274,248
2019-2023,Louisiana,Winn Parish,0500000US22127,13506,0,4883,222,1050,232,435,141,615,169,3833,234,46368,5533,22,127,4815,312,190,101,518,204,4107,358,3876,361,171,99,298,122,2,5,0,22,0,22,116,93,16,28,250,147,1,2,275,165,0,22,782,142,418,116,364,92,4101,218,632,202,3469,243
2019-2023,Maine,Androscoggin County,0500000US23001,112323,0,46632,474,6011,617,2273,365,3738,507,40621,707,67298,2594,23,001,54009,885,2155,395,2670,437,49184,1065,40542,1171,1445,346,4985,555,376,142,199,98,56,33,1133,272,76,49,641,201,94,79,6509,805,108,64,7471,673,3460,546,4011,534,39161,727,2551,337,36610,768
2019-2023,Maine,Aroostook County,0500000US23003,67227,0,29684,414,4776,414,1496,199,3280,356,24908,520,54254,1663,23,003,28116,663,1352,212,1492,200,25272,675,22269,700,978,178,2563,403,203,92,12,13,0,26,508,154,56,29,464,159,15,11,2300,254,100,53,5967,401,2886,350,3081,315,23717,465,1890,209,21827,468
2019-2023,Maine,Cumberland County,0500000US23005,305940,0,130003,922,10192,735,2617,388,7575,767,119811,1211,92983,1733,23,005,163502,1668,4464,687,5479,686,153559,1790,108330,2178,2626,572,12191,1191,392,145,1555,276,63,49,6912,688,559,201,2740,442,55,44,31774,1530,769,359,9228,800,3821,554,5407,580,120775,1259,6371,537,114404,1284
2019-2023,Maine,Franklin County,0500000US23007,30145,0,12457,336,1450,269,360,102,1090,243,11007,364,58522,4890,23,007,13172,605,555,146,1015,274,11602,652,9854,579,403,139,1145,267,39,29,4,5,0,23,346,118,7,9,334,141,79,69,1489,339,27,25,1792,263,612,140,1180,237,10665,380,838,219,9827,380
2019-2023,Maine,Hancock County,0500000US23009,56084,0,24992,571,2662,307,876,170,1786,268,22330,558,69630,2902,23,009,26727,602,1189,247,1477,282,24061,695,18745,796,768,192,3238,482,172,98,124,64,6,12,885,252,24,26,410,114,27,24,3325,409,192,81,2083,304,889,189,1194,295,22909,618,1773,246,21136,599
2019-2023,Maine,Kennebec County,0500000US23011,125614,0,53936,598,6779,678,2394,308,4385,632,47157,841,65062,2268,23,011,58673,1194,2691,551,2896,498,53086,1336,44664,1367,1775,395,4182,589,171,81,82,61,0,26,1063,226,178,106,812,281,42,34,7870,700,525,292,7155,607,3604,531,3551,401,46781,847,3175,408,43606,890
2019-2023,Maine,Knox County,0500000US23013,40860,0,17979,444,1828,310,425,149,1403,284,16151,518,71903,4160,23,013,18740,578,742,194,1027,242,16971,635,13022,485,400,135,1807,358,113,98,8,9,0,23,869,210,75,74,336,156,17,24,2698,391,137,70,1720,274,644,175,1076,216,16259,497,1184,260,15075,522
2019-2023,Maine,Lincoln County,0500000US23015,35840,0,16201,435,1521,224,488,117,1033,188,14680,427,72026,4617,23,015,16435,503,673,170,656,185,15106,549,12411,567,456,144,1571,351,68,30,27,26,0,23,409,128,42,33,165,74,40,33,1852,211,67,47,1250,213,646,141,604,160,14951,411,875,177,14076,431
2019-2023,Maine,Oxford County,0500000US23017,58728,0,23694,572,3557,384,1405,269,2152,266,20137,608,57933,2891,23,017,26186,709,1409,327,1647,269,23130,803,20208,793,1095,289,2112,316,156,95,7,13,0,26,655,237,52,41,234,120,40,30,2970,516,66,43,3517,348,1578,266,1939,279,20177,575,1979,266,18198,566
2019-2023,Maine,Penobscot County,0500000US23019,153571,0,64769,669,8968,691,3041,362,5927,598,55801,804,63248,2103,23,019,70740,1109,4158,577,3325,478,63257,1153,54477,1218,2933,502,5607,479,517,165,336,150,0,26,1746,365,252,173,1179,241,209,162,7395,887,247,94,9746,708,4281,494,5465,596,55023,942,4687,595,50336,850
2019-2023,Maine,Piscataquis County,0500000US23021,17125,0,8111,258,1361,169,632,122,729,158,6750,286,55234,3248,23,021,7176,282,471,130,411,113,6294,305,5536,269,405,115,690,227,33,27,1,2,0,17,227,91,11,18,82,59,0,17,640,164,22,23,1496,206,707,153,789,146,6615,280,654,100,5961,300
2019-2023,Maine,Sagadahoc County,0500000US23023,37093,0,16175,402,1927,329,992,255,935,232,14248,465,82080,4866,23,023,18333,571,750,223,782,230,16801,664,13971,634,552,170,1216,337,98,79,64,58,0,23,539,181,15,23,234,128,0,23,2309,407,85,73,1360,286,644,224,716,184,14815,470,1283,295,13532,472
2019-2023,Maine,Somerset County,0500000US23025,50852,0,22737,370,3690,399,1476,260,2214,323,19047,469,56199,2187,23,025,22139,638,1479,302,1656,329,19004,729,17051,703,1009,229,2095,436,169,115,14,22,0,26,483,138,106,68,254,99,6,9,2242,358,189,121,4227,376,2026,282,2201,325,18510,496,1664,291,16846,539
2019-2023,Maine,Waldo County,0500000US23027,40006,0,17476,345,2416,267,805,157,1611,257,15060,386,68441,4439,23,027,18146,537,1023,198,659,131,16464,537,13187,550,715,181,1352,224,104,63,102,67,1,3,586,170,79,81,197,88,16,21,2722,394,108,57,2282,313,1175,240,1107,212,15194,402,1241,210,13953,376
2019-2023,Maine,Washington County,0500000US23029,31261,0,13989,241,2796,233,1056,141,1740,168,11193,288,52237,2024,23,029,12276,355,866,137,772,121,10638,392,9289,348,598,113,1286,156,98,38,22,15,12,14,410,105,22,15,89,47,37,36,1180,143,99,50,2756,175,1578,169,1178,134,11233,258,1218,146,10015,287
2019-2023,Maine,York County,0500000US23031,214731,0,90250,907,7518,748,2982,542,4536,545,82732,1170,82904,3247,23,031,110790,1525,3870,588,4013,694,102907,1718,81547,1743,2580,523,9060,919,656,243,650,179,82,85,2008,358,211,133,1222,246,23,32,16303,1181,318,148,7573,642,2593,524,4980,535,82677,1138,4925,584,77752,1162
2019-2023,Maryland,Allegany County,0500000US24001,67762,0,27436,447,4700,492,1759,303,2941,419,22736,453,57393,2900,24,001,25157,727,2008,375,1655,292,21494,861,20087,749,1538,328,1963,294,211,79,107,71,18,16,565,167,129,87,217,92,0,32,2218,380,112,87,6039,533,2633,382,3406,386,21397,560,2067,292,19330,547
2019-2023,Maryland,Anne Arundel County,0500000US24003,590936,0,223602,892,12480,1147,5722,814,6758,711,211122,1441,120324,1672,24,003,307449,2684,6803,995,7050,887,293596,3125,222413,2825,4590,848,20203,1698,1010,299,5933,883,150,112,3753,662,235,135,3635,530,216,112,51512,2146,602,221,14583,1097,3816,554,10767,1041,209019,1447,8664,849,200355,1664
2019-2023,Maryland,Baltimore County,0500000US24005,849586,0,330151,1404,32624,1379,14460,977,18164,1188,297527,1835,90904,1390,24,005,416740,2776,17125,1321,16572,1676,383043,3296,298889,3118,10954,1110,32513,1922,1944,408,12499,1152,1239,441,6521,772,806,232,7355,915,820,258,58963,2322,1362,352,36243,1539,10718,804,25525,1308,293908,2060,21906,1277,272002,2356
2019-2023,Maryland,Calvert County,0500000US24009,93791,0,33485,409,1577,340,592,205,985,318,31908,530,132059,3357,24,009,48555,986,736,258,1106,321,46713,911,36054,1188,649,241,2782,443,46,44,847,188,0,32,403,160,10,14,482,189,0,32,7987,832,31,50,1721,325,585,224,1136,230,31764,557,992,250,30772,577
2019-2023,Maryland,Caroline County,0500000US24011,33406,0,12181,242,1468,204,774,150,694,155,10713,273,66368,3805,24,011,15514,449,736,164,1375,288,13403,574,12702,536,516,160,965,270,61,41,74,57,25,43,404,194,15,26,436,155,44,39,933,235,75,46,2132,230,743,146,1389,227,10049,346,725,161,9324,352
2019-2023,Maryland,Carroll County,0500000US24013,174318,0,63487,392,3592,448,1702,364,1890,322,59895,585,115876,3145,24,013,90217,1267,2519,511,1525,338,86173,1360,68894,1383,1808,415,5778,728,287,170,323,146,57,73,613,191,8,13,612,180,57,76,13997,967,302,162,3354,376,874,216,2480,344,60133,527,2718,450,57415,663
2019-2023,Maryland,Cecil County,0500000US24015,104366,0,40172,468,3916,521,2225,433,1691,250,36256,671,91146,4181,24,015,48762,980,1975,411,2035,448,44752,1033,37090,1077,1279,302,4689,653,322,174,222,110,5,28,902,281,108,68,805,287,8,14,5054,734,253,145,5096,579,1710,387,3386,473,35076,678,2206,325,32870,738
2019-2023,Maryland,Charles County,0500000US24017,168710,0,60199,423,4416,587,1980,369,2436,437,55783,674,120592,2691,24,017,86091,1099,1792,318,1738,358,82561,1210,62722,1426,1239,276,6400,845,190,127,3351,566,39,39,554,236,47,51,799,197,60,54,12265,1081,217,161,5408,685,1530,386,3878,536,54791,737,2886,444,51905,813
2019-2023,Maryland,Dorchester County,0500000US24019,32612,0,13324,367,2263,316,777,174,1486,280,11061,424,60495,3107,24,019,14495,528,679,200,739,201,13077,587,11798,513,529,187,1346,279,64,46,39,29,0,29,206,89,59,61,141,109,9,15,965,178,18,26,2776,353,1303,251,1473,259,10548,416,960,222,9588,433
2019-2023,Maryland,Frederick County,0500000US24021,280341,0,101807,547,6448,661,3311,534,3137,415,95359,762,120458,2695,24,021,146472,1601,4005,558,2984,487,139483,1695,102253,1736,2938,475,10339,766,398,175,1614,291,58,45,1990,358,110,72,2116,401,140,72,28160,1213,361,140,7267,713,2553,496,4714,593,94540,843,3895,385,90645,969
2019-2023,Maryland,Garrett County,0500000US24023,28713,0,12565,414,1441,202,628,135,813,158,11124,430,69031,3559,24,023,13317,439,520,138,640,146,12157,482,10298,480,363,108,1138,208,83,51,92,66,2,4,186,69,21,30,128,73,27,44,1475,312,24,25,1942,213,808,154,1134,205,10623,449,633,146,9990,454
2019-2023,Maryland,Harford County,0500000US24025,262509,0,100271,556,7709,721,3309,501,4400,536,92562,912,111317,2655,24,025,135460,1620,3403,555,3600,570,128457,1715,103188,1846,2100,412,9868,942,488,177,1170,302,165,96,1439,324,131,101,1578,420,203,162,18217,1133,316,161,7514,811,2332,452,5182,630,92757,1040,5377,606,87380,1141
2019-2023,Maryland,Howard County,0500000US24027,333916,0,120066,669,6051,600,2894,442,3157,478,114015,924,146982,3334,24,027,173843,2108,3781,656,3774,626,166288,2383,117177,2207,2474,478,9304,712,263,142,3322,514,115,91,1618,443,295,252,2165,417,97,102,40257,1583,537,207,6412,660,2156,338,4256,594,113654,991,3895,488,109759,1079
2019-2023,Maryland,Kent County,0500000US24029,19265,0,8530,249,710,182,312,119,398,136,7820,296,74402,8406,24,029,8846,394,488,232,485,209,7873,521,6517,413,292,152,674,211,147,133,90,67,14,34,469,128,24,25,138,94,8,13,958,199,3,6,984,209,362,128,622,179,7546,285,348,111,7198,303
2019-2023,Maryland,Montgomery County,0500000US24031,1057586,0,387881,1133,27549,1493,13039,972,14510,1099,360332,1736,128733,1728,24,031,549592,3427,18448,1467,18434,1279,512710,3493,298088,4274,9765,924,42884,1624,2133,490,46685,1684,2499,462,9543,687,807,259,12215,965,920,321,140177,3213,2324,449,27978,1488,8072,867,19906,1229,359903,1773,19477,1237,340426,1972
2019-2023,Maryland,Prince George's County,0500000US24033,955584,0,344586,1188,33257,1805,14571,1020,18686,1332,311329,2039,100708,1294,24,033,487695,2929,22019,1732,19289,1495,446387,3557,299227,3640,12084,1119,49787,1903,2816,415,42105,1742,2811,454,7019,843,1360,501,14182,1270,1211,349,75375,2487,1737,389,40125,1643,10414,898,29711,1513,304461,1895,22843,1358,281618,2181
2019-2023,Maryland,Queen Anne's County,0500000US24035,50951,0,19637,296,1541,332,489,117,1052,308,18096,431,113347,6227,24,035,26387,692,682,158,716,238,24989,756,20240,641,511,146,2078,355,83,64,139,74,20,22,220,88,37,45,151,83,18,28,3559,465,13,16,1404,236,348,116,1056,211,18233,345,1193,310,17040,445
2019-2023,Maryland,St. Mary's County,0500000US24037,114372,0,41743,605,3517,554,1684,426,1833,350,38226,781,114580,4177,24,037,57771,1055,1836,561,1920,535,54015,1270,43635,1278,1212,422,3116,436,224,136,567,183,2,6,1043,334,132,152,565,290,0,32,8845,889,266,184,4553,608,1674,452,2879,482,37190,799,1843,364,35347,780
2019-2023,Maryland,Somerset County,0500000US24039,24685,0,8296,343,1728,319,804,250,924,260,6568,353,52462,6287,24,039,8505,507,812,258,601,212,7092,517,6503,543,444,190,892,272,186,166,32,35,0,25,140,100,0,25,246,170,180,147,692,183,2,8,2281,337,920,238,1361,250,6015,398,808,227,5207,369
2019-2023,Maryland,Talbot County,0500000US24041,37707,0,16211,339,1723,304,731,220,992,217,14488,511,84378,5182,24,041,16593,533,745,256,705,244,15143,589,12067,611,473,193,1185,300,79,63,107,83,0,29,451,152,8,19,411,179,145,136,2372,359,40,46,1727,275,782,220,945,171,14484,442,941,235,13543,521
2019-2023,Maryland,Washington County,0500000US24043,155033,0,59411,542,7604,622,3419,484,4185,523,51807,825,74157,2375,24,043,70198,1095,3437,536,3935,633,62826,1358,52893,1273,2510,515,6715,810,414,156,729,338,78,72,858,255,118,59,1247,387,117,94,7756,949,200,95,9397,746,3900,497,5497,648,50014,840,3704,510,46310,900
2019-2023,Maryland,Wicomico County,0500000US24045,104117,0,40034,545,5160,617,2069,399,3091,512,34874,762,72861,3051,24,045,50231,1202,3636,595,2721,460,43874,1412,40467,1375,2710,525,4581,594,429,253,172,121,46,83,621,241,125,115,667,190,113,89,3723,628,213,141,6781,647,2045,333,4736,632,33253,855,3115,534,30138,900
2019-2023,Maryland,Worcester County,0500000US24047,53279,0,23827,590,2020,296,798,193,1222,222,21807,596,81455,4456,24,047,24425,646,994,262,1273,344,22158,773,18659,645,606,173,1771,326,119,116,153,94,0,32,571,229,122,137,471,132,110,85,2800,401,37,44,2321,388,725,213,1596,335,21506,632,1295,232,20211,634
2019-2023,Maryland,Baltimore city,0500000US24510,577193,0,250608,1325,50970,1714,18062,1048,32908,1419,199638,2156,59623,1145,24,510,264495,2299,17362,1234,15258,1329,231875,2727,151462,3019,7680,901,18269,1358,1628,372,30641,1661,3967,565,13734,1090,1548,298,8730,919,879,300,41659,2110,1660,365,59108,1416,25934,1111,33174,1384,191500,1723,25036,1334,166464,2154
2019-2023,Massachusetts,Barnstable County,0500000US25001,230073,0,102981,1224,8414,650,2643,372,5771,603,94567,1192,94452,2087,25,001,110930,1661,3529,629,3352,514,104049,1759,82303,1791,2266,494,7216,806,401,178,1367,284,25,29,1846,354,124,106,2055,542,309,230,16143,1124,404,220,8591,788,3109,479,5482,582,94390,1318,5305,603,89085,1300
2019-2023,Massachusetts,Berkshire County,0500000US25003,128047,0,56517,835,6497,699,2263,436,4234,536,50020,862,72565,2511,25,003,59728,1204,2239,415,2410,446,55079,1232,43882,1267,1424,310,4882,525,208,126,876,258,32,33,1956,314,227,107,502,259,200,153,7630,642,148,66,8793,665,3322,446,5471,552,47724,894,3175,484,44549,902
2019-2023,Massachusetts,Bristol County,0500000US25005,578436,0,232202,954,29692,1343,13496,929,16196,974,202510,1653,84198,1682,25,005,283175,2552,12168,1050,10536,995,260471,3057,216091,2742,7640,899,25926,1326,2257,370,5044,512,427,247,4897,660,567,209,3579,469,528,196,27638,1326,749,277,44171,1593,17141,945,27030,1317,188031,1871,12551,900,175480,2094
2019-2023,Massachusetts,Dukes County,0500000US25007,20751,0,7362,547,403,178,87,72,316,163,6959,544,102348,14770,25,007,10469,756,221,185,244,184,10004,795,6775,866,98,111,798,348,10,17,163,132,0,25,667,304,0,25,144,122,0,25,1922,548,113,137,557,261,53,69,504,245,6805,563,350,162,6455,549
2019-2023,Massachusetts,Essex County,0500000US25009,807258,0,311676,1208,33312,1550,13751,1220,19561,1090,278364,1956,99431,1893,25,009,410940,3163,13692,1293,14337,1330,382911,3566,285643,3618,8471,924,28949,1653,1058,281,15275,1120,940,221,10417,912,953,286,10698,1071,1072,403,59958,1942,1198,341,49859,1613,18733,1250,31126,1294,261817,1796,14579,1034,247238,2065
2019-2023,Massachusetts,Franklin County,0500000US25011,70922,0,31498,335,3694,398,1366,290,2328,259,27804,480,72584,2140,25,011,34897,682,2053,303,2155,357,30689,835,24535,771,1399,283,3031,458,214,99,426,178,83,59,1369,265,109,58,404,129,25,50,5132,468,223,103,5080,388,1806,318,3274,342,26418,481,1888,261,24530,480
2019-2023,Massachusetts,Hampden County,0500000US25013,462853,0,184217,840,30352,1355,12560,881,17792,1103,153865,1443,70535,1145,25,013,210076,2411,10842,1021,10612,1053,188622,2671,163782,2265,7563,959,16025,1061,919,238,3847,620,713,257,3685,456,683,246,3194,534,342,151,19543,1348,622,224,44416,1624,19936,1188,24480,1352,139801,1671,10416,770,129385,1787
2019-2023,Massachusetts,Hampshire County,0500000US25015,156595,0,61770,606,7377,638,1739,360,5638,503,54393,820,86391,2372,25,015,71487,1334,4749,618,3251,604,63487,1476,51161,1481,3161,569,3726,593,263,158,1849,450,671,244,2134,370,203,111,1060,228,88,89,11557,886,363,160,6610,646,2687,475,3923,511,55160,819,4690,484,50470,881
2019-2023,Massachusetts,Middlesex County,0500000US25017,1622896,0,630939,1636,52496,2299,18692,1392,33804,1556,578443,2709,126779,1428,25,017,867169,4154,26930,1719,21347,1601,818892,4560,491526,5011,12703,1025,55458,2605,3135,575,69422,2368,3024,444,29358,1661,2783,524,27836,1493,1248,306,193569,3958,4037,561,54324,2207,20390,1540,33934,1710,576615,2623,32106,1510,544509,3010
2019-2023,Massachusetts,Nantucket County,0500000US25019,14299,0,5048,332,166,90,56,65,110,61,4882,315,119750,25378,25,019,7975,337,108,88,142,101,7725,366,5578,472,73,74,608,205,0,21,65,62,15,31,472,240,7,13,312,172,0,21,940,237,13,19,304,213,54,50,250,206,4744,354,112,74,4632,340
2019-2023,Massachusetts,Norfolk County,0500000US25021,724540,0,281408,1189,22478,1263,7780,715,14698,1047,258930,1694,126497,1825,25,021,378139,2580,11227,1147,8549,813,358363,2917,224456,3194,5812,742,21460,1479,802,289,36318,2062,1902,521,10274,897,859,278,7737,827,345,166,77894,2255,1507,402,24504,1206,8331,755,16173,999,256904,1555,14147,966,242757,1773
2019-2023,Massachusetts,Plymouth County,0500000US25023,531889,0,200995,1063,16071,1069,6489,701,9582,839,184924,1382,109698,2047,25,023,268322,2387,6504,855,7251,862,254567,2503,193077,2600,4345,708,18850,1281,858,232,8990,828,318,179,3593,558,179,96,4435,782,311,241,39377,1855,493,163,24243,1283,6926,708,17317,979,176752,1492,9145,797,167607,1664
2019-2023,Massachusetts,Suffolk County,0500000US25025,782172,0,322184,1711,55008,1527,17818,1051,37190,1353,267176,2333,92859,2104,25,025,416705,2833,27150,1637,19797,1592,369758,3631,155864,3417,7422,839,26339,1671,1748,367,99704,2990,9473,960,45404,1796,4667,652,15972,1202,1149,257,73422,2573,2691,493,60090,1572,27393,1276,32697,1355,262094,2169,27615,1309,234479,2448
2019-2023,Massachusetts,Worcester County,0500000US25027,861664,0,333273,1196,36450,1587,15286,1060,21164,1245,296823,1773,93561,1275,25,027,427959,3409,17147,1467,13465,1201,397347,3693,309646,3652,10526,1038,33431,1821,1897,568,6448,825,632,267,8216,703,1677,442,9494,1030,930,336,60724,2275,1485,390,50938,1691,19123,1027,31815,1464,282335,1924,17327,1000,265008,2202
2019-2023,Michigan,Alcona County,0500000US26001,10310,0,5116,174,790,83,284,57,506,75,4326,163,53568,2457,26,001,3548,171,348,73,226,54,2974,166,2685,175,253,59,392,81,56,29,0,17,0,17,118,38,10,8,37,15,0,17,316,66,29,27,603,91,256,60,347,60,4513,176,534,71,3979,165
2019-2023,Michigan,Alger County,0500000US26003,8813,0,3490,156,423,97,125,47,298,87,3067,162,59406,3273,26,003,2881,184,190,82,88,44,2603,184,2117,152,138,74,302,87,32,32,12,12,7,10,128,49,4,7,73,54,0,15,249,77,9,13,377,95,183,69,194,60,3113,185,240,78,2873,182
2019-2023,Michigan,Allegan County,0500000US26005,120913,0,44984,524,3705,426,2094,314,1611,278,41279,604,80255,2217,26,005,56724,876,2006,325,2584,429,52134,1123,45138,1092,1445,233,4735,528,253,140,155,81,24,25,938,296,143,164,673,197,24,41,5085,550,117,65,3178,363,1131,182,2047,309,41806,614,2574,362,39232,634
2019-2023,Michigan,Alpena County,0500000US26007,28908,0,12734,261,2226,257,868,138,1358,211,10508,330,51909,1945,26,007,11674,391,1081,210,1011,231,9582,467,9065,409,669,152,914,226,221,133,90,71,14,17,221,93,79,66,447,135,49,39,937,222,49,36,2172,262,1086,210,1086,206,10562,322,1140,175,9422,312
2019-2023,Michigan,Antrim County,0500000US26009,23876,0,11034,329,1029,175,398,117,631,132,10005,315,71421,3272,26,009,10554,316,469,126,520,125,9565,346,7849,344,348,114,905,196,28,26,2,3,0,20,370,90,4,5,234,51,45,42,1194,205,44,31,1026,173,341,99,685,123,10008,344,688,144,9320,320
2019-2023,Michigan,Arenac County,0500000US26011,15054,0,6421,163,834,99,347,71,487,79,5587,172,56989,2239,26,011,6145,170,399,81,421,87,5325,199,4958,198,289,62,475,80,66,34,18,13,0,17,153,61,23,26,116,46,0,17,425,65,21,16,1005,97,413,67,592,71,5416,167,421,71,4995,171
2019-2023,Michigan,Baraga County,0500000US26013,8249,0,3337,124,528,75,161,46,367,64,2809,106,55117,2991,26,013,2891,122,174,59,257,118,2460,164,2305,139,103,44,324,73,44,28,5,7,0,15,62,28,9,13,51,29,18,15,144,50,0,15,510,85,232,44,278,68,2827,132,296,67,2531,116
2019-2023,Michigan,Barry County,0500000US26015,62982,0,24409,327,2114,342,866,192,1248,287,22295,399,77873,2888,26,015,28500,718,920,226,1301,245,26279,847,23018,849,644,191,1789,375,100,88,67,52,6,9,461,174,29,26,324,174,72,71,2841,369,69,59,2115,327,717,189,1398,255,22294,373,1397,287,20897,442
2019-2023,Michigan,Bay County,0500000US26017,103235,0,44917,389,6569,561,2585,389,3984,472,38348,613,60523,2180,26,017,47222,888,3351,547,2264,375,41607,1004,39205,1080,2567,505,3108,515,388,182,163,100,16,22,669,212,165,118,576,239,96,74,3501,468,119,78,6025,570,3045,430,2980,381,38892,653,3524,482,35368,686
2019-2023,Michigan,Benzie County,0500000US26019,18177,0,7466,213,835,120,308,87,527,100,6631,238,72603,3700,26,019,7907,257,441,110,335,101,7131,271,6200,275,393,105,667,141,8,10,64,41,7,33,58,29,0,17,93,44,6,6,825,108,27,20,550,112,222,68,328,86,6916,228,613,109,6303,247
2019-2023,Michigan,Berrien County,0500000US26021,153411,0,63651,629,9284,660,4440,444,4844,537,54367,777,63152,1945,26,021,67966,1332,4675,462,4080,477,59211,1524,52918,1186,3652,433,5608,499,434,138,188,84,40,34,1541,250,250,106,818,219,44,58,6893,584,255,112,8488,601,4110,476,4378,479,55163,801,5174,545,49989,805
2019-2023,Michigan,Branch County,0500000US26023,44914,0,16922,292,2153,244,978,175,1175,199,14769,335,61958,2137,26,023,18885,479,1331,246,1449,265,16105,547,14942,629,799,195,2270,307,276,100,30,27,10,16,338,113,39,32,361,118,176,92,944,170,31,23,2180,251,918,168,1262,226,14742,386,1235,161,13507,356
2019-2023,Michigan,Calhoun County,0500000US26025,133846,0,53431,484,7331,570,3096,360,4235,457,46100,728,60385,1762,26,025,57209,929,2762,393,4208,562,50239,1148,46236,886,1956,316,4848,548,368,136,322,128,102,74,970,205,128,83,750,230,55,42,4083,470,153,81,6943,509,3560,413,3383,356,46488,658,3771,372,42717,715
2019-2023,Michigan,Cass County,0500000US26027,51606,0,21089,348,2798,338,1500,273,1298,224,18291,478,68011,2756,26,027,23418,649,936,200,1157,229,21325,618,18485,715,645,170,2378,325,174,105,106,77,0,26,456,180,45,46,417,138,23,21,1576,220,49,35,2620,307,1193,212,1427,217,18469,386,1605,254,16864,449
2019-2023,Michigan,Charlevoix County,0500000US26029,26143,0,12247,272,1078,160,407,103,671,132,11169,275,76495,2946,26,029,12297,310,505,116,538,116,11254,312,9214,314,317,103,1244,226,104,48,66,49,45,46,245,68,5,5,192,77,21,21,1336,196,13,9,975,186,389,104,586,135,11272,306,689,120,10583,294
2019-2023,Michigan,Cheboygan County,0500000US26031,25778,0,10757,291,1374,209,613,140,761,149,9383,331,61619,3070,26,031,10369,366,705,202,930,161,8734,402,7948,350,465,159,1161,234,189,169,57,37,0,20,67,36,4,6,119,64,9,18,1017,151,38,26,1356,184,516,135,840,132,9401,329,858,165,8543,322
2019-2023,Michigan,Chippewa County,0500000US26033,36448,0,13867,298,2101,237,821,164,1280,185,11766,308,60631,1502,26,033,14951,409,1151,221,995,191,12805,469,11612,429,799,194,1336,230,115,65,61,49,12,13,388,143,99,72,549,161,24,24,1005,204,102,52,2007,209,922,165,1085,162,11860,319,1179,174,10681,297
2019-2023,Michigan,Clare County,0500000US26035,31109,0,12150,351,2257,252,1197,210,1060,175,9893,363,49805,2229,26,035,10645,438,1024,200,665,131,8956,477,7919,454,586,124,1131,226,190,144,21,29,19,28,301,117,61,37,198,78,44,24,1075,236,124,62,2182,204,1052,164,1130,153,9968,352,1205,200,8763,355
2019-2023,Michigan,Clinton County,0500000US26037,79419,0,31314,293,2768,281,1037,198,1731,216,28546,378,85928,2802,26,037,39306,685,1941,349,1828,277,35537,740,30625,736,1494,314,1998,271,207,118,198,95,68,48,585,195,52,49,323,116,0,26,5577,547,120,65,1898,238,729,158,1169,211,29416,350,2039,240,27377,396
2019-2023,Michigan,Crawford County,0500000US26039,13271,0,6009,237,950,155,405,87,545,122,5059,222,58614,3744,26,039,5002,263,316,103,426,124,4260,311,3922,287,181,78,510,141,100,49,65,55,0,17,142,67,32,29,71,44,0,17,292,69,3,4,843,153,406,104,437,109,5166,234,544,124,4622,223
2019-2023,Michigan,Delta County,0500000US26041,36829,0,15900,320,2478,301,946,178,1532,266,13422,419,54829,3042,26,041,14652,536,888,160,991,247,12773,533,11846,462,544,149,1397,230,201,83,75,56,22,27,336,120,81,54,193,100,30,39,805,182,10,10,2150,317,1023,217,1127,225,13750,419,1455,241,12295,428
2019-2023,Michigan,Dickinson County,0500000US26043,25940,0,11837,238,1256,293,521,183,735,187,10581,364,61882,2953,26,043,11726,402,770,253,791,205,10165,498,9359,455,521,181,948,228,24,28,47,37,21,36,295,180,128,155,145,90,0,20,932,234,76,71,1061,251,430,181,631,169,10776,315,826,219,9950,419
2019-2023,Michigan,Eaton County,0500000US26045,109000,0,45115,404,3697,361,1436,213,2261,327,41418,466,78025,2653,26,045,52650,804,2013,324,2051,309,48586,916,39066,947,1290,242,4626,610,266,120,385,184,84,87,649,182,75,33,646,161,32,27,7278,680,266,93,4115,444,1204,247,2911,435,41000,590,2493,313,38507,612
2019-2023,Michigan,Emmet County,0500000US26047,34159,0,14604,414,1486,253,580,136,906,221,13118,422,73724,5841,26,047,16417,440,699,164,762,268,14956,458,12237,562,545,145,1527,271,67,39,58,27,5,8,721,223,18,18,360,153,14,24,1514,188,50,29,1093,191,403,126,690,156,13511,435,1083,256,12428,384
2019-2023,Michigan,Genesee County,0500000US26049,404087,0,166375,1059,25923,1289,11413,767,14510,978,140452,1408,60673,1303,26,049,169780,2294,11698,1131,11959,982,146123,2595,134534,2342,7884,791,14850,927,1973,440,1933,334,498,172,1648,314,298,118,1280,282,165,128,15535,915,880,230,31606,1271,14264,869,17342,1198,134769,1455,11659,946,123110,1549
2019-2023,Michigan,Gladwin County,0500000US26051,25543,0,11060,258,1603,171,606,106,997,132,9457,259,55576,1832,26,051,9422,278,471,93,693,154,8258,297,7672,270,331,86,570,93,49,26,7,8,2,4,106,53,25,22,229,75,21,16,838,129,43,21,1570,179,681,117,889,124,9490,269,922,140,8568,259
2019-2023,Michigan,Gogebic County,0500000US26053,14348,0,7038,231,1175,180,324,82,851,167,5863,246,49672,4577,26,053,5843,251,386,125,568,149,4889,251,4798,266,327,119,412,123,6,10,18,21,4,8,160,53,29,21,49,37,0,17,406,131,20,20,1177,185,585,135,592,149,5861,265,590,135,5271,254
2019-2023,Michigan,Grand Traverse County,0500000US26055,95757,0,39596,534,3433,472,1332,234,2101,388,36163,694,79486,2455,26,055,47779,888,1766,329,2071,369,43942,1037,34104,1015,1244,288,4724,561,214,122,407,187,77,60,1030,242,70,68,977,250,53,68,6537,601,108,65,3180,511,1321,338,1859,330,36416,766,2112,371,34304,812
2019-2023,Michigan,Gratiot County,0500000US26057,41478,0,14511,258,1845,245,857,136,988,204,12666,300,61128,2280,26,057,16312,392,961,196,1206,209,14145,426,13693,453,755,196,956,142,44,28,94,41,56,3,368,119,41,43,183,93,17,25,1018,170,48,28,2111,231,843,180,1268,197,12400,343,1002,174,11398,327
2019-2023,Michigan,Hillsdale County,0500000US26059,45658,0,17858,321,2481,257,1168,158,1313,190,15377,343,60869,2774,26,059,19202,386,1362,217,1484,233,16356,478,15123,407,812,187,1681,206,177,77,44,31,10,17,531,118,119,62,296,102,34,23,1527,246,210,83,2113,217,971,162,1142,188,15745,335,1510,220,14235,339
2019-2023,Michigan,Houghton County,0500000US26061,37428,0,14251,340,2461,249,719,166,1742,226,11790,300,56573,2059,26,061,15481,588,1822,248,1295,268,12364,561,10714,558,940,205,1639,244,203,101,60,46,43,41,1151,268,406,175,350,151,96,65,1567,375,134,79,1193,179,570,121,623,120,13058,346,1891,226,11167,327
2019-2023,Michigan,Huron County,0500000US26063,31258,0,13836,219,1902,172,641,93,1261,148,11934,245,56963,1756,26,063,13474,236,791,144,1061,180,11622,275,10718,239,542,124,1012,165,104,50,98,51,46,41,502,80,50,23,106,35,2,3,1038,179,47,22,1431,126,718,121,713,83,12405,231,1184,164,11221,227
2019-2023,Michigan,Ingham County,0500000US26065,282015,0,116566,792,19624,1030,5529,648,14095,888,96942,1159,64354,1478,26,065,132296,1682,12670,994,8391,862,111235,2092,91377,1949,7862,815,11117,1053,1339,297,2886,520,713,234,3785,627,1249,372,2762,436,470,165,20369,1181,1037,349,13918,905,7148,798,6770,574,102648,1205,12476,877,90172,1285
2019-2023,Michigan,Ionia County,0500000US26067,66706,0,22994,331,2619,301,1154,162,1465,256,20375,399,73436,2339,26,067,30177,721,1330,258,1178,284,27669,761,24167,814,946,216,2188,355,175,77,437,236,0,26,656,209,93,69,232,127,9,8,2497,344,107,72,2959,333,1320,230,1639,246,20035,426,1299,226,18736,413
2019-2023,Michigan,Iosco County,0500000US26069,25333,0,11449,335,2126,256,707,168,1419,206,9323,342,47777,2521,26,069,9070,338,701,181,745,162,7624,276,7153,305,603,172,809,170,46,36,4,6,0,20,372,154,30,28,150,72,7,7,582,135,15,13,1675,213,796,154,879,168,9774,392,1330,220,8444,343
2019-2023,Michigan,Iron County,0500000US26071,11650,0,5354,169,940,140,324,96,616,121,4414,193,53614,3997,26,071,4383,188,232,69,271,85,3880,216,3488,195,171,59,294,70,40,31,0,17,0,17,150,58,9,9,105,57,0,17,346,84,12,11,689,133,426,122,263,59,4665,170,514,95,4151,188
2019-2023,Michigan,Isabella County,0500000US26073,64475,0,24942,374,5821,472,1925,295,3896,415,19121,472,53759,1969,26,073,28653,719,4775,583,2625,413,21253,747,22847,775,3545,593,2546,352,226,112,81,51,10,14,1206,313,478,198,324,106,136,71,1649,287,380,198,2841,372,1407,260,1434,233,22101,496,4414,428,17687,518
2019-2023,Michigan,Jackson County,0500000US26075,160187,0,62034,612,7952,584,3212,425,4740,429,54082,828,65004,2012,26,075,67858,1209,3762,527,3538,439,60558,1392,54527,1418,2790,475,5482,639,422,140,227,104,40,42,975,234,173,82,634,186,89,71,6013,654,248,110,8325,590,3628,433,4697,479,53709,761,4324,434,49385,882
2019-2023,Michigan,Kalamazoo County,0500000US26077,261437,0,106251,764,14487,1062,4880,693,9607,835,91764,1310,70525,1367,26,077,127042,1663,10081,1017,7940,928,109021,1921,99891,1896,7089,872,8395,848,1071,348,1388,335,517,234,2215,395,588,220,1059,271,236,145,14094,1079,580,255,11012,860,4893,590,6119,706,95239,1234,9594,1000,85645,1426
2019-2023,Michigan,Kalkaska County,0500000US26079,18116,0,7716,220,1011,131,431,89,580,101,6705,212,60365,2775,26,079,7587,247,587,147,487,116,6513,280,6271,314,396,137,646,148,121,69,1,3,0,17,75,36,10,16,93,43,7,14,501,139,53,37,1187,171,472,94,715,136,6529,216,539,95,5990,213
2019-2023,Michigan,Kent County,0500000US26081,658844,0,254860,920,26745,1402,11500,889,15245,1168,228115,1587,80390,1068,26,081,335992,2624,15185,1288,16262,1353,304545,3167,251007,3090,10403,1148,27092,1697,2158,444,5335,798,781,229,5687,651,640,199,4069,599,295,129,42802,2181,908,230,25849,1362,11352,1048,14497,1129,229011,1726,15393,1037,213618,1909
2019-2023,Michigan,Keweenaw County,0500000US26083,2106,0,1090,75,79,23,29,15,50,18,1011,73,53893,4389,26,083,762,79,13,12,60,25,689,80,501,67,3,7,48,24,4,7,1,2,0,11,65,26,1,2,18,19,0,11,129,39,5,7,84,22,46,18,38,17,1006,74,33,15,973,74
2019-2023,Michigan,Lake County,0500000US26085,12393,0,4931,142,946,120,388,91,558,91,3985,160,49680,3153,26,085,4137,189,506,101,272,81,3359,212,3249,216,384,91,358,67,53,30,47,34,18,19,106,79,5,3,73,47,33,40,304,84,13,14,900,105,408,67,492,73,4031,154,538,112,3493,165
2019-2023,Michigan,Lapeer County,0500000US26087,88703,0,34479,354,3519,363,1735,240,1784,262,30960,452,76228,1697,26,087,40415,768,1843,337,2003,358,36569,936,32165,870,1225,249,3961,552,264,117,381,191,83,80,417,168,71,108,321,108,36,32,3170,382,164,100,3611,376,1571,247,2040,290,30868,499,1948,303,28920,508
2019-2023,Michigan,Leelanau County,0500000US26089,22607,0,9439,314,666,139,275,71,391,108,8773,300,91943,5987,26,089,9632,305,280,90,433,132,8919,339,7275,360,187,76,568,120,36,27,20,15,0,20,165,49,2,4,151,53,0,20,1453,200,55,36,409,96,147,62,262,68,9030,300,519,111,8511,301
2019-2023,Michigan,Lenawee County,0500000US26091,98823,0,38807,421,4478,405,2120,322,2358,344,34329,571,67013,1691,26,091,42178,955,2117,337,2579,441,37482,1002,34495,988,1474,268,3034,391,245,104,72,53,40,49,898,186,139,71,269,90,14,13,3410,398,205,139,4414,391,1857,316,2557,299,34393,536,2621,337,31772,617
2019-2023,Michigan,Livingston County,0500000US26093,195143,0,75722,408,3868,368,1585,229,2283,296,71854,508,101315,2197,26,093,97352,1056,2100,455,2705,494,92547,1232,76174,1321,1702,379,5444,639,138,94,180,82,1,3,939,223,23,16,547,222,21,33,14068,841,215,146,3803,485,1339,289,2464,328,71919,615,2529,298,69390,617
2019-2023,Michigan,Luce County,0500000US26095,6325,0,2404,130,440,90,125,44,315,73,1964,143,54338,1623,26,095,1985,153,145,60,155,77,1685,157,1530,149,98,56,213,86,26,24,10,11,0,15,66,40,5,6,21,18,6,8,145,61,10,15,362,84,210,63,152,55,2042,139,230,68,1812,136
2019-2023,Michigan,Mackinac County,0500000US26097,10865,0,5128,194,849,116,315,65,534,97,4279,200,58598,3622,26,097,4276,225,420,134,352,124,3504,222,2859,174,140,60,268,99,21,15,325,109,230,108,223,90,0,17,193,61,28,19,408,93,1,4,574,95,273,72,301,84,4554,214,576,105,3978,200
2019-2023,Michigan,Macomb County,0500000US26099,877624,0,356426,1000,35907,1356,16505,1022,19402,936,320519,1397,76399,1158,26,099,421658,2750,17728,1118,18893,1454,385037,3288,328043,3374,12774,1048,33614,1804,2119,455,2439,478,308,135,4279,599,306,122,4600,591,555,202,48683,1981,1666,372,42558,1923,14587,916,27971,1629,313868,2155,21320,1154,292548,2198
2019-2023,Michigan,Manistee County,0500000US26101,25247,0,10324,262,1214,152,474,94,740,127,9110,241,60879,2232,26,101,9602,332,567,121,480,95,8555,334,7438,327,387,97,913,180,47,29,45,32,1,2,140,52,47,37,74,33,6,8,992,193,79,66,1239,173,617,126,622,113,9085,270,597,95,8488,274
2019-2023,Michigan,Marquette County,0500000US26103,66430,0,27887,408,4170,361,1171,225,2999,296,23717,511,64675,2064,26,103,29807,564,3326,424,2175,371,24306,696,23024,649,2290,372,3058,452,488,246,77,52,32,33,1235,276,271,143,420,147,107,100,1993,297,138,98,2580,300,1399,239,1181,222,25307,486,2771,305,22536,499
2019-2023,Michigan,Mason County,0500000US26105,29177,0,12426,320,1616,234,764,153,852,171,10810,349,62296,2509,26,105,12240,361,767,151,779,141,10694,401,9267,377,579,126,1416,248,35,21,51,51,30,45,258,99,35,24,120,53,14,13,1128,190,74,69,1501,209,625,165,876,145,10925,345,991,185,9934,331
2019-2023,Michigan,Mecosta County,0500000US26107,40321,0,16312,309,2989,287,1072,198,1917,234,13323,339,57774,2199,26,107,15807,421,1974,289,1236,200,12597,539,12666,399,1456,230,1368,219,214,126,80,49,31,35,442,131,72,58,245,85,130,76,1006,144,71,58,2288,271,1194,195,1094,191,14024,392,1795,261,12229,380
2019-2023,Michigan,Menominee County,0500000US26109,23295,0,10011,282,1363,223,441,106,922,186,8648,323,55688,3464,26,109,10229,379,590,134,555,163,9084,428,7837,360,358,93,1045,166,27,25,12,12,5,6,393,128,96,62,199,85,43,37,743,155,61,55,920,158,320,91,600,142,9091,290,1043,213,8048,336
2019-2023,Michigan,Midland County,0500000US26111,83641,0,34608,359,4163,443,1868,300,2295,318,30445,524,77538,2803,26,111,37352,860,2013,306,1647,262,33692,874,29574,907,1473,253,2852,441,415,213,159,73,12,12,389,118,25,21,351,136,4,6,4027,365,84,71,4078,376,2036,373,2042,288,30530,464,2127,321,28403,480
2019-2023,Michigan,Missaukee County,0500000US26113,15156,0,5750,180,642,99,245,59,397,81,5108,190,61868,4982,26,113,6385,197,259,60,536,131,5590,231,5059,224,203,58,638,105,26,13,24,20,0,17,209,64,14,13,117,36,3,5,338,63,13,10,771,129,236,55,535,109,4979,221,406,88,4573,214
2019-2023,Michigan,Monroe County,0500000US26115,155001,0,62509,561,6771,657,3139,436,3632,578,55738,899,75272,1826,26,115,70195,1432,3450,476,2765,481,63980,1596,58069,1607,2709,411,4627,557,451,196,160,84,0,26,908,261,30,36,707,214,81,64,5724,677,179,89,6193,509,2938,398,3255,381,56316,782,3833,518,52483,995
2019-2023,Michigan,Montcalm County,0500000US26117,67174,0,24153,350,2956,315,1319,216,1637,238,21197,431,64892,2061,26,117,28948,741,1584,267,1912,353,25452,797,23604,704,1135,224,2703,398,222,84,31,29,1,3,556,175,79,76,285,89,54,49,1769,286,93,41,3122,346,1310,200,1812,295,21031,432,1646,246,19385,449
2019-2023,Michigan,Montmorency County,0500000US26119,9372,0,4769,207,897,156,341,99,556,135,3872,165,47803,2773,26,119,3167,195,244,74,239,82,2684,208,2481,197,202,71,315,93,20,18,0,15,0,15,103,61,10,11,20,18,0,15,248,76,12,13,642,119,383,98,259,68,4127,202,514,125,3613,178
2019-2023,Michigan,Muskegon County,0500000US26121,175378,0,67112,563,8634,722,4181,472,4453,531,58478,746,63495,1493,26,121,75507,1310,4020,557,5150,720,66337,1417,62426,1257,3070,518,6968,734,463,154,99,76,14,41,761,195,163,101,737,213,50,46,4516,493,260,123,11745,741,5022,540,6723,582,55367,729,3612,404,51755,814
2019-2023,Michigan,Newaygo County,0500000US26123,50414,0,19428,307,2607,247,1347,232,1260,172,16821,353,61931,1956,26,123,21655,528,1288,184,1458,273,18909,601,16769,590,815,142,2516,322,270,114,61,49,21,36,390,118,44,25,409,155,20,20,1510,216,118,68,3271,328,1411,233,1860,229,16157,386,1196,152,14961,389
2019-2023,Michigan,Oakland County,0500000US26125,1272294,0,528681,1510,45077,1821,16177,967,28900,1502,483604,2387,95296,1130,26,125,646016,3391,21782,1304,20355,1542,603879,3724,474489,4259,15351,1054,39244,1759,2803,528,2211,513,200,115,6831,581,918,292,6612,749,466,172,116629,3010,2044,336,40259,1731,16089,1207,24170,1149,488422,2391,28988,1394,459434,2613
2019-2023,Michigan,Oceana County,0500000US26127,26788,0,10247,218,1253,113,619,85,634,94,8994,228,63624,3124,26,127,11255,298,707,123,854,153,9694,330,8711,345,460,84,1445,192,131,63,19,15,0,20,233,57,32,26,130,50,17,16,717,112,67,36,1463,135,641,87,822,113,8784,243,612,84,8172,237
2019-2023,Michigan,Ogemaw County,0500000US26129,20853,0,9122,223,1537,125,716,103,821,109,7585,229,51983,3002,26,129,7491,314,502,88,521,122,6468,331,6154,305,364,75,547,95,68,40,16,15,14,15,152,54,23,24,65,25,11,10,557,95,22,18,1663,181,769,95,894,149,7459,251,768,117,6691,258
2019-2023,Michigan,Ontonagon County,0500000US26131,5870,0,2978,117,394,68,148,51,246,50,2584,114,51844,3805,26,131,2020,100,162,52,163,66,1695,117,1497,90,123,44,196,47,5,7,0,15,0,15,77,27,17,15,31,16,11,9,219,59,6,8,403,65,160,37,243,53,2575,119,234,57,2341,115
2019-2023,Michigan,Osceola County,0500000US26133,23122,0,9072,173,1434,142,652,111,782,99,7638,191,57050,1912,26,133,9009,295,613,107,669,117,7727,354,7083,309,423,85,1062,120,78,24,15,9,0,20,242,69,37,27,138,47,16,15,469,78,59,40,1305,148,714,103,591,94,7767,175,720,97,7047,186
2019-2023,Michigan,Oscoda County,0500000US26135,8338,0,3648,183,607,107,248,69,359,79,3041,189,50581,4011,26,135,2746,214,201,62,314,113,2231,231,1916,218,161,58,237,66,15,11,0,15,0,15,42,37,4,8,190,57,13,12,361,118,8,7,594,118,243,57,351,104,3054,191,364,93,2690,183
2019-2023,Michigan,Otsego County,0500000US26137,25352,0,10996,346,1196,239,476,130,720,204,9800,365,67285,4068,26,137,11872,447,427,132,831,251,10614,533,9182,482,317,99,1308,217,62,52,53,70,0,20,59,51,0,20,69,49,0,20,1201,297,48,55,1272,263,601,198,671,196,9724,418,595,128,9129,417
2019-2023,Michigan,Ottawa County,0500000US26139,298614,0,110019,682,9230,711,3106,450,6124,567,100789,822,87144,2130,26,139,148353,1484,7303,819,5974,703,135076,1820,118686,1875,5385,752,11643,957,701,232,549,171,200,112,2214,508,446,188,1449,315,142,106,13812,885,429,166,6321,575,2040,349,4281,518,103698,826,7190,662,96508,928
2019-2023,Michigan,Presque Isle County,0500000US26141,13142,0,6316,178,802,129,313,79,489,103,5514,210,56713,2973,26,141,4636,189,193,45,493,135,3950,234,3575,210,130,38,388,70,23,14,2,3,0,17,80,32,9,10,178,54,10,12,413,96,21,17,667,107,306,78,361,81,5649,211,496,102,5153,214
2019-2023,Michigan,Roscommon County,0500000US26143,23639,0,11475,391,1631,204,681,115,950,165,9844,371,54106,3037,26,143,8219,331,650,149,444,143,7125,360,5926,322,412,118,1115,242,144,74,20,18,16,16,147,96,0,20,118,68,8,10,893,170,70,60,1659,214,668,141,991,171,9816,372,963,157,8853,356
2019-2023,Michigan,Saginaw County,0500000US26145,189210,0,77586,647,13571,783,6274,566,7297,625,64015,925,58347,1402,26,145,78610,1236,6642,582,5508,642,66460,1430,63532,1462,4959,499,6612,659,870,249,266,117,154,111,858,180,123,74,749,179,99,67,6593,724,437,180,15368,866,7899,697,7469,623,62218,1020,5672,526,56546,966
2019-2023,Michigan,St. Clair County,0500000US26147,160089,0,66618,617,7705,571,3506,361,4199,425,58913,733,69349,1699,26,147,72666,1175,3674,446,3885,471,65107,1271,58464,1090,2725,382,6777,697,410,182,593,240,89,49,941,214,100,54,729,197,123,92,5162,493,227,110,8802,597,3878,380,4924,497,57816,849,3827,420,53989,865
2019-2023,Michigan,St. Joseph County,0500000US26149,60870,0,23610,384,2984,326,1289,238,1695,244,20626,439,64707,2507,26,149,26965,596,1434,265,1473,214,24058,666,20012,629,861,177,4076,412,253,134,25,21,3,7,548,143,85,53,659,187,40,39,1645,277,192,134,3246,366,1438,247,1808,246,20364,490,1546,240,18818,494
2019-2023,Michigan,Sanilac County,0500000US26151,40574,0,17451,251,2178,196,1062,153,1116,132,15273,280,59074,2148,26,151,17050,353,1065,170,1066,203,14919,418,13182,446,706,125,1563,225,116,50,46,28,6,9,668,126,75,45,234,74,30,25,1357,159,132,75,2037,180,829,136,1208,129,15414,266,1349,176,14065,275
2019-2023,Michigan,Schoolcraft County,0500000US26153,8093,0,3821,203,494,113,248,80,246,85,3327,188,57708,6516,26,153,3196,150,193,89,359,117,2644,172,2570,161,156,75,325,92,17,28,6,10,0,15,149,56,0,15,29,32,15,24,117,41,5,5,420,111,131,43,289,99,3401,231,363,100,3038,202
2019-2023,Michigan,Shiawassee County,0500000US26155,68061,0,27618,417,3202,351,1412,193,1790,330,24416,539,64464,2866,26,155,30890,659,1709,262,1869,339,27312,772,24863,761,1276,240,2830,393,210,94,60,39,21,24,482,119,54,47,336,127,1,4,2319,279,147,100,3884,397,1516,260,2368,363,23734,561,1686,290,22048,582
2019-2023,Michigan,Tuscola County,0500000US26157,53071,0,21472,300,2617,249,1166,165,1451,226,18855,343,62847,1978,26,157,22241,560,1218,205,1361,222,19662,620,18492,552,829,180,2067,271,291,94,51,34,17,19,354,73,27,20,190,65,3,4,1087,179,51,34,3010,303,1376,219,1634,197,18462,393,1241,205,17221,373
2019-2023,Michigan,Van Buren County,0500000US26159,75681,0,30101,504,4421,484,2035,359,2386,347,25680,525,66902,3047,26,159,33042,859,1847,284,2264,360,28931,887,25858,748,1196,240,3149,434,372,117,114,81,41,38,860,232,54,43,170,67,42,29,2891,444,142,68,4104,366,1798,271,2306,252,25997,516,2623,363,23374,560
2019-2023,Michigan,Washtenaw County,0500000US26161,368394,0,149256,827,19712,1067,5624,635,14088,832,129544,1128,87156,2133,26,161,178625,1993,14880,1116,7315,659,156430,2038,112805,2234,6661,729,11416,861,1426,311,5905,599,1229,298,9334,1008,3121,581,3373,560,397,204,35792,1641,2046,434,11670,876,4885,598,6785,691,137586,1226,14827,935,122759,1414
2019-2023,Michigan,Wayne County,0500000US26163,1773767,0,693446,1934,133017,2668,63308,2285,69709,2192,560429,3095,59521,559,26,163,738303,4438,58264,2202,47296,1851,632743,4918,539670,4670,38670,1885,64397,2174,7847,659,15845,1145,3442,560,11901,1053,1899,401,15142,1062,2157,423,91348,2444,4249,540,154418,2389,77393,1915,77025,2066,539028,3049,55624,1895,483404,3256
2019-2023,Michigan,Wexford County,0500000US26165,33868,0,13428,302,1764,194,707,138,1057,150,11664,335,63123,2951,26,165,14054,425,793,143,1011,214,12250,490,10887,429,538,124,1656,272,62,30,61,50,44,48,441,148,60,47,192,72,43,32,817,154,46,23,2142,242,940,168,1202,178,11286,350,824,141,10462,329
2019-2023,Minnesota,Aitkin County,0500000US27001,15930,0,6935,184,897,96,324,57,573,80,6038,158,59498,2209,27,001,6047,151,343,54,347,67,5357,157,4558,179,224,47,519,85,48,24,3,5,1,4,146,45,10,10,93,37,16,11,728,79,44,26,554,71,237,45,317,57,6381,189,660,90,5721,162
2019-2023,Minnesota,Anoka County,0500000US27003,367095,0,136171,518,9268,639,4287,518,4981,497,126903,833,98764,1545,27,003,190930,1635,5571,611,5742,645,179617,1922,142177,2159,3904,448,13285,977,636,167,2509,418,118,104,1704,436,155,94,2005,383,125,144,29250,1349,633,183,9188,718,3102,393,6086,631,126983,938,6166,564,120817,1047
2019-2023,Minnesota,Becker County,0500000US27005,35260,0,14404,247,1565,198,566,85,999,165,12839,266,71117,2512,27,005,16185,363,706,122,743,127,14736,406,12180,434,460,98,1487,228,92,37,114,70,18,35,569,117,70,40,169,57,0,20,1666,198,66,34,1422,222,699,141,723,179,12982,298,866,141,12116,298
2019-2023,Minnesota,Beltrami County,0500000US27007,46421,0,17908,287,2505,276,1107,241,1398,239,15403,352,67257,2518,27,007,20818,511,1921,328,1677,289,17220,602,16217,634,1362,311,1915,262,243,112,290,112,85,54,449,134,96,58,252,120,6,26,1695,220,129,63,2466,247,1150,204,1316,177,15442,298,1355,228,14087,336
2019-2023,Minnesota,Benton County,0500000US27009,41458,0,16494,320,1741,241,661,182,1080,209,14753,351,71480,3667,27,009,21729,494,900,220,1219,276,19610,563,17653,610,546,150,1419,272,112,86,95,62,5,9,655,202,161,118,282,100,34,38,1625,198,42,43,1436,218,860,219,576,139,15058,361,881,181,14177,350
2019-2023,Minnesota,Big Stone County,0500000US27011,5152,0,2179,83,250,54,109,40,141,39,1929,68,65475,6670,27,011,2174,106,131,40,113,43,1930,127,1616,106,79,28,209,70,15,13,28,22,0,13,117,40,20,16,27,12,0,13,177,48,17,14,192,39,104,35,88,30,1987,84,146,39,1841,72
2019-2023,Minnesota,Blue Earth County,0500000US27013,69386,0,27183,381,4489,450,1230,280,3259,362,22694,522,72623,3118,27,013,35806,652,4362,568,2362,406,29082,813,27539,824,3113,549,3497,718,390,157,664,289,356,212,863,204,277,121,387,133,58,56,2856,309,168,85,2158,282,1190,248,968,214,25025,462,3299,397,21726,484
2019-2023,Minnesota,Brown County,0500000US27015,25826,0,10946,189,998,149,326,86,672,133,9948,237,68690,3342,27,015,12802,293,429,110,632,183,11741,336,10511,353,277,90,843,156,43,34,84,42,36,37,409,89,27,27,87,38,6,10,868,138,40,31,641,138,258,82,383,108,10305,223,740,129,9565,256
2019-2023,Minnesota,Carlton County,0500000US27017,36457,0,13972,204,1233,225,553,172,680,133,12739,255,80042,4576,27,017,16642,309,873,266,671,153,15098,380,13344,444,526,191,1295,256,129,85,46,107,3,4,282,115,43,44,241,92,22,35,1434,274,150,154,999,180,487,132,512,125,12973,233,746,163,12227,264
2019-2023,Minnesota,Carver County,0500000US27019,108622,0,40231,282,1838,273,918,189,920,217,38393,395,123144,3157,27,019,58862,704,941,220,1103,232,56818,782,40905,975,649,156,3153,445,42,40,492,141,3,4,602,152,54,46,706,325,13,19,13004,710,180,83,1233,305,441,176,792,253,38998,397,1397,252,37601,500
2019-2023,Minnesota,Cass County,0500000US27021,30688,0,12768,211,1599,126,723,83,876,95,11169,200,64937,1798,27,021,12900,223,722,102,931,139,11247,270,9405,217,441,76,1345,124,56,24,64,25,20,15,457,77,106,60,242,70,21,20,1387,116,78,29,1348,115,529,76,819,108,11420,215,1070,115,10350,197
2019-2023,Minnesota,Chippewa County,0500000US27023,12388,0,5196,112,696,132,278,83,418,97,4500,153,69192,4582,27,023,5705,185,396,102,324,85,4985,231,4451,218,215,74,601,117,69,35,6,5,0,15,161,63,63,54,18,9,0,15,468,91,49,48,393,115,236,90,157,63,4803,143,460,102,4343,160
2019-2023,Minnesota,Chisago County,0500000US27025,57434,0,21252,245,1381,255,579,176,802,161,19871,344,98260,3166,27,025,29265,572,632,155,946,246,27687,662,22410,604,491,136,2266,267,39,33,225,75,29,23,237,81,30,34,424,151,11,20,3703,365,32,23,1080,243,462,165,618,169,20172,347,919,190,19253,391
2019-2023,Minnesota,Clay County,0500000US27027,65628,0,25939,335,3847,468,1085,245,2762,414,22092,484,77664,3040,27,027,32530,622,2787,411,1380,283,28363,756,24832,787,2145,369,2588,350,192,111,393,150,3,12,965,254,238,100,457,151,42,41,3295,363,167,71,2274,363,1213,232,1061,254,23665,470,2634,371,21031,533
2019-2023,Minnesota,Clearwater County,0500000US27029,8579,0,3245,115,462,66,160,33,302,58,2783,110,64934,3352,27,029,3534,136,145,41,200,51,3189,132,2723,133,84,25,328,50,23,13,20,15,0,13,154,55,18,16,34,14,2,2,275,47,18,11,417,62,168,44,249,53,2828,123,294,51,2534,114
2019-2023,Minnesota,Cook County,0500000US27031,5633,0,2700,211,239,58,87,32,152,50,2461,200,71643,3002,27,031,2807,187,167,51,115,34,2525,196,1760,203,85,36,228,58,42,29,2,4,0,13,210,89,27,25,78,55,0,13,529,121,13,17,173,60,74,32,99,51,2527,211,165,55,2362,204
2019-2023,Minnesota,Cottonwood County,0500000US27033,11458,0,4659,127,637,93,263,67,374,74,4022,141,68239,7395,27,033,5252,192,304,98,312,77,4636,198,3899,211,198,67,503,103,10,9,8,11,0,15,201,82,34,59,108,54,17,24,533,97,45,31,385,70,243,58,142,44,4274,130,394,73,3880,140
2019-2023,Minnesota,Crow Wing County,0500000US27035,67113,0,28778,376,3042,311,1195,197,1847,264,25736,425,71343,3021,27,035,30963,618,1301,269,1329,256,28333,786,23542,704,1033,245,2781,325,104,55,107,78,2,6,504,132,41,29,516,101,60,57,3513,348,61,32,2340,343,1128,214,1212,284,26438,427,1914,235,24524,447
2019-2023,Minnesota,Dakota County,0500000US27037,442204,0,171630,571,10424,755,3793,484,6631,625,161206,1045,105212,1290,27,037,235728,1909,5868,721,7114,821,222746,2053,164205,2181,3908,536,17301,1195,732,250,3990,474,283,150,3038,514,251,152,2602,358,143,89,44592,1476,551,162,8289,706,3170,408,5119,573,163341,920,7254,652,156087,1217
2019-2023,Minnesota,Dodge County,0500000US27039,20962,0,8018,151,456,104,220,60,236,88,7562,173,92943,3341,27,039,11130,303,357,93,286,87,10487,299,8462,352,245,81,1114,200,77,49,94,71,0,17,129,45,20,16,92,36,7,8,1239,153,8,7,297,78,147,49,150,59,7721,157,309,89,7412,170
2019-2023,Minnesota,Douglas County,0500000US27041,39354,0,17416,320,1691,253,467,132,1224,223,15725,336,77264,3133,27,041,19468,317,1018,221,846,198,17604,444,15512,457,747,202,1221,237,55,54,55,46,18,27,375,108,36,31,229,92,15,21,2076,248,147,78,937,181,501,155,436,106,16479,351,1190,201,15289,354
2019-2023,Minnesota,Faribault County,0500000US27043,13909,0,6170,147,818,140,324,80,494,102,5352,190,64391,4758,27,043,6637,205,395,89,494,100,5748,215,5128,191,235,61,488,111,28,24,27,31,27,31,362,71,47,30,64,25,12,11,568,95,46,34,597,127,285,94,312,81,5573,179,533,104,5040,186
2019-2023,Minnesota,Fillmore County,0500000US27045,21346,0,8626,116,753,80,289,57,464,78,7873,139,75225,2182,27,045,10621,177,452,61,447,78,9722,199,7755,209,282,51,1000,113,42,22,88,24,0,17,488,82,59,28,131,34,15,19,1159,144,54,20,632,95,246,54,386,78,7994,136,507,62,7487,145
2019-2023,Minnesota,Freeborn County,0500000US27047,30752,0,12885,232,1290,152,450,93,840,134,11595,257,69012,2229,27,047,14535,305,567,133,776,152,13192,355,11756,405,418,103,1098,180,65,51,8,9,0,20,366,103,27,21,222,82,7,10,1085,196,50,36,1209,217,436,123,773,172,11676,297,854,127,10822,298
2019-2023,Minnesota,Goodhue County,0500000US27049,47844,0,19631,296,2119,315,841,156,1278,244,17512,384,82749,2711,27,049,23788,515,796,190,1158,278,21834,563,18599,540,558,161,1752,275,79,60,243,97,92,63,533,133,19,21,243,80,35,33,2418,264,13,11,1385,274,771,219,614,191,18246,358,1348,233,16898,413
2019-2023,Minnesota,Grant County,0500000US27051,6108,0,2521,88,274,48,123,34,151,34,2247,91,72957,5215,27,051,2888,92,150,43,249,60,2489,120,2150,91,126,42,193,43,8,13,6,6,0,13,107,39,6,6,37,20,5,4,395,80,5,4,178,39,78,31,100,30,2343,99,196,42,2147,93
2019-2023,Minnesota,Hennepin County,0500000US27053,1268903,0,534573,1776,52239,1524,16648,1006,35591,1353,482334,2314,96339,1033,27,053,683494,3470,32313,1635,25499,1506,625682,4002,425455,3990,17299,1127,43610,1727,2873,407,27321,1247,3305,499,17959,1154,2935,469,15976,1080,1391,336,153173,3213,4510,602,42082,1504,19298,1116,22784,1285,492491,2334,32941,1181,459550,2521
2019-2023,Minnesota,Houston County,0500000US27055,18768,0,8074,163,685,120,156,55,529,113,7389,180,77087,5212,27,055,9562,235,382,128,398,108,8782,291,7318,278,216,81,762,152,25,17,72,66,16,25,194,44,27,22,120,69,4,6,1096,209,94,74,324,89,167,78,157,47,7750,173,518,103,7232,179
2019-2023,Minnesota,Hubbard County,0500000US27057,21700,0,8885,161,1055,164,313,68,742,146,7830,223,70622,1865,27,057,9468,243,347,74,510,109,8611,236,7104,292,286,72,869,105,26,16,45,54,0,17,173,50,6,6,159,79,2,3,1118,144,27,11,811,166,499,146,312,79,8074,212,556,83,7518,222
2019-2023,Minnesota,Isanti County,0500000US27059,41934,0,15875,232,1228,179,545,110,683,136,14647,257,86573,3501,27,059,21156,517,692,156,698,185,19766,546,16487,507,422,139,1543,246,152,59,131,74,32,37,311,126,5,8,300,121,30,31,2384,312,51,30,1056,166,466,110,590,137,14819,240,762,141,14057,251
2019-2023,Minnesota,Itasca County,0500000US27061,45141,0,18510,415,2383,257,1076,178,1307,184,16127,440,66380,2645,27,061,18879,504,1127,214,1054,188,16698,477,14406,538,604,140,2000,234,183,94,228,126,22,17,421,119,98,49,321,112,123,66,1503,191,97,74,1955,231,1026,182,929,166,16555,431,1357,190,15198,445
2019-2023,Minnesota,Jackson County,0500000US27063,9964,0,4421,86,434,87,130,54,304,78,3987,106,69955,3329,27,063,5143,112,299,101,159,42,4685,147,3880,149,248,96,482,86,8,7,21,19,0,13,251,64,35,25,24,19,2,2,485,68,6,7,253,76,141,65,112,38,4168,118,293,65,3875,113
2019-2023,Minnesota,Kanabec County,0500000US27065,16261,0,6475,153,610,89,241,63,369,76,5865,158,71915,3848,27,065,7382,192,328,74,471,104,6583,187,5706,232,249,73,687,126,58,32,40,26,8,13,255,103,3,4,76,23,3,6,618,105,7,7,600,85,234,61,366,73,5875,166,376,65,5499,160
2019-2023,Minnesota,Kandiyohi County,0500000US27067,43757,0,17450,307,1844,288,729,152,1115,226,15606,347,75097,4223,27,067,21769,425,965,245,1407,308,19397,561,17094,549,779,206,2018,265,55,42,214,115,69,52,288,95,12,14,349,153,5,14,1806,302,45,49,1869,297,709,204,1160,227,15581,365,1135,199,14446,361
2019-2023,Minnesota,Kittson County,0500000US27069,4163,0,1758,65,177,44,45,14,132,41,1581,72,69615,6106,27,069,1970,90,73,21,79,25,1818,88,1474,86,37,16,163,35,14,11,0,9,0,9,106,42,13,10,31,15,9,8,196,43,0,9,84,25,45,19,39,17,1674,67,132,41,1542,70
2019-2023,Minnesota,Koochiching County,0500000US27071,11950,0,5710,216,550,116,228,75,322,91,5160,234,69115,6174,27,071,5556,228,257,90,239,105,5060,272,3956,322,157,74,633,188,66,58,22,24,6,10,241,100,0,15,139,78,2,4,565,164,26,19,528,137,238,95,290,99,5182,229,312,95,4870,244
2019-2023,Minnesota,Lac qui Parle County,0500000US27073,6694,0,2881,96,279,55,71,27,208,46,2602,96,71639,3965,27,073,3181,89,131,42,79,28,2971,106,2340,134,67,30,259,52,25,15,8,10,0,13,143,34,26,18,29,22,5,7,402,73,8,6,245,47,113,31,132,37,2636,93,166,50,2470,93
2019-2023,Minnesota,Lake County,0500000US27075,10911,0,5030,189,509,101,149,61,360,92,4521,194,75621,3303,27,075,4889,218,186,67,221,97,4482,239,3793,203,114,47,304,96,0,15,19,24,0,15,205,92,24,32,37,25,10,14,531,111,38,31,423,111,191,70,232,85,4607,208,318,83,4289,202
2019-2023,Minnesota,Lake of the Woods County,0500000US27077,3800,0,1665,135,152,70,40,36,112,57,1513,146,70091,9314,27,077,1990,133,75,49,61,38,1854,150,1523,140,74,49,218,86,0,9,0,9,0,9,137,81,0,9,14,16,1,5,98,48,0,9,82,40,30,22,52,32,1583,127,122,64,1461,146
2019-2023,Minnesota,Le Sueur County,0500000US27079,28936,0,11499,167,906,156,319,89,587,118,10593,207,90218,4966,27,079,15063,302,599,170,391,99,14073,322,12081,368,464,151,982,169,58,37,31,23,8,13,516,166,33,52,108,43,27,34,1345,179,9,7,729,209,295,122,434,128,10770,284,611,130,10159,263
2019-2023,Minnesota,Lincoln County,0500000US27081,5594,0,2435,81,274,40,60,20,214,38,2161,76,67715,3078,27,081,2704,86,130,32,124,43,2450,99,1970,100,83,26,197,39,16,10,9,12,0,13,89,25,18,14,15,14,1,2,424,50,12,9,162,40,73,23,89,30,2273,83,201,33,2072,81
2019-2023,Minnesota,Lyon County,0500000US27083,25498,0,10003,215,1364,224,544,185,820,148,8639,258,72761,2964,27,083,12324,336,691,179,483,148,11150,352,9156,382,563,165,1139,197,27,41,7,10,1,3,431,131,25,20,354,160,70,82,1237,187,5,4,936,153,499,135,437,112,9067,257,865,187,8202,275
2019-2023,Minnesota,McLeod County,0500000US27085,36771,0,14971,254,1292,264,543,150,749,202,13679,331,78468,4144,27,085,19035,382,568,189,625,188,17842,400,15218,460,386,149,1355,237,10,12,90,55,0,20,546,185,128,109,368,116,5,11,1458,223,39,27,975,194,376,134,599,146,13996,265,916,206,13080,317
2019-2023,Minnesota,Mahnomen County,0500000US27087,5371,0,1871,42,360,38,207,32,153,31,1511,54,53925,2526,27,087,1914,72,136,30,155,27,1623,69,1395,72,76,31,211,41,32,12,19,9,7,5,103,22,7,6,24,9,5,6,162,23,9,5,404,44,190,29,214,32,1467,47,170,27,1297,51
2019-2023,Minnesota,Marshall County,0500000US27089,8961,0,3740,96,277,57,86,27,191,44,3463,93,71701,2420,27,089,4253,90,139,40,146,50,3968,103,3200,111,93,28,397,71,20,14,0,13,0,13,148,42,5,6,40,20,7,6,468,73,14,10,177,37,90,31,87,25,3563,90,187,49,3376,94
2019-2023,Minnesota,Martin County,0500000US27091,19864,0,8840,261,1006,160,343,88,663,147,7834,289,62969,3165,27,091,9616,311,453,138,638,173,8525,346,7782,391,344,129,545,145,38,24,10,19,7,19,393,122,8,7,135,85,34,40,751,166,22,20,857,173,445,124,412,128,7983,303,561,131,7422,303
2019-2023,Minnesota,Meeker County,0500000US27093,23422,0,9141,191,749,123,349,80,400,88,8392,183,75037,4006,27,093,11620,223,394,110,516,118,10710,246,9559,257,283,96,809,155,32,28,31,22,9,13,290,61,3,4,48,24,0,17,883,100,67,39,641,104,229,77,412,72,8500,187,520,108,7980,194
2019-2023,Minnesota,Mille Lacs County,0500000US27095,26912,0,10739,147,1202,167,486,106,716,141,9537,187,71455,3257,27,095,13077,326,579,113,485,93,12013,359,9995,354,428,106,1313,189,68,36,196,97,15,17,284,90,21,14,128,37,6,7,1161,163,41,17,1067,187,517,145,550,118,9672,188,685,125,8987,200
2019-2023,Minnesota,Morrison County,0500000US27097,34131,0,13860,213,1496,214,576,136,920,152,12364,274,68640,2989,27,097,16348,293,699,165,659,118,14990,341,12988,321,436,91,1417,226,126,96,79,75,45,71,419,90,29,26,194,92,9,8,1251,150,54,33,991,141,382,108,609,119,12869,244,1114,167,11755,264
2019-2023,Minnesota,Mower County,0500000US27099,40069,0,15570,267,1732,262,829,189,903,179,13838,321,71495,4338,27,099,19184,462,1069,263,1017,205,17098,586,14971,462,734,239,2048,295,183,120,177,104,31,42,522,124,65,41,252,81,12,9,1214,164,44,25,1796,212,703,179,1093,198,13774,328,1029,201,12745,306
2019-2023,Minnesota,Murray County,0500000US27101,8119,0,3601,116,334,64,97,25,237,60,3267,114,74475,4014,27,101,3987,94,217,56,172,52,3598,118,2967,110,110,46,369,63,18,8,0,13,0,13,204,50,48,29,67,27,3,3,380,57,38,22,239,73,95,44,144,55,3362,127,239,50,3123,120
2019-2023,Minnesota,Nicollet County,0500000US27103,34350,0,12984,171,1231,226,383,136,848,182,11753,274,80362,4429,27,103,17152,408,850,205,933,239,15369,456,12795,582,299,120,1312,237,70,73,51,46,15,21,423,197,111,102,472,297,57,59,2099,315,298,114,968,210,479,180,489,160,12016,254,752,170,11264,301
2019-2023,Minnesota,Nobles County,0500000US27105,22067,0,7689,181,1002,189,461,128,541,140,6687,245,65509,4706,27,105,10024,359,647,189,765,219,8612,482,7434,346,439,113,1314,305,49,44,111,74,2,3,448,148,118,94,124,63,21,34,593,106,18,34,561,157,279,108,282,96,7128,226,723,185,6405,260
2019-2023,Minnesota,Norman County,0500000US27107,6411,0,2676,83,288,49,122,29,166,38,2388,91,69833,3695,27,107,3031,113,155,39,174,36,2702,116,2265,125,115,31,323,61,30,18,12,14,0,13,223,48,1,4,39,17,0,13,169,34,9,6,263,59,106,32,157,44,2413,80,182,43,2231,85
2019-2023,Minnesota,Olmsted County,0500000US27109,163425,0,66629,576,5597,601,2057,389,3540,425,61032,771,93494,3355,27,109,85289,1037,3654,534,3055,499,78580,1369,57697,1334,2419,478,8612,679,489,182,2717,374,228,140,3099,421,199,91,1566,327,159,100,11598,818,160,78,4676,482,2309,395,2367,367,61953,743,3288,415,58665,793
2019-2023,Minnesota,Otter Tail County,0500000US27111,60281,0,25181,348,2655,305,814,143,1841,265,22526,443,70912,1842,27,111,27798,487,1151,201,1410,230,25237,528,20734,572,723,130,2493,257,145,69,205,96,26,38,832,190,118,99,485,104,54,41,3049,295,85,33,1766,232,915,173,851,151,23415,415,1740,235,21675,473
2019-2023,Minnesota,Pennington County,0500000US27113,13877,0,6170,184,606,140,226,89,380,111,5564,209,72561,5447,27,113,7187,207,462,141,270,114,6455,275,5451,253,301,114,546,150,60,55,29,26,8,12,167,67,36,28,294,115,39,43,700,135,18,20,512,124,187,59,325,99,5658,200,419,127,5239,218
2019-2023,Minnesota,Pine County,0500000US27115,29411,0,11913,215,1381,171,475,89,906,152,10532,237,69666,1948,27,115,12786,282,555,93,661,150,11570,342,9694,321,373,71,1397,188,84,33,20,13,4,6,250,73,14,16,179,56,9,8,1246,151,71,34,1235,164,504,119,731,128,10678,260,877,126,9801,256
2019-2023,Minnesota,Pipestone County,0500000US27117,9352,0,3971,145,470,93,230,77,240,56,3501,126,66073,3722,27,117,4425,167,256,71,281,81,3888,166,3453,181,202,67,339,63,33,24,11,18,0,13,216,57,4,5,33,18,2,3,373,76,15,13,395,86,221,70,174,70,3576,158,249,65,3327,137
2019-2023,Minnesota,Polk County,0500000US27119,30905,0,12448,281,1600,244,556,177,1044,179,10848,333,69136,3927,27,119,14763,309,942,219,976,222,12845,411,11744,458,718,199,1130,248,31,20,106,68,67,60,660,134,69,64,310,131,31,43,813,124,26,17,1435,203,774,202,661,148,11013,322,826,131,10187,334
2019-2023,Minnesota,Pope County,0500000US27121,11363,0,4987,119,570,101,160,38,410,97,4417,142,72205,3155,27,121,5629,151,327,83,255,67,5047,175,4185,151,210,57,490,90,50,35,19,14,0,15,267,109,50,46,55,29,14,20,613,85,3,3,397,82,202,75,195,47,4590,136,368,69,4222,137
2019-2023,Minnesota,Ramsey County,0500000US27123,544438,0,219075,1061,24372,1200,10182,777,14190,886,194703,1586,81004,1299,27,123,272509,2398,15565,1160,14569,1188,242375,2795,175042,2320,8755,773,24407,1302,2145,411,12291,902,1494,391,5835,659,765,277,5253,474,616,201,49681,1582,1790,380,24236,1006,10631,720,13605,743,194839,1460,13741,900,181098,1752
2019-2023,Minnesota,Red Lake County,0500000US27125,3922,0,1650,56,160,37,43,17,117,31,1490,61,77500,5562,27,125,1994,68,82,35,75,29,1837,77,1478,76,36,21,217,60,12,9,0,9,0,9,104,41,32,25,13,9,0,9,182,52,2,3,108,33,46,15,62,29,1542,63,114,34,1428,65
2019-2023,Minnesota,Redwood County,0500000US27127,15383,0,6156,153,822,138,325,91,497,97,5334,167,67024,2644,27,127,7136,210,361,79,441,98,6334,201,5522,210,248,55,408,59,12,7,59,47,25,26,275,54,29,18,92,44,31,38,780,113,16,9,511,107,254,90,257,64,5645,149,568,97,5077,151
2019-2023,Minnesota,Renville County,0500000US27129,14587,0,5965,118,665,89,251,50,414,74,5300,121,69086,2703,27,129,6942,168,298,72,453,89,6191,169,5492,184,163,46,465,106,28,14,37,21,24,19,216,51,32,35,139,41,24,23,593,64,27,12,533,70,292,69,241,44,5432,125,373,69,5059,131
2019-2023,Minnesota,Rice County,0500000US27131,67389,0,23345,334,2188,351,902,240,1286,293,21157,499,82792,2658,27,131,29946,717,1403,310,1443,472,27100,661,22193,716,769,257,3155,503,344,216,88,72,9,14,707,177,111,70,595,175,55,50,3208,374,115,69,1707,282,629,217,1078,259,21638,405,1559,300,20079,458
2019-2023,Minnesota,Rock County,0500000US27133,9628,0,3956,98,411,85,143,46,268,68,3545,105,70698,8325,27,133,4982,175,224,97,315,95,4443,199,4040,169,140,65,270,70,32,36,4,5,0,13,111,46,19,21,70,43,21,33,487,112,12,8,285,89,151,55,134,60,3671,126,260,85,3411,112
2019-2023,Minnesota,Roseau County,0500000US27135,15301,0,6058,153,723,121,356,95,367,80,5335,158,73611,2962,27,135,7602,194,389,89,183,49,7030,207,5535,214,259,79,912,124,53,26,12,11,5,10,222,78,47,44,141,68,3,4,780,111,22,16,318,85,218,76,100,32,5740,155,505,96,5235,158
2019-2023,Minnesota,St. Louis County,0500000US27137,200056,0,86264,796,12250,755,3125,320,9125,729,74014,953,69455,1665,27,137,94572,932,7524,563,5560,594,81488,973,72422,1149,4873,483,6933,537,762,147,1443,237,378,133,3077,499,838,268,1450,243,198,80,9247,576,475,153,8382,529,4583,420,3799,424,77882,880,7667,610,70215,975
2019-2023,Minnesota,Scott County,0500000US27139,152957,0,54238,363,2353,372,998,213,1355,295,51885,465,120247,4022,27,139,84640,1100,1387,325,2468,587,80785,1140,61456,1346,844,239,5885,757,230,101,510,167,15,16,641,207,23,29,1210,316,84,110,14938,983,191,135,2486,475,527,155,1959,463,51752,569,1826,365,49926,582
2019-2023,Minnesota,Sherburne County,0500000US27141,99178,0,34951,406,2128,362,763,235,1365,284,32823,520,102965,4631,27,141,52733,957,1462,458,1271,310,50000,1044,40372,1135,714,254,4442,821,472,356,652,278,13,18,338,132,70,65,581,213,67,71,6348,775,126,90,1571,283,604,163,967,228,33380,505,1524,357,31856,513
2019-2023,Minnesota,Sibley County,0500000US27143,14933,0,5884,139,602,112,184,54,418,105,5282,158,76082,3165,27,143,7584,154,275,88,254,113,7055,174,6002,176,161,53,524,110,45,59,9,6,0,15,221,60,57,50,74,27,1,2,754,99,11,9,421,86,263,80,158,45,5463,153,339,79,5124,157
2019-2023,Minnesota,Stearns County,0500000US27145,159358,0,60937,436,7730,669,2628,376,5102,576,53207,716,76447,1509,27,145,79493,1028,5919,936,4363,638,69211,1480,61351,1252,4045,738,6118,652,539,183,837,313,301,225,2486,477,268,158,1293,322,345,201,7408,683,421,175,5572,504,2660,469,2912,505,55365,613,5070,619,50295,789
2019-2023,Minnesota,Steele County,0500000US27147,37413,0,15001,193,1194,233,432,127,762,195,13807,294,83448,4523,27,147,18530,491,661,208,1006,194,16863,523,14758,578,359,138,1217,241,151,138,200,121,35,27,545,151,56,60,217,83,40,46,1593,282,20,14,962,187,477,156,485,110,14039,252,717,174,13322,303
2019-2023,Minnesota,Stevens County,0500000US27149,9686,0,3835,101,496,96,76,33,420,92,3339,128,71060,3437,27,149,4760,139,465,132,326,98,3969,196,3513,185,345,112,513,103,67,44,42,35,20,25,274,74,26,18,94,50,0,13,324,76,7,8,409,102,184,87,225,74,3426,144,312,87,3114,127
2019-2023,Minnesota,Swift County,0500000US27151,9787,0,4134,142,469,93,175,50,294,73,3665,148,62601,5924,27,151,4437,197,173,48,364,116,3900,229,3413,156,99,34,306,121,10,10,2,2,0,13,326,99,43,22,66,36,2,3,324,65,19,21,459,99,200,61,259,84,3675,147,269,63,3406,156
2019-2023,Minnesota,Todd County,0500000US27153,25402,0,10049,216,1166,180,569,122,597,110,8883,213,63039,3773,27,153,11121,267,452,105,686,122,9983,284,8071,292,283,92,896,136,20,17,136,115,1,2,362,75,22,12,265,107,13,9,1391,163,113,42,754,110,282,63,472,99,9295,217,884,159,8411,220
2019-2023,Minnesota,Traverse County,0500000US27155,3279,0,1410,68,169,44,56,21,113,41,1241,68,65931,5300,27,155,1513,90,62,28,57,26,1394,90,1078,77,31,22,120,42,21,15,0,9,0,9,61,20,0,9,9,9,0,9,245,55,10,6,198,54,73,28,125,47,1212,75,96,36,1116,74
2019-2023,Minnesota,Wabasha County,0500000US27157,21519,0,9129,208,852,170,339,121,513,118,8277,223,80133,4045,27,157,11044,240,430,119,338,84,10276,304,8283,322,299,103,984,168,18,17,27,19,3,5,422,110,56,44,164,70,3,6,1164,165,51,44,487,102,236,81,251,60,8642,213,616,150,8026,227
2019-2023,Minnesota,Wadena County,0500000US27159,14135,0,5889,172,739,129,336,119,403,84,5150,203,56882,3111,27,159,6384,260,377,117,460,134,5547,269,4924,265,248,95,674,132,69,65,22,18,10,16,160,50,3,4,140,85,24,35,464,136,23,13,938,168,318,96,620,144,4951,228,421,98,4530,215
2019-2023,Minnesota,Waseca County,0500000US27161,18958,0,7505,110,638,168,269,129,369,110,6867,191,75052,3779,27,161,9318,252,302,111,661,200,8355,302,7519,340,189,105,833,237,44,44,14,14,2,4,201,86,17,17,141,68,36,39,610,112,14,14,592,143,155,86,437,153,6913,171,483,141,6430,208
2019-2023,Minnesota,Washington County,0500000US27163,272298,0,103411,614,5634,607,2462,459,3172,394,97777,784,114457,1928,27,163,139171,1251,3255,526,3174,521,132742,1452,95312,1704,2296,433,9979,756,356,183,1152,308,54,47,1249,246,134,111,1603,359,46,39,29876,1455,369,168,4499,495,1527,303,2972,400,98912,728,4107,573,94805,835
2019-2023,Minnesota,Watonwan County,0500000US27165,11169,0,4314,151,509,123,302,99,207,73,3805,174,70593,6881,27,165,5167,225,258,85,189,71,4720,251,3874,232,165,69,578,142,59,45,91,82,0,15,225,70,14,14,46,22,10,16,353,99,10,12,400,126,158,72,242,100,3914,181,351,107,3563,208
2019-2023,Minnesota,Wilkin County,0500000US27167,6413,0,2691,125,393,106,122,57,271,91,2298,146,69635,4379,27,167,3043,147,188,81,121,52,2734,162,2365,164,124,56,194,67,19,22,9,11,0,13,139,62,12,10,86,62,26,28,250,68,7,11,289,77,161,70,128,53,2402,141,232,82,2170,143
2019-2023,Minnesota,Winona County,0500000US27169,49705,0,20288,291,2670,418,524,146,2146,365,17618,464,70198,2679,27,169,25952,584,2368,503,1293,271,22291,680,19974,625,1868,454,1700,265,151,99,254,113,66,94,1123,225,238,125,471,144,14,12,2430,365,31,21,1291,249,760,238,531,130,18997,358,1910,336,17087,469
2019-2023,Minnesota,Wright County,0500000US27171,145270,0,52757,356,2884,408,1312,244,1572,313,49873,498,106666,3433,27,171,77426,986,1609,301,1582,339,74235,1038,60194,1086,1165,273,5689,804,118,87,300,111,75,43,614,163,77,72,581,215,24,29,10048,635,150,107,2144,376,694,164,1450,334,50613,484,2190,392,48423,597
2019-2023,Minnesota,Yellow Medicine County,0500000US27173,9509,0,3993,101,331,60,132,37,199,49,3662,118,71573,5044,27,173,4620,116,138,47,278,75,4204,153,3664,122,91,32,336,76,24,28,12,16,0,13,142,47,5,5,40,17,0,13,426,61,18,17,238,43,86,25,152,41,3755,110,245,60,3510,119
2019-2023,Mississippi,Adams County,0500000US28001,29098,0,11573,528,3162,368,1525,270,1637,299,8411,517,40250,3920,28,001,9650,720,1172,226,932,293,7546,645,8621,689,969,219,604,219,149,116,48,64,6,11,37,26,0,26,102,72,20,22,238,121,28,29,2030,314,1455,299,575,167,9543,562,1707,321,7836,499
2019-2023,Mississippi,Alcorn County,0500000US28003,34500,0,14281,330,2888,370,936,238,1952,349,11393,353,49404,5403,28,003,14270,633,892,258,1140,318,12238,760,12158,777,553,182,1251,372,143,106,12,18,0,30,276,210,69,65,218,160,116,160,355,144,11,18,2678,409,1449,307,1229,315,11603,446,1439,246,10164,454
2019-2023,Mississippi,Amite County,0500000US28005,12611,0,5862,295,1656,297,811,229,845,242,4206,366,35385,4979,28,005,3812,434,274,140,350,212,3188,386,2968,419,165,118,496,180,29,30,27,31,0,22,46,49,0,22,16,20,0,22,259,162,80,74,955,227,771,214,184,108,4907,324,885,242,4022,354
2019-2023,Mississippi,Attala County,0500000US28007,17685,0,6467,253,1501,267,691,168,810,210,4966,269,48098,3432,28,007,7259,472,830,258,570,276,5859,545,5903,420,735,249,1037,306,75,62,0,22,0,22,137,86,0,22,0,22,0,22,182,93,20,25,1137,192,739,166,398,130,5330,270,762,224,4568,262
2019-2023,Mississippi,Benton County,0500000US28009,7592,0,3027,209,565,146,215,98,350,116,2462,205,42139,6159,28,009,3177,260,163,100,260,94,2754,296,2817,309,127,88,209,99,25,24,10,23,0,20,50,52,0,20,31,37,0,20,60,37,11,21,500,160,202,114,298,112,2527,221,363,119,2164,209
2019-2023,Mississippi,Bolivar County,0500000US28011,30163,0,11907,293,3795,358,1975,284,1820,325,8112,378,37315,3178,28,011,10137,636,1248,234,1223,328,7666,592,8700,567,976,204,1006,281,225,131,1,3,0,30,164,102,28,25,75,65,16,17,191,99,3,5,3318,352,2199,275,1119,227,8589,387,1596,276,6993,414
2019-2023,Mississippi,Calhoun County,0500000US28013,13029,0,5696,167,1125,165,487,125,638,122,4571,213,43942,4171,28,013,5440,313,446,98,639,210,4355,371,4694,306,384,93,537,189,38,31,0,22,0,22,41,39,0,22,6,8,0,22,162,73,24,26,755,162,444,142,311,130,4941,209,681,136,4260,219
2019-2023,Mississippi,Carroll County,0500000US28015,9828,0,4205,244,908,245,410,173,498,203,3297,280,55275,16670,28,015,3548,362,305,160,221,140,3022,403,2884,340,200,140,245,91,1,3,0,20,0,20,24,35,15,31,119,124,65,108,276,142,24,35,656,186,326,141,330,160,3549,253,582,222,2967,268
2019-2023,Mississippi,Chickasaw County,0500000US28017,16994,0,6681,231,1735,308,972,254,763,186,4946,314,43041,2926,28,017,6545,432,686,249,348,122,5511,523,5263,427,516,189,578,194,138,133,0,22,0,22,270,205,9,14,168,137,0,22,266,128,23,25,1060,217,638,188,422,131,5621,301,1097,255,4524,344
2019-2023,Mississippi,Choctaw County,0500000US28019,8172,0,3450,169,553,147,282,103,271,120,2897,208,48321,7707,28,019,3035,231,168,75,209,97,2658,259,2422,234,151,68,472,167,1,3,0,20,0,20,21,34,0,20,36,29,0,20,84,47,16,21,453,120,303,113,150,67,2997,176,250,83,2747,202
2019-2023,Mississippi,Claiborne County,0500000US28021,8908,0,2836,175,730,203,449,185,281,112,2106,183,34371,4771,28,021,2003,271,291,115,335,131,1377,277,1850,268,287,116,92,68,0,20,4,7,4,7,5,7,0,20,5,9,0,20,47,46,0,20,645,174,231,120,414,121,2191,182,499,166,1692,186
2019-2023,Mississippi,Clarke County,0500000US28023,15424,0,6246,208,1400,252,743,191,657,182,4846,261,46054,6121,28,023,5652,425,486,156,592,201,4574,420,4741,431,367,148,542,152,90,69,13,19,0,22,68,68,0,22,116,89,29,43,172,104,0,22,1077,225,661,161,416,133,5169,253,739,192,4430,281
2019-2023,Mississippi,Clay County,0500000US28025,18462,0,7728,277,1957,290,1034,232,923,185,5771,308,39904,5040,28,025,6917,465,679,173,639,231,5599,539,5956,453,553,161,424,156,89,76,0,22,0,22,15,24,15,24,23,37,22,36,499,195,0,22,1591,267,1066,266,525,178,6137,322,891,187,5246,316
2019-2023,Mississippi,Coahoma County,0500000US28027,20808,0,8463,292,2828,284,1587,226,1241,211,5635,298,36259,2810,28,027,7255,414,1290,245,959,279,5006,492,5645,394,889,211,772,231,269,156,16,30,16,30,94,59,33,41,22,37,0,26,706,219,83,75,2386,325,1597,271,789,198,6077,363,1231,228,4846,337
2019-2023,Mississippi,Copiah County,0500000US28029,27994,0,9906,301,2223,330,982,235,1241,247,7683,418,47994,3618,28,029,10370,586,956,263,1065,318,8349,704,8956,643,880,255,923,246,47,48,19,27,0,26,15,12,0,26,120,80,0,26,337,147,29,45,1799,347,1045,241,754,233,8107,402,1178,244,6929,467
2019-2023,Mississippi,Covington County,0500000US28031,18226,0,7079,2348,1756,374,823,310,933,367,5323,2422,47001,10444,28,031,7607,556,624,261,494,149,6489,615,6401,553,557,246,563,224,31,51,117,120,0,22,87,98,36,70,140,108,0,22,299,179,0,22,1151,304,756,312,395,221,5928,2372,1000,280,4928,2272
2019-2023,Mississippi,DeSoto County,0500000US28033,188598,0,69327,571,6697,652,4029,525,2668,456,62630,840,82980,2193,28,033,93271,1481,4455,687,4360,591,84456,1720,76187,1729,3904,686,8792,992,394,158,132,117,0,33,430,215,0,33,804,221,7,12,6926,764,150,107,5085,630,1991,432,3094,467,64242,849,4706,591,59536,974
2019-2023,Mississippi,Forrest County,0500000US28035,78027,0,29722,474,6766,548,3020,450,3746,420,22956,690,52821,3246,28,035,34343,1046,3972,443,3727,587,26644,1107,28496,1036,3286,417,2491,360,292,145,166,159,16,25,252,105,43,45,1949,482,238,133,989,195,97,94,4863,605,2895,528,1968,437,24859,727,3871,484,20988,644
2019-2023,Mississippi,Franklin County,0500000US28037,7655,0,2949,222,744,144,500,147,244,88,2205,221,45618,7770,28,037,2621,268,204,107,341,176,2076,254,2338,261,174,103,135,81,4,9,0,20,0,20,13,15,0,20,90,53,26,30,45,38,0,20,429,122,244,90,185,92,2520,226,500,114,2020,236
2019-2023,Mississippi,George County,0500000US28039,24870,0,9195,253,1609,338,876,275,733,235,7586,380,54822,5433,28,039,8385,666,721,266,691,246,6973,667,6976,596,563,209,828,234,135,131,19,24,0,26,132,98,23,41,112,92,0,26,318,180,0,26,930,225,467,180,463,143,8265,355,1142,297,7123,403
2019-2023,Mississippi,Greene County,0500000US28041,13595,0,3818,266,819,213,421,161,398,175,2999,309,55838,7520,28,041,3215,360,343,141,108,66,2764,372,2087,325,273,122,637,183,13,18,16,27,0,22,55,57,1,15,235,134,56,70,185,158,0,22,524,192,213,95,311,153,3294,320,606,196,2688,328
2019-2023,Mississippi,Grenada County,0500000US28043,21342,0,8535,315,1819,341,814,243,1005,268,6716,402,47998,3536,28,043,8859,491,633,277,754,235,7472,559,7822,535,569,240,571,215,37,50,0,26,0,26,32,37,0,26,173,126,0,26,261,176,27,62,791,278,453,186,338,212,7744,399,1366,334,6378,410
2019-2023,Mississippi,Hancock County,0500000US28045,46057,0,19911,491,2738,520,1249,354,1489,343,17173,669,67728,5644,28,045,21020,854,991,313,1427,432,18602,1113,16237,922,879,288,1872,396,89,59,10,24,0,30,212,142,15,47,466,259,2,5,2223,687,6,10,2119,423,1216,385,903,260,17792,584,1522,338,16270,672
2019-2023,Mississippi,Harrison County,0500000US28047,209443,0,81214,795,13882,868,7427,691,6455,710,67332,1091,57233,2075,28,047,89470,1779,7956,940,6447,728,75067,2087,73533,1752,5898,877,8422,847,1224,349,194,101,8,15,861,267,261,153,1310,487,323,225,5150,578,242,143,12212,927,6032,606,6180,819,69002,1170,7850,740,61152,1171
2019-2023,Mississippi,Hinds County,0500000US28049,222494,0,89720,754,18231,870,8752,729,9479,718,71489,1143,49966,1435,28,049,94124,1381,8566,856,8350,867,77208,1659,72701,1597,5892,656,12209,955,1668,377,387,127,121,66,764,244,263,159,690,255,67,56,7373,847,555,213,13160,923,7063,624,6097,713,76560,1115,11168,828,65392,1120
2019-2023,Mississippi,Holmes County,0500000US28051,16491,0,6003,187,2418,252,1195,198,1223,198,3585,284,29434,2488,28,051,5088,445,814,227,586,195,3688,430,4488,445,735,219,241,91,27,24,50,73,0,22,93,68,6,10,86,48,8,12,130,70,38,39,1842,221,1267,196,575,152,4161,232,1151,189,3010,278
2019-2023,Mississippi,Humphreys County,0500000US28053,7570,0,3003,154,813,151,404,108,409,104,2190,177,32976,4565,28,053,2542,214,339,111,549,160,1654,224,1866,238,170,85,478,168,102,54,0,20,0,20,77,82,0,20,107,75,67,56,14,18,0,20,971,161,536,127,435,121,2032,184,277,89,1755,172
2019-2023,Mississippi,Issaquena County,0500000US28055,1095,0,376,66,119,51,7,8,112,49,257,55,29271,16437,28,055,180,54,9,12,32,25,139,42,137,48,9,12,42,31,0,14,0,14,0,14,0,14,0,14,0,14,0,14,1,5,0,14,150,51,68,43,82,37,226,54,51,28,175,49
2019-2023,Mississippi,Itawamba County,0500000US28057,23942,0,9224,305,1247,294,376,149,871,295,7977,366,59508,8399,28,057,10779,512,525,208,644,222,9610,559,9373,536,350,149,739,233,53,44,0,26,0,26,8,12,8,12,21,29,17,28,638,255,97,134,664,211,291,133,373,149,8560,324,956,302,7604,344
2019-2023,Mississippi,Jackson County,0500000US28059,144437,0,57027,597,8139,861,3996,577,4143,625,48888,906,64756,2869,28,059,62814,1217,4374,692,4416,722,54024,1614,52528,1264,3595,638,5422,859,474,205,21,31,0,33,282,135,35,35,653,232,55,53,3908,559,215,165,5480,599,2762,414,2718,448,51547,808,5377,791,46170,970
2019-2023,Mississippi,Jasper County,0500000US28061,16211,0,6390,302,1332,292,527,206,805,250,5058,409,47157,5560,28,061,6142,396,445,207,326,138,5371,488,5568,435,403,203,340,135,27,37,23,28,0,22,20,22,5,10,96,67,4,9,95,63,6,14,890,200,468,183,422,135,5500,378,864,251,4636,394
2019-2023,Mississippi,Jefferson County,0500000US28063,7127,0,2372,195,668,172,446,154,222,88,1704,202,36207,6826,28,063,2208,347,217,129,332,135,1659,354,1970,370,211,133,143,94,4,6,3,7,0,20,0,20,0,20,3,48,2,32,89,77,0,20,462,149,322,128,140,86,1910,204,346,141,1564,196
2019-2023,Mississippi,Jefferson Davis County,0500000US28065,11183,0,4383,224,985,188,466,146,519,130,3398,272,37183,3914,28,065,4356,374,314,156,397,189,3645,460,3691,389,261,151,353,148,42,39,2,4,0,22,19,22,0,22,105,77,0,22,186,90,11,21,864,203,612,185,252,110,3519,300,373,109,3146,281
2019-2023,Mississippi,Jones County,0500000US28067,66839,0,24600,622,4975,564,2432,391,2543,493,19625,751,51143,5194,28,067,27557,789,2278,527,2641,648,22638,995,23081,1002,1702,475,2805,493,413,206,126,80,7,14,325,186,87,104,354,195,13,21,866,300,56,65,4006,571,2344,461,1662,371,20594,709,2631,514,17963,698
2019-2023,Mississippi,Kemper County,0500000US28069,8855,0,3209,178,823,212,456,171,367,173,2386,261,43595,4725,28,069,3250,412,192,101,147,99,2911,412,2697,414,145,106,359,132,47,44,0,20,0,20,0,20,0,20,119,100,0,20,75,72,0,20,511,147,403,141,108,71,2698,199,420,167,2278,230
2019-2023,Mississippi,Lafayette County,0500000US28071,56920,0,18510,628,3282,493,1144,378,2138,378,15228,589,64334,3674,28,071,24271,877,2780,502,2262,563,19229,931,20074,926,2415,483,1767,419,104,82,287,137,151,122,470,211,15,28,185,127,50,52,1488,338,45,53,777,240,355,167,422,204,17733,649,2927,477,14806,600
2019-2023,Mississippi,Lamar County,0500000US28073,65081,0,25053,425,3936,640,1998,465,1938,401,21117,676,69106,4782,28,073,30030,1032,2672,540,1702,332,25656,1152,24033,884,2078,434,2898,600,411,236,60,66,3,5,242,182,113,133,1260,436,10,16,1537,317,57,58,2522,530,1499,450,1023,362,22531,678,2437,453,20094,756
2019-2023,Mississippi,Lauderdale County,0500000US28075,71984,0,28553,533,6906,620,3562,464,3344,455,21647,720,50033,4080,28,075,29425,941,3361,588,2067,419,23997,1075,23895,1001,2205,411,2960,617,708,422,35,55,0,33,195,111,43,62,1024,294,303,171,1316,407,102,81,5251,567,3217,468,2034,437,23302,744,3689,510,19613,737
2019-2023,Mississippi,Lawrence County,0500000US28077,11883,0,4323,242,1056,197,429,132,627,169,3267,272,43368,4708,28,077,3980,348,409,148,401,165,3170,363,3569,345,322,142,308,130,87,90,0,22,0,22,2,5,0,22,80,74,0,22,21,18,0,22,831,192,459,153,372,124,3492,267,597,152,2895,279
2019-2023,Mississippi,Leake County,0500000US28079,21288,0,7384,262,1327,240,717,159,610,186,6057,310,48418,3542,28,079,8253,449,606,178,696,192,6951,505,6676,438,480,159,728,239,81,59,94,72,6,11,100,73,7,12,247,126,19,30,408,143,13,21,896,188,474,162,422,124,6488,293,853,196,5635,321
2019-2023,Mississippi,Lee County,0500000US28081,83138,0,31823,535,4935,501,2231,346,2704,432,26888,622,67144,3110,28,081,37972,1129,2232,425,2080,373,33660,1298,33027,1277,1832,399,2774,535,283,165,60,64,13,22,100,80,10,17,260,118,48,57,1751,442,46,49,3080,404,1822,314,1258,310,28743,597,3113,404,25630,590
2019-2023,Mississippi,Leflore County,0500000US28083,27432,0,9973,343,3176,349,1588,284,1588,288,6797,430,33188,4971,28,083,9777,542,1041,324,1273,370,7463,686,8069,559,831,303,989,309,154,142,12,18,0,26,177,105,17,21,156,126,0,26,374,185,39,41,2741,402,1653,266,1088,308,7232,439,1523,267,5709,447
2019-2023,Mississippi,Lincoln County,0500000US28085,34830,0,13026,323,3059,491,1538,385,1521,372,9967,468,48316,3584,28,085,13874,707,1385,420,888,291,11601,819,11978,788,1130,375,1005,282,27,41,0,30,0,30,226,163,54,63,247,92,0,30,418,219,174,182,1575,309,846,228,729,254,11451,429,2213,486,9238,484
2019-2023,Mississippi,Lowndes County,0500000US28087,58187,0,22829,505,4255,516,2043,347,2212,414,18574,606,54460,2573,28,087,24199,860,1506,352,2251,409,20442,815,21114,902,1245,324,1460,366,120,68,0,33,0,33,242,105,8,15,129,94,10,16,1254,287,123,89,2967,436,1993,391,974,251,19862,647,2262,356,17600,652
2019-2023,Mississippi,Madison County,0500000US28089,110303,0,43097,572,4354,526,2349,441,2005,423,38743,722,78794,4274,28,089,53400,1263,2317,460,2950,597,48133,1252,43290,1408,1761,437,5013,765,395,179,32,37,0,33,255,141,53,54,480,219,6,13,4330,596,102,74,3212,462,1489,313,1723,368,39885,629,2865,451,37020,687
2019-2023,Mississippi,Marion County,0500000US28091,24303,0,9199,313,1639,339,960,250,679,218,7560,378,42320,4871,28,091,9231,582,812,250,1149,325,7270,646,7704,647,631,223,803,273,78,42,0,26,0,26,87,69,0,26,82,73,0,26,555,264,103,124,1100,291,675,230,425,154,8099,410,964,216,7135,404
2019-2023,Mississippi,Marshall County,0500000US28093,33899,0,12798,373,2611,389,1380,310,1231,253,10187,429,51875,6779,28,093,13351,722,1190,317,1463,396,10698,697,11573,707,836,258,1146,306,293,147,0,30,0,30,21,23,0,30,23,40,0,30,588,211,61,69,1467,305,798,229,669,220,11331,426,1813,353,9518,471
2019-2023,Mississippi,Monroe County,0500000US28095,33928,0,13673,436,2474,348,1177,215,1297,280,11199,498,51231,2828,28,095,13858,610,827,262,1289,385,11742,644,11858,646,612,226,909,242,79,63,27,34,0,30,130,88,20,25,36,27,8,13,898,251,108,81,1607,257,986,194,621,212,12066,436,1488,332,10578,513
2019-2023,Mississippi,Montgomery County,0500000US28097,9708,0,3787,233,1002,250,433,170,569,209,2785,280,45057,6670,28,097,3762,301,411,170,292,129,3059,308,3037,374,247,134,434,134,19,34,0,20,0,20,144,153,139,153,66,54,6,11,81,61,0,20,603,191,344,166,259,107,3184,277,658,224,2526,274
2019-2023,Mississippi,Neshoba County,0500000US28099,28927,0,10285,296,2460,350,1458,271,1002,226,7825,406,53087,3932,28,099,11256,646,1011,286,891,294,9354,700,8738,621,663,195,1444,388,93,53,42,44,0,26,293,174,42,63,517,263,213,168,222,110,0,26,1709,294,1194,277,515,163,8576,408,1266,263,7310,412
2019-2023,Mississippi,Newton County,0500000US28101,21151,0,7697,291,1366,235,750,194,616,153,6331,329,50426,3901,28,101,8089,377,645,180,704,304,6740,551,6815,443,444,160,823,233,182,117,3,9,0,26,202,117,14,22,78,93,0,26,168,85,5,9,768,190,517,163,251,105,6929,288,849,210,6080,326
2019-2023,Mississippi,Noxubee County,0500000US28103,10136,0,3786,268,1175,236,558,201,617,162,2611,283,38814,9804,28,103,3658,333,247,141,389,185,3022,398,3179,341,139,98,231,161,5,11,0,22,0,22,93,88,49,74,47,54,31,48,108,82,23,35,1227,246,680,182,547,177,2559,270,495,181,2064,262
2019-2023,Mississippi,Oktibbeha County,0500000US28105,51473,0,21300,517,6897,684,1502,386,5395,635,14403,772,43482,4084,28,105,20217,1004,3586,648,1687,429,14944,1033,16850,935,2854,568,1411,413,231,161,83,89,70,84,199,115,79,81,286,161,28,53,1388,503,324,294,2287,429,1540,394,747,253,19013,594,5357,625,13656,749
2019-2023,Mississippi,Panola County,0500000US28107,32965,0,12382,441,2941,402,1524,300,1417,290,9441,516,43990,7926,28,107,11777,739,1350,344,1384,410,9043,745,10426,723,1255,343,691,235,20,19,20,38,20,38,74,49,0,30,27,29,3,5,539,217,52,72,1934,361,810,219,1124,305,10448,520,2131,372,8317,550
2019-2023,Mississippi,Pearl River County,0500000US28109,56781,0,21489,497,3831,609,1788,377,2043,438,17658,696,56535,4927,28,109,22823,1054,1919,400,1270,328,19634,1116,17690,968,1426,336,2549,557,327,157,0,33,0,33,285,157,110,94,578,300,13,24,1721,388,43,52,3034,466,1446,362,1588,345,18455,675,2385,458,16070,700
2019-2023,Mississippi,Perry County,0500000US28111,11459,0,4552,212,846,179,416,167,430,128,3706,264,50435,6718,28,111,4084,367,334,145,449,182,3301,383,3215,419,223,108,595,266,46,39,0,22,0,22,60,78,57,77,197,137,8,12,17,19,0,22,670,210,325,137,345,170,3882,258,521,154,3361,270
2019-2023,Mississippi,Pike County,0500000US28113,39930,0,15226,518,4445,447,2163,389,2282,406,10781,631,41578,1852,28,113,14683,808,1478,355,1380,286,11825,822,11917,775,1116,332,1791,428,223,121,44,58,22,36,152,95,0,30,382,202,94,68,397,167,23,28,3071,426,1987,397,1084,245,12155,590,2458,349,9697,599
2019-2023,Mississippi,Pontotoc County,0500000US28115,31312,0,11682,369,1986,391,889,206,1097,299,9696,397,52741,3878,28,115,13638,675,922,306,957,255,11759,839,11723,647,725,276,1482,429,176,120,0,30,0,30,27,30,0,30,158,133,3,5,248,143,18,27,975,201,558,192,417,152,10707,371,1428,329,9279,408
2019-2023,Mississippi,Prentiss County,0500000US28117,24999,0,9363,310,1693,320,696,199,997,233,7670,327,51466,5245,28,117,10504,505,694,210,900,305,8910,612,9255,580,623,206,823,289,42,37,0,26,0,26,34,42,0,26,133,98,29,29,259,144,0,26,1067,264,646,216,421,154,8296,334,1047,224,7249,309
2019-2023,Mississippi,Quitman County,0500000US28119,5908,0,2653,113,857,145,414,126,443,103,1796,140,32131,8132,28,119,2051,196,256,94,286,92,1509,195,1645,189,130,65,246,87,65,43,0,20,0,20,7,8,5,8,21,19,10,14,132,57,46,35,658,117,452,105,206,63,1995,128,405,124,1590,133
2019-2023,Mississippi,Rankin County,0500000US28121,158218,0,59624,604,5650,815,2578,522,3072,587,53974,1045,77454,3023,28,121,76022,1470,3488,639,2747,484,69787,1705,62515,1492,2295,511,6924,740,755,276,381,358,19,33,883,330,117,108,444,175,44,51,4875,614,258,152,3045,532,1438,365,1607,357,56579,850,4212,669,52367,1131
2019-2023,Mississippi,Scott County,0500000US28123,27754,0,9668,350,2068,370,1016,272,1052,262,7600,503,48492,5095,28,123,10968,694,668,242,1676,576,8624,802,8968,613,457,178,1089,335,179,147,32,40,0,26,252,186,25,46,196,166,0,26,431,257,7,12,1167,238,776,227,391,148,8501,394,1292,313,7209,469
2019-2023,Mississippi,Sharkey County,0500000US28125,3848,0,1400,107,432,103,251,77,181,65,968,154,35741,20648,28,125,1483,229,267,108,290,123,926,231,1183,187,227,103,174,85,26,24,1,3,0,14,24,25,9,16,71,69,0,14,30,38,5,9,446,83,204,67,242,78,954,112,228,80,726,128
2019-2023,Mississippi,Simpson County,0500000US28127,25817,0,9573,364,1721,294,1029,249,692,181,7852,430,54111,2603,28,127,10149,535,976,269,655,223,8518,616,7967,625,713,219,1219,274,204,114,113,131,0,26,264,154,59,61,224,150,0,26,362,157,0,26,1212,266,759,219,453,183,8361,382,962,237,7399,420
2019-2023,Mississippi,Smith County,0500000US28129,14193,0,5397,228,1134,245,614,191,520,178,4263,275,51396,9380,28,129,5025,335,306,121,303,126,4416,347,4155,375,156,89,579,184,140,93,0,22,0,22,32,30,10,17,66,51,0,22,193,106,0,22,583,175,407,141,176,82,4814,302,727,211,4087,304
2019-2023,Mississippi,Stone County,0500000US28131,18515,0,6616,293,1113,254,842,253,271,128,5503,346,59307,6423,28,131,6948,497,487,237,382,250,6079,532,6103,547,291,141,379,263,95,136,0,22,0,22,213,168,87,115,0,22,0,22,253,162,14,30,1073,267,633,193,440,196,5543,318,480,157,5063,349
2019-2023,Mississippi,Sunflower County,0500000US28133,25328,0,8058,261,2389,263,1174,200,1215,226,5669,317,40265,4836,28,133,8581,414,976,231,898,250,6707,426,6977,474,782,192,934,201,76,73,28,26,0,26,110,67,45,43,71,60,25,37,461,189,48,40,2705,316,1611,250,1094,227,5353,341,778,166,4575,336
2019-2023,Mississippi,Tallahatchie County,0500000US28135,12363,0,4322,200,1068,174,612,146,456,123,3254,223,37383,5153,28,135,4607,367,430,166,567,305,3610,430,3691,384,270,140,461,180,41,38,42,29,25,21,36,40,15,23,6,17,0,22,371,198,79,74,1039,186,568,130,471,157,3283,243,500,136,2783,263
2019-2023,Mississippi,Tate County,0500000US28137,28135,0,10720,285,1950,351,1164,288,786,222,8770,366,63995,4102,28,137,11333,520,996,325,553,231,9784,500,10281,540,887,330,621,208,43,53,21,28,15,25,38,30,4,6,14,24,0,26,358,181,47,62,1044,204,601,195,443,147,9676,339,1349,292,8327,348
2019-2023,Mississippi,Tippah County,0500000US28139,21621,0,7896,321,1430,271,873,226,557,163,6466,342,51141,4795,28,139,9189,456,854,206,806,246,7529,574,7760,519,801,210,986,294,53,48,0,26,0,26,46,35,0,26,176,107,0,26,221,131,0,26,836,226,453,174,383,153,7060,316,977,256,6083,315
2019-2023,Mississippi,Tishomingo County,0500000US28141,18738,0,8633,260,2094,356,660,195,1434,301,6539,360,46257,2655,28,141,7648,359,555,258,692,179,6401,432,6876,397,496,254,493,153,46,41,0,22,0,22,14,8,7,6,72,73,3,6,193,106,3,6,877,276,641,237,236,123,7756,363,1453,270,6303,400
2019-2023,Mississippi,Tunica County,0500000US28143,9586,0,3600,240,1104,237,429,163,675,177,2496,306,38402,5537,28,143,3661,423,507,188,639,228,2515,457,3030,428,434,168,540,198,49,44,0,20,0,20,36,45,0,20,22,28,0,20,33,24,24,22,1041,254,671,221,370,153,2559,318,433,121,2126,312
2019-2023,Mississippi,Union County,0500000US28145,28009,0,10000,344,1371,317,735,235,636,187,8629,348,56807,4827,28,145,11763,560,691,241,1045,352,10027,603,10808,554,636,238,719,214,55,51,0,26,0,26,3,5,0,26,55,64,0,26,178,112,0,26,807,242,366,140,441,193,9193,408,1005,279,8188,386
2019-2023,Mississippi,Walthall County,0500000US28147,13864,0,5400,338,1299,280,446,182,853,254,4101,345,45444,7978,28,147,4928,440,348,134,526,202,4054,446,3969,445,302,136,396,209,15,25,25,32,0,22,41,28,10,10,192,125,5,10,305,124,16,23,979,247,570,216,409,162,4421,342,729,206,3692,342
2019-2023,Mississippi,Warren County,0500000US28149,43623,0,16816,402,3336,429,1576,368,1760,343,13480,584,56648,2110,28,149,18531,797,1754,439,966,296,15811,897,16281,802,1558,427,1232,324,113,80,52,49,3,8,115,94,14,21,314,185,66,79,537,198,0,30,2383,399,1581,348,802,228,14433,558,1755,364,12678,593
2019-2023,Mississippi,Washington County,0500000US28151,43674,0,17227,377,4645,417,2206,352,2439,322,12582,469,40117,3242,28,151,16138,658,1456,297,1975,421,12707,762,13811,644,1221,288,1262,302,117,78,129,109,0,30,279,116,47,41,145,94,38,46,512,158,33,45,3701,347,2156,287,1545,272,13526,488,2489,315,11037,483
2019-2023,Mississippi,Wayne County,0500000US28153,19699,0,7446,343,1729,418,724,210,1005,367,5717,465,36791,2871,28,153,7427,540,909,346,635,229,5883,544,6254,546,832,348,614,297,13,25,5,9,0,22,138,134,10,33,131,107,23,37,285,189,31,58,1491,291,765,217,726,257,5955,372,964,347,4991,437
2019-2023,Mississippi,Webster County,0500000US28155,9942,0,4101,216,640,165,270,100,370,128,3461,223,59964,4280,28,155,4150,302,247,94,176,91,3727,341,3652,302,175,82,172,79,11,14,11,13,0,20,52,62,0,20,49,44,0,20,214,103,61,64,672,169,361,126,311,100,3429,206,279,100,3150,216
2019-2023,Mississippi,Wilkinson County,0500000US28157,8376,0,3436,296,1030,279,407,151,623,224,2406,326,35930,5018,28,157,2360,358,135,92,161,76,2064,349,1901,306,91,86,127,78,7,13,43,53,0,20,0,20,0,20,41,51,0,20,248,165,37,47,712,242,377,172,335,168,2724,312,653,209,2071,303
2019-2023,Mississippi,Winston County,0500000US28159,17609,0,7070,249,1787,265,1105,226,682,187,5283,317,49071,6974,28,159,6520,410,952,313,358,136,5210,434,5502,439,558,211,384,138,48,54,10,21,10,21,37,35,13,22,431,183,310,184,156,81,13,23,1585,266,1035,229,550,186,5485,327,752,204,4733,333
2019-2023,Mississippi,Yalobusha County,0500000US28161,12439,0,5037,257,1143,199,494,136,649,156,3894,289,49171,7448,28,161,4810,372,588,172,475,195,3747,468,4163,337,588,172,406,204,0,22,0,22,0,22,11,18,0,22,50,62,0,22,180,118,0,22,509,125,315,104,194,82,4528,268,828,177,3700,280
2019-2023,Mississippi,Yazoo County,0500000US28163,26837,0,8892,353,2507,389,1298,297,1209,354,6385,385,40974,5442,28,163,8451,499,1402,423,980,342,6069,610,6923,516,1100,340,855,313,70,64,0,26,0,26,142,103,50,74,176,126,103,113,355,221,79,75,2163,315,1381,268,782,239,6729,408,1126,320,5603,355
2019-2023,Missouri,Adair County,0500000US29001,25224,0,8911,306,1889,239,441,111,1448,227,7022,291,56583,5235,29,001,10254,554,1000,233,660,200,8594,488,7790,546,736,190,1230,256,134,94,18,19,0,22,411,135,63,57,130,71,11,17,675,192,56,44,756,173,331,95,425,142,8155,344,1558,231,6597,310
2019-2023,Missouri,Andrew County,0500000US29003,18086,0,6975,150,660,191,230,85,430,181,6315,244,74007,5338,29,003,8699,320,230,87,357,141,8112,401,7311,342,158,69,657,172,9,11,2,3,0,19,56,75,0,19,64,34,0,19,609,144,63,62,380,141,243,125,137,54,6595,217,417,141,6178,252
2019-2023,Missouri,Atchison County,0500000US29005,5216,0,2295,86,298,67,144,56,154,40,1997,105,59260,5314,29,005,2487,107,161,57,255,77,2071,112,2050,142,134,53,205,57,7,7,38,36,0,17,27,13,0,17,24,17,8,8,143,57,12,12,131,35,66,21,65,29,2164,90,232,67,1932,108
2019-2023,Missouri,Audrain County,0500000US29007,24688,0,8991,229,1446,241,629,156,817,166,7545,281,56232,4379,29,007,10249,474,653,169,839,299,8757,506,8472,471,392,137,1040,196,135,66,3,10,0,22,278,106,48,52,130,73,62,53,326,108,16,13,1093,232,562,163,531,161,7898,267,884,189,7014,267
2019-2023,Missouri,Barry County,0500000US29009,34831,0,13360,414,1975,287,1092,227,883,181,11385,473,56611,4204,29,009,14955,611,883,241,1333,342,12739,673,11164,634,516,172,2104,383,225,105,39,44,15,24,228,103,8,13,56,43,0,25,1364,314,119,99,1729,251,976,191,753,189,11631,402,999,224,10632,448
2019-2023,Missouri,Barton County,0500000US29011,11685,0,4425,203,965,205,500,136,465,139,3460,237,49503,5066,29,011,4630,374,275,105,458,137,3897,373,3853,382,202,93,197,88,12,11,0,19,0,19,99,52,10,11,47,32,2,3,434,132,49,41,833,201,604,195,229,93,3592,255,361,91,3231,258
2019-2023,Missouri,Bates County,0500000US29013,16121,0,5975,215,1187,190,558,126,629,141,4788,236,57914,4158,29,013,6758,306,763,229,363,126,5632,340,5371,296,591,183,528,151,131,74,11,15,0,19,105,51,18,28,74,42,3,5,669,186,20,16,795,157,519,136,276,99,5180,262,668,138,4512,257
2019-2023,Missouri,Benton County,0500000US29015,19887,0,8166,310,1370,226,625,164,745,166,6796,335,52200,4080,29,015,6911,417,508,151,386,169,6017,495,5515,422,234,98,755,190,188,101,2,4,2,4,170,98,42,46,120,101,0,19,349,105,42,57,1080,203,528,159,552,142,7086,308,842,164,6244,319
2019-2023,Missouri,Bollinger County,0500000US29017,10591,0,3887,191,614,193,198,88,416,179,3273,228,57286,11309,29,017,4667,307,296,111,413,184,3958,336,3653,340,271,106,593,162,25,24,3,6,0,19,22,33,0,19,49,34,0,19,347,163,0,19,445,107,238,87,207,63,3442,195,376,179,3066,230
2019-2023,Missouri,Boone County,0500000US29019,185874,0,75084,748,12292,946,3200,496,9092,814,62792,1055,69913,2041,29,019,94306,1428,11405,930,6133,1070,76768,1515,72168,1579,7448,664,8013,777,1066,352,792,280,379,182,3120,576,1553,488,1561,425,239,123,8652,767,720,241,5101,611,2545,411,2556,484,69983,973,9747,823,60236,1139
2019-2023,Missouri,Buchanan County,0500000US29021,83855,0,33398,464,5598,507,2390,284,3208,450,27800,669,59423,2840,29,021,37536,806,3211,450,2709,381,31616,1031,30148,888,2369,352,3878,566,402,144,110,51,19,19,397,123,51,41,427,161,46,50,2576,435,324,146,4715,481,2502,328,2213,346,28683,577,3096,350,25587,688
2019-2023,Missouri,Butler County,0500000US29023,42166,0,16490,420,3348,392,1292,234,2056,378,13142,516,49213,3349,29,023,17287,709,1806,355,1916,420,13565,776,13595,750,1290,321,2266,406,229,177,79,60,30,36,265,119,111,81,231,110,42,40,851,242,104,80,3243,370,1808,333,1435,267,13247,520,1540,309,11707,552
2019-2023,Missouri,Caldwell County,0500000US29025,8890,0,3591,105,478,94,200,58,278,67,3113,133,62520,5082,29,025,3827,187,128,61,208,68,3491,189,3028,209,82,36,377,95,25,26,3,5,0,17,28,20,1,3,63,32,18,19,328,97,2,3,289,64,117,40,172,56,3302,119,361,87,2941,128
2019-2023,Missouri,Callaway County,0500000US29027,44541,0,16203,431,1852,389,968,312,884,215,14351,510,72645,2446,29,027,19522,583,1081,390,988,252,17453,676,15643,669,591,261,1567,404,259,186,141,124,1,2,292,191,116,166,173,85,64,72,1706,359,50,59,1386,355,667,283,719,205,14817,455,1185,242,13632,497
2019-2023,Missouri,Camden County,0500000US29029,43416,0,17170,638,2346,322,1058,209,1288,302,14824,627,62927,3560,29,029,17634,606,971,263,664,160,15999,679,13303,658,659,192,1900,349,168,93,68,66,0,25,192,108,12,19,542,163,54,57,1629,299,78,64,1402,271,816,240,586,150,15768,636,1530,263,14238,625
2019-2023,Missouri,Cape Girardeau County,0500000US29031,82180,0,32544,498,4761,537,1388,261,3373,442,27783,611,68912,2419,29,031,40881,926,3358,552,2553,470,34970,1012,33276,1151,2365,459,3308,574,754,275,44,46,26,36,512,182,52,39,478,154,25,35,3263,482,136,80,3144,447,1512,322,1632,330,29400,597,3249,485,26151,646
2019-2023,Missouri,Carroll County,0500000US29033,8459,0,3443,169,336,106,159,67,177,83,3107,186,61712,2791,29,033,3738,205,127,55,160,59,3451,212,2857,214,96,48,427,119,31,25,4,7,0,17,173,130,0,17,43,27,0,17,234,89,0,17,271,95,118,76,153,61,3172,196,218,77,2954,193
2019-2023,Missouri,Carter County,0500000US29035,5269,0,1965,155,364,114,155,65,209,90,1601,158,45083,7157,29,035,2116,256,183,114,261,137,1672,280,1558,246,104,63,308,145,64,90,2,5,2,5,56,54,10,16,24,31,0,17,168,119,3,6,375,112,249,102,126,75,1590,157,115,50,1475,157
2019-2023,Missouri,Cass County,0500000US29037,109393,0,42311,476,2855,402,1444,311,1411,291,39456,482,87413,3813,29,037,54677,883,1494,382,2022,376,51161,1038,43155,1056,1149,355,3687,578,218,92,25,26,3,8,507,205,63,70,561,224,33,34,6742,690,28,35,2508,388,993,237,1515,307,39803,528,1862,313,37941,536
2019-2023,Missouri,Cedar County,0500000US29039,14440,0,5636,279,846,180,341,121,505,156,4790,325,45577,2949,29,039,5308,366,405,126,514,183,4389,414,4059,406,336,119,522,176,0,19,20,31,0,19,101,91,61,86,150,109,6,9,456,122,2,3,842,204,396,125,446,163,4794,318,450,155,4344,341
2019-2023,Missouri,Chariton County,0500000US29041,7406,0,2655,129,299,59,124,44,175,42,2356,120,63307,6622,29,041,3191,147,145,49,296,121,2750,165,2546,148,66,30,255,93,23,18,30,28,0,17,85,45,37,31,5,5,0,17,270,72,19,16,190,46,99,32,91,27,2465,125,200,51,2265,121
2019-2023,Missouri,Christian County,0500000US29043,91229,0,34256,374,3057,436,1559,391,1498,261,31199,569,81245,2391,29,043,43413,778,1682,355,1568,332,40163,913,34431,996,1252,275,3828,572,177,125,42,46,0,28,755,266,40,46,335,123,75,72,4022,505,138,93,2149,379,1067,236,1082,302,32107,540,1990,344,30117,621
2019-2023,Missouri,Clark County,0500000US29045,6680,0,2265,127,301,68,77,29,224,60,1964,131,51458,4979,29,045,2670,196,169,75,340,145,2161,214,2206,174,92,54,140,57,27,32,0,17,0,17,104,72,19,28,13,17,0,17,207,106,31,38,183,61,96,33,87,54,2082,128,205,64,1877,125
2019-2023,Missouri,Clay County,0500000US29047,255566,0,101008,765,8194,628,3879,370,4315,539,92814,956,86150,1755,29,047,132100,1683,4827,517,5639,711,121634,1668,100807,2027,3696,467,10061,1113,618,192,256,134,50,42,1042,282,206,128,1442,347,74,55,18492,1201,183,102,6535,688,3052,494,3483,524,94473,1090,5142,488,89331,1128
2019-2023,Missouri,Clinton County,0500000US29049,21259,0,8238,262,1096,227,422,163,674,211,7142,295,70625,3666,29,049,9295,387,407,148,284,114,8604,401,7446,405,297,133,829,192,19,21,51,76,0,22,71,45,8,12,26,23,2,4,872,178,81,68,599,168,272,117,327,130,7639,297,824,231,6815,294
2019-2023,Missouri,Cole County,0500000US29051,76924,0,30746,383,3267,461,1482,304,1785,333,27479,526,73273,3685,29,051,37227,702,1758,337,1714,298,33755,778,30143,920,1229,292,3032,536,248,161,156,97,6,13,401,138,49,49,754,243,141,136,2741,377,85,60,1874,347,1092,288,782,200,28872,497,2175,344,26697,527
2019-2023,Missouri,Cooper County,0500000US29053,16835,0,6169,214,735,152,343,87,392,114,5434,213,67548,4278,29,053,7271,268,420,124,327,94,6524,267,5716,278,240,86,893,146,46,28,21,20,0,19,105,62,60,58,110,45,21,24,426,90,53,36,422,99,177,73,245,66,5747,226,558,130,5189,207
2019-2023,Missouri,Crawford County,0500000US29055,22890,0,9468,300,1288,215,599,142,689,166,8180,330,56345,2695,29,055,9445,338,612,160,630,226,8203,453,7374,405,500,151,1418,260,48,36,44,48,9,21,56,35,15,14,131,77,8,14,422,110,32,38,1031,204,499,128,532,174,8437,368,789,188,7648,353
2019-2023,Missouri,Dade County,0500000US29057,7627,0,3038,129,492,85,208,53,284,70,2546,138,49899,3538,29,057,3128,153,267,67,382,123,2479,192,2451,156,192,58,258,65,35,25,0,17,0,17,112,41,34,26,57,41,0,17,250,114,6,10,462,111,237,80,225,78,2576,151,255,62,2321,149
2019-2023,Missouri,Dallas County,0500000US29059,17344,0,6621,234,1308,254,837,245,471,157,5313,245,53177,3923,29,059,6401,441,569,170,515,211,5317,458,4786,443,412,167,813,231,112,93,0,19,0,19,5,5,1,2,381,224,30,42,416,142,14,24,881,245,668,226,213,76,5740,259,640,165,5100,247
2019-2023,Missouri,Daviess County,0500000US29061,8449,0,3071,132,435,82,180,56,255,63,2636,125,60665,4257,29,061,3717,133,212,58,349,115,3156,160,2642,167,119,40,362,82,30,20,18,15,0,17,92,37,1,2,120,53,2,3,483,112,60,38,300,64,171,48,129,38,2771,120,264,61,2507,121
2019-2023,Missouri,DeKalb County,0500000US29063,11176,0,3775,152,393,127,135,53,258,107,3382,178,69093,7380,29,063,4120,223,115,58,274,101,3731,242,3192,232,66,40,396,125,23,24,11,18,0,19,50,32,18,24,37,32,0,19,434,119,8,15,293,102,148,87,145,78,3482,170,245,82,3237,181
2019-2023,Missouri,Dent County,0500000US29065,14506,0,5675,257,881,186,306,91,575,154,4794,271,54306,3496,29,065,5898,360,361,105,565,205,4972,356,4851,389,272,97,466,169,19,19,0,19,0,19,104,66,6,10,70,42,21,25,407,147,43,46,913,188,405,118,508,182,4762,295,476,127,4286,296
2019-2023,Missouri,Douglas County,0500000US29067,11850,0,4688,175,864,202,371,120,493,172,3824,252,49828,5387,29,067,4512,350,215,108,339,148,3958,367,3562,320,182,105,372,116,19,24,25,34,0,19,36,29,14,22,82,98,0,19,435,185,0,19,642,160,298,103,344,131,4046,222,566,189,3480,261
2019-2023,Missouri,Dunklin County,0500000US29069,27795,0,11165,266,2451,233,1052,158,1399,208,8714,287,47368,3139,29,069,10769,360,1443,225,798,158,8528,374,8475,408,828,208,1569,285,371,150,6,9,0,22,148,86,71,76,180,97,107,64,391,113,66,54,2759,258,1565,225,1194,199,8406,310,886,177,7520,280
2019-2023,Missouri,Franklin County,0500000US29071,105316,0,42267,485,3628,467,1546,308,2082,322,38639,605,71973,2698,29,071,49373,945,1756,318,2503,487,45114,1023,38669,995,1180,255,4566,577,159,87,41,51,34,51,854,236,135,111,310,110,30,38,4933,613,218,101,3231,440,1165,247,2066,361,39036,601,2463,433,36573,649
2019-2023,Missouri,Gasconade County,0500000US29073,14774,0,6037,207,715,155,321,90,394,126,5322,235,65096,4300,29,073,6984,317,400,153,376,112,6208,346,5890,302,280,118,576,131,37,35,2,7,1,4,54,34,0,19,115,104,59,91,347,111,23,27,564,165,229,81,335,138,5473,235,486,138,4987,252
2019-2023,Missouri,Gentry County,0500000US29075,6224,0,2402,98,378,89,138,53,240,71,2024,104,57458,3989,29,075,2796,128,256,67,210,60,2330,156,2134,110,133,47,190,55,8,15,43,32,9,15,74,36,35,27,70,61,37,33,285,75,34,29,206,58,101,36,105,50,2196,92,277,75,1919,102
2019-2023,Missouri,Greene County,0500000US29077,301121,0,131708,768,20169,1238,6527,725,13642,1128,111539,1379,57488,1316,29,077,144949,1825,11640,1196,11233,979,122076,2201,112633,1869,9109,925,12059,1005,1031,308,1341,344,310,151,2497,410,387,200,1901,362,317,148,14518,1201,486,182,14334,889,7485,770,6849,653,117374,1146,12684,1135,104690,1388
2019-2023,Missouri,Grundy County,0500000US29079,9822,0,3828,168,814,145,249,92,565,144,3014,183,53839,5582,29,079,3940,187,428,99,407,104,3105,225,3115,231,295,95,314,93,64,46,21,26,17,26,183,90,22,19,69,38,13,16,238,67,17,24,504,106,292,83,212,74,3324,184,522,117,2802,189
2019-2023,Missouri,Harrison County,0500000US29081,8198,0,3064,122,519,96,193,63,326,81,2545,122,53364,3151,29,081,3309,209,277,96,319,96,2713,210,2660,216,212,88,274,88,23,22,2,3,0,17,40,21,23,17,70,31,0,17,263,84,19,18,418,114,248,96,170,69,2646,145,271,75,2375,131
2019-2023,Missouri,Henry County,0500000US29083,22194,0,9248,233,1369,219,585,158,784,163,7879,277,56621,3379,29,083,9088,447,748,202,637,165,7703,449,7513,436,616,187,812,188,38,34,13,16,0,22,146,81,73,56,24,24,6,9,580,114,15,15,1239,218,634,163,605,166,8009,251,735,151,7274,251
2019-2023,Missouri,Hickory County,0500000US29085,8501,0,3457,181,760,167,233,109,527,127,2697,209,35084,4310,29,085,2428,287,309,133,269,137,1850,268,1801,220,220,117,438,139,81,60,0,17,0,17,32,25,0,17,17,27,0,17,140,95,8,10,365,105,205,75,160,81,3092,209,555,145,2537,217
2019-2023,Missouri,Holt County,0500000US29087,4254,0,1722,72,173,47,52,19,121,45,1549,79,58516,2169,29,087,1960,98,59,22,166,72,1735,120,1555,101,40,16,174,48,13,13,0,12,0,12,65,22,1,3,4,5,0,12,162,57,5,5,116,25,39,15,77,22,1606,73,134,44,1472,82
2019-2023,Missouri,Howard County,0500000US29089,10141,0,3469,123,504,102,186,65,318,83,2965,132,62628,4959,29,089,4339,217,256,96,197,65,3886,234,3361,219,223,92,494,119,21,18,13,21,0,19,94,54,4,7,58,47,8,12,319,94,0,19,310,70,150,49,160,61,3159,140,354,97,2805,138
2019-2023,Missouri,Howell County,0500000US29091,40168,0,15997,310,3417,432,1658,317,1759,306,12580,491,49814,3263,29,091,15818,602,1593,349,1647,323,12578,618,13002,656,1310,318,1715,337,174,104,26,32,0,25,209,97,23,19,319,130,2,4,547,160,84,68,2624,300,1475,261,1149,247,13373,426,1942,337,11431,543
2019-2023,Missouri,Iron County,0500000US29093,9482,0,3803,164,803,133,392,118,411,82,3000,167,51161,8529,29,093,3653,244,333,110,256,97,3064,258,2984,237,272,103,355,100,14,13,5,8,0,17,59,32,21,18,44,40,5,6,206,55,21,19,685,123,432,112,253,70,3118,169,371,87,2747,156
2019-2023,Missouri,Jackson County,0500000US29095,717021,0,302726,1224,41751,1730,16299,1078,25452,1312,260975,1996,67178,1127,29,095,355135,2957,21357,1387,20508,1745,313270,3172,265809,2932,14649,1104,23575,1356,2008,371,5107,739,1399,312,4459,549,788,211,5086,643,374,144,51099,1969,2139,393,31048,1597,15796,1075,15252,1092,271678,1916,25955,1487,245723,2260
2019-2023,Missouri,Jasper County,0500000US29097,123532,0,48367,692,8694,772,3857,575,4837,542,39673,935,57525,2931,29,097,56839,1215,5057,591,4114,542,47668,1423,45673,1312,3527,552,5115,584,720,216,86,63,26,29,637,194,127,90,706,237,17,18,4622,596,640,209,7117,655,3990,534,3127,471,41250,845,4704,553,36546,1010
2019-2023,Missouri,Jefferson County,0500000US29099,228227,0,87025,784,7915,862,3511,554,4404,629,79110,944,80522,2296,29,099,114881,1545,4166,647,4861,656,105854,1665,93061,1981,3217,558,8192,925,602,252,147,137,0,28,798,283,53,46,1039,462,103,85,11644,1121,191,127,6289,629,2875,458,3414,483,80736,906,5040,704,75696,972
2019-2023,Missouri,Johnson County,0500000US29101,54331,0,20680,336,2447,314,882,202,1565,267,18233,370,67123,2893,29,101,25301,766,2187,383,1950,380,21164,780,20300,798,1647,348,2344,430,288,116,74,44,24,27,544,193,160,95,353,142,33,40,1686,345,35,27,1545,297,800,218,745,202,19135,420,1647,232,17488,402
2019-2023,Missouri,Knox County,0500000US29103,3760,0,1214,83,182,37,51,23,131,32,1032,90,53333,8971,29,103,1546,104,115,59,147,75,1284,118,1006,108,89,58,98,52,3,6,33,50,0,12,61,38,16,26,3,5,0,12,345,105,7,11,100,38,31,16,69,34,1114,91,151,35,963,94
2019-2023,Missouri,Laclede County,0500000US29105,36245,0,14453,295,2529,363,1114,241,1415,281,11924,414,50825,2533,29,105,15969,585,1306,324,1442,278,13221,699,12602,641,798,216,2046,462,319,171,24,34,10,27,275,143,62,59,406,186,47,58,616,191,70,57,2298,348,1143,249,1155,253,12155,419,1386,282,10769,437
2019-2023,Missouri,Lafayette County,0500000US29107,32974,0,12438,349,1086,183,589,132,497,141,11352,381,79091,5403,29,107,15600,653,724,219,520,191,14356,733,12725,630,569,198,1196,291,79,74,2,5,0,25,303,125,25,31,107,56,17,27,1267,372,34,47,1200,289,465,126,735,233,11238,383,621,158,10617,386
2019-2023,Missouri,Lawrence County,0500000US29109,38392,0,14694,275,2421,344,1171,232,1250,290,12273,420,55849,5275,29,109,16439,571,1316,271,1480,337,13643,748,12253,584,849,228,1825,448,216,145,9,15,9,15,191,71,59,52,372,238,63,71,1789,350,120,46,1973,350,1113,262,860,271,12721,467,1308,246,11413,480
2019-2023,Missouri,Lewis County,0500000US29111,9945,0,3216,126,537,114,150,53,387,97,2679,151,52340,5529,29,111,4171,245,275,109,208,71,3688,276,3270,264,155,74,435,145,101,75,18,26,0,17,107,53,0,17,14,13,0,17,327,146,19,33,201,63,120,52,81,38,3015,130,417,105,2598,155
2019-2023,Missouri,Lincoln County,0500000US29113,61636,0,22420,259,2532,447,1130,261,1402,430,19888,500,85276,2307,29,113,29309,719,965,285,926,253,27418,811,23845,961,790,278,2462,496,81,56,88,82,4,9,698,325,77,85,272,183,3,4,1944,403,10,11,1910,376,774,221,1136,301,20510,427,1758,417,18752,605
2019-2023,Missouri,Linn County,0500000US29115,11850,0,4804,190,714,137,406,116,308,97,4090,201,61975,4188,29,115,5549,212,385,168,360,132,4804,266,4512,242,263,125,405,131,27,27,7,9,0,19,125,64,45,60,46,25,20,21,454,130,30,33,427,101,225,75,202,79,4377,204,489,125,3888,201
2019-2023,Missouri,Livingston County,0500000US29117,14330,0,5523,176,740,178,295,111,445,142,4783,205,60148,5113,29,117,6114,253,284,102,384,136,5446,263,5159,299,243,101,457,115,29,22,35,41,11,25,66,47,0,19,21,20,0,19,376,126,1,3,591,132,308,99,283,85,4932,175,432,137,4500,207
2019-2023,Missouri,McDonald County,0500000US29119,23492,0,8512,253,1487,208,852,171,635,143,7025,349,48145,3838,29,119,9410,444,701,158,1230,246,7479,484,7194,406,483,132,1085,224,126,77,6,9,0,22,102,80,0,22,234,122,11,16,789,237,81,80,985,214,476,119,509,146,7527,293,1011,183,6516,347
2019-2023,Missouri,Macon County,0500000US29121,15163,0,5947,172,761,146,334,107,427,102,5186,217,58318,4046,29,121,6447,253,295,89,331,88,5821,284,5062,302,195,74,620,142,21,26,18,21,12,18,122,54,10,8,36,29,6,10,589,118,51,55,489,95,258,81,231,75,5458,181,503,124,4955,219
2019-2023,Missouri,Madison County,0500000US29123,12665,0,4604,203,626,159,304,125,322,109,3978,202,58435,6862,29,123,5406,243,401,170,284,98,4721,308,4067,357,286,164,707,257,41,34,37,53,37,53,73,50,12,18,29,33,1,3,493,156,24,26,790,171,288,108,502,148,3814,234,338,114,3476,228
2019-2023,Missouri,Maries County,0500000US29125,8435,0,3536,169,573,124,201,75,372,105,2963,172,61359,9505,29,125,3510,221,185,89,146,71,3179,253,2618,234,114,73,609,138,61,37,0,17,0,17,47,42,0,17,23,25,0,17,213,99,10,18,417,112,280,102,137,64,3119,176,293,90,2826,171
2019-2023,Missouri,Marion County,0500000US29127,28493,0,11253,277,1742,269,712,163,1030,217,9511,369,63908,3770,29,127,12518,491,804,215,816,206,10898,517,9818,483,491,167,1312,293,153,87,38,52,9,20,376,134,80,65,202,88,13,23,772,221,58,59,1249,233,644,163,605,192,10004,302,1098,235,8906,362
2019-2023,Missouri,Mercer County,0500000US29129,3501,0,1288,87,195,50,66,36,129,36,1093,98,60357,10789,29,129,1448,90,86,50,96,45,1266,104,1049,101,36,23,140,64,6,8,0,12,0,12,23,18,16,16,38,31,13,18,198,75,15,23,121,34,72,27,49,23,1167,89,123,42,1044,95
2019-2023,Missouri,Miller County,0500000US29131,25081,0,10034,271,1690,257,573,156,1117,228,8344,312,55172,5736,29,131,10936,517,459,131,519,172,9958,520,8800,492,354,107,1212,218,98,68,0,22,0,22,101,51,0,22,166,86,0,22,657,185,7,11,1018,195,673,154,345,115,9016,320,1017,205,7999,317
2019-2023,Missouri,Mississippi County,0500000US29133,12079,0,4559,192,1098,193,562,156,536,130,3461,241,46258,4629,29,133,4396,368,423,127,526,261,3447,344,3605,404,253,118,418,172,60,64,3,6,0,19,148,107,80,95,30,29,0,19,192,84,30,31,1416,236,864,220,552,171,3143,270,234,111,2909,242
2019-2023,Missouri,Moniteau County,0500000US29135,15303,0,5774,131,636,141,230,89,406,117,5138,165,65161,4266,29,135,6791,208,298,95,298,89,6195,249,5181,212,233,76,887,136,54,42,4,6,0,19,134,66,2,3,99,41,0,19,486,99,9,9,439,115,214,70,225,93,5335,167,422,121,4913,187
2019-2023,Missouri,Monroe County,0500000US29137,8672,0,3461,153,664,136,170,68,494,117,2797,196,48299,4302,29,137,3555,240,231,72,209,80,3115,278,2902,249,151,53,300,84,29,26,7,11,0,17,202,59,34,33,41,29,9,11,103,42,8,8,273,83,192,82,81,46,3188,163,472,118,2716,193
2019-2023,Missouri,Montgomery County,0500000US29139,11422,0,4589,202,719,144,302,79,417,125,3870,208,61042,6219,29,139,4995,247,405,111,281,77,4309,303,3845,212,303,95,546,111,47,29,0,19,0,19,147,77,27,25,63,52,0,19,394,108,28,24,492,111,190,54,302,110,4097,201,529,124,3568,214
2019-2023,Missouri,Morgan County,0500000US29141,21430,0,8198,356,1571,255,683,190,888,184,6627,376,49663,4821,29,141,7845,442,646,194,695,164,6504,508,5228,397,347,121,1472,317,153,109,0,22,0,22,111,56,28,40,148,70,15,15,886,233,103,67,1044,211,618,193,426,104,7154,360,953,190,6201,373
2019-2023,Missouri,New Madrid County,0500000US29143,16041,0,6796,219,1313,211,673,152,640,121,5483,243,49237,4291,29,143,6445,327,521,147,568,128,5356,348,5554,339,370,139,600,119,75,41,0,19,0,19,40,29,0,19,37,33,5,6,214,78,71,46,1745,239,845,175,900,159,5051,269,468,152,4583,255
2019-2023,Missouri,Newton County,0500000US29145,59490,0,22084,403,2874,364,1420,246,1454,265,19210,494,64583,3380,29,145,25893,774,1661,329,1802,325,22430,947,20574,936,1185,285,2982,394,300,160,27,31,0,28,223,103,19,25,258,113,20,25,1829,347,137,123,2451,406,1332,266,1119,242,19633,546,1542,286,18091,572
2019-2023,Missouri,Nodaway County,0500000US29147,20959,0,8389,240,1521,212,391,95,1130,202,6868,230,55970,2917,29,147,9515,294,1324,275,586,144,7605,317,7825,311,997,226,972,222,212,152,1,3,0,22,159,89,67,80,53,29,0,22,505,131,48,42,670,139,355,94,315,145,7719,265,1166,193,6553,250
2019-2023,Missouri,Oregon County,0500000US29149,8704,0,3360,140,820,155,456,123,364,86,2540,194,44259,8105,29,149,3265,197,264,102,267,100,2734,219,2493,193,178,83,316,103,62,48,22,24,5,7,12,17,1,2,25,21,9,14,397,137,9,14,613,159,330,130,283,97,2747,169,490,173,2257,196
2019-2023,Missouri,Osage County,0500000US29151,13379,0,5173,186,585,118,172,73,413,97,4588,190,75355,4098,29,151,6546,260,253,87,183,67,6110,297,5190,287,219,95,707,184,12,15,62,79,0,19,85,49,22,29,53,32,0,19,449,133,0,19,249,77,177,74,72,28,4924,201,408,87,4516,192
2019-2023,Missouri,Ozark County,0500000US29153,8773,0,3583,155,816,162,417,122,399,99,2767,195,42329,5408,29,153,2839,219,203,79,330,135,2306,249,2014,204,114,59,381,103,27,25,0,17,0,17,38,33,3,6,46,29,10,10,360,117,49,42,601,127,351,111,250,95,2982,180,465,136,2517,198
2019-2023,Missouri,Pemiscot County,0500000US29155,15232,0,6231,231,1680,228,954,197,726,164,4551,258,40748,4460,29,155,5461,368,550,143,652,183,4259,319,4307,337,409,132,801,199,91,65,21,18,0,19,83,59,50,52,25,26,0,19,224,102,0,19,2014,222,1157,187,857,178,4217,242,523,121,3694,237
2019-2023,Missouri,Perry County,0500000US29157,18947,0,7323,238,781,142,264,88,517,122,6542,260,63356,3606,29,157,8975,330,527,171,521,146,7927,357,7619,366,413,164,755,205,37,34,0,19,0,19,147,70,35,37,45,49,28,42,409,143,14,15,714,156,241,102,473,125,6609,281,540,125,6069,280
2019-2023,Missouri,Pettis County,0500000US29159,43205,0,16937,304,2264,324,917,204,1347,236,14673,407,60232,2670,29,159,19953,580,1571,266,1377,278,17005,651,15853,614,1086,212,2190,342,265,139,39,40,0,25,201,114,1,3,434,132,128,61,1236,242,91,86,1838,202,795,169,1043,184,15099,330,1469,255,13630,384
2019-2023,Missouri,Phelps County,0500000US29161,44948,0,17644,399,3176,381,841,213,2335,314,14468,514,55427,3157,29,161,18540,664,1632,298,1638,311,15270,777,13648,678,1088,252,2596,407,264,135,19,22,0,25,704,287,168,138,297,136,60,51,1276,282,52,41,2084,335,1023,272,1061,247,15560,531,2153,346,13407,553
2019-2023,Missouri,Pike County,0500000US29163,17623,0,6451,208,1038,181,526,132,512,109,5413,252,57572,6127,29,163,6743,283,218,74,394,134,6131,305,5542,312,118,43,749,160,94,59,7,13,0,19,170,86,6,16,44,34,0,19,231,86,0,19,563,138,337,103,226,105,5888,233,701,147,5187,253
2019-2023,Missouri,Platte County,0500000US29165,108751,0,43316,412,3158,389,1415,249,1743,333,40158,547,95748,3176,29,165,57449,964,1539,317,2649,618,53261,1031,43797,1210,1024,221,3324,550,234,132,88,60,1,2,189,92,4,9,843,358,1,2,9208,800,275,140,1827,327,718,192,1109,259,41489,496,2440,346,39049,610
2019-2023,Missouri,Polk County,0500000US29167,32109,0,11957,333,2006,292,959,188,1047,223,9951,394,56686,3583,29,167,13433,507,1149,310,971,221,11313,536,10665,636,618,208,1194,267,227,95,7,12,0,25,215,197,199,198,164,86,32,36,1188,304,73,63,1399,191,744,160,655,148,10558,383,1262,251,9296,409
2019-2023,Missouri,Pulaski County,0500000US29169,53850,0,16434,461,2189,351,952,271,1237,311,14245,566,66435,3925,29,169,20699,689,1332,426,1207,314,18160,798,17611,760,1165,376,1815,430,85,87,46,51,0,28,125,98,0,28,269,149,48,85,833,269,34,34,1283,282,849,238,434,153,15151,561,1340,280,13811,592
2019-2023,Missouri,Putnam County,0500000US29171,4675,0,1874,154,283,82,59,36,224,79,1591,149,56875,9667,29,171,2051,155,86,63,88,51,1877,211,1596,213,47,36,242,93,13,23,0,12,0,12,21,27,6,11,1,3,0,12,191,103,20,21,164,62,105,46,59,38,1710,149,178,74,1532,147
2019-2023,Missouri,Ralls County,0500000US29173,10394,0,3959,166,582,122,276,88,306,106,3377,183,62054,5169,29,173,4587,226,168,68,281,107,4138,244,3761,260,128,54,397,125,25,23,0,19,0,19,174,97,2,4,18,19,5,10,237,86,8,15,206,72,98,49,108,48,3753,162,484,113,3269,181
2019-2023,Missouri,Randolph County,0500000US29175,24524,0,9252,297,1442,256,669,201,773,156,7810,349,55310,5921,29,175,10663,397,660,176,798,210,9205,441,8799,461,487,154,876,215,65,55,31,48,0,22,74,52,25,29,202,105,9,13,681,173,74,61,1395,245,820,225,575,151,7857,329,622,143,7235,326
2019-2023,Missouri,Ray County,0500000US29177,23149,0,9046,187,1030,179,550,137,480,130,8016,252,72152,5449,29,177,10806,375,808,216,557,169,9441,438,8542,470,685,211,891,206,63,45,69,100,4,6,128,83,6,9,58,38,5,8,1118,311,45,38,771,170,409,139,362,117,8275,237,621,157,7654,271
2019-2023,Missouri,Reynolds County,0500000US29179,6058,0,2312,139,405,77,233,68,172,66,1907,139,44357,5562,29,179,2336,163,271,74,251,82,1814,179,1760,171,206,70,375,102,29,27,11,13,0,17,38,21,0,17,25,20,23,20,127,49,13,20,337,75,186,52,151,51,1975,135,219,70,1756,138
2019-2023,Missouri,Ripley County,0500000US29181,10755,0,4030,179,925,171,425,139,500,109,3105,219,43898,4901,29,181,4151,335,312,121,442,155,3397,377,3205,327,230,92,453,123,42,50,0,19,0,19,78,43,31,30,18,15,0,19,397,146,9,13,660,121,378,95,282,78,3370,198,547,144,2823,217
2019-2023,Missouri,St. Charles County,0500000US29183,409830,0,158682,615,8035,738,3307,451,4728,543,150647,851,102912,1674,29,183,217125,1937,5058,622,5759,672,206308,2290,165443,2307,3685,538,12574,949,539,200,139,75,7,9,1419,365,130,70,2810,470,143,88,34740,1331,554,205,4996,547,1701,349,3295,495,153686,838,6334,699,147352,991
2019-2023,Missouri,St. Clair County,0500000US29185,9451,0,4090,205,772,171,310,116,462,145,3318,206,46731,4770,29,185,3782,204,345,119,474,146,2963,223,2892,208,184,59,513,156,152,107,4,8,0,17,105,38,9,11,18,14,0,17,250,89,0,17,598,106,316,87,282,70,3492,211,456,141,3036,202
2019-2023,Missouri,Ste. Genevieve County,0500000US29186,18551,0,7113,246,673,184,319,123,354,126,6440,302,61310,5784,29,186,8266,374,368,170,458,162,7440,448,7027,351,342,165,518,151,4,9,22,42,0,19,129,109,1,2,38,42,0,19,532,213,21,31,447,119,177,83,270,103,6666,262,496,170,6170,308
2019-2023,Missouri,St. Francois County,0500000US29187,66864,0,24113,536,4006,453,2140,354,1866,291,20107,579,54813,3857,29,187,26526,806,2069,432,1965,407,22492,996,21017,745,1478,391,2712,567,265,139,49,67,0,28,416,211,123,100,603,252,37,35,1729,333,166,126,3733,469,1960,290,1773,385,20380,681,2046,333,18334,667
2019-2023,Missouri,St. Louis County,0500000US29189,996618,0,414739,1617,40301,1544,17152,1112,23149,1205,374438,2021,81340,1143,29,189,489330,3115,21293,1680,20014,1481,448023,3688,361711,3688,14098,1119,30103,1789,2079,486,6933,942,957,420,5257,695,801,273,5489,652,819,269,79837,2712,2539,598,32611,1549,14211,1024,18400,1386,382128,2340,26090,1298,356038,2399
2019-2023,Missouri,Saline County,0500000US29195,23177,0,8008,212,1186,197,493,118,693,156,6822,249,56566,3401,29,195,10475,418,704,208,541,182,9230,398,8413,450,401,141,994,274,145,116,0,22,0,22,447,184,30,24,140,83,28,39,481,149,100,89,998,214,554,159,444,128,7010,267,632,139,6378,270
2019-2023,Missouri,Schuyler County,0500000US29197,4044,0,1251,93,148,37,47,18,101,34,1103,98,56023,2785,29,197,1563,126,75,31,58,30,1430,120,1322,130,72,31,82,38,0,12,0,12,0,12,9,10,0,12,41,42,0,12,109,52,3,5,90,29,55,22,35,20,1161,96,93,29,1068,97
2019-2023,Missouri,Scotland County,0500000US29199,4698,0,1543,101,115,46,70,36,45,35,1428,107,67568,4430,29,199,2094,159,59,33,229,74,1806,181,1701,152,30,21,133,63,1,2,0,12,0,12,40,32,8,11,24,22,0,12,196,97,20,23,74,36,48,29,26,19,1469,99,67,36,1402,106
2019-2023,Missouri,Scott County,0500000US29201,37967,0,15163,310,2376,345,993,207,1383,294,12787,433,58847,4433,29,201,17157,544,866,238,1241,293,15050,691,14326,561,629,201,1748,331,198,111,2,4,2,4,123,88,0,25,238,132,10,17,720,180,27,28,2591,337,1086,240,1505,320,12572,412,1290,253,11282,455
2019-2023,Missouri,Shannon County,0500000US29203,7137,0,2802,141,463,111,223,90,240,69,2339,170,59000,8604,29,203,2609,194,113,63,170,72,2326,206,1969,231,62,42,348,139,12,13,26,40,0,17,17,21,7,13,7,8,2,4,242,126,30,50,350,75,207,65,143,49,2452,147,256,85,2196,169
2019-2023,Missouri,Shelby County,0500000US29205,6011,0,2374,94,352,76,198,60,154,43,2022,109,52127,4896,29,205,2609,140,123,46,302,86,2184,176,2170,142,85,35,175,51,13,10,0,17,0,17,132,81,1,4,11,11,0,17,121,42,24,21,242,52,112,36,130,43,2132,90,240,67,1892,103
2019-2023,Missouri,Stoddard County,0500000US29207,28547,0,11393,250,1923,285,849,211,1074,191,9470,321,54067,4113,29,207,11874,437,916,238,836,195,10122,501,10401,471,658,216,815,161,134,61,9,15,9,15,173,62,52,37,101,54,12,19,375,135,51,47,2043,280,1195,237,848,219,9350,346,728,153,8622,357
2019-2023,Missouri,Stone County,0500000US29209,31697,0,13161,424,1591,282,898,235,693,176,11570,430,61323,2272,29,209,12188,499,823,210,1112,244,10253,568,9270,501,509,157,1392,249,207,101,19,17,0,25,171,88,10,20,109,47,16,20,1227,265,81,67,827,160,373,108,454,107,12334,442,1218,267,11116,441
2019-2023,Missouri,Sullivan County,0500000US29211,5903,0,2040,113,331,71,138,51,193,62,1709,103,55500,4677,29,211,2598,151,152,62,232,79,2214,167,1750,161,100,57,645,136,51,26,15,18,1,3,32,32,0,17,27,24,0,17,129,45,0,17,202,64,108,38,94,53,1838,114,223,59,1615,110
2019-2023,Missouri,Taney County,0500000US29213,56382,0,22145,594,3188,375,1487,276,1701,303,18957,651,58258,2800,29,213,24703,810,2410,454,2271,500,20022,954,18543,932,1662,381,3008,457,437,190,45,36,17,21,337,158,116,116,320,107,28,33,2450,538,150,89,2483,309,1082,217,1401,281,19662,601,2106,384,17556,656
2019-2023,Missouri,Texas County,0500000US29215,24956,0,9532,253,1941,273,872,180,1069,199,7591,276,48055,3638,29,215,9278,465,713,171,948,248,7617,512,7138,422,563,167,1402,287,30,33,18,23,12,22,160,94,56,52,96,65,15,18,464,150,37,29,1256,219,819,188,437,111,8276,267,1122,216,7154,274
2019-2023,Missouri,Vernon County,0500000US29217,19713,0,7815,228,1183,214,452,124,731,202,6632,292,54519,5230,29,217,8181,378,729,203,836,257,6616,441,6079,473,295,105,724,235,65,49,11,15,0,19,122,64,45,50,283,148,162,135,962,177,162,70,1039,230,579,183,460,154,6776,294,604,160,6172,311
2019-2023,Missouri,Warren County,0500000US29219,36467,0,13414,314,1304,289,499,183,805,253,12110,405,77989,4738,29,219,17505,535,855,282,793,218,15857,589,14241,550,657,240,1712,341,180,155,36,51,0,25,81,53,15,16,86,61,1,3,1349,290,2,4,1087,225,479,152,608,160,12327,397,825,255,11502,451
2019-2023,Missouri,Washington County,0500000US29221,23483,0,8864,285,1721,318,951,232,770,185,7143,385,51886,4268,29,221,8947,538,483,177,939,228,7525,550,7450,566,392,148,1148,259,61,46,1,2,1,2,69,71,29,60,14,19,0,22,265,101,0,22,1904,295,972,236,932,198,6960,354,749,197,6211,382
2019-2023,Missouri,Wayne County,0500000US29223,10942,0,4503,250,1090,175,432,134,658,143,3413,274,43393,4123,29,223,3768,288,305,98,309,101,3154,315,2889,255,203,80,514,170,75,51,32,28,0,19,41,42,3,8,32,25,10,14,260,100,14,15,811,151,517,125,294,83,3692,252,573,132,3119,265
2019-2023,Missouri,Webster County,0500000US29225,39868,0,13751,373,1853,332,1152,273,701,217,11898,459,69731,2598,29,225,16373,655,992,363,871,267,14510,738,13043,699,723,348,1754,414,142,70,15,26,0,25,205,74,26,23,231,124,14,23,1125,279,87,55,1350,294,743,220,607,151,12401,400,1110,278,11291,457
2019-2023,Missouri,Worth County,0500000US29227,1956,0,798,65,130,45,51,35,79,27,668,61,46167,4590,29,227,837,70,110,44,45,24,682,74,657,73,107,44,60,30,0,12,4,6,2,4,3,5,0,12,3,4,0,12,110,45,1,2,109,41,60,36,49,22,689,66,70,29,619,63
2019-2023,Missouri,Wright County,0500000US29229,18722,0,6964,293,1326,243,616,196,710,160,5638,343,47304,3000,29,229,6954,373,413,142,996,280,5545,466,5652,433,251,96,622,175,58,35,0,19,0,19,185,89,7,12,104,53,0,19,391,135,97,87,1092,233,618,192,474,130,5872,329,708,152,5164,342
2019-2023,Missouri,St. Louis city,0500000US29510,293109,0,144450,1371,28584,1333,8409,699,20175,1080,115866,1588,55279,1530,29,510,149385,1906,11797,1009,9499,895,128089,2296,100036,2430,6331,740,10068,891,1207,275,7823,885,1615,410,5374,653,986,309,3709,677,461,152,22375,1308,1197,400,26043,1376,14253,890,11790,1051,118407,1680,14331,1108,104076,1852
2019-2023,Montana,Beaverhead County,0500000US30001,9590,0,4121,167,698,175,185,92,513,174,3423,214,58072,2248,30,001,4443,282,375,138,290,127,3778,354,3397,282,324,138,341,112,3,4,49,60,4,38,187,58,39,39,131,75,0,15,338,116,5,5,303,109,152,71,151,95,3818,187,546,157,3272,211
2019-2023,Montana,Big Horn County,0500000US30003,12963,0,3691,123,677,124,462,123,215,83,3014,161,56680,2608,30,003,4638,278,437,117,582,142,3619,337,3170,265,211,61,788,225,173,92,6,8,6,8,152,81,20,26,27,27,0,17,495,113,27,21,602,140,346,122,256,81,3089,163,331,81,2758,162
2019-2023,Montana,Blaine County,0500000US30005,6997,0,2297,102,443,89,222,53,221,76,1854,113,65050,6474,30,005,2603,152,249,79,231,81,2123,154,1588,161,123,59,321,89,60,50,33,42,0,15,195,87,33,45,63,36,18,21,403,89,15,18,342,71,170,56,172,60,1955,100,273,80,1682,104
2019-2023,Montana,Broadwater County,0500000US30007,7310,0,2888,102,344,113,140,76,204,93,2544,154,63636,10953,30,007,3525,266,196,115,68,82,3261,300,2783,312,149,116,324,154,34,42,0,15,0,15,3,7,3,7,59,49,0,15,356,132,10,13,173,87,43,42,130,73,2715,115,301,115,2414,139
2019-2023,Montana,Carbon County,0500000US30009,10877,0,4716,192,379,85,139,55,240,77,4337,207,71017,4568,30,009,5219,264,263,89,308,88,4648,271,3454,288,141,74,701,166,28,26,37,29,0,17,316,105,42,33,147,91,34,45,564,94,18,17,326,83,130,60,196,73,4390,212,249,70,4141,211
2019-2023,Montana,Carter County,0500000US30011,1361,0,599,71,89,33,33,20,56,31,510,63,52171,11434,30,011,620,76,35,24,42,25,543,76,322,67,3,3,45,21,2,3,6,8,0,11,50,22,7,10,13,10,2,5,184,50,21,20,43,26,18,16,25,18,556,68,71,29,485,61
2019-2023,Montana,Cascade County,0500000US30013,84601,0,34909,456,4579,469,1600,265,2979,371,30330,588,66203,2345,30,013,39964,849,2822,406,3023,577,34119,1077,31417,798,1780,337,3926,531,438,158,299,109,80,48,780,185,206,123,719,177,123,69,2823,468,195,119,3668,413,1674,315,1994,323,31241,589,2905,322,28336,631
2019-2023,Montana,Chouteau County,0500000US30015,5888,0,2212,96,274,68,138,53,136,47,1938,96,56927,6199,30,015,2494,116,125,52,154,60,2215,122,1641,133,79,44,293,84,19,20,16,22,0,15,193,52,13,10,27,19,0,15,324,75,14,9,245,62,107,44,138,49,1967,101,167,49,1800,100
2019-2023,Montana,Custer County,0500000US30017,11938,0,5044,154,709,149,167,72,542,124,4335,187,63585,6030,30,017,6128,178,488,145,324,97,5316,239,4339,268,239,84,1083,177,150,89,0,17,0,17,289,104,47,42,61,53,4,6,356,108,48,41,429,109,186,73,243,98,4615,163,523,127,4092,192
2019-2023,Montana,Daniels County,0500000US30019,1524,0,716,69,65,23,36,18,29,16,651,68,58000,16790,30,019,804,107,58,40,42,36,704,87,566,105,49,39,73,29,0,11,0,11,0,11,80,33,0,11,0,11,0,11,85,37,9,9,24,12,11,10,13,7,692,71,54,23,638,68
2019-2023,Montana,Dawson County,0500000US30021,8874,0,3710,215,405,159,95,58,310,147,3305,203,70953,4534,30,021,4212,271,249,126,244,152,3719,316,3480,333,239,127,226,104,6,8,4,9,4,9,183,91,0,15,30,25,0,15,289,96,0,15,102,73,61,56,41,37,3608,223,344,150,3264,210
2019-2023,Montana,Deer Lodge County,0500000US30023,9512,0,4560,218,749,174,293,116,456,150,3811,239,49533,4173,30,023,4352,284,483,150,289,164,3580,334,3318,308,261,138,272,134,68,58,0,15,0,15,250,117,81,68,176,122,18,31,336,123,55,58,693,184,352,121,341,128,3867,237,397,140,3470,250
2019-2023,Montana,Fallon County,0500000US30025,2817,0,1145,106,196,92,71,55,125,81,949,114,72284,8554,30,025,1312,144,112,60,29,24,1171,151,1046,165,94,58,104,72,13,17,0,11,0,11,61,43,0,11,15,18,0,11,86,50,5,6,32,23,7,10,25,24,1113,105,189,95,924,119
2019-2023,Montana,Fergus County,0500000US30027,11581,0,5200,186,699,150,283,104,416,124,4501,210,59731,5717,30,027,5617,235,320,127,441,154,4856,283,3462,248,71,55,550,187,50,70,46,52,15,30,514,187,80,69,134,84,30,34,911,205,74,55,401,129,213,90,188,105,4799,194,486,122,4313,211
2019-2023,Montana,Flathead County,0500000US30029,108445,0,43568,608,4373,511,1591,300,2782,436,39195,741,71327,1749,30,029,52570,807,3228,499,3046,461,46296,981,38777,997,2061,427,3392,469,389,183,63,52,28,48,1539,368,177,105,1072,346,19,33,7727,794,554,207,2929,440,1256,320,1673,355,40639,761,3117,480,37522,796
2019-2023,Montana,Gallatin County,0500000US30031,122194,0,50031,585,5170,557,1163,286,4007,499,44861,682,87454,3078,30,031,67584,1100,5223,599,4264,624,58097,1052,46454,1345,3658,570,5426,689,448,167,332,182,33,47,3047,380,464,164,2093,415,220,101,10232,921,400,187,1609,348,661,233,948,224,48422,700,4509,515,43913,747
2019-2023,Montana,Garfield County,0500000US30033,938,0,407,48,50,22,33,18,17,13,357,45,61750,14774,30,033,433,71,32,20,25,11,376,72,179,38,20,17,23,14,3,3,0,11,0,11,60,35,0,11,0,11,0,11,171,55,9,12,14,12,5,5,9,11,393,47,45,21,348,46
2019-2023,Montana,Glacier County,0500000US30035,13713,0,4174,170,1199,174,634,137,565,138,2975,206,45129,6983,30,035,4831,393,673,206,504,136,3654,338,3181,288,294,112,552,195,166,139,43,97,22,48,319,158,123,132,24,23,5,9,712,225,63,52,910,158,615,112,295,99,3264,177,584,133,2680,221
2019-2023,Montana,Golden Valley County,0500000US30037,840,0,362,45,64,21,18,10,46,20,298,43,57353,12734,30,037,390,68,36,14,30,13,324,69,193,54,3,3,43,20,6,4,0,11,0,11,89,28,18,11,19,16,0,11,46,18,9,7,10,6,6,5,4,4,352,44,58,21,294,43
2019-2023,Montana,Granite County,0500000US30039,3419,0,1375,140,145,64,45,30,100,58,1230,135,54646,7926,30,039,1327,152,75,55,78,56,1174,162,914,155,10,14,187,97,45,50,0,11,0,11,79,32,0,11,3,6,0,11,144,60,20,27,115,58,74,47,41,29,1260,143,71,45,1189,138
2019-2023,Montana,Hill County,0500000US30041,16260,0,6226,202,992,197,591,154,401,120,5234,249,55313,6708,30,041,7103,332,636,172,475,148,5992,419,5182,326,444,140,1113,216,85,53,12,14,0,17,413,120,81,59,50,44,17,24,333,111,9,10,836,175,425,157,411,119,5390,213,567,144,4823,245
2019-2023,Montana,Jefferson County,0500000US30043,12501,0,4890,128,315,82,97,52,218,73,4575,144,76576,6927,30,043,5650,265,200,86,223,95,5227,279,4080,263,112,65,659,186,9,12,10,13,0,17,169,76,35,43,62,36,0,17,670,182,44,41,309,95,132,51,177,78,4581,129,183,72,4398,141
2019-2023,Montana,Judith Basin County,0500000US30045,2053,0,907,64,159,49,58,29,101,39,748,68,55417,12144,30,045,992,101,47,18,117,47,828,110,554,72,26,17,65,31,0,11,0,11,0,11,120,43,7,3,13,10,0,11,240,67,14,12,67,30,37,25,30,18,840,69,122,42,718,69
2019-2023,Montana,Lake County,0500000US30047,32073,0,12175,274,2059,239,959,168,1100,165,10116,286,61965,2758,30,047,13038,479,1042,206,740,176,11256,490,9333,485,575,138,1539,277,266,142,29,31,12,22,462,109,74,42,230,104,0,23,1445,205,115,62,1495,185,840,167,655,122,10680,251,1219,175,9461,272
2019-2023,Montana,Lewis and Clark County,0500000US30049,72580,0,30655,381,2641,397,803,212,1838,318,28014,562,74543,3600,30,049,35610,834,1812,340,2159,465,31639,989,24681,770,1199,283,3803,541,366,192,67,62,2,4,1651,337,148,100,805,228,0,26,4603,535,97,86,2406,337,954,268,1452,252,28249,527,1687,291,26562,570
2019-2023,Montana,Liberty County,0500000US30051,1968,0,685,67,94,32,77,31,17,11,591,67,53264,9114,30,051,746,79,76,45,72,34,598,82,356,71,12,12,52,30,5,10,0,11,0,11,87,44,31,28,18,15,3,4,233,76,25,34,42,24,23,22,19,12,643,67,71,31,572,65
2019-2023,Montana,Lincoln County,0500000US30053,20656,0,8858,264,1467,266,517,147,950,214,7391,336,47018,3863,30,053,7475,441,561,164,476,147,6438,460,4620,441,309,128,1130,282,39,31,11,17,0,20,283,114,41,42,264,125,15,25,1167,226,157,128,1160,219,752,186,408,125,7698,306,715,213,6983,329
2019-2023,Montana,McCone County,0500000US30055,1818,0,818,74,42,25,15,13,27,21,776,75,71842,15598,30,055,912,92,21,30,23,17,868,93,575,83,3,4,36,27,0,11,0,11,0,11,143,37,16,30,15,10,0,11,143,57,2,3,3,4,0,11,3,4,815,73,42,25,773,74
2019-2023,Montana,Madison County,0500000US30057,8975,0,3703,191,270,80,109,50,161,71,3433,197,67420,6280,30,057,3945,217,171,63,206,76,3568,197,2397,192,93,44,387,94,50,38,44,65,0,15,263,103,22,21,60,43,0,15,794,147,6,8,151,72,91,61,60,32,3552,189,179,63,3373,202
2019-2023,Montana,Meagher County,0500000US30059,1979,0,897,83,127,83,93,81,34,22,770,101,56215,11153,30,059,1009,123,104,82,48,40,857,128,771,130,88,81,49,36,0,11,0,11,0,11,20,17,12,15,21,19,0,11,148,70,4,6,77,78,24,17,53,66,820,79,103,82,717,98
2019-2023,Montana,Mineral County,0500000US30061,4796,0,2132,99,317,102,158,72,159,61,1815,117,61117,6443,30,061,1937,157,180,62,99,44,1658,176,1292,158,85,50,298,89,75,41,2,4,0,11,112,48,20,24,30,19,0,11,203,51,0,11,351,101,175,82,176,63,1781,117,142,64,1639,128
2019-2023,Montana,Missoula County,0500000US30063,119639,0,51642,626,6400,646,1332,316,5068,553,45242,786,71246,2330,30,063,64504,1034,4305,526,4575,762,55624,1234,45535,1612,2913,460,5204,562,272,130,883,260,147,98,1843,415,131,77,2605,474,233,134,8434,845,609,202,4032,547,1646,320,2386,421,47610,709,4754,640,42856,791
2019-2023,Montana,Musselshell County,0500000US30065,5068,0,2131,149,286,84,148,68,138,58,1845,156,59010,3849,30,065,2049,188,79,51,153,72,1817,209,1339,202,47,36,159,79,7,11,0,15,0,15,74,42,25,30,63,41,0,15,414,125,0,15,206,86,84,53,122,56,1925,148,202,66,1723,159
2019-2023,Montana,Park County,0500000US30067,17484,0,8257,197,1025,193,353,112,672,157,7232,279,66607,4861,30,067,8938,346,602,185,619,170,7717,398,6024,456,447,150,980,258,25,24,74,63,0,17,270,98,26,26,166,69,0,17,1424,279,104,65,535,145,202,70,333,140,7722,224,823,178,6899,290
2019-2023,Montana,Petroleum County,0500000US30069,401,0,200,44,15,10,3,4,12,9,185,41,59318,11988,30,069,217,64,8,11,21,16,188,58,124,47,6,11,16,11,0,11,0,11,0,11,48,27,0,11,0,11,0,11,29,23,2,3,1,3,1,3,0,11,199,44,14,10,185,41
2019-2023,Montana,Phillips County,0500000US30071,4224,0,1769,108,113,52,50,33,63,41,1656,108,58156,11277,30,071,1844,148,112,58,141,73,1591,157,1137,160,27,25,251,84,45,50,2,6,0,11,130,66,38,30,9,12,0,11,315,85,2,3,134,80,23,23,111,78,1635,139,90,46,1545,141
2019-2023,Montana,Pondera County,0500000US30073,6012,0,2240,109,404,71,214,51,190,66,1836,104,53500,7805,30,073,2508,135,359,94,133,52,2016,136,1802,159,176,64,210,70,36,41,2,3,0,15,304,118,99,91,53,37,22,25,137,49,26,21,221,51,106,39,115,33,2019,106,298,67,1721,109
2019-2023,Montana,Powder River County,0500000US30075,1762,0,713,80,76,25,29,15,47,25,637,83,68009,13645,30,075,814,100,43,31,51,39,720,107,392,80,16,20,149,44,4,5,4,8,4,8,92,41,18,21,56,36,0,11,121,37,1,4,39,21,8,10,31,19,674,80,68,27,606,83
2019-2023,Montana,Powell County,0500000US30077,7029,0,2348,125,189,81,27,29,162,74,2159,159,63432,6840,30,077,2352,197,61,69,260,109,2031,240,1777,216,45,65,267,109,13,17,4,6,0,15,102,57,2,3,26,28,0,15,176,58,1,2,252,119,49,37,203,108,2096,155,140,78,1956,163
2019-2023,Montana,Prairie County,0500000US30079,1251,0,520,62,143,53,59,38,84,43,377,60,45192,7928,30,079,515,88,44,43,32,23,439,80,270,65,14,18,23,23,0,11,1,2,1,2,41,22,0,11,16,16,0,11,164,78,29,39,98,47,75,43,23,20,422,54,68,36,354,58
2019-2023,Montana,Ravalli County,0500000US30081,45807,0,18779,440,1767,272,569,185,1198,260,17012,465,71323,2500,30,081,19774,702,923,220,943,242,17908,720,14237,776,511,165,2082,411,171,111,23,28,6,8,501,166,88,82,463,179,69,80,2468,430,78,51,1528,272,491,170,1037,219,17251,505,1276,249,15975,521
2019-2023,Montana,Richland County,0500000US30083,11329,0,4500,200,460,124,176,96,284,104,4040,214,69578,6505,30,083,5634,261,150,66,225,105,5259,256,4389,282,100,61,439,132,8,13,2,3,0,17,511,179,42,29,3,5,0,17,290,129,0,17,181,82,26,19,155,80,4319,212,434,120,3885,231
2019-2023,Montana,Roosevelt County,0500000US30085,10665,0,2988,102,832,107,431,97,401,82,2156,128,53125,2907,30,085,3604,255,421,113,266,76,2917,252,2857,224,348,114,335,101,7,8,5,7,0,17,273,79,64,35,23,17,0,17,111,64,2,3,353,115,224,74,129,76,2635,147,608,95,2027,138
2019-2023,Montana,Rosebud County,0500000US30087,8236,0,3069,120,585,115,311,80,274,88,2484,118,56430,3806,30,087,3242,194,314,87,201,91,2727,193,2457,225,161,83,381,118,55,33,0,15,0,15,161,62,35,28,47,41,27,35,196,69,36,27,387,109,225,78,162,71,2682,130,360,89,2322,128
2019-2023,Montana,Sanders County,0500000US30089,12936,0,5453,203,746,146,351,108,395,100,4707,223,54035,5623,30,089,4271,300,313,103,427,124,3531,310,2894,276,218,93,410,118,8,8,4,5,0,17,217,78,50,45,127,84,0,17,619,144,37,33,572,118,224,74,348,118,4881,232,522,134,4359,239
2019-2023,Montana,Sheridan County,0500000US30091,3677,0,1470,122,139,49,59,30,80,36,1331,118,63654,10591,30,091,1689,133,127,46,97,50,1465,126,1201,133,68,32,205,55,12,10,12,25,8,16,149,56,14,20,55,43,16,22,67,27,9,8,44,22,21,18,23,13,1426,119,118,44,1308,117
2019-2023,Montana,Silver Bow County,0500000US30093,35589,0,15347,325,2634,401,716,200,1918,357,12713,455,57504,3994,30,093,15820,641,1440,406,928,294,13452,722,12257,699,878,332,1663,283,306,145,144,45,80,22,408,165,95,55,216,150,42,54,1132,240,39,56,2090,343,1107,290,983,233,13257,478,1527,353,11730,495
2019-2023,Montana,Stillwater County,0500000US30095,9052,0,3869,116,323,70,157,48,166,51,3546,127,81503,5650,30,095,4394,165,234,81,164,65,3996,202,2718,222,120,70,940,158,90,68,146,43,0,15,178,96,22,23,67,38,0,15,345,107,2,3,239,70,82,33,157,66,3630,120,241,62,3389,120
2019-2023,Montana,Sweet Grass County,0500000US30097,3713,0,1497,102,136,55,36,20,100,54,1361,102,69426,7648,30,097,1789,125,46,27,41,29,1702,139,1258,115,21,14,172,52,0,11,39,27,0,11,61,34,5,8,24,14,0,11,235,65,20,22,61,39,29,31,32,24,1436,106,107,44,1329,104
2019-2023,Montana,Teton County,0500000US30099,6291,0,2452,99,244,77,68,27,176,72,2208,104,67766,6715,30,099,2859,147,227,68,189,57,2443,153,1829,141,89,38,352,99,4,5,17,19,0,15,233,64,103,71,49,24,0,15,379,84,31,45,114,49,51,42,63,25,2338,97,193,65,2145,107
2019-2023,Montana,Toole County,0500000US30101,5028,0,1823,124,203,72,44,31,159,65,1620,125,53693,4191,30,101,2109,167,109,63,231,74,1769,180,1525,153,52,40,154,54,12,15,28,24,0,15,171,61,41,40,27,24,0,15,204,53,4,6,168,68,73,45,95,53,1655,133,130,58,1525,129
2019-2023,Montana,Treasure County,0500000US30103,761,0,382,66,44,24,16,16,28,18,338,66,73036,10923,30,103,437,85,10,10,22,25,405,81,320,79,9,10,7,6,0,11,0,11,0,11,6,6,0,11,14,14,0,11,90,41,1,2,16,17,15,16,1,4,366,63,29,19,337,64
2019-2023,Montana,Valley County,0500000US30105,7540,0,2958,138,339,70,131,38,208,60,2619,159,64515,7878,30,105,3430,168,177,71,176,62,3077,194,2235,200,47,32,353,113,79,74,33,31,2,5,156,67,24,28,38,22,6,6,615,122,19,17,270,77,110,46,160,64,2688,158,229,64,2459,159
2019-2023,Montana,Wheatland County,0500000US30107,2049,0,865,61,233,71,95,67,138,53,632,78,47054,11605,30,107,825,115,63,54,52,51,710,135,409,97,18,18,120,63,10,11,7,10,1,3,110,63,27,51,0,11,0,11,179,72,7,12,55,30,28,18,27,24,810,67,205,72,605,80
2019-2023,Montana,Wibaux County,0500000US30109,1148,0,468,60,61,34,41,31,20,18,407,60,64792,16661,30,109,491,89,59,37,4,6,428,80,396,86,46,36,4,6,0,11,0,11,0,11,13,13,0,11,0,11,0,11,78,40,13,15,17,16,13,15,4,6,451,60,48,31,403,59
2019-2023,Montana,Yellowstone County,0500000US30111,167340,0,69272,650,6919,748,3150,466,3769,472,62353,848,74400,2511,30,111,83345,1403,4830,626,4208,553,74307,1439,65047,1598,3498,503,8144,844,590,258,711,260,61,45,1532,362,207,118,1215,334,108,77,6696,719,366,185,6175,736,2655,444,3520,544,63097,871,4264,580,58833,986
2019-2023,Nebraska,Adams County,0500000US31001,31034,0,12900,257,1849,260,719,146,1130,229,11051,343,65680,2728,31,001,15069,402,1207,279,627,201,13235,536,12585,517,1003,256,1258,259,79,64,16,23,0,22,420,137,87,78,167,96,25,29,623,171,13,15,1247,253,593,163,654,187,11653,351,1256,205,10397,370
2019-2023,Nebraska,Antelope County,0500000US31003,6302,0,2687,106,294,63,115,38,179,50,2393,113,63750,2107,31,003,3148,123,154,48,145,51,2849,140,2434,138,85,31,246,50,30,24,0,15,0,15,127,46,24,20,44,23,0,15,297,80,15,19,141,43,79,29,62,31,2546,106,215,55,2331,109
2019-2023,Nebraska,Arthur County,0500000US31005,540,0,184,28,15,9,7,7,8,5,169,30,67500,16310,31,005,231,57,7,8,23,13,201,61,156,39,0,10,35,26,0,10,0,10,0,10,14,13,2,2,5,8,5,8,21,13,0,10,11,9,8,8,3,3,173,31,7,5,166,30
2019-2023,Nebraska,Banner County,0500000US31007,657,0,258,45,19,11,13,10,6,5,239,44,71250,17961,31,007,326,70,16,14,8,9,302,62,234,63,10,12,33,15,4,5,0,10,0,10,13,10,2,3,4,5,0,10,42,21,0,10,11,10,6,7,5,7,247,45,13,8,234,44
2019-2023,Nebraska,Blaine County,0500000US31009,385,0,192,33,28,14,8,6,20,14,164,32,61250,8455,31,009,205,38,7,8,3,3,195,38,113,27,2,3,9,8,0,10,0,10,0,10,43,18,5,8,5,5,0,10,35,17,0,10,0,10,0,10,0,10,192,33,28,14,164,32
2019-2023,Nebraska,Boone County,0500000US31011,5366,0,2202,90,238,58,85,27,153,53,1964,113,71367,4410,31,011,2700,121,107,48,167,58,2426,138,1993,147,38,20,296,78,19,17,13,10,0,15,116,63,47,41,79,38,0,15,203,54,3,4,92,35,53,29,39,22,2110,87,185,56,1925,113
2019-2023,Nebraska,Box Butte County,0500000US31013,10754,0,4537,226,693,207,197,91,496,190,3844,249,68778,6832,31,013,5319,371,305,127,251,130,4763,394,4166,395,263,116,679,200,42,38,5,12,0,16,74,39,0,16,10,9,0,16,385,162,0,16,289,129,135,80,154,85,4248,216,558,179,3690,239
2019-2023,Nebraska,Boyd County,0500000US31015,1704,0,784,70,81,28,28,16,53,22,703,73,58984,4510,31,015,820,78,44,34,56,23,720,76,574,61,35,22,66,27,9,14,9,13,0,10,95,46,0,10,6,6,0,10,70,33,0,10,48,20,22,14,26,16,736,72,59,22,677,72
2019-2023,Nebraska,Brown County,0500000US31017,2739,0,1208,103,185,65,72,38,113,50,1023,106,51538,7685,31,017,1340,118,103,57,65,44,1172,136,1052,121,37,33,120,45,30,28,0,10,0,10,56,38,18,23,9,13,0,10,103,45,18,25,71,43,32,27,39,30,1137,113,153,60,984,111
2019-2023,Nebraska,Buffalo County,0500000US31019,50323,0,19662,263,2343,382,732,201,1611,304,17319,442,74570,4165,31,019,26439,522,2009,348,1719,294,22711,679,22054,661,1637,327,2460,378,183,110,49,49,5,9,423,114,114,51,269,116,0,24,1184,304,70,55,1405,257,824,224,581,164,18257,341,1519,275,16738,450
2019-2023,Nebraska,Burt County,0500000US31021,6730,0,2867,118,376,68,163,48,213,53,2491,107,57303,5933,31,021,3045,137,222,46,177,50,2646,132,2269,149,167,43,295,73,16,10,2,3,0,15,91,37,12,9,35,24,4,10,353,98,23,18,236,53,146,40,90,36,2631,120,230,58,2401,112
2019-2023,Nebraska,Butler County,0500000US31023,8413,0,3538,106,419,109,89,37,330,102,3119,142,82603,8127,31,023,4383,173,233,99,50,43,4100,197,3429,187,148,66,358,104,25,22,12,17,0,15,192,87,55,61,24,18,0,15,368,97,5,7,181,67,143,68,38,19,3357,121,276,94,3081,142
2019-2023,Nebraska,Cass County,0500000US31025,26963,0,10561,216,625,136,201,77,424,110,9936,239,88255,4769,31,025,13970,322,443,119,559,170,12968,401,10987,383,374,109,1105,210,11,13,0,19,0,19,250,90,33,43,105,56,17,22,1523,236,8,8,402,105,172,73,230,87,10159,249,453,113,9706,255
2019-2023,Nebraska,Cedar County,0500000US31027,8344,0,3419,111,250,59,91,31,159,48,3169,127,73977,4971,31,027,4312,121,138,51,199,67,3975,141,3511,158,116,44,261,65,3,4,2,3,0,15,129,35,8,11,19,23,2,3,390,95,9,12,188,46,84,29,104,36,3231,121,166,47,3065,134
2019-2023,Nebraska,Chase County,0500000US31029,3639,0,1437,110,106,44,58,35,48,27,1331,118,62782,9607,31,029,1631,136,61,35,138,86,1432,153,1222,126,54,33,84,51,0,10,3,6,0,10,96,50,7,9,26,17,0,10,200,66,0,10,65,37,46,34,19,15,1372,117,60,32,1312,118
2019-2023,Nebraska,Cherry County,0500000US31031,5468,0,2229,161,205,77,40,22,165,76,2024,170,63750,8955,31,031,2825,136,68,37,376,133,2381,180,1912,151,37,30,283,108,9,12,2,3,0,15,191,59,7,8,152,73,13,13,285,91,2,4,139,78,60,51,79,60,2090,172,145,54,1945,177
2019-2023,Nebraska,Cheyenne County,0500000US31033,9478,0,4351,130,538,123,168,67,370,124,3813,183,57594,5349,31,033,4664,194,197,91,409,162,4058,241,3485,245,148,84,429,113,18,20,0,15,0,15,228,114,6,8,63,43,0,15,459,124,25,23,557,121,249,89,308,101,3794,177,289,88,3505,191
2019-2023,Nebraska,Clay County,0500000US31035,6084,0,2475,88,226,46,103,34,123,30,2249,89,75938,5967,31,035,3108,104,154,47,145,40,2809,114,2549,119,116,40,198,59,22,21,9,9,0,15,80,32,7,7,21,16,4,7,251,91,5,5,166,32,75,21,91,28,2309,88,151,41,2158,93
2019-2023,Nebraska,Colfax County,0500000US31037,10541,0,3639,109,273,133,101,90,172,91,3366,169,79720,4429,31,037,5277,315,122,98,249,142,4906,454,4165,427,52,38,621,273,51,75,5,8,0,16,267,112,19,32,73,39,0,16,146,46,0,16,283,124,122,80,161,101,3356,150,151,93,3205,179
2019-2023,Nebraska,Cuming County,0500000US31039,8976,0,3782,126,295,87,115,45,180,75,3487,145,70708,7173,31,039,4658,222,219,80,343,102,4096,244,3845,235,136,59,347,88,56,50,0,15,0,15,66,48,0,15,47,35,13,18,353,124,14,14,165,59,65,38,100,43,3617,133,230,75,3387,142
2019-2023,Nebraska,Custer County,0500000US31041,10544,0,4456,144,418,94,157,64,261,79,4038,146,66310,2539,31,041,5053,204,171,73,339,101,4543,194,3981,217,59,35,509,115,40,41,0,16,0,16,186,57,3,6,71,37,18,26,306,84,51,47,373,110,180,64,193,88,4083,156,238,75,3845,149
2019-2023,Nebraska,Dakota County,0500000US31043,21331,0,7299,196,704,176,445,134,259,103,6595,239,71655,8381,31,043,10405,332,597,202,447,175,9361,440,8017,405,319,132,1351,349,161,110,83,86,24,56,110,87,15,27,178,114,57,64,666,222,21,26,603,189,216,92,387,152,6696,259,488,155,6208,257
2019-2023,Nebraska,Dawes County,0500000US31045,8212,0,3381,234,484,170,124,90,360,146,2897,194,54381,2321,31,045,3762,234,619,173,195,97,2948,243,2640,226,373,115,522,180,121,97,1,4,0,15,193,103,31,40,78,65,0,15,328,112,94,86,257,132,102,89,155,108,3124,250,382,143,2742,225
2019-2023,Nebraska,Dawson County,0500000US31047,24020,0,8982,185,1204,236,562,184,642,162,7778,251,65383,3075,31,047,12108,362,809,228,496,172,10803,439,9449,427,522,163,1872,272,245,156,75,116,0,19,185,68,2,5,298,146,38,38,229,69,2,3,656,183,239,97,417,154,8326,252,965,242,7361,263
2019-2023,Nebraska,Deuel County,0500000US31049,1865,0,825,70,87,23,37,15,50,18,738,74,61438,9176,31,049,830,96,28,17,75,50,727,85,652,78,21,14,82,47,0,10,0,10,0,10,28,20,0,10,22,22,0,10,46,20,7,6,61,25,21,12,40,22,764,73,66,21,698,76
2019-2023,Nebraska,Dixon County,0500000US31051,5561,0,2237,97,181,55,68,31,113,48,2056,102,69156,7427,31,051,2771,108,111,43,205,71,2455,126,2096,131,92,37,271,85,8,8,0,15,0,15,135,65,0,15,29,25,0,15,240,69,11,12,133,46,46,22,87,40,2104,104,135,49,1969,112
2019-2023,Nebraska,Dodge County,0500000US31053,37146,0,14863,300,1454,255,666,162,788,184,13409,366,71294,6266,31,053,18170,426,969,239,1087,249,16114,556,15427,507,741,203,1529,333,124,87,0,22,0,22,195,100,25,38,364,125,56,53,655,144,23,30,1484,273,510,144,974,242,13379,393,944,197,12435,429
2019-2023,Nebraska,Douglas County,0500000US31055,585461,0,235080,960,27119,1203,10279,717,16840,1028,207961,1430,79081,1335,31,055,300243,2357,15772,994,14976,1055,269495,2321,220952,2549,10296,837,25156,1338,2147,376,2889,499,691,252,3957,461,409,152,4183,526,530,189,43106,1959,1699,449,21672,1014,10609,888,11063,756,213408,1352,16510,898,196898,1456
2019-2023,Nebraska,Dundy County,0500000US31057,1811,0,804,64,85,35,40,28,45,22,719,61,56563,8068,31,057,957,116,20,17,78,47,859,119,722,107,6,9,73,35,3,5,0,10,0,10,51,27,2,5,2,3,0,10,109,47,9,11,48,22,30,19,18,15,756,66,55,30,701,60
2019-2023,Nebraska,Fillmore County,0500000US31059,5551,0,2382,83,216,57,87,41,129,46,2166,85,76354,5445,31,059,3055,105,123,43,117,52,2815,127,2360,128,97,35,286,91,11,13,0,15,0,15,149,44,15,19,46,20,0,15,214,64,0,15,123,41,46,20,77,34,2259,88,170,55,2089,88
2019-2023,Nebraska,Franklin County,0500000US31061,2868,0,1290,59,174,39,81,30,93,24,1116,61,57692,4541,31,061,1280,80,106,36,74,29,1100,79,1066,77,89,36,97,33,12,10,0,10,0,10,34,17,5,5,29,24,0,10,54,25,0,10,93,25,42,17,51,20,1197,61,132,38,1065,58
2019-2023,Nebraska,Frontier County,0500000US31063,2562,0,1053,67,142,43,72,38,70,26,911,62,68207,4903,31,063,1129,73,80,41,42,22,1007,68,944,80,77,41,44,22,3,4,0,10,0,10,38,21,0,10,11,9,0,10,92,43,0,10,118,58,44,30,74,46,935,58,98,34,837,59
2019-2023,Nebraska,Furnas County,0500000US31065,4605,0,2006,85,298,53,102,40,196,47,1708,77,60625,2571,31,065,2078,100,87,32,119,53,1872,108,1604,113,62,26,190,64,9,8,0,10,0,10,119,33,7,6,32,21,3,4,133,52,6,9,107,34,71,27,36,18,1899,83,227,52,1672,75
2019-2023,Nebraska,Gage County,0500000US31067,21646,0,9162,197,1169,196,513,114,656,176,7993,217,64426,3108,31,067,10435,379,642,189,614,178,9179,380,8707,379,523,179,780,156,48,42,0,19,0,19,229,88,36,39,96,62,28,42,623,136,7,7,1097,185,701,182,396,119,8065,205,468,100,7597,221
2019-2023,Nebraska,Garden County,0500000US31069,1620,0,827,77,120,52,26,15,94,51,707,81,44777,7936,31,069,682,101,78,46,41,31,563,87,443,96,46,42,55,29,3,4,0,10,0,10,49,25,0,10,22,22,4,8,113,58,25,29,80,31,39,24,41,18,747,78,81,46,666,81
2019-2023,Nebraska,Garfield County,0500000US31071,1797,0,750,65,125,46,45,34,80,30,625,70,68611,5373,31,071,966,85,85,39,37,31,844,97,704,89,63,37,94,47,0,10,0,10,0,10,124,53,11,11,8,11,8,11,36,32,3,6,25,16,25,16,0,10,725,70,100,44,625,70
2019-2023,Nebraska,Gosper County,0500000US31073,1929,0,777,87,62,28,21,16,41,22,715,86,79145,8938,31,073,938,97,34,21,27,14,877,101,656,83,30,20,166,57,4,6,10,12,0,10,20,15,0,10,51,41,0,10,35,23,0,10,47,25,30,20,17,14,730,84,32,18,698,83
2019-2023,Nebraska,Grant County,0500000US31075,695,0,295,48,40,27,10,8,30,25,255,41,69063,14961,31,075,353,70,30,25,5,11,318,63,240,63,30,25,19,12,0,10,0,10,0,10,29,11,0,10,3,3,0,10,62,20,0,10,6,5,4,5,2,3,289,48,36,25,253,42
2019-2023,Nebraska,Greeley County,0500000US31077,2211,0,941,50,99,25,45,21,54,18,842,52,58894,5232,31,077,1008,57,42,25,57,25,909,53,768,70,26,15,74,27,0,10,0,10,0,10,94,39,6,8,10,9,0,10,62,26,10,9,47,21,18,13,29,16,894,51,81,23,813,51
2019-2023,Nebraska,Hall County,0500000US31079,62431,0,24406,260,3258,369,1463,284,1795,282,21148,423,67549,4042,31,079,30705,672,1725,303,1910,431,27070,770,25104,779,1419,269,3558,525,199,98,97,72,12,20,276,94,6,11,519,200,69,66,1151,273,20,18,2115,292,1000,225,1115,247,22291,404,2258,345,20033,480
2019-2023,Nebraska,Hamilton County,0500000US31081,9438,0,3499,160,230,77,107,51,123,61,3269,172,79884,5555,31,081,4621,210,142,57,169,65,4310,203,3681,250,118,56,371,132,8,9,0,15,0,15,167,68,16,24,32,24,0,15,370,89,0,15,200,85,41,40,159,78,3299,154,189,65,3110,156
2019-2023,Nebraska,Harlan County,0500000US31083,3006,0,1200,87,124,29,39,19,85,25,1076,83,70536,9241,31,083,1424,123,64,23,88,50,1272,127,1062,105,47,24,186,46,17,12,3,4,0,10,79,47,0,10,9,6,0,10,85,34,0,10,67,26,18,11,49,26,1133,89,106,28,1027,82
2019-2023,Nebraska,Hayes County,0500000US31085,854,0,357,40,58,30,21,15,37,27,299,38,60313,8077,31,085,389,56,34,29,28,14,327,61,265,51,33,29,22,14,0,10,2,3,0,10,22,13,1,2,13,12,0,10,65,26,0,10,17,13,12,11,5,7,340,41,46,29,294,38
2019-2023,Nebraska,Hitchcock County,0500000US31087,2601,0,1125,72,166,47,85,34,81,27,959,61,52016,1578,31,087,1117,79,75,34,78,35,964,82,889,69,47,25,84,28,16,16,0,10,0,10,42,19,5,6,12,10,0,10,90,39,7,8,75,24,40,19,35,15,1050,70,126,37,924,61
2019-2023,Nebraska,Holt County,0500000US31089,10093,0,4064,139,478,109,213,74,265,77,3586,156,67225,4857,31,089,5025,150,277,85,376,104,4372,209,4005,185,181,62,237,99,0,16,1,3,0,16,304,86,32,34,73,41,33,27,405,100,31,44,332,86,155,56,177,71,3732,149,323,86,3409,161
2019-2023,Nebraska,Hooker County,0500000US31091,613,0,314,47,28,21,0,10,28,21,286,45,45854,1849,31,091,299,56,19,15,33,30,247,52,198,45,11,12,14,13,0,10,8,21,0,10,30,20,0,10,1,3,0,10,48,35,8,9,0,10,0,10,0,10,314,47,28,21,286,45
2019-2023,Nebraska,Howard County,0500000US31093,6492,0,2494,103,224,81,39,28,185,71,2270,112,74508,6586,31,093,3203,139,95,55,132,59,2976,176,2611,166,53,37,216,71,4,5,1,2,0,15,74,38,15,18,51,50,16,22,250,74,7,11,199,67,75,54,124,49,2295,104,149,55,2146,104
2019-2023,Nebraska,Jefferson County,0500000US31095,7155,0,3114,119,419,134,151,80,268,96,2695,150,60568,5179,31,095,3229,205,149,85,84,46,2996,248,2470,224,45,37,461,120,97,84,0,15,0,15,60,27,6,9,59,30,0,15,179,94,1,2,354,123,182,85,172,92,2760,160,237,98,2523,156
2019-2023,Nebraska,Johnson County,0500000US31097,5263,0,1750,73,137,40,48,25,89,30,1613,78,59457,7646,31,097,2052,103,50,28,125,52,1877,131,1545,116,30,20,234,71,8,14,4,6,4,6,107,67,0,15,22,24,0,15,140,53,8,10,182,64,80,31,102,58,1568,85,57,25,1511,93
2019-2023,Nebraska,Kearney County,0500000US31099,6697,0,2730,88,244,82,113,56,131,64,2486,128,79167,8116,31,099,3588,150,161,75,165,76,3262,173,2937,127,159,75,270,91,0,15,11,12,2,3,61,42,0,15,32,25,0,15,277,107,0,15,75,43,28,31,47,32,2655,99,216,79,2439,130
2019-2023,Nebraska,Keith County,0500000US31101,8239,0,3946,169,515,135,133,55,382,110,3431,189,58132,4696,31,101,3878,228,254,103,96,51,3528,221,3070,252,200,99,249,98,1,2,12,18,0,15,94,40,0,15,25,20,0,15,428,110,53,46,290,80,202,79,88,46,3656,172,313,106,3343,186
2019-2023,Nebraska,Keya Paha County,0500000US31103,939,0,327,40,43,19,19,15,24,15,284,36,60313,14467,31,103,426,88,26,16,47,36,353,77,255,62,14,12,44,34,2,2,0,10,0,10,41,16,0,10,18,19,0,10,68,22,10,10,4,4,0,10,4,4,323,41,43,19,280,36
2019-2023,Nebraska,Kimball County,0500000US31105,3348,0,1531,109,202,58,58,33,144,52,1329,113,59438,6614,31,105,1594,145,102,50,164,74,1328,146,1300,157,102,50,138,69,0,10,0,10,0,10,48,32,0,10,28,31,0,10,80,39,0,10,171,71,60,38,111,60,1360,116,142,58,1218,120
2019-2023,Nebraska,Knox County,0500000US31107,8362,0,3235,118,412,65,157,40,255,57,2823,122,64821,3247,31,107,3885,134,279,75,248,62,3358,166,3013,130,159,61,290,72,39,21,9,10,2,4,172,48,20,13,33,24,0,15,368,82,59,47,264,53,101,29,163,47,2971,123,311,64,2660,126
2019-2023,Nebraska,Lancaster County,0500000US31109,323673,0,132162,682,16158,842,5146,601,11012,702,116004,892,72625,1552,31,109,168976,1520,13087,1068,10167,896,145722,1869,129833,2034,9346,890,14458,1224,1343,287,1392,310,228,127,3681,498,875,245,2577,369,381,195,17035,1060,914,333,11086,999,5082,593,6004,814,121076,1126,11076,758,110000,1062
2019-2023,Nebraska,Lincoln County,0500000US31111,34122,0,14585,405,1883,406,738,197,1145,323,12702,410,64342,3926,31,111,16158,511,905,275,1150,301,14103,561,13914,534,732,233,904,259,30,21,142,144,103,135,352,168,4,10,242,153,0,22,604,147,36,50,1874,314,711,252,1163,268,12711,450,1172,278,11539,460
2019-2023,Nebraska,Logan County,0500000US31113,812,0,311,38,29,16,15,12,14,10,282,38,71650,6905,31,113,413,70,16,13,5,6,392,69,281,58,7,6,54,26,0,10,0,10,0,10,24,21,3,7,2,3,0,10,52,25,6,9,11,7,2,3,9,6,300,39,27,17,273,39
2019-2023,Nebraska,Loup County,0500000US31115,564,0,249,39,40,25,5,4,35,25,209,38,60156,20451,31,115,303,58,33,25,24,15,246,56,233,48,17,13,16,15,0,10,0,10,0,10,39,24,16,21,0,10,0,10,15,9,0,10,19,15,3,3,16,15,230,36,37,25,193,36
2019-2023,Nebraska,McPherson County,0500000US31117,463,0,196,32,8,5,4,5,4,4,188,31,61316,7542,31,117,267,50,19,13,25,17,223,46,170,34,6,6,24,21,0,10,0,10,0,10,21,13,0,10,0,10,0,10,52,20,13,12,1,3,1,3,0,10,195,31,7,5,188,31
2019-2023,Nebraska,Madison County,0500000US31119,35535,0,14152,275,1869,265,600,167,1269,211,12283,335,64637,2901,31,119,17930,491,1094,226,827,178,16009,537,14414,516,808,178,1846,284,41,30,49,30,8,13,415,144,124,77,251,114,66,62,955,214,47,35,937,184,483,136,454,120,13215,314,1386,238,11829,338
2019-2023,Nebraska,Merrick County,0500000US31121,7696,0,3210,103,372,104,93,39,279,92,2838,128,62849,5004,31,121,3905,207,174,81,249,91,3482,229,3292,213,145,83,277,80,11,10,3,4,0,15,131,56,2,3,18,15,5,6,184,43,11,10,195,61,109,49,86,36,3015,108,263,89,2752,129
2019-2023,Nebraska,Morrill County,0500000US31123,4544,0,1890,85,289,70,88,35,201,66,1601,81,59773,4679,31,123,2101,133,127,55,213,96,1761,157,1666,133,86,44,178,66,11,13,0,10,0,10,70,35,11,11,20,24,0,10,167,51,19,13,181,56,107,39,74,38,1709,83,182,53,1527,84
2019-2023,Nebraska,Nance County,0500000US31125,3342,0,1346,67,168,52,63,34,105,36,1178,73,65438,6244,31,125,1618,97,131,64,93,48,1394,124,1199,105,70,38,143,62,11,18,0,10,0,10,61,29,31,25,47,29,18,18,168,62,1,5,77,34,58,33,19,14,1269,71,110,34,1159,75
2019-2023,Nebraska,Nemaha County,0500000US31127,7035,0,2812,153,386,139,111,62,275,110,2426,151,60132,8088,31,127,3041,196,199,89,273,116,2569,243,2595,198,121,60,211,88,45,43,0,15,0,15,99,58,25,27,9,11,0,15,127,68,8,13,281,102,123,61,158,84,2531,137,263,109,2268,133
2019-2023,Nebraska,Nuckolls County,0500000US31129,4089,0,1819,102,146,43,37,19,109,39,1673,96,70201,9539,31,129,2147,128,42,21,75,67,2030,127,1554,100,28,17,292,101,10,11,0,10,0,10,105,65,0,10,44,27,0,10,152,73,4,5,80,29,26,18,54,28,1739,109,120,42,1619,101
2019-2023,Nebraska,Otoe County,0500000US31131,16075,0,6423,183,590,155,349,122,241,91,5833,238,81430,4989,31,131,8049,290,420,133,211,89,7418,351,6462,314,205,88,843,210,191,107,2,3,0,16,228,89,10,12,40,35,7,6,474,107,7,10,326,111,174,89,152,71,6097,215,416,120,5681,241
2019-2023,Nebraska,Pawnee County,0500000US31133,2539,0,1077,69,192,58,56,29,136,48,885,62,54926,8187,31,133,1067,67,88,39,72,44,907,83,738,83,55,32,103,49,0,10,0,10,0,10,77,28,18,15,14,12,9,12,135,47,6,7,67,30,33,20,34,21,1010,66,159,54,851,61
2019-2023,Nebraska,Perkins County,0500000US31135,2835,0,1162,58,116,48,41,22,75,42,1046,64,67500,7710,31,135,1417,75,53,36,68,37,1296,84,1116,101,28,18,156,53,19,27,0,10,0,10,60,27,2,4,18,14,0,10,67,27,4,7,51,22,17,11,34,22,1111,59,99,46,1012,66
2019-2023,Nebraska,Phelps County,0500000US31137,8983,0,3819,115,607,143,269,98,338,127,3212,167,65988,6679,31,137,4452,186,344,78,149,62,3959,179,3699,249,214,79,324,136,69,46,0,15,0,15,147,68,60,44,41,43,0,15,241,91,1,2,414,121,249,88,165,71,3405,151,358,123,3047,176
2019-2023,Nebraska,Pierce County,0500000US31139,7312,0,2859,71,254,69,107,38,147,55,2605,90,75938,8053,31,139,3596,124,73,32,102,46,3421,136,2899,169,62,30,239,71,8,8,0,15,0,15,106,53,0,15,33,22,0,15,319,76,3,5,202,73,68,39,134,73,2657,95,186,61,2471,101
2019-2023,Nebraska,Platte County,0500000US31141,34358,0,13398,254,1310,269,597,161,713,228,12088,343,72335,4646,31,141,17716,484,821,237,894,231,16001,594,14489,544,480,137,1522,312,126,137,5,6,0,22,576,191,163,114,251,119,38,50,873,218,14,21,802,197,326,124,476,175,12596,304,984,252,11612,363
2019-2023,Nebraska,Polk County,0500000US31143,5209,0,2058,98,143,43,66,26,77,33,1915,93,71771,6142,31,143,2764,103,90,34,93,48,2581,131,2103,129,62,24,250,73,7,12,2,4,0,15,129,46,21,24,9,9,0,15,271,104,0,15,96,37,58,31,38,18,1962,100,85,32,1877,100
2019-2023,Nebraska,Red Willow County,0500000US31145,10611,0,4442,218,615,173,226,135,389,146,3827,257,60000,6267,31,145,5223,322,468,190,254,97,4501,367,4573,384,414,193,219,102,28,38,0,16,0,16,100,66,20,31,39,40,0,16,292,146,6,10,366,144,224,114,142,81,4076,234,391,130,3685,248
2019-2023,Nebraska,Richardson County,0500000US31147,7797,0,3563,123,483,129,156,67,327,110,3080,151,55578,8221,31,147,3602,147,101,43,242,101,3259,171,2861,187,79,38,321,97,3,6,0,15,0,15,178,64,16,17,24,19,0,15,218,83,3,5,226,81,126,61,100,51,3337,146,357,128,2980,161
2019-2023,Nebraska,Rock County,0500000US31149,1335,0,582,73,72,30,40,23,32,17,510,75,57500,11153,31,149,617,96,22,15,26,15,569,96,487,94,12,11,40,17,4,5,0,10,0,10,22,12,0,10,2,3,0,10,66,24,6,8,20,12,13,9,7,8,562,71,59,26,503,74
2019-2023,Nebraska,Saline County,0500000US31151,14642,0,5166,171,549,136,260,106,289,109,4617,201,77027,3223,31,151,7165,268,439,135,347,168,6379,339,5737,334,303,116,832,202,88,58,2,7,1,7,232,104,5,6,74,92,10,24,288,95,32,50,310,119,162,77,148,85,4856,204,387,128,4469,209
2019-2023,Nebraska,Sarpy County,0500000US31153,194051,0,72661,493,4260,507,1951,333,2309,355,68401,637,101402,1883,31,153,105114,1173,2909,424,3510,514,98695,1277,83285,1352,2203,360,7068,764,325,132,106,60,14,17,671,189,44,46,824,230,95,77,13160,765,228,111,3693,441,1247,259,2446,328,68968,705,3013,417,65955,772
2019-2023,Nebraska,Saunders County,0500000US31155,22761,0,8820,224,702,145,265,101,437,101,8118,261,89395,6165,31,155,11885,311,427,121,314,110,11144,369,9279,344,316,102,974,236,49,43,88,58,35,38,373,131,20,25,106,59,0,19,1065,157,7,10,392,142,174,92,218,102,8428,259,528,124,7900,278
2019-2023,Nebraska,Scotts Bluff County,0500000US31157,35937,0,15093,235,2300,288,945,194,1355,225,12793,361,60960,5263,31,157,16627,501,904,186,1161,282,14562,528,13409,672,809,171,1651,365,35,45,7,12,0,22,363,137,30,30,223,95,16,25,974,228,14,27,1809,264,1018,210,791,194,13284,332,1282,234,12002,363
2019-2023,Nebraska,Seward County,0500000US31159,17636,0,6645,144,510,111,211,66,299,89,6135,166,81122,2098,31,159,8845,259,516,153,338,126,7991,302,7169,295,397,137,789,187,64,53,0,16,0,16,193,66,30,49,135,67,0,16,559,119,25,22,266,81,143,58,123,52,6379,161,367,97,6012,176
2019-2023,Nebraska,Sheridan County,0500000US31161,5058,0,2122,104,243,64,106,51,137,42,1879,108,56900,3718,31,161,2404,110,202,78,120,38,2082,111,1597,137,136,57,417,94,27,19,20,16,0,15,107,47,29,30,28,22,10,15,235,83,0,15,198,64,90,49,108,55,1924,93,153,45,1771,99
2019-2023,Nebraska,Sherman County,0500000US31163,2974,0,1294,79,141,38,38,19,103,38,1153,80,61935,7045,31,163,1422,88,74,39,116,44,1232,102,1122,82,42,27,139,46,27,24,4,4,0,10,51,23,3,4,7,8,0,10,99,49,2,3,62,24,23,15,39,21,1232,76,118,36,1114,76
2019-2023,Nebraska,Sioux County,0500000US31165,1197,0,457,61,51,20,25,16,26,16,406,62,54076,6745,31,165,578,129,25,18,140,110,413,79,454,121,14,11,55,30,1,3,0,10,0,10,39,27,10,15,1,3,0,10,29,16,0,10,10,9,7,8,3,4,447,62,44,18,403,63
2019-2023,Nebraska,Stanton County,0500000US31167,5835,0,2289,65,218,65,108,48,110,50,2071,85,78275,6920,31,167,3047,126,86,46,73,39,2888,132,2507,142,80,44,194,54,0,15,0,15,0,15,35,29,0,15,14,14,0,15,297,91,6,11,90,38,38,26,52,25,2199,73,180,64,2019,82
2019-2023,Nebraska,Thayer County,0500000US31169,4938,0,2082,85,206,50,87,29,119,35,1876,99,63095,3537,31,169,2404,106,104,38,211,59,2089,111,1986,99,78,28,150,51,5,9,1,3,0,10,89,23,7,9,23,19,1,4,155,39,13,15,169,39,54,26,115,29,1913,91,152,39,1761,98
2019-2023,Nebraska,Thomas County,0500000US31171,626,0,318,42,25,17,4,4,21,15,293,44,72708,6334,31,171,358,66,10,10,18,17,330,67,237,48,2,3,20,12,5,7,0,10,0,10,57,33,0,10,2,3,0,10,42,17,3,5,8,6,0,10,8,6,310,44,25,17,285,47
2019-2023,Nebraska,Thurston County,0500000US31173,6666,0,1983,35,306,48,191,38,115,30,1677,56,64838,3033,31,173,2672,99,178,46,217,57,2277,119,2104,116,95,31,237,59,24,17,65,32,29,23,117,38,13,13,10,8,2,3,139,43,15,13,340,51,171,42,169,44,1643,55,135,28,1508,54
2019-2023,Nebraska,Valley County,0500000US31175,4094,0,1822,75,205,56,90,46,115,41,1617,73,58902,3509,31,175,2021,124,113,54,141,56,1767,129,1669,125,95,48,204,61,18,21,0,10,0,10,54,24,0,10,11,16,0,10,83,38,0,10,168,56,63,35,105,45,1654,81,142,46,1512,82
2019-2023,Nebraska,Washington County,0500000US31177,20989,0,8391,139,671,152,343,100,328,117,7720,201,90188,6843,31,177,10844,369,283,87,430,201,10131,432,8848,414,241,77,512,180,15,26,17,25,0,19,132,56,24,26,157,68,0,19,1178,196,3,6,314,106,240,86,74,44,8077,170,431,132,7646,209
2019-2023,Nebraska,Wayne County,0500000US31179,9786,0,3762,119,630,194,144,96,486,176,3132,208,67687,2462,31,179,4501,189,469,155,312,135,3720,226,3381,246,393,160,273,93,32,38,1,2,0,15,325,163,17,29,3,6,0,15,518,172,27,42,186,98,143,93,43,45,3576,128,487,178,3089,209
2019-2023,Nebraska,Webster County,0500000US31181,3385,0,1503,96,192,50,87,25,105,45,1311,95,65197,5093,31,181,1752,73,111,43,108,38,1533,85,1444,79,102,41,126,44,1,3,1,3,0,10,78,33,0,10,36,26,8,11,67,23,0,10,142,41,78,30,64,27,1361,91,114,43,1247,88
2019-2023,Nebraska,Wheeler County,0500000US31183,785,0,359,43,23,11,12,6,11,9,336,44,55893,7418,31,183,396,61,11,8,46,26,339,58,276,54,7,7,27,13,0,10,4,5,0,10,39,21,1,2,6,6,3,3,44,17,0,10,11,10,1,2,10,10,348,44,22,11,326,45
2019-2023,Nebraska,York County,0500000US31185,14231,0,5589,189,532,122,170,60,362,111,5057,204,74058,5766,31,185,6932,260,299,100,342,120,6291,330,5609,311,248,91,633,179,44,34,0,16,0,16,287,104,7,6,5,6,0,16,398,105,0,16,375,108,185,68,190,82,5214,191,347,101,4867,200
2019-2023,Nevada,Churchill County,0500000US32001,25614,0,9728,277,860,218,221,91,639,206,8868,323,73268,5865,32,001,11273,585,570,183,571,197,10132,588,8836,743,405,138,950,229,99,73,276,201,2,4,422,220,13,8,204,129,40,53,585,246,11,19,1000,243,349,153,651,206,8728,332,511,145,8217,356
2019-2023,Nevada,Clark County,0500000US32003,2293764,0,847378,2361,109516,2904,53680,1927,55836,2027,737862,3335,73845,670,32,003,1055880,5573,57974,2675,66045,2570,931861,5712,767296,5490,39139,2307,109270,3125,7158,853,24808,1505,3491,450,11845,968,1315,300,29719,1572,2321,393,112942,3007,4550,532,111140,2661,38487,1700,72653,2373,736238,3122,71029,2477,665209,3582
2019-2023,Nevada,Douglas County,0500000US32005,49624,0,21096,306,1644,285,831,202,813,190,19452,381,88018,6050,32,005,21270,717,946,291,905,303,19419,722,15840,781,682,245,1767,409,64,35,32,51,0,30,331,121,66,80,794,272,44,64,2506,400,90,59,1128,261,295,117,833,227,19968,398,1349,248,18619,486
2019-2023,Nevada,Elko County,0500000US32007,53852,0,19546,371,2054,339,948,222,1106,259,17492,442,83427,5900,32,007,26312,701,1481,410,1804,473,23027,842,16890,942,1061,365,3818,578,80,63,2784,456,217,111,965,308,64,59,333,156,50,54,1522,431,9,21,1623,356,642,180,981,346,17923,484,1412,267,16511,503
2019-2023,Nevada,Esmeralda County,0500000US32009,962,0,493,139,166,133,6,11,160,135,327,91,-666666666,-222222222,32,009,377,150,8,6,40,15,329,152,269,123,4,6,16,21,0,14,0,14,0,14,36,40,0,14,4,5,4,5,52,44,0,14,179,134,150,133,29,22,314,88,16,15,298,84
2019-2023,Nevada,Eureka County,0500000US32011,1660,0,630,115,92,55,59,47,33,30,538,128,73095,34742,32,011,564,133,67,81,87,71,410,160,345,120,41,44,117,83,26,39,38,35,0,14,16,24,0,14,6,9,0,14,42,47,0,14,19,18,19,18,0,14,611,117,73,54,538,128
2019-2023,Nevada,Humboldt County,0500000US32013,17299,0,6997,168,880,210,392,143,488,159,6117,230,79946,6961,32,013,7817,383,322,167,499,189,6996,478,4984,524,142,112,1229,346,78,79,771,226,40,37,109,105,59,87,181,131,0,22,543,239,3,5,710,202,416,173,294,110,6287,225,464,158,5823,241
2019-2023,Nevada,Lander County,0500000US32015,5745,0,2296,225,242,103,139,102,103,60,2054,240,84474,23655,32,015,2436,307,54,41,263,110,2119,328,1637,261,44,40,270,139,9,16,380,162,0,20,113,77,0,20,29,30,0,20,7,11,1,2,268,118,149,104,119,69,2028,268,93,57,1935,256
2019-2023,Nevada,Lincoln County,0500000US32017,4452,0,1626,197,113,70,41,45,72,51,1513,199,69496,13741,32,017,1762,294,2,4,175,201,1585,298,1020,226,2,4,329,161,0,14,0,14,0,14,94,63,0,14,98,86,0,14,221,154,0,14,130,90,59,46,71,79,1496,204,54,55,1442,213
2019-2023,Nevada,Lyon County,0500000US32019,60630,0,23423,307,2759,428,1137,283,1622,317,20664,482,73460,4844,32,019,26642,822,1086,262,1311,326,24245,886,20205,814,756,229,3486,500,106,75,303,175,0,33,364,193,112,87,316,136,59,59,1968,384,53,45,2534,369,982,248,1552,317,20889,427,1777,338,19112,526
2019-2023,Nevada,Mineral County,0500000US32021,4557,0,1732,210,322,128,165,101,157,103,1410,176,50584,4620,32,021,1558,264,146,77,185,132,1227,268,1224,255,125,76,164,95,7,12,7,12,0,14,96,108,0,14,9,13,0,14,58,47,14,16,301,120,182,99,119,67,1431,182,140,70,1291,173
2019-2023,Nevada,Nye County,0500000US32023,53207,0,21943,497,3263,539,1438,328,1825,405,18680,714,55975,5179,32,023,16612,771,1168,389,1270,393,14174,815,12159,749,772,277,1691,480,278,204,169,114,0,33,321,148,63,62,632,378,8,13,1640,365,47,59,3331,416,1224,315,2107,335,18612,555,2039,417,16573,674
2019-2023,Nevada,Pershing County,0500000US32027,6505,0,1847,153,181,72,64,40,117,57,1666,161,72007,14361,32,027,2029,228,35,24,148,98,1846,248,1533,274,21,21,192,93,3,6,87,100,0,20,65,58,4,7,12,15,0,20,140,79,7,12,118,50,65,42,53,39,1729,163,116,56,1613,166
2019-2023,Nevada,Storey County,0500000US32029,4139,0,1874,182,158,114,20,18,138,112,1716,177,96000,20452,32,029,1618,219,25,36,22,24,1571,219,1185,190,24,36,191,154,0,14,3,8,0,14,1,3,1,3,28,33,0,14,210,97,0,14,71,57,11,14,60,56,1803,199,147,114,1656,192
2019-2023,Nevada,Washoe County,0500000US32031,491770,0,195725,1063,20497,1035,7931,688,12566,830,175228,1518,85600,1617,32,031,244525,2352,12375,946,11841,1081,220309,2593,170560,2635,7405,682,30428,1728,1849,463,4604,635,360,159,5069,656,1082,321,6449,735,631,273,27415,1365,1048,231,20899,1299,7231,726,13668,1082,174826,1731,13266,925,161560,1867
2019-2023,Nevada,White Pine County,0500000US32033,8856,0,3407,191,321,115,88,46,233,111,3086,198,72294,3245,32,033,3490,237,142,70,268,190,3080,291,2628,305,84,53,336,159,28,41,45,42,0,20,142,119,6,10,23,29,0,20,316,151,24,35,347,151,150,101,197,120,3060,212,171,80,2889,214
2019-2023,Nevada,Carson City,0500000US32510,58364,0,23652,362,3026,366,1210,279,1816,286,20626,503,71809,2636,32,510,26634,549,1419,326,1826,448,23389,756,19422,825,954,275,3618,515,353,155,402,171,12,20,478,155,62,47,448,152,33,41,2266,351,5,8,2385,401,877,241,1508,310,21267,506,2149,297,19118,560
2019-2023,New Hampshire,Belknap County,0500000US33001,64300,0,26118,696,2466,380,1213,290,1253,298,23652,706,87983,5056,33,001,32378,802,889,235,844,233,30645,818,25232,849,644,194,2542,423,69,70,89,87,36,62,455,173,0,29,337,189,56,79,3723,438,84,80,1605,336,600,201,1005,278,24513,786,1866,372,22647,778
2019-2023,New Hampshire,Carroll County,0500000US33003,51259,0,22096,648,2017,375,587,180,1430,327,20079,679,82961,4158,33,003,24270,705,751,224,926,274,22593,784,18143,823,394,132,1628,410,108,71,102,92,0,29,504,147,78,86,258,109,36,41,3635,640,135,101,975,233,401,171,574,160,21121,648,1616,337,19505,666
2019-2023,New Hampshire,Cheshire County,0500000US33005,76945,0,30519,463,2913,362,1012,225,1901,305,27606,494,81001,3886,33,005,37406,753,1390,305,1244,284,34772,779,29464,832,1069,260,2816,499,114,84,48,40,1,3,711,174,17,13,415,177,62,82,3952,411,127,87,1862,320,899,218,963,239,28657,474,2014,312,26643,510
2019-2023,New Hampshire,Coos County,0500000US33007,31386,0,13818,331,1839,236,720,193,1119,184,11979,332,58439,3111,33,007,13911,402,558,138,856,214,12497,418,10676,448,375,107,1370,232,59,40,20,23,2,8,369,106,56,43,338,118,40,52,1138,178,26,23,1810,296,820,158,990,247,12008,381,1019,178,10989,355
2019-2023,New Hampshire,Grafton County,0500000US33009,91759,0,36107,741,4078,529,1292,285,2786,454,32029,769,84021,2594,33,009,44110,850,1724,353,1540,276,40846,947,30535,1004,1135,307,4173,704,215,150,262,121,49,54,1825,340,128,78,844,196,82,64,6471,563,115,73,2489,426,1263,302,1226,270,33618,809,2815,458,30803,810
2019-2023,New Hampshire,Hillsborough County,0500000US33011,424732,0,167732,860,11439,925,4386,621,7053,661,156293,1116,100436,1773,33,011,233344,1870,6535,830,6859,843,219950,2123,170652,2373,4266,653,17189,1452,1155,320,1396,262,218,111,3526,667,250,94,2979,601,165,134,37602,1530,481,160,10362,824,4537,563,5825,630,157370,1110,6902,734,150468,1195
2019-2023,New Hampshire,Merrimack County,0500000US33013,155018,0,60445,478,4271,424,1492,284,2779,358,56174,571,93944,2418,33,013,78711,1277,2042,386,2253,513,74416,1346,59289,1322,1395,322,6119,635,269,102,214,100,10,27,1900,404,107,74,944,211,21,25,10245,779,240,110,4319,458,1710,298,2609,406,56126,621,2561,330,53565,638
2019-2023,New Hampshire,Rockingham County,0500000US33015,317163,0,126588,777,6689,714,2642,522,4047,498,119899,1036,113927,2867,33,015,171891,1918,2716,449,2818,468,166357,1967,127026,2241,1928,369,9528,975,272,142,1023,206,7,10,2643,420,170,132,2032,400,104,78,29639,1496,235,130,4385,495,1777,344,2608,388,122203,975,4912,558,117291,1171
2019-2023,New Hampshire,Strafford County,0500000US33017,131743,0,51684,445,5203,559,1623,348,3580,472,46481,732,86564,4627,33,017,68212,1170,2652,525,1903,396,63657,1320,50403,1188,1742,416,4151,569,534,225,889,401,32,34,1093,266,54,52,959,318,86,112,10717,859,204,159,3782,586,1582,411,2200,452,47902,793,3621,468,44281,908
2019-2023,New Hampshire,Sullivan County,0500000US33019,43529,0,16079,404,1856,348,700,205,1156,287,14223,452,75929,4919,33,019,20396,697,750,220,649,213,18997,757,15833,584,444,174,1775,379,53,72,12,21,12,21,461,165,112,96,345,133,89,55,1970,323,40,32,1237,252,667,186,570,170,14842,427,1189,261,13653,481
2019-2023,New Jersey,Atlantic County,0500000US34001,274704,0,108712,934,13819,971,6990,675,6829,780,94893,1211,76819,2168,34,001,126441,1938,7549,928,5874,839,113018,2225,92912,2133,4040,689,11248,1138,715,256,4984,620,1191,317,3998,574,820,426,2585,608,355,175,10714,999,428,174,13074,913,5657,663,7417,603,95638,1297,8162,809,87476,1308
2019-2023,New Jersey,Bergen County,0500000US34003,954717,0,353307,1254,26408,1264,12704,895,13704,912,326899,1587,123715,2159,34,003,484071,3412,13825,957,11980,1091,458266,3698,293609,4090,7281,798,34782,1673,1573,428,54398,2265,1712,397,11950,1256,887,292,10155,978,958,310,79177,2586,1414,383,17978,1215,7070,856,10908,894,335329,1517,19338,1033,315991,1697
2019-2023,New Jersey,Burlington County,0500000US34005,464226,0,176046,999,11930,1008,5857,779,6073,536,164116,1407,105271,1532,34,005,235039,2197,6390,936,5794,830,222855,2455,175539,2686,4116,568,14741,1133,959,365,5388,701,128,161,1878,340,42,35,2596,486,103,75,34897,1840,1042,363,8685,780,2946,513,5739,708,167361,1197,8984,935,158377,1448
2019-2023,New Jersey,Camden County,0500000US34007,524042,0,200569,957,25350,1216,11938,895,13412,1142,175219,1482,86384,1914,34,007,252295,2293,11932,1041,10174,1001,230189,2637,173965,2434,7292,929,22973,1392,1864,431,12280,1094,676,245,4030,506,573,248,4596,610,584,256,34451,1343,943,273,25894,1413,11534,883,14360,999,174675,1554,13816,1074,160859,1692
2019-2023,New Jersey,Cape May County,0500000US34009,95236,0,44369,752,3959,574,1766,355,2193,389,40410,804,88046,3719,34,009,42470,911,1693,525,1514,321,39263,990,31326,927,996,417,3494,593,312,226,303,164,108,134,1640,287,114,78,1491,391,31,27,4216,437,132,99,3419,433,1622,344,1797,334,40950,826,2337,493,38613,834
2019-2023,New Jersey,Cumberland County,0500000US34011,152915,0,53341,486,8711,748,4602,629,4109,616,44630,851,64499,1963,34,011,61511,1149,3895,607,4525,746,53091,1356,48006,1330,2858,510,7864,868,535,253,657,258,108,92,809,253,13,19,1138,319,184,129,3037,501,197,208,8622,763,3733,563,4889,595,44719,851,4978,613,39741,952
2019-2023,New Jersey,Essex County,0500000US34013,854130,0,317473,1127,51387,1965,23839,1399,27548,1433,266086,2246,76712,1583,34,013,395932,3492,22961,1622,21928,1844,351043,4224,213377,3864,9677,1176,31526,1848,2048,470,64235,2529,5076,710,11835,1021,1665,363,18649,1536,2226,544,56310,2184,2269,558,45883,1865,21610,1428,24273,1182,271590,2289,29777,1712,241813,2357
2019-2023,New Jersey,Gloucester County,0500000US34015,304504,0,111796,621,9046,667,3491,481,5555,574,102750,883,102807,2467,34,015,151795,1475,4588,744,4219,545,142988,1695,116167,2017,3129,593,9875,882,433,213,2575,542,157,155,1743,319,246,147,2037,626,281,278,19398,1126,342,177,7373,788,2574,381,4799,653,104423,947,6472,645,97951,1082
2019-2023,New Jersey,Hudson County,0500000US34017,710478,0,295552,1294,42649,1668,18800,1298,23849,1221,252903,2087,90032,1688,34,017,376959,2609,21400,1397,18631,1455,336928,3149,128049,2787,6876,793,23119,1565,1654,484,121461,3017,7392,785,25352,1674,2945,516,10034,908,726,200,68944,2383,1807,436,40836,1740,18805,1268,22031,1263,254716,1895,23844,1266,230872,2272
2019-2023,New Jersey,Hunterdon County,0500000US34019,129448,0,50322,324,2139,333,838,241,1301,254,48183,429,139453,3573,34,019,66311,1149,815,176,1302,285,64194,1212,47300,1261,563,156,3195,415,125,92,1149,231,20,17,1110,300,5,8,508,141,9,12,13049,829,93,51,1447,274,590,198,857,194,48875,413,1549,262,47326,460
2019-2023,New Jersey,Mercer County,0500000US34021,383286,0,141464,876,17271,1207,6986,745,10285,1018,124193,1500,96333,2433,34,021,176841,2079,7176,817,6549,1032,163116,2271,110703,2350,3642,544,16500,1428,1229,416,9148,857,402,187,4369,598,579,288,4805,923,400,201,31316,1605,924,316,12903,852,6581,746,6322,701,128561,1273,10690,977,117871,1499
2019-2023,New Jersey,Middlesex County,0500000US34023,861535,0,305610,933,26595,1100,13654,968,12941,817,279015,1521,109028,1808,34,023,418193,3229,15214,1291,12548,1144,390431,3534,266905,3480,8732,918,34729,1801,1691,375,26728,1617,859,293,7973,646,854,252,14050,1361,1391,416,67808,2204,1687,429,23462,1375,8768,798,14694,1056,282148,1786,17827,1068,264321,1860
2019-2023,New Jersey,Monmouth County,0500000US34025,643615,0,250195,963,18497,1155,7114,714,11383,894,231698,1461,122727,2148,34,025,324599,2287,8780,986,8123,914,307696,2826,216944,2747,5416,707,23510,1372,1285,463,17978,1043,380,165,4539,572,475,182,6992,718,453,164,54636,1940,771,241,12466,974,4926,601,7540,810,237729,1295,13571,1036,224158,1575
2019-2023,New Jersey,Morris County,0500000US34027,510375,0,191840,754,11140,852,4526,609,6614,700,180700,1103,134929,2240,34,027,264027,2500,6345,854,5319,784,252363,2530,180374,2432,4445,714,15219,1201,550,224,9243,773,80,70,3930,541,224,127,3586,685,450,234,51675,1787,596,208,6967,707,2222,383,4745,596,184873,1049,8918,820,175955,1323
2019-2023,New Jersey,Ocean County,0500000US34029,646434,0,241521,1413,21754,1375,10410,1017,11344,940,219767,1931,86411,1630,34,029,271551,3096,10938,958,9827,934,250786,3404,207845,3537,6903,669,21622,1516,1611,489,3121,477,255,219,3405,605,434,264,4192,683,201,131,31366,1472,1534,421,15492,1313,6192,811,9300,851,226029,1712,15562,1218,210467,1880
2019-2023,New Jersey,Passaic County,0500000US34031,518289,0,177964,777,25216,1358,14202,1101,11014,864,152748,1517,87137,1969,34,031,243446,2795,11864,1138,15379,1337,216203,3309,162495,2402,6389,799,26195,1512,1769,342,17066,1038,1370,296,9135,939,1343,296,3526,529,158,95,25029,1402,835,260,32314,1343,13579,902,18735,1217,145650,1492,11637,1013,134013,1618
2019-2023,New Jersey,Salem County,0500000US34033,64973,0,24881,323,3020,343,1363,236,1657,259,21861,418,78412,3254,34,033,28666,720,1412,299,1403,297,25851,799,22865,802,912,243,2037,296,288,154,173,71,67,52,467,128,33,30,398,156,64,70,2726,405,48,45,2904,368,1439,269,1465,303,21977,470,1581,273,20396,491
2019-2023,New Jersey,Somerset County,0500000US34035,346203,0,129459,472,7143,713,3174,475,3969,649,122316,858,135960,2875,34,035,182959,1998,4372,686,3488,629,175099,2176,120127,2041,2550,507,11597,1028,410,191,6716,826,250,162,2338,553,58,52,4726,794,728,298,37455,1494,376,179,4481,625,1299,308,3182,501,124978,835,5844,649,119134,1063
2019-2023,New Jersey,Sussex County,0500000US34037,145117,0,57328,501,3096,361,1433,284,1663,273,54232,588,114316,2893,34,037,76225,942,1629,318,1874,367,72722,1036,58979,1200,1293,293,4691,499,170,82,829,261,5,7,626,209,0,32,641,217,21,18,10459,804,140,63,1724,265,576,173,1148,237,55604,535,2520,315,53084,606
2019-2023,New Jersey,Union County,0500000US34039,572549,0,201663,869,17455,977,9001,701,8454,683,184208,1314,100117,2051,34,039,285449,2188,11578,1158,14283,1201,259588,2381,178288,2802,6315,761,23791,1690,1443,394,27449,1524,1127,312,6629,757,625,268,12581,971,1476,426,36711,1904,592,196,16394,1028,5639,675,10755,1009,185269,1387,11816,778,173453,1476
2019-2023,New Jersey,Warren County,0500000US34041,110238,0,44943,382,3601,390,1646,276,1955,338,41342,501,99596,2673,34,041,56299,939,2304,450,1664,360,52331,1144,43423,1080,1441,336,3708,461,271,133,756,176,6,10,1135,291,84,50,800,276,111,84,6477,706,391,268,3562,495,1318,239,2244,390,41381,604,2283,360,39098,682
2019-2023,New Mexico,Bernalillo County,0500000US35001,674357,0,283609,1074,44385,1814,19053,1334,25332,1847,239224,2211,66514,1415,35,001,321068,2703,25758,1741,22454,1855,272856,3105,235958,3331,17290,1454,29100,1957,2944,529,3520,534,1040,286,5049,788,1272,330,6172,618,992,276,41269,2168,2220,607,47848,1833,21008,1280,26840,1350,235761,1958,23377,1497,212384,2203
2019-2023,New Mexico,Catron County,0500000US35003,3685,0,1645,180,315,142,118,75,197,126,1330,188,46439,15063,35,003,1079,260,153,84,64,66,862,199,562,148,89,68,190,163,0,13,0,13,0,13,91,82,64,62,8,12,0,13,228,130,0,13,267,132,111,95,156,85,1378,175,204,104,1174,185
2019-2023,New Mexico,Chaves County,0500000US35005,64446,0,23605,499,5243,676,2852,468,2391,491,18362,850,52029,2646,35,005,25961,983,2663,501,2572,485,20726,1102,21434,949,2200,438,2336,424,317,168,23,19,6,10,488,183,91,70,392,168,4,14,1288,308,45,44,5581,617,3045,456,2536,449,18024,699,2198,432,15826,808
2019-2023,New Mexico,Cibola County,0500000US35006,27059,0,8353,310,2114,345,1433,324,681,184,6239,441,51765,8558,35,006,8322,557,925,277,405,187,6992,701,6273,548,546,226,792,235,245,146,55,61,0,25,214,130,41,26,196,129,45,68,792,255,48,56,2015,344,1241,278,774,232,6338,431,873,252,5465,448
2019-2023,New Mexico,Colfax County,0500000US35007,12336,0,5413,324,816,182,404,126,412,141,4597,268,52690,4518,35,007,4719,422,429,178,527,152,3763,378,3298,380,294,112,562,168,8,15,4,6,0,21,92,64,11,13,120,111,95,109,643,162,21,21,1310,214,541,152,769,159,4103,292,275,103,3828,271
2019-2023,New Mexico,Curry County,0500000US35009,47932,0,18471,401,3661,491,1971,389,1690,299,14810,542,56259,3964,35,009,20693,636,2278,351,1765,390,16650,805,17119,715,1585,334,2384,558,358,148,34,41,31,41,264,126,13,15,227,117,80,52,665,187,211,131,4055,411,2029,371,2026,343,14416,531,1632,331,12784,506
2019-2023,New Mexico,De Baca County,0500000US35011,1580,0,727,114,149,64,30,23,119,64,578,128,40804,29387,35,011,652,169,66,40,6,9,580,176,552,167,49,37,28,31,0,13,0,13,0,13,31,25,6,10,25,25,0,13,16,16,11,13,172,75,106,63,66,46,555,148,43,28,512,141
2019-2023,New Mexico,Doña Ana County,0500000US35013,221665,0,83530,937,18343,1097,9714,846,8629,818,65187,1313,55663,2067,35,013,91661,1624,11944,1156,9599,1177,70118,1900,69855,1917,8869,1049,10039,1147,1367,384,267,130,47,53,939,284,249,158,2248,444,507,242,8313,957,905,321,19808,1155,9866,881,9942,896,63722,1245,8477,910,55245,1397
2019-2023,New Mexico,Eddy County,0500000US35015,61114,0,23245,603,3310,563,1378,385,1932,427,19935,757,79605,4603,35,015,27292,1195,1543,470,1745,394,24004,1346,22417,1206,1304,450,2472,631,165,118,74,50,34,44,340,205,1,3,287,155,30,39,1702,423,9,14,2986,481,1338,393,1648,421,20259,699,1972,416,18287,762
2019-2023,New Mexico,Grant County,0500000US35017,27856,0,11069,425,2176,368,606,159,1570,346,8893,457,45921,3171,35,017,9509,621,1002,316,910,287,7597,637,7064,667,704,259,1033,343,147,129,10,16,10,16,171,97,11,20,27,34,0,25,1204,335,130,109,2258,284,1177,262,1081,238,8811,475,999,315,7812,447
2019-2023,New Mexico,Guadalupe County,0500000US35019,4379,0,1451,177,373,123,199,101,174,88,1078,171,40149,5041,35,019,1610,230,174,123,183,112,1253,248,1344,233,88,74,94,68,42,50,0,13,0,13,60,39,15,26,29,46,29,46,83,40,0,13,474,128,218,99,256,90,977,174,155,88,822,169
2019-2023,New Mexico,Harding County,0500000US35021,748,0,282,63,50,27,17,11,33,25,232,54,41250,7113,35,021,266,80,4,5,36,33,226,69,206,70,4,5,16,11,0,13,0,13,0,13,30,21,0,13,1,2,0,13,13,13,0,13,14,13,3,5,11,11,268,63,47,26,221,53
2019-2023,New Mexico,Hidalgo County,0500000US35023,4097,0,1501,121,284,85,182,72,102,53,1217,120,49076,11100,35,023,1607,175,156,70,133,80,1318,187,1349,165,155,69,117,71,1,3,0,13,0,13,43,34,0,13,20,18,0,13,78,37,0,13,296,91,186,75,110,46,1205,131,98,45,1107,129
2019-2023,New Mexico,Lea County,0500000US35025,73154,0,24568,440,4372,479,2585,423,1787,352,20196,550,68750,4810,35,025,29920,998,2477,423,2446,477,24997,1097,23207,1032,1785,383,5110,736,572,238,54,80,0,31,258,138,20,29,242,131,48,57,1049,279,52,54,4362,550,2050,378,2312,390,20206,651,2322,397,17884,621
2019-2023,New Mexico,Lincoln County,0500000US35027,20227,0,9376,491,1558,422,527,203,1031,367,7818,464,51643,4281,35,027,8469,700,679,235,685,210,7105,759,6167,685,298,143,932,234,68,52,12,15,0,25,92,68,0,25,183,105,143,105,1083,299,170,163,1133,229,676,187,457,199,8243,479,882,333,7361,438
2019-2023,New Mexico,Los Alamos County,0500000US35028,19374,0,8211,188,333,157,157,115,176,100,7878,221,143188,8714,35,028,10295,421,77,78,315,160,9903,458,7556,453,62,73,666,226,0,21,171,100,0,21,209,104,0,21,230,120,1,5,1463,254,14,21,283,129,129,98,154,85,7928,210,204,108,7724,238
2019-2023,New Mexico,Luna County,0500000US35029,25420,0,9082,330,2132,412,1146,296,986,229,6950,469,37917,5287,35,029,8493,586,1167,346,1381,362,5945,658,6554,529,981,332,1262,325,79,73,33,36,22,36,133,104,8,17,43,27,2,4,468,170,75,63,2401,340,1374,331,1027,235,6681,412,758,222,5923,417
2019-2023,New Mexico,McKinley County,0500000US35031,71172,0,21088,281,7160,531,4580,427,2580,345,13928,528,44496,2765,35,031,23324,781,3400,536,2999,389,16925,824,18672,721,2479,489,1503,296,150,54,265,163,90,89,481,207,96,52,164,100,17,22,2239,293,568,144,7958,472,4560,449,3398,384,13130,432,2600,303,10530,495
2019-2023,New Mexico,Mora County,0500000US35033,4176,0,1991,208,488,187,99,88,389,177,1503,233,50178,10636,35,033,1570,244,21,20,88,69,1461,252,791,263,5,7,285,162,0,13,0,13,0,13,82,101,6,7,160,104,0,13,252,116,10,18,422,159,263,135,159,73,1569,227,225,113,1344,244
2019-2023,New Mexico,Otero County,0500000US35035,68235,0,24285,626,4163,505,2351,386,1812,325,20122,605,52717,2406,35,035,26613,956,2427,434,2646,490,21540,1273,21209,1035,1950,380,2961,428,241,114,78,55,37,31,415,220,45,46,287,154,34,55,1663,423,120,83,5241,567,2269,392,2972,415,19044,756,1894,341,17150,727
2019-2023,New Mexico,Quay County,0500000US35037,8616,0,4102,220,1090,264,434,158,656,211,3012,253,43698,7853,35,037,3438,318,399,123,363,184,2676,326,2837,318,320,110,263,144,5,8,0,19,0,19,92,75,35,53,69,59,22,25,177,77,17,26,1144,232,675,211,469,169,2958,238,415,148,2543,254
2019-2023,New Mexico,Rio Arriba County,0500000US35039,40165,0,14980,478,2907,394,1436,327,1471,259,12073,527,53901,5101,35,039,15589,753,1111,327,1201,387,13277,827,12160,800,598,208,1264,328,87,69,109,95,0,28,395,187,237,174,208,132,0,28,1453,445,189,87,2811,351,1372,264,1439,270,12169,506,1535,301,10634,547
2019-2023,New Mexico,Roosevelt County,0500000US35041,19002,0,7211,273,1310,297,747,256,563,211,5901,389,52445,7849,35,041,8155,434,776,265,648,281,6731,616,6244,501,581,221,1214,333,42,48,10,18,10,18,347,165,141,111,22,26,0,21,318,157,2,3,1487,307,719,213,768,251,5724,374,591,227,5133,439
2019-2023,New Mexico,Sandoval County,0500000US35043,151538,0,55741,494,5560,550,2937,441,2623,339,50181,742,84053,3277,35,043,67423,1287,3048,466,2989,498,61386,1475,49529,1525,2235,402,5378,677,315,118,465,144,11,16,780,285,81,56,1143,325,80,94,10128,909,326,121,7453,592,2453,332,5000,546,48288,723,3107,408,45181,838
2019-2023,New Mexico,San Juan County,0500000US35045,121178,0,41053,622,8735,641,5020,520,3715,431,32318,734,53020,2556,35,045,45022,1228,4987,779,4234,741,35801,1559,38348,1283,4299,729,2790,424,409,139,97,50,19,13,1099,495,70,53,175,86,7,7,2513,396,183,90,9270,716,4819,493,4451,474,31783,779,3916,449,27867,798
2019-2023,New Mexico,San Miguel County,0500000US35047,27036,0,11924,375,3032,446,1018,298,2014,327,8892,471,47400,5342,35,047,10516,583,1358,332,828,278,8330,597,7720,625,939,333,1119,293,89,68,6,10,0,25,324,197,160,130,118,79,0,25,1229,269,170,105,3648,431,1881,370,1767,314,8276,520,1151,301,7125,491
2019-2023,New Mexico,Santa Fe County,0500000US35049,155175,0,69348,634,8491,641,3548,509,4943,505,60857,866,74689,3218,35,049,70936,1346,4329,604,4497,571,62110,1416,49531,1334,3016,566,6157,751,375,174,612,182,172,102,1429,375,98,55,1188,259,102,79,12019,850,566,195,7594,679,3221,494,4373,466,61754,870,5270,540,56484,955
2019-2023,New Mexico,Sierra County,0500000US35051,11511,0,5419,268,1298,295,489,208,809,225,4121,365,37840,7491,35,051,3449,337,384,187,546,346,2519,415,2544,409,300,170,302,194,12,21,19,33,0,21,135,67,41,49,200,164,0,21,249,121,31,36,873,235,519,174,354,152,4546,313,779,227,3767,337
2019-2023,New Mexico,Socorro County,0500000US35053,16308,0,5222,298,1497,322,697,236,800,201,3725,366,47556,7148,35,053,5317,449,996,360,351,211,3970,473,3609,430,480,231,345,184,83,82,0,21,0,21,340,181,218,179,151,113,19,20,872,263,196,171,1100,266,719,255,381,123,4122,338,778,191,3344,356
2019-2023,New Mexico,Taos County,0500000US35055,34516,0,14459,443,2571,521,836,231,1735,451,11888,566,58908,4464,35,055,14511,770,1018,301,1207,306,12286,846,9675,769,781,269,1693,545,24,22,69,62,9,14,385,160,108,79,159,89,16,17,2530,544,80,83,2120,416,920,269,1200,336,12339,525,1651,415,10688,539
2019-2023,New Mexico,Torrance County,0500000US35057,15290,0,5774,269,942,216,470,150,472,147,4832,319,46250,9578,35,057,5389,437,564,172,635,210,4190,450,3891,424,332,129,562,211,112,126,0,21,0,21,77,56,17,19,238,121,18,25,621,220,85,87,1394,259,549,181,845,219,4380,322,393,139,3987,326
2019-2023,New Mexico,Union County,0500000US35059,4039,0,1504,198,357,108,135,79,222,73,1147,152,45319,10320,35,059,1415,257,91,74,84,59,1240,246,1088,216,74,56,86,58,0,13,0,13,0,13,102,73,14,25,21,26,0,13,118,56,3,5,287,98,101,62,186,83,1217,179,256,81,961,146
2019-2023,New Mexico,Valencia County,0500000US35061,77382,0,26782,492,4700,551,2432,418,2268,389,22082,600,58333,2985,35,061,29789,936,2262,466,2568,631,24959,1076,22769,1030,1495,360,3362,617,445,210,137,104,0,31,298,242,54,112,448,195,34,39,2775,565,234,122,5863,579,2628,382,3235,502,20919,555,2072,399,18847,582
2019-2023,New York,Albany County,0500000US36001,315374,0,132728,902,17110,1075,5186,587,11924,942,115618,1345,83149,1788,36,001,153992,2022,9207,948,5752,772,139033,2027,105227,2059,5144,699,13166,1206,1051,359,6532,957,1332,393,5440,695,803,242,2680,520,89,80,20947,1281,788,292,14953,1094,7070,751,7883,793,117775,1325,10040,888,107735,1420
2019-2023,New York,Allegany County,0500000US36003,47027,0,17057,356,2684,278,1068,153,1616,220,14373,339,61233,2429,36,003,17765,436,1262,213,1053,153,15450,464,13934,430,743,122,1503,210,82,41,21,15,0,28,791,157,259,104,282,80,36,30,1234,179,142,82,2575,249,1367,208,1208,155,14482,330,1317,163,13165,318
2019-2023,New York,Bronx County,0500000US36005,1419250,0,530067,1380,146037,3166,73028,2745,73009,2477,384030,3255,49036,872,36,005,553108,4702,55269,2341,48332,2556,449507,6019,130189,3466,6705,809,22305,1484,1741,461,297727,4882,33343,1961,41183,2194,6455,840,17889,1314,2754,602,43815,2227,4271,705,195580,3747,102219,2968,93361,2758,334487,3613,43818,2093,290669,3415
2019-2023,New York,Broome County,0500000US36007,197738,0,81781,698,14480,824,5218,532,9262,722,67301,990,61059,1769,36,007,82788,1411,7052,672,4972,446,70764,1576,61608,1373,4249,561,7576,793,899,256,2280,394,790,283,3161,485,556,211,1652,371,230,125,6511,561,328,169,12526,806,6744,667,5782,596,69255,1000,7736,642,61519,950
2019-2023,New York,Cattaraugus County,0500000US36009,76479,0,31822,395,5697,390,2441,311,3256,311,26125,463,58248,1978,36,009,31569,589,2131,233,1850,316,27588,695,24375,670,1313,192,2779,301,207,100,135,104,10,11,1374,223,307,91,535,116,82,53,2371,284,212,82,5339,421,2913,322,2426,284,26483,538,2784,282,23699,505
2019-2023,New York,Cayuga County,0500000US36011,75464,0,31334,402,4545,470,1709,259,2836,395,26789,600,66583,2266,36,011,34380,642,1906,305,1910,360,30564,743,27600,629,1315,237,2645,377,150,100,150,84,6,12,1169,288,187,124,547,194,152,138,2269,278,96,69,4753,543,2290,408,2463,406,26581,643,2255,329,24326,621
2019-2023,New York,Chautauqua County,0500000US36013,126329,0,53602,620,8966,573,3400,358,5566,438,44636,824,56507,1981,36,013,52345,1121,4214,460,3430,414,44701,1173,40363,1145,2673,312,5329,504,530,181,268,123,59,53,1732,304,341,120,1023,221,186,96,3630,462,425,225,10467,688,4936,474,5531,513,43135,846,4030,396,39105,926
2019-2023,New York,Chemung County,0500000US36015,82805,0,34916,486,5507,472,2394,364,3113,446,29409,603,63469,2608,36,015,35309,764,2342,366,1876,303,31091,880,28251,781,1463,335,2726,400,286,115,491,161,213,120,752,189,122,70,625,200,23,28,2464,422,235,129,5766,522,3108,382,2658,351,29150,623,2399,297,26751,671
2019-2023,New York,Chenango County,0500000US36017,46685,0,19800,340,2552,286,967,199,1585,262,17248,357,62093,2189,36,017,20725,501,919,209,1397,300,18409,489,16532,494,633,167,1685,228,81,43,0,28,0,28,627,133,96,51,148,57,31,34,1733,264,78,68,2930,310,1119,220,1811,250,16870,461,1433,242,15437,420
2019-2023,New York,Clinton County,0500000US36019,78961,0,33276,492,4850,405,1685,259,3165,384,28426,539,69208,2576,36,019,34702,867,2151,497,1925,449,30626,925,27132,1001,1452,361,3395,460,183,120,55,40,23,23,1341,392,365,231,343,147,53,48,2436,419,75,45,5534,456,2610,341,2924,397,27742,665,2240,398,25502,637
2019-2023,New York,Columbia County,0500000US36021,61245,0,26098,545,2813,349,1510,268,1303,224,23285,630,83619,3965,36,021,28686,825,1483,312,1434,365,25769,814,19399,804,808,195,2050,335,183,97,822,207,35,46,955,214,21,22,945,282,79,70,4515,471,357,181,2357,371,1029,234,1328,291,23741,588,1784,285,21957,629
2019-2023,New York,Cortland County,0500000US36023,46401,0,18768,286,2601,396,776,189,1825,308,16167,460,67527,2810,36,023,21834,608,1358,313,1412,397,19064,673,16673,698,745,196,2374,409,280,134,222,149,10,12,728,182,68,44,330,114,68,72,1507,268,187,130,2774,334,1203,265,1571,280,15994,409,1398,302,14596,481
2019-2023,New York,Delaware County,0500000US36025,44551,0,18947,444,2790,331,1302,238,1488,218,16157,546,60226,2922,36,025,18214,665,1055,309,1142,270,16017,845,13323,629,494,172,1467,252,163,81,169,66,10,13,980,186,141,124,203,88,116,84,2072,239,131,71,2413,295,1214,211,1199,207,16534,459,1576,279,14958,546
2019-2023,New York,Dutchess County,0500000US36027,297144,0,115184,632,9788,778,3641,527,6147,663,105396,928,97273,2529,36,027,143526,1850,4672,588,4927,806,133927,1938,102224,2126,2924,488,10740,1203,248,98,5362,731,242,118,3332,452,492,234,2436,484,197,136,19432,1166,569,160,9021,836,3273,505,5748,664,106163,927,6515,609,99648,1080
2019-2023,New York,Erie County,0500000US36029,950044,0,408711,1563,57983,2205,22329,1317,35654,1701,350728,2359,71175,843,36,029,451756,3419,25405,1554,22565,1468,403786,3879,335933,3743,15301,1192,34185,2004,3051,512,13295,1000,2598,502,9570,870,1633,372,7318,664,835,202,51455,2201,1987,525,64070,1993,31134,1673,32936,1522,344641,2131,26849,1456,317792,2561
2019-2023,New York,Essex County,0500000US36031,37077,0,16039,407,2008,285,840,202,1168,225,14031,438,70215,3895,36,031,16391,451,762,183,861,185,14768,506,11982,479,458,126,1701,320,70,49,54,50,42,49,687,226,111,113,160,64,21,17,1807,304,60,31,1489,241,892,199,597,135,14550,388,1116,196,13434,424
2019-2023,New York,Franklin County,0500000US36033,47066,0,19234,342,3034,343,1352,233,1682,243,16200,424,63747,2706,36,033,18479,565,1148,211,967,229,16364,602,14130,578,680,146,1917,418,60,40,154,83,75,50,771,188,88,65,322,147,32,25,1185,248,213,127,3203,381,1523,307,1680,272,16031,424,1511,228,14520,484
2019-2023,New York,Fulton County,0500000US36035,52787,0,22607,467,3118,356,1543,299,1575,298,19489,508,62615,2240,36,035,24043,638,1364,426,1301,344,21378,626,19508,788,1078,376,1969,331,104,67,82,77,4,10,682,215,114,106,271,151,46,74,1531,297,18,20,3404,368,1201,217,2203,294,19203,502,1917,349,17286,531
2019-2023,New York,Genesee County,0500000US36037,57943,0,24769,323,2806,390,989,257,1817,298,21963,439,72055,3586,36,037,28025,723,1291,318,1104,254,25630,807,23103,625,930,278,1731,342,116,84,34,31,3,5,916,273,74,64,496,139,39,36,1745,334,129,95,3169,440,1395,293,1774,373,21600,539,1411,248,20189,524
2019-2023,New York,Greene County,0500000US36039,47554,0,18188,435,1919,312,748,175,1171,242,16269,503,74011,3467,36,039,21292,627,855,253,683,162,19754,666,15541,646,569,199,1820,409,27,36,439,116,0,28,695,183,47,46,348,125,93,93,2449,337,119,102,1406,261,509,132,897,217,16782,484,1410,280,15372,511
2019-2023,New York,Hamilton County,0500000US36041,5102,0,2111,148,214,63,45,26,169,59,1897,155,68950,7533,36,041,2211,156,54,28,138,61,2019,175,1653,115,18,15,51,21,7,8,9,9,0,19,168,70,13,9,25,27,16,23,305,178,0,19,102,36,38,20,64,27,2009,156,176,59,1833,159
2019-2023,New York,Herkimer County,0500000US36043,59932,0,25426,382,3454,399,1407,243,2047,333,21972,492,68858,2236,36,043,27270,661,1563,311,1405,305,24302,691,21861,740,1011,241,1832,241,131,64,35,26,29,26,828,158,110,61,312,136,61,46,2402,416,221,182,3494,346,1630,274,1864,284,21932,510,1824,311,20108,533
2019-2023,New York,Jefferson County,0500000US36045,116130,0,46701,714,5949,581,2816,403,3133,463,40752,786,64978,2730,36,045,51922,884,3215,517,3190,418,45517,1051,41749,961,2289,430,4154,613,328,139,253,127,101,89,1497,312,187,131,1052,302,94,55,3217,426,216,163,7663,594,3480,431,4183,463,39038,792,2469,384,36569,828
2019-2023,New York,Kings County,0500000US36047,2646306,0,1009596,2282,182877,3683,89471,2617,93406,2717,826719,4220,78548,1052,36,047,1212114,6183,84433,2519,71207,2992,1056474,6254,217858,3773,12247,1119,46750,1855,4145,520,590092,6765,42278,1832,100814,2957,13848,1124,50439,2120,3620,446,206161,3708,8295,945,221971,3357,102126,2814,119845,2772,787625,3916,80751,2917,706874,4319
2019-2023,New York,Lewis County,0500000US36049,26618,0,10958,245,1342,164,657,112,685,109,9616,274,68329,3456,36,049,11762,264,573,125,548,117,10641,282,8905,322,367,80,1165,220,37,31,137,61,33,35,538,128,51,29,124,48,20,16,893,162,65,53,1264,170,524,106,740,136,9694,266,818,120,8876,274
2019-2023,New York,Livingston County,0500000US36051,61588,0,24329,386,2657,261,898,226,1759,232,21672,430,72464,2969,36,051,27388,675,1477,264,1304,253,24607,740,21159,575,930,228,2408,373,95,60,108,66,3,4,1174,300,342,156,519,206,20,16,2020,308,87,82,2434,287,1085,213,1349,227,21895,413,1572,202,20323,439
2019-2023,New York,Madison County,0500000US36053,67572,0,25563,480,2704,304,1135,224,1569,230,22859,524,73141,2595,36,053,29040,705,1015,180,1385,252,26640,788,23143,733,636,154,1918,275,80,37,60,50,3,9,897,185,175,91,316,76,23,17,2706,303,98,48,2897,300,1046,150,1851,282,22666,528,1658,270,21008,575
2019-2023,New York,Monroe County,0500000US36055,754068,0,316506,1242,40481,1509,16270,1152,24211,1022,276025,1936,74409,1109,36,055,359695,2386,19112,1370,15528,1146,325055,2773,264855,2592,12130,971,27588,1754,2300,420,6442,607,1717,330,5508,693,804,237,5931,766,647,182,49371,1974,1514,356,46870,1420,22249,1210,24621,1236,269636,1615,18232,1070,251404,1840
2019-2023,New York,Montgomery County,0500000US36057,49461,0,19234,391,2912,332,1206,259,1706,250,16322,372,62923,3436,36,057,22346,560,1010,191,1473,242,19863,631,17134,643,771,185,2190,390,42,34,44,34,4,7,554,155,56,47,660,189,60,46,1764,275,77,60,3075,365,1535,215,1540,301,16159,407,1377,253,14782,432
2019-2023,New York,Nassau County,0500000US36059,1388138,0,456076,1499,27131,1490,12277,1076,14854,965,428945,2183,143408,1643,36,059,680322,3482,14352,1173,16237,1537,649733,4074,423705,4410,8272,795,49684,2229,1789,360,88736,2544,1687,429,12921,953,537,193,11083,1086,520,157,94193,2838,1547,357,21478,1188,6310,699,15168,1026,434598,1956,20821,1169,413777,2280
2019-2023,New York,New York County,0500000US36061,1627788,0,775376,4253,117703,3419,38610,2523,79093,2644,657673,5264,104553,1777,36,061,850496,7021,39067,2127,32496,2395,778933,7346,48546,2345,1922,474,12193,1471,743,481,391882,6224,20985,1434,150212,4814,8358,1167,50366,2611,1408,365,197297,5273,5651,771,107223,2709,54506,2600,52717,2138,668153,4651,63197,2776,604956,4867
2019-2023,New York,Niagara County,0500000US36063,211341,0,91493,741,12130,856,5096,495,7034,689,79363,975,67809,1714,36,063,97474,1440,4386,541,4284,615,88804,1647,76185,1773,2589,383,7665,965,530,197,802,231,201,96,2398,395,635,236,1404,286,250,132,9020,714,181,99,13281,859,6725,702,6556,628,78212,978,5405,505,72807,978
2019-2023,New York,Oneida County,0500000US36065,229645,0,94361,774,12695,780,5787,501,6908,627,81666,941,68819,2061,36,065,98199,1480,5120,573,5490,706,87589,1525,75265,1514,3210,465,8577,921,813,248,1075,297,244,130,2386,416,354,171,1056,297,87,79,9840,713,412,172,14954,747,7425,606,7529,612,79407,927,5270,491,74137,914
2019-2023,New York,Onondaga County,0500000US36067,471611,0,194963,919,26261,1078,10839,787,15422,814,168702,1304,74740,1143,36,067,221153,2330,11855,915,12001,1114,197297,2597,163764,2149,6726,616,17905,1182,1344,335,4278,590,1254,359,6028,759,1151,227,4192,608,580,194,24986,1114,800,214,28048,1214,13584,937,14464,901,166915,1546,12677,747,154238,1538
2019-2023,New York,Ontario County,0500000US36069,112405,0,47684,633,4346,581,1458,224,2888,504,43338,768,79814,2440,36,069,52689,910,2016,349,2254,417,48419,953,40780,1008,1464,304,3577,421,153,72,177,87,38,36,1301,274,141,87,725,164,41,41,6129,597,179,98,4172,485,1894,347,2278,374,43512,763,2452,402,41060,786
2019-2023,New York,Orange County,0500000US36071,403840,0,137311,913,15832,1174,8812,847,7020,841,121479,1343,96497,2376,36,071,181197,2174,8229,786,7227,1004,165741,2601,126395,2765,4191,510,17359,1298,1061,270,8069,803,640,205,5579,743,1151,293,3607,675,466,236,20188,1341,720,259,14703,985,6446,672,8257,850,122608,1109,9386,914,113222,1278
2019-2023,New York,Orleans County,0500000US36073,39686,0,16208,289,2177,293,968,216,1209,245,14031,363,63838,3328,36,073,17542,502,1239,282,1039,241,15264,571,13282,600,894,231,1346,254,68,54,43,69,0,28,636,201,12,16,353,131,29,29,1882,335,236,128,2338,339,1029,221,1309,231,13870,396,1148,236,12722,410
2019-2023,New York,Oswego County,0500000US36075,117945,0,47132,570,6930,570,3330,403,3600,416,40202,761,68461,2888,36,075,51782,1029,3891,511,3137,423,44754,1157,41368,1064,2507,341,3864,448,494,185,241,110,53,40,1207,256,214,130,1138,307,197,111,3964,550,426,219,7434,530,3962,464,3472,412,39698,738,2968,360,36730,765
2019-2023,New York,Otsego County,0500000US36077,59738,0,22608,379,2767,316,1134,226,1633,281,19841,378,67086,2827,36,077,25166,763,1531,342,1598,281,22037,801,18805,779,1037,294,2240,297,145,65,174,81,15,18,1401,244,141,81,218,93,26,28,2328,391,167,85,2178,286,987,163,1191,217,20430,433,1780,264,18650,457
2019-2023,New York,Putnam County,0500000US36079,97988,0,35054,470,2019,308,964,221,1055,218,33035,493,127405,4845,36,079,49280,1080,1239,254,1018,277,47023,1201,34777,1137,995,239,3755,507,107,61,2781,420,7,11,751,228,43,29,473,166,29,30,6743,842,58,52,1085,244,265,121,820,202,33969,463,1754,283,32215,484
2019-2023,New York,Queens County,0500000US36081,2330124,0,828230,2435,105488,3019,51767,1876,53721,2319,722742,3972,84961,880,36,081,1097573,5337,52366,2324,56663,2501,988544,6577,352537,5629,12851,1006,66736,2464,3523,531,465286,6054,24706,1331,60569,2343,4637,628,29035,1384,2127,530,123410,3434,4522,595,121921,2463,41915,1720,80006,2433,706309,3444,63573,2341,642736,4298
2019-2023,New York,Rensselaer County,0500000US36083,160341,0,66233,599,7397,547,3153,357,4244,464,58836,812,86663,2122,36,083,77533,1280,3734,525,2721,505,71078,1523,56775,1463,1849,407,5634,630,598,211,1852,298,282,163,2349,477,334,160,1208,359,190,103,9715,834,481,172,6977,582,3704,382,3273,431,59256,815,3693,414,55563,894
2019-2023,New York,Richmond County,0500000US36085,492734,0,170047,989,19160,1274,9935,830,9225,956,150887,1589,98290,2957,36,085,220952,2297,7858,730,8975,987,204119,2637,116679,2602,3258,532,20268,1223,795,202,53792,1835,2428,536,5816,771,459,209,3455,527,329,219,20942,1431,589,198,22066,1269,8431,928,13635,900,147981,1584,10729,955,137252,1664
2019-2023,New York,Rockland County,0500000US36087,338936,0,103284,668,11871,782,8351,641,3520,463,91413,939,110631,3118,36,087,144746,1939,9815,980,6273,805,128658,2245,96108,2026,4210,583,12487,861,1568,413,9057,925,950,347,4543,495,1708,310,4033,671,377,227,18518,1021,1002,261,11560,901,5830,613,5730,652,91724,1102,6041,736,85683,1087
2019-2023,New York,St. Lawrence County,0500000US36089,107796,0,41732,460,7359,607,2992,337,4367,502,34373,658,61900,2508,36,089,40907,1069,2793,403,2930,478,35184,1127,32058,1176,1727,297,3988,448,336,134,122,85,17,26,1472,288,351,153,710,186,131,56,2557,374,231,109,6613,523,3688,447,2925,401,35119,668,3671,447,31448,709
2019-2023,New York,Saratoga County,0500000US36091,237075,0,99835,837,7221,829,2737,465,4484,656,92614,1151,99653,3109,36,091,121660,1314,3490,588,3476,530,114694,1716,91998,1948,2574,515,7659,867,256,146,664,273,73,81,1796,353,63,56,965,260,68,49,18578,1408,456,195,6384,586,2456,471,3928,461,93451,996,4765,618,88686,1201
2019-2023,New York,Schenectady County,0500000US36093,159603,0,66324,555,7772,697,3503,517,4269,641,58552,901,76989,2249,36,093,74168,1249,3442,564,2798,494,67928,1319,54000,1480,1799,363,6106,667,344,136,2660,399,576,187,1928,482,451,252,783,248,53,50,8691,707,219,113,8781,761,4195,602,4586,548,57543,907,3577,512,53966,928
2019-2023,New York,Schoharie County,0500000US36095,29979,0,12439,272,1356,202,468,115,888,188,11083,301,71188,3161,36,095,13038,395,713,141,647,154,11678,439,9819,391,539,127,1391,255,83,48,34,19,0,25,485,119,69,43,64,35,5,6,1245,188,17,13,1462,200,678,149,784,135,10977,320,678,148,10299,331
2019-2023,New York,Schuyler County,0500000US36097,17749,0,7405,232,1088,193,462,113,626,147,6317,258,65625,5286,36,097,7831,324,560,156,499,119,6772,326,5999,291,378,102,815,196,89,56,24,22,2,4,317,81,50,30,88,47,0,21,588,132,41,45,1187,187,638,165,549,108,6218,251,450,100,5768,268
2019-2023,New York,Seneca County,0500000US36099,33125,0,13679,256,1722,279,564,133,1158,229,11957,323,66007,3860,36,099,14279,426,836,217,779,176,12664,466,10738,471,357,118,1608,214,142,86,52,44,4,5,436,124,101,69,322,138,48,41,1123,213,184,95,1528,249,716,171,812,173,12151,307,1006,196,11145,356
2019-2023,New York,Steuben County,0500000US36101,93034,0,38916,483,5109,423,2055,239,3054,340,33807,568,64740,2007,36,101,41188,740,2424,341,2822,323,35942,796,32123,760,1573,292,3445,392,290,88,183,80,28,19,1645,296,242,90,531,172,115,61,3261,411,176,110,4605,328,2351,258,2254,254,34311,575,2758,346,31553,614
2019-2023,New York,Suffolk County,0500000US36103,1525680,0,512280,1798,33656,1464,14789,940,18867,1127,478624,2398,128329,1374,36,103,765241,4324,18143,1344,19611,1353,727487,4791,563469,4509,13114,1228,56802,2544,1549,331,39804,1806,961,289,8591,897,346,162,14623,1525,648,219,81952,2451,1525,328,33283,1468,9050,727,24233,1224,478997,2264,24606,1372,454391,2577
2019-2023,New York,Sullivan County,0500000US36105,79147,0,30215,767,4176,496,1779,282,2397,386,26039,755,69826,2633,36,105,34239,1022,1796,348,1606,339,30837,1102,25189,974,989,236,3046,497,338,195,423,150,10,17,912,279,236,106,632,212,88,84,4037,594,135,125,4943,587,2463,399,2480,423,25272,756,1713,273,23559,741
2019-2023,New York,Tioga County,0500000US36107,48106,0,20214,295,2355,286,1112,209,1243,215,17859,384,71791,3036,36,107,21890,630,1058,244,1150,290,19682,728,17757,621,762,203,1233,262,146,97,76,38,51,3,412,149,2,4,410,168,9,15,2002,369,88,88,2516,373,1126,232,1390,263,17698,452,1229,239,16469,474
2019-2023,New York,Tompkins County,0500000US36109,102879,0,43269,560,7366,676,1285,308,6081,627,35903,748,73012,3102,36,109,45558,928,3867,779,1845,401,39846,1112,25320,973,1314,388,4251,605,636,367,2554,437,327,199,3607,598,811,265,1381,356,219,214,8445,692,560,311,3654,503,1712,397,1942,384,39615,719,5654,627,33961,782
2019-2023,New York,Ulster County,0500000US36111,182109,0,73105,823,8600,774,2818,455,5782,673,64505,898,81804,2953,36,111,82625,1597,3902,572,3074,434,75649,1616,58974,1604,2510,469,5558,831,263,98,1737,336,51,47,2087,420,305,177,1473,319,131,91,12796,950,642,277,7110,748,3050,521,4060,487,65995,1001,5550,688,60445,958
2019-2023,New York,Warren County,0500000US36113,65560,0,30041,466,2761,373,829,188,1932,314,27280,569,78239,4231,36,113,31775,801,1152,245,1352,292,29271,890,25068,902,720,191,2463,393,157,92,172,125,81,106,894,257,103,58,476,147,52,46,2702,341,39,30,3023,329,1197,217,1826,326,27018,544,1564,313,25454,604
2019-2023,New York,Washington County,0500000US36115,60883,0,24254,395,2706,429,1139,240,1567,327,21548,498,72342,1948,36,115,27601,732,1076,234,1330,329,25195,772,22221,711,783,195,2000,280,173,106,96,63,3,6,626,170,56,37,452,170,15,22,2206,338,46,25,2903,442,1465,365,1438,282,21351,549,1241,200,20110,561
2019-2023,New York,Wayne County,0500000US36117,91128,0,38222,427,4311,527,1655,303,2656,395,33911,653,73914,2388,36,117,42957,961,1749,396,1698,367,39510,1025,33279,1214,1202,288,4483,444,410,213,110,72,0,31,822,263,46,37,482,256,68,83,3781,504,23,25,4218,398,1726,320,2492,341,34004,529,2585,368,31419,705
2019-2023,New York,Westchester County,0500000US36119,996888,0,370256,1368,36679,1660,15203,1144,21476,1474,333577,2178,118411,1860,36,119,482017,3365,17442,1375,15002,1445,449573,3657,249937,4005,6802,914,34737,2007,1551,417,85848,3024,4178,679,17928,1412,1737,446,10207,1223,1036,294,83360,2637,2138,374,35200,1625,14584,1175,20616,1262,335056,1898,22095,1309,312961,2220
2019-2023,New York,Wyoming County,0500000US36121,39980,0,16263,307,1692,219,667,143,1025,191,14571,361,68913,2447,36,121,17818,591,911,199,987,245,15920,593,13683,628,582,168,1559,282,105,102,64,50,2,5,1180,309,175,158,240,104,0,28,1092,217,47,35,1504,228,674,165,830,182,14759,372,1018,167,13741,381
2019-2023,New York,Yates County,0500000US36123,24637,0,9095,378,1153,177,534,102,619,158,7942,362,67521,4456,36,123,9987,377,642,131,565,155,8780,417,7109,433,351,118,839,154,90,50,17,22,4,5,294,105,12,17,378,108,47,30,1350,215,138,73,973,183,459,144,514,120,8122,385,694,135,7428,370
2019-2023,North Carolina,Alamance County,0500000US37001,174286,0,68441,675,9532,861,4572,595,4960,615,58909,927,64445,2226,37,001,81078,1116,5094,704,4347,647,71637,1338,65632,1438,4022,566,6905,744,665,321,59,58,2,8,473,200,106,145,675,219,88,99,7334,748,211,128,9145,720,3705,614,5440,653,59296,940,5827,587,53469,981
2019-2023,North Carolina,Alexander County,0500000US37003,36440,0,13895,293,1535,320,798,236,737,199,12360,395,65268,5441,37,003,15531,662,774,272,677,275,14080,784,13061,703,591,215,1449,430,104,129,0,29,0,29,123,85,0,29,63,48,0,29,835,230,79,69,1356,272,542,157,814,228,12539,377,993,274,11546,425
2019-2023,North Carolina,Alleghany County,0500000US37005,11075,0,5049,242,738,168,322,101,416,120,4311,293,44272,3954,37,005,4190,355,359,156,333,119,3498,417,3213,383,237,109,541,169,102,87,29,27,0,21,51,33,9,13,0,21,0,21,356,139,11,19,556,165,329,114,227,103,4493,283,409,134,4084,296
2019-2023,North Carolina,Anson County,0500000US37007,21903,0,8314,350,1693,258,818,207,875,219,6621,393,44245,3895,37,007,8292,680,735,199,1004,354,6553,588,6205,652,501,172,1461,390,207,122,0,25,0,25,63,52,2,15,47,42,15,18,516,170,10,27,2594,314,1006,212,1588,307,5720,373,687,184,5033,386
2019-2023,North Carolina,Ashe County,0500000US37009,26831,0,11999,521,1939,372,757,201,1182,286,10060,526,50827,3707,37,009,10853,555,700,223,801,205,9352,597,8627,537,350,163,1038,308,220,158,9,14,0,25,137,64,11,14,26,30,5,7,1016,256,114,73,1633,276,834,216,799,219,10366,474,1105,273,9261,486
2019-2023,North Carolina,Avery County,0500000US37011,17643,0,6559,344,757,177,304,100,453,138,5802,349,57657,4054,37,011,6145,387,240,109,518,151,5387,407,4969,413,172,99,510,187,7,8,34,49,0,21,116,95,14,16,98,73,4,8,418,143,43,33,703,175,302,116,401,113,5856,369,455,140,5401,357
2019-2023,North Carolina,Beaufort County,0500000US37013,44597,0,19103,475,3308,373,1655,271,1653,325,15795,508,57997,3520,37,013,19088,670,1261,330,1246,311,16581,719,15932,759,1047,278,1046,262,37,32,16,16,0,29,196,94,12,20,236,141,75,105,1662,300,90,99,2795,381,1551,287,1244,246,16308,533,1757,285,14551,480
2019-2023,North Carolina,Bertie County,0500000US37015,17482,0,7024,322,1498,258,572,199,926,280,5526,337,45931,6859,37,015,5807,367,817,216,422,186,4568,400,4790,345,570,185,523,166,63,54,33,48,33,48,75,58,41,45,170,139,110,121,216,99,0,21,1880,265,699,185,1181,195,5144,376,799,243,4345,330
2019-2023,North Carolina,Bladen County,0500000US37017,29591,0,11635,406,2813,397,1201,261,1612,352,8822,398,44528,4772,37,017,10941,677,705,268,621,278,9615,598,8855,646,424,193,1232,342,266,181,0,25,0,25,144,94,7,15,29,36,2,3,681,212,6,7,3193,351,1762,306,1431,246,8442,421,1051,278,7391,457
2019-2023,North Carolina,Brunswick County,0500000US37019,145889,0,64436,942,6239,633,2780,499,3459,456,58197,954,74034,2420,37,019,57748,1310,2770,430,3155,451,51823,1391,43878,1405,1887,399,4712,698,460,217,509,310,103,114,500,160,31,31,802,245,104,63,7347,589,185,112,6147,678,1697,325,4450,531,58289,950,4542,590,53747,951
2019-2023,North Carolina,Buncombe County,0500000US37021,271790,0,102672,1818,11757,988,4160,536,7597,912,90915,1770,70578,1846,37,021,128964,2190,7661,1159,9535,1144,111768,2646,94122,2263,5140,939,8947,1053,1010,441,1042,386,217,179,2203,512,144,80,1841,420,129,140,20809,1471,1021,290,9478,709,4439,555,5039,632,93194,1798,7318,746,85876,1788
2019-2023,North Carolina,Burke County,0500000US37023,87863,0,35873,506,5736,565,3188,531,2548,412,30137,684,55684,3343,37,023,39162,1094,2853,575,2486,416,33823,1319,32667,1133,2322,581,3861,551,385,165,37,46,2,4,199,99,0,32,292,167,0,32,2106,399,144,103,5457,670,3141,511,2316,377,30416,690,2595,396,27821,729
2019-2023,North Carolina,Cabarrus County,0500000US37025,231262,0,80370,1094,7430,890,3694,654,3736,545,72940,1379,86084,2770,37,025,114958,1691,4951,769,4888,849,105119,2129,84468,2069,3550,675,9335,961,721,278,637,251,6,35,679,254,4,9,1724,495,116,105,18115,1381,554,251,7636,776,2699,438,4937,627,72734,1263,4731,738,68003,1444
2019-2023,North Carolina,Caldwell County,0500000US37027,80618,0,32766,534,4309,591,2189,449,2120,427,28457,706,55401,2012,37,027,35823,1186,1682,334,2679,557,31462,1423,29188,1142,1316,279,3781,594,231,126,1,3,0,32,245,102,0,32,342,193,92,112,2266,568,43,40,4136,532,2027,461,2109,331,28630,660,2282,349,26348,702
2019-2023,North Carolina,Camden County,0500000US37029,10743,0,3948,143,239,103,149,74,90,77,3709,180,87781,7877,37,029,5139,261,86,59,179,126,4874,311,3956,309,54,45,377,182,23,34,9,13,9,13,44,46,0,21,99,82,0,21,654,211,0,21,408,148,113,83,295,128,3540,205,126,63,3414,211
2019-2023,North Carolina,Carteret County,0500000US37031,68652,0,31198,604,3566,429,1348,257,2218,357,27632,654,70235,2152,37,031,30461,730,1663,319,1496,262,27302,896,24611,815,1218,275,1876,328,163,98,104,62,51,26,279,95,46,44,463,151,33,36,3128,366,152,111,2824,396,1254,220,1570,318,28374,712,2312,348,26062,673
2019-2023,North Carolina,Caswell County,0500000US37033,22689,0,8677,323,1400,261,671,194,729,197,7277,432,59407,6742,37,033,9000,499,589,194,392,148,8019,602,7456,527,424,163,607,198,23,32,0,25,0,25,21,26,7,13,322,196,97,103,594,162,38,40,1633,308,798,236,835,206,7044,420,602,164,6442,446
2019-2023,North Carolina,Catawba County,0500000US37035,162051,0,65201,580,8132,743,3792,538,4340,599,57069,961,64544,1989,37,035,75343,1497,3824,559,3694,562,67825,1661,60975,1459,2776,469,7114,813,756,250,187,166,27,41,447,190,98,76,951,272,54,49,5669,753,113,63,7877,619,3133,466,4744,451,57324,883,4999,660,52325,1048
2019-2023,North Carolina,Chatham County,0500000US37037,78319,0,32253,379,3244,509,2011,449,1233,228,29009,583,88534,5894,37,037,35870,953,1885,470,2116,477,31869,1075,25546,1004,1423,372,1939,460,320,184,121,69,3,7,564,267,0,32,483,235,61,63,7217,826,78,64,1942,405,832,201,1110,365,30311,488,2412,487,27899,610
2019-2023,North Carolina,Cherokee County,0500000US37039,29197,0,13042,396,1890,320,781,143,1109,274,11152,418,51496,3907,37,039,11410,589,895,297,1080,308,9435,678,8841,602,698,290,889,257,70,63,33,52,0,25,239,155,7,12,190,98,0,25,1218,340,120,27,1408,205,509,133,899,192,11634,453,1381,285,10253,458
2019-2023,North Carolina,Chowan County,0500000US37041,13814,0,5989,253,1058,232,711,210,347,121,4931,340,56982,9074,37,041,5851,561,367,148,334,214,5150,561,4761,609,235,110,510,266,68,85,0,21,0,21,146,96,47,57,87,63,17,20,347,142,0,21,1282,251,791,211,491,211,4707,298,267,120,4440,296
2019-2023,North Carolina,Clay County,0500000US37043,11391,0,5041,275,938,281,196,108,742,262,4103,367,53645,9995,37,043,4118,331,236,165,211,94,3671,373,3265,364,166,117,392,150,39,58,3,7,2,5,2,4,0,21,148,102,17,32,308,157,12,24,528,165,313,151,215,113,4513,260,625,216,3888,366
2019-2023,North Carolina,Cleveland County,0500000US37045,100170,0,37218,633,6332,581,3354,474,2978,467,30886,660,55769,2864,37,045,43489,1264,2662,395,2748,516,38079,1479,35837,1261,2172,331,3817,542,266,144,1,3,0,32,785,303,93,106,352,159,46,49,2697,581,85,72,7386,713,2824,388,4562,648,29832,745,3508,490,26324,795
2019-2023,North Carolina,Columbus County,0500000US37047,50453,0,19227,415,3617,462,1974,306,1643,333,15610,548,48184,5406,37,047,19170,701,1177,271,1608,355,16385,813,16277,743,1004,224,1465,362,88,64,0,32,0,32,399,248,53,86,101,67,5,10,928,232,27,33,4293,406,1840,288,2453,391,14934,474,1777,354,13157,511
2019-2023,North Carolina,Craven County,0500000US37049,101074,0,41472,606,5645,591,2825,421,2820,362,35827,878,64635,3733,37,049,42529,1056,2946,521,2444,569,37139,1289,34585,1271,2319,471,3408,627,256,186,104,98,4,7,421,175,200,165,1049,429,20,25,2962,422,147,110,5565,570,2373,381,3192,448,35907,767,3272,460,32635,942
2019-2023,North Carolina,Cumberland County,0500000US37051,336749,0,128118,643,21071,896,10944,651,10127,649,107047,935,58780,855,37,051,141564,1378,10553,785,11094,914,119917,1654,114719,1492,7347,720,12520,1038,1373,275,694,182,186,82,1262,219,257,86,2369,390,391,180,10000,628,999,181,24138,945,9768,659,14370,761,103980,1079,11303,719,92677,947
2019-2023,North Carolina,Currituck County,0500000US37053,29612,0,11497,281,901,206,489,153,412,141,10596,338,91548,8181,37,053,15077,523,308,133,328,101,14441,543,11947,601,235,109,1699,351,53,41,10,14,0,25,64,69,5,11,102,68,0,25,1255,251,15,19,633,174,316,143,317,100,10864,325,585,170,10279,341
2019-2023,North Carolina,Dare County,0500000US37055,37534,0,16483,769,1046,250,518,175,528,164,15437,786,81214,5786,37,055,18773,634,809,247,1124,265,16840,613,13852,713,634,228,1511,337,110,72,0,29,0,29,381,152,0,29,340,166,5,9,2689,376,60,49,872,257,318,161,554,182,15611,771,728,187,14883,781
2019-2023,North Carolina,Davidson County,0500000US37057,171063,0,68512,656,9156,840,5001,618,4155,634,59356,939,62426,2147,37,057,76260,1533,3973,661,4996,789,67291,1657,60804,1582,3172,572,7319,891,373,175,48,50,5,11,658,219,92,105,748,279,173,172,6683,837,158,70,9151,775,4024,537,5127,653,59361,969,5132,704,54229,1055
2019-2023,North Carolina,Davie County,0500000US37059,43526,0,16873,393,1473,286,898,239,575,172,15400,436,73234,3342,37,059,19625,610,706,201,910,293,18009,712,15788,652,571,184,2120,423,133,78,17,27,2,4,92,74,0,29,170,135,0,29,1438,303,0,29,1737,313,617,189,1120,261,15136,435,856,202,14280,462
2019-2023,North Carolina,Duplin County,0500000US37061,49053,0,20096,420,3261,393,1657,263,1604,264,16835,489,51880,3505,37,061,21566,637,1792,341,1556,352,18218,706,17311,809,1289,271,2454,530,306,152,2,4,2,4,262,140,143,106,378,138,3,7,1159,247,49,39,3391,506,1621,346,1770,313,16705,559,1640,307,15065,570
2019-2023,North Carolina,Durham County,0500000US37063,329405,0,138502,984,14789,1006,6253,796,8536,780,123713,1383,79501,2416,37,063,168712,1947,8122,891,8681,927,151909,2132,111804,2368,5307,688,13873,1545,1133,398,3399,604,576,250,2616,508,191,159,2831,529,95,60,34189,1751,820,263,12595,922,4515,582,8080,869,125907,1378,10274,771,115633,1609
2019-2023,North Carolina,Edgecombe County,0500000US37065,48777,0,19533,400,3932,455,2441,387,1491,277,15601,443,48480,3492,37,065,20135,763,2053,394,1563,352,16519,851,15866,739,1385,356,1786,383,202,135,154,165,144,163,232,99,22,25,488,214,220,170,1609,316,80,59,4724,457,2567,365,2157,390,14809,467,1365,300,13444,514
2019-2023,North Carolina,Forsyth County,0500000US37067,386740,0,155743,1119,21470,1109,9508,844,11962,815,134273,1413,65541,1422,37,067,177526,2095,12116,855,11541,1207,153869,2164,134397,2489,8441,710,14764,1219,1727,489,1432,385,307,152,2210,391,390,234,2410,454,407,220,22313,1294,844,289,20884,1305,9007,795,11877,981,134859,1564,12463,1006,122396,1566
2019-2023,North Carolina,Franklin County,0500000US37069,71962,0,27442,512,2988,454,1417,306,1571,333,24454,674,71386,3973,37,069,33312,919,1809,411,1693,342,29810,1097,26536,771,1246,340,2980,521,293,182,35,42,0,32,146,68,6,9,168,120,0,32,3447,507,264,198,3533,374,1290,296,2243,332,23909,568,1698,374,22211,681
2019-2023,North Carolina,Gaston County,0500000US37071,231485,0,92287,692,12739,888,5732,629,7007,635,79548,1004,65472,1905,37,071,107840,1631,5758,662,6920,862,95162,2005,84368,1665,3908,549,9836,978,982,297,488,189,31,33,1073,342,99,67,1012,257,190,113,11063,621,548,272,14707,686,6103,606,8604,673,77580,945,6636,620,70944,1071
2019-2023,North Carolina,Gates County,0500000US37073,10437,0,4219,176,479,141,190,104,289,119,3740,209,61612,6651,37,073,4332,374,84,75,207,139,4041,414,3699,342,84,75,403,197,0,21,0,21,0,21,15,17,0,21,72,53,0,21,143,71,0,21,538,157,207,84,331,132,3681,223,272,118,3409,234
2019-2023,North Carolina,Graham County,0500000US37075,8041,0,3312,218,443,147,130,69,313,125,2869,258,49038,8920,37,075,3150,269,199,95,177,87,2774,295,2601,273,132,75,382,124,45,56,0,19,0,19,44,40,22,24,81,65,0,19,42,31,0,19,404,128,160,87,244,99,2908,251,283,116,2625,263
2019-2023,North Carolina,Granville County,0500000US37077,61439,0,22176,484,2875,435,1721,357,1154,262,19301,625,70975,3834,37,077,26082,1145,1222,375,1266,403,23594,1141,20880,893,995,319,1928,480,63,40,41,65,0,32,80,72,4,9,235,87,18,21,2918,435,142,92,2747,409,1233,250,1514,299,19429,627,1642,352,17787,681
2019-2023,North Carolina,Greene County,0500000US37079,20421,0,6831,230,1375,216,683,145,692,156,5456,270,50904,4679,37,079,7966,492,944,232,588,194,6434,489,6998,415,787,207,624,199,84,64,0,25,0,25,44,46,25,41,7,8,0,25,293,145,48,48,1533,240,749,178,784,177,5298,276,626,150,4672,271
2019-2023,North Carolina,Guilford County,0500000US37081,542987,0,215807,1189,31573,1392,14476,1053,17097,1184,184234,1635,66027,1584,37,081,255401,3126,18030,1223,16388,1478,220983,3230,191697,3508,12520,1141,21506,1614,2380,504,3813,742,845,373,3113,532,670,299,4215,701,320,124,31057,1648,1295,333,32247,1374,14299,1048,17948,1193,183560,1659,17274,1080,166286,1764
2019-2023,North Carolina,Halifax County,0500000US37083,48219,0,20269,496,5369,570,2641,459,2728,359,14900,633,45071,3222,37,083,17633,788,1695,320,1421,259,14517,829,13582,706,939,232,1930,343,490,205,1,3,1,3,161,93,30,42,686,228,77,54,1273,264,158,116,6036,484,3404,444,2632,338,14233,572,1965,310,12268,604
2019-2023,North Carolina,Harnett County,0500000US37085,136503,0,48639,502,6967,607,3698,467,3269,404,41672,726,69012,3266,37,085,58305,1123,3544,574,3302,480,51459,1371,46823,1228,2718,526,6009,729,572,221,24,34,2,8,804,265,88,58,538,223,35,45,4107,480,129,77,6997,632,3112,449,3885,576,41642,741,3855,458,37787,774
2019-2023,North Carolina,Haywood County,0500000US37087,62432,0,26772,550,3457,563,1360,322,2097,447,23315,669,61001,3705,37,087,27369,996,1161,338,1795,357,24413,1041,21613,821,689,208,2622,556,322,216,8,13,0,32,720,462,27,28,288,183,13,20,2118,341,110,71,3445,563,1507,393,1938,409,23327,711,1950,417,21377,725
2019-2023,North Carolina,Henderson County,0500000US37089,117387,0,50423,624,5727,556,3104,508,2623,394,44696,759,67623,3013,37,089,53171,1170,3600,597,3359,582,46212,1272,41878,1260,2700,456,5030,710,539,272,70,63,41,47,350,133,40,63,932,298,177,160,4911,535,103,63,4575,577,1583,354,2992,445,45848,741,4144,498,41704,824
2019-2023,North Carolina,Hertford County,0500000US37091,20492,0,8329,224,1667,236,729,160,938,187,6662,296,47472,4340,37,091,7891,290,946,224,627,214,6318,350,6163,336,683,220,1027,193,172,98,68,76,7,11,92,51,0,25,189,90,20,16,352,130,64,48,2129,250,971,197,1158,176,6200,294,696,152,5504,321
2019-2023,North Carolina,Hoke County,0500000US37093,53102,0,18763,262,3363,343,1593,247,1770,313,15400,405,60095,3320,37,093,21631,723,1574,278,1797,402,18260,775,17553,769,1290,262,2164,370,176,93,176,183,33,42,185,121,16,23,204,91,0,32,1349,328,59,46,3615,352,1548,213,2067,318,15148,432,1815,275,13333,481
2019-2023,North Carolina,Hyde County,0500000US37095,4625,0,2115,280,384,166,220,132,164,101,1731,285,47338,8581,37,095,1593,363,301,160,76,81,1216,321,1186,280,151,103,301,143,138,98,6,10,0,14,5,11,0,14,70,60,0,14,25,32,12,24,498,185,149,85,349,176,1617,256,235,135,1382,261
2019-2023,North Carolina,Iredell County,0500000US37097,191800,0,73913,648,7024,652,3840,505,3184,397,66889,754,78678,2411,37,097,93622,1536,4014,588,3711,599,85897,1641,69999,1624,2686,441,8414,867,787,320,272,176,0,32,1179,420,77,54,1133,256,109,89,12625,810,355,132,5521,576,1903,337,3618,465,68392,811,5121,575,63271,816
2019-2023,North Carolina,Jackson County,0500000US37099,43089,0,18164,640,3406,447,1045,255,2361,386,14758,674,53479,4388,37,099,17406,840,1739,310,1567,407,14100,832,14768,755,1362,304,1115,251,189,102,0,29,0,29,278,131,111,102,220,144,17,23,1025,356,60,76,1894,357,1019,257,875,237,16270,696,2387,376,13883,685
2019-2023,North Carolina,Johnston County,0500000US37101,226623,0,82293,726,9373,1045,4882,697,4491,744,72920,1212,79838,2522,37,101,109718,1343,4867,838,6447,1261,98404,1841,84988,2069,3726,748,8831,1188,613,200,80,93,58,87,721,267,9,16,776,249,50,55,14322,1223,411,172,9912,991,4546,730,5366,716,72381,1290,4827,768,67554,1363
2019-2023,North Carolina,Jones County,0500000US37103,9245,0,3915,127,805,178,427,150,378,112,3110,202,55659,5162,37,103,3820,220,418,127,324,111,3078,277,3098,213,335,117,513,150,45,40,2,6,0,19,54,47,5,9,64,48,33,39,89,56,0,19,780,162,374,119,406,94,3135,191,431,146,2704,221
2019-2023,North Carolina,Lee County,0500000US37105,64565,0,24659,389,3643,475,2267,385,1376,307,21016,535,63060,2807,37,105,29122,823,2151,437,2056,495,24915,1047,23499,1016,1624,404,3028,558,328,143,55,65,0,32,449,228,123,112,422,197,26,44,1669,335,50,46,3943,499,1910,363,2033,380,20716,586,1733,329,18983,618
2019-2023,North Carolina,Lenoir County,0500000US37107,54917,0,22930,519,5026,573,2367,364,2659,474,17904,698,44795,2264,37,107,22240,737,2505,508,2150,370,17585,748,18365,767,1772,472,2697,455,488,204,109,104,0,32,262,122,97,70,162,103,42,56,645,193,106,73,5931,555,2639,368,3292,440,16999,663,2387,453,14612,750
2019-2023,North Carolina,Lincoln County,0500000US37109,90359,0,35681,468,3741,657,1762,372,1979,561,31940,774,78490,3290,37,109,42738,1087,1360,394,2166,519,39212,1194,33808,1375,990,356,2640,464,120,80,75,69,0,32,279,135,19,36,793,311,51,85,5143,615,180,118,3752,562,1123,319,2629,482,31929,732,2618,608,29311,832
2019-2023,North Carolina,McDowell County,0500000US37111,44679,0,18445,450,2682,365,1179,238,1503,333,15763,529,55527,3603,37,111,18266,562,1054,265,1524,446,15688,746,15274,650,798,239,1632,290,129,106,6,12,6,12,234,88,47,53,152,119,0,29,968,249,74,61,3383,487,1307,260,2076,422,15062,553,1375,290,13687,532
2019-2023,North Carolina,Macon County,0500000US37113,37533,0,18090,659,2938,530,983,304,1955,440,15152,704,53298,3676,37,113,16109,643,994,295,1413,329,13702,718,13163,806,691,271,1292,286,63,69,30,45,10,23,217,149,17,25,284,199,62,94,1123,255,151,119,1708,399,934,337,774,197,16382,633,2004,464,14378,720
2019-2023,North Carolina,Madison County,0500000US37115,21640,0,8399,306,1269,277,417,143,852,241,7130,349,58628,5976,37,115,9387,481,327,185,666,342,8394,590,7198,420,190,120,930,198,128,95,13,22,0,25,118,70,8,17,51,54,0,25,1077,252,1,3,1010,236,681,215,329,124,7389,331,588,168,6801,360
2019-2023,North Carolina,Martin County,0500000US37117,21773,0,9361,323,1961,274,867,197,1094,221,7400,349,46793,3420,37,117,9068,468,1033,265,668,220,7367,513,7210,481,785,179,944,279,110,86,6,12,0,25,267,162,0,25,56,49,6,13,585,225,132,124,1774,294,1072,206,702,219,7587,343,889,211,6698,350
2019-2023,North Carolina,Mecklenburg County,0500000US37119,1130906,0,455494,1674,44575,1884,20009,1387,24566,1429,410919,2479,83765,1127,37,119,600740,3688,28172,1849,30927,2000,541641,4638,372342,4328,17308,1409,46379,2332,3394,516,11466,1127,1468,378,8714,919,795,351,8356,955,593,218,153483,3617,4614,774,38786,1445,14660,1217,24126,1246,416708,2039,29915,1474,386793,2514
2019-2023,North Carolina,Mitchell County,0500000US37121,14973,0,6411,313,1071,237,354,106,717,216,5340,329,58089,5374,37,121,6305,362,299,119,239,100,5767,374,5151,381,226,104,582,189,37,52,8,13,8,13,103,87,0,21,57,54,1,5,404,139,27,27,903,204,508,147,395,136,5508,324,563,171,4945,335
2019-2023,North Carolina,Montgomery County,0500000US37123,25874,0,10075,441,1611,288,927,241,684,161,8464,417,55849,3821,37,123,10733,456,797,245,872,290,9064,497,8940,511,595,207,909,278,62,65,3,8,0,25,154,82,12,12,110,56,27,36,617,218,101,120,2088,327,966,251,1122,279,7987,385,645,157,7342,406
2019-2023,North Carolina,Moore County,0500000US37125,102840,0,42814,661,4416,502,1636,306,2780,434,38398,734,82837,3212,37,125,44627,1139,1972,404,2021,479,40634,1295,33964,1084,1424,303,3086,574,334,201,94,85,3,14,375,202,0,32,2028,473,37,37,5080,620,174,106,3360,492,1520,375,1840,314,39454,696,2896,399,36558,741
2019-2023,North Carolina,Nash County,0500000US37127,95451,0,38123,595,5717,501,2589,409,3128,487,32406,791,60704,2284,37,127,41960,1163,2347,428,2891,619,36722,1313,34252,1205,2094,399,2825,462,127,68,97,137,25,34,165,100,16,16,573,331,0,32,4048,522,85,67,7233,711,2657,443,4576,632,30890,880,3060,433,27830,863
2019-2023,North Carolina,New Hanover County,0500000US37129,231214,0,102376,1001,12855,985,4011,600,8844,900,89521,1256,72892,1510,37,129,115601,1566,7624,1102,8023,1078,99954,1843,84094,1968,5783,1023,7850,836,942,296,259,140,100,89,1223,331,86,57,1445,304,153,91,20730,1204,560,205,9301,777,3695,509,5606,634,93075,1230,9160,903,83915,1339
2019-2023,North Carolina,Northampton County,0500000US37131,17212,0,7597,305,1646,252,703,183,943,180,5951,337,47935,3311,37,131,6501,285,464,155,379,116,5658,331,5481,298,331,131,448,149,43,36,0,21,0,21,23,20,0,21,144,83,21,35,405,106,69,64,2001,273,965,197,1036,206,5596,308,681,192,4915,304
2019-2023,North Carolina,Onslow County,0500000US37133,208537,0,72516,972,8513,805,5129,720,3384,531,64003,1190,64568,1873,37,133,86587,1566,4316,695,6857,1069,75414,1889,67390,1670,2875,572,7094,955,710,226,52,46,0,32,1260,463,142,104,2533,570,285,170,8258,949,304,174,8724,1122,3179,650,5545,856,63792,1364,5334,630,58458,1334
2019-2023,North Carolina,Orange County,0500000US37135,147292,0,56456,642,7421,632,1835,289,5586,571,49035,755,88553,2184,37,135,68513,1323,5063,637,3113,553,60337,1363,40440,1216,2808,442,4693,654,365,170,2913,456,459,151,1909,346,377,129,2029,462,222,158,16529,719,832,272,2957,361,1470,318,1487,263,53499,739,5951,609,47548,700
2019-2023,North Carolina,Pamlico County,0500000US37137,12315,0,5228,216,701,131,262,90,439,119,4527,227,61624,4808,37,137,4429,257,179,76,272,129,3978,264,3643,284,127,71,186,70,18,22,20,24,0,21,15,19,1,2,92,49,18,16,473,117,15,16,470,95,261,76,209,69,4758,222,440,105,4318,223
2019-2023,North Carolina,Pasquotank County,0500000US37139,40830,0,15394,361,1815,299,688,218,1127,215,13579,419,63912,5566,37,139,17793,658,766,276,1282,354,15745,770,13621,806,575,258,1969,481,126,94,0,29,0,29,334,187,21,34,336,155,10,14,1533,561,34,30,2635,412,1153,263,1482,333,12759,476,662,164,12097,487
2019-2023,North Carolina,Pender County,0500000US37141,63475,0,24152,477,2609,429,1131,280,1478,338,21543,503,76838,3877,37,141,29000,869,1667,443,1453,395,25880,964,21951,984,1200,375,3272,520,339,234,97,75,73,68,315,157,2,4,52,48,2,3,3313,456,51,46,2924,395,1002,261,1922,339,21228,545,1607,319,19621,542
2019-2023,North Carolina,Perquimans County,0500000US37143,13146,0,5580,273,643,173,289,109,354,143,4937,244,61224,5469,37,143,4968,371,278,138,224,106,4466,404,4087,403,209,130,439,154,51,36,12,18,0,21,24,25,8,21,79,55,10,13,327,124,0,21,850,195,360,125,490,152,4730,287,283,109,4447,258
2019-2023,North Carolina,Person County,0500000US37145,39275,0,16211,384,3166,479,1497,361,1669,363,13045,491,64927,4000,37,145,18770,607,1535,345,787,244,16448,702,14253,760,1043,310,1249,351,282,229,99,96,0,29,226,188,0,29,774,339,99,111,2169,417,111,88,3355,478,1671,441,1684,339,12856,548,1495,276,11361,502
2019-2023,North Carolina,Pitt County,0500000US37147,172279,0,73404,848,14532,946,4789,578,9743,801,58872,1114,58851,2190,37,147,80556,1618,8510,858,6262,921,65784,1687,61179,1811,6350,745,7310,819,626,242,547,226,237,142,1755,543,504,285,880,281,53,43,8885,827,740,276,10744,895,4923,554,5821,769,62660,1109,9609,885,53051,1169
2019-2023,North Carolina,Polk County,0500000US37149,19689,0,8727,219,1234,284,528,140,706,221,7493,337,61005,5732,37,149,8512,375,760,294,440,192,7312,357,6346,429,411,147,939,203,138,97,0,21,0,21,165,86,71,68,28,23,7,7,1034,268,133,132,788,183,320,122,468,143,7939,270,914,262,7025,358
2019-2023,North Carolina,Randolph County,0500000US37151,145322,0,56970,563,7894,741,4283,603,3611,540,49076,885,59047,2415,37,151,66510,1476,4043,541,4475,659,57992,1646,54229,1503,3212,459,7113,931,542,217,15,15,0,32,256,125,0,32,695,263,66,79,4202,691,223,133,8414,768,3591,594,4823,606,48556,873,4303,564,44253,920
2019-2023,North Carolina,Richmond County,0500000US37153,42818,0,16863,435,4083,459,2254,405,1829,394,12780,577,43626,5421,37,153,17349,899,1308,321,1820,529,14221,913,15032,894,862,262,1569,336,346,183,38,56,38,56,125,92,0,29,113,69,15,24,472,185,47,62,4966,532,2908,420,2058,431,11897,599,1175,252,10722,543
2019-2023,North Carolina,Robeson County,0500000US37155,116858,0,42744,300,11879,449,6223,416,5656,344,30865,499,40318,1300,37,155,42063,938,4369,390,4399,463,33295,1014,35861,886,3574,345,3471,394,358,122,143,65,13,16,454,130,121,74,522,128,98,50,1612,287,205,97,13724,478,6960,409,6764,389,29020,474,4919,322,24101,501
2019-2023,North Carolina,Rockingham County,0500000US37157,91585,0,39018,637,6607,748,3342,569,3265,508,32411,726,55796,1938,37,157,39715,881,2644,507,2040,369,35031,1126,32453,894,2043,449,3603,630,340,178,43,41,0,32,698,240,35,43,916,305,121,131,2002,386,105,47,6826,612,3127,481,3699,405,32192,774,3480,586,28712,768
2019-2023,North Carolina,Rowan County,0500000US37159,148487,0,57762,637,8996,802,4728,593,4268,593,48766,905,63196,2324,37,159,65638,1469,4862,781,4290,688,56486,1549,52238,1550,3074,612,6503,785,937,350,192,136,90,112,604,202,84,64,1034,327,206,178,5067,586,471,240,9388,793,4862,697,4526,608,48374,897,4134,576,44240,890
2019-2023,North Carolina,Rutherford County,0500000US37161,64850,0,26589,473,4802,547,2268,371,2534,422,21787,697,49771,2569,37,161,26325,1005,2266,359,2389,382,21670,1111,21377,972,1523,298,2377,434,471,225,26,33,13,19,346,135,58,59,424,135,20,23,1775,378,181,114,5114,508,2570,427,2544,371,21475,710,2232,416,19243,729
2019-2023,North Carolina,Sampson County,0500000US37163,59245,0,21321,437,3861,531,1996,366,1865,359,17460,582,53159,5005,37,163,24094,774,1782,426,1678,369,20634,882,19876,735,1279,375,2619,488,318,176,131,83,35,32,173,92,26,25,210,105,14,18,1085,256,110,82,4220,402,1849,343,2371,305,17101,471,2012,376,15089,512
2019-2023,North Carolina,Scotland County,0500000US37165,34353,0,12376,238,3098,297,1820,226,1278,203,9278,364,43500,2777,37,165,12563,528,1549,283,1109,214,9905,547,10274,486,1209,267,1486,228,301,85,12,13,4,5,112,56,8,12,171,102,17,33,508,163,10,15,3811,275,2019,242,1792,239,8565,332,1079,195,7486,332
2019-2023,North Carolina,Stanly County,0500000US37167,63557,0,24436,447,3482,455,1690,272,1792,348,20954,558,61631,4099,37,167,27564,845,1648,357,1473,312,24443,916,22137,824,867,221,2908,422,506,242,116,82,93,71,118,78,3,5,153,87,29,32,2132,382,150,174,3757,411,1842,272,1915,340,20679,537,1640,345,19039,582
2019-2023,North Carolina,Stokes County,0500000US37169,44889,0,19374,365,2388,376,1133,325,1255,305,16986,445,60039,2412,37,169,19649,780,811,294,1253,417,17585,957,16659,826,681,267,1480,401,104,74,5,18,0,29,102,76,0,29,133,84,0,29,1270,327,26,29,2740,491,1089,268,1651,408,16634,592,1299,286,15335,584
2019-2023,North Carolina,Surry County,0500000US37171,71407,0,29366,394,5333,455,2599,359,2734,392,24033,575,56095,3150,37,171,31227,861,2169,460,2405,399,26653,972,25248,795,1512,311,3794,524,491,225,44,34,0,32,268,143,78,69,169,80,5,18,1704,269,83,52,5412,546,2605,379,2807,404,23954,645,2728,347,21226,651
2019-2023,North Carolina,Swain County,0500000US37173,14065,0,5837,316,1041,191,560,156,481,135,4796,350,55429,6686,37,173,5670,376,381,130,388,168,4901,378,4624,375,235,108,486,155,107,84,74,59,9,15,69,59,16,27,108,78,0,21,309,152,14,17,840,172,468,146,372,130,4997,336,573,130,4424,355
2019-2023,North Carolina,Transylvania County,0500000US37175,33243,0,14590,482,2255,387,819,222,1436,314,12335,539,64523,5307,37,175,13369,660,914,191,636,208,11819,708,10252,634,680,165,1237,253,157,95,56,62,32,56,237,139,1,2,151,86,0,29,1436,319,44,48,1526,428,882,330,644,290,13064,597,1373,307,11691,574
2019-2023,North Carolina,Tyrrell County,0500000US37177,3376,0,1426,152,249,91,126,68,123,64,1177,148,43952,19342,37,177,1158,177,87,53,67,40,1004,198,880,187,70,50,168,103,12,20,0,14,0,14,7,12,0,14,0,14,0,14,103,77,5,9,372,142,95,57,277,125,1054,184,154,73,900,165
2019-2023,North Carolina,Union County,0500000US37179,244975,0,82231,626,6056,641,3743,479,2313,429,76175,862,99243,2455,37,179,121237,1726,3956,546,3738,531,113543,1973,85925,1768,2750,430,11290,950,786,245,212,100,0,32,757,218,48,42,1194,310,44,41,21859,1081,328,165,6235,636,1823,346,4412,593,75996,866,4233,536,71763,1064
2019-2023,North Carolina,Vance County,0500000US37181,42361,0,16081,399,2848,413,1432,303,1416,307,13233,525,46943,3266,37,181,17750,495,1765,419,1702,373,14283,759,14142,561,1416,384,1619,360,175,101,11,25,0,29,240,154,28,43,99,79,8,13,1639,402,138,105,3951,476,1825,334,2126,381,12130,567,1023,211,11107,590
2019-2023,North Carolina,Wake County,0500000US37183,1151009,0,445636,1867,35017,1644,14125,1147,20892,1172,410619,2465,101763,1289,37,183,600569,3575,25132,1590,24542,2075,550895,4210,386840,4669,16944,1488,36509,2461,2171,416,3887,661,883,264,7204,1013,576,188,9518,934,995,373,156611,3592,3563,546,27193,1734,9665,936,17528,1399,418443,2417,25352,1398,393091,2706
2019-2023,North Carolina,Warren County,0500000US37185,18751,0,7930,297,1643,282,851,202,792,193,6287,318,45279,3271,37,185,7052,412,939,263,982,281,5131,425,5550,345,642,229,666,169,134,72,9,13,2,6,99,51,0,21,99,60,11,20,629,187,150,79,1811,261,787,202,1024,219,6119,323,856,191,5263,307
2019-2023,North Carolina,Washington County,0500000US37187,10905,0,4832,263,1250,280,498,186,752,232,3582,290,41750,7274,37,187,3965,359,301,187,337,139,3327,399,2948,316,187,111,656,209,114,106,0,21,0,21,62,68,0,21,101,101,0,21,198,119,0,21,1592,321,951,277,641,203,3240,301,299,117,2941,300
2019-2023,North Carolina,Watauga County,0500000US37189,54607,0,21187,634,5234,596,852,271,4382,550,15953,608,51367,3383,37,189,24801,902,4589,672,2314,530,17898,896,18806,1001,3970,593,2519,421,177,110,285,234,140,155,644,192,161,97,211,121,0,32,2336,434,141,98,1395,296,692,218,703,213,19792,614,4542,569,15250,575
2019-2023,North Carolina,Wayne County,0500000US37191,117606,0,46888,589,7193,600,3780,520,3413,397,39695,739,58082,2512,37,191,51722,1331,3957,583,4953,647,42812,1573,42471,1415,2788,425,6263,721,930,302,216,114,101,86,282,129,89,72,425,176,29,26,2065,408,20,26,8993,764,4148,522,4845,621,37895,902,3045,481,34850,811
2019-2023,North Carolina,Wilkes County,0500000US37193,65983,0,26975,518,4260,536,2277,407,1983,363,22715,636,50438,3044,37,193,28264,1036,1828,453,2357,491,24079,1112,22922,1048,1409,404,2603,617,279,183,56,43,25,27,320,156,41,47,75,55,0,32,2288,487,74,60,3967,502,2210,358,1757,343,23008,645,2050,371,20958,693
2019-2023,North Carolina,Wilson County,0500000US37195,78648,0,32860,483,6769,643,3185,459,3584,479,26091,709,51381,1884,37,195,33127,938,2791,467,3128,539,27208,1126,26931,994,1712,406,3069,553,574,201,40,41,25,36,425,197,244,189,504,211,41,41,2158,375,195,115,6033,576,3110,456,2923,384,26827,682,3659,483,23168,719
2019-2023,North Carolina,Yadkin County,0500000US37197,37419,0,14893,364,1918,318,817,186,1101,259,12975,367,60321,3020,37,197,16807,634,1133,298,1461,438,14213,688,14162,698,786,213,1206,301,173,131,95,123,2,3,219,113,71,60,144,72,0,29,981,205,101,87,1901,299,842,211,1059,196,12992,412,1076,272,11916,419
2019-2023,North Carolina,Yancey County,0500000US37199,18676,0,8188,286,1377,234,474,140,903,215,6811,266,54961,5646,37,199,7485,380,590,229,317,136,6578,438,6020,494,369,197,545,177,99,73,9,15,0,21,103,61,54,52,160,119,34,54,648,205,34,29,1076,190,607,144,469,139,7112,295,770,201,6342,280
2019-2023,North Dakota,Adams County,0500000US38001,2179,0,1019,73,164,52,54,25,110,53,855,76,55417,6043,38,001,953,86,68,39,39,24,846,77,678,80,14,14,100,37,9,9,0,10,0,10,31,22,2,5,6,7,0,10,138,51,43,30,118,44,68,35,50,29,901,78,96,42,805,76
2019-2023,North Dakota,Barnes County,0500000US38003,10794,0,4852,154,564,128,177,74,387,122,4288,162,70230,6928,38,003,5134,214,245,78,214,69,4675,246,4198,243,200,68,443,139,13,18,0,16,0,16,212,85,11,15,37,36,17,28,244,67,4,7,334,104,157,74,177,71,4518,176,407,112,4111,187
2019-2023,North Dakota,Benson County,0500000US38005,5861,0,1922,91,435,77,278,69,157,42,1487,106,68049,5331,38,005,2072,134,125,49,186,69,1761,138,1512,111,76,34,245,65,9,13,0,15,0,15,131,44,34,22,90,44,5,7,94,31,1,4,367,60,203,58,164,40,1555,101,232,55,1323,97
2019-2023,North Dakota,Billings County,0500000US38007,948,0,372,54,48,24,34,23,14,10,324,49,81250,11700,38,007,479,67,34,22,10,10,435,65,326,62,24,20,50,31,0,10,0,10,0,10,50,28,7,8,0,10,0,10,53,27,3,4,0,10,0,10,0,10,372,54,48,24,324,49
2019-2023,North Dakota,Bottineau County,0500000US38009,6390,0,2695,142,221,69,71,34,150,54,2474,155,83460,7717,38,009,2897,120,120,47,132,62,2645,138,2223,151,64,34,219,62,33,20,0,15,0,15,225,65,8,9,76,50,15,20,154,53,0,15,162,53,86,37,76,36,2533,143,135,52,2398,151
2019-2023,North Dakota,Bowman County,0500000US38011,2935,0,1237,71,112,41,58,32,54,26,1125,85,83773,5253,38,011,1430,94,42,21,30,27,1358,102,1001,92,20,15,149,33,7,9,12,11,3,4,136,55,0,10,24,20,12,15,108,39,0,10,41,22,14,13,27,18,1196,70,98,40,1098,84
2019-2023,North Dakota,Burke County,0500000US38013,2163,0,931,67,63,27,4,5,59,26,868,65,96339,8125,38,013,998,82,14,15,22,14,962,84,710,68,2,4,90,37,0,10,0,10,0,10,83,38,10,13,6,6,0,10,109,42,2,5,45,22,36,22,9,6,886,62,27,15,859,65
2019-2023,North Dakota,Burleigh County,0500000US38015,98986,0,40361,473,3802,477,1252,341,2550,377,36559,631,84948,3467,38,015,49283,968,1878,399,1639,338,45766,1118,39646,1158,1586,338,4353,572,154,97,84,89,2,7,760,161,69,56,494,163,39,54,3946,571,28,24,2289,500,1216,366,1073,321,38072,637,2586,341,35486,659
2019-2023,North Dakota,Cass County,0500000US38017,189286,0,81668,715,8835,835,2165,489,6670,683,72833,1003,75023,2048,38,017,107131,1341,7696,890,5260,622,94175,1774,85533,1504,5902,772,7008,771,613,213,747,284,121,126,2266,423,417,172,2054,410,299,139,9523,1049,344,313,4937,633,2599,492,2338,417,76731,774,6236,666,70495,1017
2019-2023,North Dakota,Cavalier County,0500000US38019,3663,0,1539,97,149,56,46,30,103,50,1390,102,67064,11066,38,019,1714,107,66,41,32,25,1616,110,1323,117,56,37,184,67,0,10,0,10,0,10,41,23,3,4,9,8,0,10,157,58,7,10,43,31,11,11,32,28,1496,95,138,57,1358,96
2019-2023,North Dakota,Dickey County,0500000US38021,4959,0,1953,100,280,84,91,44,189,73,1673,106,63125,8015,38,021,2450,123,214,88,113,50,2123,130,1813,126,144,65,226,67,34,30,0,10,0,10,130,100,13,15,56,29,0,10,225,80,23,21,124,46,80,34,44,30,1829,98,200,78,1629,109
2019-2023,North Dakota,Divide County,0500000US38023,2174,0,935,68,74,34,38,26,36,25,861,65,89297,23559,38,023,989,89,22,19,52,37,915,89,782,84,20,19,42,29,0,10,0,10,0,10,68,42,2,3,22,16,0,10,75,41,0,10,39,25,25,22,14,14,896,69,49,25,847,63
2019-2023,North Dakota,Dunn County,0500000US38025,4043,0,1513,89,85,28,34,19,51,25,1428,93,94688,6725,38,025,1870,109,41,23,98,46,1731,115,1326,111,22,13,148,54,3,5,2,4,0,10,73,40,0,10,52,51,0,10,269,60,16,18,43,29,10,12,33,25,1470,95,75,25,1395,94
2019-2023,North Dakota,Eddy County,0500000US38027,2319,0,1142,72,134,45,55,28,79,43,1008,72,55389,3367,38,027,1133,91,41,21,132,50,960,103,850,98,9,9,83,31,10,11,8,10,0,10,82,31,13,9,21,19,3,5,89,30,6,8,68,24,30,19,38,22,1074,73,104,41,970,71
2019-2023,North Dakota,Emmons County,0500000US38029,3269,0,1516,82,186,44,42,23,144,42,1330,78,67368,7581,38,029,1498,72,27,16,82,35,1389,79,1075,81,18,13,107,35,9,9,5,8,0,10,108,37,0,10,17,20,0,10,186,52,0,10,125,49,63,36,62,30,1391,83,123,32,1268,81
2019-2023,North Dakota,Foster County,0500000US38031,3372,0,1515,87,208,76,49,28,159,70,1307,99,83412,11152,38,031,1835,89,86,51,96,65,1653,128,1451,129,58,31,168,69,8,12,0,10,0,10,35,23,2,5,47,34,18,25,134,58,0,10,148,67,80,53,68,45,1367,108,128,56,1239,100
2019-2023,North Dakota,Golden Valley County,0500000US38033,1679,0,663,57,102,44,62,36,40,24,561,60,76528,22863,38,033,773,90,59,31,24,16,690,96,678,80,39,27,15,11,1,3,1,2,0,10,47,21,17,12,30,33,2,3,2,3,0,10,106,53,41,27,65,41,557,57,61,34,496,61
2019-2023,North Dakota,Grand Forks County,0500000US38035,72764,0,31045,387,4643,436,1134,225,3509,349,26402,532,68450,2748,38,035,38304,748,3821,487,2715,453,31768,843,31006,745,2704,395,3288,466,376,161,319,148,146,91,1008,232,300,109,612,258,217,217,2071,338,78,51,2033,291,1150,245,883,208,29012,462,3493,356,25519,534
2019-2023,North Dakota,Grant County,0500000US38037,2276,0,1072,60,200,39,68,23,132,35,872,52,56750,7824,38,037,1013,79,70,26,61,31,882,81,646,75,55,25,89,28,5,6,0,10,0,10,81,29,6,7,20,10,2,3,177,52,2,3,112,27,66,23,46,18,960,61,134,34,826,55
2019-2023,North Dakota,Griggs County,0500000US38039,2340,0,946,72,124,37,44,22,80,27,822,72,64737,13061,38,039,1101,102,40,22,14,11,1047,106,744,94,9,6,133,41,22,18,0,10,0,10,89,64,7,6,21,18,2,3,114,48,0,10,46,22,34,18,12,12,900,72,90,34,810,71
2019-2023,North Dakota,Hettinger County,0500000US38041,2453,0,1107,51,128,39,35,22,93,33,979,51,70827,6118,38,041,1149,64,43,23,46,30,1060,73,833,88,33,20,73,45,0,10,0,10,0,10,98,38,10,13,29,19,0,10,116,47,0,10,46,26,29,25,17,11,1061,49,99,30,962,51
2019-2023,North Dakota,Kidder County,0500000US38043,2374,0,1129,67,127,41,41,19,86,38,1002,76,61850,5422,38,043,986,85,54,37,36,24,896,87,657,93,52,37,116,38,2,4,0,10,0,10,15,10,0,10,5,5,0,10,193,58,0,10,37,20,16,13,21,13,1092,72,111,38,981,78
2019-2023,North Dakota,LaMoure County,0500000US38045,4107,0,1712,80,161,51,59,25,102,40,1551,87,70263,8471,38,045,2027,115,132,48,50,21,1845,129,1468,122,86,36,201,52,26,26,0,10,0,10,103,49,0,10,22,15,0,10,233,83,20,42,101,34,40,22,61,26,1611,78,121,41,1490,85
2019-2023,North Dakota,Logan County,0500000US38047,1848,0,773,62,92,33,38,20,54,26,681,57,61339,10125,38,047,881,75,51,35,74,30,756,82,583,75,32,19,113,39,15,18,0,10,0,10,50,28,0,10,8,6,1,3,127,43,3,5,39,14,23,12,16,9,734,63,69,31,665,56
2019-2023,North Dakota,McHenry County,0500000US38049,5264,0,2265,104,252,65,88,29,164,61,2013,111,80614,7259,38,049,2486,130,105,43,99,45,2282,132,1799,125,66,27,171,54,8,7,5,6,0,15,121,49,25,34,12,9,0,15,378,96,6,9,158,38,88,29,70,21,2107,106,164,58,1943,112
2019-2023,North Dakota,McIntosh County,0500000US38051,2512,0,1191,72,213,52,102,47,111,34,978,64,64236,5990,38,051,1254,97,103,46,63,40,1088,84,885,100,56,38,119,40,9,8,0,10,0,10,121,40,32,22,29,19,6,8,100,33,0,10,67,29,54,27,13,12,1124,69,159,43,965,63
2019-2023,North Dakota,McKenzie County,0500000US38053,14280,0,5910,252,515,143,357,132,158,89,5395,306,88289,3417,38,053,7038,337,395,209,312,144,6331,401,5363,406,113,68,721,293,208,193,16,18,0,16,250,116,6,8,104,83,6,20,584,249,62,90,182,108,120,83,62,62,5728,270,395,117,5333,311
2019-2023,North Dakota,McLean County,0500000US38055,9807,0,4261,151,390,83,140,49,250,76,3871,161,81847,6156,38,055,4523,169,165,43,103,48,4255,177,3351,156,138,43,491,108,18,14,3,4,0,15,208,69,1,2,73,41,0,15,397,85,8,9,175,59,58,27,117,48,4086,152,332,80,3754,161
2019-2023,North Dakota,Mercer County,0500000US38057,8341,0,3594,173,327,118,178,88,149,63,3267,164,79405,11005,38,057,3649,220,240,101,266,128,3143,230,3210,245,191,90,87,50,0,15,0,15,0,15,159,76,28,48,20,27,0,15,173,96,21,25,141,61,102,59,39,23,3453,175,225,101,3228,158
2019-2023,North Dakota,Morton County,0500000US38059,33479,0,13529,407,884,224,259,132,625,188,12645,447,79483,8023,38,059,18554,504,973,345,724,326,16857,629,15213,624,837,339,1464,307,52,75,2,3,0,22,170,85,31,41,186,114,35,44,1519,436,18,32,476,160,252,128,224,112,13053,439,632,184,12421,475
2019-2023,North Dakota,Mountrail County,0500000US38061,9567,0,3839,142,471,106,243,80,228,69,3368,163,81292,4639,38,061,4306,212,234,86,246,105,3826,262,3377,228,224,88,540,137,4,6,0,15,0,15,167,101,0,15,27,29,0,15,195,67,6,13,205,94,39,25,166,92,3634,169,432,103,3202,182
2019-2023,North Dakota,Nelson County,0500000US38063,3015,0,1295,89,115,33,44,20,71,29,1180,96,68051,7896,38,063,1345,149,29,19,21,15,1295,141,901,114,20,15,158,62,0,10,2,4,0,10,142,55,9,10,29,17,0,10,113,46,0,10,74,28,19,14,55,24,1221,88,96,33,1125,95
2019-2023,North Dakota,Oliver County,0500000US38065,1821,0,727,65,53,21,23,17,30,17,674,67,76953,16702,38,065,833,78,8,11,31,26,794,80,657,83,2,7,49,23,0,10,0,10,0,10,7,7,0,10,24,25,0,10,96,38,6,6,17,12,11,9,6,7,710,63,42,20,668,67
2019-2023,North Dakota,Pembina County,0500000US38067,6787,0,2959,106,260,59,110,39,150,44,2699,110,66884,5222,38,067,3075,138,70,29,219,69,2786,154,2335,128,37,23,341,70,4,5,6,9,6,9,111,45,11,13,55,24,6,9,227,60,6,5,253,73,88,37,165,59,2706,106,172,51,2534,111
2019-2023,North Dakota,Pierce County,0500000US38069,3961,0,1840,104,261,70,51,33,210,57,1579,101,63214,12449,38,069,1880,142,160,65,22,20,1698,167,1591,147,146,63,56,49,5,9,0,10,0,10,59,45,0,10,9,8,9,8,165,54,0,10,133,49,67,35,66,38,1707,111,194,61,1513,111
2019-2023,North Dakota,Ramsey County,0500000US38071,11563,0,5185,179,766,212,327,138,439,158,4419,255,61319,8907,38,071,5957,278,434,195,480,201,5043,365,4571,388,218,123,707,253,45,74,35,58,0,16,317,154,46,51,37,45,2,3,290,143,123,115,652,206,273,129,379,178,4533,238,493,180,4040,281
2019-2023,North Dakota,Ransom County,0500000US38073,5662,0,2305,72,209,61,107,49,102,40,2096,92,74521,4100,38,073,2755,135,111,46,80,43,2564,152,2093,177,45,30,284,87,26,24,0,15,0,15,100,54,2,5,6,10,0,15,272,111,38,36,119,37,65,30,54,27,2186,81,144,53,2042,90
2019-2023,North Dakota,Renville County,0500000US38075,2277,0,922,63,56,20,33,14,23,14,866,60,76311,2544,38,075,1175,82,47,21,38,20,1090,85,993,85,36,20,83,37,4,6,0,10,0,10,14,13,0,10,15,16,0,10,70,38,7,8,52,20,16,12,36,18,870,63,40,19,830,59
2019-2023,North Dakota,Richland County,0500000US38077,16550,0,6764,155,896,187,235,98,661,184,5868,202,72524,6646,38,077,7714,238,465,162,310,124,6939,282,6005,275,400,147,539,115,43,42,33,25,0,16,367,163,12,11,91,50,10,18,679,134,0,16,557,119,235,94,322,104,6207,209,661,188,5546,222
2019-2023,North Dakota,Rolette County,0500000US38079,12065,0,3686,122,913,143,509,122,404,99,2773,163,57355,8917,38,079,4274,241,380,95,375,109,3519,252,3228,274,174,57,718,175,151,59,2,3,0,16,115,53,35,30,41,45,4,6,170,48,16,18,881,159,517,114,364,107,2805,162,396,114,2409,170
2019-2023,North Dakota,Sargent County,0500000US38081,3822,0,1734,68,110,32,47,21,63,23,1624,68,77697,9732,38,081,2032,71,73,30,65,25,1894,83,1488,100,53,26,225,60,0,10,0,10,0,10,182,49,9,9,13,9,0,10,124,45,11,11,97,30,35,19,62,25,1637,65,75,24,1562,66
2019-2023,North Dakota,Sheridan County,0500000US38083,1327,0,676,49,84,40,35,28,49,27,592,51,67361,11508,38,083,636,64,26,25,26,20,584,67,430,63,26,25,90,26,0,10,0,10,0,10,59,32,0,10,1,2,0,10,56,20,0,10,51,22,22,13,29,16,625,50,62,38,563,52
2019-2023,North Dakota,Sioux County,0500000US38085,3789,0,1067,38,385,56,261,46,124,46,682,61,41676,2981,38,085,1035,91,146,48,86,37,803,84,726,94,120,44,148,45,18,19,6,6,1,3,55,22,0,10,3,5,0,10,97,30,7,6,390,59,291,56,99,31,677,63,94,32,583,59
2019-2023,North Dakota,Slope County,0500000US38087,795,0,340,47,30,15,21,14,9,7,310,44,62500,18082,38,087,392,62,2,4,45,26,345,63,235,51,2,4,26,11,0,10,0,10,0,10,80,60,0,10,6,6,0,10,45,13,0,10,14,10,2,2,12,9,326,47,28,15,298,45
2019-2023,North Dakota,Stark County,0500000US38089,33116,0,13217,399,1512,279,465,133,1047,263,11705,415,80744,3483,38,089,16123,489,974,269,744,234,14405,521,13154,589,795,265,1529,381,122,83,23,29,0,22,210,88,25,34,112,69,11,12,1095,323,21,22,844,219,415,184,429,142,12373,448,1097,262,11276,429
2019-2023,North Dakota,Steele County,0500000US38091,1731,0,731,68,91,39,65,40,26,17,640,63,80313,17692,38,091,792,69,60,35,17,13,715,74,567,65,58,35,77,27,0,10,0,10,0,10,58,21,2,3,2,4,0,10,88,41,0,10,19,13,8,9,11,7,712,69,83,37,629,64
2019-2023,North Dakota,Stutsman County,0500000US38093,21525,0,9295,269,1444,280,360,140,1084,277,7851,347,60172,5876,38,093,10259,427,727,205,387,169,9145,447,8306,528,628,197,985,294,56,74,6,9,4,6,268,106,25,34,79,64,1,5,615,186,13,16,655,191,334,155,321,125,8640,338,1110,265,7530,378
2019-2023,North Dakota,Towner County,0500000US38095,2113,0,958,70,142,55,40,25,102,50,816,83,63017,9685,38,095,1000,102,23,18,95,63,882,109,803,110,12,9,65,36,11,14,0,10,0,10,49,28,0,10,4,7,0,10,79,39,0,10,56,37,50,37,6,6,902,81,92,43,810,83
2019-2023,North Dakota,Traill County,0500000US38097,7980,0,3316,88,320,90,79,44,241,76,2996,106,88289,10237,38,097,3999,116,209,76,119,49,3671,154,3293,132,165,64,331,69,19,13,8,8,8,8,159,55,15,19,20,14,2,3,188,54,0,15,147,43,31,14,116,45,3169,94,289,89,2880,101
2019-2023,North Dakota,Walsh County,0500000US38099,10488,0,4450,107,507,137,169,64,338,109,3943,155,69976,5457,38,099,5133,181,293,117,179,66,4661,218,4078,202,204,107,583,146,37,30,18,17,0,16,192,71,36,36,34,32,7,7,228,47,9,8,217,80,107,71,110,55,4233,104,400,113,3833,142
2019-2023,North Dakota,Ward County,0500000US38101,69232,0,28290,570,2844,477,769,298,2075,361,25446,657,79273,2126,38,101,35993,720,1841,432,1185,264,32967,824,28666,867,1424,350,4186,663,156,175,32,30,6,9,488,186,59,45,594,251,51,38,2027,441,145,115,1704,344,774,248,930,295,26586,675,2070,379,24516,680
2019-2023,North Dakota,Wells County,0500000US38103,3942,0,1808,103,191,63,63,32,128,55,1617,99,61346,7324,38,103,1739,127,107,54,124,47,1508,128,1068,117,26,16,244,75,45,45,13,15,9,13,228,67,18,20,14,11,0,10,172,69,9,10,129,54,91,49,38,22,1679,103,100,34,1579,101
2019-2023,North Dakota,Williams County,0500000US38105,39368,0,15308,824,1368,347,537,193,831,285,13940,821,90224,4796,38,105,19844,681,703,258,1152,408,17989,865,16531,859,481,263,1790,502,214,114,43,60,0,22,674,356,1,2,179,135,7,10,627,282,0,22,908,328,588,251,320,215,14400,843,780,257,13620,835
2019-2023,Ohio,Adams County,0500000US39001,27510,0,10230,353,2132,309,1070,215,1062,201,8098,282,49521,4018,39,001,10204,414,672,165,846,246,8686,498,8574,473,499,127,734,245,106,71,75,61,0,24,148,84,16,21,134,111,38,46,539,178,13,23,2077,303,1318,257,759,221,8153,361,814,195,7339,314
2019-2023,Ohio,Allen County,0500000US39003,101685,0,40928,449,5213,478,2405,356,2808,319,35715,593,62001,2572,39,003,44846,932,2381,320,3173,477,39292,1037,37460,1156,1591,261,3862,444,394,153,222,106,34,36,578,175,103,73,697,205,135,102,2027,358,124,55,5395,497,2627,334,2768,412,35533,585,2586,315,32947,635
2019-2023,Ohio,Ashland County,0500000US39005,52296,0,20654,279,2414,353,1010,219,1404,281,18240,437,64991,3173,39,005,23842,617,1585,302,1508,338,20749,755,19357,669,1115,221,1821,356,238,130,27,23,11,14,525,164,93,51,679,229,79,74,1433,265,49,42,1772,300,859,234,913,204,18882,397,1555,277,17327,448
2019-2023,Ohio,Ashtabula County,0500000US39007,97343,0,38959,533,6513,465,3386,369,3127,387,32446,654,55507,1848,39,007,41224,901,3416,412,3486,546,34322,978,33008,1062,2607,355,4296,539,418,171,109,67,2,4,669,183,50,47,1287,310,237,118,1855,321,102,62,7209,600,3546,402,3663,464,31750,740,2967,342,28783,737
2019-2023,Ohio,Athens County,0500000US39009,61573,0,22722,426,5117,483,912,169,4205,480,17605,539,53837,3216,39,009,25481,779,4394,515,2310,366,18777,779,18162,781,2147,337,1852,379,168,79,212,120,100,90,1907,343,1220,318,394,144,109,81,2954,482,650,223,3325,381,1708,300,1617,306,19397,512,3409,385,15988,555
2019-2023,Ohio,Auglaize County,0500000US39011,46209,0,18951,225,1512,259,691,175,821,192,17439,305,76454,3547,39,011,23452,510,937,224,820,223,21695,585,19759,611,694,174,1588,312,78,57,73,96,13,21,408,167,82,79,355,157,10,14,1269,248,60,59,1375,283,498,159,877,266,17576,329,1014,229,16562,352
2019-2023,Ohio,Belmont County,0500000US39013,65982,0,26450,485,3738,378,1633,243,2105,292,22712,532,58411,2670,39,013,28164,682,1993,315,1863,416,24308,743,24155,688,1626,298,1937,398,207,106,18,20,1,4,422,153,103,65,88,61,0,30,1544,270,56,70,3743,376,2072,304,1671,328,22707,598,1666,247,21041,575
2019-2023,Ohio,Brown County,0500000US39015,43710,0,17145,280,2920,434,1403,295,1517,324,14225,466,69990,3690,39,015,18947,683,1167,325,871,245,16909,792,15207,781,861,276,2194,381,204,89,72,78,8,19,113,99,3,5,159,96,13,22,1202,302,78,85,2728,422,1838,370,890,259,14417,432,1082,245,13335,466
2019-2023,Ohio,Butler County,0500000US39017,389910,0,145232,795,16559,1217,7466,817,9093,844,128673,1339,81194,1770,39,017,181217,2081,8804,904,8383,785,164030,2270,140202,2001,6013,746,14995,1281,1387,356,621,230,69,64,2588,408,507,195,1961,402,239,159,20850,1214,589,241,13776,1071,6076,666,7700,770,131456,1415,10483,934,120973,1644
2019-2023,Ohio,Carroll County,0500000US39019,26731,0,11476,290,1282,214,706,161,576,154,10194,320,64675,4714,39,019,11602,493,617,204,662,181,10323,506,9160,462,425,160,854,270,100,81,9,13,0,24,390,154,8,12,345,189,27,37,844,237,57,78,1398,279,526,149,872,222,10078,358,756,182,9322,363
2019-2023,Ohio,Champaign County,0500000US39021,38772,0,15512,310,1369,268,660,225,709,175,14143,351,74239,2617,39,021,18225,506,597,173,585,159,17043,504,14423,679,521,160,1736,421,41,37,9,14,0,27,342,120,5,6,213,122,16,18,1502,305,14,20,1618,256,728,225,890,159,13894,337,641,147,13253,384
2019-2023,Ohio,Clark County,0500000US39023,135445,0,55325,545,8578,679,3960,517,4618,486,46747,776,60846,1717,39,023,58266,1050,3943,630,3023,440,51300,1058,46588,1124,2969,583,5237,556,662,230,250,103,85,50,981,217,157,88,345,108,20,20,4865,538,50,36,10189,654,4888,502,5301,578,45136,767,3690,438,41446,825
2019-2023,Ohio,Clermont County,0500000US39025,209862,0,84334,507,7675,692,3341,488,4334,455,76659,753,83178,1969,39,025,103667,1425,4119,554,4365,603,95183,1634,81286,1494,2981,481,8075,899,658,222,222,134,7,14,717,235,204,144,599,176,28,36,12768,865,241,101,6254,607,2732,404,3522,463,78080,757,4943,601,73137,869
2019-2023,Ohio,Clinton County,0500000US39027,42014,0,16534,276,2276,283,1205,186,1071,229,14258,339,68125,3971,39,027,19087,558,1279,242,1129,263,16679,699,15714,624,879,223,1327,236,167,89,65,51,0,27,385,167,136,96,179,90,2,5,1417,291,95,62,2086,259,1081,178,1005,216,14448,358,1195,252,13253,393
2019-2023,Ohio,Columbiana County,0500000US39029,101203,0,41375,550,6010,609,2781,395,3229,435,35365,698,58474,2811,39,029,45551,1179,2760,569,3423,632,39368,1308,36901,1037,1578,338,4270,626,477,159,81,71,18,28,1056,278,143,98,694,446,356,391,2549,431,188,106,6081,584,3225,445,2856,495,35294,810,2785,397,32509,823
2019-2023,Ohio,Coshocton County,0500000US39031,36679,0,14860,304,2673,328,1326,264,1347,245,12187,413,54687,3617,39,031,15270,568,1563,304,845,220,12862,620,11230,546,1030,219,2023,404,270,146,12,24,4,10,205,80,45,58,863,224,110,78,937,193,104,71,2680,280,1599,289,1081,217,12180,372,1074,225,11106,405
2019-2023,Ohio,Crawford County,0500000US39033,41767,0,18120,359,2500,327,1087,229,1413,235,15620,414,55477,2643,39,033,18818,548,1050,228,1495,278,16273,595,15746,605,881,201,1323,263,80,63,26,25,0,27,304,88,0,27,380,124,61,55,1039,225,28,29,2675,308,1317,230,1358,236,15445,416,1183,230,14262,444
2019-2023,Ohio,Cuyahoga County,0500000US39035,1249418,0,554173,1923,90211,2358,34286,1465,55925,1930,463962,2459,62823,748,39,035,590510,3870,37189,1756,32021,1695,521300,4401,424880,4240,22376,1319,42524,1701,4649,578,19582,1337,3168,469,14005,897,2990,368,9042,904,792,223,80477,2366,3214,572,91449,1911,46434,1708,45015,1556,462724,2281,43777,1775,418947,2509
2019-2023,Ohio,Darke County,0500000US39037,51655,0,21332,256,2709,392,1170,257,1539,348,18623,461,64654,4567,39,037,23848,609,1135,210,1629,273,21084,751,19541,626,793,179,2157,329,126,80,41,35,23,28,467,146,96,77,315,123,44,41,1327,291,53,31,1836,313,1121,291,715,167,19496,418,1588,288,17908,496
2019-2023,Ohio,Defiance County,0500000US39039,38258,0,15376,223,1533,232,555,150,978,193,13843,272,73615,4002,39,039,18332,625,995,221,773,227,16564,724,15465,703,717,211,1365,277,159,94,0,27,0,27,270,92,49,34,131,79,14,16,1101,226,56,68,1420,239,701,168,719,175,13956,279,832,187,13124,300
2019-2023,Ohio,Delaware County,0500000US39041,221160,0,80455,530,4226,522,2102,350,2124,422,76229,665,130088,3209,39,041,114492,1427,2530,486,1855,361,110107,1555,80549,1870,1701,389,5072,670,348,201,208,87,21,32,738,218,31,71,744,208,17,19,27181,1201,412,150,3124,495,1315,406,1809,313,77331,684,2911,382,74420,684
2019-2023,Ohio,Erie County,0500000US39043,74938,0,32122,563,4164,504,1764,392,2400,397,27958,624,68431,2971,39,043,35114,939,1617,390,1868,435,31629,1017,28955,1027,1002,302,3030,590,283,144,331,168,126,108,563,176,115,109,349,137,39,47,1886,335,52,45,3707,510,1996,402,1711,276,28415,625,2168,329,26247,642
2019-2023,Ohio,Fairfield County,0500000US39045,161289,0,59979,510,4961,468,2256,314,2705,388,55018,710,87069,2636,39,045,77850,1335,2624,528,3001,545,72225,1500,61163,1348,2125,444,5229,538,279,128,121,103,13,16,908,273,27,38,925,301,53,74,9504,792,127,83,5411,492,2351,395,3060,363,54568,671,2610,364,51958,716
2019-2023,Ohio,Fayette County,0500000US39047,28880,0,11635,239,1876,273,784,176,1092,184,9759,335,60047,4059,39,047,12798,624,691,161,443,132,11664,609,10955,659,525,159,1022,247,45,33,90,74,16,32,139,79,100,74,27,27,0,24,565,166,5,8,1624,226,1076,208,548,130,10011,278,800,166,9211,337
2019-2023,Ohio,Franklin County,0500000US39049,1321635,0,547922,1767,71923,2387,32755,1843,39168,1669,475999,2668,73795,862,39,049,677928,4042,44452,2291,37420,2065,596056,4634,481470,4376,28355,1591,48412,2108,5387,693,11443,995,2580,562,11863,981,2455,457,9539,849,1104,289,115201,3140,4571,866,59520,2184,29352,1652,30168,1497,488402,2497,42571,1653,445831,2780
2019-2023,Ohio,Fulton County,0500000US39051,42434,0,16881,199,1452,245,757,177,695,172,15429,264,72866,3254,39,051,20569,527,862,233,794,205,18913,593,18284,548,559,172,926,195,50,51,32,26,7,4,361,138,185,126,139,68,7,12,827,191,54,51,1347,250,558,133,789,192,15534,282,894,182,14640,327
2019-2023,Ohio,Gallia County,0500000US39053,29162,0,11305,323,1893,333,889,228,1004,258,9412,431,56455,4368,39,053,11738,482,800,225,1110,405,9828,603,9822,567,604,167,847,184,67,52,54,51,23,39,186,102,8,14,73,52,24,34,756,245,74,79,2059,274,1125,255,934,177,9246,399,768,172,8478,441
2019-2023,Ohio,Geauga County,0500000US39055,95479,0,35587,440,2210,339,1020,236,1190,214,33377,514,100783,3844,39,055,47223,891,1216,281,1217,269,44790,1006,33821,962,738,226,4764,510,246,130,275,191,14,20,842,226,109,50,762,198,19,20,6759,555,90,63,1501,261,570,178,931,221,34086,506,1640,251,32446,543
2019-2023,Ohio,Greene County,0500000US39057,168531,0,67478,579,6817,635,2679,433,4138,556,60661,804,85218,2530,39,057,79448,1243,4020,598,3344,483,72084,1525,62357,1513,2807,528,5595,619,656,244,364,166,16,23,942,220,173,86,934,273,80,78,9256,829,288,135,5207,583,2639,418,2568,411,62271,737,4178,497,58093,817
2019-2023,Ohio,Guernsey County,0500000US39059,38283,0,16247,296,2516,325,1179,240,1337,251,13731,432,55756,3280,39,059,16286,574,1541,381,1173,265,13572,665,13687,629,1209,345,1617,291,253,134,11,12,0,27,136,70,38,38,211,104,21,32,624,165,20,29,2836,363,1543,290,1293,240,13411,457,973,242,12438,463
2019-2023,Ohio,Hamilton County,0500000US39061,827878,0,352181,1495,52667,1801,20082,1166,32585,1452,299514,1984,70816,990,39,061,406333,2705,28054,1590,21438,1233,356841,3035,292605,2901,16327,1286,30669,2084,3085,543,11366,1087,2725,535,9925,898,2658,544,5991,921,781,320,55777,2013,2478,497,42214,1708,23712,1320,18502,1175,309967,2192,28955,1514,281012,2143
2019-2023,Ohio,Hancock County,0500000US39063,74885,0,31618,427,3356,525,1134,234,2222,445,28262,611,69699,3809,39,063,36279,839,1813,382,1981,401,32485,985,29384,920,1188,308,2758,466,250,127,26,40,2,4,643,215,95,79,425,182,38,46,3043,467,240,174,2939,402,1429,308,1510,308,28679,540,1927,406,26752,599
2019-2023,Ohio,Hardin County,0500000US39065,30527,0,11711,270,1843,319,857,185,986,231,9868,352,58001,3889,39,065,13225,525,1089,296,805,221,11331,634,11135,543,703,211,971,199,108,62,0,27,0,27,412,168,155,93,154,110,26,38,553,157,97,80,1491,290,743,186,748,224,10220,376,1100,241,9120,424
2019-2023,Ohio,Harrison County,0500000US39067,14408,0,5921,198,893,164,353,113,540,158,5028,211,53851,5417,39,067,5563,324,344,114,307,122,4912,359,4628,309,301,111,389,115,24,28,0,20,0,20,122,52,16,12,75,65,0,20,349,119,3,5,863,159,400,109,463,111,5058,254,493,164,4565,238
2019-2023,Ohio,Henry County,0500000US39069,27581,0,11226,221,903,206,420,159,483,152,10323,269,79267,4312,39,069,13442,439,395,119,665,203,12382,513,11399,546,265,94,1075,194,66,48,17,21,0,24,158,60,27,26,75,52,15,32,718,184,22,22,692,141,286,103,406,124,10534,216,617,144,9917,262
2019-2023,Ohio,Highland County,0500000US39071,43403,0,16814,331,2673,395,1201,232,1472,297,14141,441,62008,3028,39,071,18906,592,1246,270,1160,274,16500,652,15090,695,727,191,2088,399,340,148,11,15,0,27,212,97,94,80,307,136,12,14,1198,280,73,57,2620,344,1350,337,1270,227,14194,417,1323,250,12871,402
2019-2023,Ohio,Hocking County,0500000US39073,27938,0,11565,286,1679,292,936,221,743,190,9886,348,61366,3711,39,073,12393,465,768,203,897,263,10728,557,10292,580,546,169,1050,215,162,109,8,13,2,7,112,79,2,3,154,91,0,24,777,212,56,54,2066,273,943,194,1123,189,9499,288,736,193,8763,340
2019-2023,Ohio,Holmes County,0500000US39075,44312,0,13326,240,1170,216,731,146,439,151,12156,339,74774,3745,39,075,20264,490,730,172,1027,251,18507,574,9917,796,420,126,4216,445,134,72,91,57,1,4,1351,299,46,48,3088,493,73,56,1601,300,56,37,513,161,218,127,295,113,12813,297,952,188,11861,342
2019-2023,Ohio,Huron County,0500000US39077,58412,0,23432,320,2837,336,1316,247,1521,232,20595,462,65972,2903,39,077,27060,708,1368,295,1153,252,24539,779,22573,645,992,210,2280,359,243,126,94,85,32,71,467,137,65,62,315,127,1,7,1331,273,35,37,2494,346,1097,211,1397,283,20938,451,1740,306,19198,529
2019-2023,Ohio,Jackson County,0500000US39079,32588,0,12672,423,2414,375,905,231,1509,301,10258,492,58409,3446,39,079,13683,656,1056,307,694,236,11933,769,11192,660,803,254,1026,252,95,70,45,41,0,27,494,197,69,66,126,92,10,15,800,231,79,79,2499,362,1347,293,1152,261,10173,530,1067,244,9106,517
2019-2023,Ohio,Jefferson County,0500000US39081,64855,0,27127,382,4584,477,2087,367,2497,334,22543,567,56983,2537,39,081,27373,777,2162,350,1535,361,23676,909,22649,730,1560,287,1628,264,212,84,103,62,16,17,732,266,244,90,119,94,15,25,2142,356,115,71,4179,349,2355,288,1824,274,22948,500,2229,341,20719,557
2019-2023,Ohio,Knox County,0500000US39083,62888,0,23435,457,2389,315,1250,260,1139,252,21046,503,73988,4066,39,083,27882,829,1414,299,1399,369,25069,992,21531,963,796,226,2160,388,207,106,125,98,76,86,558,212,91,89,404,187,10,15,3104,485,234,157,2271,360,1078,236,1193,282,21164,461,1311,241,19853,469
2019-2023,Ohio,Lake County,0500000US39085,232101,0,100319,727,8378,653,3157,443,5221,504,91941,961,77952,2016,39,085,118688,1725,4553,540,4285,603,109850,1976,92577,1730,3161,513,8574,852,546,175,685,188,148,109,1267,328,157,113,1093,205,76,49,14492,942,465,183,7573,694,2989,442,4584,514,92746,982,5389,497,87357,1087
2019-2023,Ohio,Lawrence County,0500000US39087,57385,0,22501,434,4137,480,2043,345,2094,321,18364,529,54842,2357,39,087,23361,629,1686,311,1304,276,20371,683,20111,757,1341,297,1590,331,146,92,18,18,3,8,293,133,114,95,310,164,37,28,1039,238,45,61,4649,514,2043,265,2606,446,17852,548,2094,460,15758,497
2019-2023,Ohio,Licking County,0500000US39089,180311,0,68305,557,7411,750,3440,486,3971,546,60894,873,81033,2698,39,089,85399,1332,3628,515,3656,486,78115,1448,65470,1342,2640,418,5536,646,349,129,196,103,9,12,1109,266,159,112,1220,318,114,87,11868,842,357,159,8255,743,4015,536,4240,522,60050,890,3396,438,56654,1002
2019-2023,Ohio,Logan County,0500000US39091,46140,0,19558,407,2158,299,1082,233,1076,230,17400,455,69183,3413,39,091,21184,620,1081,238,1048,279,19055,706,16773,742,861,227,2007,384,54,57,32,44,0,27,414,170,96,86,277,120,38,45,1681,355,32,37,2252,299,1121,204,1131,250,17306,464,1037,214,16269,481
2019-2023,Ohio,Lorain County,0500000US39093,314588,0,125856,843,16773,1030,7166,543,9607,867,109083,1214,70693,1173,39,093,144194,1789,6879,786,7391,718,129924,1819,113914,1877,5045,679,11762,1004,824,230,511,156,147,100,1806,403,413,190,1837,342,149,94,14364,1082,301,108,14415,856,8112,830,6303,666,111441,1167,8661,732,102780,1265
2019-2023,Ohio,Lucas County,0500000US39095,428748,0,182146,922,32482,1402,13688,989,18794,1027,149664,1626,60095,1169,39,095,194700,2166,15895,1142,11866,971,166939,2516,155153,2420,11433,1038,17489,1119,2119,368,1877,339,546,206,3034,566,803,346,2241,376,425,158,14906,940,569,149,30241,1393,17085,1175,13156,900,151905,1576,15397,999,136508,1626
2019-2023,Ohio,Madison County,0500000US39097,44126,0,15361,312,1556,249,672,151,884,189,13805,350,83229,4920,39,097,19569,560,683,164,674,165,18212,587,15162,619,441,118,1474,256,148,113,59,52,3,18,220,84,13,18,121,65,6,8,2533,319,72,50,1719,265,797,195,922,176,13642,392,759,153,12883,391
2019-2023,Ohio,Mahoning County,0500000US39099,227063,0,98190,723,17904,914,8046,702,9858,704,80286,1026,55576,1592,39,099,99121,1600,8296,800,5945,588,84880,1847,79582,1594,5702,668,7041,874,1234,328,1136,320,365,178,1026,240,196,92,1688,279,242,88,8648,707,557,206,17938,865,10037,784,7901,626,80252,1018,7867,604,72385,1103
2019-2023,Ohio,Marion County,0500000US39101,65145,0,24524,340,3640,362,1576,255,2064,316,20884,449,57306,4297,39,101,26162,789,1980,318,1806,411,22376,758,21431,854,1544,267,2521,431,240,118,148,98,32,50,247,126,44,38,277,130,41,49,1538,271,79,59,4268,431,2120,307,2148,326,20256,450,1520,251,18736,509
2019-2023,Ohio,Medina County,0500000US39103,183049,0,72500,490,4861,491,2032,297,2829,418,67639,695,92660,2626,39,103,94530,1392,2759,350,2997,565,88774,1634,74200,1542,1835,280,5386,496,301,126,127,69,13,15,955,262,62,87,1149,261,91,60,12713,807,457,241,4776,529,1509,294,3267,469,67724,697,3352,447,64372,800
2019-2023,Ohio,Meigs County,0500000US39105,22072,0,8875,247,1902,285,765,181,1137,272,6973,331,46701,2655,39,105,8216,416,558,161,745,174,6913,456,7035,430,509,157,727,216,49,42,4,6,0,24,42,32,0,24,25,23,0,24,383,160,0,24,2202,297,1310,257,892,189,6673,353,592,173,6081,329
2019-2023,Ohio,Mercer County,0500000US39107,42438,0,16278,236,1118,249,460,148,658,199,15160,344,78036,3269,39,107,21297,462,619,199,680,195,19998,546,18637,572,533,184,1360,284,67,49,21,25,2,4,337,115,0,27,148,65,10,15,794,166,7,11,705,179,305,123,400,128,15573,307,813,203,14760,378
2019-2023,Ohio,Miami County,0500000US39109,109549,0,44562,436,4292,514,1681,323,2611,412,40270,605,74175,2266,39,109,53545,1036,2335,490,2253,457,48957,1145,43426,1251,1692,424,3630,440,410,206,133,95,5,7,751,245,101,84,767,258,31,29,4838,519,96,66,3580,505,1587,316,1993,377,40982,625,2705,433,38277,717
2019-2023,Ohio,Monroe County,0500000US39111,13308,0,5510,175,853,151,422,121,431,90,4657,183,58962,5460,39,111,5363,277,429,153,335,104,4599,321,4481,290,289,120,471,123,67,44,0,20,0,20,108,59,27,32,42,31,0,20,261,120,46,58,796,139,377,94,419,102,4714,200,476,133,4238,187
2019-2023,Ohio,Montgomery County,0500000US39113,535528,0,230149,1275,33478,1761,14145,1060,19333,1270,196671,1941,64403,1144,39,113,245020,2620,15017,1188,14527,1200,215476,3115,189731,3130,9785,964,19434,1385,2134,454,3637,605,876,240,4153,806,992,487,2327,388,251,130,25738,1188,979,252,31021,1745,16329,1375,14692,1189,199128,1954,17149,1024,181979,2112
2019-2023,Ohio,Morgan County,0500000US39115,13758,0,5633,229,902,145,362,97,540,123,4731,237,55971,2721,39,115,5485,269,314,119,411,145,4760,281,4597,281,218,102,453,103,31,27,0,20,0,20,58,33,2,3,20,32,6,10,357,135,57,63,916,150,467,113,449,91,4717,241,435,122,4282,242
2019-2023,Ohio,Morrow County,0500000US39117,35214,0,13449,293,1350,243,745,172,605,201,12099,342,71047,3273,39,117,16664,612,826,234,696,202,15142,678,12645,807,597,222,1462,432,168,122,39,34,16,22,264,128,0,27,363,144,22,33,1891,388,23,27,1469,263,556,161,913,215,11980,361,794,190,11186,386
2019-2023,Ohio,Muskingum County,0500000US39119,86382,0,34243,454,5429,550,2667,338,2762,453,28814,644,59203,3001,39,119,38081,988,2796,505,2622,495,32663,1107,31952,1034,1944,391,3475,571,455,244,44,29,7,11,502,174,215,147,113,56,31,40,1995,327,144,122,6540,530,3021,437,3519,460,27703,626,2408,329,25295,674
2019-2023,Ohio,Noble County,0500000US39121,14252,0,4587,180,674,182,250,101,424,149,3913,230,55360,6612,39,121,4316,362,272,114,161,98,3883,360,3655,349,159,74,287,115,17,24,35,50,0,20,117,72,35,33,46,51,6,11,176,116,55,81,386,123,177,93,209,96,4201,217,497,154,3704,244
2019-2023,Ohio,Ottawa County,0500000US39123,40161,0,18091,459,1580,324,572,173,1008,243,16511,490,75728,4043,39,123,18671,532,835,227,579,170,17257,554,15655,451,647,216,969,254,56,50,74,54,27,43,241,93,20,20,450,198,38,33,1282,222,47,53,1260,226,397,139,863,199,16831,480,1183,288,15648,507
2019-2023,Ohio,Paulding County,0500000US39125,18800,0,7543,192,735,155,328,103,407,116,6808,252,68167,3921,39,125,8671,308,361,134,468,130,7842,369,7442,335,329,129,648,183,15,17,0,20,0,20,230,102,0,20,25,25,4,6,326,93,13,22,844,183,311,104,533,144,6699,247,424,112,6275,286
2019-2023,Ohio,Perry County,0500000US39127,35474,0,13349,295,2116,252,941,196,1175,187,11233,345,64737,4522,39,127,15021,575,738,176,710,212,13573,522,12795,603,564,132,1144,247,69,48,45,44,15,35,184,87,48,37,131,110,0,27,722,162,42,52,2325,302,1276,196,1049,252,11024,389,840,164,10184,422
2019-2023,Ohio,Pickaway County,0500000US39129,59407,0,21412,279,2613,382,1289,234,1324,307,18799,519,72927,2671,39,129,25948,731,1147,262,1061,277,23740,770,19896,871,681,190,2572,485,288,164,34,30,29,29,277,105,30,26,158,80,9,14,3011,454,110,70,2795,386,1360,303,1435,228,18617,487,1253,268,17364,551
2019-2023,Ohio,Pike County,0500000US39131,27080,0,10816,296,2347,391,1099,282,1248,304,8469,451,49552,5436,39,131,10122,595,686,197,1018,245,8418,707,8743,588,584,178,539,194,10,19,7,10,0,24,148,117,0,24,39,45,12,21,646,201,80,62,2825,367,1477,326,1348,259,7991,475,870,223,7121,502
2019-2023,Ohio,Portage County,0500000US39133,161421,0,64560,570,7913,669,2806,366,5107,642,56647,797,72822,2759,39,133,78373,1192,5006,693,5155,768,68212,1415,60144,1518,3283,552,5236,811,760,353,525,265,218,207,1741,357,350,171,904,275,57,59,9823,1006,338,135,6732,611,3143,501,3589,564,57828,870,4770,619,53058,939
2019-2023,Ohio,Preble County,0500000US39135,40802,0,16742,276,1854,328,1005,244,849,228,14888,386,71237,4380,39,135,19636,543,912,220,700,177,18024,594,16413,606,624,153,1436,233,120,65,6,9,0,27,402,154,110,101,85,42,8,13,1294,256,50,39,1668,244,882,202,786,156,15074,358,972,228,14102,412
2019-2023,Ohio,Putnam County,0500000US39137,34352,0,13173,169,1133,221,501,158,632,154,12040,253,82785,3353,39,137,16786,418,498,130,358,118,15930,485,14534,481,415,137,921,213,46,48,28,33,17,28,262,130,3,5,85,56,11,16,956,196,6,6,948,181,401,143,547,111,12225,255,732,175,11493,285
2019-2023,Ohio,Richland County,0500000US39139,125138,0,50068,567,7371,722,3052,438,4319,605,42697,887,57649,2267,39,139,53256,1270,3458,448,4128,588,45670,1374,44130,1252,2676,423,4935,678,327,125,272,121,65,61,555,154,31,39,657,219,161,111,2707,405,198,96,7624,706,3865,509,3759,477,42444,815,3506,552,38938,913
2019-2023,Ohio,Ross County,0500000US39141,76748,0,29429,440,4526,497,2065,355,2461,437,24903,541,59819,3455,39,141,31277,802,1781,349,1670,305,27826,929,26058,777,1273,298,3208,560,332,144,33,30,10,16,415,147,65,67,117,93,9,17,1446,325,92,83,5084,526,2716,417,2368,388,24345,621,1810,394,22535,613
2019-2023,Ohio,Sandusky County,0500000US39143,58770,0,24452,366,3256,480,1452,259,1804,388,21196,504,62500,3027,39,143,27111,762,1526,291,1436,348,24149,875,23230,820,1074,242,1964,353,201,130,36,39,0,30,530,194,37,36,438,198,172,134,913,197,42,39,3038,394,1623,335,1415,278,21414,515,1633,339,19781,574
2019-2023,Ohio,Scioto County,0500000US39145,73118,0,28637,453,6368,618,3230,469,3138,453,22269,643,49571,2919,39,145,27048,855,2201,331,2459,448,22388,945,23149,903,1639,278,1861,336,298,134,22,26,18,26,359,132,62,55,215,118,18,31,1442,283,166,93,6643,622,4120,507,2523,329,21994,654,2248,412,19746,690
2019-2023,Ohio,Seneca County,0500000US39147,54861,0,22099,342,2579,306,1172,221,1407,242,19520,428,65020,2383,39,147,25564,533,1328,287,1350,237,22886,557,21190,595,912,234,2004,351,215,111,53,42,1,10,707,230,96,68,413,128,49,55,1197,273,55,53,3056,388,1494,274,1562,259,19043,472,1085,179,17958,492
2019-2023,Ohio,Shelby County,0500000US39149,48007,0,18786,270,1877,305,1070,234,807,190,16909,391,72822,3392,39,149,23169,561,1143,301,1328,302,20698,721,19418,691,824,263,2284,392,251,130,57,41,5,10,141,78,18,24,259,147,22,25,1010,241,23,26,1503,298,654,214,849,198,17283,346,1223,241,16060,390
2019-2023,Ohio,Stark County,0500000US39151,373764,0,155366,1028,19324,1015,8668,725,10656,898,136042,1223,65740,1294,39,151,175826,1720,9450,912,10612,954,155764,1998,140030,2110,7043,802,11197,875,693,198,1616,395,333,161,2402,329,310,138,2500,358,484,158,18081,1221,587,231,20039,1036,9808,697,10231,750,135327,1454,9516,864,125811,1350
2019-2023,Ohio,Summit County,0500000US39153,538087,0,229503,1265,29243,1279,12496,865,16747,991,200260,1669,71016,991,39,153,263918,2191,14923,1103,13951,1067,235044,2579,202788,2446,10213,985,19104,1240,2319,412,2303,408,323,138,2809,350,481,145,2758,529,347,130,34156,1435,1240,304,31275,1384,14948,921,16327,1055,198228,1691,14295,994,183933,1797
2019-2023,Ohio,Trumbull County,0500000US39155,201367,0,86135,726,13874,951,6602,619,7272,690,72261,964,55088,1772,39,155,85073,1360,5594,570,5726,641,73753,1723,69616,1638,3875,481,7218,799,696,198,476,175,191,165,1093,339,185,140,1434,358,354,174,5236,621,293,118,11827,788,6631,637,5196,498,74308,877,7243,723,67065,1063
2019-2023,Ohio,Tuscarawas County,0500000US39157,92585,0,38127,488,5084,572,2331,450,2753,432,33043,753,64494,2918,39,157,41423,991,2255,369,2472,428,36696,1176,33770,976,1605,288,2772,450,138,70,2,4,1,3,780,212,205,128,1144,363,60,70,2955,450,246,132,5472,580,2596,416,2876,383,32655,679,2488,429,30167,808
2019-2023,Ohio,Union County,0500000US39159,65293,0,23495,266,1238,247,677,205,561,151,22257,330,109506,3847,39,159,33317,727,588,152,741,261,31988,761,23910,888,533,143,1930,359,25,27,216,152,0,30,158,91,2,6,470,232,6,12,6633,732,22,26,982,212,451,166,531,153,22513,336,787,181,21726,349
2019-2023,Ohio,Van Wert County,0500000US39161,28824,0,11651,198,1140,189,599,153,541,129,10511,237,65344,2933,39,161,13776,361,636,161,815,209,12325,469,11645,418,531,151,1159,246,70,41,12,19,0,24,262,108,8,13,181,75,27,32,517,161,0,24,790,177,326,97,464,145,10861,275,814,170,10047,264
2019-2023,Ohio,Vinton County,0500000US39163,12686,0,5222,185,938,186,334,113,604,173,4284,242,53813,5388,39,163,5130,365,270,89,371,200,4489,434,4238,346,204,77,305,125,27,22,3,5,0,20,64,54,6,9,0,20,0,20,520,173,33,40,1070,192,456,125,614,155,4152,250,482,151,3670,280
2019-2023,Ohio,Warren County,0500000US39165,246364,0,90288,796,5416,539,2701,462,2715,389,84872,903,107843,2258,39,165,122726,1767,3093,539,3003,639,116630,2002,92670,2016,2062,373,7581,907,566,272,356,216,53,86,1085,322,36,43,1026,297,33,45,20008,1148,343,212,3846,614,1677,330,2169,538,86442,933,3739,497,82703,1077
2019-2023,Ohio,Washington County,0500000US39167,59318,0,24887,409,3457,475,1517,299,1940,262,21430,448,61355,2843,39,167,25985,683,1465,295,1876,352,22644,812,21206,802,983,269,2033,304,211,102,130,86,1,2,339,143,69,60,194,78,45,48,2083,311,156,87,3050,396,1652,328,1398,251,21837,451,1805,342,20032,468
2019-2023,Ohio,Wayne County,0500000US39169,116618,0,44192,375,4199,391,1483,222,2716,372,39993,474,71769,2489,39,169,52579,1018,1873,356,2739,417,47967,1025,39371,1150,1054,223,5667,660,312,170,98,79,0,30,1886,321,186,106,2096,463,173,89,3461,356,148,95,3568,389,1498,242,2070,324,40624,488,2701,324,37923,563
2019-2023,Ohio,Williams County,0500000US39171,36862,0,15455,225,1852,244,919,183,933,177,13603,328,61834,3170,39,171,17258,454,1028,215,1363,305,14867,529,14938,392,839,189,1345,229,51,48,103,84,51,70,305,138,33,37,122,53,0,27,445,135,54,61,2189,296,955,195,1234,237,13266,354,897,210,12369,403
2019-2023,Ohio,Wood County,0500000US39173,131795,0,54156,415,7077,572,1931,330,5146,525,47079,709,73124,2248,39,173,65123,1131,5823,776,3421,559,55879,1206,53323,1120,4333,594,4023,513,415,211,120,105,12,17,1365,387,537,290,522,184,129,102,5770,730,397,247,3662,469,1732,309,1930,378,50494,630,5345,548,45149,725
2019-2023,Ohio,Wyandot County,0500000US39175,21699,0,9064,219,801,174,317,105,484,138,8263,277,71878,4331,39,175,10659,342,298,95,451,147,9910,361,9281,406,244,85,639,141,23,27,23,25,0,24,241,141,13,17,51,37,9,14,424,138,9,13,859,182,292,122,567,153,8205,274,509,121,7696,302
2019-2023,Oklahoma,Adair County,0500000US40001,19595,0,6926,150,1620,162,821,129,799,139,5306,197,48028,3543,40,001,7333,297,638,142,795,164,5900,338,5796,282,458,108,833,150,70,44,6,7,0,16,278,108,71,66,132,57,5,6,288,72,34,24,1674,200,789,130,885,170,5252,225,831,114,4421,241
2019-2023,Oklahoma,Alfalfa County,0500000US40003,5685,0,1890,86,248,48,113,36,135,36,1642,82,67870,6541,40,003,2023,88,109,33,81,34,1833,95,1654,102,81,35,182,52,10,11,2,5,1,3,66,26,2,3,22,19,0,15,97,35,15,12,180,48,88,35,92,31,1710,88,160,35,1550,86
2019-2023,Oklahoma,Atoka County,0500000US40005,14255,0,4867,124,926,121,439,83,487,97,3941,144,52034,2895,40,005,5096,206,438,108,476,104,4182,201,3981,211,285,78,537,112,80,52,0,16,0,16,82,40,7,11,54,23,2,3,442,92,64,35,726,111,408,90,318,69,4141,151,518,91,3623,164
2019-2023,Oklahoma,Beaver County,0500000US40007,5041,0,1695,99,159,54,62,37,97,43,1536,100,64266,5563,40,007,2251,161,76,35,114,48,2061,169,1677,180,72,34,286,96,2,5,7,7,0,15,35,22,0,15,55,28,0,15,191,79,2,4,90,36,41,24,49,24,1605,106,118,49,1487,106
2019-2023,Oklahoma,Beckham County,0500000US40009,22202,0,8192,300,1953,367,727,220,1226,343,6239,327,52323,4425,40,009,8025,475,1115,310,491,160,6419,545,6365,415,934,297,769,289,46,46,94,128,0,19,325,122,17,17,148,122,109,114,324,168,9,11,1352,280,823,213,529,168,6840,389,1130,343,5710,363
2019-2023,Oklahoma,Blaine County,0500000US40011,8603,0,3393,188,443,96,262,77,181,61,2950,192,59304,2919,40,011,3028,260,177,52,137,72,2714,236,2602,234,143,49,277,80,20,12,0,15,0,15,22,16,2,5,33,23,0,15,94,31,12,15,432,80,223,61,209,62,2961,173,220,70,2741,178
2019-2023,Oklahoma,Bryan County,0500000US40013,47237,0,18234,211,3041,227,1467,220,1574,223,15193,281,54280,2535,40,013,20053,516,1472,219,1878,317,16703,629,16186,548,1172,194,1703,268,99,62,1,8,0,22,351,109,91,51,258,103,14,14,1554,252,96,59,2246,259,1117,159,1129,209,15988,264,1924,203,14064,307
2019-2023,Oklahoma,Caddo County,0500000US40015,26626,0,9108,176,1505,146,848,120,657,98,7603,195,52817,2672,40,015,10459,429,803,143,949,171,8707,447,8570,372,620,139,1013,138,99,40,69,88,0,19,192,73,46,26,105,60,14,11,510,103,24,15,1376,139,690,99,686,112,7732,181,815,97,6917,198
2019-2023,Oklahoma,Canadian County,0500000US40017,162621,0,57464,430,4599,526,2421,400,2178,295,52865,607,85427,2037,40,017,80668,1231,3572,627,3208,530,73888,1442,65572,1256,2759,558,6034,671,578,207,80,69,23,29,395,171,29,22,644,218,89,86,7943,781,94,63,4312,538,1659,351,2653,370,53152,675,2940,416,50212,713
2019-2023,Oklahoma,Carter County,0500000US40019,48255,0,18887,219,2831,236,1429,213,1402,198,16056,269,58856,1791,40,019,20942,499,1451,170,1644,267,17847,532,16543,562,1018,145,2636,301,276,101,110,110,0,22,364,102,40,27,408,132,75,62,881,203,42,51,2871,292,1308,177,1563,210,16016,359,1523,226,14493,321
2019-2023,Oklahoma,Cherokee County,0500000US40021,47621,0,18403,265,3388,316,1607,228,1781,276,15015,320,53668,3481,40,021,20043,579,1854,318,1592,251,16597,663,15177,649,1336,259,2467,350,258,137,26,21,9,14,585,160,129,90,341,143,52,41,1447,266,70,48,2925,340,1443,200,1482,266,15478,392,1945,241,13533,391
2019-2023,Oklahoma,Choctaw County,0500000US40023,14299,0,5858,134,1401,138,580,87,821,122,4457,178,45456,3361,40,023,5551,254,548,99,512,113,4491,256,4340,242,440,91,749,140,73,39,59,40,11,19,45,29,1,4,65,30,1,2,293,74,22,21,1372,149,834,120,538,95,4486,202,567,89,3919,189
2019-2023,Oklahoma,Cimarron County,0500000US40025,2247,0,702,90,90,41,42,29,48,30,612,89,57204,8084,40,025,1049,101,35,23,60,36,954,116,727,110,27,19,69,45,0,10,0,10,0,10,57,35,2,3,6,6,0,10,190,57,6,10,61,32,31,24,30,24,641,82,59,30,582,85
2019-2023,Oklahoma,Cleveland County,0500000US40027,297545,0,115293,818,14186,762,5591,647,8595,667,101107,1002,74446,2215,40,027,145486,1926,11248,867,8822,844,125416,1952,111307,1922,8246,761,13711,1250,1399,296,345,150,118,93,3280,646,452,180,2314,420,234,157,14529,981,799,227,10875,732,4020,468,6855,638,104418,978,10166,696,94252,1126
2019-2023,Oklahoma,Coal County,0500000US40029,5275,0,2070,68,406,55,198,42,208,42,1664,83,48162,2719,40,029,1942,107,199,56,203,56,1540,126,1490,114,150,57,193,58,22,13,0,15,0,15,86,32,6,7,31,19,9,9,142,42,12,14,378,47,208,38,170,47,1692,74,198,40,1494,82
2019-2023,Oklahoma,Comanche County,0500000US40031,121699,0,44718,519,7546,504,3841,377,3705,344,37172,610,59000,1632,40,031,48856,905,4363,460,4149,464,40344,1124,39761,896,2951,389,4669,479,561,230,246,123,105,96,712,195,256,106,1086,288,249,140,2382,322,241,99,7031,548,3933,394,3098,408,37687,664,3613,395,34074,700
2019-2023,Oklahoma,Cotton County,0500000US40033,5475,0,2051,123,393,82,244,67,149,51,1658,111,60313,8370,40,033,2338,183,140,53,131,51,2067,187,1784,169,72,28,374,99,19,21,0,15,0,15,16,15,2,5,64,44,28,32,100,40,19,22,354,86,207,61,147,58,1697,111,186,56,1511,109
2019-2023,Oklahoma,Craig County,0500000US40035,14215,0,5248,101,869,130,488,97,381,79,4379,136,50182,2687,40,035,5322,250,551,131,544,143,4227,253,4025,203,405,107,601,164,111,72,3,4,0,16,91,62,7,7,27,19,13,17,575,106,15,17,743,113,402,92,341,77,4505,149,467,109,4038,150
2019-2023,Oklahoma,Creek County,0500000US40037,72353,0,27830,227,4057,341,2184,269,1873,209,23773,373,61849,2008,40,037,31269,606,1764,242,1820,222,27685,650,25506,599,1322,202,2283,273,161,59,29,26,5,11,199,74,64,42,316,91,30,35,2936,268,182,82,3891,304,1853,231,2038,222,23939,326,2204,284,21735,405
2019-2023,Oklahoma,Custer County,0500000US40039,28332,0,10784,351,1947,255,654,163,1293,219,8837,380,57562,3348,40,039,13552,394,2085,352,1526,325,9941,561,11006,437,1697,332,1673,356,273,155,2,6,0,19,326,123,93,75,76,57,0,19,469,156,22,32,1296,273,574,182,722,211,9488,443,1373,218,8115,414
2019-2023,Oklahoma,Delaware County,0500000US40041,41017,0,16930,303,2995,233,1527,183,1468,201,13935,333,55114,2313,40,041,16273,524,1350,179,1349,183,13574,570,12373,493,900,163,2013,355,284,97,5,5,3,4,253,86,51,43,318,134,42,33,1311,271,70,39,2557,279,1328,171,1229,193,14373,395,1667,212,12706,375
2019-2023,Oklahoma,Dewey County,0500000US40043,4433,0,1595,76,209,46,106,31,103,31,1386,77,60550,8682,40,043,1819,101,137,37,101,36,1581,120,1432,116,117,34,161,43,5,6,0,10,0,10,105,43,12,14,27,15,0,10,94,33,3,3,147,50,51,16,96,48,1448,75,158,42,1290,83
2019-2023,Oklahoma,Ellis County,0500000US40045,3717,0,1447,105,205,60,111,46,94,33,1242,100,56992,5375,40,045,1618,104,138,48,103,41,1377,111,1272,88,110,44,193,57,25,23,0,10,0,10,22,17,3,5,7,8,0,10,124,44,0,10,153,45,84,40,69,27,1294,95,121,49,1173,93
2019-2023,Oklahoma,Garfield County,0500000US40047,62322,0,23910,523,2934,457,1559,370,1375,295,20976,614,67302,2878,40,047,28418,653,1975,382,2250,473,24193,870,22652,784,1438,310,4046,530,386,153,38,55,2,6,298,103,106,65,286,118,10,17,1098,275,33,24,3573,468,1290,275,2283,441,20337,711,1644,338,18693,718
2019-2023,Oklahoma,Garvin County,0500000US40049,25779,0,10000,174,1517,162,731,116,786,124,8483,218,57127,2268,40,049,10757,341,621,126,831,146,9305,381,8995,392,495,116,745,151,52,27,7,12,1,3,138,54,12,13,93,44,8,9,779,173,53,33,1196,167,752,129,444,104,8804,221,765,123,8039,232
2019-2023,Oklahoma,Grady County,0500000US40051,55868,0,20540,197,2531,258,1267,190,1264,189,18009,282,75730,4631,40,051,24853,460,1379,252,1213,198,22261,532,20398,525,1043,200,2135,318,120,67,11,19,0,24,261,102,64,68,359,132,51,35,1689,242,101,60,2442,218,1175,172,1267,167,18098,239,1356,176,16742,270
2019-2023,Oklahoma,Grant County,0500000US40053,4137,0,1555,90,249,75,93,35,156,67,1306,103,61824,4459,40,053,1690,107,122,44,91,35,1477,122,1356,122,77,30,124,39,14,11,0,10,0,10,30,18,7,9,42,35,13,13,138,65,11,16,148,54,101,50,47,22,1407,99,148,55,1259,102
2019-2023,Oklahoma,Greer County,0500000US40055,5498,0,2030,108,383,104,123,57,260,95,1647,149,60183,6674,40,055,1972,222,80,45,94,75,1798,225,1613,227,71,45,201,93,9,12,0,15,0,15,16,25,0,15,15,21,0,15,127,79,0,15,448,127,191,73,257,117,1582,151,192,85,1390,147
2019-2023,Oklahoma,Harmon County,0500000US40057,2452,0,950,68,147,42,83,31,64,25,803,79,54286,12482,40,057,1031,83,80,30,107,53,844,111,876,82,67,29,45,26,0,10,0,10,0,10,8,9,0,10,9,10,4,6,93,48,9,8,194,52,63,29,131,45,756,73,84,29,672,77
2019-2023,Oklahoma,Harper County,0500000US40059,3231,0,1255,88,192,63,91,45,101,44,1063,103,59191,11896,40,059,1455,141,129,61,57,30,1269,146,1295,146,93,47,85,52,21,31,0,10,0,10,21,26,3,5,22,22,12,18,32,28,0,10,84,43,37,27,47,31,1171,98,155,56,1016,107
2019-2023,Oklahoma,Haskell County,0500000US40061,11667,0,4568,109,936,112,502,86,434,84,3632,146,49930,3034,40,061,4646,174,381,73,343,75,3922,216,3753,139,281,61,457,110,40,19,14,20,0,16,90,39,33,27,21,17,2,4,311,83,25,20,941,133,481,89,460,110,3627,151,455,82,3172,162
2019-2023,Oklahoma,Hughes County,0500000US40063,13411,0,4003,109,752,100,331,75,421,75,3251,135,47923,4377,40,063,4355,246,357,95,373,112,3625,253,3426,238,214,87,298,88,90,48,6,7,0,16,125,55,19,18,11,10,0,16,489,103,34,21,571,99,292,70,279,68,3432,124,460,85,2972,140
2019-2023,Oklahoma,Jackson County,0500000US40065,24730,0,9778,293,1369,248,714,153,655,178,8409,321,61497,3744,40,065,11264,376,656,149,929,229,9679,442,9377,443,481,125,928,164,97,52,4,6,3,6,145,82,30,34,255,99,22,29,555,193,23,31,1389,251,713,187,676,154,8389,308,656,156,7733,324
2019-2023,Oklahoma,Jefferson County,0500000US40067,5377,0,2160,71,510,66,234,42,276,51,1650,86,48750,4202,40,067,2120,124,250,61,181,42,1689,129,1513,135,131,43,344,73,68,34,72,38,2,6,57,27,4,5,37,21,5,6,97,42,40,29,516,69,293,56,223,45,1644,78,217,47,1427,87
2019-2023,Oklahoma,Johnston County,0500000US40069,10334,0,3915,104,764,122,443,90,321,84,3151,147,50911,4565,40,069,3853,203,309,83,433,101,3111,210,3005,209,153,54,501,128,81,35,1,2,0,16,80,45,34,35,70,48,25,38,196,61,16,19,704,101,438,85,266,67,3211,121,326,92,2885,152
2019-2023,Oklahoma,Kay County,0500000US40071,43731,0,16716,345,2452,282,1248,197,1204,191,14264,385,56673,2707,40,071,18601,531,1266,223,1891,252,15444,586,15021,614,866,170,2265,291,166,71,0,22,0,22,307,120,111,88,384,125,53,36,624,143,70,57,2955,329,1299,238,1656,239,13761,405,1153,171,12608,442
2019-2023,Oklahoma,Kingfisher County,0500000US40073,15288,0,5639,149,636,159,361,126,275,120,5003,224,70617,7733,40,073,7258,329,600,237,377,118,6281,430,6051,307,568,238,616,199,6,9,0,16,0,16,89,71,0,16,34,24,10,14,468,100,16,15,393,126,182,90,211,85,5246,183,454,135,4792,226
2019-2023,Oklahoma,Kiowa County,0500000US40075,8458,0,3345,150,803,133,522,119,281,79,2542,165,42063,4211,40,075,3164,189,387,95,237,69,2540,224,2444,199,288,85,373,79,20,19,8,10,2,3,30,26,25,25,80,48,27,34,229,84,25,24,742,129,411,111,331,71,2603,194,392,111,2211,162
2019-2023,Oklahoma,Latimer County,0500000US40077,9495,0,3852,106,769,117,423,82,346,70,3083,149,41048,2286,40,077,3304,141,261,82,356,77,2687,185,2930,143,232,79,190,49,8,8,0,15,0,15,58,47,2,4,32,21,8,9,94,40,11,14,721,101,377,86,344,80,3131,122,392,85,2739,137
2019-2023,Oklahoma,Le Flore County,0500000US40079,48728,0,17740,209,3522,246,1871,179,1651,182,14218,324,50027,2377,40,079,18492,573,1494,173,1774,226,15224,594,15523,600,1216,159,1586,222,112,48,10,11,3,6,207,98,44,39,210,67,27,20,956,173,92,57,3698,275,1830,194,1868,206,14042,346,1692,178,12350,356
2019-2023,Oklahoma,Lincoln County,0500000US40081,33917,0,12972,168,2015,197,1141,160,874,128,10957,230,59425,2046,40,081,14213,389,873,150,944,160,12396,473,11180,373,581,115,1289,184,144,64,0,22,0,22,110,46,42,34,226,89,29,25,1408,190,77,44,1920,181,967,137,953,139,11052,238,1048,168,10004,245
2019-2023,Oklahoma,Logan County,0500000US40083,50905,0,17536,361,2100,376,1260,297,840,279,15436,488,82735,3308,40,083,22364,735,1514,400,936,318,19914,806,18054,676,1008,312,1718,415,102,70,86,94,0,24,195,109,24,27,237,119,15,22,2074,364,365,240,1798,332,1002,309,796,211,15738,470,1098,267,14640,520
2019-2023,Oklahoma,Love County,0500000US40085,10196,0,3767,95,579,93,267,69,312,76,3188,123,62940,5126,40,085,4289,172,241,69,330,84,3718,201,3466,186,162,60,532,97,62,31,0,16,0,16,91,40,12,16,52,37,2,4,148,49,3,4,517,81,246,57,271,62,3250,113,333,72,2917,125
2019-2023,Oklahoma,McClain County,0500000US40087,43779,0,16025,179,1242,220,749,168,493,157,14783,253,84778,3585,40,087,20779,543,645,182,1115,296,19019,601,17076,590,562,175,1423,311,39,25,20,31,0,22,213,89,5,7,109,67,0,22,1938,319,39,39,1309,210,334,103,975,201,14716,282,908,189,13808,303
2019-2023,Oklahoma,McCurtain County,0500000US40089,30825,0,11304,225,2449,201,1309,151,1140,136,8855,243,50175,2523,40,089,12020,333,1067,149,953,166,10000,319,10230,384,812,124,994,155,170,60,2,4,0,22,153,58,38,31,201,80,6,6,440,113,41,21,2283,235,1244,177,1039,146,9021,275,1205,153,7816,276
2019-2023,Oklahoma,McIntosh County,0500000US40091,19237,0,7618,223,1689,237,781,167,908,166,5929,275,46203,2803,40,091,6174,317,625,162,634,155,4915,317,4587,342,513,153,520,144,46,42,35,32,0,16,142,109,29,33,54,55,0,16,836,170,37,34,1565,170,778,147,787,149,6053,260,911,175,5142,272
2019-2023,Oklahoma,Major County,0500000US40093,7656,0,3201,123,346,68,163,45,183,52,2855,127,69229,3990,40,093,3366,153,179,53,256,85,2931,153,2883,163,143,50,315,86,20,22,0,15,0,15,44,25,8,11,35,19,6,8,89,53,2,3,379,88,155,48,224,72,2822,136,191,50,2631,142
2019-2023,Oklahoma,Marshall County,0500000US40095,15628,0,5747,199,945,151,509,108,436,113,4802,216,56495,3465,40,095,5997,324,420,94,494,108,5083,318,4795,275,317,83,654,129,84,45,5,8,5,8,98,47,3,4,70,50,0,16,375,129,11,10,736,122,321,86,415,88,5011,224,624,128,4387,228
2019-2023,Oklahoma,Mayes County,0500000US40097,39406,0,15267,238,2436,244,1481,209,955,127,12831,337,57279,2531,40,097,16624,489,1256,191,1330,294,14038,497,13132,559,892,171,1672,250,162,58,27,24,9,13,312,99,100,66,294,104,12,14,1187,275,81,52,2269,214,1155,187,1114,154,12998,320,1281,207,11717,344
2019-2023,Oklahoma,Murray County,0500000US40099,13807,0,4974,182,694,141,376,108,318,110,4280,178,61904,5808,40,099,5972,273,283,93,441,114,5248,291,5280,303,209,80,364,121,35,26,0,16,0,16,105,58,9,12,44,41,30,27,179,84,0,16,586,130,269,98,317,84,4388,186,425,98,3963,178
2019-2023,Oklahoma,Muskogee County,0500000US40101,66471,0,25792,204,4908,358,2407,254,2501,254,20884,395,51999,2180,40,101,25122,656,2325,278,2268,323,20529,609,20606,741,1745,242,2047,258,266,89,129,62,7,8,267,99,29,51,394,120,115,59,1679,285,163,92,5121,414,2467,272,2654,353,20671,476,2441,262,18230,482
2019-2023,Oklahoma,Noble County,0500000US40103,10909,0,4203,171,438,129,177,65,261,127,3765,175,70071,5686,40,103,4743,233,150,63,246,100,4347,261,3645,240,90,49,764,164,55,36,1,4,0,16,95,71,4,5,22,27,0,16,216,85,1,2,427,126,225,119,202,65,3776,160,213,73,3563,175
2019-2023,Oklahoma,Nowata County,0500000US40105,9392,0,3715,103,624,98,321,69,303,78,3091,135,52679,5351,40,105,3766,208,337,93,332,97,3097,196,2894,181,158,51,413,91,122,72,2,4,0,15,82,47,0,15,16,14,13,13,359,98,44,28,659,100,347,73,312,85,3056,131,277,71,2779,137
2019-2023,Oklahoma,Okfuskee County,0500000US40107,11304,0,3908,124,915,107,619,97,296,67,2993,138,45441,3894,40,107,3652,201,378,85,334,94,2940,202,2765,198,271,65,417,92,64,48,0,16,0,16,158,65,20,22,62,39,6,11,250,61,17,14,763,108,410,84,353,78,3145,108,505,85,2640,134
2019-2023,Oklahoma,Oklahoma County,0500000US40109,800487,0,323102,1524,49485,1567,22984,963,26501,1296,273617,2017,65374,926,40,109,378780,2970,28048,1499,26669,1665,324063,3261,294674,3423,19936,1329,35611,1752,3847,429,1555,307,269,130,5163,638,1150,348,6295,705,1073,292,35482,1519,1773,395,46140,1581,23493,1198,22647,1060,276962,2089,25992,1413,250970,2053
2019-2023,Oklahoma,Okmulgee County,0500000US40111,36922,0,14177,203,2512,251,1238,194,1274,160,11665,244,53123,2469,40,111,14317,441,1054,221,1357,222,11906,492,11255,478,705,177,1546,304,225,112,54,57,17,22,145,71,58,44,115,64,21,26,1202,192,28,27,2959,264,1344,197,1615,187,11218,261,1168,154,10050,270
2019-2023,Oklahoma,Osage County,0500000US40113,45963,0,17074,217,2137,244,1050,169,1087,195,14937,309,60482,2318,40,113,18825,511,997,194,1395,248,16433,528,15235,554,784,172,1741,304,96,48,46,35,0,22,293,113,41,49,167,69,26,23,1343,216,50,33,2187,218,1070,183,1117,193,14887,287,1067,183,13820,313
2019-2023,Oklahoma,Ottawa County,0500000US40115,30360,0,11755,182,2257,157,1216,107,1041,100,9498,181,48656,1641,40,115,11786,229,1090,108,1116,102,9580,279,9946,207,833,96,1115,105,199,57,14,9,0,22,147,30,17,12,99,28,9,6,465,67,32,20,2067,145,1124,94,943,96,9688,216,1133,114,8555,193
2019-2023,Oklahoma,Pawnee County,0500000US40117,15689,0,6002,136,1049,127,521,91,528,84,4953,150,57551,4389,40,117,6490,223,471,89,360,73,5659,248,5346,231,331,88,646,123,49,27,0,16,0,16,152,54,48,39,56,28,11,12,290,76,32,22,791,125,379,79,412,95,5211,173,670,106,4541,170
2019-2023,Oklahoma,Payne County,0500000US40119,82290,0,32341,517,7945,726,2095,413,5850,663,24396,781,48937,2090,40,119,35241,949,6886,720,3139,538,25216,1136,26660,1022,4925,651,3166,430,472,158,248,101,108,61,1369,287,370,154,987,242,221,149,2811,610,790,507,3216,452,1635,303,1581,347,29125,739,6310,706,22815,812
2019-2023,Oklahoma,Pittsburg County,0500000US40121,43629,0,17649,271,3238,276,1576,207,1662,187,14411,338,54787,2675,40,121,16836,443,1401,188,1148,190,14287,502,13896,486,1041,153,1267,180,179,92,30,37,18,32,264,97,53,42,119,65,26,37,1260,248,84,52,3046,252,1696,225,1350,215,14603,319,1542,187,13061,346
2019-2023,Oklahoma,Pontotoc County,0500000US40123,38158,0,14974,203,2104,211,921,152,1183,172,12870,233,62564,4420,40,123,17460,372,992,168,1024,180,15444,451,14705,402,797,145,1129,216,77,51,31,23,0,22,755,180,83,50,188,75,17,18,652,167,18,19,2267,267,967,146,1300,209,12707,278,1137,169,11570,285
2019-2023,Oklahoma,Pottawatomie County,0500000US40125,73011,0,26581,241,4150,332,2121,266,2029,186,22431,375,60828,1653,40,125,29359,602,2046,255,2217,315,25096,690,24082,651,1519,223,2440,280,289,96,6,10,0,24,451,159,45,26,378,119,70,44,2002,258,123,58,4671,365,2086,245,2585,306,21910,443,2064,236,19846,438
2019-2023,Oklahoma,Pushmataha County,0500000US40127,10787,0,4376,104,1091,104,536,82,555,89,3285,135,44634,4840,40,127,3725,159,378,83,401,104,2946,188,2980,169,295,75,475,97,46,27,0,16,0,16,47,27,20,18,37,23,0,16,186,53,17,15,842,87,541,80,301,62,3534,127,550,90,2984,129
2019-2023,Oklahoma,Roger Mills County,0500000US40129,3378,0,1423,54,183,35,115,27,68,21,1240,56,62721,8108,40,129,1457,111,122,33,112,45,1223,120,1163,93,75,25,76,29,12,12,0,10,0,10,91,54,6,6,31,18,18,14,96,37,11,9,134,38,59,22,75,33,1289,57,124,30,1165,58
2019-2023,Oklahoma,Rogers County,0500000US40131,97235,0,35722,253,3377,285,1870,211,1507,185,32345,346,77688,1584,40,131,45840,601,1974,247,2205,290,41661,777,36428,782,1445,205,3779,409,208,74,31,32,0,24,590,146,50,30,365,118,71,51,4647,451,200,70,3616,296,1450,182,2166,243,32106,353,1927,237,30179,435
2019-2023,Oklahoma,Seminole County,0500000US40133,23550,0,8701,134,2121,154,1185,148,936,119,6580,184,46191,2012,40,133,8438,226,819,111,981,144,6638,255,6785,252,616,99,844,119,75,32,5,8,0,19,224,83,55,40,114,46,14,14,466,104,59,31,1923,159,1119,143,804,108,6778,206,1002,108,5776,188
2019-2023,Oklahoma,Sequoyah County,0500000US40135,39676,0,15184,183,2963,225,1577,198,1386,167,12221,250,49795,3195,40,135,15290,436,1310,217,1369,181,12611,547,12714,461,934,158,1513,245,214,96,30,28,13,18,269,105,77,59,119,55,28,22,645,108,44,30,3089,240,1625,172,1464,191,12095,280,1338,172,10757,297
2019-2023,Oklahoma,Stephens County,0500000US40137,43314,0,17228,263,3012,274,1330,202,1682,238,14216,389,60236,2751,40,137,17611,424,1592,249,1202,210,14817,507,14172,474,1162,212,2104,276,232,97,21,30,21,30,218,88,44,29,248,104,38,43,848,161,95,49,2836,282,1421,202,1415,235,14392,365,1591,242,12801,433
2019-2023,Oklahoma,Texas County,0500000US40139,20880,0,6870,268,1352,337,575,211,777,291,5518,425,59275,5303,40,139,9660,492,919,328,814,338,7927,661,7293,482,734,297,1729,457,130,161,114,106,5,10,181,80,9,9,46,41,0,19,297,115,41,65,492,188,216,116,276,148,6378,329,1136,324,5242,445
2019-2023,Oklahoma,Tillman County,0500000US40141,6967,0,2655,129,537,117,237,83,300,86,2118,114,47445,4965,40,141,2768,163,220,76,212,66,2336,175,2193,153,178,66,274,91,22,16,17,19,0,15,49,31,13,14,82,42,0,15,153,68,7,23,532,118,325,103,207,59,2123,114,212,59,1911,119
2019-2023,Oklahoma,Tulsa County,0500000US40143,673708,0,268530,872,37854,867,17958,808,19896,764,230676,1130,67317,730,40,143,318214,1957,22400,796,21553,854,274261,2087,246196,2089,16152,732,29640,1219,3061,322,1125,206,257,84,3557,391,683,155,5081,461,639,126,32615,1191,1608,233,33556,812,16168,653,17388,732,234974,1214,21686,730,213288,1288
2019-2023,Oklahoma,Wagoner County,0500000US40145,84339,0,30565,272,2635,240,1380,149,1255,186,27930,305,78520,2191,40,145,39270,577,1527,230,1794,276,35949,682,31533,612,1062,200,3270,328,271,80,117,60,19,24,268,112,36,49,552,130,35,33,3530,316,104,55,2590,251,1081,150,1509,224,27975,361,1554,193,26421,380
2019-2023,Oklahoma,Washington County,0500000US40147,52895,0,20596,251,2979,325,1490,245,1489,215,17617,413,61205,3814,40,147,22624,582,1671,278,2243,298,18710,630,17543,655,1296,235,2880,443,184,93,65,46,10,13,350,130,41,38,329,109,42,40,1457,213,98,68,2980,336,1499,244,1481,228,17616,405,1480,227,16136,458
2019-2023,Oklahoma,Washita County,0500000US40149,10857,0,4101,108,472,82,227,55,245,58,3629,137,61980,3034,40,149,4610,293,266,82,325,99,4019,322,3524,230,180,63,530,113,63,40,0,16,0,16,50,27,19,19,213,143,4,6,293,116,0,16,563,102,243,64,320,64,3538,134,229,50,3309,144
2019-2023,Oklahoma,Woods County,0500000US40151,8619,0,3488,208,638,133,159,80,479,111,2850,178,50512,6595,40,151,3856,212,526,139,273,112,3057,247,3065,272,330,121,448,184,178,127,0,15,0,15,256,135,0,15,6,13,6,13,81,60,12,15,421,119,250,97,171,73,3067,213,388,88,2679,194
2019-2023,Oklahoma,Woodward County,0500000US40153,20260,0,8116,261,983,234,641,201,342,130,7133,312,65060,4109,40,153,9629,443,642,227,989,332,7998,450,7591,535,463,186,1364,373,127,104,30,35,0,19,116,59,44,55,252,193,7,12,276,100,1,5,733,202,384,157,349,137,7383,298,599,219,6784,306
2019-2023,Oregon,Baker County,0500000US41001,16796,0,7263,185,1200,247,389,126,811,198,6063,254,57844,4135,41,001,6309,339,383,142,377,169,5549,326,4710,305,246,130,534,139,41,52,13,53,0,21,416,141,22,24,103,72,29,38,533,161,45,43,1285,210,692,183,593,136,5978,238,508,140,5470,269
2019-2023,Oregon,Benton County,0500000US41003,96359,0,38286,490,7079,540,1605,288,5474,503,31207,570,76011,3407,41,003,44628,1202,6240,568,2562,441,35826,1160,27579,1097,3634,542,3327,458,362,113,862,206,177,105,2500,306,919,230,2763,512,477,206,7597,662,671,208,4691,446,2165,334,2526,356,33595,652,4914,509,28681,560
2019-2023,Oregon,Clackamas County,0500000US41005,422308,0,162762,690,12500,999,5645,685,6855,765,150262,1123,100360,2211,41,005,204869,2025,6812,858,7176,778,190881,2245,139966,2348,4326,609,14092,1222,740,282,3819,493,467,217,4953,711,280,122,3016,462,121,87,39023,1700,878,236,15830,1063,5123,728,10707,890,146932,1247,7377,663,139555,1378
2019-2023,Oregon,Clatsop County,0500000US41007,41343,0,18095,473,2090,338,507,145,1583,303,16005,550,68705,3596,41,007,18113,708,1190,273,1062,335,15861,748,12798,736,748,217,1697,361,127,109,127,119,0,28,976,256,130,77,390,154,75,74,2125,358,110,78,2695,366,798,184,1897,337,15400,586,1292,310,14108,596
2019-2023,Oregon,Columbia County,0500000US41009,53178,0,20710,342,1842,316,769,198,1073,249,18868,435,86359,4753,41,009,23562,724,679,205,977,306,21906,877,17029,833,468,153,3108,462,83,53,47,42,5,11,532,167,54,54,184,78,14,29,2662,423,55,57,3232,492,877,242,2355,423,17478,509,965,202,16513,529
2019-2023,Oregon,Coos County,0500000US41011,64832,0,28417,407,4291,508,1772,330,2519,435,24126,644,60313,3431,41,011,25301,792,1561,341,1743,350,21997,935,19339,855,809,228,2667,379,262,134,9,24,3,8,670,244,147,102,717,230,225,136,1899,372,115,85,6265,579,2307,351,3958,506,22152,594,1984,413,20168,643
2019-2023,Oregon,Crook County,0500000US41013,25651,0,10647,312,1001,227,471,164,530,148,9646,320,81675,5261,41,013,11179,596,347,140,471,192,10361,668,9134,645,286,138,542,179,0,25,3,6,0,25,82,65,0,25,176,87,18,23,1242,327,43,45,1587,274,571,183,1016,226,9060,398,430,150,8630,394
2019-2023,Oregon,Curry County,0500000US41015,23463,0,11280,346,1285,314,637,196,648,241,9995,406,64769,5572,41,015,8332,670,606,214,525,201,7201,712,5602,727,125,88,779,217,329,161,43,50,1,3,197,115,61,79,146,80,18,29,1565,404,72,75,1883,320,610,205,1273,290,9397,447,675,243,8722,438
2019-2023,Oregon,Deschutes County,0500000US41017,203026,0,83197,999,7987,798,3128,499,4859,598,75210,1087,87640,2429,41,017,99169,1789,4490,732,5449,722,89230,1999,65605,1950,2503,468,7882,860,542,227,299,172,13,16,2207,522,350,214,2706,623,422,331,20470,1471,660,258,7321,837,2425,395,4896,690,75876,1182,5562,692,70314,1155
2019-2023,Oregon,Douglas County,0500000US41019,111807,0,46677,589,6683,687,2875,471,3808,526,39994,820,58983,1752,41,019,41889,1007,2725,499,2486,372,36678,1114,30907,1124,1995,435,5252,642,348,122,132,99,0,31,1086,298,202,111,444,174,38,48,4068,542,142,90,9457,717,3497,524,5960,573,37220,820,3186,466,34034,900
2019-2023,Oregon,Gilliam County,0500000US41021,2002,0,869,67,113,59,15,14,98,58,756,69,64219,10579,41,021,828,101,42,39,48,25,738,90,561,97,40,38,90,36,2,3,0,13,0,13,92,40,0,13,6,8,0,13,79,36,0,13,116,49,49,42,67,26,753,81,64,47,689,73
2019-2023,Oregon,Grant County,0500000US41023,7238,0,3352,124,488,99,173,75,315,69,2864,124,59800,8027,41,023,2801,222,202,69,108,55,2491,237,1976,241,154,61,211,63,11,12,0,19,0,19,237,89,19,13,50,34,0,19,327,100,18,18,491,105,245,63,246,89,2861,152,243,70,2618,151
2019-2023,Oregon,Harney County,0500000US41025,7515,0,3141,119,454,121,90,46,364,110,2687,163,48338,6463,41,025,3144,321,214,81,390,180,2540,316,2175,244,151,69,298,130,0,19,5,8,0,19,182,117,50,55,87,41,12,17,397,170,1,2,699,121,268,104,431,105,2442,153,186,76,2256,152
2019-2023,Oregon,Hood River County,0500000US41027,23958,0,9021,259,657,160,169,78,488,148,8364,266,82095,6281,41,027,12461,389,361,149,829,383,11271,582,7541,494,149,96,1551,402,115,97,104,89,3,7,741,219,40,49,262,136,0,25,2262,354,54,63,1151,294,207,90,944,268,7870,376,450,137,7420,356
2019-2023,Oregon,Jackson County,0500000US41029,222563,0,90679,701,11436,1034,4231,635,7205,852,79243,1132,71443,1561,41,029,96396,1648,5599,787,6496,697,84301,1827,71240,1962,3988,719,8099,974,762,398,762,247,204,130,2490,423,278,130,2072,447,34,29,11733,925,333,133,15980,961,5068,600,10912,877,74699,1075,6368,806,68331,1126
2019-2023,Oregon,Jefferson County,0500000US41031,24973,0,8659,281,1176,248,760,197,416,124,7483,317,73051,4762,41,031,10118,434,568,142,489,195,9061,490,7579,516,409,128,1430,251,111,73,16,23,0,25,305,139,0,25,33,25,0,25,755,157,48,41,2253,313,812,191,1441,245,6406,342,364,123,6042,355
2019-2023,Oregon,Josephine County,0500000US41033,88069,0,36336,437,5736,585,2578,412,3158,479,30600,631,59097,2906,41,033,32729,956,2490,453,3470,556,26769,1107,24190,1078,1783,401,3442,640,427,222,177,104,2,7,671,193,71,67,590,194,48,51,3659,598,159,97,8783,739,3085,485,5698,654,27553,761,2651,418,24902,813
2019-2023,Oregon,Klamath County,0500000US41035,69812,0,28840,443,5472,537,2116,318,3356,428,23368,718,59353,3154,41,035,26592,894,1934,358,1997,401,22661,1031,21387,832,1483,339,1994,370,143,101,38,40,0,31,645,230,48,51,320,154,72,77,2208,347,188,104,6600,458,2936,394,3664,354,22240,667,2536,371,19704,765
2019-2023,Oregon,Lake County,0500000US41037,8254,0,3422,152,630,154,174,85,456,134,2792,204,61222,5392,41,037,3168,246,213,83,231,107,2724,257,2281,264,117,60,200,95,4,7,0,19,0,19,306,109,65,44,49,52,21,30,332,127,6,9,607,141,349,119,258,95,2815,171,281,112,2534,194
2019-2023,Oregon,Lane County,0500000US41039,382628,0,159509,808,23446,1075,7299,759,16147,863,136063,1260,69311,1539,41,039,178015,2284,14959,1189,12859,1138,150197,2296,120358,2492,8367,905,15816,1026,1486,350,3373,547,942,306,6918,751,1600,316,6925,803,1072,357,24625,1265,1492,362,29709,1369,10396,867,19313,1074,129800,1533,13050,834,116750,1506
2019-2023,Oregon,Lincoln County,0500000US41041,50632,0,22829,525,3339,414,1460,275,1879,303,19490,546,61314,2626,41,041,19268,621,1953,374,1195,244,16120,626,13515,655,1232,292,2205,365,404,159,97,57,45,31,664,153,156,90,172,96,24,25,2615,396,92,65,4451,463,1435,249,3016,402,18378,628,1904,332,16474,620
2019-2023,Oregon,Linn County,0500000US41043,129794,0,50534,432,6087,564,2547,341,3540,534,44447,596,73396,2930,41,043,57548,1033,3422,458,3248,542,50878,1192,43873,1165,2412,409,5392,685,332,129,115,82,29,33,1253,237,216,113,1179,255,158,98,5736,629,275,132,9700,693,3226,439,6474,516,40834,799,2861,474,37973,809
2019-2023,Oregon,Malheur County,0500000US41045,31701,0,10039,233,1788,236,994,218,794,174,8251,274,49902,4655,41,045,11583,478,1019,263,1029,238,9535,587,8839,557,695,194,933,273,97,62,19,19,0,28,605,213,152,97,193,117,10,10,994,204,65,46,2641,334,1117,192,1524,295,7398,332,671,135,6727,321
2019-2023,Oregon,Marion County,0500000US41047,346532,0,125413,727,15069,897,7828,732,7241,680,110344,1150,74624,1593,41,047,156205,1820,9838,1086,9882,1079,136485,2135,111955,2332,6099,808,17690,1426,1720,450,2005,507,500,251,3178,458,454,199,3106,598,315,185,18271,1135,750,299,24545,1098,8098,662,16447,981,100868,1151,6971,672,93897,1168
2019-2023,Oregon,Morrow County,0500000US41049,12249,0,4322,155,584,148,338,101,246,109,3738,199,70217,11484,41,049,4984,256,463,151,556,232,3965,379,3739,240,371,141,640,181,58,58,72,79,1,7,202,103,33,29,112,115,0,21,219,77,0,21,864,159,196,79,668,149,3458,219,388,131,3070,243
2019-2023,Oregon,Multnomah County,0500000US41051,803863,0,347392,1344,42643,1655,13021,900,29622,1642,304749,2145,86247,1727,41,051,432839,3109,24654,1378,21227,1320,386958,3797,233097,3590,12603,1061,33718,1803,2567,501,28298,1394,3063,480,17551,1025,2144,498,19802,1227,1033,294,100373,2725,3244,600,51570,2038,20641,1131,30929,1755,295822,2300,22002,1258,273820,2573
2019-2023,Oregon,Polk County,0500000US41053,88553,0,32574,375,4531,536,1910,390,2621,468,28043,584,81318,2600,41,053,39524,935,2601,540,1829,408,35094,1073,27400,1082,1803,421,3849,542,277,141,255,136,0,31,1041,275,203,117,711,216,103,95,6268,636,215,133,6166,601,2379,457,3787,437,26408,570,2152,392,24256,600
2019-2023,Oregon,Sherman County,0500000US41055,1908,0,784,64,131,39,74,37,57,25,653,68,59500,6339,41,055,801,80,91,62,19,12,691,88,555,73,45,23,102,53,38,42,0,13,0,13,51,24,8,9,15,17,0,13,78,34,0,13,147,39,70,26,77,32,637,59,61,35,576,66
2019-2023,Oregon,Tillamook County,0500000US41057,27471,0,11817,458,1489,292,625,196,864,250,10328,473,66551,3767,41,057,10801,591,634,199,760,230,9407,630,7412,531,368,155,679,205,85,82,189,116,56,74,440,191,6,10,372,154,51,40,1709,296,68,54,1932,262,626,168,1306,251,9885,405,863,240,9022,446
2019-2023,Oregon,Umatilla County,0500000US41059,80087,0,28194,449,3570,442,1817,357,1753,305,24624,597,68958,3985,41,059,33737,818,2175,406,2443,636,29119,1012,26629,973,1633,364,3713,680,245,135,245,195,67,88,775,241,153,115,486,177,16,18,1889,416,61,60,5366,479,1952,352,3414,417,22828,612,1618,312,21210,631
2019-2023,Oregon,Union County,0500000US41061,26192,0,10856,197,1664,205,614,132,1050,177,9192,246,64212,3369,41,061,11314,426,1036,262,691,159,9587,470,8383,442,670,222,1219,272,176,87,38,33,32,31,562,146,57,45,332,111,48,48,780,151,53,45,2204,241,876,191,1328,207,8652,276,788,146,7864,257
2019-2023,Oregon,Wallowa County,0500000US41063,7532,0,3356,118,297,86,53,33,244,79,3059,133,65559,6599,41,063,3235,166,142,64,186,69,2907,165,2038,224,58,34,363,124,2,3,16,20,16,20,173,78,38,35,99,58,8,13,546,133,20,20,385,90,128,62,257,83,2971,147,169,62,2802,152
2019-2023,Oregon,Wasco County,0500000US41065,26603,0,10411,239,1253,254,383,148,870,218,9158,302,63602,4399,41,065,11669,510,586,187,1103,272,9980,602,8967,505,345,129,1094,221,55,45,88,76,26,53,417,222,41,55,298,114,30,43,805,229,89,114,2188,293,820,226,1368,225,8223,333,433,120,7790,330
2019-2023,Oregon,Washington County,0500000US41067,600266,0,232366,810,17511,997,7635,737,9876,745,214855,1209,104434,1399,41,067,312715,2562,11122,1038,11819,1076,289774,2888,198375,2949,6177,617,23282,1439,1580,475,11128,985,864,320,7002,577,654,242,4906,445,466,165,68022,2425,1381,282,22303,1150,6593,664,15710,1012,210063,1385,10918,761,199145,1487
2019-2023,Oregon,Wheeler County,0500000US41069,1434,0,663,69,65,26,28,18,37,20,598,69,51250,7821,41,069,487,95,13,15,32,17,442,96,291,59,10,14,55,40,0,13,12,18,0,13,26,23,0,13,1,2,0,13,102,38,3,3,95,36,23,17,72,30,568,71,42,20,526,69
2019-2023,Oregon,Yamhill County,0500000US41071,108122,0,38836,387,4167,486,2075,283,2092,364,34669,582,87084,4086,41,071,47438,996,1543,317,1918,363,43977,1206,34323,1078,1063,278,3915,528,121,76,173,78,15,34,2020,417,126,77,1047,283,138,91,5960,662,80,64,6092,614,2297,446,3795,442,32744,669,1870,293,30874,681
2019-2023,Pennsylvania,Adams County,0500000US42001,105183,0,40411,326,2938,331,1519,255,1419,207,37473,396,81071,2227,42,001,50400,948,1752,307,1801,336,46847,1002,39998,1063,1086,205,3542,443,326,128,111,66,1,9,1193,203,43,32,563,157,74,70,4993,544,222,134,3207,342,1105,211,2102,267,37204,440,1833,229,35371,469
2019-2023,Pennsylvania,Allegheny County,0500000US42003,1240476,0,546507,2137,65006,1826,21632,1209,43374,1601,481501,2612,76393,842,42,003,618626,3229,27851,1312,22770,1560,568005,3567,394431,3301,13434,917,40837,1569,2195,386,38293,1593,4444,529,19351,1144,3473,541,9931,900,1022,238,115783,2581,3283,504,68986,1770,30152,1367,38834,1549,477521,2582,34854,1331,442667,2716
2019-2023,Pennsylvania,Armstrong County,0500000US42005,65069,0,28007,321,3127,295,1309,202,1818,237,24880,399,64295,2808,42,005,29437,601,1528,270,1610,250,26299,654,23232,746,1055,222,2595,312,166,77,65,42,28,38,743,182,129,81,300,77,22,29,2502,290,128,72,4142,319,1540,186,2602,292,23865,434,1587,214,22278,481
2019-2023,Pennsylvania,Beaver County,0500000US42007,166993,0,71975,620,7843,521,3108,360,4735,459,64132,766,70156,1539,42,007,78809,1209,3023,387,3247,480,72539,1216,60467,1441,1839,296,5932,661,376,147,1049,276,280,144,1351,239,272,153,951,205,56,54,9059,708,200,137,9957,546,4155,400,5802,531,62018,842,3688,410,58330,799
2019-2023,Pennsylvania,Bedford County,0500000US42009,47503,0,19763,300,2406,219,951,127,1455,200,17357,330,60302,2592,42,009,22065,476,1151,237,1337,240,19577,552,17616,527,843,209,2104,236,116,47,141,109,0,24,465,140,106,82,218,59,28,21,1521,229,58,40,2772,226,1095,161,1677,195,16991,377,1311,197,15680,361
2019-2023,Pennsylvania,Berks County,0500000US42011,429989,0,161701,913,18212,1106,8900,686,9312,825,143489,1313,77684,1522,42,011,204427,1947,9179,825,8929,880,186319,2265,154963,2731,5427,626,16998,1274,1447,308,2051,379,393,150,4628,622,614,211,4131,620,312,125,21656,1263,986,343,22281,1188,9199,810,13082,894,139420,1308,9013,735,130407,1471
2019-2023,Pennsylvania,Blair County,0500000US42013,121854,0,50548,565,6833,582,2660,412,4173,464,43715,739,60594,1783,42,013,55173,1052,2991,384,3487,466,48695,1196,44736,1223,1979,328,4588,535,450,160,359,137,43,34,1753,344,280,138,494,154,137,116,3243,380,102,83,8805,595,4201,445,4604,494,41743,750,2632,351,39111,785
2019-2023,Pennsylvania,Bradford County,0500000US42015,59971,0,24487,309,3197,281,1477,204,1720,212,21290,398,62482,2505,42,015,24995,614,1439,211,1576,274,21980,637,19756,611,954,180,2126,288,208,86,21,14,0,27,1103,228,143,73,211,63,11,14,1778,263,123,65,3241,286,1429,198,1812,244,21246,400,1768,209,19478,443
2019-2023,Pennsylvania,Bucks County,0500000US42017,645993,0,247674,854,16114,1111,7215,746,8899,912,231560,1351,111951,1709,42,017,330593,2430,8093,873,7437,817,315063,2663,238326,3413,5654,695,20275,1389,1144,361,7070,708,264,128,4022,525,129,70,3790,448,379,197,57110,1993,523,162,18541,1051,6373,620,12168,922,229133,1315,9741,893,219392,1599
2019-2023,Pennsylvania,Butler County,0500000US42019,195870,0,80245,590,7387,510,2566,300,4821,452,72858,747,86775,2932,42,019,94253,1377,3397,447,2998,486,87858,1495,72252,1381,2286,384,5913,737,329,130,316,110,106,82,1608,302,160,83,985,249,271,204,13179,919,245,103,7615,500,3349,314,4266,434,72630,700,4038,420,68592,798
2019-2023,Pennsylvania,Cambria County,0500000US42021,132355,0,55692,624,8101,528,2948,340,5153,446,47591,646,56292,1713,42,021,55418,866,2961,390,2711,349,49746,879,44012,862,1808,292,3908,408,408,125,480,161,207,115,1331,242,207,89,545,254,36,25,5142,474,295,152,10442,645,4912,471,5530,526,45250,854,3189,334,42061,840
2019-2023,Pennsylvania,Cameron County,0500000US42023,4475,0,2229,92,398,87,173,58,225,75,1831,108,47681,4326,42,023,1739,117,131,51,139,71,1469,129,1430,126,89,44,178,73,27,23,9,14,0,11,76,45,13,21,2,4,0,11,44,18,2,5,598,92,313,86,285,62,1631,98,85,26,1546,95
2019-2023,Pennsylvania,Carbon County,0500000US42025,65191,0,27093,536,3321,448,1424,286,1897,383,23772,660,67877,3574,42,025,29495,802,1451,304,1421,377,26623,889,23600,947,1160,304,2987,494,58,44,79,57,16,21,444,168,151,128,126,80,0,27,2259,375,66,46,4018,495,1742,344,2276,435,23075,644,1579,327,21496,689
2019-2023,Pennsylvania,Centre County,0500000US42027,158041,0,59006,678,8976,724,1864,299,7112,639,50030,657,72748,1937,42,027,68602,1202,6262,638,3827,547,58513,1119,46550,1286,3382,532,4731,478,501,197,2565,431,600,195,3624,513,976,301,1683,424,50,41,9449,760,753,302,4484,563,1919,421,2565,397,54522,759,7057,637,47465,726
2019-2023,Pennsylvania,Chester County,0500000US42029,540896,0,202405,843,11786,735,5289,563,6497,554,190619,1043,123041,2646,42,029,276646,2227,7840,809,6938,790,261868,2262,185779,2577,5352,676,18081,1165,992,298,3777,452,97,75,4401,524,477,201,4293,676,239,168,60315,1922,683,175,11067,789,3688,523,7379,819,191338,1238,8098,622,183240,1285
2019-2023,Pennsylvania,Clarion County,0500000US42031,37297,0,14982,321,2129,233,667,113,1462,249,12853,285,60668,2536,42,031,16533,476,1281,209,1007,174,14245,488,12974,505,875,178,1352,156,83,41,40,34,0,24,451,158,64,46,320,120,106,117,1396,195,153,77,2342,264,948,205,1394,183,12640,390,1181,219,11459,300
2019-2023,Pennsylvania,Clearfield County,0500000US42033,78902,0,32089,508,4542,428,2106,302,2436,309,27547,567,60181,1906,42,033,34008,781,1853,287,2062,272,30093,809,26817,760,1313,238,3142,466,322,88,47,32,29,29,1005,204,106,63,547,134,32,21,2450,321,51,42,6012,436,2704,354,3308,356,26077,614,1838,277,24239,626
2019-2023,Pennsylvania,Clinton County,0500000US42035,37707,0,15258,224,2370,339,943,155,1427,306,12888,321,58842,3207,42,035,16313,426,1025,229,1084,257,14204,533,12553,561,805,220,1703,306,35,28,73,55,4,8,619,215,92,45,240,112,37,45,1125,215,52,46,2590,319,1081,214,1509,270,12668,350,1289,234,11379,346
2019-2023,Pennsylvania,Columbia County,0500000US42037,65055,0,25874,368,3953,454,1520,323,2433,388,21921,545,61992,2529,42,037,29171,772,2308,413,1759,398,25104,851,23216,786,1898,409,2116,356,173,92,93,80,46,62,584,182,94,79,195,77,25,24,2967,396,72,51,2637,388,1165,262,1472,263,23237,514,2788,403,20449,581
2019-2023,Pennsylvania,Crawford County,0500000US42039,83189,0,33616,488,4361,324,1954,225,2407,268,29255,523,60254,1974,42,039,34109,660,1839,252,2428,341,29842,736,26264,714,1169,157,3501,421,352,121,146,95,78,82,1475,299,130,74,461,86,21,12,2262,253,89,40,5882,380,2431,237,3451,382,27734,620,1930,241,25804,636
2019-2023,Pennsylvania,Cumberland County,0500000US42041,264422,0,105187,670,8136,672,3369,438,4767,588,97051,871,85634,2746,42,041,126719,1456,5366,678,3792,616,117561,1706,94012,1709,3770,586,8273,756,762,257,459,149,31,36,2717,432,129,92,1768,402,248,147,19490,1136,426,180,7586,699,3012,416,4574,616,97601,952,5124,689,92477,1077
2019-2023,Pennsylvania,Dauphin County,0500000US42043,287484,0,119763,734,14748,992,6718,757,8030,731,105015,1177,74159,1698,42,043,140781,1784,7411,1247,6380,1081,126990,2499,99863,2059,4667,776,11623,1066,610,189,1975,490,377,225,3671,634,601,383,2761,651,558,252,20888,1408,598,445,14251,1007,6449,699,7802,781,105512,1279,8299,741,97213,1355
2019-2023,Pennsylvania,Delaware County,0500000US42045,576195,0,216660,997,23257,1242,10510,863,12747,957,193403,1526,88576,1853,42,045,273424,2570,10717,798,9542,928,253165,2863,182698,2836,6231,667,18682,1436,1142,290,18558,1351,1719,284,6264,773,611,221,4728,644,346,186,42494,1776,668,221,27451,1264,10796,866,16655,1022,189209,1512,12461,895,176748,1720
2019-2023,Pennsylvania,Elk County,0500000US42047,30703,0,13481,283,1332,191,393,104,939,173,12149,297,64103,4145,42,047,14655,483,693,187,535,131,13427,476,12138,474,458,148,1329,272,55,40,63,51,0,24,369,132,72,47,348,164,77,71,408,142,31,30,1992,285,836,178,1156,254,11489,358,496,115,10993,356
2019-2023,Pennsylvania,Erie County,0500000US42049,269544,0,110106,795,16797,1037,7052,685,9745,746,93309,1085,61476,1408,42,049,118636,1475,8245,726,7929,885,102462,1782,91428,1710,5043,665,11125,894,1109,289,1330,276,425,176,3053,500,763,230,2153,473,382,199,9547,782,523,193,20666,863,9675,717,10991,713,89440,1067,7122,682,82318,1110
2019-2023,Pennsylvania,Fayette County,0500000US42051,126967,0,54962,657,9945,652,4128,478,5817,639,45017,830,56093,1567,42,051,52023,1048,3159,427,2610,385,46254,1131,42138,1155,2532,401,3941,430,204,86,694,319,77,102,878,216,191,113,928,297,16,17,3444,415,139,74,12822,741,6622,604,6200,552,42140,886,3323,354,38817,824
2019-2023,Pennsylvania,Forest County,0500000US42053,6785,0,1944,106,295,63,134,43,161,47,1649,102,50061,3782,42,053,1814,178,105,69,92,45,1617,160,1321,174,75,49,141,40,3,4,0,16,0,16,41,16,14,11,45,37,2,3,266,81,11,36,308,60,140,45,168,47,1636,106,155,40,1481,106
2019-2023,Pennsylvania,Franklin County,0500000US42055,156626,0,63028,476,4938,547,2084,354,2854,441,58090,651,74946,1764,42,055,73562,1222,2326,401,3548,551,67688,1414,57805,1507,1745,353,5849,835,226,115,155,81,25,22,2146,424,104,70,1079,339,78,49,6528,766,148,94,6818,668,1882,378,4936,562,56210,869,3056,439,53154,885
2019-2023,Pennsylvania,Fulton County,0500000US42057,14545,0,6156,124,794,99,369,70,425,74,5362,134,64798,3444,42,057,6804,157,337,64,264,66,6203,181,5474,185,252,63,654,79,32,19,18,24,0,18,123,52,15,10,79,34,0,18,456,79,38,23,818,110,397,81,421,88,5338,135,397,64,4941,138
2019-2023,Pennsylvania,Greene County,0500000US42059,35265,0,14126,317,1893,266,963,211,930,177,12233,394,66870,4217,42,059,13279,442,519,152,522,149,12238,496,10991,452,342,124,1085,226,92,74,26,17,0,24,203,87,19,23,184,116,20,25,790,194,46,41,3049,325,1249,240,1800,268,11077,377,644,131,10433,362
2019-2023,Pennsylvania,Huntingdon County,0500000US42061,43844,0,16038,322,1851,225,914,158,937,156,14187,329,65429,3008,42,061,17255,374,634,97,939,182,15682,438,13654,433,451,70,1604,179,59,22,12,23,5,20,682,171,59,42,280,82,36,28,1023,173,24,16,2165,215,927,161,1238,177,13873,328,924,158,12949,326
2019-2023,Pennsylvania,Indiana County,0500000US42063,83213,0,32291,487,4466,553,1424,214,3042,483,27825,664,58739,2243,42,063,35071,886,2376,428,2618,492,30077,936,27113,964,1523,362,3082,399,328,146,148,85,32,46,1725,393,366,209,555,141,47,23,2448,339,80,36,4866,424,2200,346,2666,263,27425,585,2266,372,25159,678
2019-2023,Pennsylvania,Jefferson County,0500000US42065,44099,0,18207,252,2710,239,1304,174,1406,191,15497,329,56898,2304,42,065,18979,372,987,150,1221,211,16771,438,15414,387,600,118,1511,167,140,54,94,76,12,13,642,125,112,59,370,98,75,57,948,141,48,33,2636,243,1217,169,1419,179,15571,286,1493,187,14078,325
2019-2023,Pennsylvania,Juniata County,0500000US42067,23419,0,8928,191,903,147,433,94,470,108,8025,204,63923,3028,42,067,10897,295,454,120,563,115,9880,352,8302,312,284,81,1180,220,82,40,16,10,0,21,273,84,0,21,126,57,28,45,1000,182,60,38,909,163,419,94,490,126,8019,216,484,112,7535,217
2019-2023,Pennsylvania,Lackawanna County,0500000US42069,215834,0,88266,814,12967,779,5761,534,7206,626,75299,1090,64691,1612,42,069,98826,1542,5631,697,5704,581,87491,1670,75281,1547,3664,572,9547,932,718,223,793,255,178,83,2691,416,493,152,1149,251,93,59,9365,664,485,168,15508,725,6837,557,8671,623,72758,1080,6130,493,66628,1125
2019-2023,Pennsylvania,Lancaster County,0500000US42071,555151,0,210536,704,18203,1218,8133,787,10070,912,192333,1293,83703,1740,42,071,271640,2342,10677,1047,11409,1160,249554,2722,200485,2508,7044,764,27475,1673,1631,381,2199,410,311,162,7923,773,663,173,5611,678,300,147,27947,1466,728,252,18433,1039,7042,788,11391,727,192103,1340,11161,852,180942,1578
2019-2023,Pennsylvania,Lawrence County,0500000US42073,85423,0,36005,425,4420,330,1682,256,2738,295,31585,548,60779,1899,42,073,37191,738,1527,240,1972,324,33692,700,28770,813,1048,209,3041,373,163,82,247,87,56,51,591,124,152,73,335,106,15,18,4207,509,93,54,7249,544,2840,223,4409,517,28756,635,1580,240,27176,639
2019-2023,Pennsylvania,Lebanon County,0500000US42075,143592,0,55846,412,5562,562,2889,505,2673,435,50284,666,76350,2027,42,075,67636,1095,3080,565,2631,372,61925,1208,51288,1285,2217,551,6414,741,364,159,401,185,116,124,1775,369,58,40,994,271,143,95,6764,678,182,111,6610,569,2592,403,4018,506,49236,685,2970,453,46266,745
2019-2023,Pennsylvania,Lehigh County,0500000US42077,375408,0,143445,761,15740,981,7990,668,7750,666,127705,1175,77493,2229,42,077,178770,2206,8804,995,9476,1059,160490,2604,135095,2373,5658,822,13393,1185,1176,344,2613,451,523,256,3453,549,684,242,3045,618,390,173,21171,1381,373,150,22184,1156,8587,800,13597,1093,121261,1294,7153,780,114108,1333
2019-2023,Pennsylvania,Luzerne County,0500000US42079,325978,0,133434,862,20157,912,9284,720,10873,786,113277,1136,62321,1298,42,079,149909,1919,9226,685,8701,801,131982,2075,114087,2030,6316,551,15232,1081,1355,306,1073,249,244,102,3682,530,553,221,1976,351,197,76,13859,1034,561,235,25712,1207,11269,818,14443,914,107722,1334,8888,731,98834,1294
2019-2023,Pennsylvania,Lycoming County,0500000US42081,113570,0,46201,524,5551,496,2446,347,3105,416,40650,616,64412,2266,42,081,50786,895,2883,403,2995,415,44908,916,39782,996,1654,290,4767,554,569,254,648,252,119,161,1438,281,224,117,410,116,22,18,3741,461,295,183,6884,589,2925,386,3959,462,39317,767,2626,364,36691,687
2019-2023,Pennsylvania,McKean County,0500000US42083,40149,0,16204,232,2187,220,1025,188,1162,184,14017,314,61705,3002,42,083,16906,526,1137,230,1040,205,14729,537,13514,537,902,229,1535,256,78,42,210,119,23,34,661,156,110,84,235,110,6,8,751,158,18,18,2703,229,1403,191,1300,187,13501,344,784,108,12717,347
2019-2023,Pennsylvania,Mercer County,0500000US42085,109852,0,46123,500,5928,574,2771,442,3157,312,40195,671,60614,2091,42,085,45811,1052,2203,315,1949,266,41659,1100,37591,1106,1627,274,3237,392,184,75,58,36,5,9,892,154,142,70,705,169,99,65,3328,426,146,81,8087,586,3231,406,4856,491,38036,650,2697,350,35339,716
2019-2023,Pennsylvania,Mifflin County,0500000US42087,46074,0,18502,339,2705,264,1408,257,1297,207,15797,397,61415,1922,42,087,21113,561,1692,346,1179,239,18242,688,16810,595,1071,288,2560,379,391,178,47,63,0,24,324,92,64,39,214,114,37,55,1158,268,129,108,3184,312,1652,232,1532,258,15318,423,1053,212,14265,466
2019-2023,Pennsylvania,Monroe County,0500000US42089,167784,0,60562,992,6702,731,3732,565,2970,473,53860,1146,82374,2758,42,089,76489,1797,3966,626,3162,529,69361,1743,56903,1980,2844,623,7588,728,560,228,2503,432,137,124,880,274,41,48,1140,329,144,110,7475,704,240,122,8417,772,2563,455,5854,602,52145,1053,4139,576,48006,1125
2019-2023,Pennsylvania,Montgomery County,0500000US42091,861225,0,333514,976,22712,1183,9450,774,13262,947,310802,1565,111521,1430,42,091,442945,2859,11996,986,11235,1040,419714,3033,296101,3619,7256,788,27023,1359,1502,327,13564,902,532,163,7652,936,697,205,5205,545,415,171,93400,2449,1594,383,20838,1097,7250,697,13588,941,312676,1426,15462,999,297214,1682
2019-2023,Pennsylvania,Montour County,0500000US42093,18079,0,7689,167,760,162,275,95,485,132,6929,201,72926,5600,42,093,8443,282,214,76,409,149,7820,309,6303,335,129,57,517,155,29,36,14,20,0,18,585,175,38,40,80,36,5,7,944,159,13,14,568,115,288,107,280,70,7121,188,472,120,6649,206
2019-2023,Pennsylvania,Northampton County,0500000US42095,315927,0,121496,846,10422,736,4835,571,5587,567,111074,1036,86687,1637,42,095,152121,1903,5791,828,5919,761,140411,2072,116895,1999,3746,554,9802,904,612,222,1727,375,76,56,2645,379,353,189,2748,547,182,98,18304,1177,822,309,12277,823,4463,548,7814,614,109219,1125,5959,518,103260,1160
2019-2023,Pennsylvania,Northumberland County,0500000US42097,90925,0,37581,478,4739,474,2029,305,2710,359,32842,620,57948,1782,42,097,40284,824,1793,327,2309,376,36182,817,31301,898,1015,227,3889,456,294,134,107,65,6,18,1300,317,268,129,410,115,21,19,3277,422,189,101,5438,346,2190,266,3248,282,32143,496,2549,357,29594,594
2019-2023,Pennsylvania,Perry County,0500000US42099,45988,0,18232,230,1549,199,793,177,756,107,16683,262,78824,3086,42,099,22174,434,797,232,880,173,20497,538,16818,510,604,237,1876,258,81,43,44,32,8,17,361,97,25,22,201,58,12,10,2874,347,67,40,1964,262,801,196,1163,188,16268,292,748,114,15520,289
2019-2023,Pennsylvania,Philadelphia County,0500000US42101,1582432,0,669222,2141,142275,3472,61667,2723,80608,2402,526947,3881,60698,763,42,101,713232,4380,60424,2674,49520,2582,603288,5591,335709,4773,22509,1647,54288,2928,5152,1042,128789,3363,16326,1477,49319,1914,6214,691,28805,1881,3772,702,116322,3490,6451,844,175693,4406,82468,3073,93225,3634,493529,4666,59807,2553,433722,4569
2019-2023,Pennsylvania,Pike County,0500000US42103,59691,0,24009,602,2089,337,1030,256,1059,198,21920,621,79318,3934,42,103,25921,712,820,219,1201,269,23900,770,18930,878,691,211,2402,422,42,36,607,197,0,27,250,112,19,33,443,164,27,41,3289,455,41,49,3053,475,909,267,2144,428,20956,605,1180,240,19776,594
2019-2023,Pennsylvania,Potter County,0500000US42105,16276,0,6757,159,786,81,332,56,454,61,5971,164,59840,2455,42,105,6810,150,323,65,412,71,6075,181,5133,176,223,48,511,86,44,20,11,17,0,18,456,110,16,10,42,19,11,10,657,116,29,23,971,103,382,61,589,88,5786,146,404,62,5382,152
2019-2023,Pennsylvania,Schuylkill County,0500000US42107,143259,0,57465,657,7177,563,2927,368,4250,437,50288,835,66901,1609,42,107,63418,1051,3011,458,3289,490,57118,1102,50096,1167,1825,279,6637,628,526,206,222,110,57,52,1896,335,339,213,672,194,41,39,3895,450,223,155,9616,601,4347,455,5269,503,47849,800,2830,382,45019,886
2019-2023,Pennsylvania,Snyder County,0500000US42109,39711,0,14549,231,1406,212,511,95,895,195,13143,287,68435,2745,42,109,17640,369,617,113,979,187,16044,366,13610,439,480,99,1709,246,33,17,48,29,14,19,393,85,15,10,373,104,21,17,1507,231,54,25,1493,200,527,126,966,161,13056,290,879,171,12177,311
2019-2023,Pennsylvania,Somerset County,0500000US42111,73255,0,29071,416,3493,370,1369,211,2124,270,25578,482,59378,1484,42,111,31680,586,1590,283,1604,285,28486,715,25967,632,1038,200,2309,253,114,44,49,45,38,43,706,166,221,107,268,69,37,22,2381,310,142,77,4129,332,1783,249,2346,265,24942,454,1710,241,23232,532
2019-2023,Pennsylvania,Sullivan County,0500000US42113,5849,0,2536,105,284,48,104,28,180,36,2252,105,64758,5116,42,113,2560,111,99,51,75,31,2386,116,2069,124,58,25,158,36,1,4,2,4,0,16,98,91,26,43,74,69,12,13,159,39,2,4,214,45,126,35,88,37,2322,112,158,30,2164,109
2019-2023,Pennsylvania,Susquehanna County,0500000US42115,38349,0,15639,269,1590,141,728,101,862,101,14049,245,66930,2314,42,115,16318,363,707,125,982,169,14629,388,12450,393,442,87,1234,166,55,27,68,31,0,24,396,99,93,58,136,58,19,17,2034,249,98,61,1830,186,647,91,1183,162,13809,269,943,114,12866,273
2019-2023,Pennsylvania,Tioga County,0500000US42117,41078,0,16639,287,1945,193,935,132,1010,136,14694,295,62932,2663,42,117,17873,387,958,168,1166,181,15749,416,14300,374,688,140,1272,174,87,44,81,55,7,8,747,144,121,64,167,46,12,11,1306,204,43,20,2229,217,973,141,1256,175,14410,329,972,129,13438,309
2019-2023,Pennsylvania,Union County,0500000US42119,42570,0,14301,304,1387,294,493,140,894,257,12914,371,72894,5156,42,119,15744,522,652,186,815,211,14277,550,12246,537,363,143,1285,265,94,73,27,19,0,24,444,139,39,52,501,166,79,61,1241,236,77,55,1632,308,698,239,934,194,12669,399,689,180,11980,398
2019-2023,Pennsylvania,Venango County,0500000US42121,50096,0,21342,354,2692,271,1161,182,1531,181,18650,342,61626,2362,42,121,21130,522,1136,196,1359,225,18635,582,16546,530,673,162,2089,316,224,82,93,64,50,57,476,129,133,71,121,67,3,4,1805,318,53,40,3958,329,1598,218,2360,223,17384,384,1094,168,16290,394
2019-2023,Pennsylvania,Warren County,0500000US42123,38174,0,16271,233,1947,199,754,130,1193,155,14324,273,59013,2552,42,123,16454,409,801,160,1017,244,14636,445,13040,436,472,106,1698,277,164,81,126,112,51,68,539,131,47,37,236,94,55,39,815,164,12,9,2039,225,860,136,1179,156,14232,257,1087,147,13145,283
2019-2023,Pennsylvania,Washington County,0500000US42125,209778,0,87665,660,8936,597,3206,366,5730,514,78729,820,77487,1747,42,125,98437,1193,3859,406,3356,432,91222,1249,74745,1423,2801,339,6792,597,436,146,693,199,91,113,1569,301,279,108,1209,273,131,85,13429,911,121,65,11847,748,4471,460,7376,697,75818,983,4465,431,71353,911
2019-2023,Pennsylvania,Wayne County,0500000US42127,51189,0,20314,488,2317,299,1241,246,1076,171,17997,529,62182,2779,42,127,20381,563,1318,249,1086,204,17977,620,15444,557,1057,193,1834,246,100,54,62,35,0,27,664,193,34,33,261,99,52,44,2116,262,75,64,2503,324,890,183,1613,317,17811,498,1427,230,16384,510
2019-2023,Pennsylvania,Westmoreland County,0500000US42129,353345,0,154385,899,17110,1025,6095,536,11015,846,137275,1069,72468,1522,42,129,167831,2062,6083,561,5801,664,155947,1998,131210,2091,4164,457,11666,849,940,213,1281,248,183,118,2455,274,388,141,1326,268,107,66,19893,1321,301,86,20024,1234,9165,775,10859,834,134361,1320,7945,669,126416,1329
2019-2023,Pennsylvania,Wyoming County,0500000US42131,26075,0,10892,211,1200,154,526,99,674,124,9692,257,70268,2574,42,131,11708,264,572,106,496,91,10640,300,9485,293,456,105,1001,145,28,29,14,16,0,21,252,85,30,35,81,35,11,11,875,150,47,31,1748,194,688,136,1060,143,9144,267,512,92,8632,266
2019-2023,Pennsylvania,York County,0500000US42133,459312,0,180207,705,16206,992,7260,673,8946,790,164001,1167,82238,1228,42,133,226636,2208,7456,672,8943,801,210237,2337,178193,2234,4924,535,16954,1218,822,228,1737,389,344,185,3015,425,204,98,2810,400,341,171,23927,1426,821,356,19864,1143,7425,643,12439,950,160343,1309,8781,772,151562,1462
2019-2023,Rhode Island,Bristol County,0500000US44001,50568,0,19420,408,1650,316,532,223,1118,251,17770,469,110926,5022,44,001,24230,669,639,249,424,146,23167,688,18568,699,410,186,1400,369,50,61,327,176,0,34,522,190,42,60,278,119,54,61,3135,401,83,114,1171,276,298,133,873,234,18249,417,1352,292,16897,491
2019-2023,Rhode Island,Kent County,0500000US44003,170658,0,72743,563,6289,835,1923,444,4366,701,66454,1007,91278,2325,44,003,88515,1483,2727,481,2770,626,83018,1713,70305,1838,1921,426,6082,879,395,213,887,269,93,101,927,297,36,58,918,301,164,128,9396,775,118,93,9070,872,3416,640,5654,658,63673,1042,2873,506,60800,1124
2019-2023,Rhode Island,Newport County,0500000US44005,85095,0,36186,739,3526,495,1004,246,2522,404,32660,854,100859,4693,44,005,41607,773,1571,375,1083,271,38953,833,30749,872,1157,328,2381,449,96,51,412,174,60,55,1612,416,132,90,848,235,31,26,5605,599,95,73,3116,427,1579,317,1537,338,33070,813,1947,344,31123,865
2019-2023,Rhode Island,Providence County,0500000US44007,658977,0,256505,1205,36041,1631,13962,1226,22079,1310,220464,2108,78204,1588,44,007,315623,3651,14283,1022,12937,1072,288403,3846,231960,3691,8409,860,27309,1914,2377,501,7682,805,695,307,7128,926,986,331,7540,952,786,344,34004,1913,1030,282,44517,1732,20231,1305,24286,1408,211988,1865,15810,1259,196178,2155
2019-2023,Rhode Island,Washington County,0500000US44009,130073,0,52048,740,4611,536,1346,302,3265,477,47437,759,102478,3373,44,009,64320,1279,2245,534,1633,358,60442,1362,49983,1569,1637,437,3559,614,171,138,619,193,82,84,882,301,82,64,775,245,10,16,8502,691,263,157,3278,511,1481,362,1797,360,48770,878,3130,489,45640,816
2019-2023,South Carolina,Abbeville County,0500000US45001,24352,0,9536,363,1323,274,580,193,743,195,8213,427,52112,4784,45,001,9723,473,505,194,872,248,8346,527,8254,446,463,192,808,310,18,29,1,5,0,26,66,60,5,5,191,116,12,13,403,139,7,11,1472,232,779,234,693,156,8064,377,544,165,7520,413
2019-2023,South Carolina,Aiken County,0500000US45003,171949,0,68606,867,9988,817,4402,548,5586,672,58618,1132,67940,2609,45,003,75067,1479,4526,642,4814,725,65727,1708,62184,1663,2985,528,5088,641,904,341,214,115,60,49,383,142,68,56,514,227,187,172,6684,846,322,143,7742,723,3831,538,3911,606,60864,1069,6157,624,54707,1225
2019-2023,South Carolina,Allendale County,0500000US45005,7738,0,3163,203,974,186,389,134,585,175,2189,229,31603,9251,45,005,2517,228,303,135,165,82,2049,244,2101,249,174,112,242,109,79,68,6,11,0,20,41,43,14,28,63,48,36,38,64,53,0,20,781,183,464,135,317,138,2382,245,510,154,1872,254
2019-2023,South Carolina,Anderson County,0500000US45007,207218,0,82134,738,11643,784,6191,620,5452,558,70491,989,64683,2298,45,007,92198,1485,5907,660,5247,770,81044,1756,76280,1736,4346,533,8436,831,1107,342,240,176,47,75,651,281,66,74,941,284,92,91,5650,689,249,133,8686,703,4193,516,4493,586,73448,919,7450,681,65998,1037
2019-2023,South Carolina,Bamberg County,0500000US45009,13164,0,4592,306,1203,238,410,153,793,195,3389,306,43206,6333,45,009,4638,353,362,182,183,91,4093,417,3717,411,249,127,355,168,93,131,105,81,0,22,23,35,13,28,78,68,7,11,360,166,0,22,995,191,485,151,510,139,3597,332,718,203,2879,295
2019-2023,South Carolina,Barnwell County,0500000US45011,20565,0,8107,293,2272,295,1133,220,1139,248,5835,370,41800,4603,45,011,8288,551,893,233,728,204,6667,493,6719,554,806,214,984,274,24,21,202,137,7,12,41,39,11,21,86,69,5,8,256,114,40,49,2136,308,1310,260,826,208,5971,391,962,239,5009,391
2019-2023,South Carolina,Beaufort County,0500000US45013,192123,0,78794,971,7903,888,4412,720,3491,527,70891,1296,84819,2376,45,013,82125,1374,4122,669,4755,872,73248,1662,63360,1764,3184,600,6352,928,362,216,650,270,103,128,926,267,128,98,1265,277,62,60,9572,987,283,190,3897,555,1614,370,2283,480,74897,1174,6289,850,68608,1355
2019-2023,South Carolina,Berkeley County,0500000US45015,238723,0,90348,857,9159,888,4991,669,4168,557,81189,1066,82327,1936,45,015,115288,1948,4654,628,5373,733,105261,1944,92256,2171,3381,544,9332,1068,504,174,334,256,170,248,837,228,58,50,1419,387,144,135,11110,907,397,155,6551,713,2839,497,3712,540,83797,1071,6320,722,77477,1139
2019-2023,South Carolina,Calhoun County,0500000US45017,14150,0,6124,211,1064,260,584,200,480,168,5060,310,56690,2632,45,017,6167,376,393,196,287,183,5487,465,4937,452,332,185,399,154,13,23,2,5,1,3,191,102,30,50,44,54,0,22,594,204,17,25,898,230,307,129,591,214,5226,255,757,249,4469,309
2019-2023,South Carolina,Charleston County,0500000US45019,414711,0,175499,1636,19494,1234,7256,852,12238,940,156005,1940,84320,1939,45,019,212442,2370,11635,1268,9324,1045,191483,3059,153162,2682,7165,1000,16229,1422,1648,467,2194,551,416,239,3631,535,761,231,4124,561,368,173,33102,1935,1277,362,10835,848,5093,689,5742,613,164664,1947,14401,1014,150263,2122
2019-2023,South Carolina,Cherokee County,0500000US45021,56299,0,21864,478,4237,422,1696,342,2541,424,17627,537,49047,2478,45,021,23405,914,1754,369,2003,524,19648,910,19643,845,1266,325,1949,344,317,141,0,33,0,33,245,156,40,57,335,154,76,89,1233,437,55,39,3065,399,2059,355,1006,233,18799,620,2178,357,16621,578
2019-2023,South Carolina,Chester County,0500000US45023,32177,0,12926,278,2521,376,1370,272,1151,247,10405,476,51216,2995,45,023,13422,590,1037,241,1232,332,11153,630,11223,628,723,197,1168,296,182,118,14,24,14,24,95,69,20,38,209,103,38,57,713,231,60,42,2209,305,1007,224,1202,225,10717,378,1514,282,9203,488
2019-2023,South Carolina,Chesterfield County,0500000US45025,43575,0,17381,431,3493,478,1909,361,1584,278,13888,549,47620,3186,45,025,17827,714,1476,309,1664,412,14687,843,15066,686,1076,262,1299,266,71,55,69,85,62,85,175,106,80,93,842,354,187,181,376,125,0,30,3101,394,1767,330,1334,233,14280,453,1726,331,12554,561
2019-2023,South Carolina,Clarendon County,0500000US45027,31037,0,11949,322,2417,290,1077,232,1340,236,9532,380,48887,3730,45,027,11028,515,815,212,1074,246,9139,570,9201,490,571,182,900,209,125,70,15,28,0,30,186,94,5,14,165,91,59,52,561,160,55,62,2149,271,1219,248,930,187,9800,364,1198,246,8602,380
2019-2023,South Carolina,Colleton County,0500000US45029,38623,0,15968,350,2731,400,1612,359,1119,236,13237,504,48779,1834,45,029,15091,854,1228,348,1381,364,12482,829,11997,789,841,289,1844,418,321,204,31,37,2,5,87,66,15,21,312,153,3,6,820,285,46,71,3743,436,1715,376,2028,375,12225,508,1016,205,11209,484
2019-2023,South Carolina,Darlington County,0500000US45031,62754,0,25074,512,4883,540,2497,404,2386,381,20191,541,47419,3243,45,031,25765,964,2089,495,2100,419,21576,941,21615,1035,1562,445,1934,367,284,158,3,4,0,33,350,125,58,56,860,281,150,94,1003,295,35,34,4691,502,2488,384,2203,378,20383,583,2395,413,17988,571
2019-2023,South Carolina,Dillon County,0500000US45033,28031,0,10587,361,2967,354,1721,336,1246,256,7620,432,44038,2502,45,033,11270,618,1407,310,1284,307,8579,655,8942,663,1006,253,1700,353,322,143,1,4,0,26,30,28,0,26,97,64,3,5,500,175,76,60,2404,311,1370,247,1034,225,8183,466,1597,284,6586,454
2019-2023,South Carolina,Dorchester County,0500000US45035,164322,0,61573,747,6575,790,3624,556,2951,570,54998,967,76896,3033,45,035,78477,1387,3528,637,3589,737,71360,1692,62975,1756,2741,600,6085,764,434,179,69,64,3,6,510,209,64,54,1311,402,71,86,7527,689,215,114,5003,638,2085,443,2918,475,56570,885,4490,706,52080,1002
2019-2023,South Carolina,Edgefield County,0500000US45037,26508,0,9508,291,1664,278,829,201,835,196,7844,319,67092,5652,45,037,11334,469,663,211,1065,354,9606,531,9182,512,430,164,1119,383,127,129,187,96,66,51,143,135,14,31,27,33,0,26,676,195,26,31,1204,225,810,191,394,111,8304,299,854,198,7450,318
2019-2023,South Carolina,Fairfield County,0500000US45039,20741,0,8773,302,1565,258,701,219,864,206,7208,294,46972,3925,45,039,9382,424,633,215,831,213,7918,536,7799,512,461,186,780,224,93,90,152,139,54,53,99,59,0,26,150,107,24,40,402,132,1,3,1620,324,623,196,997,255,7153,332,942,209,6211,295
2019-2023,South Carolina,Florence County,0500000US45041,136921,0,52522,747,9371,681,4340,475,5031,535,43151,890,56650,2787,45,041,59073,1109,4485,797,3331,654,51257,1436,48011,1283,2922,523,5003,783,956,444,94,77,4,8,243,128,119,86,742,241,164,107,4980,708,320,167,8016,581,4242,453,3774,475,44506,908,5129,599,39377,905
2019-2023,South Carolina,Georgetown County,0500000US45043,64200,0,26593,732,3716,537,1833,369,1883,398,22877,694,66734,3507,45,043,25554,1071,1906,420,1029,273,22619,1088,19698,890,1338,350,2382,596,281,188,82,79,0,33,403,198,76,92,544,205,24,37,2445,439,187,159,3044,461,1725,438,1319,288,23549,720,1991,339,21558,707
2019-2023,South Carolina,Greenville County,0500000US45045,537575,0,215774,1178,23980,1181,11210,931,12770,1030,191794,1463,74624,1577,45,045,258506,2730,12653,1171,14764,1464,231089,2905,197287,2984,8773,753,20775,1591,1315,349,556,219,45,31,2343,458,254,154,5533,854,780,275,32012,2014,1486,557,16426,1127,8128,800,8298,866,199348,1593,15852,1026,183496,1615
2019-2023,South Carolina,Greenwood County,0500000US45047,69329,0,27770,449,4838,597,2068,401,2770,506,22932,635,50635,2980,45,047,28011,863,1721,447,2447,503,23843,893,23939,956,1452,434,2431,522,167,85,17,27,0,33,113,93,7,7,399,188,21,45,1112,252,74,94,3781,549,2259,480,1522,328,23989,643,2579,450,21410,690
2019-2023,South Carolina,Hampton County,0500000US45049,18555,0,7104,267,1484,240,631,180,853,186,5620,301,43059,3264,45,049,7394,436,638,217,799,264,5957,436,6022,436,414,166,1068,271,169,93,52,51,26,44,54,42,26,29,36,37,3,14,162,57,0,22,1510,257,773,201,737,201,5594,342,711,191,4883,322
2019-2023,South Carolina,Horry County,0500000US45051,368937,0,150342,1527,18254,1019,8336,796,9918,779,132088,1809,64623,1669,45,051,157087,2549,11038,1022,13336,1244,132713,2663,123300,2451,8129,774,12701,1070,1430,359,741,266,215,148,1179,304,264,177,3498,584,364,154,15668,1375,636,268,10943,1099,4843,684,6100,802,139399,1595,13411,942,125988,1888
2019-2023,South Carolina,Jasper County,0500000US45053,30658,0,12420,366,2501,477,1033,298,1468,400,9919,528,63503,3192,45,053,12698,854,1109,323,875,287,10714,896,10052,732,782,309,1641,428,214,132,4,7,4,7,138,141,94,131,51,35,15,28,812,265,0,30,1613,387,923,333,690,197,10807,566,1578,428,9229,586
2019-2023,South Carolina,Kershaw County,0500000US45055,66924,0,25877,494,3784,540,2045,414,1739,364,22093,614,64343,3525,45,055,29587,923,2015,441,1421,383,26151,1053,24432,936,1471,395,2402,390,230,77,29,31,18,26,56,39,0,33,450,228,109,119,2218,394,187,126,3220,422,1563,275,1657,368,22657,587,2221,421,20436,676
2019-2023,South Carolina,Lancaster County,0500000US45057,100905,0,39204,654,4717,582,2456,498,2261,430,34487,849,74751,4111,45,057,44196,1328,2544,587,1705,443,39947,1598,32523,1391,1949,511,3182,583,316,199,50,48,0,33,258,168,7,10,749,306,159,157,7434,1020,113,85,3950,552,1774,348,2176,438,35254,765,2943,577,32311,912
2019-2023,South Carolina,Laurens County,0500000US45059,67904,0,26291,602,4962,572,2266,419,2696,408,21329,660,55517,3052,45,059,28334,963,2449,480,1889,474,23996,1032,22936,920,1670,363,3243,657,691,277,2,15,2,15,310,135,21,36,210,81,5,11,1633,321,60,63,4579,552,2101,352,2478,372,21712,627,2861,464,18851,669
2019-2023,South Carolina,Lee County,0500000US45061,16330,0,6294,230,1385,223,637,167,748,190,4909,293,44145,3568,45,061,6011,326,670,199,344,129,4997,375,4842,317,485,183,879,200,144,87,0,22,0,22,81,62,8,12,109,98,7,4,100,63,26,41,1554,267,553,167,1001,249,4740,275,832,195,3908,247
2019-2023,South Carolina,Lexington County,0500000US45063,300370,0,120789,814,13663,914,7065,662,6598,737,107126,955,75014,1833,45,063,144312,1518,7764,840,8530,864,128018,1986,114520,1818,5478,677,11989,920,996,266,68,58,14,18,1294,282,136,91,1737,325,324,178,14704,872,816,241,11805,991,5601,621,6204,683,108984,1099,8062,623,100922,1108
2019-2023,South Carolina,McCormick County,0500000US45065,9701,0,4107,221,769,163,277,116,492,125,3338,235,55344,6223,45,065,2991,344,152,81,78,49,2761,370,2555,348,134,77,77,47,0,20,0,20,0,20,48,34,0,20,9,12,0,20,302,89,18,22,458,129,282,99,176,99,3649,227,487,148,3162,224
2019-2023,South Carolina,Marion County,0500000US45067,28900,0,11788,402,3114,365,1201,254,1913,371,8674,473,34501,4155,45,067,10664,597,1182,307,1182,410,8300,721,9063,713,850,259,885,263,183,146,0,26,0,26,106,62,36,48,129,98,17,23,481,286,96,122,2609,421,1302,269,1307,318,9179,509,1812,304,7367,518
2019-2023,South Carolina,Marlboro County,0500000US45069,26285,0,9729,372,2622,301,865,178,1757,280,7107,342,36293,3696,45,069,9021,546,796,217,989,244,7236,521,7988,539,704,208,611,191,75,70,24,32,0,26,85,58,12,18,104,93,0,26,209,90,5,11,1820,287,977,217,843,227,7909,426,1645,270,6264,400
2019-2023,South Carolina,Newberry County,0500000US45071,38121,0,15220,449,2093,328,1146,270,947,215,13127,405,59670,3291,45,071,16391,553,1325,306,1264,391,13802,627,13846,633,1089,288,1290,329,176,121,0,30,0,30,207,93,23,33,367,232,25,41,681,196,12,17,1970,380,800,235,1170,340,13250,513,1293,253,11957,450
2019-2023,South Carolina,Oconee County,0500000US45073,79566,0,33653,691,5380,510,2416,380,2964,431,28273,794,60193,4091,45,073,32122,990,2848,413,2315,517,26959,1102,24903,1104,1905,341,3505,700,650,282,103,74,39,8,368,155,78,65,481,232,21,25,2762,586,155,90,4058,527,2266,414,1792,332,29595,858,3114,373,26481,835
2019-2023,South Carolina,Orangeburg County,0500000US45075,83531,0,32880,686,8234,577,3416,457,4818,566,24646,795,43214,2271,45,075,30533,931,2878,475,1947,314,25708,945,25172,993,2079,383,2624,447,485,250,5,10,4,10,298,122,44,36,443,175,27,34,1991,342,239,130,6669,687,3497,443,3172,557,26211,760,4737,587,21474,675
2019-2023,South Carolina,Pickens County,0500000US45077,132604,0,51404,649,8960,825,2949,438,6011,786,42444,842,59411,2628,45,077,58388,1311,5690,741,3845,550,48853,1478,46175,1238,4250,656,4995,793,399,155,605,269,205,130,689,184,185,113,588,184,71,76,5336,735,580,276,4551,563,2014,361,2537,397,46853,748,6946,767,39907,923
2019-2023,South Carolina,Richland County,0500000US45079,418725,0,165308,1292,27035,1579,11173,983,15862,1398,138273,1655,61699,1088,45,079,191274,2602,16597,1483,12503,1246,162174,2820,145245,3065,11634,1211,15593,1175,1620,370,1860,444,460,212,3101,511,970,269,4276,740,778,317,21199,1528,1135,395,17421,1183,8156,715,9265,1033,147887,1608,18879,1401,129008,1855
2019-2023,South Carolina,Saluda County,0500000US45081,18958,0,7507,260,1499,234,1096,229,403,128,6008,295,52957,7320,45,081,8054,410,893,202,482,159,6679,390,6421,442,433,163,625,152,210,104,13,21,2,5,114,83,0,22,446,169,244,132,435,151,4,5,1040,175,515,150,525,121,6467,258,984,178,5483,290
2019-2023,South Carolina,Spartanburg County,0500000US45083,338096,0,128606,958,18805,1183,9815,815,8990,779,109801,1234,64195,1482,45,083,154674,1817,11004,1058,9015,872,134655,2368,124182,2125,8092,871,15507,1205,1890,460,186,95,106,72,909,253,191,145,1790,462,357,153,12100,1081,368,149,13464,997,6749,654,6715,761,115142,1333,12056,1010,103086,1450
2019-2023,South Carolina,Sumter County,0500000US45085,104853,0,41181,529,7516,702,3395,474,4121,567,33665,821,55990,2721,45,085,43909,1138,2904,611,3250,623,37755,1265,37538,1206,1918,486,3230,535,730,295,65,55,63,55,493,217,86,72,603,281,39,37,1980,367,68,63,6690,690,3161,450,3529,518,34491,755,4355,597,30136,885
2019-2023,South Carolina,Union County,0500000US45087,26990,0,11738,288,2645,323,1273,245,1372,219,9093,354,41200,2534,45,087,10539,537,1154,262,922,241,8463,583,8469,566,827,223,1541,330,240,126,0,26,0,26,151,98,2,4,114,56,32,24,264,106,53,39,2378,325,1299,260,1079,239,9360,377,1346,228,8014,338
2019-2023,South Carolina,Williamsburg County,0500000US45089,30517,0,12160,309,3316,435,1296,269,2020,338,8844,516,43471,3792,45,089,11702,639,1132,348,650,224,9920,632,9730,652,799,303,1015,293,242,160,126,106,25,38,82,65,0,30,130,103,1,2,619,201,65,56,2595,325,1530,315,1065,247,9565,396,1786,313,7779,495
2019-2023,South Carolina,York County,0500000US45091,288559,0,111623,774,10788,915,4684,552,6104,788,100835,1148,83060,2983,45,091,141658,2113,5150,744,6052,832,130456,2352,106204,2492,3602,662,10118,1098,623,247,615,203,4,5,1508,365,166,87,1737,365,226,158,21476,1201,529,218,7669,940,2712,495,4957,813,103954,1264,8076,747,95878,1373
2019-2023,South Dakota,Aurora County,0500000US46003,2573,0,1042,72,67,22,29,16,38,14,975,78,74130,4104,46,003,1372,94,45,21,98,38,1229,100,1017,105,19,11,93,34,17,14,0,10,0,10,60,24,0,10,4,4,0,10,198,41,9,10,52,25,10,6,42,26,990,73,57,21,933,78
2019-2023,South Dakota,Beadle County,0500000US46005,19279,0,7485,212,1077,218,350,125,727,194,6408,287,63082,5255,46,005,9134,405,756,230,859,293,7519,559,7108,432,454,169,887,220,110,77,14,38,0,16,334,135,50,58,294,204,105,100,497,146,37,31,774,211,451,150,323,154,6711,306,626,166,6085,336
2019-2023,South Dakota,Bennett County,0500000US46007,3354,0,1024,102,276,76,227,73,49,25,748,119,44569,12240,46,007,1057,172,77,42,107,74,873,192,849,161,46,30,37,33,0,10,0,10,0,10,81,46,0,10,28,28,19,27,62,39,12,16,186,63,123,52,63,36,838,104,153,61,685,119
2019-2023,South Dakota,Bon Homme County,0500000US46009,7024,0,2426,109,247,61,91,42,156,46,2179,124,61275,5138,46,009,2693,116,87,44,221,101,2385,148,1975,149,75,40,340,103,4,7,10,15,0,15,74,32,8,8,90,50,0,15,204,69,0,15,149,50,72,35,77,40,2277,121,175,49,2102,129
2019-2023,South Dakota,Brookings County,0500000US46011,34968,0,13490,331,1766,297,347,138,1419,271,11724,380,67341,4801,46,011,17603,421,1810,330,1215,286,14578,533,13362,607,1208,281,1549,352,190,117,103,63,19,23,483,150,129,91,233,104,44,51,1873,322,220,152,688,187,335,146,353,131,12802,368,1431,270,11371,390
2019-2023,South Dakota,Brown County,0500000US46013,38079,0,16364,351,1667,281,559,166,1108,233,14697,408,70239,3581,46,013,19884,503,1141,306,885,256,17858,556,15880,568,735,211,1733,308,178,168,105,98,0,22,703,260,101,89,172,83,34,40,1291,273,93,82,1128,265,473,173,655,229,15236,391,1194,254,14042,424
2019-2023,South Dakota,Brule County,0500000US46015,5261,0,1932,101,194,64,59,35,135,53,1738,106,74043,8138,46,015,2605,152,174,68,128,65,2303,173,1717,156,56,33,313,91,20,24,5,7,4,7,130,37,60,14,84,86,0,15,356,91,34,29,64,26,35,21,29,17,1868,94,159,59,1709,102
2019-2023,South Dakota,Buffalo County,0500000US46017,1757,0,496,61,192,39,98,30,94,27,304,55,47000,9789,46,017,575,91,72,32,25,19,478,98,441,89,30,23,18,16,10,15,0,10,0,10,30,24,0,10,12,12,6,9,74,38,26,22,111,36,79,28,32,19,385,63,113,36,272,56
2019-2023,South Dakota,Butte County,0500000US46019,10538,0,4230,197,408,149,170,89,238,107,3822,217,67692,10702,46,019,5323,270,291,138,479,164,4553,330,3828,277,204,134,506,144,37,51,21,20,0,16,442,184,14,15,48,41,23,39,478,129,13,21,359,95,133,68,226,84,3871,199,275,134,3596,230
2019-2023,South Dakota,Campbell County,0500000US46021,1481,0,704,64,63,27,30,17,33,22,641,60,65000,9582,46,021,757,96,31,19,33,23,693,89,467,64,28,18,53,29,0,10,0,10,0,10,48,23,2,4,13,12,0,10,176,50,1,3,40,25,11,11,29,24,664,60,52,23,612,56
2019-2023,South Dakota,Charles Mix County,0500000US46023,9281,0,3006,87,574,89,299,90,275,62,2432,117,64850,4935,46,023,3881,153,403,163,172,56,3306,189,2892,184,163,47,259,68,31,21,35,23,16,20,155,97,61,90,63,38,0,15,477,150,132,120,407,64,249,51,158,40,2599,88,325,81,2274,118
2019-2023,South Dakota,Clark County,0500000US46025,3876,0,1322,80,132,43,53,29,79,30,1190,86,62885,6646,46,025,1504,153,69,70,95,51,1340,136,1033,114,10,8,133,61,31,43,0,10,0,10,72,35,0,10,9,8,0,10,257,123,28,52,31,16,19,15,12,9,1291,81,113,39,1178,84
2019-2023,South Dakota,Clay County,0500000US46027,15133,0,5561,231,1292,232,128,85,1164,213,4269,251,58794,5550,46,027,6494,393,852,203,472,202,5170,383,4913,465,593,180,385,180,10,26,25,39,25,39,509,157,170,116,172,91,53,52,490,191,1,4,602,179,222,117,380,136,4959,279,1070,226,3889,293
2019-2023,South Dakota,Codington County,0500000US46029,28556,0,12361,326,1368,241,458,147,910,188,10993,385,65080,5327,46,029,15085,522,979,278,997,323,13109,504,12686,506,750,236,1041,248,114,83,77,88,55,75,179,89,39,41,195,115,0,19,907,220,21,28,859,202,375,137,484,190,11502,383,993,206,10509,420
2019-2023,South Dakota,Corson County,0500000US46031,3859,0,1112,40,367,47,290,42,77,22,745,45,43750,23449,46,031,1153,83,173,44,85,32,895,84,735,76,101,33,53,20,14,12,0,10,0,10,31,14,16,12,17,12,5,6,317,60,37,24,295,39,223,37,72,28,817,47,144,33,673,48
2019-2023,South Dakota,Custer County,0500000US46033,8686,0,4033,249,270,101,127,73,143,66,3763,244,81958,4212,46,033,3927,245,175,106,156,80,3596,273,3047,268,86,72,287,151,12,21,1,2,0,15,77,62,10,17,53,41,0,15,462,141,67,70,201,83,31,30,170,76,3832,249,239,94,3593,248
2019-2023,South Dakota,Davison County,0500000US46035,19936,0,8714,232,1086,242,297,122,789,207,7628,315,61401,5216,46,035,10233,364,814,338,637,244,8782,405,8059,411,445,212,714,271,23,28,88,89,32,65,262,118,50,36,199,122,102,93,911,206,162,125,710,175,432,150,278,141,8004,259,654,201,7350,291
2019-2023,South Dakota,Day County,0500000US46037,5460,0,2343,95,282,51,113,36,169,50,2061,103,62270,8002,46,037,2423,121,115,40,172,75,2136,133,1858,150,79,32,161,55,11,13,8,9,0,15,104,41,13,14,11,16,0,15,281,78,12,12,158,46,93,37,65,25,2185,99,189,53,1996,102
2019-2023,South Dakota,Deuel County,0500000US46039,4318,0,1800,78,149,41,39,23,110,35,1651,87,79556,6776,46,039,2097,108,97,51,108,45,1892,112,1583,123,62,33,230,67,0,10,0,10,0,10,54,30,25,30,39,35,0,10,191,65,10,13,46,24,18,16,28,17,1754,82,131,40,1623,89
2019-2023,South Dakota,Dewey County,0500000US46041,5230,0,1681,50,456,65,304,58,152,47,1225,72,57928,4566,46,041,1909,110,185,56,168,65,1556,100,1345,110,92,40,164,53,7,10,13,14,0,15,54,26,14,12,56,34,48,33,277,60,24,20,331,62,254,54,77,31,1350,77,202,47,1148,82
2019-2023,South Dakota,Douglas County,0500000US46043,2823,0,1117,73,125,49,59,41,66,26,992,82,78125,8097,46,043,1436,89,111,70,78,43,1247,94,1093,79,98,69,65,26,2,3,7,12,0,10,130,43,11,20,16,12,0,10,125,48,0,10,23,13,15,10,8,7,1094,76,110,50,984,84
2019-2023,South Dakota,Edmunds County,0500000US46045,4033,0,1589,86,145,67,51,23,94,58,1444,87,77266,8912,46,045,1878,138,71,36,108,84,1699,139,1298,144,55,31,129,52,0,10,0,10,0,10,117,49,3,3,86,48,0,10,248,73,13,20,65,26,42,25,23,15,1524,85,103,61,1421,89
2019-2023,South Dakota,Fall River County,0500000US46047,7179,0,3443,173,677,138,354,109,323,108,2766,197,61056,6745,46,047,2963,210,292,126,201,106,2470,240,2262,254,139,73,116,78,0,15,12,13,0,15,153,71,18,26,81,76,45,71,339,126,90,74,409,117,281,104,128,82,3034,182,396,102,2638,198
2019-2023,South Dakota,Faulk County,0500000US46049,2137,0,836,70,135,56,70,34,65,43,701,76,58000,12424,46,049,950,78,136,73,29,12,785,102,648,81,45,59,71,30,3,4,0,10,0,10,107,66,31,53,6,8,0,10,118,44,57,33,8,7,2,3,6,6,828,71,133,56,695,77
2019-2023,South Dakota,Grant County,0500000US46051,7544,0,2989,148,295,115,130,76,165,88,2694,150,73818,5969,46,051,3913,216,285,166,160,96,3468,202,2946,217,47,43,384,123,109,79,0,15,0,15,173,100,74,74,32,35,13,23,378,138,42,88,173,88,38,33,135,75,2816,148,257,112,2559,159
2019-2023,South Dakota,Gregory County,0500000US46053,3993,0,1635,78,200,45,69,28,131,35,1435,83,52432,7045,46,053,1967,76,137,44,149,58,1681,92,1520,90,98,39,182,48,20,17,0,10,0,10,90,32,12,8,33,21,0,10,142,41,7,9,132,35,63,30,69,29,1503,79,137,35,1366,81
2019-2023,South Dakota,Haakon County,0500000US46055,1708,0,674,64,77,50,29,22,48,41,597,72,59231,10410,46,055,834,91,36,28,45,38,753,92,619,84,15,17,8,8,0,10,0,10,0,10,71,42,16,20,13,18,0,10,123,52,5,8,32,25,27,23,5,10,642,67,50,46,592,71
2019-2023,South Dakota,Hamlin County,0500000US46057,6288,0,2181,91,119,35,68,34,51,20,2062,95,83194,4451,46,057,2953,100,106,42,134,47,2713,116,2186,134,90,42,360,80,5,6,0,15,0,15,177,50,3,4,7,6,0,15,223,78,8,9,48,25,15,14,33,20,2133,88,104,37,2029,92
2019-2023,South Dakota,Hand County,0500000US46059,3045,0,1373,95,121,43,26,17,95,41,1252,94,72054,7130,46,059,1618,134,79,45,93,49,1446,145,1191,103,76,43,93,42,0,10,3,10,3,10,156,60,0,10,4,6,0,10,171,82,0,10,55,32,15,19,40,26,1318,99,106,41,1212,99
2019-2023,South Dakota,Hanson County,0500000US46061,3473,0,1134,45,57,22,25,21,32,14,1077,46,86375,9664,46,061,1832,108,16,13,122,51,1694,119,1442,138,12,11,96,27,0,10,0,10,0,10,112,39,4,6,16,11,0,10,166,81,0,10,21,13,5,6,16,11,1113,45,52,22,1061,46
2019-2023,South Dakota,Harding County,0500000US46063,1092,0,493,63,27,18,8,7,19,17,466,62,74766,10221,46,063,662,89,11,16,38,28,613,86,368,65,5,8,60,33,4,13,0,10,0,10,74,43,0,10,10,10,2,4,150,47,0,10,3,3,2,3,1,2,490,63,25,18,465,62
2019-2023,South Dakota,Hughes County,0500000US46065,17732,0,7316,189,595,166,246,142,349,137,6721,234,78981,6010,46,065,8944,347,397,180,214,122,8333,405,7025,450,140,107,1044,300,86,104,86,66,19,28,276,152,136,132,59,48,0,16,454,200,16,25,473,170,217,122,256,137,6843,219,378,120,6465,251
2019-2023,South Dakota,Hutchinson County,0500000US46067,7393,0,2944,77,302,79,69,31,233,69,2642,98,74459,6805,46,067,3601,131,161,86,163,62,3277,156,2899,151,127,72,207,52,7,8,0,15,0,15,164,61,4,6,35,16,0,15,296,139,23,57,203,66,79,39,124,53,2741,90,223,66,2518,101
2019-2023,South Dakota,Hyde County,0500000US46069,1305,0,535,66,50,24,15,11,35,21,485,67,74279,19209,46,069,651,119,35,20,49,35,567,127,444,90,13,9,54,32,0,10,10,13,0,10,32,21,10,14,14,16,4,5,97,40,8,9,17,13,0,10,17,13,518,66,50,24,468,66
2019-2023,South Dakota,Jackson County,0500000US46071,2826,0,740,104,278,79,213,77,65,31,462,97,26686,16608,46,071,820,143,88,57,94,54,638,131,625,126,69,54,36,31,0,10,0,10,0,10,25,23,0,10,0,10,0,10,134,71,19,19,213,65,126,60,87,40,527,92,152,54,375,92
2019-2023,South Dakota,Jerauld County,0500000US46073,1845,0,827,66,107,41,33,21,74,38,720,61,75417,17352,46,073,931,90,56,34,17,13,858,93,672,87,33,24,49,23,4,4,0,10,0,10,23,12,0,10,7,6,0,10,180,60,19,25,46,24,31,20,15,15,781,64,76,35,705,60
2019-2023,South Dakota,Jones County,0500000US46075,1030,0,355,46,42,24,33,23,9,8,313,52,64688,12036,46,075,462,68,26,23,38,29,398,78,311,75,15,17,26,16,3,4,0,10,0,10,65,40,7,12,7,8,0,10,53,31,1,3,6,6,2,3,4,6,349,45,40,24,309,52
2019-2023,South Dakota,Kingsbury County,0500000US46077,5210,0,2031,72,241,56,102,38,139,41,1790,78,70221,8941,46,077,2517,96,119,44,57,27,2341,105,2018,104,95,38,154,44,4,5,1,2,0,15,93,33,2,5,13,9,0,15,238,62,18,24,67,19,44,21,23,14,1964,71,197,52,1767,77
2019-2023,South Dakota,Lake County,0500000US46079,11052,0,4632,204,419,122,140,71,279,104,4213,224,73792,7113,46,079,5817,234,378,125,279,151,5160,270,4575,263,274,104,297,120,30,34,82,77,38,43,231,87,31,32,72,51,1,3,560,145,4,6,251,97,119,62,132,73,4381,221,300,103,4081,237
2019-2023,South Dakota,Lawrence County,0500000US46081,26574,0,11812,339,1430,347,416,179,1014,314,10382,455,66766,5800,46,081,13911,513,1021,375,905,296,11985,587,11100,637,824,300,1230,285,57,51,166,129,0,19,470,204,97,117,131,79,22,31,814,188,21,23,995,308,477,222,518,195,10817,425,953,278,9864,440
2019-2023,South Dakota,Lincoln County,0500000US46083,68286,0,26645,302,1409,255,754,226,655,170,25236,431,96552,2245,46,083,38146,572,1398,433,1270,318,35478,768,31044,780,1134,392,2022,389,146,99,63,55,8,14,655,316,7,11,138,99,15,21,4224,485,88,83,791,276,340,191,451,185,25854,414,1069,223,24785,451
2019-2023,South Dakota,Lyman County,0500000US46085,3717,0,1185,71,199,45,131,38,68,24,986,61,61169,4374,46,085,1501,103,149,50,70,43,1282,105,1033,93,79,32,88,37,16,14,3,4,0,10,100,57,4,7,59,29,22,18,218,75,28,38,139,41,72,27,67,25,1046,68,127,35,919,60
2019-2023,South Dakota,McCook County,0500000US46087,5732,0,2218,64,172,65,74,33,98,51,2046,77,80847,3746,46,087,2940,95,122,66,145,63,2673,123,2233,126,92,44,291,84,0,15,0,15,0,15,89,52,12,44,13,9,0,15,314,70,18,20,122,39,32,23,90,33,2096,74,140,60,1956,82
2019-2023,South Dakota,McPherson County,0500000US46089,2278,0,896,66,127,44,45,23,82,38,769,73,62024,5163,46,089,1106,97,105,54,77,155,924,166,808,221,57,52,70,33,4,8,0,10,0,10,115,46,41,32,19,13,0,10,94,173,3,4,38,25,27,25,11,13,858,67,100,42,758,74
2019-2023,South Dakota,Marshall County,0500000US46091,4355,0,1646,110,116,41,21,16,95,41,1530,101,72500,13231,46,091,2182,126,88,51,85,49,2009,152,1656,163,42,30,218,93,2,22,42,45,0,10,100,56,44,39,39,31,0,10,127,60,0,10,24,18,14,14,10,9,1622,103,102,42,1520,99
2019-2023,South Dakota,Meade County,0500000US46093,30297,0,11801,287,897,207,357,125,540,168,10904,349,74161,8730,46,093,15421,546,499,181,726,230,14196,694,11995,611,311,114,1394,337,60,79,118,94,56,56,519,317,10,12,278,152,0,22,1117,250,62,88,800,225,273,113,527,216,11001,376,624,161,10377,419
2019-2023,South Dakota,Mellette County,0500000US46095,2043,0,616,58,193,42,124,39,69,30,423,59,51364,7729,46,095,656,128,67,40,83,86,506,99,436,111,41,33,134,70,13,13,0,10,0,10,33,27,0,10,14,14,4,6,39,33,9,12,160,41,137,39,23,17,456,62,56,34,400,56
2019-2023,South Dakota,Miner County,0500000US46097,2299,0,916,68,91,33,28,23,63,29,825,73,72589,5463,46,097,1153,83,64,35,60,35,1029,95,846,98,26,18,111,49,18,25,0,10,0,10,12,12,0,10,41,28,4,7,143,54,16,18,77,37,6,6,71,37,839,77,85,34,754,80
2019-2023,South Dakota,Minnehaha County,0500000US46099,200689,0,82394,593,6969,684,2882,447,4087,486,75425,943,76074,2323,46,099,109807,1233,5318,771,4801,695,99688,1564,86348,1484,3794,608,8584,689,536,215,761,299,233,136,2067,394,378,191,1197,217,161,92,10850,782,216,105,7225,700,2855,459,4370,598,75169,926,4114,451,71055,1049
2019-2023,South Dakota,Moody County,0500000US46101,6371,0,2504,97,242,56,119,41,123,40,2262,98,77500,6981,46,101,3048,134,76,31,118,39,2854,132,2197,144,70,31,235,66,2,3,33,38,0,15,144,66,3,8,29,15,1,2,410,113,0,15,162,50,41,23,121,40,2342,91,201,50,2141,92
2019-2023,South Dakota,Oglala Lakota County,0500000US46102,13587,0,2731,106,1262,200,1101,205,161,93,1469,222,34769,11436,46,102,3048,419,729,235,406,178,1913,415,2037,385,347,178,390,160,137,95,0,16,0,16,164,114,67,67,386,169,153,117,71,62,25,39,1318,186,808,186,510,145,1413,183,454,145,959,198
2019-2023,South Dakota,Pennington County,0500000US46103,112081,0,45698,537,4974,449,1948,306,3026,370,40724,624,70768,2235,46,103,54913,1124,3088,423,2410,415,49415,1168,42738,1245,2064,320,4794,712,410,146,134,88,43,38,794,244,162,112,1110,374,115,90,5343,615,294,185,4060,493,2173,304,1887,353,41638,711,2801,412,38837,687
2019-2023,South Dakota,Perkins County,0500000US46105,3058,0,1254,87,156,47,74,33,82,31,1098,87,65455,8206,46,105,1562,128,125,48,48,32,1389,128,973,102,63,32,90,41,17,23,2,3,0,10,47,23,4,6,14,10,5,9,436,122,36,27,107,45,55,31,52,32,1147,89,101,34,1046,92
2019-2023,South Dakota,Potter County,0500000US46107,2430,0,1021,79,66,27,36,24,30,15,955,81,71726,15190,46,107,1162,85,34,27,92,54,1036,99,838,103,12,12,148,65,0,10,0,10,0,10,60,38,2,5,17,12,0,10,99,38,20,23,23,16,2,3,21,17,998,80,64,27,934,82
2019-2023,South Dakota,Roberts County,0500000US46109,10219,0,3657,112,536,84,330,65,206,49,3121,123,63691,3611,46,109,4238,185,309,73,401,100,3528,214,3270,176,236,58,326,81,3,5,41,31,2,9,186,57,26,25,90,49,3,6,325,70,39,27,426,65,280,56,146,38,3231,116,256,60,2975,119
2019-2023,South Dakota,Sanborn County,0500000US46111,2370,0,929,59,111,32,38,17,73,27,818,60,69870,5981,46,111,1201,78,68,28,60,24,1073,81,847,77,45,25,62,26,0,10,0,10,0,10,78,35,20,19,6,6,0,10,208,58,3,5,57,24,39,22,18,9,872,61,72,23,800,61
2019-2023,South Dakota,Spink County,0500000US46115,6283,0,2453,117,195,52,67,28,128,46,2258,115,73011,8374,46,115,2954,129,151,73,220,60,2583,160,1962,116,71,32,293,79,7,9,0,15,0,15,252,64,69,66,46,27,0,15,401,75,4,5,122,48,74,42,48,27,2331,123,121,36,2210,114
2019-2023,South Dakota,Stanley County,0500000US46117,3012,0,1272,114,30,30,13,18,17,25,1242,114,77000,16839,46,117,1744,137,18,25,54,42,1672,139,1500,141,18,25,136,73,0,10,0,10,0,10,10,13,0,10,23,27,0,10,75,58,0,10,35,32,1,5,34,31,1237,112,29,31,1208,112
2019-2023,South Dakota,Sully County,0500000US46119,1481,0,624,66,53,22,14,12,39,21,571,61,70250,4500,46,119,887,127,38,27,27,21,822,117,596,103,30,25,112,77,0,10,0,10,0,10,28,15,0,10,14,13,0,10,137,48,8,12,33,22,7,10,26,17,591,63,46,23,545,60
2019-2023,South Dakota,Todd County,0500000US46121,9293,0,2474,73,937,115,672,110,265,84,1537,118,39148,2593,46,121,2306,224,274,112,420,141,1612,202,1694,199,191,97,317,113,34,32,7,11,0,15,184,101,29,27,17,24,0,15,87,53,20,27,963,117,775,106,188,68,1511,128,162,57,1349,125
2019-2023,South Dakota,Tripp County,0500000US46123,5607,0,2265,143,361,97,228,82,133,62,1904,123,58854,11792,46,123,2529,144,205,69,246,85,2078,172,1820,192,139,60,226,90,20,17,32,32,0,15,298,123,45,44,1,2,1,2,152,80,0,15,267,98,169,69,98,75,1998,133,192,83,1806,124
2019-2023,South Dakota,Turner County,0500000US46125,8772,0,3535,79,344,68,130,42,214,55,3191,91,75283,2596,46,125,4519,109,125,46,196,55,4198,118,3627,135,94,40,388,91,15,11,15,19,3,10,154,70,7,11,52,30,1,4,283,56,5,5,312,62,136,45,176,50,3223,92,208,53,3015,91
2019-2023,South Dakota,Union County,0500000US46127,16916,0,7124,140,746,199,291,144,455,155,6378,232,84137,6432,46,127,8610,311,284,140,273,96,8053,344,7099,395,205,105,612,157,54,69,0,16,0,16,120,58,25,34,134,82,0,16,645,178,0,16,322,114,162,85,160,72,6802,185,584,178,6218,238
2019-2023,South Dakota,Walworth County,0500000US46129,5298,0,2396,142,256,85,169,73,87,32,2140,143,62722,5041,46,129,2395,172,163,110,56,60,2176,166,1854,160,112,58,221,100,0,15,8,13,0,15,149,79,27,43,22,47,22,47,141,54,2,3,129,61,58,42,71,50,2267,140,198,81,2069,137
2019-2023,South Dakota,Yankton County,0500000US46135,23379,0,9792,241,874,197,306,104,568,187,8918,273,73855,6118,46,135,11298,327,530,174,464,185,10304,384,9059,467,367,112,1094,275,28,29,129,107,92,95,281,147,19,20,111,65,0,19,624,219,24,61,589,176,319,124,270,129,9203,264,555,166,8648,284
2019-2023,South Dakota,Ziebach County,0500000US46137,2410,0,724,39,230,40,193,39,37,14,494,53,47333,6889,46,137,853,86,93,43,83,27,677,86,420,60,40,19,151,51,5,5,0,10,0,10,23,15,6,7,12,11,9,10,247,60,33,36,223,46,158,39,65,28,501,54,72,25,429,52
2019-2023,Tennessee,Anderson County,0500000US47001,78175,0,32069,524,5123,581,1858,368,3265,449,26946,708,63171,2466,47,001,33487,888,1903,395,2037,412,29547,1020,26397,958,1339,312,2827,447,273,137,12,20,0,32,337,177,45,41,252,107,5,9,3662,499,241,130,3942,503,2263,414,1679,265,28127,659,2860,452,25267,750
2019-2023,Tennessee,Bedford County,0500000US47003,51291,0,18953,318,2626,434,1719,391,907,323,16327,470,62197,3116,47,003,23726,843,1743,454,1096,303,20887,1010,17872,810,1336,402,3440,662,262,211,2,4,0,32,223,122,1,3,231,138,71,81,1958,437,73,72,2194,465,849,306,1345,370,16759,545,1777,371,14982,565
2019-2023,Tennessee,Benton County,0500000US47005,15948,0,6928,292,1101,206,544,152,557,142,5827,341,50435,7378,47,005,5862,350,401,142,386,146,5075,365,4926,361,330,134,283,126,18,21,0,21,0,21,64,64,0,21,280,134,0,21,309,148,53,51,1183,200,627,164,556,147,5745,334,474,125,5271,341
2019-2023,Tennessee,Bledsoe County,0500000US47007,14905,0,4812,171,1030,222,696,198,334,121,3782,239,49655,5962,47,007,5449,662,515,203,338,159,4596,637,4320,579,418,178,697,213,94,67,18,24,0,21,133,121,3,6,0,21,0,21,281,151,0,21,893,179,551,177,342,122,3919,216,479,159,3440,225
2019-2023,Tennessee,Blount County,0500000US47009,137747,0,54449,656,4825,495,2206,332,2619,329,49624,701,74607,2128,47,009,65680,1311,2386,437,3174,585,60120,1430,53074,1250,2018,397,4049,529,135,78,47,32,0,32,391,152,35,34,657,217,54,51,7462,742,144,81,3371,354,1585,274,1786,246,51078,743,3240,453,47838,752
2019-2023,Tennessee,Bradley County,0500000US47011,109743,0,41909,549,6016,619,2791,489,3225,427,35893,703,63789,2104,47,011,49450,1211,2865,521,3186,584,43399,1243,39321,1349,2133,454,5122,679,426,201,0,32,0,32,356,142,148,79,401,186,62,56,4250,679,96,71,5061,619,2267,447,2794,514,36848,760,3749,536,33099,845
2019-2023,Tennessee,Campbell County,0500000US47013,39568,0,16709,418,3596,380,1686,300,1910,304,13113,490,50260,4099,47,013,15559,670,991,204,1178,374,13390,766,12790,784,661,162,1305,333,169,67,0,29,0,29,69,39,12,16,131,76,25,24,1264,253,124,91,3255,365,2069,316,1186,238,13454,475,1527,226,11927,497
2019-2023,Tennessee,Cannon County,0500000US47015,14661,0,5686,178,916,203,485,143,431,140,4770,244,58092,4793,47,015,6268,370,371,144,302,114,5595,411,5231,346,343,141,517,177,0,21,10,16,0,21,35,36,0,21,0,21,0,21,475,191,28,28,619,173,341,136,278,107,5067,202,575,153,4492,244
2019-2023,Tennessee,Carroll County,0500000US47017,28461,0,11258,310,1889,276,857,191,1032,206,9369,376,50391,2292,47,017,11700,461,827,246,797,219,10076,548,9311,456,538,178,946,215,155,127,0,25,0,25,315,181,66,65,431,165,11,18,697,197,57,44,1464,225,790,172,674,164,9794,329,1099,224,8695,350
2019-2023,Tennessee,Carter County,0500000US47019,56462,0,24188,420,4319,439,1896,260,2423,341,19869,516,48435,3352,47,019,22464,811,1371,270,2158,308,18935,879,19139,790,1095,264,1332,240,158,78,76,68,0,32,144,79,16,29,232,146,0,32,1541,305,102,81,3510,389,1605,264,1905,314,20678,470,2714,369,17964,553
2019-2023,Tennessee,Cheatham County,0500000US47021,41500,0,15908,282,1495,344,676,232,819,283,14413,474,82015,5079,47,021,20784,691,761,281,749,210,19274,771,15584,789,430,171,2415,366,331,220,28,38,0,29,67,48,0,29,286,130,0,29,2404,373,0,29,912,208,355,158,557,180,14996,299,1140,328,13856,455
2019-2023,Tennessee,Chester County,0500000US47023,17452,0,6333,523,976,230,559,180,417,127,5357,445,60543,7241,47,023,6838,425,365,143,556,222,5917,483,5840,516,276,121,345,148,46,43,0,21,0,21,52,51,29,43,40,36,7,13,561,201,7,12,823,248,460,159,363,180,5510,437,516,163,4994,419
2019-2023,Tennessee,Claiborne County,0500000US47025,32221,0,13456,340,2705,377,870,202,1835,316,10751,394,46587,2995,47,025,12736,570,1000,268,859,237,10877,582,10440,658,744,235,1086,263,81,65,30,39,24,37,177,86,28,35,38,38,0,29,965,284,123,88,2014,341,1101,275,913,221,11442,430,1604,271,9838,417
2019-2023,Tennessee,Clay County,0500000US47027,7621,0,3201,203,762,181,299,115,463,151,2439,201,44712,8661,47,027,2649,293,243,108,94,61,2312,288,2261,301,220,104,157,67,22,27,16,30,1,11,2,3,0,19,103,101,0,19,110,81,0,19,710,149,393,129,317,118,2491,198,369,142,2122,208
2019-2023,Tennessee,Cocke County,0500000US47029,36503,0,15123,451,2900,394,1630,332,1270,298,12223,475,48416,3183,47,029,15024,616,1039,304,1546,388,12439,685,12001,739,761,240,1796,500,31,50,0,29,0,29,191,141,0,29,298,134,158,123,738,249,89,109,2814,450,1537,317,1277,327,12309,588,1363,308,10946,534
2019-2023,Tennessee,Coffee County,0500000US47031,58940,0,22794,394,3338,459,1796,336,1542,278,19456,531,60656,2968,47,031,25222,996,1961,448,1746,362,21515,1094,19776,906,1685,433,2836,529,109,74,0,32,0,32,418,184,12,18,88,53,0,32,2104,395,155,98,2536,363,1528,262,1008,252,20258,500,1810,368,18448,570
2019-2023,Tennessee,Crockett County,0500000US47033,13937,0,5494,154,811,172,437,146,374,110,4683,189,59049,5027,47,033,6420,263,432,169,339,107,5649,327,5605,278,395,164,437,134,5,6,0,21,0,21,50,46,13,17,24,22,0,21,304,111,19,19,772,164,333,111,439,119,4722,214,478,147,4244,224
2019-2023,Tennessee,Cumberland County,0500000US47035,62529,0,27447,464,3583,484,1463,306,2120,395,23864,646,58475,2539,47,035,22576,694,1243,340,2400,513,18933,812,18211,681,1010,285,1949,380,110,70,75,64,0,32,332,185,29,46,171,100,17,29,1838,332,77,65,2814,460,934,237,1880,411,24633,607,2649,430,21984,679
2019-2023,Tennessee,Davidson County,0500000US47037,709846,0,314578,1422,40176,1691,16344,1305,23832,1216,274402,2185,75664,1036,47,037,384292,2758,24697,1779,20807,1651,338788,3588,264414,3534,16682,1447,31490,1893,3127,862,6058,789,1559,449,5668,710,418,168,6647,868,617,283,70015,2361,2294,474,27113,1413,13697,1145,13416,1143,287465,1976,26479,1456,260986,2184
2019-2023,Tennessee,Decatur County,0500000US47039,11499,0,4439,261,985,213,498,141,487,155,3454,266,46190,5885,47,039,4186,261,344,130,362,134,3480,311,3483,289,290,116,399,121,36,42,8,12,0,21,80,55,3,4,15,18,0,21,201,83,15,24,719,147,326,103,393,94,3720,249,659,178,3061,263
2019-2023,Tennessee,DeKalb County,0500000US47041,20551,0,8495,257,1734,364,857,280,877,234,6761,354,48484,4691,47,041,8302,408,615,209,534,239,7153,509,6705,388,517,198,862,270,81,78,0,25,0,25,137,162,0,25,58,34,16,17,540,176,1,3,1245,258,648,244,597,202,7250,283,1086,270,6164,348
2019-2023,Tennessee,Dickson County,0500000US47043,55197,0,21092,374,2141,382,1026,259,1115,262,18951,493,73223,3577,47,043,26204,723,1041,312,961,243,24202,899,20958,941,718,245,2169,483,117,106,153,151,0,32,162,99,5,8,592,242,113,111,2170,535,88,66,1875,351,968,310,907,207,19217,472,1173,201,18044,509
2019-2023,Tennessee,Dyer County,0500000US47045,36681,0,14884,362,2714,413,1072,254,1642,385,12170,477,54973,2303,47,045,15777,607,920,231,983,269,13874,678,13905,679,654,187,963,234,188,122,0,29,0,29,34,45,0,29,165,156,3,5,710,230,75,80,2493,364,1540,292,953,219,12391,490,1174,290,11217,503
2019-2023,Tennessee,Fayette County,0500000US47047,42653,0,16730,313,1838,269,958,216,880,177,14892,396,84764,5080,47,047,19368,618,767,226,897,259,17704,729,14835,632,538,182,2071,436,180,110,22,26,0,29,100,71,0,29,447,264,0,29,1893,328,49,42,1732,241,759,193,973,207,14998,401,1079,253,13919,423
2019-2023,Tennessee,Fentress County,0500000US47049,18948,0,7706,249,1716,292,673,199,1043,251,5990,354,50865,4241,47,049,7026,495,673,229,590,247,5763,578,5895,487,582,178,498,203,74,110,35,59,0,21,110,73,0,21,156,111,0,21,332,156,17,29,1833,302,1015,223,818,234,5873,359,701,203,5172,387
2019-2023,Tennessee,Franklin County,0500000US47051,43478,0,17097,416,2369,370,881,171,1488,307,14728,455,61553,3725,47,051,18637,580,742,194,1311,273,16584,611,15550,672,631,174,1359,271,58,40,19,29,0,29,104,59,4,6,166,87,0,29,1439,329,49,65,1472,254,794,202,678,160,15625,400,1575,321,14050,448
2019-2023,Tennessee,Gibson County,0500000US47053,50610,0,20098,386,3207,442,1310,317,1897,397,16891,562,59009,3111,47,053,21169,692,1005,268,1493,366,18671,792,17656,789,742,225,1966,414,67,56,3,5,0,32,31,31,0,32,256,120,44,49,1257,348,152,136,3169,436,1763,391,1406,349,16929,525,1444,340,15485,519
2019-2023,Tennessee,Giles County,0500000US47055,30442,0,11710,307,1774,314,823,211,951,244,9936,374,61476,4124,47,055,12845,550,609,178,767,234,11469,621,10692,564,367,130,1026,318,87,63,0,29,0,29,166,88,15,14,244,112,95,70,717,161,45,40,1431,273,730,206,701,170,10279,341,1044,257,9235,399
2019-2023,Tennessee,Grainger County,0500000US47057,23929,0,9566,241,1747,259,772,180,975,206,7819,343,51351,3676,47,057,9645,502,608,192,575,208,8462,521,7922,554,422,162,941,235,124,81,0,25,0,25,7,10,0,25,54,53,43,51,721,229,19,30,1172,260,717,201,455,147,8394,330,1030,214,7364,335
2019-2023,Tennessee,Greene County,0500000US47059,70919,0,28093,512,4393,572,1861,299,2532,475,23700,659,54071,3235,47,059,28042,962,1681,316,1852,465,24509,999,23460,1022,1364,254,2168,447,250,150,19,24,2,6,209,103,7,11,327,119,12,21,1859,407,46,37,3057,484,1497,313,1560,366,25036,613,2896,479,22140,684
2019-2023,Tennessee,Grundy County,0500000US47061,13665,0,5106,175,1046,173,508,119,538,137,4060,223,45573,6540,47,061,5020,344,360,124,322,78,4338,382,3953,326,256,109,648,165,43,29,5,8,0,21,41,38,0,21,92,51,18,30,281,90,43,44,904,184,434,125,470,150,4202,216,612,157,3590,219
2019-2023,Tennessee,Hamblen County,0500000US47063,64930,0,25758,411,4240,497,2134,396,2106,402,21518,645,52794,3886,47,063,27479,1155,1712,377,2279,480,23488,1193,23398,1101,1341,372,2207,551,140,81,0,32,0,32,192,135,57,57,526,242,75,106,1156,275,99,107,3557,492,1712,393,1845,370,22201,683,2528,420,19673,743
2019-2023,Tennessee,Hamilton County,0500000US47065,370913,0,151316,1057,18017,955,7979,694,10038,803,133299,1367,72568,1935,47,065,179127,1689,9319,906,8058,932,161750,2037,134947,2391,6338,657,15742,1382,1265,367,1184,373,248,138,1877,399,280,147,2067,465,298,161,23310,1322,890,283,14540,916,7450,745,7090,755,136776,1309,10567,763,126209,1400
2019-2023,Tennessee,Hancock County,0500000US47067,6790,0,2773,156,940,181,449,115,491,128,1833,160,31995,4201,47,067,2203,189,282,123,505,164,1416,210,1909,179,240,107,209,84,31,31,0,19,0,19,0,19,0,19,10,17,0,19,75,62,11,19,970,193,520,123,450,145,1803,175,420,134,1383,167
2019-2023,Tennessee,Hardeman County,0500000US47069,25477,0,9049,353,1654,248,763,186,891,209,7395,392,46173,3168,47,069,8632,510,548,177,628,176,7456,474,6907,522,286,110,740,280,142,139,166,161,0,25,24,22,0,25,167,97,66,61,628,189,54,52,1687,305,949,209,738,191,7362,413,705,176,6657,391
2019-2023,Tennessee,Hardin County,0500000US47071,26939,0,10833,329,2355,362,1113,235,1242,243,8478,420,49149,3567,47,071,10397,504,933,297,833,233,8631,583,8942,488,798,280,553,173,96,68,0,25,0,25,55,61,0,25,124,69,0,25,723,227,39,38,1734,315,967,231,767,254,9099,371,1388,315,7711,414
2019-2023,Tennessee,Hawkins County,0500000US47073,57446,0,23090,469,3947,494,2112,373,1835,346,19143,597,55278,2784,47,073,21561,756,1376,316,1523,379,18662,858,17451,815,1073,277,1085,225,53,63,18,30,18,30,314,147,45,58,531,176,138,101,2162,396,49,70,3205,411,2000,322,1205,257,19885,557,1947,378,17938,606
2019-2023,Tennessee,Haywood County,0500000US47075,17672,0,7166,242,1807,250,812,186,995,184,5359,308,43513,3321,47,075,7148,451,670,189,539,180,5939,474,5877,433,487,153,599,159,100,61,0,21,0,21,100,75,0,21,254,113,53,70,318,137,30,33,1985,241,1179,230,806,174,5181,313,628,174,4553,300
2019-2023,Tennessee,Henderson County,0500000US47077,27906,0,10928,355,2012,333,947,241,1065,297,8916,406,53471,3028,47,077,11130,645,453,171,909,333,9768,699,9416,605,336,123,453,162,61,72,0,25,0,25,104,77,0,25,114,93,0,25,1043,265,56,84,1838,351,873,249,965,269,9090,481,1139,301,7951,480
2019-2023,Tennessee,Henry County,0500000US47079,32345,0,13205,363,2046,254,1085,203,961,180,11159,412,48540,2778,47,079,12639,675,851,195,874,218,10914,661,10589,682,641,177,751,199,72,46,47,58,0,29,64,51,9,8,556,225,102,60,632,161,27,26,1709,254,635,155,1074,225,11496,438,1411,266,10085,434
2019-2023,Tennessee,Hickman County,0500000US47081,25229,0,9180,284,1258,258,564,175,694,202,7922,337,57223,2733,47,081,10592,497,646,209,446,178,9500,618,8260,529,454,173,1408,365,142,86,10,14,0,25,117,94,0,25,48,42,0,25,749,223,50,49,1200,307,523,167,677,244,7980,376,735,196,7245,391
2019-2023,Tennessee,Houston County,0500000US47083,8293,0,3190,123,515,95,129,55,386,94,2675,138,54475,2909,47,083,3191,191,239,130,214,111,2738,214,2568,215,109,61,492,173,130,101,13,15,0,19,11,12,0,19,21,27,0,19,86,47,0,19,511,109,176,57,335,99,2679,152,339,94,2340,166
2019-2023,Tennessee,Humphreys County,0500000US47085,19074,0,6864,310,783,214,419,148,364,134,6081,355,59333,7039,47,085,7632,512,439,190,564,203,6629,528,6252,454,397,186,952,298,0,21,0,21,0,21,132,126,0,21,19,24,0,21,277,90,42,44,705,172,359,158,346,119,6159,334,424,127,5735,334
2019-2023,Tennessee,Jackson County,0500000US47087,11882,0,4695,180,1072,211,503,145,569,143,3623,238,41475,5643,47,087,4611,368,350,135,457,186,3804,365,3800,334,321,127,476,166,20,23,0,21,0,21,14,18,2,4,55,55,7,14,266,116,0,21,769,152,487,134,282,82,3926,208,585,156,3341,241
2019-2023,Tennessee,Jefferson County,0500000US47089,55835,0,21351,484,2207,398,1283,296,924,222,19144,594,63084,2895,47,089,24841,824,1083,332,1526,373,22232,844,21194,995,843,303,1853,354,140,109,84,81,0,32,265,160,5,11,97,66,13,18,1348,336,82,85,2402,417,1003,282,1399,302,18949,607,1204,282,17745,661
2019-2023,Tennessee,Johnson County,0500000US47091,18073,0,7172,273,1307,231,679,192,628,166,5865,311,52152,2651,47,091,6477,400,420,136,612,340,5445,475,5090,374,356,127,830,202,8,9,0,21,0,21,0,21,0,21,33,30,0,21,524,187,56,47,1153,218,710,169,443,148,6019,301,597,185,5422,299
2019-2023,Tennessee,Knox County,0500000US47093,487401,0,197298,1190,25259,1223,8899,758,16360,1060,172039,1630,71662,1187,47,093,239745,1923,13480,1013,15249,1240,211016,2404,186002,2625,9735,913,17460,1245,1493,327,1355,312,144,85,2727,417,545,176,2303,493,360,174,29898,1535,1203,372,18563,999,8809,873,9754,802,178735,1506,16450,939,162285,1540
2019-2023,Tennessee,Lake County,0500000US47095,6691,0,2022,120,802,161,394,129,408,104,1220,156,30500,9013,47,095,1545,222,163,77,192,118,1190,229,1265,177,150,73,194,82,13,18,0,19,0,19,30,28,0,19,32,30,0,19,24,20,0,19,612,131,460,132,152,65,1410,147,342,131,1068,145
2019-2023,Tennessee,Lauderdale County,0500000US47097,24933,0,9214,232,1908,264,973,169,935,204,7306,305,49205,3388,47,097,8842,414,526,158,636,200,7680,448,7416,403,363,127,998,266,142,83,41,38,17,24,40,29,0,25,115,91,4,5,232,112,0,25,2208,267,1151,245,1057,176,7006,290,757,168,6249,300
2019-2023,Tennessee,Lawrence County,0500000US47099,44901,0,16704,326,2908,438,1693,321,1215,257,13796,506,53233,2510,47,099,18769,583,1497,338,1255,336,16017,781,15686,640,1079,248,1455,288,90,77,17,20,5,8,143,76,38,36,137,95,40,43,1331,356,245,175,2581,355,1264,291,1317,240,14123,488,1644,326,12479,561
2019-2023,Tennessee,Lewis County,0500000US47101,12784,0,5153,224,976,304,445,193,531,198,4177,330,49477,9939,47,101,5518,472,382,193,219,102,4917,512,4608,453,315,189,345,144,0,21,0,21,0,21,39,39,0,21,149,100,0,21,377,204,67,87,919,229,458,189,461,174,4234,296,518,225,3716,325
2019-2023,Tennessee,Lincoln County,0500000US47103,35617,0,14589,288,2001,331,1047,266,954,234,12588,421,63115,3242,47,103,15898,616,595,175,809,249,14494,664,13321,689,434,164,1209,366,40,59,86,83,0,29,154,96,94,85,120,79,8,13,1008,261,19,25,1356,283,692,212,664,182,13233,383,1309,307,11924,458
2019-2023,Tennessee,Loudon County,0500000US47105,56996,0,23438,434,2837,431,1543,329,1294,312,20601,484,80296,4474,47,105,24835,863,1680,445,1092,301,22063,1013,20055,1057,1243,366,1818,401,297,146,0,32,0,32,71,51,0,32,230,92,9,16,2661,472,131,85,1562,328,803,229,759,239,21876,486,2034,385,19842,473
2019-2023,Tennessee,McMinn County,0500000US47107,54135,0,21471,422,3098,386,1397,278,1701,297,18373,508,59674,4485,47,107,22444,850,1034,258,1563,384,19847,834,19145,842,752,216,1826,337,82,66,0,32,0,32,197,83,54,38,93,62,5,7,1183,315,141,82,3213,493,1580,294,1633,355,18258,576,1518,290,16740,617
2019-2023,Tennessee,McNairy County,0500000US47109,25933,0,9806,285,1668,305,848,228,820,192,8138,399,50714,2838,47,109,10183,401,578,178,1021,257,8584,516,8382,508,427,136,907,264,88,94,19,27,0,25,58,77,0,25,47,37,16,23,770,240,47,49,1408,221,713,187,695,168,8398,312,955,228,7443,377
2019-2023,Tennessee,Macon County,0500000US47111,25793,0,9200,284,1453,313,568,186,885,283,7747,383,56269,4355,47,111,11896,560,726,218,984,308,10186,591,9095,518,341,148,1858,339,199,105,0,25,0,25,117,75,58,49,288,174,64,73,538,176,64,78,1459,307,704,192,755,252,7741,376,749,264,6992,390
2019-2023,Tennessee,Madison County,0500000US47113,98845,0,39534,511,7385,619,3709,545,3676,428,32149,700,58189,2723,47,113,43332,964,3312,531,2786,539,37234,1043,32867,1085,1708,365,4398,625,711,215,270,182,14,12,516,184,109,90,1764,361,405,188,3517,562,365,190,6496,739,3339,455,3157,570,33038,805,4046,514,28992,788
2019-2023,Tennessee,Marion County,0500000US47115,29010,0,11529,378,1941,345,1053,292,888,231,9588,406,58103,4425,47,115,11363,601,633,208,1060,362,9670,651,8687,556,537,199,1145,267,27,25,41,59,0,25,163,125,0,25,256,135,49,56,1071,289,20,23,1718,323,905,291,813,214,9811,357,1036,199,8775,397
2019-2023,Tennessee,Marshall County,0500000US47117,35276,0,13268,316,1630,313,1044,261,586,175,11638,452,70829,5770,47,117,16328,678,672,222,642,275,15014,751,12937,748,408,158,1027,268,179,114,0,29,0,29,171,128,23,39,82,73,17,31,2111,516,45,50,839,191,560,161,279,116,12429,379,1070,295,11359,454
2019-2023,Tennessee,Maury County,0500000US47119,104855,0,41260,493,4441,580,1898,409,2543,475,36819,679,74162,3436,47,119,51622,1036,2619,573,2477,500,46526,1339,39832,1253,1643,448,3907,594,457,261,41,38,17,27,493,212,132,157,307,152,34,39,7042,828,336,188,3032,463,1392,257,1640,401,38228,587,3049,510,35179,686
2019-2023,Tennessee,Meigs County,0500000US47121,13076,0,5279,241,916,180,369,130,547,152,4363,257,58395,6660,47,121,4739,347,288,136,295,103,4156,336,3578,360,221,116,753,232,45,51,2,4,0,21,18,24,10,19,58,42,0,21,330,125,12,18,932,180,465,143,467,146,4347,270,451,133,3896,274
2019-2023,Tennessee,Monroe County,0500000US47123,47054,0,19283,375,3498,449,1565,314,1933,371,15785,571,56648,4448,47,123,18330,810,1143,308,1437,372,15750,868,14841,822,690,216,1762,356,192,137,52,62,22,37,340,179,162,151,105,65,0,29,1230,334,77,62,2835,432,1365,335,1470,355,16448,569,2133,341,14315,624
2019-2023,Tennessee,Montgomery County,0500000US47125,227957,0,84321,659,9499,655,5100,538,4399,477,74822,967,72365,2926,47,125,105505,1524,6008,697,5947,819,93550,1783,85903,1869,4671,619,9565,985,737,261,507,216,61,68,379,126,102,71,1621,454,104,88,7530,889,333,159,7954,738,2828,445,5126,623,76367,869,6671,683,69696,1040
2019-2023,Tennessee,Moore County,0500000US47127,6611,0,2638,131,308,125,129,79,179,93,2330,164,66687,6363,47,127,2911,262,202,111,208,91,2501,299,2501,256,202,111,203,83,0,19,0,19,0,19,8,14,0,19,28,38,0,19,171,108,0,19,236,90,73,66,163,88,2402,152,235,102,2167,173
2019-2023,Tennessee,Morgan County,0500000US47129,21193,0,7188,259,1173,215,792,193,381,128,6015,321,57408,6934,47,129,7593,518,478,189,301,168,6814,580,6356,551,341,123,724,193,76,80,4,10,0,25,99,74,5,10,12,12,3,5,398,145,53,53,1188,216,679,187,509,141,6000,312,494,134,5506,334
2019-2023,Tennessee,Obion County,0500000US47131,30570,0,12516,278,2046,251,978,183,1068,195,10470,338,53102,2557,47,131,12690,480,709,166,1085,264,10896,584,10701,554,534,132,1114,257,122,66,1,3,1,3,147,99,30,34,256,133,10,16,471,152,12,18,1791,269,880,180,911,205,10725,329,1166,187,9559,359
2019-2023,Tennessee,Overton County,0500000US47133,22807,0,8992,275,1841,359,945,257,896,205,7151,351,46159,5999,47,133,9974,398,636,182,842,244,8496,475,8308,407,487,192,839,243,60,49,20,23,13,22,51,45,0,25,69,42,24,30,687,194,52,55,973,196,605,213,368,104,8019,307,1236,275,6783,327
2019-2023,Tennessee,Perry County,0500000US47135,8561,0,3040,246,483,161,237,104,246,111,2557,273,50489,7847,47,135,3216,310,168,91,201,120,2847,335,2317,332,87,57,443,172,14,24,79,76,61,72,30,48,0,19,15,25,0,19,332,169,6,13,481,149,283,129,198,92,2559,255,200,91,2359,255
2019-2023,Tennessee,Pickett County,0500000US47137,5062,0,2106,154,548,132,187,89,361,99,1558,173,44591,9395,47,137,1769,251,178,81,63,38,1528,276,1445,244,158,77,101,56,0,19,0,19,0,19,45,38,0,19,56,56,0,19,122,87,20,26,454,144,291,116,163,83,1652,176,257,93,1395,179
2019-2023,Tennessee,Polk County,0500000US47139,17702,0,7144,260,1230,234,401,118,829,208,5914,303,60227,7411,47,139,7542,313,468,146,402,128,6672,371,6061,424,374,137,706,231,39,33,7,12,0,21,131,80,7,12,35,34,0,21,602,185,48,43,963,197,433,136,530,167,6181,320,797,217,5384,351
2019-2023,Tennessee,Putnam County,0500000US47141,81366,0,33057,540,5769,587,2395,406,3374,421,27288,650,56537,2061,47,141,37471,940,3634,616,3290,622,30547,1153,30239,1051,3012,582,3706,662,177,88,44,53,0,32,367,194,170,158,120,76,20,31,2995,409,255,125,2850,410,1276,325,1574,298,30207,586,4493,559,25714,647
2019-2023,Tennessee,Rhea County,0500000US47143,33299,0,13243,395,2168,351,1236,316,932,237,11075,477,58133,3424,47,143,12969,795,565,219,1103,257,11301,814,10553,736,290,142,1426,428,114,75,31,47,0,29,86,56,22,26,86,74,0,29,787,290,139,113,2169,356,1218,261,951,266,11074,472,950,287,10124,493
2019-2023,Tennessee,Roane County,0500000US47145,54403,0,22539,432,3190,488,1309,344,1881,423,19349,626,66218,4162,47,145,22603,805,1214,321,1537,330,19852,902,18422,863,1002,301,1693,461,93,68,0,32,0,32,259,124,50,49,167,88,11,17,2062,376,58,52,3036,412,1499,333,1537,333,19503,578,1691,372,17812,653
2019-2023,Tennessee,Robertson County,0500000US47147,74291,0,27755,345,2887,386,1581,318,1306,263,24868,532,78439,4008,47,147,36223,773,1260,314,1637,367,33326,852,29169,858,900,209,2673,517,143,130,11,14,0,32,129,74,7,11,362,149,71,86,3879,514,139,113,2116,326,1024,248,1092,206,25639,457,1863,308,23776,543
2019-2023,Tennessee,Rutherford County,0500000US47149,351591,0,125861,980,11074,1151,5114,704,5960,839,114787,1340,82588,1854,47,149,184535,2738,9803,1212,10141,1271,164591,2995,138696,3117,7114,1050,18612,1658,1258,420,516,187,38,50,1381,427,157,138,1387,346,243,134,23943,1482,993,306,9286,847,2864,432,6422,771,116575,1392,8210,1089,108365,1533
2019-2023,Tennessee,Scott County,0500000US47151,21969,0,8638,258,2261,348,1175,229,1086,269,6377,370,42679,4640,47,151,8377,460,882,216,943,228,6552,485,7173,471,732,186,870,215,137,87,3,6,0,25,46,44,2,4,116,79,0,25,169,83,11,19,1989,316,1159,236,830,205,6649,388,1102,286,5547,404
2019-2023,Tennessee,Sequatchie County,0500000US47153,16409,0,6121,219,1434,278,989,227,445,162,4687,331,52260,5086,47,153,6080,455,847,262,295,160,4938,471,4805,449,665,236,349,134,82,62,11,19,0,21,73,52,23,30,115,71,0,21,727,221,77,66,1078,257,751,229,327,119,5043,295,683,214,4360,330
2019-2023,Tennessee,Sevier County,0500000US47155,98802,0,39221,730,5176,588,2700,465,2476,333,34045,775,63829,3050,47,155,46961,1157,3073,603,3011,469,40877,1245,36846,1289,2001,413,5783,940,524,214,240,158,83,112,573,179,116,76,186,122,48,72,3333,567,301,190,3132,515,1629,396,1503,324,36089,765,3547,495,32542,846
2019-2023,Tennessee,Shelby County,0500000US47157,922195,0,360590,1611,59841,2187,29148,1603,30693,1464,300749,2623,62337,1088,47,157,419044,3831,27731,1694,29157,1814,362156,4221,328869,4029,20055,1282,38261,1882,3962,656,2284,456,494,218,4592,591,737,264,5616,751,784,254,39422,1978,1699,428,57744,2196,27843,1636,29901,1585,302846,2526,31998,1683,270848,2851
2019-2023,Tennessee,Smith County,0500000US47159,20196,0,7619,274,1056,225,570,180,486,148,6563,306,62799,5839,47,159,9312,457,432,169,458,150,8422,499,7610,470,312,140,700,199,86,71,0,25,0,25,21,15,11,16,260,101,23,27,721,204,0,25,922,188,499,152,423,118,6697,300,557,158,6140,315
2019-2023,Tennessee,Stewart County,0500000US47161,13859,0,5173,261,758,156,245,89,513,152,4415,282,62052,6451,47,161,5531,363,243,145,185,107,5103,380,4370,351,235,142,677,196,8,15,56,61,0,21,113,101,0,21,62,61,0,21,253,126,0,21,571,123,328,102,243,77,4602,251,430,138,4172,273
2019-2023,Tennessee,Sullivan County,0500000US47163,159693,0,68408,717,10226,735,4802,623,5424,578,58182,1008,56802,1820,47,163,68963,1306,4022,646,4868,560,60073,1460,56364,1140,2712,546,4652,649,497,165,40,38,0,32,683,212,139,82,975,294,215,126,6249,676,459,172,8792,730,4925,575,3867,551,59616,1086,5301,534,54315,1150
2019-2023,Tennessee,Sumner County,0500000US47165,200553,0,76706,622,6624,666,3424,535,3200,470,70082,802,86005,2171,47,165,101409,1282,3326,471,4338,679,93745,1453,77133,1717,2547,407,7609,823,433,202,107,66,0,32,625,226,84,90,1379,434,7,11,14556,1153,255,170,5032,639,2114,450,2918,447,71674,889,4510,624,67164,966
2019-2023,Tennessee,Tipton County,0500000US47167,61339,0,22544,343,2839,365,1587,280,1252,276,19705,463,71736,3300,47,167,27595,781,1185,274,1739,416,24671,901,22853,888,998,262,2154,368,116,81,13,14,0,32,200,139,7,11,287,142,29,44,2088,404,35,52,2658,375,1320,277,1338,258,19886,464,1519,318,18367,526
2019-2023,Tennessee,Trousdale County,0500000US47169,11805,0,3658,145,499,149,252,119,247,116,3159,191,63190,12104,47,169,5034,309,203,125,290,149,4541,361,4178,400,162,104,614,295,34,46,0,21,0,21,0,21,0,21,5,18,0,21,237,138,7,16,435,176,208,114,227,129,3223,215,291,122,2932,229
2019-2023,Tennessee,Unicoi County,0500000US47171,17779,0,7803,240,1231,255,476,178,755,217,6572,322,50381,3553,47,171,7539,479,483,172,969,258,6087,524,6112,505,237,93,574,214,120,107,0,21,0,21,199,105,98,94,100,144,0,21,554,227,28,33,1158,285,490,186,668,227,6645,344,741,218,5904,377
2019-2023,Tennessee,Union County,0500000US47173,20141,0,7771,338,1220,270,663,189,557,192,6551,343,61858,3507,47,173,8490,475,276,105,606,182,7608,524,6647,565,204,84,625,213,30,32,2,4,2,4,236,141,0,25,42,30,2,5,938,225,38,41,1187,232,676,185,511,147,6584,332,544,181,6040,350
2019-2023,Tennessee,Van Buren County,0500000US47175,6293,0,2462,129,401,100,205,80,196,68,2061,140,60281,10158,47,175,2637,200,229,105,106,56,2302,215,2102,227,74,36,244,108,58,57,0,19,0,19,106,60,59,52,39,34,15,25,146,81,23,28,444,120,129,57,315,110,2018,151,272,89,1746,145
2019-2023,Tennessee,Warren County,0500000US47177,41587,0,16132,389,2513,358,1133,254,1380,280,13619,440,54088,2967,47,177,18042,745,1523,349,1519,301,15000,844,14745,865,1218,307,1929,411,120,79,0,29,0,29,260,144,141,129,98,81,0,29,1010,282,44,31,2452,297,1110,218,1342,238,13680,414,1403,264,12277,433
2019-2023,Tennessee,Washington County,0500000US47179,134693,0,56234,644,9194,785,3340,497,5854,667,47040,907,61051,2930,47,179,61876,1331,5820,807,4660,699,51396,1485,49820,1378,4544,745,3974,506,549,205,165,115,75,115,603,221,99,58,819,270,138,116,6495,680,415,175,4744,637,2691,419,2053,486,51490,786,6503,711,44987,982
2019-2023,Tennessee,Wayne County,0500000US47181,16251,0,5734,177,1118,226,451,152,667,161,4616,270,52824,4135,47,181,6425,437,327,184,519,188,5579,477,5324,430,260,158,471,150,16,20,15,18,0,21,6,9,0,21,35,33,0,21,574,217,51,60,909,156,523,133,386,121,4825,222,595,166,4230,299
2019-2023,Tennessee,Weakley County,0500000US47183,32959,0,13274,249,2440,276,1154,200,1286,211,10834,362,49502,2298,47,183,13700,477,1183,301,1107,233,11410,523,11142,530,851,313,869,257,180,92,41,37,14,24,138,69,70,54,557,164,10,13,953,248,58,48,1704,239,891,169,813,211,11570,347,1549,241,10021,402
2019-2023,Tennessee,White County,0500000US47185,27764,0,11001,324,1734,227,695,163,1039,211,9267,380,52206,6604,47,185,11489,496,919,266,1282,408,9288,540,9635,612,690,219,887,233,66,53,0,25,0,25,34,34,0,25,55,69,37,55,878,294,126,108,1508,292,772,167,736,217,9493,425,962,223,8531,434
2019-2023,Tennessee,Williamson County,0500000US47187,254609,0,90716,657,4868,752,2151,480,2717,580,85848,940,131202,3993,47,187,127828,1752,2670,493,2854,765,122304,1839,85543,1990,1556,363,6789,980,224,187,97,76,0,32,948,356,38,45,1496,421,99,102,32955,1523,753,240,1898,529,834,414,1064,263,88818,775,4034,627,84784,942
2019-2023,Tennessee,Wilson County,0500000US47189,153587,0,56609,547,4519,535,2257,455,2262,390,52090,709,94048,2738,47,189,76856,1278,2390,501,3023,633,71443,1373,58613,1369,1677,377,5203,802,561,335,412,207,18,44,329,166,0,32,1016,272,64,65,11283,935,70,51,3430,504,1514,310,1916,368,53179,659,3005,474,50174,751
2019-2023,Texas,Anderson County,0500000US48001,57825,0,17142,421,2720,546,1531,337,1189,353,14422,552,58846,4186,48,001,20251,722,1422,299,1590,496,17239,821,16850,906,1248,305,1728,432,95,84,205,224,0,35,193,102,0,35,296,160,0,35,979,245,79,62,2731,493,1332,432,1399,327,14411,592,1388,320,13023,548
2019-2023,Texas,Andrews County,0500000US48003,18518,0,6780,107,937,268,562,228,375,193,5843,282,76902,8775,48,003,8676,415,803,313,417,236,7456,483,7388,515,729,300,904,272,42,45,8,13,8,13,31,47,24,36,122,144,0,23,223,123,0,23,763,292,349,183,414,212,6017,317,588,209,5429,330
2019-2023,Texas,Angelina County,0500000US48005,86791,0,32183,462,4859,570,2561,326,2298,443,27324,598,58847,2883,48,005,37224,991,2676,478,4111,719,30437,1205,30465,1117,1966,408,3798,585,433,238,38,52,3,12,427,205,152,108,489,189,8,14,2007,397,114,90,5914,621,2119,368,3795,568,26269,756,2740,473,23529,797
2019-2023,Texas,Aransas County,0500000US48007,24449,0,11738,528,2076,439,1013,334,1063,305,9662,650,61754,5334,48,007,8930,685,723,266,682,245,7525,684,6621,690,437,238,651,257,105,122,75,83,7,9,141,89,10,16,272,107,97,79,1170,310,67,91,1369,373,740,266,629,218,10369,576,1336,333,9033,674
2019-2023,Texas,Archer County,0500000US48009,8734,0,3439,101,380,105,157,75,223,76,3059,142,71958,8215,48,009,3992,199,189,81,147,66,3656,203,3456,179,145,73,207,69,0,21,0,21,0,21,45,27,24,21,7,8,0,21,277,78,20,21,260,80,103,48,157,72,3179,128,277,92,2902,152
2019-2023,Texas,Armstrong County,0500000US48011,1883,0,754,54,52,22,32,20,20,12,702,55,68462,13055,48,011,848,78,19,21,53,36,776,85,681,71,19,21,93,56,0,15,0,15,0,15,0,15,0,15,7,9,0,15,67,43,0,15,25,23,19,19,6,10,729,56,33,16,696,57
2019-2023,Texas,Atascosa County,0500000US48013,50058,0,16635,406,2961,431,1655,376,1306,312,13674,503,69413,3545,48,013,20821,881,1530,338,1243,294,18048,907,15530,815,1029,287,2744,544,287,191,15,26,0,35,236,127,35,40,752,222,58,52,1544,354,121,101,2782,426,1553,328,1229,272,13853,515,1408,312,12445,513
2019-2023,Texas,Austin County,0500000US48015,30712,0,12174,325,2062,412,1159,327,903,297,10112,455,75994,6012,48,015,13951,620,1072,300,1176,365,11703,633,11278,605,674,236,1054,273,362,169,0,31,0,31,133,76,2,6,204,129,0,31,1282,301,34,31,1029,222,367,170,662,199,11145,359,1695,369,9450,424
2019-2023,Texas,Bailey County,0500000US48017,7044,0,2250,252,374,185,79,66,295,168,1876,260,70625,21709,48,017,2528,303,250,179,142,102,2136,295,1871,279,218,153,267,132,6,9,0,21,0,21,41,62,0,21,214,188,0,21,135,104,26,43,221,165,143,118,78,79,2029,253,231,153,1798,279
2019-2023,Texas,Bandera County,0500000US48019,21589,0,8943,294,1290,261,552,165,738,218,7653,306,69703,5270,48,019,8727,517,724,322,417,165,7586,574,6924,528,584,239,827,343,140,174,0,28,0,28,145,83,0,28,171,111,0,28,660,245,0,28,656,189,311,143,345,141,8287,308,979,220,7308,322
2019-2023,Texas,Bastrop County,0500000US48021,102370,0,35164,626,4243,691,2431,532,1812,405,30921,907,82730,6323,48,021,45226,1111,2309,592,2951,686,39966,1506,32819,1230,1699,509,4616,695,304,200,95,86,0,35,693,357,0,35,952,340,99,90,6051,855,207,186,2724,507,968,288,1756,451,32440,704,3275,653,29165,908
2019-2023,Texas,Baylor County,0500000US48023,3464,0,1548,116,329,116,143,90,186,81,1219,110,42313,10406,48,023,1347,172,150,78,87,46,1110,192,1132,190,103,63,137,93,19,25,0,15,0,15,28,33,28,33,0,15,0,15,50,43,0,15,205,88,150,89,55,44,1343,130,179,75,1164,116
2019-2023,Texas,Bee County,0500000US48025,31000,0,8581,395,1683,291,779,197,904,234,6898,436,56075,8185,48,025,10586,516,770,290,750,264,9066,617,8870,568,500,230,768,227,100,100,1,2,1,2,141,138,68,113,185,106,0,31,621,238,101,99,1326,281,767,233,559,170,7255,438,916,256,6339,458
2019-2023,Texas,Bell County,0500000US48027,379811,0,138557,1046,19396,1020,10564,955,8832,721,119161,1343,66051,1732,48,027,167195,1950,11176,1141,12798,1372,143221,2336,130315,2201,7906,916,18370,1697,1999,519,559,297,2,5,1655,307,401,190,2163,432,81,64,14133,1163,787,280,18193,1053,8184,712,10009,932,120364,1469,11212,954,109152,1471
2019-2023,Texas,Bexar County,0500000US48029,2037344,0,740402,2509,102375,2819,54489,2184,47886,2016,638027,3518,70571,776,48,029,962423,6017,67120,2690,67245,3197,828058,7133,687167,6564,43994,1904,110732,3457,11141,1285,15739,1304,3055,442,11504,1182,2128,474,16390,1393,1329,335,120891,3397,5473,891,103073,2805,43452,1756,59621,2293,637329,3766,58923,2378,578406,3926
2019-2023,Texas,Blanco County,0500000US48031,12008,0,5001,202,454,148,253,151,201,96,4547,227,87564,11530,48,031,5542,275,149,95,116,87,5277,291,3980,341,120,84,450,148,0,23,3,5,0,23,199,153,8,11,59,51,17,29,851,225,4,8,245,112,100,79,145,88,4756,211,354,135,4402,233
2019-2023,Texas,Borden County,0500000US48033,723,0,239,52,15,15,13,14,2,4,224,53,64250,20041,48,033,310,92,2,4,53,84,255,64,269,94,2,4,18,17,0,15,0,15,0,15,7,6,0,15,2,3,0,15,14,12,0,15,2,3,0,15,2,3,237,53,15,15,222,54
2019-2023,Texas,Bosque County,0500000US48035,18546,0,7467,214,691,157,334,119,357,103,6776,250,69339,3603,48,035,7517,320,337,95,578,133,6602,363,6176,364,256,89,470,115,11,17,0,23,0,23,67,46,28,32,134,69,0,23,670,133,42,26,844,166,245,100,599,149,6623,269,446,117,6177,264
2019-2023,Texas,Bowie County,0500000US48037,92321,0,34801,541,6051,582,2749,368,3302,386,28750,687,59295,2241,48,037,38029,912,2413,430,2935,560,32681,1268,31927,995,1874,422,3164,486,375,217,40,44,0,35,343,140,20,24,309,131,33,32,2246,382,111,80,4478,449,2288,296,2190,379,30323,645,3763,509,26560,649
2019-2023,Texas,Brazoria County,0500000US48039,381650,0,131184,1008,9589,879,5680,696,3909,643,121595,1288,95155,2480,48,039,175182,2073,6052,712,7321,998,161809,2398,142082,2524,4450,648,13130,1306,925,316,371,292,13,28,1092,379,156,127,1664,346,103,65,16843,1361,405,193,10641,958,2760,517,7881,899,120543,1334,6829,790,113714,1484
2019-2023,Texas,Brazos County,0500000US48041,237980,0,88415,842,20509,993,6003,752,14506,904,67906,1081,58388,1835,48,041,111610,1571,18174,1454,8130,965,85306,1946,84644,1647,13015,1273,10505,1072,1813,429,1680,397,714,264,1811,438,746,222,2416,463,703,332,10554,925,1183,301,7899,839,3822,550,4077,607,80516,1201,16687,858,63829,1236
2019-2023,Texas,Brewster County,0500000US48043,9464,0,4929,235,614,195,88,73,526,194,4315,283,52612,5872,48,043,4706,300,183,115,419,292,4104,353,3327,365,139,116,640,316,0,21,0,21,0,21,199,117,41,63,191,134,0,21,349,147,3,4,293,140,114,106,179,103,4636,234,500,179,4136,280
2019-2023,Texas,Briscoe County,0500000US48045,1223,0,555,76,133,56,37,26,96,46,422,69,41188,8454,48,045,536,100,53,42,74,65,409,82,365,99,50,42,91,48,0,15,0,15,0,15,17,20,0,15,34,28,0,15,29,19,3,4,22,13,6,6,16,12,533,76,127,54,406,71
2019-2023,Texas,Brooks County,0500000US48047,6987,0,2884,221,1041,294,502,283,539,243,1843,318,31310,12811,48,047,3323,434,903,471,193,166,2227,521,2920,435,838,466,341,159,65,90,0,21,0,21,0,21,0,21,0,21,0,21,62,76,0,21,963,329,688,298,275,187,1921,369,353,235,1568,295
2019-2023,Texas,Brown County,0500000US48049,38294,0,14979,422,2310,322,1118,289,1192,246,12669,511,55305,3343,48,049,16346,644,1132,323,1069,223,14145,727,13415,695,981,315,1779,368,67,40,113,141,11,15,112,60,20,21,172,86,11,17,755,196,42,53,1762,329,971,275,791,183,13217,532,1339,242,11878,490
2019-2023,Texas,Burleson County,0500000US48051,18327,0,7749,260,946,245,431,160,515,164,6803,364,72888,4110,48,051,7742,424,340,145,310,206,7092,487,5712,461,233,129,705,247,37,37,0,23,0,23,4,7,0,23,211,112,0,23,1110,288,70,87,902,245,404,175,498,177,6847,343,542,148,6305,370
2019-2023,Texas,Burnet County,0500000US48053,51064,0,19597,559,1735,276,734,171,1001,246,17862,579,77158,5656,48,053,23438,654,814,296,2152,631,20472,849,16553,857,607,282,3503,593,72,54,65,46,0,35,127,75,0,35,353,138,80,75,2837,439,55,53,1323,282,539,200,784,214,18274,633,1196,236,17078,615
2019-2023,Texas,Caldwell County,0500000US48055,47184,0,15741,319,1650,391,804,262,846,263,14091,487,68503,4033,48,055,20594,722,1002,300,1958,555,17634,1019,16425,808,644,233,1806,337,158,92,27,41,8,17,297,165,84,69,308,126,13,19,1731,389,95,67,1512,294,517,177,995,214,14229,435,1133,328,13096,545
2019-2023,Texas,Calhoun County,0500000US48057,19921,0,8398,296,832,250,403,158,429,206,7566,307,71870,10785,48,057,9622,388,311,139,753,260,8558,462,8015,574,236,126,1002,306,35,59,0,23,0,23,211,144,0,23,9,15,0,23,385,138,40,62,1349,382,371,191,978,321,7049,440,461,209,6588,441
2019-2023,Texas,Callahan County,0500000US48059,14017,0,5237,211,529,133,228,98,301,97,4708,195,68455,4257,48,059,6058,349,331,107,318,131,5409,340,4649,330,279,101,709,207,24,26,0,23,0,23,33,27,4,6,161,131,16,31,506,189,8,14,526,122,251,105,275,83,4711,192,278,72,4433,179
2019-2023,Texas,Cameron County,0500000US48061,423192,0,135435,1061,31805,1461,21565,1188,10240,920,103630,1396,51334,1640,48,061,170329,2079,22142,1334,19844,1598,128343,2713,132384,2341,16290,1101,18258,1341,2202,455,819,233,294,133,2757,527,802,281,2343,471,467,166,13768,1221,2087,515,34181,1395,17002,1081,17179,1130,101254,1350,14803,1169,86451,1313
2019-2023,Texas,Camp County,0500000US48063,12652,0,4677,233,994,250,558,205,436,153,3683,295,55061,5707,48,063,5125,386,528,199,497,235,4100,417,4108,376,477,188,503,179,28,37,0,23,0,23,103,86,23,37,60,55,0,23,351,154,0,23,807,188,361,150,446,144,3870,231,633,193,3237,269
2019-2023,Texas,Carson County,0500000US48065,5802,0,2302,119,148,71,41,36,107,62,2154,110,84583,5925,48,065,2891,208,73,49,61,42,2757,221,2360,229,61,45,226,108,7,8,0,21,0,21,86,52,5,8,0,21,0,21,219,98,0,21,88,49,45,36,43,27,2214,124,103,58,2111,114
2019-2023,Texas,Cass County,0500000US48067,28582,0,11775,316,2195,321,983,189,1212,274,9580,394,54328,5230,48,067,10910,511,871,188,658,185,9381,568,9434,555,690,152,692,188,72,65,0,28,0,28,62,53,1,3,79,56,1,2,643,213,107,80,1990,367,1144,279,846,202,9785,385,1051,206,8734,430
2019-2023,Texas,Castro County,0500000US48069,7328,0,2427,123,462,123,289,85,173,82,1965,133,63485,11440,48,069,3425,254,213,79,272,104,2940,294,2581,269,139,75,636,175,61,33,46,49,0,21,29,32,13,23,0,21,0,21,133,70,0,21,256,95,99,70,157,88,2171,153,363,104,1808,153
2019-2023,Texas,Chambers County,0500000US48071,49178,0,16558,397,2159,522,1387,414,772,311,14399,603,108114,7839,48,071,22769,814,1276,510,371,196,21122,869,18287,993,891,363,2810,731,224,171,14,27,0,31,334,308,127,199,98,111,0,31,1226,312,34,40,1073,327,661,255,412,220,15485,458,1498,458,13987,622
2019-2023,Texas,Cherokee County,0500000US48073,51143,0,18085,407,3171,450,2007,363,1164,284,14914,519,59830,5223,48,073,19567,885,1728,343,1383,324,16456,951,14329,906,1071,263,2719,473,416,174,23,37,0,35,248,146,41,36,163,138,27,29,2085,401,173,84,2526,398,1330,290,1196,267,15559,495,1841,346,13718,541
2019-2023,Texas,Childress County,0500000US48075,6772,0,2174,262,251,111,128,86,123,79,1923,299,60333,18860,48,075,2849,305,142,158,139,114,2568,324,2600,356,142,158,176,111,0,21,0,21,0,21,26,27,0,21,0,21,0,21,47,39,0,21,84,74,83,74,1,3,2090,295,168,93,1922,300
2019-2023,Texas,Clay County,0500000US48077,10402,0,4227,178,504,122,182,50,322,106,3723,185,77355,4944,48,077,4903,225,194,64,230,105,4479,273,3761,245,119,52,799,166,49,37,0,23,0,23,79,54,15,26,8,10,0,23,256,81,11,11,336,94,127,55,209,89,3891,188,377,110,3514,189
2019-2023,Texas,Cochran County,0500000US48079,2520,0,949,53,249,65,132,54,117,43,700,72,42137,7745,48,079,994,85,164,71,118,53,712,98,734,85,88,40,212,55,69,54,0,15,0,15,9,18,1,6,14,14,0,15,25,20,6,10,225,51,111,43,114,30,724,68,138,46,586,72
2019-2023,Texas,Coke County,0500000US48081,3315,0,1489,91,241,90,88,42,153,73,1248,109,46431,6722,48,081,1360,137,81,49,143,61,1136,158,1084,164,64,44,174,72,13,14,0,15,0,15,30,29,4,6,0,15,0,15,72,48,0,15,137,53,74,43,63,41,1352,92,167,76,1185,110
2019-2023,Texas,Coleman County,0500000US48083,7765,0,3230,215,452,136,224,94,228,92,2778,252,52364,3900,48,083,3397,253,212,190,135,71,3050,333,2575,309,141,101,551,193,64,101,1,3,1,3,51,41,6,14,13,14,0,21,206,97,0,21,329,131,243,115,86,49,2901,265,209,84,2692,253
2019-2023,Texas,Collin County,0500000US48085,1116601,0,400182,1473,25271,1558,13583,1302,11688,966,374911,2097,117588,1528,48,085,580480,3704,18336,1511,19567,1753,542577,4568,375602,4864,11124,1021,41431,2370,2037,473,3181,426,372,186,6573,1044,837,374,9361,1116,825,361,144332,3561,3141,616,12177,974,3738,603,8439,743,388005,1851,21533,1359,366472,2332
2019-2023,Texas,Collingsworth County,0500000US48087,2733,0,947,120,206,82,173,77,33,27,741,98,60165,15755,48,087,1305,161,206,98,61,45,1038,182,1039,170,149,105,163,74,14,21,0,15,0,15,18,20,0,15,0,15,0,15,85,58,43,42,175,72,149,67,26,21,772,93,57,40,715,102
2019-2023,Texas,Colorado County,0500000US48089,20736,0,7577,334,906,223,235,100,671,212,6671,353,68554,5095,48,089,9029,420,337,145,584,256,8108,522,7339,540,205,109,675,234,110,95,0,28,0,28,341,183,10,14,123,63,12,19,551,223,0,28,716,206,275,123,441,169,6861,384,631,188,6230,393
2019-2023,Texas,Comal County,0500000US48091,174552,0,67651,736,4729,655,1948,402,2781,515,62922,960,99015,3709,48,091,83200,1392,2799,522,3574,620,76827,1531,60002,1674,1911,404,6653,641,435,180,21,26,3,5,749,310,100,91,1478,497,135,154,14297,1048,215,118,3081,588,673,229,2408,548,64570,774,4056,600,60514,996
2019-2023,Texas,Comanche County,0500000US48093,13786,0,5395,203,663,151,369,123,294,106,4732,212,59946,9129,48,093,6185,373,277,98,422,137,5486,403,4868,393,174,78,874,188,25,28,0,23,0,23,84,70,28,31,30,29,10,17,329,116,40,38,392,125,173,83,219,83,5003,218,490,134,4513,217
2019-2023,Texas,Concho County,0500000US48095,3301,0,849,93,138,50,60,39,78,37,711,89,59632,12543,48,095,1086,175,93,66,54,40,939,166,828,178,76,52,153,69,15,27,0,15,0,15,57,40,2,3,0,15,0,15,48,30,0,15,69,35,46,33,23,22,780,93,92,40,688,89
2019-2023,Texas,Cooke County,0500000US48097,42473,0,16252,329,2074,332,1251,322,823,162,14178,447,72472,5093,48,097,20233,543,1404,346,997,350,17832,603,16257,687,1044,281,1848,414,80,65,71,76,0,31,206,179,38,49,420,217,63,100,1431,323,179,125,1692,344,761,277,931,259,14560,468,1313,252,13247,435
2019-2023,Texas,Coryell County,0500000US48099,83772,0,26099,506,2717,419,1231,258,1486,337,23382,589,68904,2081,48,099,28972,967,1269,325,1874,323,25829,1032,22798,946,815,250,2770,467,316,159,21,24,4,7,257,130,69,69,671,237,26,31,2455,370,39,40,2868,362,826,233,2042,326,23231,554,1891,372,21340,603
2019-2023,Texas,Cottle County,0500000US48101,1302,0,571,112,114,49,74,32,40,34,457,97,58819,32078,48,101,566,115,37,44,50,48,479,96,316,84,33,43,84,44,0,15,8,13,0,15,14,11,0,15,14,18,0,15,130,50,4,7,136,51,60,44,76,35,435,106,54,28,381,97
2019-2023,Texas,Crane County,0500000US48103,4623,0,1665,97,154,88,39,42,115,82,1511,126,59915,16810,48,103,2189,199,89,67,285,178,1815,236,1880,213,74,62,226,108,15,29,15,20,0,15,30,42,0,15,14,24,0,15,24,39,0,15,90,81,10,18,80,84,1575,114,144,88,1431,123
2019-2023,Texas,Crockett County,0500000US48105,2881,0,1176,180,56,60,15,23,41,55,1120,194,81739,55951,48,105,1432,231,0,15,151,150,1281,276,1131,234,0,15,216,154,0,15,0,15,0,15,44,67,0,15,0,15,0,15,41,53,0,15,0,15,0,15,0,15,1176,180,56,60,1120,194
2019-2023,Texas,Crosby County,0500000US48107,5072,0,1974,98,440,89,243,59,197,67,1534,114,52197,6218,48,107,2215,124,263,84,207,70,1745,159,1713,132,197,74,260,73,21,21,22,23,0,21,64,35,14,18,77,54,16,22,79,47,15,20,512,79,247,70,265,57,1462,112,193,52,1269,115
2019-2023,Texas,Culberson County,0500000US48109,2181,0,702,227,120,76,45,44,75,57,582,212,42672,19432,48,109,912,194,56,58,46,63,810,225,828,214,50,58,19,24,6,10,0,15,0,15,12,22,0,15,43,63,0,15,10,12,0,15,204,118,89,68,115,105,498,174,31,38,467,164
2019-2023,Texas,Dallam County,0500000US48111,7180,0,2373,191,154,107,80,77,74,65,2219,172,72332,8476,48,111,3826,266,259,120,504,271,3063,373,3148,497,110,110,607,318,149,134,0,21,0,21,22,35,0,21,3,5,0,21,46,58,0,21,182,110,104,88,78,64,2191,193,50,46,2141,192
2019-2023,Texas,Dallas County,0500000US48113,2603816,0,971690,2328,123786,3278,66357,2380,57429,2135,847904,3494,74149,771,48,113,1292708,5980,77459,2712,87385,3750,1127864,6679,911620,6238,49977,2127,143138,4436,14608,1453,21074,1436,2513,505,19096,1181,2452,437,18577,1524,2067,464,179203,4493,5842,757,99931,2326,40365,1740,59566,2015,871759,3261,83421,2602,788338,3931
2019-2023,Texas,Dawson County,0500000US48115,12311,0,4154,185,765,181,431,136,334,121,3389,227,55789,9459,48,115,4634,240,412,138,484,194,3738,342,3344,327,291,121,856,219,91,66,0,23,0,23,45,33,0,23,235,146,0,23,154,94,30,29,787,197,328,137,459,171,3367,240,437,135,2930,236
2019-2023,Texas,Deaf Smith County,0500000US48117,18487,0,5973,245,913,189,547,156,366,134,5060,272,54114,6052,48,117,8182,451,558,188,1014,251,6610,562,6480,540,479,176,1061,359,56,51,0,23,0,23,48,49,23,34,326,254,0,23,267,143,0,23,805,228,287,120,518,192,5168,309,626,159,4542,309
2019-2023,Texas,Delta County,0500000US48119,5345,0,2095,101,326,85,146,61,180,82,1769,111,62855,6117,48,119,2351,163,155,75,70,57,2126,174,1927,203,54,46,134,81,24,35,0,21,0,21,13,19,0,21,109,71,54,50,168,97,23,25,167,59,121,47,46,31,1928,111,205,80,1723,115
2019-2023,Texas,Denton County,0500000US48121,945644,0,346809,1350,24934,1420,10742,946,14192,1103,321875,1671,108185,1464,48,121,506186,3617,19025,1282,17714,1511,469447,3865,344956,4359,13101,1073,39840,2556,2157,457,2113,389,338,138,4768,586,661,214,8600,1005,571,228,105909,2999,2197,519,15953,1211,5619,819,10334,906,330856,1677,19315,1135,311541,1803
2019-2023,Texas,DeWitt County,0500000US48123,19853,0,6683,234,1137,209,579,154,558,151,5546,250,64014,3543,48,123,7519,373,495,158,446,117,6578,355,6177,412,399,154,497,170,18,26,0,23,0,23,164,88,17,25,248,159,0,23,433,159,61,46,725,167,340,112,385,124,5958,233,797,192,5161,245
2019-2023,Texas,Dickens County,0500000US48125,1641,0,684,87,117,41,55,30,62,29,567,82,50417,8233,48,125,683,111,46,39,92,64,545,103,516,83,28,27,72,38,7,10,0,15,0,15,57,39,7,10,27,25,1,3,11,11,3,4,102,43,46,29,56,32,582,78,71,31,511,75
2019-2023,Texas,Dimmit County,0500000US48127,8507,0,3010,239,1275,250,800,212,475,151,1735,247,33409,10316,48,127,2494,407,416,208,438,227,1640,364,2071,376,392,205,154,116,8,15,0,21,0,21,105,141,0,21,24,26,16,24,140,68,0,21,1017,283,701,251,316,150,1993,382,574,244,1419,258
2019-2023,Texas,Donley County,0500000US48129,3276,0,1203,98,141,56,32,22,109,47,1062,101,56648,8221,48,129,1285,158,33,29,153,90,1099,171,885,137,27,26,243,123,0,15,0,15,0,15,34,29,0,15,1,2,0,15,122,51,6,10,62,40,14,17,48,43,1141,98,127,54,1014,97
2019-2023,Texas,Duval County,0500000US48131,9824,0,2992,220,605,186,328,151,277,116,2387,253,50081,8239,48,131,3418,375,313,177,159,130,2946,452,2403,345,181,152,608,228,57,60,0,21,0,21,54,48,21,28,33,48,33,48,320,163,21,27,766,223,334,145,432,207,2226,254,271,128,1955,261
2019-2023,Texas,Eastland County,0500000US48133,17846,0,7168,368,1139,255,420,136,719,211,6029,377,51741,3362,48,133,7482,495,599,197,562,172,6321,576,5723,463,397,155,1159,278,142,107,11,18,11,18,82,61,21,19,85,53,21,35,422,138,7,13,918,185,436,132,482,157,6250,370,703,204,5547,355
2019-2023,Texas,Ector County,0500000US48135,163206,0,62422,633,9491,1279,5010,991,4481,955,52931,1311,71031,3603,48,135,74274,1522,3977,706,4741,802,65556,1826,61275,1850,3245,602,8392,1086,347,160,148,95,0,35,694,240,121,110,1069,346,221,204,2696,563,43,49,6808,1001,3590,755,3218,666,55614,1076,5901,1062,49713,1406
2019-2023,Texas,Edwards County,0500000US48137,1392,0,474,99,126,58,63,53,63,55,348,99,38500,12263,48,137,734,179,131,71,35,31,568,193,523,150,107,71,44,38,0,15,0,15,0,15,0,15,0,15,41,55,0,15,126,88,24,33,98,64,61,42,37,34,376,100,65,44,311,100
2019-2023,Texas,Ellis County,0500000US48139,203927,0,68852,522,5619,596,3530,541,2089,400,63233,735,95898,3543,48,139,101756,1537,3721,607,4022,695,94013,1800,80473,1690,2988,533,9229,971,456,161,72,68,1,5,451,188,23,23,584,209,6,10,10947,899,247,177,5045,560,1773,373,3272,467,63807,777,3846,483,59961,830
2019-2023,Texas,El Paso County,0500000US48141,866275,0,296341,1452,58428,2127,34766,1820,23662,1335,237913,2571,58859,1208,48,141,376598,3625,35450,2178,34939,2242,306209,4732,289359,4038,25384,1732,42974,2366,3998,637,3414,608,1083,308,3579,592,994,309,8094,860,1501,408,29178,1631,2490,494,59459,1755,29044,1616,30415,1594,236882,2260,29384,1346,207498,2579
2019-2023,Texas,Erath County,0500000US48143,43244,0,16379,429,2718,357,1023,277,1695,307,13661,488,65351,4335,48,143,20024,688,2243,376,1406,359,16375,807,15459,813,1729,396,2247,413,229,130,5,17,5,17,412,175,130,112,520,329,132,147,1381,300,18,16,987,269,431,173,556,221,15392,485,2287,340,13105,547
2019-2023,Texas,Falls County,0500000US48145,17063,0,6009,250,1050,208,379,125,671,170,4959,315,55372,6976,48,145,6119,337,325,133,756,221,5038,413,4757,403,227,119,585,231,0,23,0,23,0,23,112,70,65,71,0,23,0,23,665,285,33,32,905,215,443,125,462,167,5104,300,607,174,4497,320
2019-2023,Texas,Fannin County,0500000US48147,36525,0,12793,289,1784,279,849,151,935,237,11009,305,68377,4672,48,147,15315,577,1006,267,1025,224,13284,613,11273,522,800,245,1625,324,74,45,4,5,3,5,232,102,57,53,208,87,14,22,1973,362,58,40,1513,240,638,166,875,198,11280,345,1146,237,10134,321
2019-2023,Texas,Fayette County,0500000US48149,24783,0,9855,354,1047,214,404,108,643,184,8808,383,76541,4186,48,149,10907,446,354,138,393,155,10160,462,9026,496,202,70,958,280,115,103,0,28,0,28,60,43,17,29,88,62,20,27,775,204,0,28,722,200,244,110,478,158,9133,352,803,178,8330,375
2019-2023,Texas,Fisher County,0500000US48151,3661,0,1590,112,180,55,109,41,71,27,1410,113,64700,2912,48,151,1685,93,80,40,81,43,1524,114,1460,93,54,28,102,48,8,9,0,15,0,15,51,38,2,3,16,20,12,19,56,31,4,6,163,50,83,36,80,31,1427,111,97,32,1330,116
2019-2023,Texas,Floyd County,0500000US48153,5294,0,1939,114,403,103,224,76,179,75,1536,118,55461,7645,48,153,2280,142,247,109,191,79,1842,179,1962,191,178,93,271,112,69,60,0,21,0,21,20,25,0,21,16,25,0,21,11,13,0,21,296,98,147,57,149,76,1643,128,256,87,1387,133
2019-2023,Texas,Foard County,0500000US48155,1079,0,421,62,88,43,41,20,47,43,333,62,42212,10747,48,155,484,110,60,37,54,45,370,104,316,72,60,37,136,75,0,15,0,15,0,15,11,12,0,15,0,15,0,15,21,19,0,15,41,20,41,20,0,15,380,65,47,43,333,62
2019-2023,Texas,Fort Bend County,0500000US48157,859721,0,281259,1397,21212,1659,13659,1409,7553,936,260047,1869,113409,2627,48,157,407833,4037,14152,1559,16083,1630,377598,4874,294545,4644,8938,1011,37927,2868,2500,1194,3025,591,32,47,2177,600,475,430,5267,890,466,244,64892,3252,1741,514,19400,1805,4425,724,14975,1708,261859,2297,16787,1617,245072,2395
2019-2023,Texas,Franklin County,0500000US48159,10522,0,3942,269,504,180,184,88,320,156,3438,314,66800,11692,48,159,4271,282,161,68,216,100,3894,324,3053,371,103,56,572,204,37,34,0,23,0,23,73,60,0,23,46,40,6,10,527,207,15,20,272,95,90,57,182,78,3670,253,414,175,3256,304
2019-2023,Texas,Freestone County,0500000US48161,19813,0,6867,258,1123,236,499,156,624,190,5744,263,58460,5235,48,161,7283,406,306,133,375,144,6602,448,6114,422,245,124,539,186,30,37,0,23,0,23,43,38,0,23,96,69,9,15,491,154,22,21,1064,234,534,195,530,144,5803,294,589,171,5214,269
2019-2023,Texas,Frio County,0500000US48163,18019,0,5144,568,1145,295,629,203,516,207,3999,550,60098,19729,48,163,6395,610,446,177,506,208,5443,632,5107,579,318,157,712,353,102,81,37,40,0,23,116,69,9,15,309,194,0,23,114,68,17,34,1166,292,565,233,601,186,3978,519,580,231,3398,514
2019-2023,Texas,Gaines County,0500000US48165,21904,0,7057,208,697,260,293,157,404,198,6360,280,76605,10943,48,165,8553,461,240,167,554,256,7759,495,6133,513,225,164,1662,419,15,24,1,3,0,28,197,128,0,28,256,129,0,28,304,156,0,28,487,174,149,105,338,137,6570,247,548,229,6022,330
2019-2023,Texas,Galveston County,0500000US48167,354721,0,138666,855,16909,1085,7732,800,9177,841,121757,1269,85348,3053,48,167,165900,1988,8079,785,8272,981,149549,2478,129966,2272,6056,724,12470,1230,794,234,836,283,79,69,2397,491,375,160,2680,592,325,168,17551,1385,450,194,14548,1073,5571,690,8977,770,124118,1415,11338,898,112780,1495
2019-2023,Texas,Garza County,0500000US48169,5435,0,1433,160,212,107,53,48,159,92,1221,166,50545,11340,48,169,1720,279,97,63,322,265,1301,247,1513,301,51,47,173,91,46,31,0,21,0,21,30,30,0,21,0,21,0,21,4,6,0,21,214,113,141,91,73,68,1219,160,71,59,1148,161
2019-2023,Texas,Gillespie County,0500000US48171,27202,0,11272,424,1272,265,560,211,712,228,10000,410,67799,6755,48,171,11984,548,488,215,398,192,11098,595,8784,601,288,193,1408,345,101,87,40,54,0,28,409,162,37,49,37,36,0,28,1306,319,62,54,443,192,259,133,184,111,10829,404,1013,248,9816,404
2019-2023,Texas,Glasscock County,0500000US48173,1070,0,441,59,37,34,22,26,15,17,404,59,106806,46346,48,173,469,81,35,43,20,29,414,89,380,78,35,43,23,21,0,15,0,15,0,15,0,15,0,15,0,15,0,15,66,51,0,15,37,37,16,25,21,30,404,57,21,18,383,56
2019-2023,Texas,Goliad County,0500000US48175,7096,0,2800,166,460,148,105,56,355,141,2340,180,59556,9521,48,175,2826,232,123,66,221,130,2482,245,2241,204,115,66,302,137,4,7,0,21,0,21,17,20,4,6,46,44,0,21,220,112,0,21,341,141,224,107,117,71,2459,189,236,115,2223,182
2019-2023,Texas,Gonzales County,0500000US48177,19764,0,7656,226,1360,235,569,172,791,197,6296,295,59355,5335,48,177,8618,434,426,166,776,221,7416,415,7183,462,360,163,736,209,58,45,0,23,0,23,223,103,8,14,206,147,0,23,270,127,0,23,1076,201,722,171,354,140,6580,291,638,174,5942,315
2019-2023,Texas,Gray County,0500000US48179,21131,0,7926,284,1279,243,782,203,497,154,6647,318,56082,5571,48,179,8932,319,890,242,931,265,7111,415,7515,423,733,222,858,292,63,59,0,28,0,28,51,33,8,14,176,110,10,15,332,167,76,94,1039,246,562,173,477,163,6887,316,717,202,6170,337
2019-2023,Texas,Grayson County,0500000US48181,139988,0,53325,598,5889,577,2884,431,3005,397,47436,807,70455,2166,48,181,65001,1251,3141,517,3831,584,58029,1387,49041,1454,2073,391,6785,788,687,299,318,212,40,40,829,204,64,39,789,232,44,41,7239,783,233,117,4793,560,1940,364,2853,439,48532,786,3949,537,44583,876
2019-2023,Texas,Gregg County,0500000US48183,124860,0,47330,590,7142,750,4041,628,3101,498,40188,914,64809,2733,48,183,55892,1183,4629,730,3859,711,47404,1436,46433,1351,3242,566,5406,737,814,347,59,65,59,65,192,122,54,50,494,170,105,87,3308,585,355,206,6176,560,3315,483,2861,438,41154,846,3827,556,37327,975
2019-2023,Texas,Grimes County,0500000US48185,30385,0,10289,408,1471,263,795,213,676,189,8818,468,67080,3997,48,185,11826,634,756,275,949,314,10121,656,9458,662,632,256,1114,307,49,60,22,40,22,40,155,87,4,8,220,140,30,51,857,245,19,19,1242,277,599,187,643,213,9047,424,872,242,8175,480
2019-2023,Texas,Guadalupe County,0500000US48187,178368,0,62953,632,5655,724,3142,562,2513,459,57298,900,93776,3543,48,187,86385,1535,3319,582,3702,595,79364,1618,66453,1865,2476,557,7963,1075,471,153,113,83,11,25,736,211,127,98,826,233,60,52,10294,946,174,130,5511,743,2334,519,3177,542,57442,911,3321,455,54121,1010
2019-2023,Texas,Hale County,0500000US48189,32247,0,11034,295,2017,343,1152,302,865,221,9017,364,52788,4141,48,189,13315,540,1030,321,1359,299,10926,609,10776,630,814,276,1891,365,83,74,15,26,0,31,115,113,55,79,148,119,35,49,370,145,43,44,2307,393,1094,316,1213,290,8727,364,923,242,7804,376
2019-2023,Texas,Hall County,0500000US48191,2827,0,1158,87,136,50,79,37,57,31,1022,93,46728,4160,48,191,1073,103,123,59,124,60,826,106,817,93,106,53,198,76,3,5,2,6,0,15,6,10,0,15,5,8,0,15,45,26,14,15,153,54,60,31,93,47,1005,92,76,45,929,91
2019-2023,Texas,Hamilton County,0500000US48193,8320,0,3134,164,538,134,280,118,258,99,2596,183,55339,8302,48,193,3337,251,302,134,124,63,2911,256,2728,248,291,134,377,125,11,16,0,21,0,21,31,45,0,21,8,9,0,21,193,75,0,21,377,117,258,108,119,49,2757,181,280,95,2477,178
2019-2023,Texas,Hansford County,0500000US48195,5182,0,1827,122,173,69,110,62,63,40,1654,121,68299,11139,48,195,2465,165,83,49,366,157,2016,235,2056,172,47,34,324,112,36,34,0,21,0,21,6,9,0,21,23,21,0,21,56,34,0,21,75,66,26,26,49,61,1752,136,147,59,1605,137
2019-2023,Texas,Hardeman County,0500000US48197,3529,0,1298,114,151,67,79,50,72,38,1147,115,61179,9440,48,197,1765,171,62,42,101,36,1602,186,1373,196,62,42,272,98,0,15,0,15,0,15,39,37,0,15,3,4,0,15,78,74,0,15,169,68,83,53,86,47,1129,125,68,42,1061,121
2019-2023,Texas,Hardin County,0500000US48199,57126,0,21750,504,2756,524,1586,414,1170,317,18994,690,72532,3188,48,199,23959,763,1433,435,1264,497,21262,888,20845,828,1254,419,1706,449,141,113,19,23,0,35,125,87,6,10,305,143,10,18,959,240,22,22,2851,426,1236,358,1615,359,18899,614,1520,362,17379,728
2019-2023,Texas,Harris County,0500000US48201,4758579,0,1728103,3988,252713,4769,147488,3977,105225,3268,1475390,6231,73104,650,48,201,2256661,9277,164016,4484,167003,5197,1925642,11754,1634639,9942,108529,3951,230764,5920,21612,1481,47334,2536,7890,1087,29749,1628,4998,761,56422,3037,8198,1339,257753,5697,12789,1237,228656,4678,95725,3231,132931,3558,1499447,5889,156988,4062,1342459,6503
2019-2023,Texas,Harrison County,0500000US48203,69584,0,25599,579,4542,516,2420,392,2122,424,21057,757,66040,2877,48,203,30732,936,2482,553,1702,420,26548,947,24744,1005,1696,478,3227,611,410,241,14,18,0,35,426,211,184,147,424,154,149,88,1897,379,43,54,3503,539,1820,400,1683,363,22096,658,2722,386,19374,714
2019-2023,Texas,Hartley County,0500000US48205,5307,0,1635,104,118,65,82,54,36,36,1517,113,82122,7980,48,205,1701,180,60,51,61,62,1580,190,1396,187,51,50,156,74,9,15,0,21,0,21,66,50,0,21,8,14,0,21,75,54,0,21,88,61,62,50,26,25,1547,111,56,47,1491,115
2019-2023,Texas,Haskell County,0500000US48207,5390,0,2108,140,328,87,116,64,212,63,1780,118,54044,10460,48,207,2299,211,139,67,151,69,2009,197,1686,197,46,27,360,119,64,58,15,18,5,7,39,27,8,9,13,15,8,11,186,117,8,17,375,79,208,72,167,52,1733,120,120,51,1613,112
2019-2023,Texas,Hays County,0500000US48209,256429,0,94499,804,11948,915,3800,616,8148,934,82551,933,85827,2598,48,209,129509,2189,10985,1114,8682,1272,109842,2696,93700,2471,8638,913,10747,1253,808,323,591,213,254,131,1484,364,315,154,1939,473,89,66,21048,1352,881,292,5255,827,1478,467,3777,715,89244,1134,10470,945,78774,1118
2019-2023,Texas,Hemphill County,0500000US48211,3311,0,1368,99,34,27,15,16,19,18,1334,104,72052,9552,48,211,1512,137,19,19,76,52,1417,147,1150,165,8,9,133,59,11,17,0,15,0,15,76,51,0,15,65,55,0,15,88,58,0,15,60,43,6,11,54,42,1308,109,28,22,1280,112
2019-2023,Texas,Henderson County,0500000US48213,83658,0,32597,609,4977,514,2365,347,2612,414,27620,705,63955,2911,48,213,34427,1099,2103,317,2469,481,29855,1236,26466,1021,1398,264,3939,511,303,110,103,117,103,117,446,228,82,79,585,247,62,56,2888,572,155,80,4213,504,1966,315,2247,367,28384,751,3011,457,25373,747
2019-2023,Texas,Hidalgo County,0500000US48215,880921,0,264128,1602,68618,2416,49604,1977,19014,1148,195510,2358,52281,1265,48,215,336376,3411,50177,2690,38621,2533,247578,4363,255264,3831,34926,2007,34776,2200,5287,830,796,265,163,112,3834,651,1288,347,12797,1152,3462,604,28909,1866,5051,750,74440,2354,38521,2067,35919,1844,189688,2652,30097,1440,159591,2498
2019-2023,Texas,Hill County,0500000US48217,36664,0,13457,349,1904,271,959,173,945,227,11553,399,63147,3135,48,217,15317,449,1009,187,1062,230,13246,475,12271,428,894,179,1698,275,76,47,1,2,0,31,145,59,17,17,139,71,0,31,1063,258,22,21,1603,217,657,155,946,161,11854,337,1247,224,10607,397
2019-2023,Texas,Hockley County,0500000US48219,21455,0,8058,205,1236,218,634,190,602,138,6822,257,54810,6286,48,219,9250,426,595,174,901,204,7754,502,7362,409,433,147,1240,283,42,35,23,31,0,28,144,84,67,51,80,49,0,28,401,140,53,53,1074,203,454,150,620,160,6984,274,782,165,6202,298
2019-2023,Texas,Hood County,0500000US48221,64198,0,24988,449,2092,419,1120,311,972,270,22896,563,86802,5044,48,221,27791,815,1311,356,1006,279,25474,936,21819,831,984,272,1980,336,130,89,0,35,0,35,221,144,0,35,222,123,24,32,3549,595,173,118,1164,260,279,128,885,235,23824,486,1813,366,22011,588
2019-2023,Texas,Hopkins County,0500000US48223,37351,0,13878,303,1805,307,930,219,875,200,12073,380,64725,5774,48,223,17040,486,895,256,1466,346,14679,672,13481,533,536,165,1792,317,63,34,113,139,113,139,225,112,56,72,220,133,8,11,1209,237,119,98,1125,215,449,132,676,169,12753,337,1356,258,11397,400
2019-2023,Texas,Houston County,0500000US48225,22042,0,7795,251,1211,208,454,141,757,172,6584,267,54563,4906,48,225,7657,480,497,166,831,223,6329,479,6234,470,302,120,663,194,35,52,1,2,0,28,201,120,78,95,129,66,20,25,429,119,62,42,1373,211,693,159,680,171,6422,245,518,151,5904,261
2019-2023,Texas,Howard County,0500000US48227,33127,0,11927,318,1663,284,781,210,882,220,10264,434,71457,3000,48,227,13524,540,821,262,901,241,11802,555,10800,592,414,174,2020,369,299,137,0,31,0,31,119,90,54,80,64,51,19,31,521,187,35,43,1424,265,614,177,810,214,10503,403,1049,228,9454,453
2019-2023,Texas,Hudspeth County,0500000US48229,3331,0,847,64,233,98,83,74,150,83,614,109,39336,17125,48,229,934,247,140,119,61,54,733,245,719,227,72,71,103,62,0,15,0,15,0,15,75,70,66,72,6,9,0,15,31,30,2,4,213,79,123,81,90,36,634,91,110,86,524,104
2019-2023,Texas,Hunt County,0500000US48231,104917,0,37549,493,4505,483,2500,350,2005,349,33044,629,70112,2545,48,231,45656,1154,2880,485,2975,537,39801,1296,36068,1250,2266,471,4078,583,277,152,225,189,11,11,575,198,115,87,703,209,0,35,4007,491,211,107,4764,615,1533,311,3231,543,32785,788,2972,386,29813,878
2019-2023,Texas,Hutchinson County,0500000US48233,20413,0,6944,275,863,163,374,120,489,114,6081,305,65470,5440,48,233,8716,499,430,163,381,127,7905,506,7299,541,293,128,802,221,20,26,87,70,21,35,168,107,19,25,126,113,77,97,234,115,0,28,514,154,202,73,312,131,6430,321,661,151,5769,350
2019-2023,Texas,Irion County,0500000US48235,1432,0,606,72,35,23,30,22,5,9,571,71,58125,9643,48,235,605,136,15,16,12,15,578,137,512,131,0,15,0,15,0,15,0,15,0,15,40,32,6,11,7,12,0,15,46,33,9,13,23,20,5,9,18,18,583,75,30,22,553,72
2019-2023,Texas,Jack County,0500000US48237,8623,0,2915,159,449,136,196,104,253,107,2466,183,65693,5803,48,237,3084,248,164,89,248,102,2672,275,2565,250,141,81,297,151,23,33,0,21,0,21,11,17,0,21,0,21,0,21,211,70,0,21,387,116,253,118,134,71,2528,183,196,75,2332,180
2019-2023,Texas,Jackson County,0500000US48239,15081,0,5424,270,778,225,489,196,289,132,4646,307,61752,4337,48,239,6109,382,412,194,367,161,5330,453,4632,377,338,167,940,211,44,45,40,49,30,46,27,34,0,23,23,42,0,23,447,170,0,23,844,226,467,188,377,165,4580,317,311,124,4269,325
2019-2023,Texas,Jasper County,0500000US48241,32807,0,13667,357,2908,379,1797,338,1111,277,10759,438,49919,3157,48,241,12195,770,1373,395,1017,332,9805,774,9685,816,893,295,1519,380,291,159,93,98,78,95,230,148,96,98,166,92,15,21,502,227,0,31,1969,308,1104,237,865,219,11698,432,1804,310,9894,428
2019-2023,Texas,Jeff Davis County,0500000US48243,1740,0,847,207,268,171,106,103,162,151,579,171,32625,30989,48,243,538,184,51,64,26,35,461,172,380,153,51,64,12,21,0,15,0,15,0,15,43,49,0,15,20,29,0,15,83,77,0,15,93,78,56,65,37,39,754,217,212,168,542,176
2019-2023,Texas,Jefferson County,0500000US48245,253939,0,93646,958,16760,1030,9326,896,7434,683,76886,1089,59934,2138,48,245,102005,1892,9288,951,8000,1042,84717,1883,88591,1889,7218,852,7633,861,1040,298,483,256,184,134,962,260,320,157,1172,335,249,116,3164,423,277,159,14798,1003,7613,676,7185,817,78848,1166,9147,766,69701,1249
2019-2023,Texas,Jim Hogg County,0500000US48247,4797,0,1221,204,379,150,267,116,112,77,842,148,42230,5347,48,247,1695,279,244,146,273,175,1178,318,1228,314,205,139,367,196,26,27,0,15,0,15,36,33,3,6,6,11,0,15,58,57,10,16,388,118,263,127,125,77,833,197,116,93,717,162
2019-2023,Texas,Jim Wells County,0500000US48249,38863,0,13298,457,2931,424,1825,384,1106,306,10367,512,47492,8911,48,249,14967,674,2092,398,1571,472,11304,812,11993,674,1545,377,1207,316,183,117,0,31,0,31,220,159,45,71,132,108,0,31,1415,453,319,200,2784,528,1299,320,1485,431,10514,559,1632,343,8882,524
2019-2023,Texas,Johnson County,0500000US48251,188820,0,63477,619,6949,735,3917,458,3032,574,56528,891,81826,2903,48,251,88924,1697,3880,595,4571,798,80473,1965,75084,1666,3128,541,7201,765,452,189,66,77,36,59,521,227,1,5,524,165,51,35,5528,624,212,117,4589,563,1810,358,2779,414,58888,889,5139,683,53749,999
2019-2023,Texas,Jones County,0500000US48253,19968,0,6028,241,929,188,462,152,467,150,5099,294,63472,8005,48,253,6579,379,485,215,573,187,5521,453,5208,441,298,182,782,259,150,89,0,23,0,23,155,109,0,23,41,35,0,23,393,150,37,52,885,190,325,117,560,166,5143,274,604,160,4539,309
2019-2023,Texas,Karnes County,0500000US48255,14819,0,4643,242,909,245,482,199,427,151,3734,276,59103,9195,48,255,4969,336,573,209,435,214,3961,404,3956,354,292,163,600,235,203,154,0,23,0,23,135,97,53,79,77,58,25,32,201,84,0,23,814,222,509,194,305,140,3829,253,400,151,3429,268
2019-2023,Texas,Kaufman County,0500000US48257,160718,0,49703,557,4912,610,2941,441,1971,364,44791,756,88606,4191,48,257,77363,1206,3236,544,5252,682,68875,1469,59909,1601,2402,475,7064,913,320,144,57,71,6,10,927,342,26,31,493,225,94,113,8913,982,388,246,4766,621,1266,373,3500,532,44937,829,3646,539,41291,853
2019-2023,Texas,Kendall County,0500000US48259,46971,0,17249,327,980,228,512,192,468,157,16269,420,110498,8205,48,259,21363,771,440,180,880,362,20043,771,14558,1006,256,147,1744,420,110,94,10,16,0,31,163,98,0,31,415,202,23,35,4473,780,51,60,740,243,213,134,527,230,16509,418,767,206,15742,484
2019-2023,Texas,Kenedy County,0500000US48261,52,0,17,14,0,15,0,15,0,15,17,14,-666666666,-222222222,48,261,25,20,2,4,3,5,20,18,22,20,0,15,0,15,0,15,0,15,0,15,2,4,2,4,0,15,0,15,1,2,0,15,1,2,0,15,1,2,16,14,0,15,16,14
2019-2023,Texas,Kent County,0500000US48263,727,0,274,67,29,18,2,3,27,18,245,64,71420,4616,48,263,259,62,14,19,0,15,245,62,220,62,8,15,0,15,0,15,0,15,0,15,5,8,0,15,19,14,2,3,15,10,4,8,45,33,7,13,38,31,229,69,22,18,207,65
2019-2023,Texas,Kerr County,0500000US48265,53166,0,22267,494,2386,327,1104,229,1282,270,19881,507,67927,4826,48,265,22565,690,1473,320,1718,341,19374,815,16245,778,929,273,3033,495,377,178,28,30,12,9,538,194,48,54,522,176,20,33,2199,512,87,95,1547,341,670,188,877,251,20720,555,1716,285,19004,567
2019-2023,Texas,Kimble County,0500000US48267,4355,0,1858,170,312,126,118,99,194,78,1546,177,65703,13955,48,267,1999,207,59,42,245,123,1695,223,1532,202,37,26,371,116,22,24,0,15,0,15,13,17,0,15,23,27,0,15,60,47,0,15,138,66,61,38,77,57,1720,186,251,122,1469,187
2019-2023,Texas,King County,0500000US48269,189,0,90,35,14,12,14,12,0,15,76,32,70192,28406,48,269,92,42,0,15,7,12,85,41,69,40,0,15,16,13,0,15,0,15,0,15,0,15,0,15,0,15,0,15,7,7,0,15,0,15,0,15,0,15,90,35,14,12,76,32
2019-2023,Texas,Kinney County,0500000US48271,3140,0,1180,155,69,59,11,17,58,60,1111,157,66341,14568,48,271,1418,261,118,132,227,233,1073,274,1148,205,116,132,128,109,0,15,1,3,0,15,77,89,0,15,0,15,0,15,64,60,2,6,273,123,48,57,225,121,907,190,21,22,886,192
2019-2023,Texas,Kleberg County,0500000US48273,30629,0,11794,366,3445,536,1481,419,1964,420,8349,555,57612,4078,48,273,13000,685,2255,601,703,258,10042,874,9952,730,1553,459,1671,429,271,183,0,31,0,31,356,178,147,105,312,213,106,119,709,273,178,134,2420,375,1206,312,1214,286,9374,486,2239,448,7135,618
2019-2023,Texas,Knox County,0500000US48275,3322,0,1256,98,143,43,75,33,68,25,1113,110,56304,5793,48,275,1448,113,92,49,189,86,1167,92,1128,119,39,27,220,85,32,33,0,15,0,15,18,23,0,15,24,18,15,15,58,21,6,9,120,38,49,26,71,32,1136,96,94,31,1042,107
2019-2023,Texas,Lamar County,0500000US48277,50421,0,20056,444,4063,463,2048,342,2015,373,15993,579,61122,3370,48,277,22702,750,2449,466,1477,343,18776,920,17872,761,1726,399,2029,465,449,191,7,13,0,35,659,283,99,78,428,201,113,84,1707,407,62,49,2548,341,1384,276,1164,250,17508,449,2679,403,14829,581
2019-2023,Texas,Lamb County,0500000US48279,12919,0,4644,155,779,148,360,107,419,108,3865,178,56997,3661,48,279,5689,248,375,104,606,142,4708,305,4553,297,291,94,749,183,58,46,35,33,8,13,37,22,11,16,55,39,0,23,260,98,7,11,682,125,312,93,370,97,3962,200,467,124,3495,203
2019-2023,Texas,Lampasas County,0500000US48281,22267,0,8147,255,739,157,408,128,331,113,7408,267,76919,5950,48,281,9002,418,399,158,654,240,7949,427,6865,435,269,145,1205,273,85,74,0,28,0,28,117,81,0,28,164,81,0,28,651,152,45,53,751,210,290,116,461,170,7396,312,449,128,6947,323
2019-2023,Texas,La Salle County,0500000US48283,6946,0,1683,286,370,174,182,108,188,134,1313,226,55469,12643,48,283,2093,297,287,149,247,217,1559,324,1668,331,245,158,245,162,0,21,16,20,0,21,26,34,8,14,58,97,34,42,80,77,0,21,285,139,150,138,135,94,1398,225,220,117,1178,219
2019-2023,Texas,Lavaca County,0500000US48285,20479,0,8370,233,851,166,420,134,431,124,7519,265,61768,3819,48,285,9319,354,414,153,667,196,8238,455,7461,356,342,147,942,203,62,53,0,28,0,28,100,54,1,3,43,27,9,14,773,208,0,28,608,152,240,113,368,142,7762,276,611,129,7151,288
2019-2023,Texas,Lee County,0500000US48287,17758,0,6720,269,844,237,554,228,290,127,5876,314,66000,7431,48,287,7653,484,580,255,728,298,6345,521,5401,486,228,140,825,256,216,112,17,34,17,34,159,129,0,23,448,191,0,23,803,261,119,141,719,237,264,153,455,171,6001,306,580,180,5421,334
2019-2023,Texas,Leon County,0500000US48289,16067,0,6546,330,902,218,443,132,459,176,5644,347,59975,5330,48,289,6224,342,557,196,403,176,5264,376,4970,365,361,152,756,210,73,75,2,6,0,23,68,48,28,36,70,70,0,23,358,139,95,88,569,179,309,147,260,104,5977,383,593,183,5384,348
2019-2023,Texas,Liberty County,0500000US48291,97993,0,30009,592,5468,754,3228,602,2240,480,24541,898,64773,5005,48,291,35071,1238,3001,664,2915,766,29155,1496,27643,1437,2025,506,4145,666,675,336,62,73,0,35,289,156,62,68,426,169,19,26,2506,517,220,198,4762,587,1977,412,2785,488,25247,769,3491,638,21756,943
2019-2023,Texas,Limestone County,0500000US48293,22185,0,8318,215,1521,229,758,172,763,164,6797,271,58109,5096,48,293,8337,408,877,190,744,198,6716,455,7028,413,717,171,484,143,10,21,4,6,0,28,167,97,94,83,26,20,0,28,628,187,56,51,1374,248,568,139,806,212,6944,289,953,191,5991,323
2019-2023,Texas,Lipscomb County,0500000US48295,2964,0,1101,82,178,64,103,45,75,43,923,81,71442,8093,48,295,1239,100,72,31,76,36,1091,108,1051,105,65,29,150,44,7,7,0,15,0,15,8,8,0,15,7,9,0,15,23,16,0,15,78,33,36,20,42,27,1023,87,142,60,881,87
2019-2023,Texas,Live Oak County,0500000US48297,11444,0,4210,226,905,212,458,140,447,188,3305,267,53869,9733,48,297,3772,271,305,124,325,150,3142,307,3083,259,226,99,244,120,17,17,0,23,0,23,28,28,0,23,60,49,20,32,357,149,42,47,713,165,414,132,299,119,3497,260,491,206,3006,271
2019-2023,Texas,Llano County,0500000US48299,22011,0,10218,400,981,190,581,155,400,118,9237,411,65636,6635,48,299,8388,465,613,212,613,234,7162,529,6275,439,493,180,780,270,69,84,3,5,0,28,210,94,51,43,32,27,0,28,1088,220,0,28,760,207,318,125,442,156,9458,407,663,150,8795,423
2019-2023,Texas,Loving County,0500000US48301,54,0,36,29,5,7,0,15,5,7,31,27,51087,613,48,301,30,28,0,15,0,15,30,28,21,26,0,15,0,15,0,15,0,15,0,15,1,2,0,15,0,15,0,15,8,8,0,15,5,7,5,7,0,15,31,27,0,15,31,27
2019-2023,Texas,Lubbock County,0500000US48303,314633,0,124045,917,21569,1333,8504,872,13065,1039,102476,1342,63367,1835,48,303,151327,1985,14582,1049,12241,1273,124504,2116,118527,2193,11264,977,17245,1451,1479,354,849,270,260,161,2539,479,662,227,2125,389,291,130,10042,954,626,290,14187,903,5954,690,8233,747,109858,1244,15615,1212,94243,1405
2019-2023,Texas,Lynn County,0500000US48305,5667,0,2066,91,328,77,256,71,72,33,1738,118,57411,7765,48,305,2451,146,185,68,245,96,2021,180,1951,151,121,51,289,83,44,34,0,21,0,21,38,23,3,5,3,5,0,21,170,63,17,21,267,73,145,62,122,45,1799,89,183,56,1616,109
2019-2023,Texas,McCulloch County,0500000US48307,7565,0,3072,184,536,165,250,131,286,107,2536,218,51919,11696,48,307,3091,271,313,132,200,133,2578,318,2208,287,167,102,397,162,124,105,0,21,0,21,35,28,0,21,0,21,0,21,451,166,22,36,279,112,51,37,228,116,2793,190,485,166,2308,204
2019-2023,Texas,McLennan County,0500000US48309,263608,0,95966,735,16726,1016,7010,782,9716,720,79240,1228,63888,1776,48,309,118943,1641,11395,990,8075,854,99473,2042,94445,1836,7603,807,10977,1138,1768,671,425,237,217,196,1875,425,739,308,1219,267,336,167,10002,807,732,250,11540,937,5576,683,5964,672,84426,1117,11150,807,73276,1288
2019-2023,Texas,McMullen County,0500000US48311,623,0,168,50,26,20,15,13,11,12,142,47,45833,25091,48,311,253,86,7,9,22,36,224,84,205,76,7,9,18,13,0,15,0,15,0,15,6,6,0,15,5,8,0,15,19,21,0,15,10,12,0,15,10,12,158,49,26,20,132,47
2019-2023,Texas,Madison County,0500000US48313,13574,0,4140,207,719,172,397,163,322,125,3421,225,67128,7843,48,313,5027,373,328,136,330,155,4369,433,3893,390,280,132,576,182,36,41,12,34,0,23,84,61,0,23,42,70,0,23,420,137,12,15,614,164,204,117,410,136,3526,252,515,177,3011,245
2019-2023,Texas,Marion County,0500000US48315,9631,0,4201,220,755,174,299,108,456,154,3446,222,47447,3695,48,315,3543,312,294,137,292,117,2957,285,2952,302,166,80,427,162,105,104,14,26,0,21,7,11,0,21,99,77,0,21,44,35,23,24,784,206,331,138,453,153,3417,256,424,112,2993,249
2019-2023,Texas,Martin County,0500000US48317,5230,0,2033,104,220,134,54,51,166,123,1813,141,77083,17751,48,317,2284,211,42,36,104,105,2138,249,1883,263,15,17,282,121,7,10,0,21,0,21,94,50,20,24,0,21,0,21,25,25,0,21,212,159,63,58,149,145,1821,178,157,123,1664,200
2019-2023,Texas,Mason County,0500000US48319,3951,0,1550,119,220,95,9,15,211,94,1330,111,68750,15530,48,319,1612,150,77,62,118,62,1417,159,1180,148,30,38,105,72,28,39,0,15,0,15,41,39,11,16,52,44,0,15,234,99,8,11,91,58,27,29,64,45,1459,115,193,91,1266,122
2019-2023,Texas,Matagorda County,0500000US48321,36274,0,14824,492,3200,559,1789,414,1411,342,11624,566,55174,6186,48,321,15008,781,1428,383,1150,344,12430,857,12269,810,1252,358,1693,424,104,99,55,96,0,31,73,50,37,41,248,199,20,33,670,238,15,21,2623,469,1376,385,1247,291,12201,570,1824,366,10377,605
2019-2023,Texas,Maverick County,0500000US48323,57770,0,18320,367,4611,547,2794,441,1817,343,13709,603,51270,5723,48,323,21985,754,2085,525,2428,520,17472,989,17999,971,1630,460,2401,396,162,123,31,48,0,35,230,140,72,75,361,222,37,58,963,355,184,155,5384,641,2516,442,2868,481,12936,612,2095,414,10841,650
2019-2023,Texas,Medina County,0500000US48325,52419,0,17479,383,2152,488,1058,293,1094,360,15327,506,73462,4996,48,325,21670,771,1201,395,1006,332,19463,885,15669,852,893,332,2559,738,154,105,15,22,0,35,437,198,75,85,429,191,50,67,2561,543,29,39,1942,383,997,394,945,242,15537,484,1155,269,14382,520
2019-2023,Texas,Menard County,0500000US48327,1964,0,833,141,186,79,54,33,132,74,647,129,48191,11020,48,327,670,146,82,58,0,15,588,145,546,136,65,48,45,40,0,15,0,15,0,15,15,22,0,15,4,7,0,15,60,50,17,26,94,57,36,34,58,48,739,158,150,69,589,141
2019-2023,Texas,Midland County,0500000US48329,171496,0,67057,762,7606,939,3511,618,4095,794,59451,1214,93984,4906,48,329,84460,1496,5094,808,4242,858,75124,1956,67331,1799,3688,688,10166,1351,585,329,267,233,48,57,866,340,121,89,1305,403,139,135,4525,829,513,268,4707,726,1588,423,3119,588,62350,997,6018,897,56332,1218
2019-2023,Texas,Milam County,0500000US48331,25268,0,10049,257,1538,246,819,192,719,207,8511,314,59076,4830,48,331,10375,451,596,162,543,206,9236,526,8212,421,500,150,798,238,62,85,0,28,0,28,184,104,0,28,204,103,0,28,977,216,34,45,1266,251,557,171,709,193,8783,349,981,199,7802,331
2019-2023,Texas,Mills County,0500000US48333,4499,0,1845,134,178,46,87,30,91,31,1667,134,64494,6226,48,333,1930,176,90,42,139,84,1701,176,1454,173,79,42,273,75,6,7,0,15,0,15,29,19,5,5,26,22,0,15,148,58,0,15,213,70,27,18,186,71,1632,156,151,44,1481,159
2019-2023,Texas,Mitchell County,0500000US48335,8989,0,2561,226,386,120,69,48,317,113,2175,216,56033,6487,48,335,3638,320,469,211,296,176,2873,402,2941,342,400,224,545,191,51,45,18,33,18,33,46,46,0,21,5,11,0,21,83,54,0,21,379,140,177,96,202,101,2182,223,209,91,1973,208
2019-2023,Texas,Montague County,0500000US48337,20599,0,8142,249,1165,282,493,136,672,218,6977,350,62818,4686,48,337,7898,449,494,165,362,113,7042,497,6185,462,356,133,898,173,43,38,10,17,0,28,96,56,9,16,78,56,16,27,631,190,70,53,777,182,463,168,314,120,7365,269,702,208,6663,330
2019-2023,Texas,Montgomery County,0500000US48339,654722,0,235474,1584,21640,1882,12390,1289,9250,1367,213834,2290,97266,2149,48,339,307743,3319,14588,1418,14530,1535,278625,3972,228260,3945,10346,1162,26425,2186,1884,602,2493,1006,55,48,2824,546,339,173,4480,921,368,206,43261,2015,1596,517,16287,1254,5883,820,10404,1061,219187,1996,15757,1703,203430,2471
2019-2023,Texas,Moore County,0500000US48341,21234,0,7275,229,989,203,783,207,206,89,6286,312,61325,3815,48,341,9844,469,698,200,800,288,8346,561,8235,484,448,182,1015,223,169,97,23,29,0,28,403,193,81,70,27,32,0,28,141,85,0,28,543,167,272,113,271,134,6732,282,717,168,6015,335
2019-2023,Texas,Morris County,0500000US48343,12014,0,5038,217,893,162,444,122,449,136,4145,236,55082,3951,48,343,4884,303,445,158,441,153,3998,358,3689,347,229,108,842,199,106,86,0,23,0,23,85,80,76,80,107,81,6,11,161,66,28,19,706,166,349,109,357,113,4332,249,544,163,3788,245
2019-2023,Texas,Motley County,0500000US48345,1267,0,476,64,62,31,30,22,32,23,414,64,62857,16002,48,345,608,91,29,18,58,34,521,93,404,82,22,17,91,68,0,15,0,15,0,15,39,31,0,15,3,5,0,15,71,39,7,7,36,23,23,23,13,14,440,63,39,21,401,64
2019-2023,Texas,Nacogdoches County,0500000US48347,64897,0,25114,447,5776,477,2696,403,3080,443,19338,577,51528,2285,48,347,26804,797,3800,552,2851,512,20153,789,20343,863,2856,472,3154,538,438,184,53,78,48,78,564,189,115,79,789,348,188,123,1901,379,155,101,4337,513,2222,392,2115,369,20777,630,3554,483,17223,621
2019-2023,Texas,Navarro County,0500000US48349,53735,0,18484,407,3069,413,1592,264,1477,321,15415,499,59310,3774,48,349,22667,828,1798,370,2432,464,18437,1005,18331,954,1418,345,2531,351,252,129,0,35,0,35,263,133,23,13,116,72,27,32,1426,253,78,56,2655,409,1190,292,1465,294,15829,528,1879,348,13950,578
2019-2023,Texas,Newton County,0500000US48351,12193,0,4898,246,1151,227,544,150,607,201,3747,280,41044,6691,48,351,4504,329,455,147,585,231,3464,332,3896,355,376,140,305,100,40,43,24,31,0,23,32,62,0,23,0,23,0,23,247,101,39,35,777,164,440,124,337,113,4121,255,711,201,3410,271
2019-2023,Texas,Nolan County,0500000US48353,14565,0,5834,211,1124,201,432,149,692,207,4710,262,50160,4096,48,353,6337,297,649,214,742,255,4946,425,5022,419,499,179,805,278,10,15,0,23,0,23,128,94,96,90,151,90,44,49,231,79,0,23,1093,241,532,194,561,152,4741,340,592,183,4149,295
2019-2023,Texas,Nueces County,0500000US48355,352829,0,130770,1119,22483,1210,11754,967,10729,968,108287,1452,66021,1570,48,355,159226,2134,12477,1278,11061,1004,135688,2268,128267,2334,8888,917,16893,1353,1830,721,1780,402,433,201,1964,497,337,175,2482,475,223,151,7840,884,766,404,22112,1324,10865,968,11247,813,108658,1671,11618,937,97040,1551
2019-2023,Texas,Ochiltree County,0500000US48357,9852,0,3758,200,539,213,297,149,242,124,3219,240,64988,11283,48,357,4830,236,550,209,481,163,3799,364,3679,314,335,157,791,214,185,97,0,21,0,21,57,69,0,21,187,126,30,46,116,76,0,21,330,144,175,134,155,73,3428,219,364,151,3064,247
2019-2023,Texas,Oldham County,0500000US48359,2097,0,631,62,94,40,65,35,29,20,537,60,76402,6603,48,359,840,102,55,35,43,27,742,101,630,92,53,34,96,54,0,15,2,6,2,6,36,26,0,15,10,10,0,15,66,36,0,15,21,15,14,13,7,7,610,62,80,37,530,59
2019-2023,Texas,Orange County,0500000US48361,84993,0,31847,647,4403,522,2183,448,2220,392,27444,692,73372,4779,48,361,37493,1074,2497,484,2291,515,32705,1305,32651,1144,1929,441,2823,553,368,193,63,60,44,57,253,159,23,21,347,163,44,69,1356,344,89,83,4263,566,1663,357,2600,482,27584,742,2740,379,24844,765
2019-2023,Texas,Palo Pinto County,0500000US48363,28920,0,10951,336,1621,225,910,179,711,156,9330,377,64972,5357,48,363,11882,526,962,270,718,198,10202,598,9048,554,692,230,1636,351,145,82,34,40,0,28,94,50,18,22,261,119,32,35,809,219,75,85,1535,226,692,173,843,173,9416,362,929,156,8487,362
2019-2023,Texas,Panola County,0500000US48365,22624,0,8486,320,1054,196,499,159,555,140,7432,336,62593,8585,48,365,9452,448,431,171,575,136,8446,508,8030,525,351,161,889,234,42,44,5,8,5,8,93,66,13,24,32,34,0,28,403,147,20,6,824,250,323,114,501,197,7662,377,731,186,6931,361
2019-2023,Texas,Parker County,0500000US48367,158079,0,54237,614,4494,608,2537,489,1957,372,49743,782,102099,3457,48,367,75935,1317,2732,537,3203,635,70000,1619,58994,1389,2244,503,6335,863,323,205,151,152,3,9,657,269,62,81,564,235,0,35,9234,890,100,61,2708,403,861,229,1847,325,51529,739,3633,578,47896,863
2019-2023,Texas,Parmer County,0500000US48369,9752,0,3183,156,346,106,202,89,144,73,2837,173,68164,10729,48,369,4683,258,255,104,286,136,4142,314,3844,278,210,97,640,165,41,37,0,21,0,21,21,20,0,21,70,59,4,8,108,53,0,21,144,76,83,58,61,49,3039,165,263,95,2776,179
2019-2023,Texas,Pecos County,0500000US48371,14983,0,5108,230,1091,281,662,224,429,194,4017,304,67689,11772,48,371,5897,331,591,191,280,157,5026,401,4969,429,494,195,620,266,80,75,0,23,0,23,70,61,17,26,63,66,0,23,175,93,0,23,736,219,397,196,339,123,4372,302,694,239,3678,306
2019-2023,Texas,Polk County,0500000US48373,51780,0,18575,602,3303,465,2048,390,1255,258,15272,639,59066,3522,48,373,18061,746,1536,398,1243,291,15282,833,14666,813,1266,396,1619,381,146,112,17,25,0,35,266,145,11,12,525,237,8,14,968,235,105,67,3065,468,1588,320,1477,335,15510,686,1715,350,13795,686
2019-2023,Texas,Potter County,0500000US48375,116634,0,42363,645,8632,634,4192,526,4440,529,33731,673,50448,1634,48,375,48524,1085,4600,577,4843,653,39081,1369,37958,1152,2943,477,6215,713,873,258,220,121,44,34,753,234,105,95,823,255,230,137,2555,405,405,180,6133,557,3393,455,2740,387,36230,734,5239,533,30991,729
2019-2023,Texas,Presidio County,0500000US48377,6043,0,2340,250,815,281,374,221,441,234,1525,261,29014,10174,48,377,2285,375,421,254,97,116,1767,430,1486,331,293,205,215,168,42,72,0,21,0,21,184,143,0,21,237,165,22,34,163,110,64,78,540,302,338,222,202,190,1800,288,477,235,1323,238
2019-2023,Texas,Rains County,0500000US48379,12505,0,4723,258,649,186,397,174,252,72,4074,256,64874,6875,48,379,5267,344,417,226,286,133,4564,315,3789,343,297,168,761,248,27,41,0,23,0,23,80,82,12,17,155,92,0,23,482,173,81,82,545,150,273,89,272,110,4178,261,376,187,3802,276
2019-2023,Texas,Randall County,0500000US48381,143791,0,55758,607,5283,574,2687,375,2596,447,50475,803,80905,2803,48,381,72284,1038,3623,611,4029,732,64632,1397,57667,1348,2452,498,7572,1024,816,277,277,168,105,102,591,187,59,55,1278,380,111,99,4899,618,80,57,3731,501,1580,350,2151,336,52027,743,3703,492,48324,838
2019-2023,Texas,Reagan County,0500000US48383,3259,0,1046,110,90,51,47,29,43,43,956,105,70288,14362,48,383,1348,171,120,71,53,41,1175,177,1006,166,68,45,129,70,27,28,0,15,0,15,111,73,0,15,25,39,25,39,77,53,0,15,67,57,23,22,44,52,979,124,67,50,912,119
2019-2023,Texas,Real County,0500000US48385,2821,0,1021,130,204,120,81,56,123,99,817,140,45417,16596,48,385,681,149,61,55,63,37,557,162,473,142,24,33,53,53,0,15,3,6,3,6,27,23,14,14,20,34,20,34,105,58,0,15,185,100,121,98,64,39,836,139,83,65,753,143
2019-2023,Texas,Red River County,0500000US48387,11621,0,4993,184,1115,193,624,154,491,142,3878,218,46912,2625,48,387,4619,266,419,138,292,133,3908,277,3420,259,323,146,551,164,16,15,30,46,0,23,38,26,9,11,72,61,0,23,508,145,71,81,690,206,260,120,430,148,4303,289,855,237,3448,238
2019-2023,Texas,Reeves County,0500000US48389,13219,0,4145,194,814,244,449,165,365,168,3331,270,56056,8469,48,389,5721,544,572,263,632,379,4517,530,4716,534,384,233,740,287,81,63,0,23,0,23,62,80,3,5,126,125,82,93,77,97,22,34,627,204,339,131,288,171,3518,275,475,218,3043,288
2019-2023,Texas,Refugio County,0500000US48391,6693,0,2372,132,434,104,241,88,193,72,1938,138,58016,3412,48,391,2598,184,230,90,153,71,2215,190,2231,194,144,93,248,95,51,55,0,21,0,21,55,50,34,47,7,9,0,21,57,43,1,2,344,89,185,74,159,49,2028,124,249,83,1779,126
2019-2023,Texas,Roberts County,0500000US48393,785,0,303,41,16,13,7,7,9,9,287,41,66118,8220,48,393,365,44,12,11,11,9,342,46,304,50,12,11,17,19,0,15,0,15,0,15,28,20,0,15,15,17,0,15,1,3,0,15,6,7,4,5,2,3,297,40,12,11,285,40
2019-2023,Texas,Robertson County,0500000US48395,16973,0,6480,260,1180,225,518,150,662,162,5300,285,66250,12215,48,395,6765,371,496,176,329,159,5940,417,5315,420,355,161,998,208,118,78,3,5,3,5,0,23,0,23,129,83,8,16,320,109,12,14,1096,199,630,176,466,142,5384,257,550,153,4834,279
2019-2023,Texas,Rockwall County,0500000US48397,116931,0,39513,445,1748,366,1084,290,664,184,37765,528,124917,5539,48,397,59118,1216,1007,365,1239,337,56872,1224,43215,1447,680,304,4167,726,90,75,220,108,0,35,374,163,75,83,549,206,0,35,10593,970,162,117,1771,400,431,209,1340,365,37742,580,1317,263,36425,659
2019-2023,Texas,Runnels County,0500000US48399,9880,0,3800,187,452,111,235,88,217,70,3348,157,63490,4032,48,399,4507,230,216,90,339,117,3952,219,3712,232,149,74,525,161,59,49,0,21,0,21,26,22,1,3,15,14,7,11,229,82,0,21,406,135,188,89,218,98,3394,191,264,89,3130,174
2019-2023,Texas,Rusk County,0500000US48401,52613,0,17963,404,2492,379,1340,251,1152,259,15471,452,67506,4964,48,401,21180,610,1445,428,1220,351,18515,799,17718,716,1212,419,1993,412,94,51,28,27,0,35,187,102,64,62,281,141,8,10,973,275,67,45,2203,328,1140,267,1063,225,15760,465,1352,260,14408,466
2019-2023,Texas,Sabine County,0500000US48403,9998,0,4469,306,611,161,289,116,322,124,3858,304,59924,6998,48,403,3397,304,217,83,287,136,2893,295,2590,331,146,69,455,165,25,26,0,21,0,21,133,107,6,9,27,27,15,22,192,87,25,38,602,134,153,66,449,119,3867,289,458,151,3409,287
2019-2023,Texas,San Augustine County,0500000US48405,7889,0,3017,213,799,192,395,137,404,145,2218,174,46338,5544,48,405,2636,259,503,160,284,126,1849,274,1986,262,338,122,253,124,7,13,0,21,0,21,138,88,97,90,103,67,44,52,156,70,17,25,671,167,417,152,254,82,2346,200,382,127,1964,183
2019-2023,Texas,San Jacinto County,0500000US48407,27983,0,10480,425,1683,327,1116,323,567,192,8797,518,59526,7618,48,407,10161,610,894,296,794,272,8473,629,8104,636,673,275,1136,239,114,76,32,39,0,28,105,65,11,23,302,164,33,54,482,171,63,81,1899,293,657,175,1242,287,8581,487,1026,354,7555,537
2019-2023,Texas,San Patricio County,0500000US48409,69519,0,24496,550,3900,580,2091,428,1809,371,20596,649,67512,4648,48,409,29243,835,1902,363,2873,613,24468,992,24390,872,1533,291,2332,456,141,81,129,96,5,8,187,125,5,6,422,207,24,40,1783,387,194,116,3680,439,1656,349,2024,373,20816,587,2244,449,18572,639
2019-2023,Texas,San Saba County,0500000US48411,5802,0,2095,145,255,65,158,54,97,48,1840,135,54855,5196,48,411,2411,139,262,87,198,88,1951,169,1846,193,246,86,378,134,4,7,0,21,0,21,17,23,9,19,8,12,0,21,162,80,3,5,223,76,69,41,154,58,1872,152,186,66,1686,147
2019-2023,Texas,Schleicher County,0500000US48413,2426,0,919,94,107,51,62,43,45,31,812,109,90141,18888,48,413,1059,125,17,21,44,39,998,136,804,136,17,21,86,55,0,15,0,15,0,15,30,38,0,15,16,23,0,15,123,74,0,15,57,39,29,24,28,30,862,112,78,47,784,120
2019-2023,Texas,Scurry County,0500000US48415,16633,0,5931,221,541,206,285,164,256,119,5390,307,62689,14842,48,415,6722,407,338,201,574,243,5810,491,5483,425,287,186,757,271,21,28,0,23,0,23,175,100,27,47,60,85,0,23,247,152,3,5,503,171,123,118,380,133,5428,280,418,177,5010,327
2019-2023,Texas,Shackelford County,0500000US48417,3169,0,1329,75,183,80,74,49,109,66,1146,92,64659,11735,48,417,1555,143,102,76,39,31,1414,150,1200,153,89,77,132,49,2,4,0,15,0,15,31,23,11,15,27,30,0,15,165,75,0,15,83,38,31,24,52,26,1246,82,152,77,1094,95
2019-2023,Texas,Shelby County,0500000US48419,24108,0,9177,285,1986,301,1304,274,682,196,7191,338,50436,4927,48,419,10064,486,1410,354,724,213,7930,605,8384,563,1225,362,872,317,82,67,28,32,11,15,165,102,31,41,210,113,42,56,405,151,19,24,1314,224,744,169,570,133,7863,333,1242,284,6621,353
2019-2023,Texas,Sherman County,0500000US48421,2434,0,842,92,83,45,43,34,40,29,759,88,74167,16251,48,421,1128,154,78,60,59,38,991,160,834,145,73,59,231,103,0,15,0,15,0,15,21,18,0,15,5,10,5,10,37,20,0,15,19,15,11,12,8,12,823,92,72,41,751,88
2019-2023,Texas,Smith County,0500000US48423,238014,0,81690,1080,9403,864,4540,575,4863,648,72287,1284,71923,1916,48,423,107063,1484,6560,928,7656,977,92847,1990,84902,1665,4960,781,8904,1049,761,238,371,255,51,58,1194,362,239,125,2160,514,181,173,9532,1029,368,187,7452,862,3153,453,4299,678,74238,1248,6250,718,67988,1409
2019-2023,Texas,Somervell County,0500000US48425,9510,0,3562,161,205,90,87,51,118,71,3357,173,83382,20475,48,425,4668,291,98,92,288,125,4282,320,3428,329,87,87,379,192,0,21,0,21,0,21,68,61,0,21,251,179,0,21,542,211,11,22,201,115,44,36,157,107,3361,202,161,78,3200,207
2019-2023,Texas,Starr County,0500000US48427,65809,0,18692,500,6763,641,4383,559,2380,367,11929,646,38182,3996,48,427,23444,939,4306,680,3332,613,15806,1174,16786,1010,2739,572,3333,521,526,214,0,35,0,35,775,293,239,118,423,180,121,92,2127,455,681,281,7738,549,4297,521,3441,392,10954,591,2466,422,8488,656
2019-2023,Texas,Stephens County,0500000US48429,9278,0,3560,238,558,162,254,104,304,144,3002,277,54695,11091,48,429,3796,296,289,144,364,153,3143,319,2791,298,168,127,697,185,116,115,0,21,0,21,51,49,0,21,98,83,0,21,159,76,5,9,313,101,88,57,225,90,3247,230,470,165,2777,262
2019-2023,Texas,Sterling County,0500000US48431,1389,0,402,61,17,14,4,6,13,13,385,64,78750,69746,48,431,547,99,11,12,0,15,536,100,432,95,4,6,64,35,7,10,0,15,0,15,7,9,0,15,0,15,0,15,44,36,0,15,37,30,0,15,37,30,365,67,17,14,348,69
2019-2023,Texas,Stonewall County,0500000US48433,1244,0,476,75,52,39,10,12,42,32,424,74,61250,29213,48,433,582,92,22,24,46,36,514,100,517,90,22,24,28,24,0,15,0,15,0,15,19,17,0,15,14,15,0,15,4,5,0,15,62,36,0,15,62,36,414,70,52,39,362,69
2019-2023,Texas,Sutton County,0500000US48435,3306,0,1236,171,167,100,129,97,38,33,1069,172,75000,9769,48,435,1557,192,58,78,188,87,1311,227,1133,212,58,78,220,99,0,15,0,15,0,15,54,76,0,15,7,12,0,15,143,87,0,15,70,72,8,14,62,73,1166,176,159,102,1007,167
2019-2023,Texas,Swisher County,0500000US48437,6981,0,2453,103,553,129,337,101,216,73,1900,132,39031,11390,48,437,2594,172,437,169,190,83,1967,223,2073,204,235,113,398,174,138,117,0,21,0,21,64,75,47,73,10,13,0,21,49,23,17,20,318,109,143,71,175,90,2135,156,410,115,1725,143
2019-2023,Texas,Tarrant County,0500000US48439,2135743,0,769285,2190,79420,2798,41729,1949,37691,1775,689865,3088,81905,930,48,439,1061527,4806,51457,2075,60267,3509,949803,6216,784879,6773,36132,1786,103171,3766,7144,779,3767,551,491,207,9854,997,1885,633,15835,1555,1500,388,144021,3897,4305,651,75734,2565,28438,1701,47296,2182,693551,3343,50982,2144,642569,3943
2019-2023,Texas,Taylor County,0500000US48441,144259,0,54390,618,7815,637,3414,496,4401,559,46575,747,66406,2610,48,441,68735,1279,5265,554,5236,770,58234,1232,54818,1251,3956,534,6876,804,768,268,320,175,121,112,559,184,44,40,985,369,149,75,5177,691,227,117,5996,606,2757,437,3239,427,48394,844,5058,466,43336,855
2019-2023,Texas,Terrell County,0500000US48443,851,0,453,117,66,45,6,9,60,45,387,109,46989,12811,48,443,331,145,0,15,0,15,331,145,243,126,0,15,63,48,0,15,0,15,0,15,0,15,0,15,0,15,0,15,25,27,0,15,0,15,0,15,0,15,453,117,66,45,387,109
2019-2023,Texas,Terry County,0500000US48445,11699,0,4271,168,864,224,565,192,299,145,3407,255,45905,11387,48,445,4812,265,690,184,412,165,3710,314,3865,323,649,191,648,202,13,23,5,8,0,23,13,16,0,23,19,24,0,23,262,153,28,48,901,237,495,185,406,179,3370,269,369,146,3001,266
2019-2023,Texas,Throckmorton County,0500000US48447,1589,0,686,73,98,36,33,21,65,31,588,69,58864,15400,48,447,724,108,54,30,78,58,592,112,578,108,30,23,85,44,18,17,0,15,0,15,0,15,0,15,29,29,0,15,32,21,6,7,53,23,22,12,31,20,633,77,76,33,557,74
2019-2023,Texas,Titus County,0500000US48449,31284,0,11011,213,1907,242,1084,229,823,159,9104,247,59220,5424,48,449,13356,410,1106,232,1433,325,10817,487,10280,522,802,190,2128,370,177,90,9,16,0,31,133,74,20,20,284,173,58,72,522,144,49,49,1938,275,806,160,1132,226,9073,295,1101,221,7972,300
2019-2023,Texas,Tom Green County,0500000US48451,119398,0,46094,633,5353,608,2295,346,3058,508,40741,760,66254,3722,48,451,54693,1047,3730,670,4546,772,46417,1326,41987,1422,2663,559,6912,938,399,191,144,103,19,25,852,273,362,154,708,264,0,35,4090,528,287,217,4421,537,1592,324,2829,437,41673,857,3761,599,37912,796
2019-2023,Texas,Travis County,0500000US48453,1307625,0,561491,1859,58973,2295,22681,2035,36292,1720,502518,2964,97169,1289,48,453,731578,4756,38921,2145,30162,1660,662495,5405,438220,5855,23541,1841,54692,2938,4567,978,12142,1244,1783,464,13205,1240,2045,455,13843,1361,828,254,199476,4012,6157,941,33274,2003,15000,1448,18274,1416,528217,2705,43973,1707,484244,3091
2019-2023,Texas,Trinity County,0500000US48455,13850,0,6033,298,1046,226,439,170,607,149,4987,312,51663,5802,48,455,4913,354,250,112,451,165,4212,360,4250,344,224,107,324,123,11,19,0,23,0,23,50,36,0,23,32,25,0,23,257,101,15,24,843,209,463,176,380,157,5190,345,583,145,4607,325
2019-2023,Texas,Tyler County,0500000US48457,20084,0,7073,231,1338,242,618,164,720,194,5735,245,50647,5585,48,457,6525,429,331,117,744,219,5450,455,4970,392,221,98,945,268,101,102,36,42,0,28,86,68,0,28,122,70,9,17,366,159,0,28,1217,218,786,183,431,137,5856,265,552,137,5304,263
2019-2023,Texas,Upshur County,0500000US48459,41864,0,15372,414,2211,342,1217,240,994,235,13161,501,62794,4524,48,459,16999,687,1163,291,1113,268,14723,751,14162,690,843,239,1500,298,121,83,6,9,0,31,229,115,130,75,107,59,0,31,995,237,69,59,1938,316,868,227,1070,253,13434,476,1343,265,12091,535
2019-2023,Texas,Upton County,0500000US48461,3227,0,1325,103,246,88,85,47,161,73,1079,111,52321,16945,48,461,1356,163,195,105,100,63,1061,171,1137,147,170,96,145,97,0,15,0,15,0,15,3,6,0,15,0,15,0,15,71,47,25,38,128,64,95,52,33,39,1197,120,151,82,1046,114
2019-2023,Texas,Uvalde County,0500000US48463,24810,0,8422,281,1855,374,1146,367,709,242,6567,396,57849,8803,48,463,10159,477,1192,414,871,340,8096,644,8097,554,980,380,1361,499,142,104,0,28,0,28,109,99,0,28,168,114,0,28,424,188,70,116,1981,412,946,304,1035,276,6441,463,909,277,5532,486
2019-2023,Texas,Val Verde County,0500000US48465,47647,0,16706,382,3208,480,1718,347,1490,304,13498,594,59673,4312,48,465,20187,712,1606,437,2260,595,16321,876,16094,863,1281,364,2750,518,216,160,17,25,7,19,123,79,29,47,499,175,33,54,704,210,40,51,3334,461,1594,345,1740,345,13372,528,1614,304,11758,599
2019-2023,Texas,Van Zandt County,0500000US48467,61323,0,22555,514,2742,444,1384,331,1358,287,19813,564,68274,4520,48,467,25907,932,1266,343,1805,397,22836,1066,20164,988,949,296,2684,528,214,128,47,36,0,35,209,109,26,34,197,137,3,5,2606,454,74,60,2550,343,815,215,1735,310,20005,544,1927,361,18078,612
2019-2023,Texas,Victoria County,0500000US48469,91281,0,34142,630,5107,669,2758,527,2349,405,29035,846,70101,3765,48,469,41358,961,3548,566,2825,563,34985,1113,33285,1111,2063,401,4020,628,598,321,248,161,171,141,705,242,334,179,438,193,27,27,2662,596,355,155,4386,467,2087,389,2299,401,29756,719,3020,575,26736,868
2019-2023,Texas,Walker County,0500000US48471,78292,0,25180,595,4811,635,1276,402,3535,626,20369,815,49862,5103,48,471,28365,1204,3201,700,2942,776,22222,1455,22629,1413,2574,639,2432,684,210,165,27,41,9,27,787,326,180,168,669,300,143,161,1821,450,85,84,2708,441,1213,333,1495,350,22472,717,3598,631,18874,856
2019-2023,Texas,Waller County,0500000US48473,59455,0,17981,368,2484,553,1110,285,1374,483,15497,606,76135,2796,48,473,24937,1152,1545,415,1332,403,22060,1087,19886,1228,1176,318,2449,504,209,126,29,39,0,35,49,50,0,35,65,81,0,35,2459,519,160,114,2046,494,928,426,1118,367,15935,573,1556,428,14379,621
2019-2023,Texas,Ward County,0500000US48475,11255,0,4345,171,645,174,420,152,225,101,3700,234,71719,10492,48,475,5074,237,370,159,231,140,4473,336,4344,271,329,151,612,194,40,46,1,2,1,2,51,69,0,23,6,9,0,23,60,54,0,23,502,178,236,142,266,116,3843,260,409,150,3434,261
2019-2023,Texas,Washington County,0500000US48477,36156,0,15277,373,2245,380,804,224,1441,327,13032,503,75085,6997,48,477,16186,627,1036,366,539,200,14611,752,12590,809,640,319,1326,494,82,61,0,31,0,31,525,305,174,131,461,202,132,139,1284,347,8,12,1342,350,803,262,539,242,13935,554,1442,375,12493,509
2019-2023,Texas,Webb County,0500000US48479,267731,0,79572,551,16958,1176,11736,1024,5222,581,62614,1141,62506,2316,48,479,111856,1736,11999,1150,11658,873,88199,2244,88650,2017,8687,952,12868,1260,1448,320,887,308,368,258,1638,416,522,234,1840,560,274,145,5973,743,700,223,19133,981,8967,820,10166,771,60439,926,7991,802,52448,1020
2019-2023,Texas,Wharton County,0500000US48481,41651,0,15422,435,2549,370,1002,246,1547,344,12873,518,66100,3893,48,481,17889,696,1096,301,1182,305,15611,790,14441,804,670,245,1740,379,100,110,23,25,7,9,316,150,47,56,380,220,218,201,989,332,54,54,2023,360,897,228,1126,282,13399,541,1652,398,11747,560
2019-2023,Texas,Wheeler County,0500000US48483,4902,0,1849,113,279,103,205,106,74,35,1570,142,67964,10116,48,483,2295,165,253,121,123,64,1919,200,1757,186,111,59,342,126,74,82,0,15,0,15,25,20,5,8,75,73,63,72,96,50,0,15,228,104,183,97,45,30,1621,131,96,48,1525,137
2019-2023,Texas,Wichita County,0500000US48485,129842,0,48935,599,7250,629,3400,437,3850,557,41685,739,62168,2255,48,485,58584,1393,4636,589,3860,545,50088,1514,45412,1231,3292,448,7009,758,817,269,133,108,11,14,1145,427,115,73,953,313,104,89,3932,461,297,190,5574,632,3009,418,2565,470,43361,828,4241,469,39120,870
2019-2023,Texas,Wilbarger County,0500000US48487,12712,0,4737,264,654,190,457,173,197,83,4083,270,51626,5313,48,487,5427,421,355,178,694,264,4378,482,4385,472,249,128,703,209,53,72,8,13,8,13,80,63,11,15,98,80,31,45,153,116,3,7,659,214,332,149,327,160,4078,316,322,133,3756,306
2019-2023,Texas,Willacy County,0500000US48489,20218,0,5671,184,1577,281,782,184,795,230,4094,307,45645,6244,48,489,8134,341,1284,360,1244,415,5606,593,6568,410,1068,354,607,223,18,20,0,28,0,28,185,133,108,97,12,10,0,28,762,228,90,70,1678,266,729,207,949,197,3993,262,848,221,3145,247
2019-2023,Texas,Williamson County,0500000US48491,643889,0,241754,953,15327,1022,7530,779,7797,819,226427,1368,108309,2023,48,491,337336,3244,11724,1145,11169,1035,314443,3346,222970,3189,7927,1057,25593,1754,1526,452,1198,300,39,38,3263,501,134,80,5791,903,144,125,78521,2416,1954,519,10899,955,3139,485,7760,873,230855,1218,12188,974,218667,1507
2019-2023,Texas,Wilson County,0500000US48493,51501,0,17785,322,1703,339,838,230,865,229,16082,461,92461,4612,48,493,23816,715,1149,320,914,268,21753,850,18340,743,781,226,2035,428,70,84,30,36,0,35,114,80,4,8,216,136,38,43,3081,497,256,156,1343,316,522,176,821,258,16442,505,1181,252,15261,571
2019-2023,Texas,Winkler County,0500000US48495,7540,0,2781,135,299,108,157,76,142,91,2482,163,91898,15180,48,495,3483,224,133,85,177,112,3173,220,3138,215,133,85,199,75,0,21,0,21,0,21,56,71,0,21,75,74,0,21,15,16,0,21,511,140,178,91,333,117,2270,178,121,70,2149,175
2019-2023,Texas,Wise County,0500000US48497,72359,0,24581,368,2125,376,1189,276,936,237,22456,499,89897,6108,48,497,34271,787,1262,292,1741,353,31268,918,26361,988,953,272,3933,689,184,115,4,9,0,35,233,113,14,21,325,116,29,42,3415,372,82,53,2125,380,727,238,1398,287,22456,490,1398,311,21058,559
2019-2023,Texas,Wood County,0500000US48499,46094,0,18221,497,2529,409,1111,269,1418,373,15692,574,62524,4285,48,499,17137,680,907,251,1082,297,15148,706,12990,601,542,195,2071,438,232,176,33,48,0,31,219,122,67,58,192,129,0,31,1632,369,66,67,2052,369,970,299,1082,235,16169,600,1559,291,14610,598
2019-2023,Texas,Yoakum County,0500000US48501,7589,0,2616,163,268,120,154,88,114,84,2348,193,82261,7349,48,501,3122,353,161,112,124,89,2837,370,2385,356,118,82,505,221,21,40,0,21,0,21,80,70,0,21,83,137,0,21,69,65,22,47,170,128,68,63,102,97,2446,210,200,101,2246,229
2019-2023,Texas,Young County,0500000US48503,17963,0,7763,204,1154,197,675,159,479,143,6609,278,63723,9562,48,503,8417,355,707,201,311,139,7399,432,6627,419,432,171,1179,234,252,113,23,34,0,23,118,69,15,24,68,66,8,26,402,134,0,23,846,194,458,147,388,120,6917,256,696,188,6221,287
2019-2023,Texas,Zapata County,0500000US48505,13855,0,4612,258,1635,267,1025,215,610,166,2977,309,36527,4167,48,505,4621,385,829,206,698,254,3094,446,3482,389,621,166,670,254,136,110,0,23,0,23,106,77,18,30,0,23,0,23,363,157,54,59,1447,240,1003,188,444,154,3165,276,632,174,2533,318
2019-2023,Texas,Zavala County,0500000US48507,9532,0,3411,165,1218,325,827,303,391,190,2193,357,41887,10375,48,507,3424,325,889,334,663,387,1872,345,2869,350,768,303,129,123,0,21,0,21,0,21,123,116,3,6,142,147,102,139,161,123,16,29,1396,279,913,276,483,200,2015,297,305,164,1710,322
2019-2023,Utah,Beaver County,0500000US49001,7172,0,2386,121,193,96,108,66,85,67,2193,139,85603,13902,49,001,3077,198,108,110,100,68,2869,218,2286,260,104,110,449,139,0,17,7,11,0,17,2,5,0,17,10,16,0,17,323,115,4,6,103,60,44,47,59,37,2283,112,149,82,2134,139
2019-2023,Utah,Box Elder County,0500000US49003,59725,0,19150,290,2102,338,908,207,1194,275,17048,404,77865,3036,49,003,27175,648,1136,232,1455,306,24584,724,20296,633,806,229,3313,452,129,66,123,62,0,29,395,135,122,91,327,151,4,7,2721,432,75,45,1286,238,635,214,651,142,17864,346,1467,286,16397,404
2019-2023,Utah,Cache County,0500000US49005,137031,0,43118,347,5244,459,2613,343,2631,376,37874,513,78292,2156,49,005,65894,822,7040,623,5589,717,53265,1284,46357,1006,4385,611,6036,654,810,225,1137,446,561,301,2158,374,721,217,1594,282,110,86,8612,602,453,155,2057,309,869,213,1188,190,41061,442,4375,407,36686,527
2019-2023,Utah,Carbon County,0500000US49007,20446,0,8023,206,1364,229,635,162,729,165,6659,283,53673,3677,49,007,8189,333,810,199,606,172,6773,364,6450,385,721,188,1045,219,29,25,13,20,0,23,105,50,14,12,126,66,36,36,450,131,10,14,1175,206,680,181,495,155,6848,283,684,144,6164,293
2019-2023,Utah,Daggett County,0500000US49009,747,0,262,57,27,12,7,4,20,12,235,57,58750,17147,49,009,313,63,14,11,15,12,284,62,227,58,8,7,38,24,5,8,3,6,0,12,22,19,0,12,1,3,1,3,22,17,0,12,17,12,12,10,5,8,245,57,15,9,230,56
2019-2023,Utah,Davis County,0500000US49011,366742,0,114674,693,7165,677,4315,509,2850,426,107509,823,108058,2051,49,011,181646,1933,5523,744,5683,779,170440,1948,132449,2145,3599,537,14130,1118,813,371,2145,398,110,76,1909,382,195,124,1608,317,33,29,29405,1544,773,259,5077,548,2258,378,2819,374,109597,771,4907,600,104690,884
2019-2023,Utah,Duchesne County,0500000US49013,19932,0,6714,148,845,134,555,108,290,68,5869,173,74738,3589,49,013,8061,235,577,121,430,121,7054,298,6274,248,480,113,727,157,42,22,9,13,0,19,235,93,17,17,126,39,3,4,690,147,35,31,711,112,301,79,410,86,6003,182,544,110,5459,200
2019-2023,Utah,Emery County,0500000US49015,9968,0,3428,117,318,82,170,66,148,58,3110,151,69956,5299,49,015,4150,208,211,85,210,78,3729,242,3373,245,171,77,497,143,8,11,4,8,0,17,25,23,20,20,36,28,0,17,215,77,12,12,319,84,181,62,138,53,3109,146,137,49,2972,159
2019-2023,Utah,Garfield County,0500000US49017,5170,0,2027,129,221,79,94,48,127,53,1806,130,61688,8586,49,017,2233,181,221,102,96,50,1916,196,1586,192,68,37,271,129,103,91,0,17,0,17,152,78,48,33,56,40,0,17,168,59,2,4,82,42,53,38,29,26,1945,135,168,67,1777,130
2019-2023,Utah,Grand County,0500000US49019,9697,0,4466,219,677,244,225,148,452,182,3789,294,62521,8080,49,019,5149,289,522,215,251,191,4376,383,3646,373,439,223,561,216,30,50,0,17,0,17,106,77,12,12,272,133,0,17,564,199,41,50,335,149,170,111,165,115,4131,254,507,216,3624,275
2019-2023,Utah,Iron County,0500000US49021,60201,0,19658,337,2637,393,1059,244,1578,291,17021,452,65527,4321,49,021,27495,693,2258,417,2493,497,22744,882,20467,808,1555,357,3089,531,281,136,22,42,11,37,511,202,146,107,371,128,91,81,3035,473,174,98,1728,379,434,152,1294,333,17930,509,2203,370,15727,560
2019-2023,Utah,Juab County,0500000US49023,12273,0,3756,92,334,85,217,70,117,50,3422,129,89803,8703,49,023,5660,307,262,101,120,74,5278,329,4281,342,188,91,533,152,53,32,17,25,0,19,135,63,5,8,42,39,0,19,652,186,16,14,223,93,55,32,168,88,3533,122,279,84,3254,158
2019-2023,Utah,Kane County,0500000US49025,7996,0,3192,210,370,135,127,71,243,108,2822,238,75000,11394,49,025,3378,224,133,88,146,112,3099,273,2346,302,82,67,348,131,7,8,0,17,0,17,56,43,28,26,53,46,12,27,575,195,4,7,92,74,84,73,8,7,3100,214,286,116,2814,238
2019-2023,Utah,Millard County,0500000US49027,13179,0,4267,162,398,124,266,112,132,51,3869,195,70877,3293,49,027,5279,289,270,112,528,176,4481,330,4249,241,141,61,502,137,93,85,1,5,0,19,106,60,28,26,107,53,6,9,314,105,2,3,218,82,90,54,128,56,4049,183,308,115,3741,207
2019-2023,Utah,Morgan County,0500000US49029,12585,0,3605,150,96,66,60,50,36,35,3509,149,126092,8031,49,029,5526,264,19,17,72,50,5435,267,4096,279,9,17,603,172,10,16,0,19,0,19,69,48,0,19,84,53,0,19,674,198,0,19,15,22,0,19,15,22,3590,149,96,66,3494,149
2019-2023,Utah,Piute County,0500000US49031,1705,0,567,81,122,53,26,15,96,51,445,71,44650,7643,49,031,616,76,23,17,77,53,516,78,401,77,8,12,25,20,8,12,6,10,0,12,15,13,0,12,7,11,0,12,162,67,7,11,51,25,28,19,23,19,516,79,94,49,422,72
2019-2023,Utah,Rich County,0500000US49033,2588,0,817,81,61,34,47,32,14,13,756,84,76875,7743,49,033,999,120,28,19,91,38,880,135,645,134,22,18,61,38,6,7,10,14,0,12,66,43,0,12,25,27,0,12,192,82,0,12,46,37,24,28,22,20,771,85,37,21,734,86
2019-2023,Utah,Salt Lake County,0500000US49035,1184689,0,416589,1294,35190,1820,14864,1187,20326,1294,381399,2148,94658,1220,49,035,621783,3615,27711,1568,25758,1900,568314,4236,415998,4021,16053,1100,61291,2196,4395,677,14127,1207,1476,335,10098,795,1159,243,9942,871,928,278,110327,2835,3700,620,21094,1247,8770,802,12324,989,395495,1783,26420,1532,369075,2377
2019-2023,Utah,San Juan County,0500000US49037,14466,0,4650,116,881,147,500,101,381,103,3769,161,54890,6962,49,037,5158,257,392,116,608,145,4158,310,3762,277,252,85,541,142,45,33,29,26,17,22,295,134,43,50,82,68,0,19,449,118,35,42,690,118,431,102,259,84,3960,151,450,107,3510,170
2019-2023,Utah,Sanpete County,0500000US49039,29209,0,8748,235,1068,210,616,169,452,104,7680,245,67459,2817,49,039,11929,399,1031,252,1106,249,9792,476,8477,471,687,180,1598,280,122,83,89,82,0,23,558,219,106,86,77,60,6,11,1130,217,110,82,651,136,370,117,281,84,8097,256,698,171,7399,254
2019-2023,Utah,Sevier County,0500000US49041,21854,0,7393,171,842,165,493,160,349,106,6551,215,73765,3388,49,041,9495,332,493,148,395,108,8607,361,7419,341,363,114,892,163,87,107,16,19,0,23,163,68,30,30,105,38,0,23,900,156,13,14,836,176,384,136,452,118,6557,232,458,103,6099,250
2019-2023,Utah,Summit County,0500000US49043,42709,0,14477,413,783,157,302,99,481,144,13694,409,137058,6366,49,043,22676,583,480,149,586,208,21610,684,14434,630,375,141,1561,312,37,28,511,170,4,8,275,94,0,26,401,147,7,11,5494,471,57,44,249,104,104,90,145,61,14228,412,679,140,13549,409
2019-2023,Utah,Tooele County,0500000US49045,76648,0,23050,264,1291,256,542,157,749,172,21759,382,101846,4513,49,045,38020,832,718,190,1160,247,36142,871,26944,992,530,162,4736,653,114,69,400,269,23,38,441,169,15,31,280,153,0,29,5219,630,36,38,1552,332,267,95,1285,346,21498,425,1024,231,20474,466
2019-2023,Utah,Uintah County,0500000US49047,36458,0,11940,304,1386,234,667,167,719,186,10554,311,69861,3315,49,047,14542,577,694,200,911,252,12937,589,10993,628,440,168,1891,335,178,119,55,51,0,26,329,208,25,28,333,122,10,15,941,226,41,30,1632,333,345,125,1287,307,10308,434,1041,215,9267,396
2019-2023,Utah,Utah County,0500000US49049,683622,0,195602,794,17780,968,9033,675,8747,700,177822,1166,96877,1030,49,049,323301,2126,22058,1387,17977,1374,283266,2484,216767,2917,12514,1087,33303,1780,2774,570,5304,506,1144,266,7224,640,2365,406,4562,479,612,193,56141,2129,2649,403,8373,602,2803,389,5570,538,187229,997,14977,967,172252,1187
2019-2023,Utah,Wasatch County,0500000US49051,35808,0,11985,314,713,199,322,131,391,160,11272,302,115146,8912,49,051,17583,531,418,165,631,235,16534,606,11923,643,279,122,1971,355,68,48,26,37,0,26,276,150,48,71,196,97,0,26,3191,417,23,27,165,95,54,59,111,73,11820,298,659,185,11161,297
2019-2023,Utah,Washington County,0500000US49053,189827,0,66914,947,5982,663,3264,469,2718,474,60932,1071,76411,3253,49,053,80799,1499,4737,680,5289,746,70773,1696,59182,1817,3455,583,8123,836,499,181,358,227,10,18,1126,322,169,111,1453,363,298,197,10557,899,306,144,3135,534,1422,355,1713,379,63779,1071,4560,578,59219,1146
2019-2023,Utah,Wayne County,0500000US49055,2557,0,1085,96,105,66,48,49,57,38,980,100,70074,9056,49,055,1208,128,76,54,186,92,946,143,672,85,30,28,91,51,0,12,0,12,0,12,105,61,0,12,13,13,0,12,327,99,46,46,88,48,4,5,84,49,997,83,101,66,896,87
2019-2023,Utah,Weber County,0500000US49057,266183,0,92353,593,7559,629,3424,456,4135,477,84794,764,87083,1853,49,057,134774,1252,4441,637,5667,595,124666,1410,98155,1647,3115,603,12368,779,502,199,1775,357,143,79,1457,273,154,71,1826,300,141,68,19193,1195,386,137,6154,511,2186,358,3968,422,86199,795,5373,521,80826,847
2019-2023,Vermont,Addison County,0500000US50001,37497,0,14638,241,1078,201,387,104,691,169,13560,289,88478,3554,50,001,18363,402,682,162,592,127,17089,471,13078,460,425,141,1397,230,21,17,82,41,19,26,702,156,121,66,232,67,13,17,2872,303,83,36,1260,188,373,95,887,157,13378,294,705,175,12673,324
2019-2023,Vermont,Bennington County,0500000US50003,37312,0,14636,360,1957,328,600,144,1357,294,12679,426,71494,4402,50,003,17433,600,820,214,576,171,16037,630,12813,866,582,188,1387,672,95,60,53,60,17,45,479,185,39,44,240,95,27,30,2461,361,60,44,2152,334,910,251,1242,250,12484,433,1047,279,11437,462
2019-2023,Vermont,Caledonia County,0500000US50005,30425,0,12877,249,1550,229,647,153,903,186,11327,277,66075,2723,50,005,14849,439,811,214,674,176,13364,514,10700,444,556,163,1314,275,73,56,25,13,0,22,470,146,79,61,351,152,56,62,1989,274,47,38,1978,259,860,159,1118,198,10899,289,690,144,10209,297
2019-2023,Vermont,Chittenden County,0500000US50007,168831,0,70443,586,7299,631,1565,366,5734,544,63144,786,94310,2768,50,007,91478,1359,5413,569,3269,656,82796,1435,59572,1500,3309,464,7308,735,485,140,1773,372,313,165,4088,625,734,231,2287,410,160,99,16450,934,412,171,5385,702,2363,397,3022,518,65058,899,4936,567,60122,900
2019-2023,Vermont,Essex County,0500000US50009,5972,0,2729,135,359,77,144,56,215,43,2370,131,58985,3546,50,009,2541,139,171,54,179,63,2191,139,2029,126,125,48,188,44,9,10,0,15,0,15,81,38,13,15,30,16,0,15,213,54,24,14,515,73,196,51,319,72,2214,140,163,50,2051,128
2019-2023,Vermont,Franklin County,0500000US50011,50379,0,19605,400,2127,356,930,209,1197,299,17478,527,79078,5479,50,011,25215,733,669,169,1011,271,23535,792,18878,652,555,164,2606,424,44,54,38,41,3,6,358,107,11,10,203,109,15,18,3132,486,41,30,2276,306,1019,262,1257,231,17329,519,1108,283,16221,544
2019-2023,Vermont,Grand Isle County,0500000US50013,7393,0,3078,128,234,62,139,51,95,38,2844,132,90625,9258,50,013,3713,182,140,67,162,51,3411,188,2788,180,94,56,235,69,19,24,17,26,0,15,54,28,0,15,17,13,0,15,602,113,27,18,320,94,89,50,231,72,2758,132,145,50,2613,133
2019-2023,Vermont,Lamoille County,0500000US50015,26036,0,11424,401,970,239,282,114,688,201,10454,375,69897,6220,50,015,13752,378,556,165,611,210,12585,455,10215,522,313,130,1508,317,142,89,51,37,0,19,305,146,12,20,179,89,13,23,1494,291,76,40,1090,158,330,86,760,146,10334,408,640,215,9694,379
2019-2023,Vermont,Orange County,0500000US50017,29594,0,12790,225,1223,215,439,120,784,141,11567,273,77328,3918,50,017,15155,435,629,133,780,192,13746,504,10881,479,384,95,1537,218,92,65,50,36,16,27,411,133,17,14,123,60,3,4,2153,313,117,69,1270,174,474,127,796,143,11520,283,749,142,10771,308
2019-2023,Vermont,Orleans County,0500000US50019,27492,0,11791,296,1323,165,629,120,694,131,10468,298,66426,3655,50,019,13160,362,580,151,1011,192,11569,442,10017,388,367,86,1093,171,51,39,8,11,0,19,437,156,19,16,163,75,3,5,1442,202,140,125,1651,184,637,138,1014,150,10140,311,686,120,9454,305
2019-2023,Vermont,Rutland County,0500000US50021,60484,0,25448,425,3407,468,1041,231,2366,384,22041,521,64778,2933,50,021,27820,777,1219,285,1218,302,25383,843,22565,767,686,204,1694,385,330,181,230,98,37,53,471,154,83,56,241,79,13,14,2619,352,70,53,2758,375,1300,289,1458,243,22690,516,2107,395,20583,571
2019-2023,Vermont,Washington County,0500000US50023,59958,0,25474,375,2226,340,916,247,1310,242,23248,479,79853,2906,50,023,30579,657,1187,267,1044,243,28348,716,21622,692,766,239,1972,304,70,44,204,97,41,53,1046,248,97,50,265,94,27,35,5470,453,186,96,2632,346,1069,267,1563,279,22842,470,1157,204,21685,457
2019-2023,Vermont,Windham County,0500000US50025,45913,0,19660,410,2468,358,648,183,1820,309,17192,506,68021,4236,50,025,22304,596,1300,440,1581,349,19423,680,15925,667,1039,419,1312,236,67,37,96,55,0,22,1062,269,97,68,203,81,3,4,3706,425,94,36,2589,307,1109,242,1480,224,17071,501,1359,244,15712,543
2019-2023,Vermont,Windsor County,0500000US50027,57968,0,24873,442,2469,377,648,198,1821,317,22404,435,75247,3153,50,027,28476,714,797,191,1046,238,26633,774,19597,698,502,145,2812,382,64,61,233,116,73,70,1043,232,43,40,445,172,10,23,4346,500,105,61,2380,402,963,266,1417,292,22493,494,1506,283,20987,462
2019-2023,Virginia,Accomack County,0500000US51001,33326,0,14302,503,2235,328,931,209,1304,264,12067,538,57500,7110,51,001,14169,632,926,248,1344,374,11899,696,10216,635,358,137,2090,424,346,180,145,88,10,11,361,154,21,31,410,221,85,119,947,223,106,70,1790,379,684,182,1106,307,12512,479,1551,289,10961,512
2019-2023,Virginia,Albemarle County,0500000US51003,113683,0,45064,398,3392,455,1038,273,2354,394,41672,624,102617,3655,51,003,53980,1064,2073,397,1703,357,50204,1115,36452,1100,1184,288,4201,550,213,139,642,259,24,19,836,215,121,77,953,221,91,77,10896,805,440,179,1723,315,770,223,953,191,43341,473,2622,368,40719,682
2019-2023,Virginia,Alleghany County,0500000US51005,14962,0,6292,239,1061,241,364,101,697,221,5231,295,55160,3351,51,005,6026,339,127,65,231,125,5668,343,5246,355,84,53,475,167,7,10,0,21,0,21,8,13,0,21,56,46,7,12,241,83,29,42,555,144,367,109,188,110,5737,229,694,225,5043,267
2019-2023,Virginia,Amelia County,0500000US51007,13342,0,5285,181,646,190,176,89,470,190,4639,254,66339,8817,51,007,5770,449,387,192,296,148,5087,499,4702,443,326,155,287,163,0,21,29,70,0,21,57,70,13,22,155,110,48,69,540,181,0,21,668,231,259,117,409,192,4617,292,387,161,4230,320
2019-2023,Virginia,Amherst County,0500000US51009,31385,0,12702,319,1386,221,592,141,794,179,11316,331,67298,4455,51,009,14489,464,674,166,1221,273,12594,509,11497,534,492,151,1336,285,41,35,19,29,0,28,195,136,60,65,119,79,24,21,1323,365,57,51,1577,286,594,167,983,201,11125,369,792,171,10333,374
2019-2023,Virginia,Appomattox County,0500000US51011,16424,0,6563,205,943,193,396,136,547,160,5620,247,62337,7551,51,011,7440,377,326,133,413,171,6701,412,6331,408,287,129,372,111,27,27,30,40,0,21,53,59,2,5,2,3,0,21,652,145,10,12,906,181,475,159,431,118,5657,248,468,141,5189,250
2019-2023,Virginia,Arlington County,0500000US51013,235463,0,111530,973,8124,691,2494,478,5630,550,103406,1152,140160,3591,51,013,145762,1391,4376,532,2833,438,138553,1547,58136,1868,1481,313,7712,1055,356,173,23370,1281,1198,312,5678,657,284,138,4859,613,64,42,46007,2027,993,247,3783,551,1579,383,2204,393,107747,1156,6545,533,101202,1227
2019-2023,Virginia,Augusta County,0500000US51015,77713,0,30644,429,2437,329,1098,199,1339,261,28207,524,79972,4036,51,015,37323,852,1239,230,1913,495,34171,933,31421,978,1085,227,2769,508,91,65,89,60,8,14,438,270,0,31,187,118,3,6,2419,420,52,60,1901,399,647,176,1254,341,28743,575,1790,338,26953,594
2019-2023,Virginia,Bath County,0500000US51017,4123,0,1781,144,381,126,138,102,243,101,1400,195,61709,19195,51,017,1669,234,105,65,105,66,1459,260,1508,229,81,56,61,53,0,13,0,13,0,13,25,24,6,9,8,13,0,13,67,48,18,31,183,66,99,51,84,48,1598,155,282,122,1316,196
2019-2023,Virginia,Bedford County,0500000US51019,80254,0,32698,526,2914,396,1173,251,1741,291,29784,550,77644,2965,51,019,36616,892,1296,289,1714,418,33606,921,29327,918,894,234,2543,595,133,115,14,17,0,31,233,114,5,7,452,231,150,129,4047,379,114,75,2084,323,837,236,1247,261,30614,558,2077,302,28537,586
2019-2023,Virginia,Bland County,0500000US51021,6211,0,2345,169,278,84,127,65,151,63,2067,190,61375,4954,51,021,2324,219,127,78,95,66,2102,238,1912,233,117,74,240,123,10,15,0,19,0,19,36,34,0,19,16,33,0,19,120,67,0,19,174,77,75,46,99,61,2171,188,203,81,1968,201
2019-2023,Virginia,Botetourt County,0500000US51023,33875,0,13105,319,1006,273,302,110,704,229,12099,381,80467,4834,51,023,15729,637,339,172,483,177,14907,690,12566,726,178,84,1041,241,26,29,9,14,0,28,75,50,33,41,186,118,9,14,1852,367,93,121,357,100,121,69,236,83,12748,324,885,262,11863,367
2019-2023,Virginia,Brunswick County,0500000US51025,15868,0,6390,258,956,220,494,162,462,155,5434,275,52978,3501,51,025,6248,360,441,152,425,130,5382,373,5102,373,306,128,496,149,124,79,36,47,0,21,45,43,0,21,225,96,2,4,344,149,9,13,1363,268,575,171,788,211,5027,287,381,121,4646,300
2019-2023,Virginia,Buchanan County,0500000US51027,19857,0,7351,342,1782,307,885,238,897,218,5569,330,42216,3582,51,027,5625,576,274,111,429,193,4922,562,4678,537,201,100,462,190,40,51,37,39,15,23,87,77,2,2,108,123,2,8,253,108,14,21,1868,274,935,252,933,189,5483,352,847,210,4636,331
2019-2023,Virginia,Buckingham County,0500000US51029,16914,0,6062,192,819,179,444,129,375,123,5243,221,59199,5693,51,029,6354,368,346,109,370,187,5638,395,5049,383,259,93,570,146,51,51,74,55,0,21,39,75,0,21,203,177,17,29,419,134,19,26,1063,213,496,135,567,153,4999,244,323,125,4676,251
2019-2023,Virginia,Campbell County,0500000US51031,55398,0,22080,469,2333,357,1040,273,1293,240,19747,537,62608,4233,51,031,26171,636,1011,331,1841,362,23319,842,21299,811,773,255,2003,417,172,121,50,33,0,31,299,260,0,31,162,85,2,5,2358,390,64,75,2526,390,787,235,1739,315,19554,598,1546,312,18008,625
2019-2023,Virginia,Caroline County,0500000US51033,31541,0,11680,291,1061,287,589,250,472,165,10619,402,86267,8648,51,033,15053,624,737,290,430,168,13886,755,11506,643,522,230,1770,314,190,132,46,33,7,10,78,66,0,28,64,66,5,6,1589,355,13,16,1457,305,627,230,830,214,10223,393,434,141,9789,420
2019-2023,Virginia,Carroll County,0500000US51035,29158,0,12493,486,2039,354,908,207,1131,275,10454,533,52575,4461,51,035,12181,645,503,158,751,218,10927,739,10200,709,402,143,1306,292,35,30,6,10,0,25,172,134,57,76,70,65,1,4,427,135,8,13,1791,317,942,223,849,252,10702,473,1097,280,9605,528
2019-2023,Virginia,Charles City County,0500000US51036,6686,0,2947,74,370,77,147,44,223,64,2577,92,70339,4388,51,036,3229,112,181,64,127,37,2921,124,2705,128,130,52,179,63,15,13,13,13,8,11,4,6,0,19,64,30,0,19,264,71,28,27,331,72,152,56,179,53,2616,87,218,55,2398,90
2019-2023,Virginia,Charlotte County,0500000US51037,11475,0,4621,214,1194,236,623,141,571,181,3427,248,48892,10113,51,037,4572,339,457,141,221,75,3894,342,3814,310,406,134,355,132,14,17,3,5,0,21,71,62,18,29,84,61,0,21,245,99,19,21,1161,185,765,175,396,106,3460,251,429,151,3031,241
2019-2023,Virginia,Chesterfield County,0500000US51041,371610,0,136996,606,9241,858,4720,601,4521,595,127755,1041,98910,1898,51,041,187396,1868,6363,787,5745,727,175288,2157,137404,2193,3958,529,14682,1204,1423,385,752,253,7,13,945,279,94,90,1721,326,305,153,31892,1735,576,215,8316,797,2570,490,5746,654,128680,910,6671,679,122009,1159
2019-2023,Virginia,Clarke County,0500000US51043,15060,0,5651,240,341,121,127,81,214,104,5310,269,114185,9263,51,043,7408,336,271,156,121,87,7016,361,5275,395,118,92,528,136,59,54,8,17,0,21,166,107,19,24,176,87,53,49,1255,251,22,31,149,89,37,42,112,66,5502,245,304,124,5198,270
2019-2023,Virginia,Craig County,0500000US51045,4881,0,1752,220,212,108,136,85,76,65,1540,201,67778,14551,51,045,1917,327,101,81,57,57,1759,317,1614,300,61,59,138,101,0,13,0,13,0,13,4,7,4,7,2,4,0,13,159,103,36,54,235,102,81,78,154,90,1517,267,131,97,1386,257
2019-2023,Virginia,Culpeper County,0500000US51047,53563,0,18584,320,1590,346,894,276,696,239,16994,454,96098,5662,51,047,25557,665,1016,324,1148,386,23393,794,19032,894,537,233,2977,601,196,144,126,105,0,31,508,226,10,24,427,179,64,88,2487,451,209,178,1752,380,581,222,1171,275,16832,482,1009,264,15823,516
2019-2023,Virginia,Cumberland County,0500000US51049,9745,0,4175,180,463,138,97,63,366,127,3712,207,57057,3876,51,049,4815,326,169,94,403,151,4243,387,3971,329,169,94,388,161,0,19,0,19,0,19,84,82,0,19,43,56,0,19,329,132,0,19,806,199,136,79,670,195,3369,253,327,111,3042,270
2019-2023,Virginia,Dickenson County,0500000US51051,13920,0,5717,234,1268,230,635,174,633,149,4449,276,43831,3611,51,051,4586,352,335,129,293,110,3958,398,3564,418,214,103,626,164,105,68,13,17,0,21,7,12,0,21,62,64,0,21,314,132,16,22,1553,257,674,172,879,189,4164,275,594,179,3570,286
2019-2023,Virginia,Dinwiddie County,0500000US51053,28083,0,10427,346,1281,261,623,187,658,203,9146,452,83898,6591,51,053,13250,600,471,224,247,118,12532,694,10516,705,401,202,1226,339,40,47,111,82,0,25,91,75,5,9,51,46,9,16,1255,397,16,25,1468,272,530,179,938,233,8959,429,751,211,8208,461
2019-2023,Virginia,Essex County,0500000US51057,10604,0,4396,207,708,185,283,131,425,145,3688,232,56481,7411,51,057,4075,369,164,96,206,91,3705,362,3078,348,128,89,341,113,25,40,0,21,0,21,68,63,0,21,108,83,0,21,480,141,11,15,664,165,363,139,301,118,3732,240,345,114,3387,223
2019-2023,Virginia,Fairfax County,0500000US51059,1144474,0,412663,1185,22829,1216,11930,972,10899,794,389834,1675,150113,1612,51,059,610915,2803,17991,1344,17905,1430,575019,3432,354006,4596,9344,988,48961,2100,2244,492,32566,1666,1786,481,10028,922,917,254,11501,985,687,202,153853,3458,3013,497,17203,915,5836,745,11367,790,395460,1337,16993,1037,378467,1740
2019-2023,Virginia,Fauquier County,0500000US51061,73935,0,26266,373,1634,280,823,186,811,202,24632,476,129495,5639,51,061,38402,814,1225,337,929,292,36248,1016,28559,929,1121,328,2725,470,39,33,366,135,0,31,559,201,23,27,451,240,0,31,5742,628,42,48,1342,255,301,130,1041,239,24924,410,1333,242,23591,505
2019-2023,Virginia,Floyd County,0500000US51063,15560,0,6649,257,752,278,190,88,562,258,5897,365,61401,9002,51,063,7815,389,251,137,547,238,7017,447,6143,399,226,137,738,237,0,21,11,13,0,21,125,60,2,5,0,21,0,21,798,184,23,25,485,133,176,77,309,124,6164,263,576,271,5588,365
2019-2023,Virginia,Fluvanna County,0500000US51065,27764,0,10251,255,768,234,448,208,320,113,9483,345,91959,5523,51,065,13274,450,662,269,497,165,12115,531,9783,591,405,206,1358,390,54,54,38,41,0,25,101,106,0,25,249,151,130,107,1745,297,73,42,535,173,236,120,299,118,9716,314,532,179,9184,373
2019-2023,Virginia,Franklin County,0500000US51067,54958,0,22484,541,2742,416,1317,299,1425,291,19742,592,68348,3730,51,067,23492,695,1233,294,1330,365,20929,870,18798,846,955,262,1791,365,105,84,0,31,0,31,259,129,31,32,225,116,67,93,2419,449,75,71,2600,442,923,284,1677,354,19884,609,1819,318,18065,636
2019-2023,Virginia,Frederick County,0500000US51069,93355,0,34338,355,2276,347,1083,222,1193,292,32062,488,95603,3560,51,069,45321,1065,1647,442,1269,356,42405,1136,35440,1182,1211,366,3789,603,240,134,45,53,18,40,404,147,24,23,563,208,47,56,5080,607,107,89,2145,454,488,168,1657,412,32193,561,1788,331,30405,615
2019-2023,Virginia,Giles County,0500000US51071,16610,0,6769,271,668,162,184,78,484,145,6101,270,64819,3998,51,071,7281,354,311,107,305,151,6665,352,6117,387,217,89,717,195,32,29,77,104,0,21,110,96,18,19,86,68,25,44,174,83,19,25,687,135,268,99,419,121,6082,266,400,121,5682,280
2019-2023,Virginia,Gloucester County,0500000US51073,39228,0,15111,448,943,181,397,140,546,140,14168,480,83689,5736,51,073,19129,745,318,132,595,268,18216,859,16369,908,259,104,784,226,47,53,17,23,2,5,69,81,0,28,283,227,10,18,1607,401,0,28,1117,231,456,148,661,175,13994,497,487,149,13507,513
2019-2023,Virginia,Goochland County,0500000US51075,25613,0,10013,235,406,140,203,108,203,86,9607,252,118695,8365,51,075,11718,421,197,116,170,110,11351,457,9013,603,118,80,466,184,21,37,0,25,0,25,34,36,0,25,55,65,0,25,2150,384,58,65,432,123,82,56,350,111,9581,251,324,123,9257,270
2019-2023,Virginia,Grayson County,0500000US51077,15323,0,6202,270,1056,190,538,133,518,147,5146,256,42864,3634,51,077,5798,311,430,125,514,144,4854,355,4713,311,369,122,572,176,48,50,60,58,4,6,52,42,1,5,102,75,0,21,299,118,8,7,1064,184,556,158,508,137,5138,277,500,111,4638,259
2019-2023,Virginia,Greene County,0500000US51079,20850,0,7912,281,847,204,520,177,327,127,7065,268,85268,5185,51,079,10441,401,388,179,383,159,9670,436,7627,595,209,115,1074,356,105,90,80,87,0,25,92,91,0,25,136,92,0,25,1432,294,74,82,780,218,292,149,488,166,7132,320,555,177,6577,313
2019-2023,Virginia,Greensville County,0500000US51081,11304,0,3092,180,503,165,170,95,333,124,2589,208,56759,8679,51,081,3911,249,237,128,376,185,3298,313,3049,292,142,100,558,175,56,50,0,21,0,21,27,41,25,41,159,110,0,21,118,101,14,21,552,161,190,89,362,145,2540,222,313,115,2227,223
2019-2023,Virginia,Halifax County,0500000US51083,33811,0,13673,373,2652,370,1037,231,1615,280,11021,490,49244,3702,51,083,13104,612,1124,321,1389,319,10591,649,10336,666,630,187,1407,293,213,163,26,24,0,28,123,69,22,24,378,179,143,113,834,243,116,74,2876,363,1536,333,1340,232,10797,453,1116,217,9681,478
2019-2023,Virginia,Hanover County,0500000US51085,111652,0,42012,403,2315,359,1042,230,1273,292,39697,550,109504,3618,51,085,57221,1016,1283,278,1509,362,54429,1171,43732,1132,840,195,3085,559,70,64,114,104,0,31,380,130,55,62,603,201,52,63,9307,747,266,149,2027,333,612,169,1415,273,39985,533,1703,346,38282,637
2019-2023,Virginia,Henrico County,0500000US51087,334434,0,135599,854,11210,891,5170,671,6040,662,124389,1187,86397,1572,51,087,174063,1958,6346,888,6362,828,161355,2185,121258,2332,4251,633,13039,1211,962,509,1439,409,117,83,1151,317,107,87,2644,508,272,155,34532,1784,637,205,10791,971,3872,595,6919,699,124808,1337,7338,767,117470,1354
2019-2023,Virginia,Henry County,0500000US51089,50365,0,20503,535,3372,412,1251,261,2121,347,17131,573,48445,3129,51,089,19756,723,1074,308,1847,385,16835,808,16200,761,856,265,1740,293,153,90,34,34,0,31,113,86,0,31,243,115,49,65,1426,292,16,18,3252,455,1572,332,1680,326,17251,584,1800,316,15451,545
2019-2023,Virginia,Highland County,0500000US51091,2265,0,1003,106,86,43,23,18,63,38,917,107,62946,11045,51,091,848,120,44,56,23,19,781,119,609,120,42,56,14,13,0,13,0,13,0,13,29,24,2,3,5,9,0,13,191,74,0,13,56,35,13,14,43,33,947,109,73,40,874,110
2019-2023,Virginia,Isle of Wight County,0500000US51093,39444,0,15426,283,1281,259,631,216,650,151,14145,370,96118,3722,51,093,18953,614,555,162,720,235,17678,693,15425,677,490,157,1330,291,5,13,25,30,2,4,138,81,16,23,126,71,9,15,1909,367,33,36,1214,230,421,157,793,189,14212,321,860,219,13352,386
2019-2023,Virginia,James City County,0500000US51095,80046,0,31351,503,2060,373,738,221,1322,327,29291,563,107046,4875,51,095,35599,990,1137,325,595,183,33867,993,26769,856,876,295,2338,593,68,69,208,111,49,64,455,140,61,67,233,90,3,5,5596,707,80,68,1768,339,570,219,1198,268,29583,566,1490,339,28093,558
2019-2023,Virginia,King and Queen County,0500000US51097,6676,0,2814,159,367,126,212,77,155,97,2447,179,72851,14580,51,097,3229,251,174,81,139,84,2916,238,2515,275,142,82,309,140,20,23,5,9,0,19,26,35,0,19,11,17,0,19,363,115,12,15,373,121,201,101,172,84,2441,176,166,83,2275,185
2019-2023,Virginia,King George County,0500000US51099,27468,0,9877,188,582,188,304,126,278,154,9295,218,110517,8041,51,099,13640,465,378,186,499,168,12763,512,10312,572,311,176,1163,295,9,13,206,104,0,25,44,38,0,25,132,68,0,25,1783,253,58,50,722,173,330,165,392,106,9155,230,252,97,8903,232
2019-2023,Virginia,King William County,0500000US51101,18232,0,7115,174,677,197,307,137,370,138,6438,221,85212,6750,51,101,9472,350,267,146,101,63,9104,407,7502,434,267,146,677,262,0,21,11,18,0,21,7,12,0,21,152,105,0,21,1123,257,0,21,578,189,246,130,332,141,6537,242,431,138,6106,264
2019-2023,Virginia,Lancaster County,0500000US51103,10876,0,5468,235,740,172,331,124,409,121,4728,242,67169,5573,51,103,3963,254,266,93,268,92,3429,258,3138,266,247,91,154,88,4,7,15,17,0,21,24,23,3,8,87,58,12,19,545,141,0,21,597,171,341,130,256,96,4871,249,399,133,4472,255
2019-2023,Virginia,Lee County,0500000US51105,22042,0,8446,348,2220,295,1130,248,1090,182,6226,369,42269,3974,51,105,6799,619,822,254,518,207,5459,577,5734,616,656,221,449,161,94,72,13,21,0,25,32,29,0,25,59,78,0,25,512,200,72,95,2320,325,1420,222,900,276,6126,342,800,223,5326,369
2019-2023,Virginia,Loudoun County,0500000US51107,427082,0,140823,521,5608,669,3216,489,2392,367,135215,804,178707,3411,51,107,229771,1688,4359,715,3858,692,221554,1886,139163,2649,2807,624,17483,1319,485,175,3995,582,106,93,2704,384,232,141,3171,532,100,97,63255,2235,629,219,4506,604,1005,259,3501,602,136317,735,4603,593,131714,932
2019-2023,Virginia,Louisa County,0500000US51109,39012,0,15211,369,1632,280,780,212,852,225,13579,430,80343,8971,51,109,18427,565,869,261,955,306,16603,746,14170,712,713,235,2057,502,94,71,53,65,0,28,84,58,43,42,146,126,15,17,1917,411,4,6,1786,321,730,214,1056,267,13425,391,902,217,12523,473
2019-2023,Virginia,Lunenburg County,0500000US51111,11990,0,4669,229,873,234,408,155,465,158,3796,257,54460,6742,51,111,4359,310,237,118,255,121,3867,380,3480,328,224,117,394,131,5,10,105,90,0,21,21,25,0,21,56,42,8,16,303,130,0,21,953,242,412,157,541,190,3716,266,461,166,3255,273
2019-2023,Virginia,Madison County,0500000US51113,13931,0,5392,178,401,115,188,82,213,94,4991,190,82972,8192,51,113,6627,399,143,65,307,152,6177,447,4920,378,84,59,526,194,8,11,42,45,5,5,134,85,13,15,115,86,10,18,890,213,23,25,424,142,125,80,299,111,4968,211,276,94,4692,212
2019-2023,Virginia,Mathews County,0500000US51115,8517,0,3767,317,266,143,89,98,177,119,3501,286,75487,9473,51,115,3303,256,79,88,169,113,3055,294,2478,308,36,41,194,111,0,19,25,40,0,19,84,63,0,19,19,25,0,19,503,130,43,50,213,103,148,97,65,47,3554,289,118,96,3436,294
2019-2023,Virginia,Mecklenburg County,0500000US51117,30431,0,13395,476,2562,373,937,237,1625,319,10833,492,51691,4187,51,117,12110,614,654,191,738,208,10718,649,9980,545,532,180,646,202,31,33,33,28,0,28,93,47,0,28,491,163,76,78,867,216,15,21,1933,325,1073,263,860,178,11462,448,1489,282,9973,450
2019-2023,Virginia,Middlesex County,0500000US51119,10774,0,4733,269,429,120,249,95,180,78,4304,270,74154,7504,51,119,4351,330,181,82,267,126,3903,373,3063,277,123,83,298,101,6,10,26,39,0,21,32,42,0,21,48,41,0,21,884,233,52,42,535,154,229,98,306,101,4198,266,200,84,3998,276
2019-2023,Virginia,Montgomery County,0500000US51121,99159,0,36731,646,7936,612,1502,312,6434,564,28795,690,70769,2976,51,121,42823,1166,5161,601,1484,361,36178,1141,31166,1206,3316,497,2862,456,212,133,1469,330,513,186,1117,300,350,138,944,327,262,263,5265,580,508,173,1696,307,1032,244,664,206,35035,712,6904,611,28131,716
2019-2023,Virginia,Nelson County,0500000US51125,14777,0,6470,318,1184,254,382,135,802,235,5286,277,68525,9514,51,125,6398,347,447,177,309,157,5642,336,4067,406,197,118,616,223,174,178,10,15,0,21,166,114,11,3,89,59,23,28,1450,281,42,53,757,225,390,152,367,137,5713,342,794,240,4919,294
2019-2023,Virginia,New Kent County,0500000US51127,24139,0,9034,245,638,272,309,182,329,185,8396,326,120125,7752,51,127,12160,494,236,173,397,215,11527,579,9129,630,219,171,642,223,0,25,29,33,0,25,32,44,0,25,117,71,0,25,2211,407,17,26,489,176,169,148,320,132,8545,262,469,194,8076,322
2019-2023,Virginia,Northampton County,0500000US51131,12115,0,5338,214,970,169,364,101,606,131,4368,254,55933,6500,51,131,4958,283,337,126,319,126,4302,319,3465,261,260,109,784,223,40,33,27,43,0,21,98,52,20,23,50,41,17,27,534,138,0,21,773,152,525,125,248,98,4565,235,445,114,4120,259
2019-2023,Virginia,Northumberland County,0500000US51133,12085,0,5436,340,653,204,192,92,461,183,4783,364,69500,9935,51,133,4493,426,164,82,135,114,4194,424,3171,440,105,64,629,249,24,32,5,10,0,21,16,29,0,21,15,20,0,21,657,250,35,34,360,138,213,118,147,87,5076,372,440,145,4636,361
2019-2023,Virginia,Nottoway County,0500000US51135,15597,0,5492,246,904,230,407,158,497,162,4588,277,62161,6997,51,135,5763,308,288,143,287,137,5188,329,4661,413,277,138,318,132,2,6,51,62,0,21,77,68,1,3,272,183,8,17,384,138,0,21,721,171,335,136,386,115,4771,276,569,208,4202,285
2019-2023,Virginia,Orange County,0500000US51137,37208,0,14667,350,1478,334,797,265,681,207,13189,493,94175,7330,51,137,17377,681,786,294,421,135,16170,683,12945,749,568,273,1776,349,201,140,42,42,6,10,228,116,7,10,105,71,4,8,2281,447,0,28,1080,213,573,138,507,165,13587,424,905,311,12682,535
2019-2023,Virginia,Page County,0500000US51139,23750,0,9509,357,1211,275,415,125,796,240,8298,432,59396,4060,51,139,10784,460,451,173,734,247,9599,591,8206,621,205,95,1707,409,170,97,41,34,0,25,103,74,14,22,147,94,14,23,580,196,48,58,1145,240,475,180,670,158,8364,372,736,206,7628,434
2019-2023,Virginia,Patrick County,0500000US51141,17606,0,7797,335,1110,263,398,145,712,210,6687,350,50938,4126,51,141,7301,397,236,123,437,189,6628,478,5557,422,103,82,685,214,33,45,8,15,0,21,146,123,5,10,96,90,0,21,809,269,95,85,955,224,314,125,641,174,6842,351,796,232,6046,352
2019-2023,Virginia,Pittsylvania County,0500000US51143,60148,0,24633,491,4116,462,1671,309,2445,375,20517,627,54115,3035,51,143,24760,773,1343,310,1669,338,21748,829,21211,809,1096,291,1654,299,94,57,88,59,0,31,327,117,31,33,313,113,12,19,1167,343,110,71,3400,432,1386,311,2014,352,21233,623,2730,415,18503,641
2019-2023,Virginia,Powhatan County,0500000US51145,31074,0,11151,236,427,135,185,80,242,103,10724,281,110667,6545,51,145,15909,642,230,136,604,304,15075,658,11791,893,101,71,856,283,12,16,47,49,0,28,79,51,0,28,55,75,0,28,3081,546,117,119,212,89,90,61,122,75,10939,256,337,119,10602,282
2019-2023,Virginia,Prince Edward County,0500000US51147,21932,0,7560,349,1731,288,497,131,1234,264,5829,369,55082,5441,51,147,7677,476,620,211,517,177,6540,479,5514,478,394,159,1274,285,60,69,22,37,22,37,195,124,112,92,215,132,20,28,457,166,12,22,1520,255,857,210,663,198,6040,410,874,220,5166,409
2019-2023,Virginia,Prince George County,0500000US51149,42873,0,12718,262,1104,263,673,200,431,185,11614,351,88225,7050,51,149,17375,722,575,241,890,335,15910,805,14024,752,520,245,1464,402,53,57,14,21,0,28,192,122,2,4,348,189,0,28,1333,297,0,28,1028,235,391,165,637,209,11690,315,713,212,10977,374
2019-2023,Virginia,Prince William County,0500000US51153,484625,0,154609,663,8926,765,5309,573,3617,504,145683,978,128873,2929,51,153,249706,1933,8044,952,8730,1065,232932,2499,166916,2507,5218,633,24609,1533,1458,463,6821,726,96,64,2411,617,313,179,5007,762,167,99,43942,2000,792,334,8581,870,2230,423,6351,817,146028,1233,6696,652,139332,1206
2019-2023,Virginia,Pulaski County,0500000US51155,33771,0,14386,367,2086,368,781,184,1305,331,12300,425,60767,2642,51,155,14632,589,667,169,819,226,13146,632,12167,639,547,160,1159,272,50,51,46,56,0,28,57,51,0,28,196,99,8,13,1007,250,62,55,2007,285,1086,265,921,198,12379,401,1000,270,11379,417
2019-2023,Virginia,Rappahannock County,0500000US51157,7409,0,2861,188,151,77,90,71,61,57,2710,188,98125,10889,51,157,3425,249,171,128,200,87,3054,288,2364,304,49,45,191,102,43,51,23,27,0,19,112,75,0,19,67,57,42,52,668,204,37,58,161,88,88,72,73,62,2700,201,63,54,2637,199
2019-2023,Virginia,Richmond County,0500000US51159,9047,0,2931,201,392,160,71,50,321,151,2539,228,64184,8531,51,159,3255,212,129,114,97,61,3029,245,2397,305,32,35,235,157,0,19,25,42,0,19,0,19,0,19,25,43,0,19,573,307,97,109,425,138,149,71,276,116,2506,211,243,143,2263,231
2019-2023,Virginia,Roanoke County,0500000US51161,96793,0,39231,457,3036,454,997,294,2039,325,36195,609,82931,2493,51,161,45861,953,1602,540,1627,352,42632,1144,35954,1073,1331,544,2540,489,87,72,135,92,0,31,315,185,31,44,443,208,24,32,6474,687,129,94,2512,435,962,234,1550,345,36719,556,2074,392,34645,639
2019-2023,Virginia,Rockbridge County,0500000US51163,22578,0,9552,285,728,146,325,118,403,127,8824,331,63975,3414,51,163,10037,502,217,102,656,241,9164,607,7873,506,176,94,835,251,0,25,67,56,0,25,55,41,17,20,109,64,2,5,1098,286,22,25,919,273,231,86,688,257,8633,386,497,114,8136,405
2019-2023,Virginia,Rockingham County,0500000US51165,84739,0,32048,419,3114,417,1405,322,1709,276,28934,494,78468,3809,51,165,40956,785,2029,406,1825,357,37102,961,32367,904,1526,328,4087,581,293,149,74,54,0,31,924,282,92,93,331,112,46,33,3173,430,72,61,1819,282,648,186,1171,223,30229,508,2466,370,27763,522
2019-2023,Virginia,Russell County,0500000US51167,25635,0,10470,321,1834,308,807,178,1027,236,8636,418,49020,6164,51,167,8860,536,560,192,360,129,7940,601,7034,508,450,186,1257,351,83,100,2,4,0,25,161,117,4,6,71,67,21,33,335,112,2,4,2009,303,1041,231,968,224,8461,410,793,208,7668,434
2019-2023,Virginia,Scott County,0500000US51169,21504,0,8951,295,2001,287,744,149,1257,252,6950,316,45136,3479,51,169,7815,414,351,90,499,152,6965,439,6810,409,279,90,528,219,14,17,37,35,6,11,85,40,4,6,7,8,0,25,348,122,48,41,1877,267,976,207,901,186,7074,311,1025,200,6049,323
2019-2023,Virginia,Shenandoah County,0500000US51171,44630,0,17782,373,2186,290,997,209,1189,270,15596,429,64437,5125,51,171,20281,649,1220,307,1029,255,18032,716,15723,757,827,251,2032,378,187,132,12,15,0,28,466,184,78,65,264,121,34,44,1784,343,94,59,1975,262,845,182,1130,226,15807,453,1341,251,14466,485
2019-2023,Virginia,Smyth County,0500000US51173,29585,0,12530,338,2191,311,915,195,1276,249,10339,330,46859,3066,51,173,11704,554,647,172,981,233,10076,613,9734,572,353,119,1109,253,178,87,14,23,0,25,58,58,5,26,81,64,18,23,708,184,93,71,1989,262,947,196,1042,184,10541,344,1244,233,9297,352
2019-2023,Virginia,Southampton County,0500000US51175,17988,0,6887,205,823,185,333,105,490,161,6064,226,68465,6696,51,175,7856,337,283,109,345,137,7228,336,6149,414,203,95,971,292,15,22,22,21,0,21,173,115,46,68,147,82,19,24,394,133,0,21,991,166,336,108,655,155,5896,255,487,150,5409,233
2019-2023,Virginia,Spotsylvania County,0500000US51177,143876,0,51289,430,3610,457,1909,346,1701,378,47679,562,109576,3565,51,177,70584,1292,1766,355,2462,540,66356,1303,50287,1508,1227,247,7213,678,440,223,1252,283,0,31,623,348,5,12,564,153,10,12,10645,905,84,61,3233,524,1215,305,2018,360,48056,655,2395,383,45661,686
2019-2023,Virginia,Stafford County,0500000US51179,160520,0,51309,417,2377,372,1429,313,948,242,48932,551,133792,4286,51,179,78212,1107,2121,481,2076,518,74015,1280,52413,1404,1080,282,8692,959,687,389,2004,369,41,34,458,155,8,14,913,264,49,57,13732,927,256,134,2309,317,549,167,1760,270,49000,545,1828,370,47172,619
2019-2023,Virginia,Surry County,0500000US51181,6552,0,2755,143,311,97,192,99,119,38,2444,142,71458,7411,51,181,2991,230,126,99,176,133,2689,246,2288,265,87,63,428,115,39,69,17,20,0,19,2,5,0,19,62,47,0,19,194,90,0,19,305,112,122,85,183,72,2450,143,189,69,2261,142
2019-2023,Virginia,Sussex County,0500000US51183,10793,0,3705,188,365,128,165,77,200,83,3340,209,62821,9515,51,183,4252,359,227,101,302,135,3723,398,3579,367,165,79,247,104,45,40,24,26,0,21,37,38,17,29,22,23,0,21,343,155,0,21,706,172,203,88,503,165,2999,217,162,88,2837,229
2019-2023,Virginia,Tazewell County,0500000US51185,39933,0,15951,411,3303,414,1514,259,1789,337,12648,472,45788,3448,51,185,13784,645,879,216,653,198,12252,724,11384,686,626,144,1193,318,89,69,4,4,4,4,160,109,63,81,253,179,69,102,790,214,28,43,2347,316,1372,237,975,215,13604,493,1931,359,11673,503
2019-2023,Virginia,Warren County,0500000US51187,41104,0,15357,348,1721,395,988,300,733,232,13636,500,84331,6341,51,187,19255,750,722,201,710,204,17823,795,14285,780,514,156,2024,459,77,59,22,30,0,28,523,177,9,16,295,192,17,21,2106,450,105,86,1556,273,618,257,938,218,13801,427,1103,337,12698,466
2019-2023,Virginia,Washington County,0500000US51191,53913,0,22118,342,2604,375,969,224,1635,342,19514,430,62774,3572,51,191,22983,673,1079,350,1352,227,20552,697,19201,747,893,242,1829,463,149,165,17,26,0,31,176,97,11,19,119,67,12,25,1641,269,14,16,2740,429,1238,321,1502,278,19378,435,1366,231,18012,444
2019-2023,Virginia,Westmoreland County,0500000US51193,18683,0,8029,420,1220,259,415,149,805,227,6809,403,59766,9891,51,193,7148,395,276,143,589,214,6283,437,5490,416,243,135,608,204,0,21,40,39,1,3,46,50,0,21,102,88,13,22,862,225,19,16,1480,316,489,180,991,271,6549,445,731,193,5818,432
2019-2023,Virginia,Wise County,0500000US51195,35727,0,14055,342,2604,350,1211,247,1393,256,11451,397,50740,1717,51,195,12131,673,899,279,991,288,10241,670,9725,585,485,208,986,205,153,113,25,32,0,28,302,189,179,169,39,42,22,37,1054,229,60,48,2980,396,1379,294,1601,343,11075,468,1225,213,9850,474
2019-2023,Virginia,Wythe County,0500000US51197,28219,0,12396,324,2064,325,821,210,1243,241,10332,440,55359,3184,51,197,12303,637,845,206,686,224,10772,683,10182,578,542,169,1223,270,154,66,0,25,0,25,72,63,22,28,117,81,15,20,709,201,112,73,1685,310,799,215,886,216,10711,423,1265,280,9446,460
2019-2023,Virginia,York County,0500000US51199,70590,0,26445,300,1578,307,644,189,934,271,24867,356,108326,2490,51,199,34694,737,825,246,840,263,33029,788,26769,824,514,147,2849,453,233,173,80,65,0,31,301,156,0,31,281,134,30,37,4414,501,48,59,881,258,275,112,606,229,25564,357,1303,292,24261,417
2019-2023,Virginia,Alexandria city,0500000US51510,156788,0,75349,514,5688,627,2108,355,3580,515,69661,806,113638,3178,51,510,97466,1058,4285,679,3169,668,90012,1342,48983,1436,2085,448,6390,697,649,285,12365,978,603,222,2403,414,229,112,2744,458,152,109,24581,1132,567,205,3902,526,1499,369,2403,378,71447,665,4189,533,67258,829
2019-2023,Virginia,Bristol city,0500000US51520,17024,0,7327,265,1480,228,602,180,878,205,5847,290,44706,3831,51,520,7220,484,473,137,487,216,6260,533,5722,516,384,139,363,189,72,62,5,8,0,21,286,161,0,21,39,50,0,21,805,201,17,21,1557,305,798,161,759,265,5770,344,682,183,5088,380
2019-2023,Virginia,Buena Vista city,0500000US51530,6612,0,2611,153,523,172,306,139,217,98,2088,260,54458,7379,51,530,2687,300,253,152,54,69,2380,349,2202,272,173,131,191,116,58,59,0,19,0,19,110,88,0,19,0,19,0,19,184,109,22,31,345,143,252,129,93,63,2266,237,271,121,1995,272
2019-2023,Virginia,Charlottesville city,0500000US51540,45863,0,19699,341,4034,416,835,172,3199,397,15665,504,69829,7075,51,540,22820,666,2690,372,1049,265,19081,785,12498,796,1256,283,1291,313,35,36,1173,290,262,124,2542,382,576,163,848,188,131,78,4468,452,430,158,1942,294,1148,241,794,210,17757,460,2886,402,14871,517
2019-2023,Virginia,Chesapeake city,0500000US51550,251153,0,92361,651,7812,729,4238,652,3574,475,84549,917,94189,3124,51,550,123343,1827,5117,757,4733,768,113493,2289,95487,2189,3604,578,10013,1036,581,290,716,513,12,18,1064,288,185,125,1877,400,341,184,14186,1056,394,136,6376,628,2211,453,4165,525,85985,882,5601,662,80384,950
2019-2023,Virginia,Colonial Heights city,0500000US51570,18210,0,7545,182,852,243,463,198,389,122,6693,311,76250,4116,51,570,8595,425,322,129,268,137,8005,488,6871,399,256,107,538,186,22,22,20,29,0,21,151,97,33,38,191,124,11,18,824,236,0,21,863,273,264,135,599,200,6682,329,588,192,6094,378
2019-2023,Virginia,Covington city,0500000US51580,5671,0,2493,132,535,158,305,118,230,100,1958,167,42724,10297,51,580,2065,243,194,99,150,99,1721,225,1775,239,180,92,86,61,14,24,0,19,0,19,22,25,0,19,4,11,0,19,178,88,0,19,387,142,216,119,171,88,2106,186,319,109,1787,175
2019-2023,Virginia,Danville city,0500000US51590,42239,0,18632,428,4564,420,1837,306,2727,354,14068,571,42778,2749,51,590,15981,677,1575,284,1613,331,12793,730,12305,699,920,211,1704,425,246,129,263,127,16,23,197,116,97,63,229,110,58,64,1283,264,238,112,4802,399,2464,297,2338,279,13830,507,2100,313,11730,563
2019-2023,Virginia,Emporia city,0500000US51595,5633,0,2219,213,303,109,126,77,177,73,1916,236,49375,10558,51,595,2164,268,119,74,223,115,1822,265,1717,279,102,70,227,134,12,20,5,9,5,9,60,62,0,19,26,41,0,19,129,98,0,19,770,189,143,82,627,186,1449,226,160,77,1289,232
2019-2023,Virginia,Fairfax city,0500000US51600,24478,0,9158,97,860,211,363,150,497,135,8298,231,132774,13779,51,600,12819,355,721,230,495,223,11603,439,7295,524,214,103,1244,331,215,162,490,164,79,62,345,145,119,88,210,89,70,55,3235,456,24,32,231,100,120,70,111,72,8927,140,740,191,8187,227
2019-2023,Virginia,Falls Church city,0500000US51610,14593,0,6053,142,227,117,80,55,147,99,5826,180,154734,17667,51,610,7773,335,72,41,161,84,7540,325,4011,294,15,19,305,169,0,21,739,207,24,26,235,109,0,21,114,71,3,5,2369,321,30,28,110,84,21,25,89,83,5943,160,206,115,5737,191
2019-2023,Virginia,Franklin city,0500000US51620,8212,0,3388,196,461,163,242,122,219,105,2927,240,65125,9355,51,620,3512,327,178,117,309,141,3025,400,3020,334,155,111,112,93,0,19,5,8,0,19,158,97,23,35,97,81,0,19,120,89,0,19,815,188,284,135,531,167,2573,256,177,88,2396,259
2019-2023,Virginia,Fredericksburg city,0500000US51630,28383,0,11443,253,1473,317,600,230,873,249,9970,338,85368,4625,51,630,13776,445,943,312,600,258,12233,565,9173,616,613,222,1781,355,256,211,271,103,7,10,374,131,27,29,277,143,0,25,1900,413,40,52,1359,355,659,262,700,233,10084,388,814,235,9270,407
2019-2023,Virginia,Galax city,0500000US51640,6698,0,2729,235,656,177,337,127,319,131,2073,251,41438,9202,51,640,2835,297,237,120,304,142,2294,326,2270,296,129,82,470,146,90,68,0,19,0,19,11,21,11,21,0,19,0,19,84,55,7,7,544,164,387,134,157,94,2185,266,269,113,1916,246
2019-2023,Virginia,Hampton city,0500000US51650,137334,0,57740,677,7536,743,3096,514,4440,602,50204,893,67758,2270,51,650,66431,1146,3993,640,4532,749,57906,1415,52044,1465,2848,590,5732,715,390,192,1036,275,136,98,994,322,234,156,1211,312,104,116,5414,656,281,130,8705,825,3257,511,5448,688,49035,1045,4279,572,44756,1074
2019-2023,Virginia,Harrisonburg city,0500000US51660,51492,0,17331,330,3900,435,1120,275,2780,372,13431,467,59752,2394,51,660,22227,760,3364,423,2097,381,16766,790,15932,942,2455,331,3085,541,439,178,154,110,63,47,773,198,212,103,582,197,28,28,1701,318,167,93,1829,384,870,240,959,308,15502,543,3030,383,12472,570
2019-2023,Virginia,Hopewell city,0500000US51670,22944,0,9418,305,2118,381,1166,327,952,241,7300,394,48681,5078,51,670,9544,605,915,262,953,286,7676,579,7745,629,629,220,802,297,193,116,2,1,0,25,59,65,18,37,24,46,0,25,912,293,75,69,2353,382,1367,353,986,215,7065,464,751,256,6314,432
2019-2023,Virginia,Lexington city,0500000US51678,7420,0,2061,256,408,161,99,117,309,122,1653,213,89598,20722,51,678,2004,302,175,130,119,83,1710,280,1396,307,142,122,58,62,0,19,0,19,0,19,314,127,22,22,0,19,0,19,236,121,11,18,395,168,252,145,143,98,1666,203,156,102,1510,186
2019-2023,Virginia,Lynchburg city,0500000US51680,79255,0,28687,657,4949,533,1962,426,2987,344,23738,750,59808,3594,51,680,33560,1139,3295,486,2412,458,27853,1171,24569,1225,2139,425,2829,484,313,124,675,334,174,156,745,215,122,82,983,312,155,99,3759,576,392,188,3974,534,1503,319,2471,424,24713,756,3446,434,21267,799
2019-2023,Virginia,Manassas city,0500000US51683,42674,0,14041,216,960,234,601,203,359,139,13081,335,117919,5098,51,683,22127,602,720,235,774,273,20633,683,15362,781,442,216,2900,545,142,96,505,165,0,28,224,99,0,28,397,141,83,85,2739,402,53,68,982,273,310,168,672,215,13059,357,650,211,12409,404
2019-2023,Virginia,Manassas Park city,0500000US51685,16923,0,5165,205,191,120,121,88,70,58,4974,228,100668,10127,51,685,9604,475,346,196,925,412,8333,599,6670,632,234,126,1291,332,78,82,570,269,0,21,54,56,0,21,63,54,0,21,956,360,34,50,584,248,58,64,526,241,4581,260,133,83,4448,269
2019-2023,Virginia,Martinsville city,0500000US51690,13584,0,5619,252,1401,255,520,207,881,169,4218,317,42434,3801,51,690,5309,411,615,207,727,210,3967,405,4149,387,483,176,625,178,71,60,5,23,5,23,25,29,6,12,154,81,0,21,351,157,50,73,1222,240,643,173,579,187,4397,277,758,238,3639,280
2019-2023,Virginia,Newport News city,0500000US51700,184774,0,75798,605,10880,857,5061,653,5819,654,64918,1034,66718,1731,51,700,87978,1305,5231,609,4625,669,78122,1576,66954,1622,3407,515,7509,833,641,200,1394,439,333,186,1741,349,195,96,1934,343,253,108,8446,909,402,153,10590,880,4288,551,6302,845,65208,977,6592,626,58616,1071
2019-2023,Virginia,Norfolk city,0500000US51710,235037,0,94457,715,14971,864,6667,580,8304,673,79486,940,64017,1777,51,710,111864,1641,8920,710,7590,616,95354,1670,81539,1752,5379,502,10610,778,1026,288,3462,604,843,257,3069,484,495,159,2682,448,393,155,10502,833,784,288,15365,910,7059,724,8306,758,79092,1091,7912,690,71180,907
2019-2023,Virginia,Norton city,0500000US51720,3620,0,1553,139,446,145,190,85,256,125,1107,171,38497,8897,51,720,1431,259,214,176,149,110,1068,226,873,217,187,175,225,206,0,13,73,76,27,38,11,19,0,13,26,56,0,13,223,132,0,13,489,165,259,129,230,125,1064,161,187,93,877,159
2019-2023,Virginia,Petersburg city,0500000US51730,33365,0,14854,367,3266,376,1256,258,2010,337,11588,460,50741,2593,51,730,14210,592,1462,324,969,288,11779,636,10567,709,965,292,1326,316,249,113,514,240,57,52,156,111,0,28,584,183,88,83,1063,320,103,90,3489,458,1485,297,2004,318,11365,515,1781,339,9584,513
2019-2023,Virginia,Poquoson city,0500000US51735,12556,0,4657,128,300,138,172,103,128,83,4357,161,120919,10096,51,735,6442,313,109,78,218,123,6115,373,5302,375,89,66,255,123,20,30,0,21,0,21,8,14,0,21,120,89,0,21,757,216,0,21,84,50,49,46,35,29,4573,127,251,125,4322,160
2019-2023,Virginia,Portsmouth city,0500000US51740,97299,0,39678,460,6809,630,3517,542,3292,459,32869,710,58972,1991,51,740,43605,1031,3626,562,2990,496,36989,1101,32366,1229,2376,482,5207,817,392,194,554,311,126,84,728,317,200,169,1249,391,266,164,3501,463,266,126,7638,618,3464,519,4174,542,32040,684,3345,505,28695,777
2019-2023,Virginia,Radford city,0500000US51750,16505,0,5500,211,1698,308,367,166,1331,273,3802,330,52791,7790,51,750,6798,488,1262,378,618,232,4918,485,5572,462,901,343,480,147,39,44,45,44,36,41,394,195,248,153,24,34,19,33,283,119,19,31,622,155,425,149,197,81,4878,260,1273,276,3605,329
2019-2023,Virginia,Richmond city,0500000US51760,227595,0,102145,941,18392,1066,5358,635,13034,914,83753,1189,62671,1684,51,760,118435,1549,10083,964,7768,800,100584,2006,77824,1902,5841,699,9361,1041,1316,328,4305,696,863,279,4044,576,706,240,2948,438,368,133,19953,1070,989,323,14943,999,8201,728,6742,750,87202,1268,10191,800,77011,1270
2019-2023,Virginia,Roanoke city,0500000US51770,98677,0,43429,713,8141,802,3318,584,4823,678,35288,1106,52671,2367,51,770,45580,1082,3690,648,3273,591,38617,1356,34741,1247,2687,587,3324,523,459,172,1109,381,124,84,645,182,49,42,863,298,154,107,4898,725,217,133,7218,663,3716,555,3502,507,36211,959,4425,554,31786,1100
2019-2023,Virginia,Salem city,0500000US51775,25477,0,10140,247,1161,207,460,146,701,176,8979,284,66716,5519,51,775,11663,392,468,167,698,227,10497,455,9251,477,221,85,873,242,120,95,55,56,9,17,267,182,0,25,51,54,25,49,1166,192,93,89,832,203,475,148,357,124,9308,319,686,167,8622,311
2019-2023,Virginia,Staunton city,0500000US51790,25765,0,11356,235,1449,296,513,194,936,227,9907,338,62586,5319,51,790,11579,467,618,198,614,185,10347,570,9138,533,407,153,1010,247,102,74,53,48,12,25,412,133,20,22,197,135,9,18,769,188,68,86,1446,238,518,178,928,204,9910,307,931,222,8979,361
2019-2023,Virginia,Suffolk city,0500000US51800,96638,0,37133,380,3733,412,1971,329,1762,272,33400,598,90089,3715,51,800,46851,989,1655,418,1662,414,43534,1042,38143,1020,1387,352,3061,441,126,81,89,86,0,31,580,237,13,13,610,161,61,83,4368,580,68,60,4144,415,1664,292,2480,324,32989,539,2069,332,30920,623
2019-2023,Virginia,Virginia Beach city,0500000US51810,457066,0,179800,722,14918,926,7897,771,7021,662,164882,1251,90685,1693,51,810,237625,1936,9973,939,11266,1167,216386,2356,180609,2128,7278,901,17674,1178,1039,257,1920,445,233,168,2293,476,165,120,4675,557,363,171,30454,1514,895,283,11673,893,4794,646,6879,713,168127,1141,10124,779,158003,1321
2019-2023,Virginia,Waynesboro city,0500000US51820,22574,0,9620,268,1200,222,486,168,714,205,8420,308,56364,4872,51,820,10970,495,604,251,742,289,9624,501,8302,614,430,212,1210,388,21,42,0,25,0,25,290,151,44,43,197,147,51,68,971,282,58,78,1324,282,677,191,647,228,8296,368,523,147,7773,356
2019-2023,Virginia,Williamsburg city,0500000US51830,15564,0,4973,255,712,166,91,62,621,164,4261,225,70206,7102,51,830,5398,369,548,201,253,110,4597,355,3515,404,195,84,364,157,4,8,66,49,14,22,306,111,93,83,113,72,9,18,1034,289,233,184,271,126,27,36,244,128,4702,265,685,171,4017,237
2019-2023,Virginia,Winchester city,0500000US51840,27981,0,11255,280,1889,336,739,228,1150,343,9366,385,64648,4489,51,840,13298,452,1109,272,1192,336,10997,565,9724,528,847,237,1185,306,78,64,129,76,31,42,342,147,4,5,110,64,0,25,1808,308,149,101,1233,283,591,173,642,210,10022,347,1298,275,8724,414
2019-2023,Washington,Adams County,0500000US53001,20690,0,6301,166,1134,232,790,195,344,116,5167,229,65042,4825,53,001,8074,303,802,277,882,300,6390,467,5744,426,449,184,1484,316,145,109,39,60,39,60,251,97,64,63,178,100,101,94,378,145,4,5,1107,232,588,180,519,140,5194,257,546,159,4648,260
2019-2023,Washington,Asotin County,0500000US53003,22424,0,9438,220,1310,232,498,152,812,192,8128,258,69107,5408,53,003,9475,457,677,178,521,163,8277,504,7382,454,566,169,740,219,41,46,37,38,33,37,171,100,1,3,69,62,7,11,1076,258,29,31,1754,274,609,145,1145,216,7684,296,701,196,6983,333
2019-2023,Washington,Benton County,0500000US53005,210224,0,76696,603,7818,801,4422,581,3396,521,68878,962,87316,2359,53,005,93501,1574,4079,533,4588,644,84834,1801,70179,1821,2632,464,9592,903,795,273,1011,372,133,90,997,264,297,147,861,233,0,31,10861,943,222,130,11014,789,4028,570,6986,688,65682,936,3790,548,61892,1022
2019-2023,Washington,Chelan County,0500000US53007,79518,0,30825,495,2669,434,1257,301,1412,266,28156,579,78306,5707,53,007,36364,1001,1281,335,1722,375,33361,1074,26841,1104,974,300,3109,512,77,56,550,220,44,64,1569,297,28,43,1181,277,60,57,3114,541,98,88,3509,433,1000,261,2509,397,27316,576,1669,337,25647,579
2019-2023,Washington,Clallam County,0500000US53009,77593,0,34377,496,3905,379,1315,217,2590,325,30472,618,67999,2005,53,009,29064,1033,1314,287,1785,319,25965,1050,20629,897,806,206,2983,450,193,137,318,139,9,15,940,239,50,67,565,151,7,13,3629,520,249,102,4395,442,1943,257,2452,362,29982,628,1962,292,28020,676
2019-2023,Washington,Clark County,0500000US53011,510516,0,193387,755,16241,1047,7595,704,8646,749,177146,1209,94948,1484,53,011,241922,2270,9212,828,9033,824,223677,2705,170322,2876,6313,680,19090,1364,1018,324,2885,402,302,116,3881,497,335,163,3989,520,319,170,41755,1642,925,245,23395,1211,6814,579,16581,1103,169992,1397,9427,777,160565,1528
2019-2023,Washington,Columbia County,0500000US53013,3996,0,1892,110,198,72,51,38,147,66,1694,130,71528,3699,53,013,1675,186,14,23,82,64,1579,188,1266,209,5,13,154,95,1,4,8,18,8,18,110,76,0,13,51,34,0,13,86,47,0,13,283,105,134,64,149,100,1609,131,64,36,1545,135
2019-2023,Washington,Cowlitz County,0500000US53015,111539,0,43409,473,5617,617,2422,399,3195,420,37792,704,72932,2981,53,015,45526,1119,2361,450,2233,458,40932,1247,37617,1015,1823,364,3284,480,152,83,206,123,80,118,441,177,58,73,632,207,70,69,3346,423,178,107,8069,646,3205,427,4864,446,35340,667,2412,400,32928,749
2019-2023,Washington,Douglas County,0500000US53017,43733,0,15708,308,1242,259,630,201,612,155,14466,364,80374,4122,53,017,20707,729,688,216,1323,333,18696,879,16191,805,553,206,1480,274,24,32,217,148,56,90,293,150,26,66,952,366,12,22,1574,312,17,27,2092,358,617,215,1475,304,13616,408,625,195,12991,412
2019-2023,Washington,Ferry County,0500000US53019,7326,0,3138,137,462,86,111,45,351,80,2676,150,54650,6933,53,019,2429,200,126,59,278,98,2025,219,1636,198,65,33,238,112,19,26,1,4,0,19,163,86,8,10,38,41,26,40,353,135,8,12,558,118,230,58,328,101,2580,156,232,69,2348,161
2019-2023,Washington,Franklin County,0500000US53021,97676,0,29118,421,3372,534,2358,503,1014,280,25746,671,82755,3895,53,021,42871,1127,2420,856,3834,895,36617,1362,32776,1114,1496,525,5892,706,617,406,122,173,51,162,451,201,127,108,523,431,104,95,3107,451,25,33,5688,646,1613,366,4075,571,23430,649,1759,376,21671,698
2019-2023,Washington,Garfield County,0500000US53023,2326,0,1052,104,158,79,19,23,139,79,894,99,62411,19026,53,023,863,113,29,29,18,17,816,113,613,117,29,29,85,47,0,13,0,13,0,13,27,24,0,13,10,14,0,13,128,65,0,13,144,69,80,62,64,31,908,100,78,55,830,102
2019-2023,Washington,Grant County,0500000US53025,100428,0,34502,523,4767,590,2651,539,2116,328,29735,675,71115,3731,53,025,43198,1116,3573,757,2487,550,37138,1458,31782,1406,2393,500,5458,822,660,339,642,366,229,149,782,264,79,85,552,248,9,14,3982,622,203,123,5415,527,2111,368,3304,451,29087,666,2656,467,26431,759
2019-2023,Washington,Grays Harbor County,0500000US53027,76397,0,29982,589,3987,455,1635,270,2352,402,25995,638,63539,2689,53,027,29208,1004,1449,377,1919,432,25840,1089,22117,1039,977,265,2175,488,162,133,484,239,74,68,1078,327,89,57,607,229,60,69,2747,339,87,67,5574,493,2053,302,3521,420,24408,716,1934,334,22474,720
2019-2023,Washington,Island County,0500000US53029,86747,0,35529,624,2671,332,1033,195,1638,282,32858,624,88358,2918,53,029,37110,933,1196,277,1233,270,34681,882,26097,924,820,240,3488,536,135,83,735,206,57,56,835,223,23,28,551,178,18,28,5404,469,143,68,2377,323,798,199,1579,235,33152,620,1873,302,31279,635
2019-2023,Washington,Jefferson County,0500000US53031,33313,0,16156,414,2164,310,731,191,1433,284,13992,462,71143,4402,53,031,11797,552,590,187,372,131,10835,556,7329,552,387,142,1018,297,26,29,174,102,0,28,518,177,36,33,214,97,2,5,2544,383,139,82,1421,235,798,189,623,171,14735,422,1366,255,13369,446
2019-2023,Washington,King County,0500000US53033,2262713,0,927817,2547,77082,2161,27836,1201,49246,1857,850735,3354,122148,931,53,033,1214458,4936,41742,1969,33707,1909,1139009,5300,630655,5129,19568,1337,87945,2690,3646,632,96964,2684,6409,717,50408,2059,3650,727,29604,1416,1210,294,318882,4146,7259,746,75651,2409,30447,1477,45204,2098,852166,3468,46635,1815,805531,3762
2019-2023,Washington,Kitsap County,0500000US53035,276581,0,107264,790,8948,655,4086,445,4862,519,98316,910,98546,2118,53,035,126832,1382,4383,562,4494,602,117955,1545,84949,1655,3017,475,11122,878,414,172,7955,773,233,153,2863,406,202,113,2657,387,94,62,17286,976,423,178,10381,806,3627,470,6754,637,96883,1114,5321,556,91562,1126
2019-2023,Washington,Kittitas County,0500000US53037,44736,0,19601,459,3211,365,838,190,2373,349,16390,422,69928,3828,53,037,20917,759,1741,368,1355,334,17821,758,15170,762,1001,275,1300,253,208,117,88,59,7,9,1096,286,365,155,489,173,16,29,2774,348,144,99,2258,366,881,237,1377,254,17343,548,2330,366,15013,454
2019-2023,Washington,Klickitat County,0500000US53039,23082,0,9774,213,1324,270,518,177,806,228,8450,320,70400,6000,53,039,9677,466,517,197,400,191,8760,552,6398,480,332,157,634,180,32,31,256,181,14,25,546,226,32,30,296,141,5,7,1547,319,102,82,1229,198,682,185,547,129,8545,274,642,196,7903,324
2019-2023,Washington,Lewis County,0500000US53041,83925,0,32314,414,4337,408,1923,300,2414,362,27977,584,69690,3237,53,041,33835,958,1732,317,2035,430,30068,1067,24893,938,1106,226,4109,504,331,186,177,137,14,20,1281,402,154,97,480,186,35,29,2895,388,92,62,5228,427,2193,344,3035,355,27086,503,2144,287,24942,551
2019-2023,Washington,Lincoln County,0500000US53043,11271,0,4659,124,496,102,178,66,318,75,4163,158,71227,3571,53,043,4436,224,159,71,139,56,4138,253,3186,224,108,50,393,97,20,21,2,7,0,21,219,62,18,18,73,50,0,21,563,123,13,13,459,102,184,66,275,79,4200,154,312,76,3888,174
2019-2023,Washington,Mason County,0500000US53045,66968,0,25373,661,3105,380,1337,208,1768,285,22268,680,78359,4033,53,045,25573,822,1375,327,1019,272,23179,885,18355,790,979,299,3203,512,215,149,330,185,17,28,347,136,61,70,361,173,9,13,2977,403,94,108,3845,456,1382,283,2463,339,21528,756,1723,314,19805,731
2019-2023,Washington,Okanogan County,0500000US53047,42811,0,17208,489,2807,318,1536,276,1271,215,14401,536,60293,4441,53,047,17992,630,2057,581,1517,378,14418,774,11499,656,730,223,2350,468,598,387,235,186,191,165,907,281,91,63,388,163,34,55,2613,524,413,250,2979,332,1345,259,1634,275,14229,493,1462,240,12767,532
2019-2023,Washington,Pacific County,0500000US53049,23750,0,10757,458,1414,238,502,147,912,208,9343,406,62350,5688,53,049,8953,436,542,155,363,129,8048,430,5858,396,419,132,1128,234,9,16,51,42,21,26,501,181,64,57,134,75,7,11,1281,215,22,22,1724,223,689,154,1035,181,9033,431,725,166,8308,377
2019-2023,Washington,Pend Oreille County,0500000US53051,13811,0,5829,251,696,152,277,87,419,123,5133,303,63750,10130,53,051,4934,325,372,133,370,121,4192,348,3671,286,238,117,580,145,72,44,0,21,0,21,95,48,27,22,34,38,12,19,554,125,23,21,1067,187,380,98,687,182,4762,265,316,105,4446,285
2019-2023,Washington,Pierce County,0500000US53053,924106,0,346708,1260,29283,1383,13594,1000,15689,891,317425,1665,96632,1316,53,053,440247,3105,16225,1337,15650,1370,408372,3324,319294,3279,10371,1032,42385,2076,2012,371,10994,991,1071,368,6832,725,714,248,5732,641,355,147,55010,1954,1702,441,40978,1665,12133,866,28845,1454,305730,1936,17150,1145,288580,1992
2019-2023,Washington,San Juan County,0500000US53055,18266,0,8934,213,991,138,422,94,569,94,7943,207,83682,4942,53,055,8193,210,475,97,447,89,7271,213,5118,235,323,74,633,99,44,33,73,24,4,5,468,77,18,13,258,64,20,22,1643,147,66,32,490,78,195,49,295,66,8444,218,796,123,7648,205
2019-2023,Washington,Skagit County,0500000US53057,130407,0,51518,474,5237,508,2532,336,2705,315,46281,628,85474,2182,53,057,57176,1001,2860,574,2139,376,52177,1201,43152,1071,1800,473,5706,649,640,274,357,131,14,20,1170,211,225,157,639,154,69,58,6152,608,112,46,6372,504,2181,360,4191,462,45146,742,3056,391,42090,726
2019-2023,Washington,Skamania County,0500000US53059,12276,0,4965,142,484,118,164,65,320,99,4481,174,90085,4420,53,059,5580,227,206,84,407,151,4967,297,3877,244,123,56,374,142,0,21,10,18,10,18,312,119,73,57,54,45,0,21,953,174,0,21,626,160,226,74,400,128,4339,176,258,85,4081,191
2019-2023,Washington,Snohomish County,0500000US53061,834648,0,311825,1195,23825,1182,11101,929,12724,947,288000,1677,107982,1708,53,061,419377,2806,12331,1127,11769,1107,395277,3321,279838,3685,8047,789,38539,1755,1285,333,12777,966,486,185,6396,750,619,226,5937,645,347,187,75890,2409,1547,395,28348,1531,9572,888,18776,1263,283477,1938,14253,854,269224,2050
2019-2023,Washington,Spokane County,0500000US53063,544323,0,215879,965,26799,1187,10219,1007,16580,855,189080,1407,73513,1384,53,063,247470,2288,13632,1160,14052,1020,219786,2854,176301,2990,8241,884,21718,1360,1796,379,4800,600,991,292,5631,651,1273,292,3834,513,388,165,35186,1771,943,235,34595,1421,13920,940,20675,1244,181284,1685,12879,882,168405,1715
2019-2023,Washington,Stevens County,0500000US53065,47470,0,18983,300,2476,298,1072,195,1404,239,16507,417,67405,3514,53,065,17743,772,668,174,1005,205,16070,755,14009,694,521,161,1439,262,42,30,78,47,9,16,289,101,14,18,242,90,25,31,1686,232,57,35,2870,253,1225,165,1645,210,16113,412,1251,234,14862,493
2019-2023,Washington,Thurston County,0500000US53067,296640,0,117172,764,11350,983,4961,580,6389,772,105822,1204,93985,1815,53,067,138162,1865,5901,713,6084,841,126177,1899,95848,2187,4008,589,11331,1007,691,290,1837,390,256,169,2819,508,188,151,2488,615,51,45,23839,1168,707,255,13368,962,5068,689,8300,713,103804,1208,6282,654,97522,1357
2019-2023,Washington,Wahkiakum County,0500000US53069,4573,0,2026,121,310,107,185,82,125,63,1716,127,57091,6294,53,069,1511,154,90,57,120,82,1301,156,1016,141,73,54,161,102,8,11,11,14,0,13,78,89,0,13,68,71,4,7,177,90,5,9,119,48,48,33,71,43,1907,134,262,102,1645,134
2019-2023,Washington,Walla Walla County,0500000US53071,62102,0,23390,360,3095,432,1232,259,1863,374,20295,497,72212,4129,53,071,26809,741,1742,379,1511,363,23556,896,19103,907,1295,371,2587,493,117,68,172,90,41,53,1311,322,233,140,615,229,36,47,3021,464,20,21,2894,382,1219,264,1675,316,20496,498,1876,383,18620,536
2019-2023,Washington,Whatcom County,0500000US53073,228432,0,92411,783,11897,922,3817,585,8080,700,80514,1071,80989,2462,53,073,110436,1586,8110,822,6131,807,96195,1719,77806,1926,4866,613,8964,917,734,276,2048,411,570,233,3591,465,809,259,3342,580,245,141,14685,1118,886,256,10519,792,4407,527,6112,557,81892,1137,7490,860,74402,1216
2019-2023,Washington,Whitman County,0500000US53075,47042,0,17952,438,4727,439,800,207,3927,360,13225,394,52893,4525,53,075,21331,701,3633,470,2354,404,15344,752,13764,784,2214,437,2508,523,224,143,715,210,419,189,1775,349,493,185,614,233,109,81,1955,313,174,102,1810,253,814,210,996,185,16142,424,3913,428,12229,419
2019-2023,Washington,Yakima County,0500000US53077,256605,0,86689,564,12463,789,6993,733,5470,558,74226,909,68015,2240,53,077,107131,1938,6810,803,9380,912,90941,2169,84534,2049,4746,702,12989,1041,1352,396,322,160,49,77,1338,300,199,93,1118,274,100,67,6830,769,364,147,18843,936,7090,717,11753,794,67846,1067,5373,497,62473,1091
2019-2023,West Virginia,Barbour County,0500000US54001,15454,0,5871,216,1262,280,619,197,643,216,4609,318,48347,3334,54,001,5587,390,542,188,367,180,4678,465,4632,428,389,146,317,147,51,80,0,20,0,20,139,94,81,82,136,94,0,20,363,173,21,27,979,237,560,163,419,162,4892,265,702,240,4190,294
2019-2023,West Virginia,Berkeley County,0500000US54003,126165,0,49384,516,5483,750,2626,516,2857,521,43901,837,77329,3502,54,003,62717,1176,3184,712,2624,519,56909,1594,49795,1541,2342,606,5436,853,327,165,245,223,162,206,717,237,31,42,575,193,65,69,5949,887,257,134,5620,601,2456,458,3164,486,43764,718,3027,544,40737,869
2019-2023,West Virginia,Boone County,0500000US54005,21312,0,7894,257,1379,217,725,125,654,181,6515,271,56152,6458,54,005,6988,414,439,152,286,131,6263,467,5704,433,329,145,511,156,51,43,13,20,13,20,376,193,0,24,66,58,26,30,318,109,20,35,1749,269,915,187,834,210,6145,285,464,138,5681,277
2019-2023,West Virginia,Braxton County,0500000US54007,12345,0,4733,240,971,217,424,157,547,156,3762,299,44449,4212,54,007,3727,361,370,180,455,231,2902,378,2858,289,198,121,335,121,66,58,0,20,0,20,96,59,46,44,205,122,56,88,233,113,4,9,1017,178,505,136,512,140,3716,277,466,149,3250,319
2019-2023,West Virginia,Brooke County,0500000US54009,22053,0,9437,204,1138,228,442,152,696,163,8299,295,52116,6734,54,009,9006,472,464,146,248,96,8294,469,7359,476,313,121,718,196,92,61,67,52,0,24,122,68,30,34,75,68,0,24,665,204,29,38,1505,353,744,191,761,299,7932,361,394,124,7538,361
2019-2023,West Virginia,Cabell County,0500000US54011,93300,0,39138,671,8318,638,2878,474,5440,593,30820,694,52828,3340,54,011,39690,1208,4643,620,3426,500,31621,1338,31210,1390,3094,474,3618,562,591,246,283,110,112,59,906,267,280,144,662,238,239,131,3011,417,327,185,6595,594,3934,543,2661,332,32543,710,4384,485,28159,691
2019-2023,West Virginia,Calhoun County,0500000US54013,6158,0,2391,172,671,145,304,99,367,106,1720,189,41421,3439,54,013,1722,338,145,103,104,63,1473,312,1577,318,111,72,81,60,34,41,0,18,0,18,37,55,0,18,8,13,0,18,19,22,0,18,517,136,340,119,177,70,1874,172,331,113,1543,178
2019-2023,West Virginia,Clay County,0500000US54015,7946,0,2960,172,663,178,364,153,299,110,2297,181,42790,8532,54,015,2296,300,203,117,170,116,1923,314,1734,274,141,101,348,166,44,62,0,18,0,18,33,47,0,18,6,8,4,7,175,116,14,19,865,201,447,156,418,140,2095,207,216,95,1879,192
2019-2023,West Virginia,Doddridge County,0500000US54017,7767,0,2415,183,325,117,206,97,119,69,2090,186,61164,9545,54,017,2795,287,149,77,173,94,2473,325,2322,269,122,70,177,98,11,18,0,18,0,18,8,10,4,9,65,72,0,18,223,116,12,14,219,72,72,37,147,61,2196,191,253,115,1943,192
2019-2023,West Virginia,Fayette County,0500000US54019,39987,0,16109,325,3246,365,1435,256,1811,295,12863,468,52672,3974,54,019,14185,748,874,246,793,215,12518,757,11045,624,458,151,1665,335,182,109,13,22,0,27,388,158,145,116,209,114,89,82,865,273,0,27,3563,369,1968,265,1595,295,12546,446,1278,277,11268,534
2019-2023,West Virginia,Gilmer County,0500000US54021,7376,0,2228,158,350,110,210,90,140,67,1878,142,50991,7374,54,021,1898,165,106,53,188,83,1604,176,1439,181,57,42,292,123,34,28,0,18,0,18,74,41,12,14,43,25,3,5,50,39,0,18,487,147,216,88,271,113,1741,196,134,64,1607,186
2019-2023,West Virginia,Grant County,0500000US54023,10972,0,4284,177,627,141,176,76,451,123,3657,200,61530,6818,54,023,4844,271,319,156,210,100,4315,317,3968,292,249,144,328,176,13,18,0,20,0,20,59,49,17,15,50,34,8,15,439,176,32,31,663,177,388,121,275,104,3621,210,239,76,3382,215
2019-2023,West Virginia,Greenbrier County,0500000US54025,32688,0,14710,458,2804,357,1280,256,1524,284,11906,522,48662,2746,54,025,12870,554,1557,449,1104,274,10209,535,10480,603,1253,400,1430,370,240,112,39,49,1,3,390,157,41,44,38,50,0,27,493,177,22,28,2599,385,1385,304,1214,241,12111,471,1419,279,10692,472
2019-2023,West Virginia,Hampshire County,0500000US54027,23340,0,8354,386,1337,291,599,165,738,227,7017,400,60299,5851,54,027,9106,529,546,187,177,83,8383,557,7738,581,378,160,477,177,62,64,0,24,0,24,270,190,23,28,38,33,0,24,583,250,83,78,1132,268,572,172,560,176,7222,426,765,244,6457,412
2019-2023,West Virginia,Hancock County,0500000US54029,28658,0,12891,298,2027,320,883,211,1144,259,10864,419,61017,3416,54,029,12483,472,748,242,714,209,11021,566,9695,578,545,206,1146,323,52,39,35,27,0,24,195,147,0,24,342,190,101,135,1070,233,50,46,2222,270,1116,226,1106,213,10669,374,911,237,9758,391
2019-2023,West Virginia,Hardy County,0500000US54031,14236,0,5909,248,1000,198,523,155,477,126,4909,304,49302,4486,54,031,6388,340,492,143,586,180,5310,368,4949,371,363,110,715,216,30,30,26,26,0,20,158,101,54,66,72,54,45,54,468,218,0,20,1091,209,553,152,538,172,4818,319,447,128,4371,318
2019-2023,West Virginia,Harrison County,0500000US54033,65407,0,26020,469,3560,484,1344,229,2216,414,22460,654,58326,1602,54,033,28533,839,1383,297,2017,403,25133,967,23444,911,744,173,1781,331,234,107,22,21,9,20,962,314,305,182,384,162,35,43,1940,375,56,37,3817,470,1854,359,1963,334,22203,589,1706,286,20497,632
2019-2023,West Virginia,Jackson County,0500000US54035,27753,0,11317,374,1961,376,824,221,1137,289,9356,488,55671,10088,54,035,10291,713,579,232,649,199,9063,757,8165,690,374,187,792,260,41,48,0,24,0,24,294,182,136,143,24,41,0,24,1016,327,28,42,2076,361,1167,325,909,215,9241,521,794,255,8447,492
2019-2023,West Virginia,Jefferson County,0500000US54037,58546,0,21978,257,1964,296,918,240,1046,211,20014,337,95523,4828,54,037,28213,791,1088,325,759,194,26366,797,20202,860,739,279,2345,410,85,71,171,80,16,31,503,136,76,44,523,226,75,57,4469,458,97,72,2437,366,748,177,1689,306,19541,405,1216,280,18325,397
2019-2023,West Virginia,Kanawha County,0500000US54039,178198,0,76806,830,12675,844,5613,604,7062,561,64131,1078,58887,1679,54,039,75907,1430,4710,680,4963,653,66234,1706,59232,1453,2941,534,6046,648,386,142,1296,436,394,227,2092,432,313,152,917,247,328,153,6324,642,348,103,11947,743,6940,687,5007,457,64859,948,5735,579,59124,1068
2019-2023,West Virginia,Lewis County,0500000US54041,16808,0,6940,237,1457,248,594,178,863,192,5483,259,52279,4156,54,041,6203,377,343,106,313,131,5547,403,4883,361,300,101,470,149,38,36,0,20,0,20,105,64,0,20,450,194,0,20,295,106,5,18,1546,233,860,163,686,194,5394,296,597,195,4797,290
2019-2023,West Virginia,Lincoln County,0500000US54043,20170,0,7811,325,1769,378,825,232,944,309,6042,541,48593,5338,54,043,6347,572,318,140,626,216,5403,537,5208,594,314,139,393,172,4,8,11,19,0,24,179,140,0,24,10,26,0,24,546,243,0,24,1891,316,973,274,918,247,5920,417,796,239,5124,481
2019-2023,West Virginia,Logan County,0500000US54045,31826,0,12396,313,2592,398,1386,272,1206,306,9804,477,47237,3529,54,045,9815,615,622,199,834,255,8359,623,8300,601,487,185,772,233,35,45,38,56,0,27,245,97,62,50,50,68,4,9,410,153,34,43,3468,455,1696,330,1772,388,8928,470,896,243,8032,486
2019-2023,West Virginia,McDowell County,0500000US54047,18413,0,6484,273,2093,310,1173,270,920,208,4391,336,29980,3986,54,047,3644,462,261,120,373,154,3010,441,2925,428,220,110,441,185,28,30,5,9,0,20,40,45,13,21,19,21,0,20,214,98,0,20,2350,314,1354,261,996,261,4134,356,739,216,3395,325
2019-2023,West Virginia,Marion County,0500000US54049,56042,0,22965,395,2931,285,1377,236,1554,226,20034,460,67537,3405,54,049,25160,647,1240,261,1674,355,22246,779,19062,726,850,203,2660,457,252,158,126,79,42,40,669,228,38,31,328,173,11,13,2315,394,47,42,3485,365,1501,264,1984,305,19480,509,1430,212,18050,520
2019-2023,West Virginia,Marshall County,0500000US54051,30129,0,12489,355,1968,320,989,296,979,241,10521,449,60329,5721,54,051,13073,516,865,251,999,286,11209,591,10783,496,602,186,1374,328,198,122,22,23,1,2,255,118,36,41,114,78,5,9,525,222,23,37,2493,357,1138,267,1355,280,9996,449,830,188,9166,476
2019-2023,West Virginia,Mason County,0500000US54053,25214,0,10281,343,1665,309,747,190,918,241,8616,388,53454,6445,54,053,9160,464,654,210,596,239,7910,585,7933,480,569,217,560,203,21,28,4,7,0,24,129,127,19,29,66,35,2,4,468,187,43,51,1826,315,854,217,972,248,8455,417,811,258,7644,421
2019-2023,West Virginia,Mercer County,0500000US54055,59062,0,24413,554,4719,583,2266,363,2453,425,19694,723,47799,3257,54,055,22340,1013,2009,389,1859,383,18472,1175,18580,1108,1373,324,1529,344,313,184,125,118,6,13,370,215,164,171,324,171,17,21,1412,334,136,97,5401,650,2354,426,3047,445,19012,792,2365,441,16647,762
2019-2023,West Virginia,Mineral County,0500000US54057,26922,0,10698,287,1724,338,724,212,1000,269,8974,405,68049,4701,54,057,11175,580,581,176,506,178,10088,603,8957,611,461,166,802,224,57,77,137,87,22,34,206,154,0,24,61,64,41,62,1012,291,0,24,1780,355,1009,279,771,219,8918,390,715,221,8203,404
2019-2023,West Virginia,Mingo County,0500000US54059,22979,0,9013,341,2962,401,1456,286,1506,356,6051,353,39527,4136,54,059,5719,512,567,185,416,181,4736,535,4471,495,442,160,750,255,125,99,0,24,0,24,178,86,0,24,36,41,0,24,284,162,0,24,3235,427,1776,348,1459,281,5778,447,1186,312,4592,390
2019-2023,West Virginia,Monongalia County,0500000US54061,106520,0,44361,602,8486,698,2471,498,6015,540,35875,637,62704,2119,54,061,52691,1208,6834,751,3173,483,42684,1139,38587,1304,4678,676,4332,555,620,262,654,243,346,185,2404,414,746,233,751,240,44,43,5963,779,400,186,4078,597,2173,443,1905,400,40283,763,6313,533,33970,695
2019-2023,West Virginia,Monroe County,0500000US54063,12401,0,4736,261,682,212,321,128,361,154,4054,248,54508,6456,54,063,4317,522,126,81,304,166,3887,534,3468,468,104,70,546,235,22,36,39,68,0,20,33,56,0,20,95,81,0,20,136,72,0,20,756,187,441,168,315,109,3980,259,241,116,3739,247
2019-2023,West Virginia,Morgan County,0500000US54065,17327,0,7211,274,842,176,371,110,471,137,6369,294,63805,6075,54,065,8054,325,314,105,559,165,7181,373,6451,418,250,100,762,247,23,33,13,20,0,20,120,70,21,26,85,59,0,20,623,195,20,26,878,221,298,101,580,194,6333,357,544,137,5789,344
2019-2023,West Virginia,Nicholas County,0500000US54067,24446,0,9595,358,1684,335,725,175,959,289,7911,398,49280,5012,54,067,8553,559,524,233,555,209,7474,598,7244,569,392,187,694,189,34,41,115,116,84,113,88,91,14,19,87,64,0,24,325,161,0,24,2081,349,946,217,1135,267,7514,436,738,250,6776,447
2019-2023,West Virginia,Ohio County,0500000US54069,41904,0,18132,346,3238,395,1087,209,2151,339,14894,395,57867,3233,54,069,17438,507,1119,252,1113,220,15206,598,14018,543,803,217,1182,242,70,42,281,104,94,59,535,144,99,53,197,108,35,38,1225,226,18,25,3203,363,1675,300,1528,287,14929,391,1563,270,13366,458
2019-2023,West Virginia,Pendleton County,0500000US54071,6111,0,2299,151,333,88,144,63,189,68,1966,163,61738,10372,54,071,2416,208,160,68,87,53,2169,228,2044,233,143,64,119,51,17,24,0,18,0,18,56,43,0,18,10,17,0,18,187,72,0,18,352,88,168,69,184,68,1947,161,165,61,1782,149
2019-2023,West Virginia,Pleasants County,0500000US54073,7572,0,2779,137,355,99,118,65,237,77,2424,167,61038,4684,54,073,3126,222,93,46,252,109,2781,230,2555,238,83,44,219,107,0,18,0,18,0,18,26,25,0,18,0,18,0,18,326,129,10,18,400,98,157,65,243,89,2379,130,198,68,2181,144
2019-2023,West Virginia,Pocahontas County,0500000US54075,7855,0,3092,185,634,127,261,96,373,106,2458,203,41200,3062,54,075,2399,267,191,90,271,137,1937,249,1864,237,160,94,259,98,16,21,0,18,0,18,45,39,11,16,85,56,0,18,146,78,4,8,675,127,301,103,374,97,2417,195,333,85,2084,186
2019-2023,West Virginia,Preston County,0500000US54077,34204,0,12797,269,1952,276,827,174,1125,245,10845,366,61373,3859,54,077,13280,546,697,195,828,215,11755,600,10069,526,510,173,1984,333,104,65,7,9,2,5,227,99,48,49,35,29,0,27,958,220,33,30,2308,248,1215,203,1093,196,10489,333,737,172,9752,379
2019-2023,West Virginia,Putnam County,0500000US54079,57250,0,22765,377,2402,384,1190,292,1212,235,20363,502,77871,7121,54,079,26122,768,968,258,1365,360,23789,902,21351,843,827,262,2101,528,78,74,35,42,0,30,206,123,53,49,98,70,5,23,2331,463,5,9,2764,448,1498,312,1266,283,20001,492,904,202,19097,561
2019-2023,West Virginia,Raleigh County,0500000US54081,73666,0,29062,559,6303,853,3117,630,3186,548,22759,885,52055,4609,54,081,26632,1201,2262,495,1998,442,22372,1264,22326,1291,1895,460,1992,448,203,105,4,9,0,30,223,104,41,41,321,143,99,101,1766,409,24,26,5545,588,3066,549,2479,406,23517,750,3237,593,20280,869
2019-2023,West Virginia,Randolph County,0500000US54083,27782,0,10385,364,1929,249,690,154,1239,231,8456,435,55057,4290,54,083,10517,608,721,206,692,250,9104,624,8064,572,483,161,919,276,110,93,0,24,0,24,225,108,30,31,588,250,80,78,721,250,18,30,1567,221,848,158,719,158,8818,382,1081,209,7737,426
2019-2023,West Virginia,Ritchie County,0500000US54085,8372,0,3327,160,712,125,375,83,337,92,2615,162,50256,5151,54,085,2917,238,220,70,168,70,2529,257,2295,253,177,63,316,150,35,31,0,18,0,18,58,46,4,7,17,19,4,10,231,104,0,18,550,95,270,68,280,76,2777,168,442,115,2335,160
2019-2023,West Virginia,Roane County,0500000US54087,13921,0,5533,230,1126,198,536,132,590,138,4407,293,45194,3146,54,087,4259,325,347,109,341,127,3571,323,3291,313,298,103,534,193,5,8,0,20,0,20,96,52,21,24,0,20,0,20,338,142,23,27,1230,197,728,162,502,141,4303,257,398,111,3905,274
2019-2023,West Virginia,Summers County,0500000US54089,11833,0,4813,265,911,183,426,147,485,136,3902,256,42544,6683,54,089,3277,372,200,108,350,172,2727,370,2692,326,139,86,185,98,4,11,0,20,0,20,145,133,25,32,37,45,13,21,218,110,19,31,1337,207,728,180,609,142,3476,297,183,84,3293,291
2019-2023,West Virginia,Taylor County,0500000US54091,16543,0,6632,213,985,240,403,153,582,209,5647,258,56807,6695,54,091,6310,442,433,213,564,194,5313,522,4848,468,341,174,924,256,75,74,0,20,0,20,61,56,17,31,86,80,0,20,391,184,0,20,1277,247,627,171,650,213,5355,266,358,198,4997,305
2019-2023,West Virginia,Tucker County,0500000US54093,6698,0,2855,172,415,111,158,54,257,85,2440,180,53475,6649,54,093,2906,172,153,55,142,66,2611,189,2074,218,86,40,404,144,28,29,14,13,9,11,103,44,17,17,0,18,0,18,311,100,13,12,350,100,182,69,168,69,2505,178,233,77,2272,182
2019-2023,West Virginia,Tyler County,0500000US54095,8181,0,3151,154,583,132,210,71,373,115,2568,175,58293,5523,54,095,2805,221,212,93,154,72,2439,227,2365,214,142,82,244,122,15,13,1,3,1,3,94,55,23,23,38,51,31,51,63,42,0,18,550,101,275,77,275,84,2601,181,308,96,2293,183
2019-2023,West Virginia,Upshur County,0500000US54097,23758,0,9588,294,2066,320,867,196,1199,270,7522,371,51859,2859,54,097,8676,520,622,209,584,213,7470,560,7148,532,472,180,292,117,12,18,0,24,0,24,120,108,19,22,286,146,63,80,830,279,56,66,1737,242,974,196,763,187,7851,324,1092,276,6759,371
2019-2023,West Virginia,Wayne County,0500000US54099,38498,0,15550,349,2538,352,1330,297,1208,281,13012,378,55539,3796,54,099,14369,645,770,354,1465,563,12134,797,11520,684,608,341,1185,365,69,47,76,71,0,27,805,455,11,23,229,110,48,45,554,203,34,52,3226,367,1367,235,1859,298,12324,382,1171,288,11153,418
2019-2023,West Virginia,Webster County,0500000US54101,8253,0,2838,201,724,168,357,121,367,102,2114,219,42061,5457,54,101,2441,238,162,95,174,112,2105,247,2002,230,140,91,247,87,6,10,0,18,0,18,88,56,10,11,38,28,0,18,66,43,6,9,911,144,544,143,367,120,1927,167,180,71,1747,162
2019-2023,West Virginia,Wetzel County,0500000US54103,14233,0,5925,187,989,184,393,115,596,152,4936,218,53341,3603,54,103,4975,344,350,119,374,142,4251,361,4129,335,254,110,387,161,29,28,5,11,5,11,194,98,38,46,148,80,1,3,112,53,23,32,1073,190,433,120,640,155,4852,236,556,157,4296,240
2019-2023,West Virginia,Wirt County,0500000US54105,5131,0,2071,132,360,95,205,74,155,79,1711,134,54688,9347,54,105,1922,150,94,66,48,39,1780,162,1479,179,43,30,201,115,51,60,0,18,0,18,22,27,0,18,30,45,0,18,190,89,0,18,432,116,250,82,182,95,1639,139,110,57,1529,140
2019-2023,West Virginia,Wood County,0500000US54107,83829,0,35706,574,5379,533,2225,322,3154,435,30327,729,56193,2976,54,107,35196,936,2668,406,2658,429,29870,1183,27970,868,1703,324,2903,534,483,200,230,102,51,46,683,185,180,83,363,161,78,57,3047,392,173,96,6257,530,3256,422,3001,382,29449,764,2123,337,27326,781
2019-2023,West Virginia,Wyoming County,0500000US54109,20948,0,7926,308,1843,350,1029,257,814,232,6083,458,48038,4325,54,109,6277,549,460,167,454,211,5363,615,5558,572,357,155,290,135,32,34,39,51,0,24,91,87,38,64,71,57,0,24,228,102,33,36,1644,309,889,269,755,211,6282,416,954,261,5328,452
2019-2023,Wisconsin,Adams County,0500000US55001,20928,0,9351,261,1170,123,425,86,745,94,8181,256,59153,3270,55,001,8226,290,459,86,416,87,7351,313,6510,281,358,79,729,118,38,21,13,17,2,9,105,44,23,19,106,41,5,6,763,134,33,23,1361,128,569,92,792,97,7990,241,601,87,7389,240
2019-2023,Wisconsin,Ashland County,0500000US55003,16050,0,6847,175,1333,182,333,83,1000,156,5514,254,57645,4291,55,003,7183,270,586,188,421,107,6176,302,5435,294,302,142,592,132,7,6,126,77,81,69,316,115,76,86,146,52,63,44,568,125,57,50,1087,180,630,160,457,74,5760,245,703,155,5057,260
2019-2023,Wisconsin,Barron County,0500000US55005,46741,0,19613,274,2001,222,797,123,1204,192,17612,278,64619,2076,55,005,22451,430,1243,175,1338,214,19870,524,17007,484,942,194,2599,357,149,66,16,16,0,21,774,179,84,40,211,52,23,15,1844,201,45,18,2201,251,849,162,1352,212,17412,327,1152,158,16260,311
2019-2023,Wisconsin,Bayfield County,0500000US55007,16410,0,7462,220,676,78,269,58,407,49,6786,206,69609,2612,55,007,7161,178,385,78,407,93,6369,209,5138,176,226,58,688,103,42,27,73,24,8,7,244,67,56,28,81,26,2,3,937,101,51,26,867,100,310,66,557,81,6595,226,366,50,6229,226
2019-2023,Wisconsin,Brown County,0500000US55009,269425,0,110248,640,11226,822,4075,518,7151,660,99022,872,77490,1375,55,009,137951,1475,6799,742,6404,801,124748,1791,108871,1782,4809,590,10955,885,1010,272,646,240,188,117,1579,309,234,149,1447,283,143,78,14453,1015,415,153,11201,934,4432,557,6769,741,99047,1014,6794,715,92253,1150
2019-2023,Wisconsin,Buffalo County,0500000US55011,13341,0,5692,106,608,86,256,64,352,73,5084,131,68722,5361,55,011,6671,146,226,52,284,72,6161,167,5303,185,155,53,368,73,25,23,6,6,0,16,264,58,7,7,102,43,4,4,628,85,35,20,575,109,269,87,306,75,5117,138,339,62,4778,130
2019-2023,Wisconsin,Burnett County,0500000US55013,16741,0,7087,186,1028,100,374,64,654,100,6059,175,61664,2570,55,013,6762,179,355,75,352,75,6055,215,5189,173,290,61,472,81,10,7,72,47,5,7,186,50,5,6,97,43,28,32,746,87,17,11,894,112,474,76,420,80,6193,173,554,87,5639,175
2019-2023,Wisconsin,Calumet County,0500000US55015,52626,0,20975,262,1303,258,711,227,592,155,19672,353,87700,2708,55,015,28506,579,629,208,886,210,26991,656,22677,709,449,176,1620,267,51,50,65,54,48,51,358,125,69,79,253,118,2,4,3533,398,10,12,1341,203,424,113,917,172,19634,316,879,234,18755,378
2019-2023,Wisconsin,Chippewa County,0500000US55017,66558,0,26567,336,2487,374,980,226,1507,261,24080,489,74009,2884,55,017,32686,685,1566,360,1637,275,29483,816,25021,751,1014,282,2862,380,273,137,26,28,0,23,727,229,63,49,610,194,128,86,3440,380,88,42,2830,387,1180,313,1650,240,23737,516,1307,236,22430,520
2019-2023,Wisconsin,Clark County,0500000US55019,34736,0,12692,187,1357,137,640,83,717,105,11335,198,66250,1331,55,019,15731,243,886,107,979,122,13866,281,10907,302,471,77,1506,140,60,23,2,3,0,21,903,108,129,42,533,79,48,30,1880,153,178,54,1355,130,545,75,810,115,11337,224,812,108,10525,211
2019-2023,Wisconsin,Columbia County,0500000US55021,58322,0,24231,323,1846,231,823,181,1023,184,22385,344,82792,2876,55,021,29865,492,1012,219,1153,190,27700,503,23256,533,758,184,2199,282,44,29,40,35,7,7,681,164,39,29,308,110,98,91,3381,379,66,31,2116,266,760,181,1356,194,22115,390,1086,182,21029,368
2019-2023,Wisconsin,Crawford County,0500000US55023,16064,0,6665,150,845,134,335,73,510,110,5820,183,63496,4775,55,023,6864,179,446,94,453,102,5965,224,5220,207,259,79,829,160,35,20,55,41,21,29,208,60,18,16,142,60,49,45,410,84,64,50,687,105,307,62,380,83,5978,184,538,118,5440,200
2019-2023,Wisconsin,Dane County,0500000US55025,564777,0,245736,906,25190,1159,6416,777,18774,972,220546,1437,88108,1559,55,025,312297,2661,20805,1328,11805,971,279687,2794,205152,2827,9472,902,18132,1341,1484,450,9458,912,1768,363,14901,1123,4706,661,9122,950,1148,406,55532,1863,2227,385,18424,1078,6878,734,11546,938,227312,1483,18312,882,209000,1640
2019-2023,Wisconsin,Dodge County,0500000US55027,88818,0,35723,336,2810,296,1175,199,1635,213,32913,414,73992,1815,55,027,45686,649,1685,282,1890,397,42111,756,36857,788,1264,256,3553,433,208,116,15,10,3,4,1322,243,40,34,475,119,49,33,3464,398,121,57,3454,376,1017,201,2437,322,32269,513,1793,245,30476,510
2019-2023,Wisconsin,Door County,0500000US55029,30279,0,14377,352,1324,232,490,161,834,178,13053,386,71785,3032,55,029,14354,435,613,156,614,151,13127,448,10834,419,407,131,1017,196,91,65,37,27,0,21,536,143,42,34,189,84,17,20,1741,211,56,34,1152,243,524,174,628,168,13225,375,800,153,12425,406
2019-2023,Wisconsin,Douglas County,0500000US55031,44197,0,18947,252,2100,247,605,128,1495,251,16847,334,72579,3418,55,031,21553,459,1188,238,1008,207,19357,498,16542,528,853,181,2300,352,143,102,190,104,2,7,767,177,132,86,128,56,5,8,1626,207,53,39,2214,277,1044,202,1170,216,16733,388,1056,173,15677,398
2019-2023,Wisconsin,Dunn County,0500000US55033,45349,0,17369,230,2038,290,584,145,1454,236,15331,318,71785,2721,55,033,22532,571,1445,331,1245,271,19842,647,18108,595,1081,238,1352,209,61,41,35,18,2,6,891,167,193,122,170,65,10,12,1976,219,98,72,2017,292,761,166,1256,263,15352,350,1277,243,14075,387
2019-2023,Wisconsin,Eau Claire County,0500000US55035,106328,0,43261,422,4694,525,1274,291,3420,488,38567,599,71834,2447,55,035,55790,768,5152,618,2454,355,48184,919,43442,1032,4012,519,3564,374,485,205,427,213,138,95,1218,277,318,158,813,214,114,55,6326,533,85,70,4306,580,1597,317,2709,495,38955,609,3097,440,35858,692
2019-2023,Wisconsin,Florence County,0500000US55037,4617,0,2110,99,201,60,72,28,129,55,1909,108,62786,7022,55,037,1915,108,56,21,43,21,1816,105,1612,99,40,17,81,33,12,11,3,5,0,10,29,20,2,3,0,10,0,10,190,57,2,3,234,67,99,34,135,59,1876,113,102,53,1774,115
2019-2023,Wisconsin,Fond du Lac County,0500000US55039,104053,0,43016,415,3909,469,1333,304,2576,375,39107,566,73154,2698,55,039,51798,976,1843,363,2098,386,47857,1137,41343,931,1365,317,4463,536,153,81,59,55,11,19,958,241,112,81,755,211,55,71,4220,484,147,110,3770,471,1819,387,1951,333,39246,597,2090,390,37156,616
2019-2023,Wisconsin,Forest County,0500000US55041,9261,0,3952,129,551,85,238,49,313,64,3401,112,59727,4463,55,041,3706,130,324,79,263,57,3119,124,2934,159,243,81,354,63,18,11,18,35,0,14,117,39,41,28,43,29,15,17,240,42,7,10,589,68,267,52,322,47,3363,124,284,61,3079,120
2019-2023,Wisconsin,Grant County,0500000US55043,51678,0,19913,253,2397,265,874,145,1523,218,17516,289,64349,1798,55,043,24388,526,1989,273,1689,235,20710,478,18707,469,1347,246,1515,226,119,47,63,41,14,13,1282,218,359,124,543,149,37,24,2278,272,113,42,2049,225,742,153,1307,179,17864,339,1655,244,16209,319
2019-2023,Wisconsin,Green County,0500000US55045,37036,0,15609,203,1166,212,294,83,872,203,14443,258,80248,2773,55,045,19390,370,523,181,751,144,18116,395,15628,501,433,168,1218,257,33,35,9,12,3,5,419,105,18,16,143,43,8,7,1973,220,28,17,1274,178,410,117,864,135,14335,241,756,176,13579,267
2019-2023,Wisconsin,Green Lake County,0500000US55047,19165,0,8143,164,900,143,446,98,454,105,7243,205,66917,2569,55,047,8588,295,336,76,463,134,7789,271,6570,290,179,53,643,121,33,25,40,22,16,3,295,96,41,27,105,34,20,25,935,163,47,32,955,153,400,101,555,121,7188,197,500,97,6688,202
2019-2023,Wisconsin,Iowa County,0500000US55049,23832,0,9951,148,1006,173,207,43,799,169,8945,221,83372,3832,55,049,12528,286,416,115,469,166,11643,283,9413,320,293,95,811,135,29,21,17,21,8,13,370,84,35,31,192,84,5,6,1725,204,46,20,797,143,338,107,459,107,9154,183,668,149,8486,222
2019-2023,Wisconsin,Iron County,0500000US55051,6164,0,2949,130,322,51,115,39,207,38,2627,143,59058,4004,55,051,2671,96,215,57,125,35,2331,104,2172,113,180,55,247,47,17,12,1,2,0,14,50,26,0,14,52,28,11,12,149,34,7,5,404,70,169,38,235,50,2545,147,153,42,2392,148
2019-2023,Wisconsin,Jackson County,0500000US55053,20971,0,8198,134,1074,143,349,67,725,131,7124,186,65508,2821,55,053,9031,252,421,75,508,110,8102,267,7092,278,268,62,842,155,87,33,2,4,1,2,286,81,21,13,145,64,17,25,664,79,27,15,1145,151,518,110,627,129,7053,192,556,115,6497,200
2019-2023,Wisconsin,Jefferson County,0500000US55055,85867,0,34455,397,3114,480,1291,206,1823,439,31341,577,80604,3319,55,055,44525,808,1527,350,1504,325,41494,846,34817,806,1059,308,3662,560,122,69,159,110,20,31,1031,296,108,76,780,241,161,89,4076,507,57,39,3023,317,1093,183,1930,277,31432,473,2021,445,29411,608
2019-2023,Wisconsin,Juneau County,0500000US55057,26695,0,10793,235,1336,160,571,120,765,131,9457,277,65150,2348,55,057,11656,393,717,172,669,142,10270,344,9460,345,405,108,921,126,83,40,23,14,0,18,363,137,145,84,239,70,30,37,650,106,54,25,1562,143,654,113,908,118,9231,231,682,141,8549,250
2019-2023,Wisconsin,Kenosha County,0500000US55059,168413,0,67631,591,7229,601,3362,458,3867,469,60402,851,79412,2215,55,059,84272,1304,4166,773,3756,545,76350,1407,67745,1261,3369,706,5936,709,354,165,585,177,137,99,910,224,83,67,1266,359,86,91,7830,604,137,79,8279,562,3394,429,4885,465,59352,810,3835,475,55517,840
2019-2023,Wisconsin,Kewaunee County,0500000US55061,20621,0,8299,156,682,122,239,67,443,98,7617,185,80085,3191,55,061,10544,255,264,78,341,93,9939,274,8408,275,174,49,779,163,43,25,26,17,0,18,259,69,3,4,49,24,3,4,1023,166,41,47,468,103,165,56,303,107,7831,181,517,114,7314,191
2019-2023,Wisconsin,La Crosse County,0500000US55063,120262,0,50543,522,6286,663,1344,301,4942,550,44257,721,70704,2221,55,063,61913,932,5682,552,3044,390,53187,1143,47348,1115,4085,446,4354,480,437,169,519,215,111,68,2041,335,660,187,1178,255,163,111,6473,644,226,102,4438,409,1901,410,2537,366,46105,644,4385,586,41720,692
2019-2023,Wisconsin,Lafayette County,0500000US55065,16788,0,6684,93,707,85,312,73,395,57,5977,111,72091,2658,55,065,8252,202,393,64,491,85,7368,210,6178,213,226,41,605,94,59,28,4,4,0,16,328,55,21,16,124,40,5,8,1013,120,82,48,641,88,252,56,389,72,6043,120,455,70,5588,122
2019-2023,Wisconsin,Langlade County,0500000US55067,19473,0,8606,266,1230,248,445,155,785,196,7376,296,57258,5517,55,067,8939,310,488,146,464,161,7987,377,7474,318,420,132,519,97,42,44,27,27,0,16,345,122,12,9,56,21,2,3,518,109,12,9,1089,181,535,156,554,125,7517,330,695,218,6822,312
2019-2023,Wisconsin,Lincoln County,0500000US55069,28403,0,12578,218,1437,232,529,160,908,178,11141,284,67726,5818,55,069,13324,386,618,180,665,186,12041,418,10622,367,428,134,809,141,37,33,31,46,24,46,235,99,25,28,133,71,2,3,1494,244,102,107,1456,204,723,181,733,128,11122,284,714,155,10408,309
2019-2023,Wisconsin,Manitowoc County,0500000US55071,81314,0,35033,426,3612,418,1385,236,2227,365,31421,578,68611,2393,55,071,39831,711,1747,271,1568,322,36516,821,32308,790,1391,275,2673,358,206,92,205,111,7,8,1336,276,65,41,396,98,33,31,2913,316,45,25,3630,396,1550,295,2080,338,31403,570,2062,290,29341,651
2019-2023,Wisconsin,Marathon County,0500000US55073,138067,0,56873,432,4908,409,1975,257,2933,345,51965,504,76185,2620,55,073,71111,768,3167,419,2755,376,65189,1074,54379,1025,1956,264,5976,617,599,202,209,93,46,55,1321,232,244,166,923,241,63,45,8303,604,259,146,5305,481,2072,338,3233,408,51568,606,2836,289,48732,598
2019-2023,Wisconsin,Marinette County,0500000US55075,41907,0,18640,315,1946,262,725,183,1221,201,16694,344,63401,3310,55,075,18917,502,866,171,1075,250,16976,456,15364,474,493,111,1386,217,78,59,35,28,21,22,463,139,51,38,409,165,101,88,1260,219,122,61,2078,272,843,167,1235,211,16562,385,1103,189,15459,373
2019-2023,Wisconsin,Marquette County,0500000US55077,15706,0,6881,159,732,89,299,49,433,75,6149,160,63471,3230,55,077,6859,220,391,81,437,82,6031,241,5462,176,273,68,540,86,45,23,0,16,0,16,167,55,35,37,67,29,3,4,623,95,35,17,812,102,306,68,506,77,6069,165,426,64,5643,169
2019-2023,Wisconsin,Menominee County,0500000US55078,4256,0,1336,104,219,65,199,66,20,15,1117,101,59528,5877,55,078,1352,127,103,50,118,56,1131,133,1129,142,86,44,45,35,4,6,11,10,0,10,38,28,13,13,18,17,0,10,111,45,0,10,301,82,138,66,163,48,1035,100,81,36,954,92
2019-2023,Wisconsin,Milwaukee County,0500000US55079,927656,0,389046,1550,64603,1664,26984,1466,37619,1412,324443,2116,62118,904,55,079,440895,2970,32632,1481,29868,1636,378395,3366,313732,3364,19909,1294,37049,1775,3109,369,16241,1016,3386,503,11773,798,2514,412,6312,610,987,323,55788,1822,2727,403,78474,2067,34467,1278,44007,1642,310572,2393,30136,1295,280436,2538
2019-2023,Wisconsin,Monroe County,0500000US55081,46169,0,18279,275,2010,311,1006,205,1004,191,16269,406,68213,2864,55,081,21410,524,1013,261,1680,272,18717,579,16769,540,739,240,1814,290,60,46,13,15,0,21,525,154,57,25,524,140,41,27,1765,239,116,46,2596,324,957,223,1639,282,15683,401,1053,222,14630,432
2019-2023,Wisconsin,Oconto County,0500000US55083,39329,0,16618,229,1537,211,614,128,923,159,15081,286,75886,2347,55,083,19159,394,707,151,712,152,17740,401,15191,474,500,128,1358,232,43,27,21,17,4,5,319,109,61,67,221,89,8,8,2049,254,91,48,1411,193,578,129,833,156,15207,303,959,159,14248,321
2019-2023,Wisconsin,Oneida County,0500000US55085,38007,0,16772,545,1541,202,451,122,1090,166,15231,555,69621,2552,55,085,17035,493,862,239,852,193,15321,514,13334,546,636,206,1538,255,155,100,9,12,0,21,401,157,2,3,308,128,3,5,1445,228,66,56,1130,183,370,109,760,142,15642,544,1171,184,14471,537
2019-2023,Wisconsin,Outagamie County,0500000US55087,191537,0,77239,383,5366,505,2096,288,3270,451,71873,620,82857,1727,55,087,100811,1063,3382,482,3764,506,93665,1179,79982,1192,2372,396,7271,644,441,199,384,156,73,49,1635,296,126,74,1289,233,173,130,10250,751,197,107,5548,523,2111,297,3437,515,71691,621,3255,406,68436,654
2019-2023,Wisconsin,Ozaukee County,0500000US55089,92345,0,37766,318,2201,364,733,228,1468,274,35565,520,96734,3801,55,089,47507,898,963,290,1361,391,45183,1067,36174,882,632,223,2844,455,114,86,146,106,46,65,552,160,48,44,513,177,20,29,7278,699,103,63,1753,282,615,197,1138,242,36013,431,1586,309,34427,556
2019-2023,Wisconsin,Pepin County,0500000US55091,7372,0,3050,67,202,41,107,31,95,28,2848,79,74536,5244,55,091,3470,119,105,31,100,33,3265,127,2618,139,70,24,193,44,10,12,3,4,0,14,94,40,1,2,92,46,8,9,470,67,16,14,264,59,77,25,187,59,2786,88,125,32,2661,87
2019-2023,Wisconsin,Pierce County,0500000US55093,42351,0,15765,313,1264,201,376,114,888,158,14501,335,88802,5333,55,093,21205,476,1662,303,930,222,18613,495,16225,522,1105,260,1636,233,255,116,17,17,0,21,548,144,164,109,181,74,24,29,2598,249,114,75,847,194,333,111,514,175,14918,352,931,171,13987,379
2019-2023,Wisconsin,Polk County,0500000US55095,45327,0,18829,333,1679,186,695,112,984,126,17150,334,76208,1997,55,095,21827,339,858,115,658,121,20311,382,17253,362,521,90,1611,194,93,33,13,10,0,21,486,124,48,27,199,69,24,21,2265,230,172,68,1704,156,709,124,995,118,17125,341,970,128,16155,325
2019-2023,Wisconsin,Portage County,0500000US55097,70375,0,29636,260,3301,274,906,167,2395,277,26335,363,73284,2229,55,097,35787,679,2601,322,2048,320,31138,733,26952,816,1861,254,2951,388,345,138,134,74,49,46,909,198,240,150,643,143,40,34,4198,360,66,37,2283,279,962,206,1321,210,27353,373,2339,286,25014,435
2019-2023,Wisconsin,Price County,0500000US55099,14077,0,6567,166,733,90,322,59,411,73,5834,163,58720,1607,55,099,5983,176,351,69,365,56,5267,188,4722,203,276,62,571,91,32,13,1,2,0,16,201,56,18,13,68,23,2,4,420,80,23,13,822,88,353,62,469,73,5745,176,380,68,5365,177
2019-2023,Wisconsin,Racine County,0500000US55101,196888,0,79109,661,8141,682,3636,539,4505,466,70968,836,75331,1810,55,101,94049,1303,4307,824,4237,642,85505,1573,73746,1355,2530,519,8101,736,713,252,873,237,371,197,898,247,56,46,2063,511,448,358,8368,766,189,106,9633,598,4234,532,5399,530,69476,928,3907,521,65569,887
2019-2023,Wisconsin,Richland County,0500000US55103,17229,0,7119,180,919,151,394,92,525,116,6200,203,62649,2989,55,103,7829,294,458,138,303,80,7068,300,6167,301,223,66,693,155,119,76,13,15,10,14,197,64,9,8,113,54,56,51,646,132,41,28,902,139,449,107,453,105,6217,169,470,99,5747,177
2019-2023,Wisconsin,Rock County,0500000US55105,163944,0,66652,539,6540,561,2836,362,3704,467,60112,693,74390,2111,55,105,80053,1017,3446,429,4023,695,72584,1215,64526,1321,2342,336,6595,743,710,217,363,172,72,69,1169,225,121,64,888,190,61,54,6512,595,140,76,8565,598,3032,347,5533,582,58087,798,3508,395,54579,832
2019-2023,Wisconsin,Rusk County,0500000US55107,14146,0,6259,145,774,103,311,76,463,75,5485,150,58322,2525,55,107,5967,203,338,71,451,79,5178,212,4748,209,272,67,514,103,18,12,20,17,0,16,88,30,18,18,56,20,0,16,541,101,30,20,1000,149,411,87,589,116,5259,168,363,56,4896,164
2019-2023,Wisconsin,St. Croix County,0500000US55109,94819,0,36729,354,2460,394,1254,311,1206,266,34269,527,102482,3390,55,109,50559,744,1708,372,1263,332,47588,921,38387,902,1343,348,3547,565,123,83,108,68,18,16,683,233,83,64,623,174,16,26,7211,560,125,105,1966,346,684,157,1282,283,34763,545,1776,373,32987,645
2019-2023,Wisconsin,Sauk County,0500000US55111,65759,0,27425,374,2248,276,1061,187,1187,221,25177,440,77648,1981,55,111,33807,549,1458,226,1580,307,30769,603,26510,708,1016,179,2927,402,147,64,37,25,2,5,850,187,85,46,650,137,64,40,2833,303,144,81,2453,295,971,184,1482,226,24972,463,1277,242,23695,454
2019-2023,Wisconsin,Sawyer County,0500000US55113,18243,0,8522,281,1329,160,654,158,675,130,7193,281,59055,2989,55,113,7681,268,620,151,459,93,6602,286,5409,263,444,124,995,155,108,71,104,47,10,10,151,57,4,5,160,55,19,23,862,102,35,17,1179,127,554,110,625,88,7343,257,775,111,6568,269
2019-2023,Wisconsin,Shawano County,0500000US55115,40927,0,16881,284,2041,235,1048,184,993,194,14840,364,67032,2497,55,115,19363,347,1170,202,907,181,17286,451,15436,368,663,135,1176,147,119,57,12,10,2,3,567,121,76,59,401,141,147,56,1771,190,163,86,1656,221,881,187,775,111,15225,345,1160,173,14065,368
2019-2023,Wisconsin,Sheboygan County,0500000US55117,117783,0,49426,387,4127,448,1469,240,2658,363,45299,564,71898,2647,55,117,59852,979,2634,453,2025,356,55193,1139,46820,1095,1663,318,5003,648,589,296,164,72,62,47,993,200,161,93,1019,221,62,49,5853,586,97,51,4460,421,1615,255,2845,351,44966,591,2512,382,42454,659
2019-2023,Wisconsin,Taylor County,0500000US55119,19972,0,7943,137,815,144,288,47,527,133,7128,195,63142,2760,55,119,9628,204,439,103,477,88,8712,240,7104,286,236,62,1140,177,80,36,28,26,16,24,287,66,17,10,150,41,4,4,919,140,86,66,746,139,232,69,514,118,7197,185,583,133,6614,202
2019-2023,Wisconsin,Trempealeau County,0500000US55121,30786,0,12448,169,1164,159,386,68,778,142,11284,226,71295,3302,55,121,15148,262,679,148,732,130,13737,265,12091,308,391,101,1102,153,89,39,3,6,0,21,415,130,125,103,145,51,10,13,1392,169,64,34,1149,142,399,81,750,120,11299,197,765,141,10534,242
2019-2023,Wisconsin,Vernon County,0500000US55123,30915,0,12186,198,1542,176,642,91,900,159,10644,234,69556,2122,55,123,13651,286,647,109,443,103,12561,309,10136,315,372,84,1143,155,55,33,91,48,40,39,469,96,62,25,282,70,56,34,1530,155,62,28,965,133,458,96,507,106,11221,210,1084,150,10137,236
2019-2023,Wisconsin,Vilas County,0500000US55125,23410,0,10873,319,1179,161,499,107,680,136,9694,317,67132,4280,55,125,10192,330,482,122,487,122,9223,351,7923,350,370,114,608,128,14,17,21,27,5,7,383,139,35,28,156,71,12,12,1101,159,46,33,1058,157,477,115,581,102,9815,320,702,110,9113,321
2019-2023,Wisconsin,Walworth County,0500000US55127,105447,0,42425,567,4454,385,1255,226,3199,315,37971,592,77359,2434,55,127,52977,858,3446,398,2578,407,46953,1063,41032,1029,2455,323,4523,510,470,294,96,45,3,5,1424,332,257,159,720,235,79,60,5182,509,182,78,3122,371,1157,270,1965,233,39303,631,3297,391,36006,634
2019-2023,Wisconsin,Washburn County,0500000US55129,16749,0,7529,164,881,111,317,55,564,93,6648,165,61270,2878,55,129,7175,175,396,79,483,91,6296,186,5474,196,294,72,647,93,32,15,18,14,0,16,102,33,11,9,85,35,19,18,849,132,40,35,870,98,374,64,496,86,6659,158,507,87,6152,156
2019-2023,Wisconsin,Washington County,0500000US55131,137320,0,56482,364,3254,413,1379,286,1875,330,53228,573,95851,2049,55,131,74159,1054,1650,337,1846,412,70663,1218,58899,1368,1181,282,4486,612,254,106,148,71,17,27,709,211,31,36,697,195,78,62,9220,691,89,72,2633,391,985,234,1648,307,53849,511,2269,359,51580,608
2019-2023,Wisconsin,Waukesha County,0500000US55133,409040,0,166790,685,9471,694,3945,479,5526,526,157319,1048,104100,1579,55,133,214789,1722,4753,589,4482,618,205554,1940,166859,2066,3323,510,10957,864,588,193,510,135,41,26,1951,313,202,117,1717,398,67,53,32795,1395,532,159,7451,554,2776,402,4675,433,159339,870,6695,551,152644,1134
2019-2023,Wisconsin,Waupaca County,0500000US55135,51714,0,22394,355,2518,332,972,177,1546,282,19876,432,71189,2790,55,135,24946,478,823,191,887,212,23236,560,20403,503,638,149,1582,273,36,19,19,17,3,9,741,155,12,9,332,115,35,23,1869,238,99,115,2017,239,910,205,1107,151,20377,417,1608,253,18769,439
2019-2023,Wisconsin,Waushara County,0500000US55137,24752,0,10333,186,1213,144,513,93,700,122,9120,179,64968,2271,55,137,10648,224,626,106,405,77,9617,247,8581,249,393,76,802,111,114,50,37,28,16,26,246,73,28,17,193,60,24,19,789,90,51,28,1341,171,614,115,727,113,8992,209,599,94,8393,185
2019-2023,Wisconsin,Winnebago County,0500000US55139,171357,0,71958,469,6889,572,2182,297,4707,455,65069,713,72873,1743,55,139,88410,1037,5837,559,4355,620,78218,1179,69279,1201,4605,515,6786,627,579,166,499,247,78,62,1416,329,249,124,1217,295,117,91,9213,596,209,103,6631,552,2414,329,4217,455,65327,707,4475,469,60852,769
2019-2023,Wisconsin,Wood County,0500000US55141,74039,0,31942,411,3459,392,1344,242,2115,308,28483,549,66417,2136,55,141,34743,768,1622,267,1581,294,31540,839,27224,797,1097,216,2968,373,183,90,44,49,32,47,733,181,78,47,609,158,71,59,3165,330,161,61,4234,462,1705,304,2529,383,27708,605,1754,261,25954,632
2019-2023,Wyoming,Albany County,0500000US56001,37713,0,16609,349,3440,467,575,158,2865,464,13169,485,59881,6537,56,001,19743,688,3258,481,1733,332,14752,708,13524,632,2128,373,1641,375,335,201,298,167,181,152,1641,351,202,162,969,248,200,104,1670,364,212,115,613,178,354,154,259,122,15996,417,3086,437,12910,507
2019-2023,Wyoming,Big Horn County,0500000US56003,11737,0,4357,179,521,114,244,85,277,85,3836,179,60547,4531,56,003,5110,207,359,113,311,95,4440,259,3909,224,240,79,515,130,64,46,28,35,0,20,165,59,8,9,54,45,1,3,439,117,46,39,213,74,122,57,91,44,4144,182,399,102,3745,182
2019-2023,Wyoming,Campbell County,0500000US56005,47018,0,17879,393,1809,394,914,279,895,289,16070,559,95253,6736,56,005,23774,708,1220,375,997,308,21557,875,18450,816,747,263,3100,580,228,157,187,109,0,27,428,234,55,63,334,214,48,58,1275,355,142,203,467,170,274,115,193,141,17412,439,1535,359,15877,569
2019-2023,Wyoming,Carbon County,0500000US56007,14549,0,5885,238,775,179,361,114,414,142,5110,255,66721,5052,56,007,6072,350,397,125,428,145,5247,356,4627,304,285,117,750,203,55,42,0,20,0,20,131,70,16,24,109,57,0,20,455,143,41,35,372,114,202,83,170,80,5513,248,573,161,4940,258
2019-2023,Wyoming,Converse County,0500000US56009,13759,0,5707,202,587,161,282,105,305,135,5120,226,79164,6229,56,009,6532,365,275,99,378,142,5879,390,4703,394,154,74,748,196,59,39,223,121,0,20,301,141,19,29,121,78,43,56,436,166,0,20,350,119,237,101,113,65,5357,219,350,139,5007,239
2019-2023,Wyoming,Crook County,0500000US56011,7339,0,2891,185,261,104,66,40,195,86,2630,165,71209,3013,56,011,3500,254,174,80,138,94,3188,241,2445,281,72,59,370,146,26,31,22,31,0,18,118,70,3,5,61,51,22,26,484,181,51,57,11,18,0,18,11,18,2880,188,261,104,2619,168
2019-2023,Wyoming,Fremont County,0500000US56013,39472,0,14810,258,1808,228,751,143,1057,171,13002,313,64646,2796,56,013,16387,533,883,154,1014,205,14490,515,12479,554,611,139,1350,169,16,16,73,41,26,26,618,167,98,52,370,106,10,15,1497,211,122,57,1141,183,638,139,503,118,13669,321,1170,190,12499,336
2019-2023,Wyoming,Goshen County,0500000US56015,12587,0,5053,172,713,153,265,99,448,140,4340,182,64882,4524,56,015,5438,245,437,135,250,107,4751,291,3844,287,230,91,523,150,136,81,0,20,0,20,247,119,9,12,183,86,25,36,641,211,37,39,422,148,260,120,162,70,4631,207,453,119,4178,203
2019-2023,Wyoming,Hot Springs County,0500000US56017,4618,0,2079,144,217,88,92,57,125,63,1862,175,64375,11417,56,017,2005,166,140,89,187,93,1678,197,1468,236,83,63,176,89,52,59,0,13,0,13,59,35,0,13,30,32,0,13,272,125,5,7,168,64,27,15,141,61,1911,149,190,86,1721,181
2019-2023,Wyoming,Johnson County,0500000US56019,8602,0,3919,148,480,161,189,90,291,148,3439,186,63905,3471,56,019,3992,297,294,140,117,77,3581,330,2772,338,123,75,222,99,18,28,23,28,0,18,230,105,2,4,25,29,0,18,720,210,151,113,62,51,8,13,54,49,3857,148,472,161,3385,188
2019-2023,Wyoming,Laramie County,0500000US56021,100661,0,42503,471,4274,552,1702,351,2572,408,38229,653,77884,2917,56,021,49948,934,2314,471,2104,437,45530,1033,40033,1066,1526,379,4579,611,386,177,133,104,7,9,438,147,108,75,574,148,64,53,4191,516,223,103,2318,384,1149,266,1169,296,40185,507,3125,486,37060,618
2019-2023,Wyoming,Lincoln County,0500000US56023,20158,0,7872,282,677,202,373,141,304,151,7195,319,86092,1970,56,023,9622,367,417,153,353,146,8852,437,6727,458,284,132,1308,295,41,31,44,39,0,24,287,104,0,24,288,169,0,24,968,272,92,63,291,140,213,131,78,46,7581,301,464,150,7117,328
2019-2023,Wyoming,Natrona County,0500000US56025,79735,0,33285,453,3444,462,1430,355,2014,406,29841,583,71247,1848,56,025,39623,853,2543,467,2422,473,34658,1074,31410,1043,1657,399,3287,430,261,136,275,134,80,67,615,209,220,128,388,136,35,34,3648,564,290,206,1975,345,1204,303,771,183,31310,527,2240,367,29070,585
2019-2023,Wyoming,Niobrara County,0500000US56027,2415,0,1141,90,203,79,95,54,108,57,938,119,48987,10794,56,027,1048,132,68,49,100,59,880,147,786,109,45,42,49,34,15,20,0,13,0,13,56,50,8,11,0,13,0,13,157,57,0,13,74,54,69,54,5,7,1067,104,134,60,933,118
2019-2023,Wyoming,Park County,0500000US56029,30109,0,13179,295,1065,251,638,226,427,145,12114,355,70533,4963,56,029,13976,709,702,219,888,256,12386,765,10646,683,457,175,1169,269,115,76,11,13,4,5,645,185,50,34,115,67,0,27,1390,313,76,79,505,170,327,146,178,96,12674,323,738,193,11936,358
2019-2023,Wyoming,Platte County,0500000US56031,8606,0,3877,192,464,181,134,74,330,166,3413,225,66299,4747,56,031,3595,287,274,174,290,143,3031,338,2817,268,237,170,370,177,0,18,7,11,0,18,121,93,22,33,25,25,15,20,255,104,0,18,321,120,38,27,283,117,3556,168,426,181,3130,212
2019-2023,Wyoming,Sheridan County,0500000US56033,31585,0,13515,382,1709,360,373,143,1336,324,11806,495,70855,6422,56,033,15022,548,608,193,634,232,13780,577,12324,619,508,195,1105,219,33,35,3,5,0,27,326,124,7,8,149,107,27,33,1115,223,33,37,445,156,236,130,209,114,13070,417,1473,339,11597,501
2019-2023,Wyoming,Sublette County,0500000US56035,8806,0,3719,250,316,116,161,79,155,89,3403,249,82791,11324,56,035,4251,296,239,111,92,62,3920,296,2828,269,192,105,591,228,21,27,0,18,0,18,157,99,11,31,95,80,5,10,580,224,10,14,33,21,13,15,20,17,3686,250,303,112,3383,247
2019-2023,Wyoming,Sweetwater County,0500000US56037,41786,0,16863,361,2211,420,1186,314,1025,266,14652,458,76464,6349,56,037,20050,642,1434,384,1079,283,17537,696,15923,714,1134,359,2597,376,203,130,475,177,3,11,324,144,27,39,180,131,11,17,551,148,56,48,1272,311,802,279,470,130,15591,431,1409,314,14182,470
2019-2023,Wyoming,Teton County,0500000US56039,23358,0,9383,451,563,228,201,121,362,189,8820,466,112681,7222,56,039,14315,442,887,252,530,207,12898,515,8971,627,453,209,1074,397,38,41,307,165,42,70,1345,380,144,71,582,217,49,73,2036,355,161,128,110,92,35,44,75,80,9273,447,528,215,8745,461
2019-2023,Wyoming,Uinta County,0500000US56041,20605,0,7479,316,617,179,210,112,407,144,6862,338,82672,6666,56,041,9537,414,543,222,615,245,8379,500,7497,457,325,155,1056,262,53,37,91,53,23,25,247,133,4,7,45,46,0,24,601,202,138,145,446,162,168,106,278,113,7033,328,449,153,6584,341
2019-2023,Wyoming,Washakie County,0500000US56043,7708,0,3417,140,345,106,104,47,241,103,3072,153,62648,3564,56,043,3797,188,141,80,381,111,3275,192,2856,239,112,75,312,126,0,18,1,3,0,18,198,78,18,23,115,67,11,12,315,170,0,18,170,78,100,70,70,44,3247,147,245,81,3002,159
2019-2023,Wyoming,Weston County,0500000US56045,6835,0,2754,202,331,132,220,127,111,59,2423,218,87545,13185,56,045,3076,317,164,94,160,110,2752,351,2093,316,99,68,412,158,6,12,182,95,0,18,184,86,13,18,47,61,0,18,158,91,46,54,111,78,20,38,91,60,2643,189,311,119,2332,219
2019-2023,Puerto Rico,Adjuntas Municipio,0500000US72001,17975,0,5912,257,3568,284,2370,309,1198,193,2344,254,18605,1249,72,001,4897,397,1834,335,1114,334,1949,408,4015,360,1539,322,134,109,40,39,0,24,0,24,328,126,125,71,150,96,38,37,270,148,92,77,3463,274,2745,266,718,178,2449,252,823,155,1626,232
2019-2023,Puerto Rico,Aguada Municipio,0500000US72003,37904,0,12652,510,6219,558,3572,456,2647,361,6433,505,21694,1921,72,003,11599,818,3415,594,2354,528,5830,798,8537,811,2469,441,1456,345,523,237,115,152,18,30,232,162,80,74,62,57,19,29,1197,332,306,187,7176,529,5071,506,2105,309,5476,489,1148,224,4328,473
2019-2023,Puerto Rico,Aguadilla Municipio,0500000US72005,54486,0,21639,671,10778,603,6275,474,4503,427,10861,620,19826,1370,72,005,14633,936,3507,491,2724,479,8402,802,12711,955,3058,472,529,202,150,95,6,9,0,35,304,149,162,106,147,78,37,42,936,272,100,68,11133,624,8372,513,2761,365,10506,652,2406,371,8100,573
2019-2023,Puerto Rico,Aguas Buenas Municipio,0500000US72007,23888,0,8804,422,4200,446,2744,387,1456,299,4604,450,22361,2086,72,007,8395,571,1796,410,1991,597,4608,670,7330,627,1418,362,495,292,232,161,44,76,0,28,165,129,34,52,77,96,77,96,284,185,35,56,5481,403,3487,408,1994,316,3323,428,713,194,2610,394
2019-2023,Puerto Rico,Aibonito Municipio,0500000US72009,24610,0,9415,371,4589,419,2264,326,2325,325,4826,426,21714,1921,72,009,7293,561,1889,379,1548,431,3856,533,6665,567,1635,350,165,130,13,22,0,28,0,28,180,160,139,163,0,28,0,28,283,140,102,74,4946,414,3688,402,1258,255,4469,396,901,183,3568,353
2019-2023,Puerto Rico,Añasco Municipio,0500000US72011,25316,0,8835,447,4336,419,2421,293,1915,316,4499,422,23591,1583,72,011,8982,572,2573,469,1072,315,5337,764,7090,576,1947,448,1162,356,309,170,0,28,0,28,210,108,82,66,114,98,37,51,406,207,198,134,4971,439,3441,372,1530,292,3864,407,895,216,2969,378
2019-2023,Puerto Rico,Arecibo Municipio,0500000US72013,86875,0,32053,809,14750,753,8153,548,6597,616,17303,815,23175,1035,72,013,24958,1085,5737,660,5166,799,14055,971,21616,1163,4810,640,1430,398,605,310,77,57,13,20,327,184,109,80,200,108,0,35,1308,309,200,114,17147,807,11690,728,5457,584,14906,786,3060,351,11846,659
2019-2023,Puerto Rico,Arroyo Municipio,0500000US72015,15573,0,6364,406,3479,403,2194,345,1285,251,2885,368,18931,2115,72,015,4326,553,1396,302,483,208,2447,512,3786,576,1072,250,351,157,202,118,0,24,0,24,49,55,0,24,121,128,121,128,19,23,1,2,3803,436,2925,387,878,214,2561,352,554,152,2007,336
2019-2023,Puerto Rico,Barceloneta Municipio,0500000US72017,22565,0,8547,527,4038,487,2762,403,1276,312,4509,441,21750,2541,72,017,6806,651,1499,384,988,300,4319,568,6072,631,1286,356,293,186,56,61,23,42,0,28,99,110,40,61,0,28,0,28,319,141,117,89,4954,531,3285,419,1669,348,3593,432,753,234,2840,415
2019-2023,Puerto Rico,Barranquitas Municipio,0500000US72019,28984,0,9521,517,4853,468,3305,421,1548,288,4668,436,22167,2294,72,019,8673,707,2461,487,2303,540,3909,667,7104,739,2036,464,911,291,316,144,0,28,0,28,373,198,58,64,0,28,0,28,285,201,51,41,5785,500,3922,461,1863,325,3736,446,931,263,2805,373
2019-2023,Puerto Rico,Bayamón Municipio,0500000US72021,183456,0,71416,985,25898,1095,14286,766,11612,805,45518,1017,30729,949,72,021,68110,1352,11913,920,9982,871,46215,1771,52707,1415,8510,789,7578,704,1508,346,973,221,136,107,1139,228,526,208,1164,268,374,146,4549,554,859,228,26221,948,16929,878,9292,605,45195,989,8969,566,36226,952
2019-2023,Puerto Rico,Cabo Rojo Municipio,0500000US72023,46955,0,18172,719,7467,601,4062,465,3405,507,10705,634,25720,1363,72,023,15456,829,3385,532,3357,841,8714,869,12966,894,2674,477,1088,342,219,124,113,107,80,95,355,244,148,140,29,47,0,32,905,230,264,143,8252,619,5377,455,2875,429,9920,645,2090,359,7830,563
2019-2023,Puerto Rico,Caguas Municipio,0500000US72025,126239,0,50488,1076,19866,973,11293,760,8573,674,30622,970,30113,1179,72,025,46524,1442,8894,820,6217,799,31413,1428,36754,1522,6608,761,4324,728,890,261,225,122,6,9,822,275,393,166,1412,324,508,235,2987,697,489,191,21565,1094,14634,953,6931,632,28923,1245,5232,603,23691,1069
2019-2023,Puerto Rico,Camuy Municipio,0500000US72027,32753,0,11814,477,5145,402,3049,376,2096,321,6669,496,26094,1977,72,027,11588,677,2649,460,2081,521,6858,715,10689,736,2450,445,282,156,66,61,13,22,0,32,102,119,32,40,0,32,0,32,502,219,101,73,6672,501,4373,438,2299,355,5142,534,772,209,4370,463
2019-2023,Puerto Rico,Canóvanas Municipio,0500000US72029,42037,0,15235,507,5836,499,3315,442,2521,305,9399,600,27278,2369,72,029,15176,722,2454,431,2926,502,9796,836,12902,772,2043,391,1051,317,259,183,14,23,0,32,157,93,81,61,32,38,0,32,1020,237,71,75,7864,590,4646,457,3218,454,7371,562,1190,239,6181,582
2019-2023,Puerto Rico,Carolina Municipio,0500000US72031,153226,0,62428,1254,18810,941,10273,692,8537,684,43618,1391,35126,1376,72,031,58155,1337,8375,784,8505,919,41275,1757,46768,1308,6654,700,4585,625,571,229,522,201,162,103,750,225,265,148,533,220,98,100,4997,574,625,241,20817,976,12027,840,8790,713,41611,1354,6783,639,34828,1239
2019-2023,Puerto Rico,Cataño Municipio,0500000US72033,22768,0,8998,338,4152,358,2541,307,1611,222,4846,361,24307,2045,72,033,7504,480,1491,299,1244,301,4769,450,6307,500,1254,282,427,141,82,54,66,51,12,17,110,83,49,56,162,99,50,47,432,194,44,51,4372,332,3389,309,983,219,4626,324,763,174,3863,292
2019-2023,Puerto Rico,Cayey Municipio,0500000US72035,41231,0,16534,553,6960,495,3492,391,3468,400,9574,543,28461,2227,72,035,14409,691,3259,438,2682,495,8468,755,13367,687,2901,433,399,160,135,89,58,71,48,69,341,166,133,98,234,143,32,37,10,15,10,15,7395,501,4988,466,2407,300,9139,526,1972,279,7167,537
2019-2023,Puerto Rico,Ceiba Municipio,0500000US72037,11128,0,4100,289,1677,229,1048,180,629,163,2423,287,23204,3211,72,037,3633,379,980,264,960,284,1693,365,3063,342,765,204,214,146,89,110,59,65,0,24,116,108,76,98,70,75,32,52,111,91,18,21,2081,261,1257,203,824,196,2019,279,420,121,1599,256
2019-2023,Puerto Rico,Ciales Municipio,0500000US72039,16874,0,5631,350,3215,324,2238,266,977,208,2416,297,20614,2021,72,039,4033,458,1553,304,848,291,1632,388,3419,449,1266,286,306,197,180,139,13,22,0,24,106,86,39,46,61,73,30,49,128,105,38,43,4013,344,2828,311,1185,210,1618,244,387,141,1231,235
2019-2023,Puerto Rico,Cidra Municipio,0500000US72041,39765,0,14556,422,5582,501,3385,408,2197,307,8974,433,27149,1736,72,041,13462,723,2532,458,2809,559,8121,803,12451,732,2188,418,539,234,139,138,40,64,40,64,235,135,77,74,66,74,33,54,131,87,55,63,7405,461,4232,417,3173,368,7151,424,1350,284,5801,425
2019-2023,Puerto Rico,Coamo Municipio,0500000US72043,34294,0,13006,529,6846,575,3738,418,3108,433,6160,515,20797,2213,72,043,10650,673,3916,707,1922,563,4812,753,9510,652,3318,604,246,117,67,59,0,32,0,32,403,194,263,179,0,32,0,32,491,210,268,172,7451,554,5477,542,1974,337,5555,411,1369,222,4186,407
2019-2023,Puerto Rico,Comerío Municipio,0500000US72045,18775,0,5612,326,3100,366,1921,309,1179,251,2512,297,17254,2257,72,045,5340,617,1498,403,1168,401,2674,507,4900,583,1332,392,193,125,24,30,46,51,14,23,67,79,7,11,56,65,56,65,78,63,65,60,3518,324,2461,311,1057,219,2094,267,639,159,1455,257
2019-2023,Puerto Rico,Corozal Municipio,0500000US72047,34474,0,10902,544,5332,537,3580,538,1752,322,5570,569,23933,2931,72,047,11014,764,2574,529,1599,440,6841,879,9914,796,2201,496,499,218,129,110,49,57,0,32,221,139,149,110,215,130,93,67,116,83,2,4,6351,567,4289,482,2062,393,4551,476,1043,264,3508,499
2019-2023,Puerto Rico,Culebra Municipio,0500000US72049,1281,0,428,69,126,45,19,16,107,42,302,72,27614,4316,72,049,648,122,82,34,219,73,347,106,468,99,55,29,96,56,9,14,13,16,7,12,20,18,5,10,19,22,0,15,32,29,6,10,136,44,62,34,74,32,292,62,64,36,228,62
2019-2023,Puerto Rico,Dorado Municipio,0500000US72051,35816,0,12074,539,3995,478,2113,390,1882,333,8079,568,33388,3041,72,051,12736,642,1777,494,1661,472,9298,844,9993,778,1438,481,1003,375,84,76,10,19,0,32,218,108,40,49,29,36,0,32,1483,525,215,142,4488,519,3006,419,1482,335,7586,540,989,248,6597,528
2019-2023,Puerto Rico,Fajardo Municipio,0500000US72053,31756,0,12863,529,5561,497,3446,362,2115,355,7302,517,25170,2194,72,053,10449,542,2429,369,2151,426,5869,488,8548,561,2084,336,506,225,48,41,52,47,14,20,180,112,74,59,386,183,80,63,777,291,129,113,5894,501,4051,480,1843,287,6969,535,1510,251,5459,476
2019-2023,Puerto Rico,Florida Municipio,0500000US72054,11624,0,4515,338,2217,340,1622,301,595,223,2298,338,21213,2943,72,054,3458,407,878,288,828,328,1752,393,2904,395,631,234,249,160,134,139,12,22,0,24,147,106,59,68,88,83,54,75,58,72,0,24,3017,409,1960,333,1057,265,1498,333,257,133,1241,310
2019-2023,Puerto Rico,Guánica Municipio,0500000US72055,13266,0,5583,277,3537,252,2240,244,1297,231,2046,264,16210,1552,72,055,3224,292,1417,222,463,157,1344,290,2960,309,1250,239,24,25,20,24,0,24,0,24,88,53,88,53,9,15,9,15,143,80,50,58,3335,247,2788,251,547,144,2248,238,749,182,1499,222
2019-2023,Puerto Rico,Guayama Municipio,0500000US72057,35845,0,14965,551,7509,601,4231,529,3278,388,7456,605,20273,1913,72,057,9744,656,2381,485,1696,497,5667,711,8242,711,1898,431,963,346,391,239,0,32,0,32,133,74,44,53,0,32,0,32,406,207,48,49,8440,620,6065,525,2375,457,6525,492,1444,330,5081,503
2019-2023,Puerto Rico,Guayanilla Municipio,0500000US72059,17418,0,6342,319,3342,316,2084,270,1258,231,3000,240,21400,2518,72,059,4518,421,1349,300,988,242,2181,395,4156,408,1216,278,55,47,0,24,0,24,0,24,65,52,28,35,178,100,77,75,64,61,28,46,3781,320,2656,278,1125,189,2561,259,686,171,1875,229
2019-2023,Puerto Rico,Guaynabo Municipio,0500000US72061,89503,0,34856,902,9163,642,4531,515,4632,450,25693,837,46048,3042,72,061,36118,979,3488,495,3662,517,28968,1212,27917,1065,2378,403,3085,490,455,215,799,263,127,83,333,148,75,63,866,228,257,147,3118,496,196,116,8837,617,5847,520,2990,445,26019,813,3316,445,22703,774
2019-2023,Puerto Rico,Gurabo Municipio,0500000US72063,40383,0,15177,639,5015,482,3018,422,1997,307,10162,689,39532,3933,72,063,16504,860,2647,403,1948,396,11909,960,13215,860,2139,366,1359,393,191,109,0,32,0,32,417,273,191,152,348,180,89,72,1165,370,37,45,5471,533,3314,432,2157,391,9706,706,1701,427,8005,726
2019-2023,Puerto Rico,Hatillo Municipio,0500000US72065,38266,0,13283,606,5195,533,3288,442,1907,394,8088,632,28001,3596,72,065,13354,783,2875,509,2994,483,7485,826,12483,806,2527,497,63,48,0,32,0,32,0,32,74,83,74,83,49,62,49,62,685,231,225,127,6750,562,4286,486,2464,414,6533,536,909,260,5624,521
2019-2023,Puerto Rico,Hormigueros Municipio,0500000US72067,15520,0,6044,349,2415,305,1532,265,883,184,3629,300,24862,1470,72,067,5103,416,1229,287,1030,298,2844,540,4686,407,1160,285,273,105,42,44,8,14,8,14,25,33,19,29,0,24,0,24,111,75,0,24,2860,311,1885,259,975,222,3184,304,530,155,2654,282
2019-2023,Puerto Rico,Humacao Municipio,0500000US72069,50441,0,18813,771,7552,609,4131,485,3421,444,11261,780,26083,1600,72,069,15419,900,2970,447,2881,641,9568,869,13307,860,2344,423,875,327,229,133,0,35,0,35,342,197,134,122,53,54,21,34,842,237,242,153,8458,632,5658,528,2800,438,10355,684,1894,321,8461,666
2019-2023,Puerto Rico,Isabela Municipio,0500000US72071,42878,0,14640,611,7213,591,4295,471,2918,376,7427,579,20484,2181,72,071,12681,1008,3053,624,3078,761,6550,776,10793,993,2640,602,846,359,211,166,0,32,0,32,449,286,90,78,95,129,12,21,498,206,100,74,7204,547,5369,473,1835,323,7436,620,1844,359,5592,580
2019-2023,Puerto Rico,Jayuya Municipio,0500000US72073,14653,0,4876,432,2832,352,1799,273,1033,258,2044,313,18413,2950,72,073,3714,510,1519,365,771,315,1424,413,3159,538,1286,357,420,270,152,119,0,24,0,24,135,90,81,69,0,24,0,24,0,24,0,24,3198,318,2408,303,790,230,1678,337,424,158,1254,290
2019-2023,Puerto Rico,Juana Díaz Municipio,0500000US72075,46276,0,15712,547,7298,523,4209,442,3089,373,8414,481,23823,1684,72,075,14168,906,3063,492,3260,784,7845,819,12917,862,2737,447,297,178,0,32,54,86,0,32,272,141,111,111,116,75,37,47,512,246,178,123,8606,597,6093,499,2513,331,7106,546,1205,251,5901,507
2019-2023,Puerto Rico,Juncos Municipio,0500000US72077,36895,0,13422,578,5057,566,3046,419,2011,384,8365,644,28196,2858,72,077,14162,854,2140,558,2507,664,9515,1022,12996,798,1826,522,512,257,106,101,71,98,16,26,312,220,167,149,122,104,0,32,149,133,25,27,6987,645,4260,547,2727,504,6435,646,797,241,5638,585
2019-2023,Puerto Rico,Lajas Municipio,0500000US72079,23133,0,8236,537,4493,481,2718,406,1775,296,3743,404,18920,1678,72,079,6651,757,2122,460,1422,416,3107,638,5932,734,1811,427,279,164,112,123,50,63,0,28,151,137,125,133,0,28,0,28,239,120,74,60,4509,565,3425,503,1084,286,3727,468,1068,294,2659,344
2019-2023,Puerto Rico,Lares Municipio,0500000US72081,27944,0,10517,411,5986,397,4081,403,1905,278,4531,377,19323,1088,72,081,8283,605,3132,445,1660,346,3491,632,7096,577,2617,404,779,250,328,180,23,37,0,28,283,155,170,100,11,11,0,28,91,65,17,27,7055,467,5082,397,1973,294,3462,390,904,196,2558,361
2019-2023,Puerto Rico,Las Marías Municipio,0500000US72083,8790,0,2822,240,1644,226,963,203,681,149,1178,208,16170,2239,72,083,2469,298,663,238,785,337,1021,315,2283,304,652,238,139,135,0,21,0,21,0,21,29,37,10,18,0,21,0,21,18,30,1,5,1674,227,1359,221,315,113,1148,204,285,107,863,180
2019-2023,Puerto Rico,Las Piedras Municipio,0500000US72085,35034,0,12519,603,5462,577,2945,464,2517,394,7057,640,25697,3842,72,085,11141,853,1922,482,2012,540,7207,816,9897,749,1768,476,447,254,82,96,0,32,0,32,727,290,72,59,18,29,0,32,52,64,0,32,6713,498,4506,535,2207,363,5806,569,956,254,4850,560
2019-2023,Puerto Rico,Loíza Municipio,0500000US72087,23176,0,8730,350,4127,363,2542,311,1585,212,4603,322,22500,2788,72,087,7238,465,1526,321,1573,267,4139,500,6233,475,1248,283,344,142,60,65,38,43,17,27,245,129,110,64,90,45,51,36,288,115,40,40,5013,393,3558,365,1455,198,3717,303,569,146,3148,279
2019-2023,Puerto Rico,Luquillo Municipio,0500000US72089,17631,0,6738,397,2897,330,1655,280,1242,242,3841,374,23769,1907,72,089,5353,436,1453,299,1172,331,2728,432,4207,390,1131,269,413,184,31,34,26,42,0,24,161,95,81,71,281,147,136,110,265,121,74,48,3608,388,2440,299,1168,239,3130,379,457,170,2673,331
2019-2023,Puerto Rico,Manatí Municipio,0500000US72091,39152,0,14813,597,7368,504,3953,495,3415,411,7445,587,20352,1592,72,091,11169,769,2661,481,2042,458,6466,765,10007,740,2188,422,468,238,113,104,0,32,0,32,507,190,338,185,87,94,14,23,100,79,8,22,7015,585,5439,558,1576,278,7798,581,1929,315,5869,534
2019-2023,Puerto Rico,Maricao Municipio,0500000US72093,5176,0,1809,184,899,161,578,120,321,106,910,159,20541,3141,72,093,1329,226,371,127,321,145,637,219,1163,238,363,128,84,69,7,11,0,21,0,21,51,55,0,21,0,21,0,21,31,48,1,5,1001,169,681,136,320,114,808,135,218,96,590,130
2019-2023,Puerto Rico,Maunabo Municipio,0500000US72095,10482,0,3985,292,2098,288,1385,253,713,211,1887,287,19363,3150,72,095,2539,369,866,283,504,212,1169,274,2274,356,764,255,60,62,15,25,34,40,17,30,143,112,42,60,28,44,28,44,0,24,0,24,2073,304,1568,267,505,190,1912,283,530,191,1382,251
2019-2023,Puerto Rico,Mayagüez Municipio,0500000US72097,71824,0,29407,857,16187,823,7641,670,8546,643,13220,533,17963,892,72,097,19665,861,6476,713,3939,630,9250,848,16797,795,5516,542,1128,307,296,176,194,102,108,74,668,285,414,266,106,60,33,31,772,213,109,68,15346,790,11841,670,3505,413,14061,612,4346,437,9715,528
2019-2023,Puerto Rico,Moca Municipio,0500000US72099,37402,0,13250,569,6726,507,4391,509,2335,415,6524,533,21415,3063,72,099,11003,807,2607,388,1542,358,6854,773,9373,751,2216,386,341,158,33,45,61,68,30,45,403,253,54,72,132,140,0,32,693,239,274,185,7457,567,5368,487,2089,324,5793,516,1358,291,4435,465
2019-2023,Puerto Rico,Morovis Municipio,0500000US72101,28534,0,10026,456,5047,450,3212,425,1835,282,4979,466,23010,2034,72,101,9078,509,2455,414,1658,355,4965,637,8139,508,2088,385,461,218,114,94,42,51,12,19,240,132,127,98,76,73,56,63,120,85,58,57,6096,469,4223,450,1873,371,3930,471,824,210,3106,426
2019-2023,Puerto Rico,Naguabo Municipio,0500000US72103,23205,0,8217,553,3687,533,2421,459,1266,287,4530,485,21416,1867,72,103,7212,682,1503,415,3116,734,2593,576,6362,708,1346,442,236,164,77,100,110,125,0,28,259,150,0,28,0,28,0,28,245,152,80,75,4339,564,3007,464,1332,345,3878,479,680,259,3198,445
2019-2023,Puerto Rico,Naranjito Municipio,0500000US72105,29246,0,8866,429,4532,526,2808,455,1724,310,4334,498,21399,1744,72,105,8632,865,1772,466,1971,667,4889,961,7667,901,1594,445,518,274,130,130,19,31,0,28,118,133,9,15,39,47,21,36,271,182,18,28,5036,409,3531,469,1505,312,3830,452,1001,306,2829,391
2019-2023,Puerto Rico,Orocovis Municipio,0500000US72107,21351,0,6839,343,3906,386,2269,292,1637,240,2933,308,19062,1962,72,107,5724,470,1618,304,1718,358,2388,398,4676,478,1197,293,424,168,279,132,117,95,13,23,354,198,109,68,0,28,0,28,153,115,20,32,4272,402,3322,381,950,176,2567,300,584,144,1983,265
2019-2023,Puerto Rico,Patillas Municipio,0500000US72109,15753,0,6012,403,3056,333,1846,266,1210,235,2956,344,23422,2539,72,109,4013,429,1160,280,1112,265,1741,368,3225,423,964,258,244,124,70,74,68,64,27,42,448,197,78,93,0,24,0,24,28,31,21,29,3320,419,2380,362,940,227,2692,324,676,197,2016,277
2019-2023,Puerto Rico,Peñuelas Municipio,0500000US72111,20082,0,6904,321,3545,346,2336,290,1209,221,3359,378,20959,1805,72,111,6279,475,1939,378,1398,329,2942,455,5588,478,1672,361,118,107,0,28,19,31,19,31,67,46,9,13,321,153,139,101,166,123,100,109,4086,377,2911,338,1175,251,2818,346,634,172,2184,311
2019-2023,Puerto Rico,Ponce Municipio,0500000US72113,134676,0,53587,1010,28240,957,15816,814,12424,776,25347,918,18827,870,72,113,37182,1219,10309,763,5826,657,21047,1120,31771,1189,8539,716,2437,402,848,251,100,64,24,30,601,187,335,140,509,199,150,87,1764,365,413,144,29404,1029,22653,919,6751,583,24183,910,5587,481,18596,894
2019-2023,Puerto Rico,Quebradillas Municipio,0500000US72115,23486,0,8167,526,3880,478,2406,385,1474,325,4287,474,23624,2795,72,115,7096,537,2229,421,1538,473,3329,629,6159,563,1939,436,19,31,0,28,88,146,0,28,0,28,0,28,20,33,0,28,810,307,290,155,4636,514,3057,423,1579,334,3531,473,823,261,2708,436
2019-2023,Puerto Rico,Rincón Municipio,0500000US72117,15276,0,5585,385,2390,310,1387,296,1003,185,3195,337,25223,3960,72,117,5256,368,1362,333,936,273,2958,510,3472,373,638,261,846,243,289,163,146,146,84,123,243,147,191,137,54,61,54,61,495,180,106,66,2510,349,1800,292,710,177,3075,351,590,171,2485,331
2019-2023,Puerto Rico,Río Grande Municipio,0500000US72119,46478,0,16396,589,6571,504,3915,458,2656,331,9825,594,26745,1589,72,119,16178,913,2877,474,3317,643,9984,924,13329,920,2397,424,911,292,86,55,24,37,24,37,267,133,90,63,552,243,37,37,1095,272,243,144,8064,520,5321,449,2743,374,8332,558,1250,257,7082,537
2019-2023,Puerto Rico,Sabana Grande Municipio,0500000US72121,22541,0,7414,418,3596,329,1882,266,1714,299,3818,336,20564,1399,72,121,6757,516,1519,337,1600,392,3638,636,5970,556,1312,332,292,141,68,62,83,79,0,28,174,104,53,58,108,83,0,28,130,77,86,62,3170,347,2355,310,815,199,4244,383,1241,228,3003,319
2019-2023,Puerto Rico,Salinas Municipio,0500000US72123,25397,0,10030,445,4821,424,2815,334,2006,321,5209,423,21611,1505,72,123,7587,560,2108,436,1582,400,3897,541,6743,527,1818,410,262,115,74,60,0,28,0,28,57,42,22,26,89,79,27,32,436,212,167,117,5407,430,3936,411,1471,254,4623,445,885,246,3738,401
2019-2023,Puerto Rico,San Germán Municipio,0500000US72125,31514,0,11549,637,6347,600,3047,402,3300,404,5202,489,17921,1775,72,125,7713,729,2391,568,1666,554,3656,604,6751,696,2012,502,426,282,277,264,9,14,0,32,166,89,91,69,35,46,0,32,326,178,11,18,6217,578,4982,537,1235,293,5332,452,1365,316,3967,363
2019-2023,Puerto Rico,San Juan Municipio,0500000US72127,338661,0,147795,1965,59755,1666,27657,1117,32098,1475,88040,2030,26981,877,72,127,127524,2213,26397,1332,16989,1192,84138,2459,94121,2294,16502,1068,8776,796,1530,348,4784,563,2367,378,5822,686,2507,478,4682,625,1932,333,9339,853,1559,360,51670,1424,39066,1366,12604,753,96125,2046,20689,1306,75436,1872
2019-2023,Puerto Rico,San Lorenzo Municipio,0500000US72129,37515,0,13940,517,7087,552,3830,447,3257,409,6853,471,21320,2165,72,129,11782,731,3354,483,2899,548,5529,812,10059,842,2614,430,798,308,221,134,46,57,13,21,822,285,480,221,47,48,26,41,10,16,0,32,7873,620,5773,613,2100,351,6067,499,1314,310,4753,394
2019-2023,Puerto Rico,San Sebastián Municipio,0500000US72131,39168,0,14238,610,7957,606,4568,522,3389,459,6281,542,17834,1873,72,131,11015,670,3432,561,2356,506,5227,889,9000,660,2630,532,1042,289,450,196,0,32,0,32,550,246,205,129,76,102,66,101,347,269,81,77,8724,598,6535,553,2189,374,5514,561,1422,296,4092,499
2019-2023,Puerto Rico,Santa Isabel Municipio,0500000US72133,20064,0,7430,382,3560,396,1971,322,1589,261,3870,362,23197,1947,72,133,7045,423,2049,383,1292,346,3704,530,6185,486,1667,357,417,239,218,197,0,28,0,28,92,68,73,67,63,59,0,28,288,124,91,67,3729,419,2623,381,1106,210,3701,399,937,237,2764,340
2019-2023,Puerto Rico,Toa Alta Municipio,0500000US72135,66536,0,23111,651,8399,626,5415,555,2984,400,14712,684,33349,2264,72,135,26915,1005,4333,669,3239,554,19343,1214,23081,1043,3576,605,1964,423,356,221,55,50,0,35,106,83,29,33,578,268,147,128,1131,322,225,126,8046,669,5090,567,2956,392,15065,690,3309,400,11756,647
2019-2023,Puerto Rico,Toa Baja Municipio,0500000US72137,73987,0,28988,792,10323,722,5819,535,4504,475,18665,826,29648,1562,72,137,28990,901,4839,509,5405,689,18746,1020,21047,880,3055,385,3072,395,627,200,242,117,67,46,362,142,100,83,1834,368,600,192,2433,373,390,143,11458,633,7195,637,4263,397,17530,831,3128,366,14402,823
2019-2023,Puerto Rico,Trujillo Alto Municipio,0500000US72139,67329,0,26133,680,7885,771,4412,620,3473,555,18248,977,38773,2589,72,139,29346,899,5023,807,3287,620,21036,1272,23846,1001,4094,785,3134,671,314,163,84,75,23,37,205,135,67,62,279,157,102,112,1798,460,423,247,8840,783,5025,604,3815,587,17293,924,2860,523,14433,1013
2019-2023,Puerto Rico,Utuado Municipio,0500000US72141,27896,0,10541,488,6012,445,3429,390,2583,307,4529,430,17624,1547,72,141,6760,585,2044,402,1415,342,3301,618,6060,585,1783,350,166,97,47,52,71,109,71,109,218,109,86,77,0,28,0,28,245,113,57,48,6420,490,4736,434,1684,289,4121,389,1276,231,2845,352
2019-2023,Puerto Rico,Vega Alta Municipio,0500000US72143,35114,0,13365,469,5698,478,3832,446,1866,316,7667,500,25235,1745,72,143,11582,835,2506,467,1980,482,7096,770,9400,771,1828,387,736,243,220,133,40,63,0,32,367,201,112,86,258,177,145,134,781,266,201,143,6600,487,4452,429,2148,326,6765,540,1246,263,5519,525
2019-2023,Puerto Rico,Vega Baja Municipio,0500000US72145,54058,0,20482,683,9192,538,5082,511,4110,385,11290,605,23877,1367,72,145,17070,811,4104,496,2811,497,10155,822,15668,803,3670,489,326,145,147,104,41,67,41,67,573,250,197,137,61,59,19,29,401,268,30,37,9443,700,6661,589,2782,407,11039,734,2531,354,8508,624
2019-2023,Puerto Rico,Vieques Municipio,0500000US72147,8147,0,2663,280,1378,266,803,261,575,231,1285,278,17531,2804,72,147,2368,464,931,380,702,298,735,354,1362,425,569,310,63,62,11,18,31,47,31,47,177,197,13,23,22,39,22,39,713,369,285,268,1391,260,933,242,458,164,1272,266,445,183,827,249
2019-2023,Puerto Rico,Villalba Municipio,0500000US72149,21778,0,7587,392,3365,367,2197,330,1168,199,4222,375,24882,3155,72,149,6559,504,1339,256,1520,384,3700,517,5884,545,1081,252,403,180,122,104,52,38,24,29,164,113,112,84,26,42,0,28,30,48,0,28,4643,342,2905,351,1738,246,2944,324,460,156,2484,304
2019-2023,Puerto Rico,Yabucoa Municipio,0500000US72151,29868,0,11760,553,6025,553,3523,412,2502,354,5735,461,21279,1791,72,151,8103,590,2454,415,1697,341,3952,614,7442,652,2248,411,377,177,130,93,0,28,0,28,281,112,76,55,0,28,0,28,3,7,0,28,7456,550,5242,517,2214,310,4304,420,783,179,3521,386
2019-2023,Puerto Rico,Yauco Municipio,0500000US72153,33509,0,12565,514,6276,430,3179,372,3097,370,6289,423,21918,2014,72,153,10075,568,2248,352,2125,404,5702,588,9147,644,2041,346,279,143,66,51,26,30,0,32,160,108,18,21,89,64,14,17,374,148,109,68,5972,424,4511,386,1461,266,6593,422,1765,250,4828,400
